v 0.005195974837988615 0.02433300018310547 -0.022852949798107147
v 0.0055119991302490234 0.024988939985632896 -0.022230980917811394
v 0.05055999010801315 0.022693989798426628 0.029168959707021713
v 0.05009996145963669 0.022823980078101158 0.029796000570058823
v 0.017755979672074318 0.026968950405716896 0.005200982093811035
v 0.017525969073176384 0.026371000334620476 0.005461989901959896
v -0.011709979735314846 0.02144199050962925 -0.0018629430560395122
v -0.010537980124354362 0.021942969411611557 -0.003835975890979171
v 0.041587941348552704 0.021842949092388153 0.015869969502091408
v 0.041587941348552704 0.02466594986617565 0.0109819695353508
v 0.013952969573438168 0.023894960060715675 -0.021887950599193573
v 0.013449960388243198 0.02399097941815853 -0.022180970758199692
v -0.017035959288477898 0.02276396006345749 0.027201950550079346
v 0.012233969755470753 0.022774990648031235 0.026738999411463737
v 0.022086970508098602 0.022350959479808807 0.016568949446082115
v 0.02201795019209385 0.0217889491468668 0.01719498075544834
v 0.026375940069556236 -0.03815494850277901 0.00888895895332098
v 0.027372950688004494 -0.03815494850277901 0.005817948840558529
v 0.015622969716787338 -0.03815494850277901 0.023050960153341293
v 0.018725989386439323 -0.03815494850277901 0.02079695090651512
v 0.015622969716787338 -0.03815494850277901 -0.023050960153341293
v 0.013992959633469582 -0.03815494850277901 -0.024235960096120834
v 0.027668949216604233 -0.03815494850277901 0.0030099740251898766
v 0.03878295049071312 -0.03687595948576927 -0.007344961166381836
v 0.03862195834517479 -0.03694098815321922 -0.007008968852460384
v 0.022866960614919662 -0.0368499718606472 0.005418955814093351
v 0.023182980716228485 -0.0368499718606472 0.002709984080865979
v 0.0013569589937105775 -0.0368499718606472 -0.023301949724555016
v -0.001365958945825696 -0.0368499718606472 -0.023459969088435173
v 0.020209960639476776 -0.03815494850277901 0.019148999825119972
v 0.026375940069556236 -0.03815494850277901 -0.00888895895332098
v 0.02556598000228405 -0.03815494850277901 -0.011382989585399628
v 0.04546498879790306 -0.0395999513566494 0.007499991916120052
v 0.044999949634075165 -0.0395999513566494 0.004499970935285091
v -0.009244978427886963 -0.0368499718606472 -0.021431980654597282
v -0.01174998003989458 -0.0368499718606472 -0.02035200037062168
v 0.02349996007978916 -0.0368499718606472 0.0
v 0.023849960416555405 -0.03815494850277901 -0.014352969825267792
v 0.0385969802737236 -0.03714698180556297 -0.005548954010009766
v -0.018073970451951027 -0.03815494850277901 0.021269969642162323
v -0.018725989386439323 -0.03815494850277901 0.02079695090651512
v 0.015704980120062828 -0.046154968440532684 0.0231629591435194
v 0.020316949114203453 -0.046154968440532684 0.019244959577918053
v -0.013107949867844582 -0.046154968440532684 0.024724960327148438
v -0.01776099018752575 -0.04647593945264816 0.02145295962691307
v -0.022318949922919273 -0.04638998955488205 0.01703494042158127
v -0.027330990880727768 -0.046154968440532684 0.006015955936163664
v -0.027984969317913055 -0.046154968440532684 0.0
v 0.023978939279913902 -0.046154968440532684 0.01442794967442751
v 0.009505987167358398 -0.04084997996687889 -0.0220369603484869
v 0.004167973063886166 -0.04084997996687889 -0.02363497018814087
v 0.014265949837863445 0.024208959192037582 -0.021255970001220703
v 0.022029990330338478 0.024118000641465187 -0.007793962024152279
v 0.02201998047530651 0.025127939879894257 -0.008248983882367611
v 0.02674894966185093 0.021393949165940285 0.026462970301508904
v 0.02689296007156372 0.02170795015990734 0.02683698944747448
v -0.01149796973913908 0.020146960392594337 0.030254000797867775
v -0.010791949927806854 0.021127989515662193 0.02991293929517269
v 0.027448950335383415 0.021970979869365692 0.027142999693751335
v 0.01719498075544834 0.02287399023771286 -0.029787950217723846
v 0.016521990299224854 0.022850990295410156 -0.029240960255265236
v -0.01323097012937069 0.022028980776667595 0.010583990253508091
v -0.012876980006694794 0.021209949627518654 0.009782969020307064
v 0.01408499013632536 0.024027999490499496 -0.020299969241023064
v -0.012791990302503109 0.021183960139751434 0.006151974201202393
v -0.012432989664375782 0.021183960139751434 0.006847977172583342
v -0.015447969548404217 0.0270689707249403 0.013792989775538445
v -0.014057990163564682 0.021264970302581787 0.011504939757287502
v -0.011877000331878662 0.021528949961066246 0.007832944393157959
v -0.011716959998011589 0.022260960191488266 0.008746980689466
v 0.01876199059188366 0.023303980007767677 -0.02562898024916649
v 0.019130999222397804 0.023791959509253502 -0.02545594982802868
v -0.011925989761948586 0.02080398052930832 0.01120299007743597
v -0.010872960090637207 0.02129196934401989 0.009903967380523682
v 0.014624949544668198 0.021821970120072365 -0.005405962001532316
v 0.014789990149438381 0.02363497018814087 -0.0054139490239322186
v -0.01014493964612484 0.021397940814495087 0.008079946041107178
v 0.02574997954070568 0.023904969915747643 -0.02540397085249424
v 0.017524000257253647 0.026368970051407814 -0.005461989901959896
v 0.02206498011946678 0.028340989723801613 0.01125895045697689
v 0.022057950496673584 0.02765798009932041 0.012078999541699886
v 0.05099999159574509 0.023002980276942253 -0.028915999457240105
v 0.05055999010801315 0.022693989798426628 -0.029172949492931366
v 0.023205989971756935 0.020936960354447365 0.026499979197978973
v 0.024704990908503532 0.020542969927191734 0.02785794995725155
v -0.0173339806497097 0.022941939532756805 -0.025795990601181984
v -0.01691596955060959 0.02279393933713436 -0.025994950905442238
v -0.0113329803571105 0.022842999547719955 -3.999999989900971e-06
v -0.011168950237333775 0.022842999547719955 -0.00191998400259763
v -0.01011096965521574 0.020506970584392548 0.028607960790395737
v -0.010692950338125229 0.0207899808883667 0.029347950592637062
v 0.01322798989713192 0.02316999062895775 -0.021887950599193573
v 0.024868959560990334 0.022773979231715202 -0.027282949537038803
v 0.02488297037780285 0.023385999724268913 -0.026499979197978973
v 0.021698949858546257 0.021440979093313217 0.017544979229569435
v 0.019224999472498894 0.023864980787038803 0.017663000151515007
v 0.012344949878752232 0.022286949679255486 -0.01768898032605648
v 0.006240963004529476 0.028383970260620117 -0.01750998944044113
v 0.02205698937177658 0.02567397989332676 0.014046959578990936
v -0.016349969431757927 0.023198960348963737 0.022115999832749367
v -0.016048960387706757 0.023172970861196518 0.022588960826396942
v 0.024851970374584198 0.0205879807472229 0.026499979197978973
v 0.022086970508098602 0.026050979271531105 -0.013528999872505665
v 0.022058960050344467 0.027916960418224335 -0.011789970099925995
v 0.028499960899353027 0.022467970848083496 0.023868970572948456
v 0.028499960899353027 0.021245000883936882 0.02781498059630394
v 0.016024939715862274 0.020772989839315414 0.030738940462470055
v 0.016666939482092857 0.02097295969724655 0.03049498051404953
v 0.017232950776815414 0.026233969256281853 -0.017731960862874985
v 0.01678198017179966 0.026353949680924416 -0.01798498071730137
v 0.027758950367569923 0.021230990067124367 0.02779597043991089
v 0.002924978034570813 -0.03815494850277901 0.027831969782710075
v -0.0015149710234254599 -0.03815494850277901 0.027831969782710075
v 0.0195009708404541 -0.0368499718606472 -0.012825960293412209
v 0.018001969903707504 -0.0368499718606472 -0.015105959959328175
v 0.007425962947309017 0.022208979353308678 -0.019999980926513672
v 0.007575987838208675 0.02215396985411644 -0.019120989367365837
v 0.025299960747361183 0.026749959215521812 -0.016200000420212746
v 0.026466960087418556 0.026749959215521812 -0.016307950019836426
v 0.02013099007308483 0.022773979231715202 -0.027282949537038803
v 0.051283951848745346 0.02386396937072277 -0.02892695926129818
v 0.053499989211559296 0.02390897087752819 -0.028978999704122543
v 0.02532093971967697 0.02683299034833908 0.016334950923919678
v 0.025191960856318474 0.026749959215521812 0.015032939612865448
v 0.022051990032196045 0.02144699916243553 0.017209939658641815
v 0.02674799971282482 0.022351980209350586 0.02620995044708252
v -0.023341000080108643 -0.0368499718606472 0.002727984916418791
v -0.023341000080108643 -0.0368499718606472 0.0
v 0.040610961616039276 -0.0395999513566494 0.0
v 0.040863990783691406 -0.038654979318380356 0.0
v -0.023341000080108643 -0.0368499718606472 -0.002727984916418791
v -0.020857980474829674 -0.0368499718606472 0.010474969632923603
v -0.019633939489722252 -0.0368499718606472 0.012912980280816555
v 0.013992959633469582 -0.03815494850277901 0.024235960096120834
v -0.01787995919585228 -0.0368499718606472 0.015002960339188576
v 0.022639980539679527 -0.03815494850277901 0.0164489708840847
v 0.03905797004699707 -0.03684597834944725 -0.007491946220397949
v 0.027372950688004494 -0.03815494850277901 -0.005817948840558529
v 0.016017969697713852 -0.0368499718606472 -0.016977960243821144
v 0.021932950243353844 -0.0368499718606472 0.007982969284057617
v 0.02556598000228405 -0.03815494850277901 0.011382989585399628
v 0.027984969317913055 -0.03815494850277901 0.0
v 0.027668949216604233 -0.03815494850277901 -0.0030099740251898766
v -0.011712959967553616 0.022260960191488266 -0.008755980990827084
v -0.01187198981642723 0.021528949961066246 -0.007840991020202637
v -0.022278960794210434 -0.046154968440532684 -0.01693600043654442
v -0.025467989966273308 -0.046380989253520966 -0.011822990141808987
v 0.010357970371842384 -0.046154968440532684 0.02599697932600975
v 0.004626988898962736 -0.0465729795396328 0.02749698981642723
v -0.0019179580267518759 -0.04638998955488205 0.028010960668325424
v -0.027330990880727768 -0.046154968440532684 -0.006015955936163664
v 0.015704980120062828 -0.046154968440532684 -0.0231629591435194
v 0.02017097920179367 -0.04644494876265526 -0.019373949617147446
v 0.03849995136260986 -0.03924994915723801 0.0
v 0.016442950814962387 0.022841980680823326 -0.027864990755915642
v 0.025191960856318474 0.026749959215521812 -0.015032939612865448
v 0.015297940000891685 0.022890979424118996 -0.02912597917020321
v 0.01583397015929222 0.02235298976302147 -0.029591970145702362
v -0.015818949788808823 0.021908989176154137 0.024456970393657684
v -0.012239989824593067 0.022364970296621323 0.024495000019669533
v 0.03168797120451927 0.021932950243353844 -0.007982969284057617
v 0.03568797931075096 0.023352980613708496 -0.005534945987164974
v -0.013055980205535889 0.022186990827322006 -0.010401960462331772
v -0.013228950090706348 0.022026950493454933 -0.010594960302114487
v -0.010765960440039635 0.021012960001826286 0.0068409438244998455
v 0.026193970814347267 0.023868970572948456 -0.02546899951994419
v 0.0037769670598208904 0.024168960750102997 -0.02306199073791504
v -0.002797961002215743 0.024089990183711052 -0.02305798977613449
v 0.018364960327744484 0.02306097000837326 -0.02605294995009899
v 0.013458959758281708 0.024015959352254868 -0.01981895975768566
v -0.013390949927270412 0.021183960139751434 0.004704951774328947
v -0.016231000423431396 0.026054970920085907 0.01510494016110897
v 0.013094959780573845 0.023037970066070557 0.020299969241023064
v 0.01657496951520443 0.026650959625840187 0.018203970044851303
v 0.013952969573438168 0.023894960060715675 0.021887950599193573
v 0.013441969640552998 0.024017980322241783 0.02219098061323166
v 0.01322798989713192 0.02316999062895775 0.021887950599193573
v 0.02899998053908348 0.022897949442267418 0.016069939360022545
v 0.04058796167373657 0.022651970386505127 0.016457969322800636
v 0.05099999159574509 0.02360898070037365 -0.028617970645427704
v 0.040586940944194794 0.022651970386505127 -0.016457969322800636
v 0.04058796167373657 0.025578970089554787 -0.011388950049877167
v 0.01719396933913231 0.02615099959075451 0.017735950648784637
v 0.01405297964811325 0.02180599980056286 -0.005960940849035978
v 0.006539999973028898 0.02103698067367077 0.021845990791916847
v 0.0058099618181586266 0.020655980333685875 0.021360989660024643
v 0.013197950087487698 0.023140959441661835 -0.02625899948179722
v 0.026508979499340057 0.026812970638275146 0.016381969675421715
v 0.022086970508098602 0.026241950690746307 0.008745968341827393
v 0.012962990440428257 0.02290499024093151 -0.021511970087885857
v 0.022053949534893036 0.02426897920668125 -0.015267959795892239
v -0.01227795984596014 0.02087998017668724 0.011722980067133904
v 0.02715199999511242 0.022031959146261215 -0.008018969558179379
v 0.00624799681827426 0.021139970049262047 0.020980000495910645
v 0.01677696965634823 0.026358960196375847 0.017991000786423683
v 0.02713697962462902 0.026911970227956772 0.015312960371375084
v 0.05399996042251587 0.020700989291071892 0.021079950034618378
v 0.05399996042251587 0.02258496917784214 0.029432950541377068
v 0.05399996042251587 0.022529950365424156 -0.02899700030684471
v 0.05399996042251587 0.022543959319591522 -0.029378950595855713
v -0.017923949286341667 0.023867959156632423 0.02112697996199131
v -0.017908990383148193 0.024041950702667236 0.022210000082850456
v 0.00438499404117465 0.02419799007475376 -0.02303897961974144
v 0.02713697962462902 0.026911970227956772 -0.015311949886381626
v 0.02708696946501732 0.02173398993909359 -0.004883944056928158
v 0.028622979298233986 0.020696990191936493 0.01920396089553833
v -0.01649295911192894 0.02304995059967041 -0.02160399965941906
v -0.016226939857006073 0.023703990504145622 -0.019928989931941032
v -0.010509960353374481 0.021723980084061623 -0.004985988140106201
v -0.010537980124354362 0.021942969411611557 0.003836988937109709
v -0.011708970181643963 0.021201960742473602 0.0037079451140016317
v 0.04131798818707466 0.023182980716228485 0.011163939721882343
v 0.016921989619731903 0.022540979087352753 -0.027852950617671013
v 0.005814969073981047 0.02070694975554943 0.02019995078444481
v -0.017347989603877068 0.02261495031416416 0.02724999003112316
v 0.01118898019194603 0.021130969747900963 0.022534960880875587
v 0.00972598697990179 0.020566990599036217 0.02384096011519432
v 0.007424950134009123 0.0203859806060791 0.024761969223618507
v 0.007462977897375822 0.02042393945157528 0.026058970019221306
v -0.022711990401148796 -0.0368499718606472 -0.005382955074310303
v -0.007465958129614592 -0.03815494850277901 0.0268669705837965
v -0.002924978034570813 -0.03815494850277901 0.027831969782710075
v 0.00408095121383667 -0.0368499718606472 0.023142989724874496
v 0.006693958770483732 -0.0368499718606472 0.02236098051071167
v 0.014032949693500996 -0.0368499718606472 0.01884995959699154
v 0.016017969697713852 -0.0368499718606472 0.016977960243821144
v -0.02208298072218895 -0.0368499718606472 0.008036971092224121
v -0.022711990401148796 -0.0368499718606472 0.005382955074310303
v 0.04646598920226097 -0.03905098885297775 -0.001964986091479659
v 0.046499960124492645 -0.03926295042037964 0.0
v 0.0195009708404541 -0.0368499718606472 0.012825960293412209
v 0.020999960601329803 -0.0368499718606472 0.010546980425715446
v 0.020999960601329803 -0.0368499718606472 -0.010546980425715446
v 0.009307979606091976 -0.0368499718606472 0.021577950567007065
v 0.04502695053815842 -0.03814094886183739 -0.007499991916120052
v 0.04501098021864891 -0.03814994916319847 -0.006499946117401123
v -0.01199996005743742 -0.04084997996687889 -0.020784970372915268
v -0.006882965099066496 -0.04084997996687889 -0.022991949692368507
v 0.023849960416555405 -0.03815494850277901 0.014352969825267792
v 0.018001969903707504 -0.0368499718606472 0.015105959959328175
v 0.04369394853711128 -0.039310991764068604 0.0
v 0.039999961853027344 -0.0395999513566494 0.004499970935285091
v 0.04114997014403343 -0.0395999513566494 0.004499970935285091
v -0.0013949869899079204 -0.04084997996687889 -0.023958979174494743
v 0.026681000366806984 -0.04638998955488205 0.008740960620343685
v 0.027821000665426254 -0.046154968440532684 0.003025949001312256
v -0.02383797988295555 -0.04084997996687889 0.0027859800029546022
v -0.02383797988295555 -0.04084997996687889 -0.0027859800029546022
v 0.010357970371842384 -0.046154968440532684 -0.02599697932600975
v 0.027821000665426254 -0.046154968440532684 -0.003025949001312256
v -0.016635950654745102 0.02244699001312256 -0.028795000165700912
v -0.016632970422506332 0.022447999566793442 -0.02879595011472702
v -0.01663094013929367 0.022447999566793442 -0.02879595011472702
v -0.0166469793766737 0.02244699001312256 -0.028795000165700912
v -0.010582979768514633 0.021968960762023926 0.005172966979444027
v 0.05009996145963669 0.022823980078101158 -0.029796000570058823
v 0.01408499013632536 0.024027999490499496 0.020299969241023064
v 0.013457000255584717 0.023966960608959198 0.019826939329504967
v -0.017106950283050537 0.0250809695571661 0.01731199026107788
v -0.017338989302515984 0.025125980377197266 0.018392980098724365
v 0.0119779696688056 0.021919960156083107 -0.01946300081908703
v 0.011534979566931725 0.02237600088119507 -0.01946997083723545
v 0.05127197131514549 0.02122293971478939 0.03090994991362095
v 0.05099999159574509 0.020999960601329803 0.030584989115595818
v 0.05099999159574509 0.023002980276942253 0.028915999457240105
v -0.015444990247488022 0.027095969766378403 -0.013816949911415577
v -0.016225989907979965 0.026054970920085907 -0.01510899979621172
v -0.010322979651391506 0.02147597074508667 0.006281971000134945
v 0.026699960231781006 0.026749959215521812 0.014799949713051319
v -0.01685499958693981 0.025376969948410988 -0.016554949805140495
v -0.01710497960448265 0.025079960003495216 -0.017316989600658417
v 0.027354000136256218 0.02287697046995163 -0.026426969096064568
v 0.028499960899353027 0.023673949763178825 -0.02556495927274227
v 0.017525969073176384 0.021053960546851158 0.02940398082137108
v 0.01821397989988327 0.02027999982237816 0.029334960505366325
v -0.010026990436017513 0.02224396914243698 -0.00924599077552557
v -0.010438970290124416 0.02336198091506958 -0.010051960125565529
v -0.010268979705870152 0.021432990208268166 0.006452977191656828
v 0.018206000328063965 0.022211959585547447 0.02631795033812523
v 0.018249979242682457 0.021344950422644615 0.026482990011572838
v 0.053798969835042953 0.02212798036634922 0.02883796952664852
v 0.0261679794639349 0.02338193915784359 -0.025591960176825523
v 0.0058879852294921875 0.025346990674734116 -0.021642979234457016
v 0.005312979221343994 0.026009969413280487 -0.021017959341406822
v 0.005541979800909758 0.026141999289393425 -0.02048598974943161
v -0.01635098084807396 0.023203959688544273 -0.022106999531388283
v -0.01778596080839634 0.02417498081922531 0.019951989874243736
v 0.018112000077962875 0.021655969321727753 0.026865949854254723
v 0.01850295066833496 0.02281193993985653 0.027330990880727768
v -0.011294960044324398 0.022294990718364716 -0.010773950256407261
v -0.01798498071730137 0.0231929998844862 0.024272970855236053
v 0.006739974021911621 0.02163195051252842 0.02097295969724655
v 0.006061971187591553 0.028261950239539146 -0.017637960612773895
v 0.014306959696114063 0.021808980032801628 -0.0070039620622992516
v 0.02007799968123436 0.02563399076461792 -0.007390975020825863
v 0.01233797986060381 0.02294795960187912 -0.02638494037091732
v 0.028499960899353027 0.022980980575084686 -0.024005940183997154
v 0.012551959604024887 0.022908980026841164 0.020999960601329803
v 0.026699960231781006 0.026749959215521812 -0.014799949713051319
v 0.026224970817565918 0.026911970227956772 -0.014373949728906155
v 0.028499960899353027 0.022467970848083496 -0.023868970572948456
v 0.01933497004210949 0.023973999544978142 -0.01763194054365158
v 0.02144699916243553 -0.04084997996687889 0.010770970024168491
v 0.018384989351034164 -0.04084997996687889 0.015426989644765854
v -0.0013849729439243674 -0.04644399136304855 -0.027992960065603256
v 0.004526971839368343 -0.046154968440532684 -0.02761596068739891
v 0.014331989921629429 -0.04084997996687889 0.019250979647040367
v -0.016651980578899384 0.02244699001312256 -0.02879399061203003
v -0.016158990561962128 0.022988969460129738 -0.022531980648636818
v 0.018417000770568848 0.02297895960509777 0.026071960106492043
v -0.010527960024774075 0.021965980529785156 -0.005915998946875334
v 0.005025981925427914 0.027560940012335777 -0.018773969262838364
v 0.00537294102832675 0.02815495990216732 -0.017999939620494843
v 0.012659960426390171 0.020779959857463837 0.028355000540614128
v 0.012349960394203663 0.020410949364304543 0.02804194949567318
v 0.02205698937177658 0.02489900030195713 0.014730979688465595
v -0.009414969943463802 0.024237990379333496 0.022959940135478973
v -0.002797961002215743 0.024101970717310905 0.023055970668792725
v 0.026237960904836655 0.023303980007767677 0.02562898024916649
v 0.026224970817565918 0.02384895086288452 0.025478949770331383
v 0.03576897829771042 0.021564960479736328 0.013549979776144028
v -0.02208298072218895 -0.0368499718606472 -0.008036971092224121
v 0.0013569589937105775 -0.0368499718606472 0.023301949724555016
v 0.038533978164196014 -0.03905098885297775 -0.001964986091479659
v 0.010304979979991913 -0.03815494850277901 0.025877950713038445
v 0.009307979606091976 -0.0368499718606472 -0.021577950567007065
v 0.006693958770483732 -0.0368499718606472 -0.02236098051071167
v 0.01167093962430954 -0.0368499718606472 0.020213959738612175
v 0.04131393879652023 -0.03928196057677269 0.0
v 0.04644697159528732 -0.03847295045852661 -0.0030579559970647097
v 0.022639980539679527 -0.03815494850277901 -0.0164489708840847
v 0.03997296094894409 -0.03814094886183739 -0.007499991916120052
v 0.03956698998808861 -0.0395999513566494 0.007499991916120052
v -0.014429979957640171 0.0281829796731472 -0.012305970303714275
v -0.01646994985640049 -0.04084997996687889 -0.017456939443945885
v -0.010268979705870152 0.02142995037138462 -0.0064639439806342125
v 0.000195999993593432 0.02243095077574253 -0.02639799937605858
v 0.011432940140366554 0.022273950278759003 -0.02653896063566208
v -0.01226096972823143 0.022416939958930016 -0.026244990527629852
v -0.01460998971015215 0.022845979779958725 -0.026148969307541847
v -0.011251980438828468 0.0221059899777174 -0.005911945831030607
v 0.0267939493060112 0.022211959585547447 -0.02631795033812523
v -0.016210969537496567 0.02125798910856247 0.024459950625896454
v 0.017123989760875702 0.020985959097743034 0.02799396961927414
v 0.01732897013425827 0.020928969606757164 0.030335960909724236
v 0.014270960353314877 0.024213960394263268 0.021232960745692253
v 0.005841969978064299 0.020733950659632683 0.01917296089231968
v 0.005788980983197689 0.020588990300893784 0.01853197067975998
v 0.041587941348552704 0.02466594986617565 -0.0109819695353508
v 0.04131798818707466 0.023182980716228485 -0.011163939721882343
v -0.016858989372849464 0.025376969948410988 0.016551969572901726
v 0.02654099091887474 0.02301597036421299 -0.02601896971464157
v 0.01323097012937069 0.020747000351548195 0.027786970138549805
v -0.010683000087738037 0.022842999547719955 -0.003780961036682129
v 0.006524980068206787 0.021051999181509018 0.01821696013212204
v 0.035744961351156235 0.022916970774531364 -0.011035970412194729
v -0.017323970794677734 0.02294795960187912 0.025800999253988266
v -0.017723970115184784 0.023051969707012177 0.02531098946928978
v -0.009159982204437256 0.022618940100073814 -0.008016943000257015
v 0.0037769670598208904 0.02415299043059349 0.023069970309734344
v 0.01340395025908947 0.020756950601935387 0.027395959943532944
v 0.013521960005164146 0.02071397937834263 0.026218950748443604
v 0.0176999494433403 0.02705799974501133 -0.0050469632260501385
v -0.014193950220942497 0.021183960139751434 0.0
v -0.014042969793081284 0.021183960139751434 0.0019529459532350302
v 0.012610970064997673 0.022889969870448112 -0.020999960601329803
v 0.0050889840349555016 0.024373939260840416 0.02285896986722946
v 0.004471957217901945 0.0242609903216362 0.023002980276942253
v 0.005006968043744564 0.027187999337911606 -0.019267970696091652
v -0.01626496948301792 0.021261990070343018 0.026208989322185516
v -0.016544990241527557 0.022225970402359962 0.026176979765295982
v -0.017358949407935143 0.02498799003660679 -0.01833694986999035
v 0.005106985103338957 0.026598980650305748 -0.020131999626755714
v 0.012314969673752785 0.02315497025847435 -0.0216749906539917
v 0.014278939925134182 0.020686980336904526 0.026097949594259262
v 0.014452990144491196 0.020822999998927116 0.02940499037504196
v -0.01750998944044113 0.02229195088148117 -0.027275970205664635
v 0.012258940376341343 0.022774990648031235 -0.026733990758657455
v -0.01624000072479248 0.02123796008527279 0.025346990674734116
v 0.013872980140149593 0.020500000566244125 0.025616999715566635
v 0.013064979575574398 0.023006970062851906 -0.020343000069260597
v -0.020857980474829674 -0.0368499718606472 -0.010474969632923603
v 0.038552988320589066 -0.03847295045852661 -0.0030579559970647097
v 0.04438893869519234 -0.0395999513566494 0.0
v 0.04423397034406662 -0.03859895095229149 -0.006499946117401123
v 0.015693960711359978 0.02060597948729992 0.030734950676560402
v 0.015316960401833057 0.02092497982084751 0.030309969559311867
v -0.015256999991834164 0.024847980588674545 -0.016564959660172462
v -0.014420979656279087 0.025969980284571648 -0.015152989886701107
v 0.006731986068189144 0.022092990577220917 -0.024732939898967743
v -0.012239989824593067 0.022364970296621323 -0.024495000019669533
v -0.016614969819784164 0.022317999973893166 -0.026169000193476677
v 0.028499960899353027 0.02226400002837181 0.022297969087958336
v 0.028499960899353027 0.022018959745764732 0.02321797050535679
v 0.01791900023818016 0.021230990067124367 0.031031960621476173
v 0.017389949411153793 0.02201496995985508 0.030159950256347656
v 0.017584970220923424 0.021070949733257294 0.0309139396995306
v 0.021867990493774414 0.024445949122309685 -0.01548600010573864
v 0.019627980887889862 0.02426897920668125 -0.017423979938030243
v 0.022849969565868378 0.021815000101923943 -0.004790960811078548
v 0.018038980662822723 0.02687798999249935 -0.004890977870672941
v 0.01167093962430954 -0.0368499718606472 -0.020213959738612175
v 0.028499960899353027 0.022980980575084686 0.021955959498882294
v 0.028499960899353027 0.026252979412674904 0.02171497978270054
v 0.03568797931075096 0.021463990211486816 0.013486980460584164
v 0.03568797931075096 0.02144699916243553 0.010770970024168491
v 0.017497949302196503 0.02192896045744419 0.027193959802389145
v -0.009288965724408627 0.02212500013411045 -0.0072979917749762535
v 0.022086970508098602 0.029368989169597626 -0.009782969020307064
v 0.02205698937177658 0.02735798992216587 -0.008712947368621826
v -0.013838940300047398 0.021183960139751434 0.0031549930572509766
v 0.012962990440428257 0.02290499024093151 0.021511970087885857
v -0.016883959993720055 0.022686000913381577 0.02605699934065342
v 0.020159950479865074 0.020563960075378418 0.026499979197978973
v -0.017783990129828453 0.02417498081922531 -0.019953960552811623
v 0.03168797120451927 0.020999960601329803 0.010546980425715446
v 0.018251949921250343 0.022351980209350586 -0.02620995044708252
v 0.017634980380535126 0.022871969267725945 -0.026432989165186882
v 0.014732950367033482 0.020410949364304543 0.02583497017621994
v -0.01564197987318039 0.023148950189352036 -0.02281098999083042
v 0.04037696123123169 -0.03837393969297409 -0.006499946117401123
v -0.00864797830581665 -0.03815494850277901 0.026614960283041
v -0.013937950134277344 -0.0368499718606472 -0.018721990287303925
v -0.01612699031829834 -0.0368499718606472 -0.017092999070882797
v -0.01787995919585228 -0.0368499718606472 -0.015002960339188576
v -0.013072960078716278 -0.03815494850277901 0.024644970893859863
v -0.01612699031829834 -0.0368499718606472 0.017092999070882797
v 0.020209960639476776 -0.03815494850277901 -0.019148999825119972
v -0.018116949126124382 -0.046154968440532684 -0.02132898010313511
v -0.013107949867844582 -0.046154968440532684 -0.024724960327148438
v 0.024168960750102997 -0.04638998955488205 -0.014287940226495266
v 0.026519950479269028 -0.046154968440532684 -0.008935987018048763
v 0.023352980613708496 -0.04084997996687889 0.005534945987164974
v -0.007915972732007504 -0.046380989253520966 -0.026938969269394875
v -0.0013949869899079204 -0.04084997996687889 0.023958979174494743
v 0.004167973063886166 -0.04084997996687889 0.02363497018814087
v -0.013937950134277344 -0.0368499718606472 0.018721990287303925
v -0.01665394939482212 0.02244699001312256 -0.02879296988248825
v 0.009505987167358398 -0.04084997996687889 0.0220369603484869
v 0.046293970197439194 -0.0395999513566494 0.007183969020843506
v -0.009244978427886963 -0.0368499718606472 0.021431980654597282
v -0.01174998003989458 -0.0368499718606472 0.02035200037062168
v 0.05249993875622749 0.025172939524054527 -0.025172939524054527
v 0.05324995145201683 0.025314979255199432 -0.025314979255199432
v 0.021499989554286003 0.022280989214777946 -0.022280989214777946
v 0.028499960899353027 0.022280989214777946 -0.022280989214777946
v -0.015821989625692368 0.024272970855236053 -0.018237939104437828
v 0.006200969219207764 0.02109294943511486 0.019253959879279137
v 0.006770967971533537 0.02166295051574707 0.01921796053647995
v 0.007425962947309017 0.022208979353308678 0.019999980926513672
v -0.00941395666450262 0.02423495054244995 -0.022960960865020752
v -0.012389950454235077 0.023849960416555405 -0.022849969565868378
v 0.0172759797424078 0.022686950862407684 -0.027462949976325035
v 0.01850295066833496 0.02281193993985653 -0.027330990880727768
v 0.005537985824048519 0.024968979880213737 0.02223997935652733
v 0.010601989924907684 0.020545000210404396 0.021975990384817123
v 0.02144699916243553 -0.04084997996687889 -0.010770970024168491
v 0.018384989351034164 -0.04084997996687889 -0.015426989644765854
v 0.007191956043243408 0.021689949557185173 0.01840198040008545
v 0.02171999029815197 0.023999979719519615 0.00745999813079834
v 0.022047989070415497 0.024091949686408043 0.007824957370758057
v 0.013197950087487698 0.023140959441661835 0.02625899948179722
v -0.012075959704816341 0.02815997041761875 -0.01173597015440464
v -0.013086969964206219 0.027372950688004494 -0.01297897007316351
v 0.014558969996869564 0.021821970120072365 0.005424975883215666
v 0.014404949732124805 0.021119950339198112 0.005395947955548763
v 0.006831943057477474 0.021724989637732506 0.02039998024702072
v 0.01398598961532116 0.021353960037231445 0.005744993221014738
v -0.01480494998395443 0.025351999327540398 0.015574989840388298
v -0.01433700043708086 0.025844989344477654 0.014751969836652279
v -0.011709979735314846 0.021442940458655357 0.0018589489627629519
v 0.028499960899353027 0.023547939956188202 -0.01605498045682907
v 0.028665950521826744 0.02325998991727829 -0.015857990831136703
v 0.020401950925588608 0.02044099010527134 0.026499979197978973
v 0.014331989921629429 -0.04084997996687889 -0.019250979647040367
v 0.02179395966231823 0.020936960354447365 0.026499979197978973
v 0.02899998053908348 0.022844970226287842 -0.016135990619659424
v 0.022866960614919662 -0.0368499718606472 -0.005418955814093351
v 0.023182980716228485 -0.0368499718606472 -0.002709984080865979
v 0.02574997954070568 0.02389596961438656 0.025409990921616554
v 0.019162949174642563 0.023867959156632423 0.02542698010802269
v 0.007563948165625334 0.02215695008635521 0.01912497915327549
v -0.01354295015335083 0.026936940848827362 -0.013961969874799252
v 0.018795959651470184 0.023331990465521812 0.025614969432353973
v -0.006739974021911621 -0.0368499718606472 0.022512970492243767
v -0.004052996169775724 -0.0368499718606472 0.02298598922789097
v 0.01128493994474411 0.02066998928785324 0.028508959338068962
v 0.053798969835042953 0.02570294961333275 -0.02570294961333275
v -0.001365958945825696 -0.0368499718606472 0.023459969088435173
v -0.004052996169775724 -0.0368499718606472 -0.02298598922789097
v 0.04385000094771385 -0.0395999513566494 0.004499970935285091
v -0.0015149710234254599 -0.03815494850277901 -0.027831969782710075
v 0.002924978034570813 -0.03815494850277901 -0.027831969782710075
v -0.016455940902233124 0.02254796028137207 -0.028849000111222267
v 0.05399996042251587 0.020340969786047935 0.0309329591691494
v 0.011432940140366554 0.022273950278759003 0.02653896063566208
v -0.020051950588822365 -0.04084997996687889 -0.013187999837100506
v -0.022552959620952606 -0.04084997996687889 -0.008207975886762142
v -0.013992959633469582 -0.03815494850277901 0.024235960096120834
v 0.008066952228546143 0.02226400002837181 0.019999980926513672
v 0.013521960005164146 0.021116970106959343 0.006190955173224211
v 0.01425999030470848 0.02119296044111252 0.007171988021582365
v -0.015350989997386932 0.024915989488363266 0.016927000135183334
v -0.015861980617046356 0.024203000590205193 0.018353989347815514
v 0.026187000796198845 0.026911970227956772 0.01436298992484808
v -0.012249940074980259 0.022821959108114243 -0.029190000146627426
v -0.0179249607026577 0.023973999544978142 -0.022211959585547447
v -0.017922990024089813 0.023867959156632423 -0.021127989515662193
v 0.05249993875622749 0.021671950817108154 0.02824299968779087
v 0.05324995145201683 0.02179395966231823 0.02840298041701317
v 0.05249993875622749 0.02276897057890892 -0.027280980721116066
v -0.01625698059797287 0.023681990802288055 0.02015197090804577
v -0.016493970528244972 0.023048989474773407 0.021604949608445168
v 0.020116979256272316 0.023385999724268913 -0.026499979197978973
v 0.016384949907660484 0.02298998087644577 -0.027175959199666977
v 0.014449000358581543 0.021811960265040398 0.007160961162298918
v 0.020883969962596893 0.022980980575084686 -0.022980980575084686
v 0.021499989554286003 0.022467970848083496 -0.023868970572948456
v -0.012392990291118622 0.023864980787038803 0.022838950157165527
v -0.015609970316290855 0.023115990683436394 0.02283596061170101
v 0.02663498930633068 0.02306097000837326 0.02605294995009899
v 0.007452963851392269 0.022084949538111687 -0.020989950746297836
v 0.008066952228546143 0.02226400002837181 -0.019999980926513672
v 0.021932950243353844 -0.0368499718606472 -0.007982969284057617
v 0.018725989386439323 -0.03815494850277901 -0.02079695090651512
v 0.026497000828385353 0.02281193993985653 0.027330990880727768
v -0.01646994985640049 -0.04084997996687889 0.017456939443945885
v -0.01199996005743742 -0.04084997996687889 0.020784970372915268
v 0.02713399939239025 0.020989950746297836 0.010366969741880894
v -0.019633939489722252 -0.0368499718606472 -0.012912980280816555
v -0.018725989386439323 -0.03815494850277901 -0.02079695090651512
v -0.018073970451951027 -0.03815494850277901 -0.021269969642162323
v 0.04637794941663742 -0.03694098815321922 -0.007008968852460384
v 0.04616795852780342 -0.03686999902129173 -0.007370947860181332
v -0.007465958129614592 -0.03815494850277901 -0.0268669705837965
v -0.002924978034570813 -0.03815494850277901 -0.027831969782710075
v -0.006882965099066496 -0.04084997996687889 0.022991949692368507
v -0.022552959620952606 -0.04084997996687889 0.008207975886762142
v -0.020051950588822365 -0.04084997996687889 0.013187999837100506
v 0.023999979719519615 -0.04084997996687889 0.0
v 0.023352980613708496 -0.04084997996687889 -0.005534945987164974
v 0.04587798938155174 -0.03684395179152489 -0.007499991916120052
v 0.0074079628102481365 0.022026950493454933 0.02109294943511486
v -0.011708970181643963 0.02152395062148571 -3.999999989900971e-06
v -0.017726950347423553 0.023056980222463608 -0.025305980816483498
v 0.026497000828385353 0.02281193993985653 -0.027330990880727768
v -0.017499979585409164 0.02230899967253208 0.02728497050702572
v -0.01683294028043747 0.020878970623016357 0.029235949739813805
v 0.012297979556024075 0.022911960259079933 0.02640198916196823
v 0.02171497978270054 0.024002959951758385 -0.007465958129614592
v 0.016517989337444305 0.026684990152716637 -0.01820296049118042
v -0.017985990270972252 0.02319197915494442 -0.024275949224829674
v 0.04640299081802368 -0.03714698180556297 -0.005548954010009766
v 0.01803296059370041 0.026872990652918816 0.0049279918894171715
v 0.0229219701141119 0.021720999851822853 0.0048499698750674725
v -0.007486999034881592 -0.046154968440532684 0.026964960619807243
v 0.02708696946501732 0.02173398993909359 0.004883944056928158
v 0.007377982139587402 0.02157597988843918 0.021686969324946404
v 0.014032949693500996 -0.0368499718606472 -0.01884995959699154
v 0.05399996042251587 0.024051960557699203 -0.028246989473700523
v -0.013072960078716278 -0.03815494850277901 -0.024644970893859863
v -0.00864797830581665 -0.03815494850277901 -0.026614960283041
v -0.013992959633469582 -0.03815494850277901 -0.024235960096120834
v 0.00408095121383667 -0.0368499718606472 -0.023142989724874496
v 0.0498499795794487 0.022864989936351776 0.029848989099264145
v -0.016636960208415985 0.02244699001312256 -0.028795000165700912
v -0.006739974021911621 -0.0368499718606472 -0.022512970492243767
v 0.017179960384964943 0.022870950400829315 0.02978700026869774
v 0.02708696946501732 0.021147960796952248 0.005014955066144466
v 0.00864797830581665 -0.03815494850277901 0.026614960283041
v 0.038725968450307846 -0.0395999513566494 0.007220983039587736
v -0.015685969963669777 0.021629979833960533 0.029850000515580177
v -0.025397950783371925 -0.046154968440532684 0.011750989593565464
v -0.016607990488409996 0.022458970546722412 -0.028802990913391113
v 0.017135970294475555 0.022868990898132324 0.02978700026869774
v -0.012249940074980259 0.023841969668865204 0.028959980234503746
v 0.017136989161372185 0.02286594919860363 0.029788969084620476
v 0.04866600036621094 0.039295971393585205 0.002332984935492277
v 0.0498499795794487 0.03509794920682907 0.013485959731042385
v 0.053621940314769745 0.035020940005779266 0.013619950041174889
v -0.027659950777888298 0.031850989907979965 0.015591969713568687
v -0.032602958381175995 0.03118395060300827 0.014970949850976467
v -0.03628695011138916 0.029452970251441002 0.016869960352778435
v 0.053499989211559296 0.02390897087752819 -0.028978999704122543
v 0.05399996042251587 0.022543959319591522 -0.029378950595855713
v 0.0498499795794487 0.022864989936351776 -0.029848989099264145
v 0.016465960070490837 0.023554980754852295 -0.02927500009536743
v 0.053499989211559296 0.02390897087752819 -0.028978999704122543
v 0.0498499795794487 0.022864989936351776 -0.029848989099264145
v 0.016465960070490837 0.023554980754852295 -0.02927500009536743
v 0.0498499795794487 0.025501960888504982 -0.027629969641566277
v 0.053499989211559296 0.02390897087752819 -0.028978999704122543
v 0.0498499795794487 0.025501960888504982 -0.027629969641566277
v 0.051364000886678696 0.026360979303717613 -0.026759980246424675
v 0.053499989211559296 0.02390897087752819 -0.028978999704122543
v 0.05399996042251587 0.024051960557699203 -0.028246989473700523
v 0.05399996042251587 0.030233969911932945 -0.021500999107956886
v 0.05399996042251587 0.03265500068664551 -0.017609000205993652
v 0.0119779696688056 0.021919960156083107 -0.01946300081908703
v -0.014193950220942497 0.021183960139751434 0.0
v 0.006731986068189144 0.022092990577220917 -0.024732939898967743
v 0.05399996042251587 0.035835981369018555 0.009601949714124203
v 0.05399996042251587 0.03427594155073166 0.01419794000685215
v 0.05399996042251587 0.03212999925017357 0.018549969419836998
v 0.05399996042251587 0.029432950541377068 0.02258496917784214
v 0.05399996042251587 0.029432950541377068 0.02258496917784214
v 0.05399996042251587 0.026233969256281853 0.026233969256281853
v 0.05399996042251587 0.026233969256281853 0.026233969256281853
v 0.05399996042251587 0.02258496917784214 0.029432950541377068
v 0.0267939493060112 0.022211959585547447 -0.02631795033812523
v 0.05399996042251587 0.020700989291071892 0.021079950034618378
v 0.05399996042251587 0.020340969786047935 0.0309329591691494
v 0.001352965016849339 0.0395999513566494 0.0
v 0.0489189587533474 0.03957396000623703 -0.001438974984921515
v 0.0014119739644229412 0.03953193873167038 -0.0011429779697209597
v 0.0267939493060112 0.022211959585547447 -0.02631795033812523
v 0.01583397015929222 0.02235298976302147 -0.029591970145702362
v 0.05399996042251587 0.022543959319591522 -0.029378950595855713
v 0.01583397015929222 0.02235298976302147 -0.029591970145702362
v 0.05009996145963669 0.022823980078101158 -0.029796000570058823
v 0.05399996042251587 0.022543959319591522 -0.029378950595855713
v 0.006731986068189144 0.022092990577220917 -0.024732939898967743
v 0.01583397015929222 0.02235298976302147 -0.029591970145702362
v 0.006731986068189144 0.022092990577220917 -0.024732939898967743
v -0.01750998944044113 0.02229195088148117 -0.027275970205664635
v 0.01583397015929222 0.02235298976302147 -0.029591970145702362
v 0.04866600036621094 0.039295971393585205 0.002332984935492277
v 0.05375998839735985 0.036334991455078125 0.009171961806714535
v 0.04955399036407471 0.03950196132063866 0.0008549999911338091
v -0.012249940074980259 0.022821959108114243 -0.029190000146627426
v -0.016636960208415985 0.02244699001312256 -0.028795000165700912
v -0.012249940074980259 0.022821959108114243 -0.029190000146627426
v 0.01719498075544834 0.02287399023771286 -0.029787950217723846
v -0.012249940074980259 0.023842990398406982 -0.028960999101400375
v 0.0498499795794487 0.025501960888504982 -0.027629969641566277
v 0.016465960070490837 0.023554980754852295 -0.02927500009536743
v 0.007424950134009123 0.0203859806060791 0.024761969223618507
v 0.005788980983197689 0.020588990300893784 0.01853197067975998
v 0.05399996042251587 0.020340969786047935 0.0309329591691494
v -0.02938394993543625 0.03306597098708153 0.01194899994879961
v -0.03195196017622948 0.03229498118162155 0.012708960101008415
v -0.01877897046506405 0.034417979419231415 0.013656970113515854
v -0.03195196017622948 0.03229498118162155 0.012708960101008415
v -0.028670959174633026 0.03280096873641014 0.013002989813685417
v -0.01877897046506405 0.034417979419231415 0.013656970113515854
v -0.01149796973913908 0.020146960392594337 0.030254000797867775
v 0.007424950134009123 0.0203859806060791 0.024761969223618507
v 0.05399996042251587 0.020340969786047935 0.0309329591691494
v -0.028670959174633026 0.03280096873641014 0.013002989813685417
v -0.032310958951711655 0.031833939254283905 0.013663940131664276
v -0.01877897046506405 0.034417979419231415 0.013656970113515854
v 0.0119779696688056 0.021919960156083107 -0.01946300081908703
v 0.0267939493060112 0.022211959585547447 -0.02631795033812523
v 0.005788980983197689 0.020588990300893784 0.01853197067975998
v 0.0119779696688056 0.021919960156083107 -0.01946300081908703
v -0.014193950220942497 0.021183960139751434 0.0
v -0.01750998944044113 0.02229195088148117 -0.027275970205664635
v 0.006731986068189144 0.022092990577220917 -0.024732939898967743
v -0.01900899037718773 0.022328969091176987 -0.02502596005797386
v -0.017783990129828453 0.02230994962155819 -0.027216970920562744
v -0.01750998944044113 0.02229195088148117 -0.027275970205664635
v -0.028085939586162567 0.032375991344451904 0.0142859797924757
v -0.032310958951711655 0.031833939254283905 0.013663940131664276
v -0.03628695011138916 0.030802959576249123 0.014255999587476254
v -0.016651980578899384 0.02244699001312256 -0.02879399061203003
v -0.0166469793766737 0.02244699001312256 -0.028795000165700912
v -0.01665394939482212 0.02244699001312256 -0.02879296988248825
v -0.012249940074980259 0.030390970408916473 -0.02213894948363304
v 0.05138498172163963 0.028617970645427704 -0.02433997020125389
v 0.0498499795794487 0.027924949303269386 -0.02517795003950596
v -0.01149796973913908 0.020146960392594337 0.030254000797867775
v 0.005788980983197689 0.020588990300893784 0.01853197067975998
v 0.007424950134009123 0.0203859806060791 0.024761969223618507
v -0.01149796973913908 0.020146960392594337 0.030254000797867775
v -0.014193950220942497 0.021183960139751434 0.0
v 0.005788980983197689 0.020588990300893784 0.01853197067975998
v 0.01791900023818016 0.021230990067124367 0.031031960621476173
v -0.012273959815502167 0.020666949450969696 0.03080998919904232
v -0.002586960094049573 0.020764939486980438 0.03088200092315674
v -0.01683294028043747 0.020878970623016357 0.029235949739813805
v -0.018417000770568848 0.021080970764160156 0.02820896916091442
v -0.01149796973913908 0.020146960392594337 0.030254000797867775
v -0.0379599891602993 0.023718949407339096 0.02243095077574253
v -0.021884970366954803 0.021550949662923813 0.02199696935713291
v -0.01958698034286499 0.021238980814814568 0.026950949802994728
v -0.03795598819851875 0.023733969777822495 -0.022434940561652184
v -0.025081990286707878 0.022003939375281334 0.0008310000412166119
v -0.025027990341186523 0.021981000900268555 0.0033099649008363485
v -0.03619997948408127 0.02352296933531761 -0.023249980062246323
v -0.024845950305461884 0.022256970405578613 -0.009078978560864925
v -0.024999970570206642 0.02222095988690853 -0.0073319668881595135
v 0.016465960070490837 0.023554980754852295 0.02927500009536743
v 0.0498499795794487 0.025501960888504982 0.027629969641566277
v -0.012249940074980259 0.023841969668865204 0.028959980234503746
v -0.018798939883708954 0.023882979527115822 0.028173979371786118
v -0.03642696142196655 0.023985980078577995 0.02369396947324276
v -0.015685969963669777 0.021629979833960533 0.029850000515580177
v -0.012249940074980259 0.027369970455765724 0.025779960677027702
v 0.0498499795794487 0.025501960888504982 0.027629969641566277
v 0.05137496814131737 0.0263629499822855 0.026761939749121666
v -0.03642696142196655 0.023985980078577995 0.02369396947324276
v -0.017569949850440025 0.02099597081542015 0.029027989134192467
v -0.016584990546107292 0.021258950233459473 0.02954000048339367
v -0.02697294019162655 0.029747959226369858 -0.019526949152350426
v -0.032247960567474365 0.028327999636530876 -0.01996099017560482
v -0.03628695011138916 0.02788095921278 -0.019355950877070427
v 0.05137496814131737 0.0263629499822855 0.026761939749121666
v 0.053499989211559296 0.02390897087752819 0.028978999704122543
v 0.0498499795794487 0.025501960888504982 0.027629969641566277
v 0.016465960070490837 0.023554980754852295 0.02927500009536743
v 0.053499989211559296 0.02390897087752819 0.028978999704122543
v 0.016465960070490837 0.023554980754852295 0.02927500009536743
v 0.0498499795794487 0.022864989936351776 0.029848989099264145
v 0.053499989211559296 0.02390897087752819 0.028978999704122543
v -0.03642696142196655 0.023985980078577995 0.02369396947324276
v -0.017625980079174042 0.020986970514059067 0.028990980237722397
v -0.017569949850440025 0.02099597081542015 0.029027989134192467
v -0.03619997948408127 0.02352296933531761 0.023249980062246323
v -0.01764398068189621 0.02098798006772995 0.028974950313568115
v -0.017625980079174042 0.020986970514059067 0.028990980237722397
v -0.02772599086165428 0.0283199492841959 -0.021324990317225456
v -0.032247960567474365 0.028327999636530876 -0.01996099017560482
v -0.01877897046506405 0.02992998994886875 -0.021801939234137535
v -0.03999799117445946 0.02401994913816452 0.018518980592489243
v -0.039996981620788574 0.0240169707685709 -0.018518980592489243
v -0.0379599891602993 0.023718949407339096 0.02243095077574253
v -0.039996981620788574 0.0240169707685709 -0.018518980592489243
v -0.03897695988416672 0.023868970572948456 -0.021252980455756187
v -0.0379599891602993 0.023718949407339096 0.02243095077574253
v 0.0498499795794487 0.022864989936351776 0.029848989099264145
v 0.017030000686645508 0.02310298942029476 0.02963596023619175
v 0.017135970294475555 0.022868990898132324 0.02978700026869774
v 0.0498499795794487 0.03204900026321411 0.019661959260702133
v -0.012249940074980259 0.030390970408916473 0.02213894948363304
v 0.05361199006438255 0.030622949823737144 0.021777980029582977
v -0.01877897046506405 0.02992998994886875 0.021801939234137535
v -0.029559960588812828 0.0277519803494215 0.02153497003018856
v -0.01877897046506405 0.02695493958890438 0.02538895048201084
v 0.0498499795794487 0.03509794920682907 -0.013485959731042385
v 0.04867994040250778 0.03929400071501732 -0.002333997981622815
v 0.053681958466768265 0.034985948354005814 -0.013605950400233269
v -0.02694999985396862 0.030499989166855812 -0.018308989703655243
v -0.03269195184111595 0.028945980593562126 -0.018909990787506104
v -0.03628695011138916 0.029452970251441002 -0.016869960352778435
v -0.04013894870877266 0.03020595945417881 0.005289970897138119
v -0.041610948741436005 0.025023989379405975 0.006726980209350586
v -0.04013894870877266 0.029626959934830666 0.007909952662885189
v -0.027847999706864357 0.03261696919798851 -0.013833990320563316
v -0.032603971660137177 0.03200298175215721 -0.013126960024237633
v -0.01877897046506405 0.034417979419231415 -0.013656970113515854
v -0.032103948295116425 0.03261493891477585 -0.011785980314016342
v -0.028600990772247314 0.03312598913908005 -0.012174960225820541
v -0.01877897046506405 0.02695493958890438 0.02538895048201084
v -0.03642696142196655 0.023985980078577995 0.02369396947324276
v -0.018798939883708954 0.023882979527115822 0.028173979371786118
v -0.02758895978331566 0.02910798043012619 0.020278990268707275
v -0.03139495104551315 0.02808498963713646 0.02055698074400425
v -0.01877897046506405 0.02992998994886875 0.021801939234137535
v -0.03139495104551315 0.02808498963713646 0.02055698074400425
v -0.027980979532003403 0.02856694906949997 0.02091698907315731
v -0.01877897046506405 0.02992998994886875 0.021801939234137535
v -0.027980979532003403 0.02856694906949997 0.02091698907315731
v -0.03077596053481102 0.027810990810394287 0.021105999127030373
v -0.01877897046506405 0.02992998994886875 0.021801939234137535
v -0.03077596053481102 0.027810990810394287 0.021105999127030373
v -0.02859794907271862 0.028071990236639977 0.021397940814495087
v -0.01877897046506405 0.02992998994886875 0.021801939234137535
v -0.03139495104551315 0.02808498963713646 0.02055698074400425
v -0.02758895978331566 0.02910798043012619 0.020278990268707275
v -0.03628695011138916 0.02788095921278 0.019355950877070427
v -0.03072994016110897 0.033351000398397446 -0.010354990139603615
v -0.03628695011138916 0.03279995173215866 -0.00872796680778265
v -0.01877897046506405 0.035860948264598846 -0.00922697689384222
v -0.03466897830367088 -0.027187999337911606 -0.010316959582269192
v -0.026479000225663185 -0.037577979266643524 -0.011788959614932537
v -0.02738194912672043 -0.037577979266643524 -0.009011982940137386
v -0.03368097171187401 0.009079991839826107 0.028887979686260223
v -0.03455799072980881 0.00666695786640048 0.028882980346679688
v -0.03354597091674805 0.0064129820093512535 0.029693959280848503
v 0.05359596014022827 0.007863998413085938 0.03674900159239769
v 0.053499989211559296 0.012443950399756432 0.03547399863600731
v 0.0498499795794487 0.010636979714035988 0.03606396168470383
v -0.02177298069000244 -0.009079991839826107 -0.03579895943403244
v -0.01667696051299572 0.0014859429793432355 -0.0368039608001709
v -0.016349969431757927 -0.004005968105047941 -0.036811940371990204
v 0.022499969229102135 0.014255999587476254 -0.034791938960552216
v 0.053499989211559296 0.012443950399756432 -0.03547399863600731
v 0.0498499795794487 0.010636979714035988 -0.03606396168470383
v 0.022499969229102135 0.014255999587476254 -0.034791938960552216
v 0.0498499795794487 0.01389496959745884 -0.03493797034025192
v 0.053499989211559296 0.012443950399756432 -0.03547399863600731
v -0.0135879497975111 0.011682979762554169 0.03511995077133179
v -0.01690495014190674 0.006837964057922363 0.03613495081663132
v -0.012249940074980259 0.006872951053082943 0.0364300012588501
v 0.05399996042251587 0.007762968074530363 -0.03627895936369896
v 0.05399996042251587 0.012178000062704086 -0.035043951123952866
v 0.05399996042251587 0.016405990347266197 -0.03327494114637375
v 0.05399996042251587 0.020384959876537323 -0.0309979896992445
v 0.05399996042251587 0.018549969419836998 0.03212999925017357
v 0.05399996042251587 0.01419794000685215 0.03427594155073166
v 0.05399996042251587 0.009601949714124203 0.035835981369018555
v 0.05399996042251587 0.004842996131628752 0.036782968789339066
v 0.05399996042251587 0.0 0.03709995001554489
v 0.05399996042251587 0.0 0.03709995001554489
v 0.05399996042251587 -0.004842996131628752 0.036782968789339066
v 0.05399996042251587 -0.009601949714124203 0.035835981369018555
v 0.024162940680980682 -0.021564960479736328 0.03861397132277489
v -0.016351990401744843 -0.003972947131842375 0.03681999072432518
v -0.020729949697852135 -0.00917595624923706 0.03591400012373924
v 0.05399996042251587 -0.033532969653606415 0.016142960637807846
v 0.05399996042251587 -0.03476500138640404 0.013259939849376678
v -0.02562195062637329 -0.008970974944531918 0.03443199023604393
v -0.02662700042128563 -0.014016980305314064 0.0337899886071682
v -0.021665990352630615 -0.008842945098876953 0.03586595878005028
v 0.05399996042251587 -0.035835981369018555 0.009601949714124203
v 0.05399996042251587 -0.036726951599121094 0.0051229591481387615
v -0.016351990401744843 -0.003972947131842375 0.03681999072432518
v -0.01667696051299572 0.0014779559569433331 0.0368039608001709
v -0.021665990352630615 -0.008842945098876953 0.03586595878005028
v -0.02562195062637329 -0.008970974944531918 0.03443199023604393
v -0.028251999989151955 -0.008633971214294434 0.03347098082304001
v -0.02662700042128563 -0.014016980305314064 0.0337899886071682
v -0.027899980545043945 0.008313000202178955 0.03259294852614403
v -0.02499496005475521 0.011811969801783562 0.032597001641988754
v -0.027490969747304916 0.010858950205147266 0.031991951167583466
v 0.05399996042251587 -0.034756001085042953 -0.013285989873111248
v 0.05399996042251587 -0.033532969653606415 -0.016142960637807846
v -0.02862696908414364 -0.020546970888972282 0.028347959741950035
v -0.02924196980893612 -0.021366000175476074 0.027127979323267937
v -0.02756994031369686 -0.019746949896216393 0.029957950115203857
v -0.02924196980893612 -0.021366000175476074 0.027127979323267937
v -0.027121959254145622 -0.024122949689626694 0.02695493958890438
v 0.05399996042251587 -0.010385990142822266 -0.03561699017882347
v 0.05399996042251587 -0.005913971923291683 -0.03662598133087158
v 0.05399996042251587 -0.001352965016849339 -0.0370749793946743
v 0.05399996042251587 0.003229975001886487 -0.03695898875594139
v 0.0536949597299099 -0.036592960357666016 0.008240996859967709
v 0.05175697058439255 -0.039083950221538544 0.0011009570444002748
v 0.05224597081542015 -0.03894894942641258 0.0012219540076330304
v -0.0030299420468509197 -0.037577979266643524 -0.028825990855693817
v -0.024940960109233856 -0.014355000108480453 -0.034195948392152786
v 0.02411394938826561 -0.023581979796290398 -0.03797798976302147
v -0.03594594821333885 -0.004943965934216976 0.027009960263967514
v -0.03409193828701973 -0.008088946342468262 0.02861296944320202
v -0.03472696989774704 -0.004499970935285091 0.028658980503678322
v -0.030211979523301125 -0.02511996030807495 0.02232198975980282
v -0.021250959485769272 -0.037577979266643524 0.019477959722280502
v -0.02775496058166027 -0.024151980876922607 0.026338990777730942
v 0.024442970752716064 0.015070970170199871 -0.03444695100188255
v 0.05137496814131737 0.015505960211157799 -0.034217000007629395
v 0.0498499795794487 0.01389496959745884 -0.03493797034025192
v -0.04124598950147629 -0.003259955905377865 -0.018323000520467758
v -0.04019898176193237 -0.0015979399904608727 -0.02071397937834263
v -0.03946197032928467 -0.0023149840999394655 -0.02201700024306774
v -0.04127699136734009 0.005999981891363859 -0.01853995956480503
v -0.03966498002409935 0.0 -0.021776970475912094
v -0.03482097014784813 -0.01922094076871872 0.021577950567007065
v -0.03261398896574974 -0.022670980542898178 0.02167695015668869
v -0.033742960542440414 -0.018143950030207634 0.024027999490499496
v 0.053681958466768265 -0.014872959814965725 -0.034465961158275604
v 0.04559998959302902 -0.021471969783306122 -0.03342396020889282
v 0.028620000928640366 -0.02200995944440365 -0.03769296035170555
v -0.012249940074980259 0.0016389479860663414 0.03703099116683006
v 0.017609000205993652 0.00842898990958929 0.036513980478048325
v -0.012249940074980259 0.006872951053082943 0.0364300012588501
v -0.027121959254145622 -0.024122949689626694 0.02695493958890438
v -0.02707999013364315 -0.019681990146636963 0.030443960800766945
v -0.02756994031369686 -0.019746949896216393 0.029957950115203857
v -0.01354795042425394 0.01176195964217186 -0.0351099893450737
v -0.016916990280151367 0.006830989848822355 -0.036138951778411865
v -0.016499990597367287 0.011848979629576206 -0.03473496064543724
v -0.027118980884552002 -0.02413696050643921 -0.026950949802994728
v -0.029323989525437355 -0.021825959905982018 -0.026669969782233238
v -0.029006000608205795 -0.0208089891821146 -0.027805980294942856
v -0.012295960448682308 0.019053990021348 0.031830959022045135
v -0.010724959895014763 0.017507970333099365 0.03270899876952171
v 0.019880950450897217 0.01771700009703636 0.03316396102309227
v -0.010724959895014763 0.017507970333099365 0.03270899876952171
v -0.013936989940702915 0.01689296029508114 0.03298794850707054
v 0.019880950450897217 0.01771700009703636 0.03316396102309227
v -0.013936989940702915 0.01689296029508114 0.03298794850707054
v -0.012257990427315235 0.015643950551748276 0.03363995999097824
v 0.019780989736318588 0.017015989869832993 0.03352897986769676
v 0.0498499795794487 0.010636979714035988 0.03606396168470383
v 0.017609000205993652 0.00842898990958929 0.036513980478048325
v 0.05359596014022827 0.007863998413085938 0.03674900159239769
v 0.018936989828944206 0.0049789538607001305 0.0372689887881279
v 0.04982398822903633 0.00567698385566473 0.03716795891523361
v 0.05359596014022827 0.007863998413085938 0.03674900159239769
v -0.012452960014343262 0.015088969841599464 0.03389196842908859
v -0.013528999872505665 0.01456694956868887 0.03409694880247116
v 0.020557990297675133 0.015070970170199871 0.034447960555553436
v 0.03024798072874546 -0.030171990394592285 0.03197598084807396
v 0.029034970328211784 -0.03102499060332775 0.031606968492269516
v 0.053772978484630585 -0.025603950023651123 0.02752494066953659
v 0.04559898003935814 -0.0214729905128479 0.033422939479351044
v 0.053681958466768265 -0.014872959814965725 0.034467991441488266
v 0.028643960133194923 -0.02200995944440365 0.037693969905376434
v -0.015947990119457245 -0.003445982001721859 0.03687094897031784
v 0.024083970114588737 -0.019538989290595055 0.038717981427907944
v -0.012249940074980259 0.0016389479860663414 0.03703099116683006
v 0.02206498011946678 -0.034241970628499985 0.03019499033689499
v 0.0089569678530097 -0.037577979266643524 0.02756595052778721
v 0.028499960899353027 -0.034646980464458466 0.027849970385432243
v 0.0030299420468509197 -0.037577979266643524 0.028825990855693817
v 0.0089569678530097 -0.037577979266643524 0.02756595052778721
v 0.022888949140906334 -0.028890959918498993 0.03474199026823044
v 0.024069959297776222 -0.024184999987483025 0.03766994923353195
v -1.799999881768599e-05 -0.03757696971297264 0.028984960168600082
v 0.02415299043059349 -0.022404959425330162 0.03839296102523804
v -0.02496998943388462 -0.014406969770789146 0.034168001264333725
v -0.0030299420468509197 -0.037577979266643524 0.028825990855693817
v -0.011498980224132538 0.021678980439901352 -0.030105939134955406
v 0.01719498075544834 0.02287399023771286 -0.029787950217723846
v 0.01791995018720627 0.021204939112067223 -0.03104894980788231
v -0.026690950617194176 -0.019354989752173424 0.030990000814199448
v -0.02543199062347412 -0.025050990283489227 0.027779990807175636
v -0.019905980676412582 -0.029336979612708092 0.028023000806570053
v 0.053499989211559296 0.006023942958563566 0.0370439812541008
v 0.04982398822903633 0.00567698385566473 0.03716795891523361
v 0.05121295899152756 0.004871963988989592 0.03724699839949608
v -0.0361589714884758 -0.010927969589829445 0.024868959560990334
v -0.03452198952436447 -0.013774990104138851 0.025778939947485924
v -0.03485298156738281 -0.010375970043241978 0.026928959414362907
v -0.03759199008345604 -0.022315969690680504 0.011679939925670624
v -0.03438698872923851 -0.026009969413280487 0.013731000013649464
v -0.03498195856809616 -0.024424970149993896 0.014961949549615383
v -0.03291099891066551 0.011966999620199203 0.027180960401892662
v -0.01957499049603939 0.02123796008527279 0.02697294019162655
v -0.033898938447237015 0.012375949881970882 0.025192970409989357
v 0.019880950450897217 0.01771700009703636 0.03316396102309227
v 0.0498499795794487 0.017035959288477898 0.033518970012664795
v 0.025117989629507065 0.01771795004606247 0.03316396102309227
v -0.016349969431757927 -0.004005968105047941 -0.036811940371990204
v 0.024160979315638542 -0.022038990631699562 -0.0385049507021904
v -0.02064800076186657 -0.009101985953748226 -0.035936951637268066
v 0.0498499795794487 0.01389496959745884 0.03493797034025192
v 0.022499969229102135 0.014255999587476254 0.034791938960552216
v 0.053499989211559296 0.012443950399756432 0.03547399863600731
v 0.022499969229102135 0.014255999587476254 0.034791938960552216
v 0.0498499795794487 0.010636979714035988 0.03606396168470383
v 0.053499989211559296 0.012443950399756432 0.03547399863600731
v 0.023213980719447136 0.014351960271596909 0.03475296124815941
v 0.0498499795794487 0.01389496959745884 0.03493797034025192
v 0.024442970752716064 0.015070970170199871 0.03444695100188255
v 0.020557990297675133 0.015070970170199871 0.034447960555553436
v 0.02178698033094406 0.01435094978660345 0.03475296124815941
v 0.023213980719447136 0.014351960271596909 0.03475296124815941
v 0.020557990297675133 0.015070970170199871 0.034447960555553436
v 0.024442970752716064 0.015070970170199871 0.03444695100188255
v 0.02988594025373459 -0.029733950272202492 0.032465990632772446
v 0.032105978578329086 -0.028280969709157944 0.03295797109603882
v 0.023274950683116913 -0.028935959562659264 0.03470199927687645
v 0.039380960166454315 -0.034238990396261215 -0.023481959477066994
v 0.028499960899353027 -0.03476094827055931 -0.027637949213385582
v 0.028499960899353027 -0.03400694951415062 -0.028805969282984734
v 0.04921095818281174 -0.035486988723278046 -0.015429969877004623
v 0.053397949784994125 -0.035992980003356934 -0.01087396964430809
v 0.051211949437856674 -0.039054978638887405 -0.0018649690318852663
v 0.053397949784994125 -0.035992980003356934 -0.01087396964430809
v 0.05224597081542015 -0.03894894942641258 -0.001223981031216681
v 0.013992959633469582 -0.03815494850277901 -0.024235960096120834
v 0.04318397864699364 -0.035353951156139374 -0.019230959936976433
v 0.051211949437856674 -0.039054978638887405 -0.0018649690318852663
v 0.05340695008635521 -0.035991959273815155 0.010877960361540318
v 0.05373400077223778 -0.035021960735321045 0.013805979862809181
v 0.046293970197439194 -0.0395999513566494 0.007183969020843506
v 0.03852396830916405 -0.035265978425741196 0.02177596092224121
v 0.028499960899353027 -0.03497498854994774 0.027142999693751335
v 0.046293970197439194 -0.0395999513566494 0.007183969020843506
v 0.028499960899353027 -0.03497498854994774 0.027142999693751335
v 0.00864797830581665 -0.03815494850277901 0.026614960283041
v 0.046293970197439194 -0.0395999513566494 0.007183969020843506
v 0.04546498879790306 -0.0395999513566494 0.007499991916120052
v 0.002924978034570813 -0.03815494850277901 0.027831969782710075
v -0.002924978034570813 -0.03815494850277901 0.027831969782710075
v -0.002924978034570813 -0.03815494850277901 0.027831969782710075
v 0.03956698998808861 -0.0395999513566494 0.007499991916120052
v -0.00864797830581665 -0.03815494850277901 0.026614960283041
v 0.03956698998808861 -0.0395999513566494 0.007499991916120052
v -0.03416699171066284 -0.025762969627976418 -0.01464897021651268
v -0.03434199094772339 -0.024398980662226677 -0.016519960016012192
v -0.026479000225663185 -0.037577979266643524 -0.011788959614932537
v -0.029301999136805534 0.001827955013141036 0.03285294026136398
v -0.026465950533747673 0.007032989989966154 0.03350197896361351
v -0.029316959902644157 0.006510972045361996 0.0322909913957119
v -0.03562796115875244 -0.027187999337911606 -0.006245969794690609
v -0.036283958703279495 -0.025442950427532196 -0.00914698839187622
v -0.028351960703730583 -0.037577979266643524 -0.006025969050824642
v -0.036283958703279495 -0.025442950427532196 -0.00914698839187622
v -0.03577594831585884 -0.025833960622549057 -0.010011970065534115
v -0.028351960703730583 -0.037577979266643524 -0.006025969050824642
v 0.05149995908141136 0.018472960218787193 -0.0327489897608757
v 0.05137496814131737 0.015505960211157799 -0.034217000007629395
v 0.0498499795794487 0.017035959288477898 -0.033518970012664795
v -0.03516196832060814 -0.013942950405180454 0.02481894940137863
v -0.03482097014784813 -0.01922094076871872 0.021577950567007065
v -0.033742960542440414 -0.018143950030207634 0.024027999490499496
v -0.033742960542440414 -0.018143950030207634 -0.024027999490499496
v -0.032975971698760986 -0.02246195077896118 -0.02129494957625866
v -0.03482097014784813 -0.01922094076871872 -0.021577950567007065
v -0.03485298156738281 -0.010375970043241978 -0.026928959414362907
v -0.03366798162460327 -0.009665966033935547 -0.028645990416407585
v -0.03329598158597946 -0.012269970029592514 -0.028078969568014145
v -0.03485298156738281 -0.010375970043241978 -0.026928959414362907
v -0.034312959760427475 -0.007940948009490967 -0.02840995043516159
v -0.03366798162460327 -0.009665966033935547 -0.028645990416407585
v -0.03527795895934105 -0.002053976058959961 -0.028261950239539146
v -0.034627970308065414 0.0007899999618530273 -0.029075980186462402
v -0.03447794169187546 -0.0030849569011479616 -0.029082950204610825
v -0.0353279709815979 -0.00020399999630171806 -0.02827494964003563
v -0.03528498858213425 0.003093956969678402 -0.028328949585556984
v -0.03454595059156418 0.002044975059106946 -0.029177960008382797
v -0.03528498858213425 0.003093956969678402 -0.028328949585556984
v -0.03529398888349533 0.004797995090484619 -0.028317980468273163
v -0.03454595059156418 0.002044975059106946 -0.029177960008382797
v -0.03528498858213425 0.003093956969678402 -0.028328949585556984
v -0.0353279709815979 -0.00020399999630171806 -0.02827494964003563
v -0.03529398888349533 0.004797995090484619 -0.028317980468273163
v 0.051219988614320755 0.004876970779150724 -0.037247948348522186
v 0.04884998872876167 0.004895985126495361 -0.03727995976805687
v 0.04982398822903633 0.00567698385566473 -0.03716795891523361
v -0.04122895002365112 -0.004658997058868408 -0.018048999831080437
v -0.03946197032928467 -0.0023149840999394655 -0.02201700024306774
v -0.03877997025847435 -0.003465950023382902 -0.023056980222463608
v -0.03305298089981079 -0.01530694030225277 0.026845989748835564
v -0.03329598158597946 -0.012269970029592514 0.028078969568014145
v -0.03452198952436447 -0.013774990104138851 0.025778939947485924
v 0.0498499795794487 0.02003495953977108 0.0318179689347744
v 0.05149995908141136 0.018472960218787193 0.0327489897608757
v 0.05376797169446945 0.020586960017681122 0.03130495175719261
v 0.03854696825146675 -0.035265978425741196 -0.021763980388641357
v 0.013992959633469582 -0.03815494850277901 -0.024235960096120834
v 0.028499960899353027 -0.03500496968626976 -0.027076000347733498
v 0.04399393871426582 -0.03447895869612694 0.020825980231165886
v 0.028499960899353027 -0.034646980464458466 0.027849970385432243
v -0.01939499005675316 -0.037577979266643524 -0.021539980545639992
v -0.025329940021038055 -0.025056950747966766 -0.02785700000822544
v -0.014491969719529152 -0.037577979266643524 -0.025101950392127037
v -0.025329940021038055 -0.025056950747966766 -0.02785700000822544
v -0.020044980570673943 -0.0294109508395195 -0.027888000011444092
v -0.014491969719529152 -0.037577979266643524 -0.025101950392127037
v -0.025329940021038055 -0.025056950747966766 -0.02785700000822544
v -0.0266720000654459 -0.0194849893450737 -0.030923960730433464
v -0.028880000114440918 -0.01456694956868887 -0.03159695118665695
v -0.02869497984647751 -0.019099950790405273 -0.02931296080350876
v -0.029086939990520477 -0.013971979729831219 -0.03172193840146065
v -0.02103996090590954 0.006593942176550627 0.03543496131896973
v -0.025211980566382408 0.0013299579732120037 0.0347369909286499
v -0.021029939875006676 0.0016019940376281738 0.035983968526124954
v -0.033059000968933105 0.0018649690318852663 -0.030605969950556755
v -0.03311096876859665 0.006449996959418058 -0.029993949458003044
v -0.029316959902644157 0.006510972045361996 -0.0322909913957119
v -0.03641097992658615 0.012449969537556171 -0.0212209802120924
v -0.016997989267110825 0.022387979552149773 -0.028364000841975212
v -0.01665394939482212 0.02244699001312256 -0.02879296988248825
v -0.032045960426330566 0.011584989726543427 -0.028666969388723373
v -0.0324779711663723 0.011899939738214016 -0.027800969779491425
v -0.016455940902233124 0.02254796028137207 -0.028849000111222267
v -0.03421293944120407 0.01214694045484066 -0.025217950344085693
v -0.016636960208415985 0.02244699001312256 -0.028795000165700912
v -0.01663094013929367 0.022447999566793442 -0.02879595011472702
v -0.029086939990520477 -0.013971979729831219 0.03172193840146065
v -0.029131939634680748 -0.009219943545758724 0.03297299146652222
v -0.030870970338582993 -0.009198962710797787 0.03177899122238159
v -0.011498980224132538 0.021678980439901352 -0.030105939134955406
v 0.01791995018720627 0.021204939112067223 -0.03104894980788231
v -0.012249940074980259 0.020727990195155144 -0.030768990516662598
v -0.027574000880122185 0.010619989596307278 -0.032032959163188934
v -0.025667959824204445 0.006942986976355314 -0.03385496139526367
v -0.02792596071958542 0.008370994590222836 -0.032565951347351074
v 0.05379997938871384 -0.02559095062315464 -0.027511000633239746
v 0.03666393831372261 -0.026820950210094452 -0.03263795003294945
v 0.05314099043607712 -0.022031959146261215 -0.030751999467611313
v 0.05379997938871384 -0.02559095062315464 -0.027511000633239746
v 0.029034970328211784 -0.03102499060332775 -0.031606968492269516
v 0.030218949541449547 -0.030191950500011444 -0.03196799010038376
v -0.03485298156738281 -0.010375970043241978 0.026928959414362907
v -0.036405980587005615 -0.007300972007215023 0.02581297978758812
v -0.03591996058821678 -0.009806989692151546 0.025712959468364716
v 0.021755989640951157 -0.0349239706993103 -0.029051000252366066
v 0.028499960899353027 -0.03476094827055931 -0.027637949213385582
v 0.0089569678530097 -0.037577979266643524 -0.02756595052778721
v 0.05197596177458763 -0.03909796103835106 0.0
v 0.04438893869519234 -0.0395999513566494 0.0
v 0.00864797830581665 -0.03815494850277901 -0.026614960283041
v 0.051211949437856674 -0.039054978638887405 -0.0018649690318852663
v 0.04438893869519234 -0.0395999513566494 0.0
v -0.013992959633469582 -0.03815494850277901 0.024235960096120834
v 0.038725968450307846 -0.0395999513566494 0.007220983039587736
v -0.013992959633469582 -0.03815494850277901 0.024235960096120834
v -0.018725989386439323 -0.03815494850277901 0.02079695090651512
v -0.0361589714884758 -0.010927969589829445 -0.024868959560990334
v -0.03452198952436447 -0.013774990104138851 -0.025778939947485924
v -0.03516196832060814 -0.013942950405180454 -0.02481894940137863
v -0.030535990372300148 -0.017935989424586296 -0.0281409602612257
v -0.031376950442790985 -0.014272980391979218 -0.029311949387192726
v -0.02931796945631504 -0.018921969458460808 -0.028806980699300766
v -0.03329598158597946 -0.012269970029592514 -0.028078969568014145
v -0.03258800134062767 -0.00924599077552557 -0.029983989894390106
v -0.031376950442790985 -0.014272980391979218 -0.029311949387192726
v -0.031560949981212616 -0.015947990119457245 -0.028153950348496437
v -0.031376950442790985 -0.014272980391979218 -0.029311949387192726
v -0.03329598158597946 -0.012269970029592514 -0.028078969568014145
v -0.03366798162460327 -0.009665966033935547 -0.028645990416407585
v -0.03258800134062767 -0.00924599077552557 -0.029983989894390106
v -0.034627970308065414 0.0007899999618530273 -0.029075980186462402
v -0.03386294096708298 0.0018269410356879234 -0.02992497943341732
v -0.03409193828701973 -0.008088946342468262 0.02861296944320202
v -0.03345894068479538 -0.004085958003997803 0.03015398047864437
v -0.03472696989774704 -0.004499970935285091 0.028658980503678322
v -0.03421293944120407 0.01214694045484066 -0.025217950344085693
v -0.03641097992658615 0.012449969537556171 -0.0212209802120924
v -0.0166469793766737 0.02244699001312256 -0.028795000165700912
v -0.029393969103693962 -0.018891990184783936 0.028750000521540642
v -0.03095399960875511 -0.014632989652454853 0.029529979452490807
v -0.030466970056295395 -0.018118970096111298 0.028122959658503532
v 0.02872495912015438 0.0022789828944951296 0.03752195090055466
v 0.04864894971251488 0.002297997009009123 0.03753000125288963
v 0.05004400014877319 0.002950965892523527 0.03748399019241333
v 0.04864894971251488 0.002297997009009123 0.03753000125288963
v 0.02872495912015438 0.0022789828944951296 0.03752195090055466
v 0.024083970114588737 -0.019538989290595055 0.038717981427907944
v -0.03311096876859665 0.006449996959418058 0.029993949458003044
v -0.03306597098708153 0.0018109669908881187 0.030618960037827492
v -0.029316959902644157 0.006510972045361996 0.0322909913957119
v -0.03303997963666916 0.001223981031216681 0.03070293925702572
v -0.029301999136805534 0.001827955013141036 0.03285294026136398
v -0.029316959902644157 0.006510972045361996 0.0322909913957119
v -0.03387194126844406 0.0018369549652561545 0.029914969578385353
v -0.03354495018720627 -0.003253995906561613 0.030095990747213364
v -0.03303997963666916 0.001223981031216681 0.03070293925702572
v -0.03497999161481857 0.005693972110748291 0.028662970289587975
v -0.03387194126844406 0.0018369549652561545 0.029914969578385353
v -0.03303997963666916 0.001223981031216681 0.03070293925702572
v -0.035137951374053955 0.00044999999227002263 0.028510980308055878
v -0.035290949046611786 -0.002016961108893156 0.02824896015226841
v -0.034599948674440384 -0.0030499689746648073 0.02896898053586483
v -0.03856198862195015 0.013432970270514488 0.01263498980551958
v -0.024598000571131706 0.021919960156083107 0.011794979684054852
v -0.039678990840911865 0.013432970270514488 0.008501945994794369
v -0.02064800076186657 -0.009101985953748226 -0.035936951637268066
v 0.02411394938826561 -0.023581979796290398 -0.03797798976302147
v -0.024940960109233856 -0.014355000108480453 -0.034195948392152786
v -0.03591996058821678 -0.009806989692151546 -0.025712959468364716
v -0.034312959760427475 -0.007940948009490967 -0.02840995043516159
v -0.03485298156738281 -0.010375970043241978 -0.026928959414362907
v -0.03527098149061203 0.00494694709777832 0.028346950188279152
v -0.034609969705343246 0.0020839569624513388 0.029104940593242645
v -0.03497999161481857 0.005693972110748291 0.028662970289587975
v -0.020729949697852135 -0.00917595624923706 0.03591400012373924
v 0.02415299043059349 -0.022404959425330162 0.03839296102523804
v 0.024162940680980682 -0.021564960479736328 0.03861397132277489
v 0.040610961616039276 -0.0395999513566494 0.0
v 0.03956698998808861 -0.0395999513566494 0.007499991916120052
v 0.038725968450307846 -0.0395999513566494 0.007220983039587736
v -0.03636496886610985 -0.01030397042632103 0.0248789694160223
v -0.03485298156738281 -0.010375970043241978 0.026928959414362907
v -0.03591996058821678 -0.009806989692151546 0.025712959468364716
v -0.03946197032928467 -0.0023139710538089275 0.02201700024306774
v -0.04019898176193237 -0.0015979399904608727 0.02071397937834263
v -0.04124598950147629 -0.003259955905377865 0.018323000520467758
v 0.03694599121809006 -0.0255849901586771 -0.033467940986156464
v 0.028934000059962273 -0.028667980805039406 -0.03352599963545799
v 0.024069959297776222 -0.024184999987483025 -0.03766994923353195
v -0.0089569678530097 -0.037577979266643524 -0.02756595052778721
v -0.025852970778942108 -0.01429396029561758 -0.03406399115920067
v -0.0030299420468509197 -0.037577979266643524 -0.028825990855693817
v -0.0030299420468509197 -0.037577979266643524 0.028825990855693817
v -0.02578197978436947 -0.014301000162959099 0.034079961478710175
v -0.0089569678530097 -0.037577979266643524 0.02756595052778721
v -0.02578197978436947 -0.014301000162959099 0.034079961478710175
v -0.025878960266709328 -0.01933096908032894 0.03145395964384079
v -0.0089569678530097 -0.037577979266643524 0.02756595052778721
v -0.0089569678530097 -0.037577979266643524 -0.02756595052778721
v -0.025888970121741295 -0.01933096908032894 -0.03145097941160202
v -0.025852970778942108 -0.01429396029561758 -0.03406399115920067
v -0.018617980182170868 -0.02926498092710972 0.02862399071455002
v -0.019905980676412582 -0.029336979612708092 0.028023000806570053
v -0.014491969719529152 -0.037577979266643524 0.025101950392127037
v -0.0089569678530097 -0.037577979266643524 0.02756595052778721
v -0.02622199058532715 -0.0032709829974919558 -0.03429596871137619
v -0.025231949985027313 0.0014819500502198935 -0.03472298011183739
v -0.02562195062637329 -0.008658944629132748 -0.03443700075149536
v -0.019905980676412582 -0.029336979612708092 0.028023000806570053
v -0.02543199062347412 -0.025050990283489227 0.027779990807175636
v -0.014491969719529152 -0.037577979266643524 0.025101950392127037
v -0.02543199062347412 -0.025050990283489227 0.027779990807175636
v -0.01939499005675316 -0.037577979266643524 0.021539980545639992
v -0.014491969719529152 -0.037577979266643524 0.025101950392127037
v -0.03946197032928467 -0.0023139710538089275 0.02201700024306774
v -0.04122895002365112 -0.004658997058868408 0.018048999831080437
v -0.03878097981214523 -0.0034639830701053143 0.023055970668792725
v -0.0357319712638855 -0.025788959115743637 0.010279949754476547
v -0.028351960703730583 -0.037577979266643524 0.006025969050824642
v -0.02738194912672043 -0.037577979266643524 0.009011982940137386
v -0.025329940021038055 -0.025056950747966766 -0.02785700000822544
v -0.021250959485769272 -0.037577979266643524 -0.019477959722280502
v -0.027946939691901207 -0.024096960201859474 -0.026188960298895836
v -0.036283958703279495 -0.025442950427532196 0.00914698839187622
v -0.03562796115875244 -0.027187999337911606 0.006245969794690609
v -0.028351960703730583 -0.037577979266643524 0.006025969050824642
v -0.028984960168600082 -0.037577979266643524 0.0
v -0.03562796115875244 -0.027187999337911606 0.006245969794690609
v -0.036879949271678925 -0.0260390006005764 0.0030679700430482626
v -0.036879949271678925 -0.0260390006005764 0.0030679700430482626
v -0.03611098974943161 -0.027187999337911606 0.002090990077704191
v -0.028984960168600082 -0.037577979266643524 0.0
v 0.024866990745067596 0.015632979571819305 -0.034195948392152786
v 0.0498499795794487 0.017035959288477898 -0.033518970012664795
v 0.05137496814131737 0.015505960211157799 -0.034217000007629395
v 0.025117989629507065 0.01771795004606247 -0.03316396102309227
v 0.05149995908141136 0.018472960218787193 -0.0327489897608757
v 0.0498499795794487 0.017035959288477898 -0.033518970012664795
v -0.02449995093047619 0.022278960794210434 -0.010888990014791489
v -0.04004894942045212 0.012449969537556171 -0.013121959753334522
v -0.024535950273275375 0.022278960794210434 -0.01078294962644577
v 0.025135990232229233 0.016298940405249596 -0.03388398140668869
v 0.019862940534949303 0.016300970688462257 -0.03388297185301781
v 0.0498499795794487 0.017035959288477898 -0.033518970012664795
v 0.019880950450897217 0.01771700009703636 -0.03316396102309227
v 0.025117989629507065 0.01771795004606247 -0.03316396102309227
v 0.0498499795794487 0.017035959288477898 -0.033518970012664795
v 0.024845950305461884 0.018354950472712517 -0.03281598910689354
v 0.020153990015387535 0.018354950472712517 -0.03281598910689354
v 0.05149995908141136 0.018472960218787193 -0.0327489897608757
v 0.020578980445861816 0.01890294998884201 -0.03250294178724289
v 0.024166999384760857 0.019125990569591522 -0.032371990382671356
v 0.05149995908141136 0.018472960218787193 -0.0327489897608757
v 0.024166999384760857 0.019125990569591522 -0.032371990382671356
v 0.0498499795794487 0.02003495953977108 -0.0318179689347744
v -0.030533960089087486 -0.020005999132990837 -0.026738999411463737
v -0.030535990372300148 -0.017935989424586296 -0.0281409602612257
v -0.030043000355362892 -0.018850980326533318 -0.028099950402975082
v -0.033424969762563705 -0.017825959250330925 -0.024749990552663803
v -0.0316849909722805 -0.01903598941862583 -0.026042990386486053
v -0.031268950551748276 -0.023152939975261688 -0.02310298942029476
v -0.0316849909722805 -0.01903598941862583 -0.026042990386486053
v -0.030533960089087486 -0.020005999132990837 -0.026738999411463737
v 0.04701495170593262 -0.02140497975051403 -0.03304897993803024
v 0.04559998959302902 -0.021471969783306122 -0.03342396020889282
v 0.053681958466768265 -0.014872959814965725 -0.034465961158275604
v 0.04701495170593262 -0.02140497975051403 -0.03304897993803024
v 0.05369799956679344 -0.019096970558166504 -0.03227996081113815
v 0.04550296068191528 -0.022393999621272087 -0.03296899050474167
v -0.032531969249248505 -0.025215979665517807 0.018655000254511833
v -0.026479000225663185 -0.037577979266643524 0.011788959614932537
v -0.024872949346899986 -0.037577979266643524 0.014570949599146843
v 0.052682988345623016 -0.02122396044433117 -0.031394001096487045
v 0.04701000079512596 -0.0224949698895216 -0.03243594989180565
v 0.04550296068191528 -0.022393999621272087 -0.03296899050474167
v -0.03636496886610985 -0.01030397042632103 -0.0248789694160223
v -0.03591996058821678 -0.009806989692151546 -0.025712959468364716
v -0.037225961685180664 -0.002408981090411544 0.02560596913099289
v -0.03594594821333885 -0.004943965934216976 0.027009960263967514
v -0.035290949046611786 -0.002016961108893156 0.02824896015226841
v 0.002924978034570813 -0.03815494850277901 -0.027831969782710075
v 0.040610961616039276 -0.0395999513566494 0.0
v 0.002924978034570813 -0.03815494850277901 -0.027831969782710075
v -0.002924978034570813 -0.03815494850277901 -0.027831969782710075
v 0.040610961616039276 -0.0395999513566494 0.0
v -0.00864797830581665 -0.03815494850277901 -0.026614960283041
v -0.002924978034570813 -0.03815494850277901 -0.027831969782710075
v -0.014491969719529152 -0.037577979266643524 -0.025101950392127037
v -0.018915949389338493 -0.029254969209432602 -0.028524989262223244
v -0.0089569678530097 -0.037577979266643524 -0.02756595052778721
v -0.018915949389338493 -0.029254969209432602 -0.028524989262223244
v -0.025888970121741295 -0.01933096908032894 -0.03145097941160202
v -0.0089569678530097 -0.037577979266643524 -0.02756595052778721
v -0.0266720000654459 -0.0194849893450737 -0.030923960730433464
v -0.027756979689002037 -0.014261960051953793 -0.032746970653533936
v -0.02670300006866455 -0.014064960181713104 -0.033713988959789276
v -0.03452198952436447 -0.013774990104138851 -0.025778939947485924
v -0.03329598158597946 -0.012269970029592514 -0.028078969568014145
v -0.03305298089981079 -0.01530694030225277 -0.026845989748835564
v -0.029594000428915024 -0.004063962958753109 -0.032741960138082504
v -0.02927500009536743 0.0011539449915289879 -0.03291099891066551
v -0.029514959082007408 -0.008461952209472656 -0.032786961644887924
v -0.02927500009536743 0.0011539449915289879 -0.03291099891066551
v -0.02731597051024437 -0.0035109510645270348 -0.03380094841122627
v -0.029514959082007408 -0.008461952209472656 -0.032786961644887924
v 0.029034970328211784 -0.03102499060332775 -0.031606968492269516
v 0.053791988641023636 -0.02758496068418026 -0.02552396059036255
v 0.028499960899353027 -0.033353980630636215 -0.029525989666581154
v -0.025231949985027313 0.0014819500502198935 -0.03472298011183739
v -0.02103996090590954 0.006593942176550627 -0.03543496131896973
v -0.021029939875006676 0.0016019940376281738 -0.035983968526124954
v -0.030466970056295395 -0.018118970096111298 0.028122959658503532
v -0.032375991344451904 -0.018137989565730095 0.025859950110316277
v -0.030533960089087486 -0.020004980266094208 0.026739949360489845
v -0.03166598081588745 -0.019023949280381203 0.026065999642014503
v -0.033424969762563705 -0.017825959250330925 0.024749990552663803
v -0.033424969762563705 -0.017825959250330925 0.024749990552663803
v -0.03178900107741356 -0.021845990791916847 0.02350996993482113
v -0.030533960089087486 -0.020004980266094208 0.026739949360489845
v -0.03482097014784813 -0.01922094076871872 -0.021577950567007065
v -0.03516196832060814 -0.013942950405180454 -0.02481894940137863
v -0.033742960542440414 -0.018143950030207634 -0.024027999490499496
v -0.03482097014784813 -0.01922094076871872 0.021577950567007065
v -0.03450595960021019 -0.022315969690680504 0.01894496940076351
v -0.033361971378326416 -0.022520950064063072 0.02067296952009201
v 0.025117989629507065 0.01771795004606247 0.03316396102309227
v 0.0498499795794487 0.017035959288477898 0.033518970012664795
v 0.05149995908141136 0.018472960218787193 0.0327489897608757
v 0.024166999384760857 0.019125990569591522 -0.032371990382671356
v 0.023204980418086052 0.01960200071334839 -0.032085951417684555
v 0.0498499795794487 0.02003495953977108 -0.0318179689347744
v 0.0498499795794487 0.02003495953977108 0.0318179689347744
v 0.02114998921751976 0.01933795027434826 0.03224598988890648
v 0.05149995908141136 0.018472960218787193 0.0327489897608757
v 0.023204980418086052 0.01960200071334839 -0.032085951417684555
v 0.021794969215989113 0.01960200071334839 -0.032085951417684555
v 0.0498499795794487 0.02003495953977108 -0.0318179689347744
v 0.022499969229102135 0.0196949802339077 -0.03202896937727928
v 0.0498499795794487 0.02003495953977108 -0.0318179689347744
v 0.020153990015387535 0.018354950472712517 0.03281598910689354
v 0.024845950305461884 0.018354950472712517 0.03281598910689354
v 0.05149995908141136 0.018472960218787193 0.0327489897608757
v 0.019862940534949303 0.016300970688462257 0.03388297185301781
v 0.053499989211559296 0.0166279599070549 0.03372395038604736
v 0.019862940534949303 0.016300970688462257 0.03388297185301781
v 0.025135990232229233 0.016298940405249596 0.03388398140668869
v 0.053499989211559296 0.0166279599070549 0.03372395038604736
v 0.02114998921751976 0.01933795027434826 -0.03224598988890648
v 0.023204980418086052 0.01960200071334839 -0.032085951417684555
v 0.024166999384760857 0.019125990569591522 -0.032371990382671356
v 0.01791900023818016 0.021230990067124367 0.031031960621476173
v 0.022499969229102135 0.0196949802339077 0.03202896937727928
v 0.0498499795794487 0.02003495953977108 0.0318179689347744
v -0.03305298089981079 -0.01530694030225277 -0.026845989748835564
v -0.031376950442790985 -0.014272980391979218 -0.029311949387192726
v -0.031560949981212616 -0.015947990119457245 -0.028153950348496437
v 0.021794969215989113 0.01960200071334839 0.032085951417684555
v 0.023204980418086052 0.01960200071334839 0.032085951417684555
v 0.0498499795794487 0.02003495953977108 0.0318179689347744
v -0.025211980566382408 0.0013299579732120037 0.0347369909286499
v -0.021665990352630615 -0.008842945098876953 0.03586595878005028
v -0.021029939875006676 0.0016019940376281738 0.035983968526124954
v 0.023204980418086052 0.01960200071334839 0.032085951417684555
v 0.02114998921751976 0.01933795027434826 0.03224598988890648
v 0.0498499795794487 0.02003495953977108 0.0318179689347744
v 0.05395298823714256 -0.034819960594177246 -0.013725990429520607
v 0.05399996042251587 -0.03619294986128807 -0.00815194845199585
v 0.053732991218566895 -0.035796988755464554 -0.011163939721882343
v 0.022075949236750603 -0.03421198949217796 -0.030234990641474724
v 0.0089569678530097 -0.037577979266643524 -0.02756595052778721
v 0.0030299420468509197 -0.037577979266643524 -0.028825990855693817
v 0.05399996042251587 -0.03709995001554489 0.0
v 0.05372798070311546 -0.03739093989133835 0.002776979934424162
v 0.05288194864988327 -0.03845595940947533 -1.2999998943996616e-05
v 0.04438893869519234 -0.0395999513566494 0.0
v 0.04546498879790306 -0.0395999513566494 0.007499991916120052
v -0.035220980644226074 0.011249950155615807 0.025296980515122414
v -0.034578971564769745 0.01039194967597723 0.02718197926878929
v -0.033580001443624496 0.01110094040632248 0.02762800082564354
v 0.05395298823714256 -0.034819960594177246 0.013725990429520607
v 0.0537719689309597 -0.03562498092651367 0.01166194025427103
v 0.05399996042251587 -0.035835981369018555 0.009601949714124203
v -0.018725989386439323 -0.03815494850277901 -0.02079695090651512
v -0.013992959633469582 -0.03815494850277901 -0.024235960096120834
v 0.040610961616039276 -0.0395999513566494 0.0
v -0.013992959633469582 -0.03815494850277901 -0.024235960096120834
v -0.00864797830581665 -0.03815494850277901 -0.026614960283041
v 0.040610961616039276 -0.0395999513566494 0.0
v 0.029034970328211784 -0.03102499060332775 0.031606968492269516
v 0.053801000118255615 -0.027579959481954575 0.025518950074911118
v 0.053772978484630585 -0.025603950023651123 0.02752494066953659
v -0.027350960299372673 -0.03815494850277901 -0.0058879852294921875
v 0.038725968450307846 -0.0395999513566494 0.007220983039587736
v -0.027984969317913055 -0.03815494850277901 0.0
v 0.02872495912015438 0.0022789828944951296 0.03752195090055466
v 0.018936989828944206 0.0049789538607001305 0.0372689887881279
v 0.02872495912015438 0.0022789828944951296 0.03752195090055466
v 0.05004400014877319 0.002950965892523527 0.03748399019241333
v 0.018936989828944206 0.0049789538607001305 0.0372689887881279
v 0.05004400014877319 0.002950965892523527 0.03748399019241333
v 0.04884998872876167 0.004895985126495361 0.03727995976805687
v 0.018936989828944206 0.0049789538607001305 0.0372689887881279
v -0.012249940074980259 0.0016389479860663414 0.03703099116683006
v 0.024083970114588737 -0.019538989290595055 0.038717981427907944
v -0.012314969673752785 0.014062999747693539 0.03430597856640816
v -0.010813949629664421 0.012225979939103127 0.03502696007490158
v 0.04701000079512596 -0.0224949698895216 0.03243594989180565
v 0.053431980311870575 -0.02149200066924095 0.031012950465083122
v 0.04550796002149582 -0.022345000877976418 0.032993968576192856
v 0.053431980311870575 -0.02149200066924095 0.031012950465083122
v 0.05367295816540718 -0.01910698041319847 0.0322909913957119
v 0.04550796002149582 -0.022345000877976418 0.032993968576192856
v 0.05367295816540718 -0.01910698041319847 0.0322909913957119
v 0.04701495170593262 -0.02140497975051403 0.03304897993803024
v 0.053681958466768265 -0.014872959814965725 0.034467991441488266
v 0.04559898003935814 -0.0214729905128479 0.033422939479351044
v 0.02861296944320202 -0.017585989087820053 0.03857295960187912
v 0.053499989211559296 -0.0005659999442286789 0.037554968148469925
v 0.024119969457387924 -0.0201259795576334 0.038740988820791245
v 0.04864894971251488 0.002297997009009123 0.03753000125288963
v 0.024119969457387924 -0.0201259795576334 0.038740988820791245
v -0.032261960208415985 -0.003920971881598234 -0.031239980831742287
v -0.032849960029125214 -0.008535981178283691 -0.02986495941877365
v -0.03354698047041893 -0.004147945903241634 -0.030025949701666832
v -0.03303997963666916 0.001223981031216681 0.03070293925702572
v -0.03237998113036156 -0.003226995002478361 0.031075000762939453
v -0.029460959136486053 -0.008455990813672543 0.03281896933913231
v -0.033509958535432816 -0.009595990180969238 0.02883397974073887
v -0.03329598158597946 -0.012269970029592514 0.028078969568014145
v -0.03233695030212402 -0.009238958358764648 0.0302459504455328
v 0.018936989828944206 0.0049789538607001305 -0.0372689887881279
v 0.02872495912015438 0.0022669429890811443 -0.03752398118376732
v 0.024083970114588737 -0.019538989290595055 -0.038717981427907944
v -0.031470950692892075 -0.014261960051953793 0.029213959351181984
v -0.03233695030212402 -0.009238958358764648 0.0302459504455328
v 0.02872495912015438 0.0022669429890811443 -0.03752398118376732
v 0.04864894971251488 0.002297997009009123 -0.03753000125288963
v 0.024083970114588737 -0.019538989290595055 -0.038717981427907944
v 0.050042979419231415 0.002949953079223633 -0.03748399019241333
v 0.024083970114588737 -0.019538989290595055 -0.038717981427907944
v 0.050042979419231415 0.002949953079223633 -0.03748399019241333
v 0.028622979298233986 -0.017585989087820053 -0.0385739803314209
v 0.024083970114588737 -0.019538989290595055 -0.038717981427907944
v -0.03305298089981079 -0.01530694030225277 0.026845989748835564
v -0.033080991357564926 -0.016903990879654884 0.02583599090576172
v -0.030466970056295395 -0.018118970096111298 0.028122959658503532
v -0.015920989215373993 -0.003997981082648039 -0.03684395179152489
v 0.024083970114588737 -0.019538989290595055 -0.038717981427907944
v 0.02415299043059349 -0.020984940230846405 -0.038697000592947006
v -0.012249940074980259 0.0016389479860663414 -0.03703099116683006
v 0.018936989828944206 0.0049789538607001305 -0.0372689887881279
v 0.024083970114588737 -0.019538989290595055 -0.038717981427907944
v 0.05361199006438255 0.007862985134124756 -0.036745961755514145
v 0.04982398822903633 0.00567698385566473 -0.03716795891523361
v 0.018936989828944206 0.0049789538607001305 -0.0372689887881279
v 0.04884998872876167 0.004895985126495361 -0.03727995976805687
v 0.050042979419231415 0.002949953079223633 -0.03748399019241333
v 0.018936989828944206 0.0049789538607001305 -0.0372689887881279
v 0.050042979419231415 0.002949953079223633 -0.03748399019241333
v 0.050042979419231415 0.002949953079223633 -0.03748399019241333
v 0.0498499795794487 0.010636979714035988 -0.03606396168470383
v 0.05361199006438255 0.007862985134124756 -0.036745961755514145
v 0.017668960615992546 0.008411942981183529 -0.03658096864819527
v -0.012249940074980259 0.011708970181643963 0.03517394885420799
v 0.017609000205993652 0.00842898990958929 0.036513980478048325
v 0.017855999991297722 0.0105929896235466 0.03593099117279053
v 0.023902950808405876 -0.06049995869398117 0.01796196959912777
v 0.025382990017533302 -0.05999999865889549 0.01599097065627575
v 0.025090990588068962 -0.04612100124359131 0.019860979169607162
v 0.025382990017533302 -0.05999999865889549 0.01599097065627575
v 0.026474950835108757 -0.06049995869398117 0.01389496959745884
v 0.025090990588068962 -0.04612100124359131 0.019860979169607162
v 0.026474950835108757 -0.06049995869398117 0.01389496959745884
v 0.027668949216604233 -0.05999999865889549 0.011594950221478939
v -0.025270989164710045 -0.06124997138977051 0.015980949625372887
v -0.024839989840984344 -0.05999999865889549 0.016820959746837616
v -0.029744980856776237 -0.04612100124359131 0.011798970401287079
v -0.024839989840984344 -0.05999999865889549 0.016820959746837616
v -0.02237999066710472 -0.06124997138977051 0.019826939329504967
v -0.029744980856776237 -0.04612100124359131 0.011798970401287079
v -0.02237999066710472 -0.06124997138977051 0.019826939329504967
v -0.021732980385422707 -0.05999999865889549 0.02068096026778221
v -0.029744980856776237 -0.04612100124359131 0.011798970401287079
v 0.012969969771802425 -0.0668569803237915 -0.019647950306534767
v 0.013748999685049057 -0.06174999102950096 -0.02590000070631504
v 0.016984989866614342 -0.06124997138977051 -0.02460700087249279
v -0.021732980385422707 -0.05999999865889549 0.02068096026778221
v -0.025682980194687843 -0.04884998872876167 0.016309969127178192
v -0.028662970289587975 -0.04703294858336449 0.01300096046179533
v -0.014842979609966278 -0.04612100124359131 0.028348980471491814
v -0.018905989825725555 -0.04884998872876167 0.02383797988295555
v 0.008207975886762142 -0.06714998930692673 -0.021285949274897575
v -0.010820980183780193 -0.06714998930692673 0.020108990371227264
v -0.012579970061779022 -0.06714998930692673 0.019057979807257652
v -0.01719694957137108 -0.06714998930692673 -0.015024960041046143
v -0.01578097976744175 -0.06714998930692673 -0.016505949199199677
v -0.012579970061779022 -0.06714998930692673 -0.019057979807257652
v -0.010820980183780193 -0.06714998930692673 -0.020108990371227264
v -0.018031949177384377 -0.05999999865889549 0.023975960910320282
v -0.014949969947338104 -0.06124997138977051 0.025893980637192726
v -0.013839960098266602 -0.05999999865889549 0.026616990566253662
v -0.014842979609966278 -0.04612100124359131 0.028348980471491814
v 0.022404959425330162 -0.05999999865889549 0.019950980320572853
v 0.025090990588068962 -0.04612100124359131 0.019860979169607162
v 0.023069970309734344 -0.04612100124359131 0.02217596024274826
v 0.018905989825725555 -0.04884998872876167 -0.02383797988295555
v 0.021732980385422707 -0.05999999865889549 -0.02068096026778221
v 0.014842979609966278 -0.04612100124359131 -0.028348980471491814
v 0.021732980385422707 -0.05999999865889549 -0.02068096026778221
v 0.020711949095129967 -0.06049995869398117 -0.02156393975019455
v 0.014842979609966278 -0.04612100124359131 -0.028348980471491814
v 0.020711949095129967 -0.06049995869398117 -0.02156393975019455
v 0.018031949177384377 -0.05999999865889549 -0.023975960910320282
v 0.014842979609966278 -0.04612100124359131 -0.028348980471491814
v 0.018031949177384377 -0.05999999865889549 -0.023975960910320282
v 0.016984989866614342 -0.06124997138977051 -0.02460700087249279
v 0.018031949177384377 -0.05999999865889549 -0.023975960910320282
v 0.020711949095129967 -0.06049995869398117 -0.02156393975019455
v 0.016984989866614342 -0.06124997138977051 -0.02460700087249279
v 0.01881497912108898 -0.05999999865889549 0.023365970700979233
v 0.0225369893014431 -0.04612100124359131 0.022716989740729332
v 0.02023695968091488 -0.04612100124359131 0.024787960574030876
v -0.009252965450286865 -0.0668569803237915 0.0216479804366827
v -0.014699989929795265 -0.06174999102950096 0.025460949167609215
v -0.011155960150063038 -0.0668569803237915 0.020731979981064796
v 0.0054259891621768475 -0.05999999865889549 0.02950494922697544
v 0.00831895973533392 -0.06124997138977051 0.028718940913677216
v 0.01712995022535324 -0.04612100124359131 0.027028970420360565
v 0.00831895973533392 -0.06124997138977051 0.028718940913677216
v 0.010208959691226482 -0.05999999865889549 0.028209980577230453
v 0.01712995022535324 -0.04612100124359131 0.027028970420360565
v 0.010208959691226482 -0.05999999865889549 0.028209980577230453
v 0.012817969545722008 -0.06124997138977051 0.02701300010085106
v 0.01712995022535324 -0.04612100124359131 0.027028970420360565
v -0.0225369893014431 -0.04612100124359131 -0.022716989740729332
v -0.02023695968091488 -0.04612100124359131 -0.024787960574030876
v -0.01881497912108898 -0.05999999865889549 -0.023365970700979233
v 0.012817969545722008 -0.06124997138977051 0.02701300010085106
v 0.014712980017066002 -0.05999999865889549 0.026144979521632195
v 0.0012839429546147585 -0.04039198160171509 0.030396990478038788
v -0.004654943011701107 -0.04312098026275635 0.03165996074676514
v 0.015546970069408417 -0.0422089584171772 0.02736598066985607
v -0.02033299021422863 -0.04053698852658272 -0.022743990644812584
v -0.019905980676412582 -0.041525948792696 -0.02386694960296154
v -0.02023695968091488 -0.04312098026275635 -0.024787960574030876
v -0.009270966053009033 -0.05999999865889549 0.028531959280371666
v -0.008404970169067383 -0.04612100124359131 0.030875980854034424
v -0.010602950118482113 -0.06124997138977051 0.02795696072280407
v -0.008404970169067383 -0.04612100124359131 0.030875980854034424
v -0.011348959989845753 -0.04612100124359131 0.029919980093836784
v 0.025682980194687843 -0.04884998872876167 -0.016309969127178192
v 0.028662970289587975 -0.04703294858336449 -0.01300096046179533
v 0.021732980385422707 -0.05999999865889549 -0.02068096026778221
v -0.01423798967152834 -0.06714998930692673 -0.01785396970808506
v -0.016044970601797104 -0.0670740008354187 -0.01678198017179966
v -0.01279096957296133 -0.0670740008354187 -0.019378000870347023
v -0.03158599138259888 -0.04612100124359131 0.005131958983838558
v -0.029851969331502914 -0.05999999865889549 0.0029709930531680584
v -0.029030969366431236 -0.06049995869398117 0.007155953906476498
v -0.027506940066814423 -0.06124997138977051 -0.011719999834895134
v -0.027668949216604233 -0.05999999865889549 -0.011594950221478939
v -0.025090990588068962 -0.04612100124359131 -0.019860979169607162
v -0.03197300061583519 -0.04312098026275635 0.0013199440436437726
v -0.02696697972714901 -0.04039198160171509 -0.014086959883570671
v -0.02559095062315464 -0.0422089584171772 -0.018321989104151726
v 0.030941959470510483 -0.04612100124359131 -0.008158980868756771
v 0.028955990448594093 -0.05999999865889549 -0.007843971252441406
v 0.028360959142446518 -0.06124997138977051 -0.0094679594039917
v 0.014712980017066002 -0.05999999865889549 0.026144979521632195
v 0.019642939791083336 -0.04612100124359131 0.02526199072599411
v 0.01712995022535324 -0.04612100124359131 0.027028970420360565
v 0.01881497912108898 -0.05999999865889549 0.023365970700979233
v 0.019642939791083336 -0.04612100124359131 0.02526199072599411
v 0.016984989866614342 -0.06124997138977051 0.02460700087249279
v -0.030941959470510483 -0.04312098026275635 0.008158980868756771
v -0.03158599138259888 -0.04612100124359131 0.005131958983838558
v -0.030739959329366684 -0.04612100124359131 0.008891998790204525
v -0.028531959280371666 -0.05114996060729027 -0.009270966053009033
v -0.03197300061583519 -0.04612100124359131 0.0013199440436437726
v -0.02559095062315464 -0.04703294858336449 -0.018321989104151726
v 0.030065950006246567 -0.04073696956038475 -0.005812942050397396
v 0.03158599138259888 -0.04312098026275635 -0.005131958983838558
v 0.030941959470510483 -0.04312098026275635 -0.008158980868756771
v -0.01881497912108898 -0.05999999865889549 -0.023365970700979233
v -0.01712995022535324 -0.04612100124359131 -0.027028970420360565
v -0.014949969947338104 -0.06124997138977051 -0.025893980637192726
v 0.02696697972714901 -0.04039198160171509 0.014086959883570671
v 0.02559095062315464 -0.0422089584171772 0.018321989104151726
v 0.03197300061583519 -0.04312098026275635 -0.0013199440436437726
v -0.0012039539869874716 -0.06124997138977051 -0.029875990003347397
v -0.0054259891621768475 -0.05999999865889549 -0.02950494922697544
v 0.004654943011701107 -0.04612100124359131 -0.03165996074676514
v -0.014699989929795265 -0.06174999102950096 -0.025460949167609215
v -0.009252965450286865 -0.0668569803237915 -0.0216479804366827
v -0.011155960150063038 -0.0668569803237915 -0.020731979981064796
v -0.0054259891621768475 -0.05999999865889549 -0.02950494922697544
v -0.0012839429546147585 -0.04884998872876167 -0.030396990478038788
v 0.004654943011701107 -0.04612100124359131 -0.03165996074676514
v -0.0012839429546147585 -0.04884998872876167 -0.030396990478038788
v -0.013415990397334099 -0.04805295914411545 -0.027818970382213593
v -0.015546970069408417 -0.0422089584171772 -0.02736598066985607
v -0.0012839429546147585 -0.04039198160171509 -0.030396990478038788
v 0.004654943011701107 -0.04312098026275635 -0.03165996074676514
v -0.028955990448594093 -0.05999999865889549 0.007843971252441406
v -0.03158599138259888 -0.04612100124359131 0.005131958983838558
v -0.029030969366431236 -0.06049995869398117 0.007155953906476498
v -0.013415990397334099 -0.04805295914411545 -0.027818970382213593
v -0.0012839429546147585 -0.04884998872876167 -0.030396990478038788
v -0.0054259891621768475 -0.05999999865889549 -0.02950494922697544
v 0.02559095062315464 -0.04703294858336449 0.018321989104151726
v 0.028531959280371666 -0.05114996060729027 0.009270966053009033
v 0.03197300061583519 -0.04612100124359131 -0.0013199440436437726
v 0.028531959280371666 -0.05114996060729027 0.009270966053009033
v 0.028360959142446518 -0.06124997138977051 0.0094679594039917
v 0.03197300061583519 -0.04612100124359131 -0.0013199440436437726
v 0.028360959142446518 -0.06124997138977051 0.0094679594039917
v 0.029199950397014618 -0.05999999865889549 0.006882965099066496
v 0.029933979734778404 -0.05999999865889549 0.001982985995709896
v 0.029899949207901955 -0.06049995869398117 0.0
v 0.03197300061583519 -0.04612100124359131 -0.0013199440436437726
v 0.027668949216604233 -0.05999999865889549 0.011594950221478939
v 0.028360959142446518 -0.06124997138977051 0.0094679594039917
v 0.02559095062315464 -0.04703294858336449 0.018321989104151726
v 0.028360959142446518 -0.06124997138977051 0.0094679594039917
v 0.028531959280371666 -0.05114996060729027 0.009270966053009033
v 0.02559095062315464 -0.04703294858336449 0.018321989104151726
v 0.02726995013654232 -0.05999999865889549 -0.012502959929406643
v 0.030739959329366684 -0.04612100124359131 -0.008891998790204525
v 0.028360959142446518 -0.06124997138977051 -0.0094679594039917
v -0.01712995022535324 -0.04612100124359131 -0.027028970420360565
v -0.010208959691226482 -0.05999999865889549 -0.028209980577230453
v -0.010602950118482113 -0.06124997138977051 -0.02795696072280407
v 0.005202949047088623 -0.06696497648954391 -0.02279393933713436
v 0.00831895973533392 -0.06124997138977051 -0.028718940913677216
v 0.007224977016448975 -0.06696497648954391 -0.02223598025739193
v 0.011348959989845753 -0.04312098026275635 -0.029919980093836784
v 0.008404970169067383 -0.04312098026275635 -0.030875980854034424
v 0.009433983825147152 -0.040583960711956024 -0.029038960114121437
v 0.03197300061583519 -0.04612100124359131 -0.0013199440436437726
v 0.029851969331502914 -0.05999999865889549 -0.0029709930531680584
v 0.03169900178909302 -0.04612100124359131 -0.00437998678535223
v 0.02204197086393833 -0.0668569803237915 -0.008271992206573486
v 0.028360959142446518 -0.06124997138977051 -0.0094679594039917
v 0.022538000717759132 -0.06696497648954391 -0.006219983100891113
v 0.008207975886762142 -0.06714998930692673 -0.021285949274897575
v 0.010820980183780193 -0.06714998930692673 -0.020108990371227264
v 0.012579970061779022 -0.06714998930692673 -0.019057979807257652
v 0.012579970061779022 -0.06714998930692673 0.019057979807257652
v 0.010820980183780193 -0.06714998930692673 0.020108990371227264
v -0.0225369893014431 -0.04612100124359131 -0.022716989740729332
v -0.02237999066710472 -0.06124997138977051 -0.019826939329504967
v -0.025090990588068962 -0.04612100124359131 -0.019860979169607162
v 0.0225369893014431 -0.04612100124359131 0.022716989740729332
v 0.022404959425330162 -0.05999999865889549 0.019950980320572853
v 0.023069970309734344 -0.04612100124359131 0.02217596024274826
v 0.0012839429546147585 -0.04884998872876167 0.030396990478038788
v -0.004654943011701107 -0.04612100124359131 0.03165996074676514
v 0.0054259891621768475 -0.05999999865889549 0.02950494922697544
v -0.004654943011701107 -0.04612100124359131 0.03165996074676514
v 0.0036039939150214195 -0.06049995869398117 0.0296819806098938
v 0.0054259891621768475 -0.05999999865889549 0.02950494922697544
v 0.0036039939150214195 -0.06049995869398117 0.0296819806098938
v 0.00831895973533392 -0.06124997138977051 0.028718940913677216
v 0.013415990397334099 -0.04805295914411545 0.027818970382213593
v 0.0012839429546147585 -0.04884998872876167 0.030396990478038788
v -0.012969969771802425 -0.0668569803237915 0.019647950306534767
v -0.018772000446915627 -0.061468951404094696 0.0229909997433424
v -0.014577980153262615 -0.06696497648954391 0.01827996037900448
v -0.00598096800968051 -0.06049995869398117 0.02929598093032837
v -0.004447996150702238 -0.05999999865889549 0.029667969793081284
v -0.004654943011701107 -0.04612100124359131 0.03165996074676514
v -0.004447996150702238 -0.05999999865889549 0.029667969793081284
v -0.0012039539869874716 -0.06124997138977051 0.029875990003347397
v -0.0012039539869874716 -0.06124997138977051 0.029875990003347397
v 0.0004959999932907522 -0.05999999865889549 0.02999597042798996
v -0.004654943011701107 -0.04612100124359131 0.03165996074676514
v 0.0004959999932907522 -0.05999999865889549 0.02999597042798996
v 0.0012839429546147585 -0.04884998872876167 0.030396990478038788
v 0.013415990397334099 -0.04805295914411545 0.027818970382213593
v 0.0004959999932907522 -0.05999999865889549 0.02999597042798996
v -0.0012039539869874716 -0.06124997138977051 0.029875990003347397
v 0.0036039939150214195 -0.06049995869398117 0.0296819806098938
v -0.011348959989845753 -0.04612100124359131 0.029919980093836784
v -0.013839960098266602 -0.05999999865889549 0.026616990566253662
v -0.010602950118482113 -0.06124997138977051 0.02795696072280407
v -0.007056951057165861 -0.06714998930692673 0.021717960014939308
v -0.0051669469103217125 -0.0670740008354187 0.022635990753769875
v -0.009124994277954102 -0.0670740008354187 0.021349959075450897
v -0.021884970366954803 0.021550949662923813 0.02199696935713291
v -0.03389196842908859 0.012446990236639977 0.02504396066069603
v -0.01958698034286499 0.021238980814814568 0.026950949802994728
v -0.017625980079174042 0.020986970514059067 0.028990980237722397
v -0.01764398068189621 0.02098798006772995 0.028974950313568115
v -0.01683294028043747 0.020878970623016357 0.029235949739813805
v -0.014193950220942497 0.021183960139751434 0.0
v -0.024845950305461884 0.022256970405578613 -0.009078978560864925
v -0.02449995093047619 0.022278960794210434 -0.010888990014791489
v -0.017783990129828453 0.02230994962155819 -0.027216970920562744
v -0.03641097992658615 0.012449969537556171 -0.0212209802120924
v -0.01900899037718773 0.022328969091176987 -0.02502596005797386
v -0.017569949850440025 0.02099597081542015 0.029027989134192467
v -0.017625980079174042 0.020986970514059067 0.028990980237722397
v -0.01683294028043747 0.020878970623016357 0.029235949739813805
v 0.0498499795794487 0.022864989936351776 0.029848989099264145
v 0.0498499795794487 0.02003495953977108 0.0318179689347744
v 0.05376797169446945 0.020586960017681122 0.03130495175719261
v 0.01791900023818016 0.021230990067124367 0.031031960621476173
v 0.017136989161372185 0.02286594919860363 0.029788969084620476
v -0.012273959815502167 0.020666949450969696 0.03080998919904232
v -0.018417000770568848 0.021080970764160156 0.02820896916091442
v -0.01764398068189621 0.02098798006772995 0.028974950313568115
v -0.0379599891602993 0.023718949407339096 0.02243095077574253
v -0.025081990286707878 0.022003939375281334 0.0008310000412166119
v -0.016651980578899384 0.02244699001312256 -0.02879399061203003
v -0.016651980578899384 0.02244699001312256 -0.02879399061203003
v -0.01665394939482212 0.02244699001312256 -0.02879296988248825
v -0.024801960214972496 0.021947970613837242 0.010217959992587566
v -0.024978989735245705 0.02197295054793358 0.004984973929822445
v -0.01149796973913908 0.020146960392594337 0.030254000797867775
v -0.020817989483475685 0.02234899066388607 -0.021514950320124626
v -0.03641097992658615 0.012449969537556171 -0.0212209802120924
v -0.03844397887587547 0.012449969537556171 -0.017268000170588493
v -0.002586960094049573 0.020764939486980438 0.03088200092315674
v 0.05376797169446945 0.020586960017681122 0.03130495175719261
v 0.01791900023818016 0.021230990067124367 0.031031960621476173
v -0.016584990546107292 0.021258950233459473 0.02954000048339367
v -0.01683294028043747 0.020878970623016357 0.029235949739813805
v -0.012273959815502167 0.020666949450969696 0.03080998919904232
v 0.05399996042251587 0.018549969419836998 0.03212999925017357
v 0.05399996042251587 0.007762968074530363 -0.03627895936369896
v 0.05399996042251587 0.020700989291071892 0.021079950034618378
v -0.020817989483475685 0.02234899066388607 -0.021514950320124626
v -0.021047940477728844 0.022346969693899155 -0.020928969606757164
v -0.03619997948408127 0.02352296933531761 -0.023249980062246323
v -0.04035395011305809 0.013432970270514488 0.004274963866919279
v -0.025027990341186523 0.021981000900268555 0.0033099649008363485
v -0.025081990286707878 0.022003939375281334 0.0008310000412166119
v 0.017135970294475555 0.022868990898132324 0.02978700026869774
v 0.017030000686645508 0.02310298942029476 0.02963596023619175
v -0.012249940074980259 0.023841969668865204 0.028959980234503746
v -0.012249940074980259 0.023841969668865204 0.028959980234503746
v -0.012273959815502167 0.020666949450969696 0.03080998919904232
v 0.017136989161372185 0.02286594919860363 0.029788969084620476
v 0.017136989161372185 0.02286594919860363 0.029788969084620476
v 0.01791900023818016 0.021230990067124367 0.031031960621476173
v 0.017136989161372185 0.02287900075316429 0.029802970588207245
v 0.017136989161372185 0.02287900075316429 0.029802970588207245
v 0.017135970294475555 0.022868990898132324 0.02978700026869774
v 0.017136989161372185 0.02286594919860363 0.029788969084620476
v 0.0119779696688056 0.021919960156083107 -0.01946300081908703
v 0.005788980983197689 0.020588990300893784 0.01853197067975998
v -0.014193950220942497 0.021183960139751434 0.0
v 0.0267939493060112 0.022211959585547447 -0.02631795033812523
v 0.05399996042251587 0.022543959319591522 -0.029378950595855713
v 0.05399996042251587 0.020700989291071892 0.021079950034618378
v 0.001352965016849339 0.0395999513566494 0.0
v 0.0492669902741909 0.03959494084119797 -0.0006559999892488122
v 0.0489189587533474 0.03957396000623703 -0.001438974984921515
v -0.016636960208415985 0.02244699001312256 -0.028795000165700912
v -0.0166469793766737 0.02244699001312256 -0.028795000165700912
v -0.016632970422506332 0.022447999566793442 -0.02879595011472702
v -0.016632970422506332 0.022447999566793442 -0.02879595011472702
v -0.012249940074980259 0.022821959108114243 -0.029190000146627426
v -0.016636960208415985 0.02244699001312256 -0.028795000165700912
v 0.0267939493060112 0.022211959585547447 -0.02631795033812523
v 0.05399996042251587 0.020340969786047935 0.0309329591691494
v 0.005788980983197689 0.020588990300893784 0.01853197067975998
v -0.01750998944044113 0.02229195088148117 -0.027275970205664635
v -0.014193950220942497 0.021183960139751434 0.0
v -0.01900899037718773 0.022328969091176987 -0.02502596005797386
v -0.014193950220942497 0.021183960139751434 0.0
v -0.02449995093047619 0.022278960794210434 -0.010888990014791489
v -0.021047940477728844 0.022346969693899155 -0.020928969606757164
v -0.020817989483475685 0.02234899066388607 -0.021514950320124626
v -0.014193950220942497 0.021183960139751434 0.0
v -0.021047940477728844 0.022346969693899155 -0.020928969606757164
v -0.020817989483475685 0.02234899066388607 -0.021514950320124626
v -0.01900899037718773 0.022328969091176987 -0.02502596005797386
v -0.014193950220942497 0.021183960139751434 0.0
v -0.01665394939482212 0.02244699001312256 -0.02879296988248825
v -0.03619997948408127 0.02352296933531761 -0.023249980062246323
v -0.03642696142196655 0.023985980078577995 -0.02369396947324276
v -0.03642696142196655 0.023985980078577995 -0.02369396947324276
v -0.016651980578899384 0.02244699001312256 -0.02879399061203003
v -0.01665394939482212 0.02244699001312256 -0.02879296988248825
v -0.01683294028043747 0.020878970623016357 0.029235949739813805
v -0.01764398068189621 0.02098798006772995 0.028974950313568115
v -0.018417000770568848 0.021080970764160156 0.02820896916091442
v -0.0379599891602993 0.023718949407339096 0.02243095077574253
v -0.03897695988416672 0.023868970572948456 -0.021252980455756187
v -0.024978989735245705 0.02197295054793358 0.004984973929822445
v -0.0379599891602993 0.023718949407339096 0.02243095077574253
v -0.024978989735245705 0.02197295054793358 0.004984973929822445
v -0.024801960214972496 0.021947970613837242 0.010217959992587566
v -0.019152989611029625 0.02117997035384178 0.027532989159226418
v -0.018417000770568848 0.021080970764160156 0.02820896916091442
v -0.0379599891602993 0.023718949407339096 0.02243095077574253
v -0.01928596943616867 0.0211979690939188 0.02738397940993309
v -0.019152989611029625 0.02117997035384178 0.027532989159226418
v -0.0379599891602993 0.023718949407339096 0.02243095077574253
v -0.0379599891602993 0.023718949407339096 0.02243095077574253
v -0.024801960214972496 0.021947970613837242 0.010217959992587566
v -0.024598000571131706 0.021919960156083107 0.011794979684054852
v -0.0379599891602993 0.023718949407339096 0.02243095077574253
v -0.024598000571131706 0.021919960156083107 0.011794979684054852
v -0.02344398945569992 0.021761950105428696 0.01673698052763939
v -0.01933795027434826 0.021205959841609 0.027322940528392792
v -0.01928596943616867 0.0211979690939188 0.02738397940993309
v -0.0379599891602993 0.023718949407339096 0.02243095077574253
v -0.019396960735321045 0.0212129894644022 0.027240989729762077
v -0.01933795027434826 0.021205959841609 0.027322940528392792
v -0.0379599891602993 0.023718949407339096 0.02243095077574253
v -0.0379599891602993 0.023718949407339096 0.02243095077574253
v -0.02344398945569992 0.021761950105428696 0.01673698052763939
v -0.0233799796551466 0.021753959357738495 0.01699095033109188
v -0.0379599891602993 0.023718949407339096 0.02243095077574253
v -0.0233799796551466 0.021753959357738495 0.01699095033109188
v -0.022237949073314667 0.021597979590296745 0.021167989820241928
v -0.01957499049603939 0.02123796008527279 0.02697294019162655
v -0.019396960735321045 0.0212129894644022 0.027240989729762077
v -0.0379599891602993 0.023718949407339096 0.02243095077574253
v -0.01958698034286499 0.021238980814814568 0.026950949802994728
v -0.01957499049603939 0.02123796008527279 0.02697294019162655
v -0.0379599891602993 0.023718949407339096 0.02243095077574253
v -0.0379599891602993 0.023718949407339096 0.02243095077574253
v -0.022237949073314667 0.021597979590296745 0.021167989820241928
v -0.021884970366954803 0.021550949662923813 0.02199696935713291
v -0.03795598819851875 0.023733969777822495 -0.022434940561652184
v -0.03619997948408127 0.02352296933531761 -0.023249980062246323
v -0.025081990286707878 0.022003939375281334 0.0008310000412166119
v -0.03619997948408127 0.02352296933531761 -0.023249980062246323
v -0.02449995093047619 0.022278960794210434 -0.010888990014791489
v -0.024535950273275375 0.022278960794210434 -0.01078294962644577
v -0.03619997948408127 0.02352296933531761 -0.023249980062246323
v -0.024535950273275375 0.022278960794210434 -0.01078294962644577
v -0.024845950305461884 0.022256970405578613 -0.009078978560864925
v -0.024999970570206642 0.02222095988690853 -0.0073319668881595135
v -0.025081990286707878 0.022003939375281334 0.0008310000412166119
v -0.03619997948408127 0.02352296933531761 -0.023249980062246323
v -0.03642696142196655 0.023985980078577995 0.02369396947324276
v -0.03619997948408127 0.02352296933531761 0.023249980062246323
v -0.017625980079174042 0.020986970514059067 0.028990980237722397
v -0.03619997948408127 0.02352296933531761 0.023249980062246323
v -0.0379599891602993 0.023718949407339096 0.02243095077574253
v -0.01764398068189621 0.02098798006772995 0.028974950313568115
v 0.017136989161372185 0.02287900075316429 0.029802970588207245
v 0.01791900023818016 0.021230990067124367 0.031031960621476173
v 0.017135970294475555 0.022868990898132324 0.02978700026869774
v 0.01791900023818016 0.021230990067124367 0.031031960621476173
v 0.05127197131514549 0.02122293971478939 0.03090994991362095
v 0.0498499795794487 0.022864989936351776 0.029848989099264145
v 0.017135970294475555 0.022868990898132324 0.02978700026869774
v 0.01791900023818016 0.021230990067124367 0.031031960621476173
v 0.0498499795794487 0.022864989936351776 0.029848989099264145
v -0.04013894870877266 0.03020595945417881 0.005289970897138119
v -0.041765980422496796 0.02520197071135044 0.003320991061627865
v -0.041610948741436005 0.025023989379405975 0.006726980209350586
v -0.01877897046506405 0.02695493958890438 0.02538895048201084
v -0.03628695011138916 0.026100989431142807 0.021697990596294403
v -0.03642696142196655 0.023985980078577995 0.02369396947324276
v -0.03466897830367088 -0.027187999337911606 -0.010316959582269192
v -0.034331969916820526 -0.026113979518413544 -0.013671989552676678
v -0.026479000225663185 -0.037577979266643524 -0.011788959614932537
v -0.03368097171187401 0.009079991839826107 0.028887979686260223
v -0.034919969737529755 0.00784999132156372 0.028287939727306366
v -0.03455799072980881 0.00666695786640048 0.028882980346679688
v 0.05359596014022827 0.007863998413085938 0.03674900159239769
v 0.05377494916319847 0.012297979556024075 0.03538994863629341
v 0.053499989211559296 0.012443950399756432 0.03547399863600731
v -0.0135879497975111 0.011682979762554169 0.03511995077133179
v -0.01662497967481613 0.011679939925670624 0.034783948212862015
v -0.01690495014190674 0.006837964057922363 0.03613495081663132
v -0.027899980545043945 0.008313000202178955 0.03259294852614403
v -0.025595959275960922 0.006959973834455013 0.033870991319417953
v -0.02499496005475521 0.011811969801783562 0.032597001641988754
v 0.0536949597299099 -0.036592960357666016 0.008240996859967709
v 0.046293970197439194 -0.0395999513566494 0.007183969020843506
v 0.05175697058439255 -0.039083950221538544 0.0011009570444002748
v -0.03594594821333885 -0.004943965934216976 0.027009960263967514
v -0.036405980587005615 -0.007300972007215023 0.02581297978758812
v -0.03409193828701973 -0.008088946342468262 0.02861296944320202
v -0.030211979523301125 -0.02511996030807495 0.02232198975980282
v -0.023448999971151352 -0.037577979266643524 0.01703697070479393
v -0.021250959485769272 -0.037577979266643524 0.019477959722280502
v -0.03482097014784813 -0.01922094076871872 0.021577950567007065
v -0.033361971378326416 -0.022520950064063072 0.02067296952009201
v -0.03261398896574974 -0.022670980542898178 0.02167695015668869
v -0.012249940074980259 0.0016389479860663414 0.03703099116683006
v 0.018936989828944206 0.0049789538607001305 0.0372689887881279
v 0.017609000205993652 0.00842898990958929 0.036513980478048325
v -0.027121959254145622 -0.024122949689626694 0.02695493958890438
v -0.02543199062347412 -0.025050990283489227 0.027779990807175636
v -0.02707999013364315 -0.019681990146636963 0.030443960800766945
v -0.01354795042425394 0.01176195964217186 -0.0351099893450737
v -0.012249940074980259 0.006872951053082943 -0.0364300012588501
v -0.016916990280151367 0.006830989848822355 -0.036138951778411865
v -0.027118980884552002 -0.02413696050643921 -0.026950949802994728
v -0.027946939691901207 -0.024096960201859474 -0.026188960298895836
v -0.029323989525437355 -0.021825959905982018 -0.026669969782233238
v -0.015947990119457245 -0.003445982001721859 0.03687094897031784
v 0.024119969457387924 -0.0201259795576334 0.038740988820791245
v 0.024083970114588737 -0.019538989290595055 0.038717981427907944
v -0.011498980224132538 0.021678980439901352 -0.030105939134955406
v -0.012249940074980259 0.022821959108114243 -0.029190000146627426
v 0.01719498075544834 0.02287399023771286 -0.029787950217723846
v 0.053499989211559296 0.006023942958563566 0.0370439812541008
v 0.05359596014022827 0.007863998413085938 0.03674900159239769
v 0.04982398822903633 0.00567698385566473 0.03716795891523361
v -0.0361589714884758 -0.010927969589829445 0.024868959560990334
v -0.03516196832060814 -0.013942950405180454 0.02481894940137863
v -0.03452198952436447 -0.013774990104138851 0.025778939947485924
v -0.03759199008345604 -0.022315969690680504 0.011679939925670624
v -0.0357319712638855 -0.025788959115743637 0.010279949754476547
v -0.03438698872923851 -0.026009969413280487 0.013731000013649464
v -0.03291099891066551 0.011966999620199203 0.027180960401892662
v -0.019396960735321045 0.0212129894644022 0.027240989729762077
v -0.01957499049603939 0.02123796008527279 0.02697294019162655
v -0.016349969431757927 -0.004005968105047941 -0.036811940371990204
v 0.02415299043059349 -0.020984940230846405 -0.038697000592947006
v 0.024160979315638542 -0.022038990631699562 -0.0385049507021904
v -0.029301999136805534 0.001827955013141036 0.03285294026136398
v -0.025319989770650864 0.0013279910199344158 0.03468893840909004
v -0.026465950533747673 0.007032989989966154 0.03350197896361351
v 0.05149995908141136 0.018472960218787193 -0.0327489897608757
v 0.05361199006438255 0.016617950052022934 -0.03370397910475731
v 0.05137496814131737 0.015505960211157799 -0.034217000007629395
v -0.03516196832060814 -0.013942950405180454 0.02481894940137863
v -0.038360949605703354 -0.01568800024688244 0.018162960186600685
v -0.03482097014784813 -0.01922094076871872 0.021577950567007065
v -0.033742960542440414 -0.018143950030207634 -0.024027999490499496
v -0.031268950551748276 -0.023152939975261688 -0.02310298942029476
v -0.032975971698760986 -0.02246195077896118 -0.02129494957625866
v 0.051219988614320755 0.004876970779150724 -0.037247948348522186
v 0.050042979419231415 0.002949953079223633 -0.03748399019241333
v 0.04884998872876167 0.004895985126495361 -0.03727995976805687
v -0.04122895002365112 -0.004658997058868408 -0.018048999831080437
v -0.04124598950147629 -0.003259955905377865 -0.018323000520467758
v -0.03946197032928467 -0.0023149840999394655 -0.02201700024306774
v -0.03305298089981079 -0.01530694030225277 0.026845989748835564
v -0.031470950692892075 -0.014261960051953793 0.029213959351181984
v -0.03329598158597946 -0.012269970029592514 0.028078969568014145
v -0.02103996090590954 0.006593942176550627 0.03543496131896973
v -0.025595959275960922 0.006959973834455013 0.033870991319417953
v -0.025211980566382408 0.0013299579732120037 0.0347369909286499
v -0.03641097992658615 0.012449969537556171 -0.0212209802120924
v -0.017202969640493393 0.022353939712047577 -0.02811294049024582
v -0.016997989267110825 0.022387979552149773 -0.028364000841975212
v -0.016455940902233124 0.02254796028137207 -0.028849000111222267
v -0.03292195871472359 0.01195698045194149 -0.027180960401892662
v -0.01659798063337803 0.022462960332632065 -0.028805969282984734
v -0.03292195871472359 0.01195698045194149 -0.027180960401892662
v -0.03421293944120407 0.01214694045484066 -0.025217950344085693
v -0.01663094013929367 0.022447999566793442 -0.02879595011472702
v -0.01659798063337803 0.022462960332632065 -0.028805969282984734
v -0.03292195871472359 0.01195698045194149 -0.027180960401892662
v -0.01663094013929367 0.022447999566793442 -0.02879595011472702
v -0.029086939990520477 -0.013971979729831219 0.03172193840146065
v -0.02662700042128563 -0.014016980305314064 0.0337899886071682
v -0.029131939634680748 -0.009219943545758724 0.03297299146652222
v -0.027574000880122185 0.010619989596307278 -0.032032959163188934
v -0.024996990337967873 0.011811969801783562 -0.03259598836302757
v -0.025667959824204445 0.006942986976355314 -0.03385496139526367
v -0.03485298156738281 -0.010375970043241978 0.026928959414362907
v -0.03409193828701973 -0.008088946342468262 0.02861296944320202
v -0.036405980587005615 -0.007300972007215023 0.02581297978758812
v -0.0361589714884758 -0.010927969589829445 -0.024868959560990334
v -0.03485298156738281 -0.010375970043241978 -0.026928959414362907
v -0.03452198952436447 -0.013774990104138851 -0.025778939947485924
v -0.03409193828701973 -0.008088946342468262 0.02861296944320202
v -0.03277498111128807 -0.008591949008405209 0.029944950714707375
v -0.03345894068479538 -0.004085958003997803 0.03015398047864437
v -0.029393969103693962 -0.018891990184783936 0.028750000521540642
v -0.029086939990520477 -0.013971979729831219 0.03172193840146065
v -0.03095399960875511 -0.014632989652454853 0.029529979452490807
v -0.03856198862195015 0.013432970270514488 0.01263498980551958
v -0.02344398945569992 0.021761950105428696 0.01673698052763939
v -0.024598000571131706 0.021919960156083107 0.011794979684054852
v -0.02064800076186657 -0.009101985953748226 -0.035936951637268066
v 0.024160979315638542 -0.022038990631699562 -0.0385049507021904
v 0.02411394938826561 -0.023581979796290398 -0.03797798976302147
v -0.03591996058821678 -0.009806989692151546 -0.025712959468364716
v -0.03633999079465866 -0.007285952102392912 -0.025884980335831642
v -0.034312959760427475 -0.007940948009490967 -0.02840995043516159
v -0.020729949697852135 -0.00917595624923706 0.03591400012373924
v -0.02496998943388462 -0.014406969770789146 0.034168001264333725
v 0.02415299043059349 -0.022404959425330162 0.03839296102523804
v 0.040610961616039276 -0.0395999513566494 0.0
v 0.03956698998808861 -0.0395999513566494 0.007499991916120052
v -0.03946197032928467 -0.0023139710538089275 0.02201700024306774
v -0.04124598950147629 -0.003259955905377865 0.018323000520467758
v -0.04122895002365112 -0.004658997058868408 0.018048999831080437
v -0.0357319712638855 -0.025788959115743637 0.010279949754476547
v -0.036283958703279495 -0.025442950427532196 0.00914698839187622
v -0.028351960703730583 -0.037577979266643524 0.006025969050824642
v -0.025329940021038055 -0.025056950747966766 -0.02785700000822544
v -0.01939499005675316 -0.037577979266643524 -0.021539980545639992
v -0.021250959485769272 -0.037577979266643524 -0.019477959722280502
v -0.028984960168600082 -0.037577979266643524 0.0
v -0.028351960703730583 -0.037577979266643524 0.006025969050824642
v -0.03562796115875244 -0.027187999337911606 0.006245969794690609
v -0.021047940477728844 0.022346969693899155 -0.020928969606757164
v -0.04004894942045212 0.012449969537556171 -0.013121959753334522
v -0.02449995093047619 0.022278960794210434 -0.010888990014791489
v -0.04004894942045212 0.012449969537556171 -0.013121959753334522
v -0.039678990840911865 0.013432970270514488 -0.008501945994794369
v -0.024535950273275375 0.022278960794210434 -0.01078294962644577
v -0.030533960089087486 -0.020005999132990837 -0.026738999411463737
v -0.032375991344451904 -0.018137989565730095 -0.025859950110316277
v -0.030535990372300148 -0.017935989424586296 -0.0281409602612257
v -0.032531969249248505 -0.025215979665517807 0.018655000254511833
v -0.03426897153258324 -0.024325959384441376 0.016775960102677345
v -0.026479000225663185 -0.037577979266643524 0.011788959614932537
v -0.037225961685180664 -0.002408981090411544 0.02560596913099289
v -0.03697298839688301 -0.0048159952275455 0.025638990104198456
v -0.03594594821333885 -0.004943965934216976 0.027009960263967514
v -0.03452198952436447 -0.013774990104138851 -0.025778939947485924
v -0.03485298156738281 -0.010375970043241978 -0.026928959414362907
v -0.03329598158597946 -0.012269970029592514 -0.028078969568014145
v 0.029034970328211784 -0.03102499060332775 -0.031606968492269516
v 0.05379997938871384 -0.02559095062315464 -0.027511000633239746
v 0.053791988641023636 -0.02758496068418026 -0.02552396059036255
v -0.025231949985027313 0.0014819500502198935 -0.03472298011183739
v -0.025667959824204445 0.006942986976355314 -0.03385496139526367
v -0.02103996090590954 0.006593942176550627 -0.03543496131896973
v -0.03482097014784813 -0.01922094076871872 -0.021577950567007065
v -0.038360949605703354 -0.01568800024688244 -0.018162960186600685
v -0.03516196832060814 -0.013942950405180454 -0.02481894940137863
v -0.03482097014784813 -0.01922094076871872 0.021577950567007065
v -0.03602099046111107 -0.02042095921933651 0.018249979242682457
v -0.03450595960021019 -0.022315969690680504 0.01894496940076351
v -0.03305298089981079 -0.01530694030225277 -0.026845989748835564
v -0.03329598158597946 -0.012269970029592514 -0.028078969568014145
v -0.031376950442790985 -0.014272980391979218 -0.029311949387192726
v -0.025211980566382408 0.0013299579732120037 0.0347369909286499
v -0.025627970695495605 -0.008658944629132748 0.0344349704682827
v -0.021665990352630615 -0.008842945098876953 0.03586595878005028
v 0.029034970328211784 -0.03102499060332775 0.031606968492269516
v 0.028499960899353027 -0.03360199183225632 0.029260989278554916
v 0.053801000118255615 -0.027579959481954575 0.025518950074911118
v -0.027350960299372673 -0.03815494850277901 -0.0058879852294921875
v 0.040610961616039276 -0.0395999513566494 0.0
v 0.038725968450307846 -0.0395999513566494 0.007220983039587736
v -0.032261960208415985 -0.003920971881598234 -0.031239980831742287
v -0.03116697072982788 -0.008744955062866211 -0.03161894902586937
v -0.032849960029125214 -0.008535981178283691 -0.02986495941877365
v -0.015920989215373993 -0.003997981082648039 -0.03684395179152489
v -0.012249940074980259 0.0016389479860663414 -0.03703099116683006
v 0.024083970114588737 -0.019538989290595055 -0.038717981427907944
v -0.012249940074980259 0.011708970181643963 0.03517394885420799
v -0.012249940074980259 0.006872951053082943 0.0364300012588501
v 0.017609000205993652 0.00842898990958929 0.036513980478048325
v 0.012969969771802425 -0.0668569803237915 -0.019647950306534767
v 0.011155960150063038 -0.0668569803237915 -0.020731979981064796
v 0.013748999685049057 -0.06174999102950096 -0.02590000070631504
v 0.022404959425330162 -0.05999999865889549 0.019950980320572853
v 0.023902950808405876 -0.06049995869398117 0.01796196959912777
v 0.025090990588068962 -0.04612100124359131 0.019860979169607162
v 0.01881497912108898 -0.05999999865889549 0.023365970700979233
v 0.02060597948729992 -0.06140397861599922 0.02145295962691307
v 0.0225369893014431 -0.04612100124359131 0.022716989740729332
v -0.009252965450286865 -0.0668569803237915 0.0216479804366827
v -0.010424969717860222 -0.06174999102950096 0.027488939464092255
v -0.014699989929795265 -0.06174999102950096 0.025460949167609215
v -0.03158599138259888 -0.04612100124359131 0.005131958983838558
v -0.03169900178909302 -0.04612100124359131 0.00437998678535223
v -0.029851969331502914 -0.05999999865889549 0.0029709930531680584
v 0.014712980017066002 -0.05999999865889549 0.026144979521632195
v 0.016984989866614342 -0.06124997138977051 0.02460700087249279
v 0.019642939791083336 -0.04612100124359131 0.02526199072599411
v 0.01881497912108898 -0.05999999865889549 0.023365970700979233
v 0.02023695968091488 -0.04612100124359131 0.024787960574030876
v 0.019642939791083336 -0.04612100124359131 0.02526199072599411
v -0.030941959470510483 -0.04312098026275635 0.008158980868756771
v -0.03158599138259888 -0.04312098026275635 0.005131958983838558
v -0.03158599138259888 -0.04612100124359131 0.005131958983838558
v -0.01881497912108898 -0.05999999865889549 -0.023365970700979233
v -0.019642939791083336 -0.04612100124359131 -0.02526199072599411
v -0.01712995022535324 -0.04612100124359131 -0.027028970420360565
v -0.014699989929795265 -0.06174999102950096 -0.025460949167609215
v -0.010424969717860222 -0.06174999102950096 -0.027488939464092255
v -0.009252965450286865 -0.0668569803237915 -0.0216479804366827
v -0.028955990448594093 -0.05999999865889549 0.007843971252441406
v -0.030739959329366684 -0.04612100124359131 0.008891998790204525
v -0.03158599138259888 -0.04612100124359131 0.005131958983838558
v 0.02726995013654232 -0.05999999865889549 -0.012502959929406643
v 0.029744980856776237 -0.04612100124359131 -0.011798970401287079
v 0.030739959329366684 -0.04612100124359131 -0.008891998790204525
v 0.005202949047088623 -0.06696497648954391 -0.02279393933713436
v 0.0042879581451416016 -0.06174999102950096 -0.029033949598670006
v 0.00831895973533392 -0.06124997138977051 -0.028718940913677216
v 0.03197300061583519 -0.04612100124359131 -0.0013199440436437726
v 0.029899949207901955 -0.06049995869398117 0.0
v 0.029851969331502914 -0.05999999865889549 -0.0029709930531680584
v 0.02204197086393833 -0.0668569803237915 -0.008271992206573486
v 0.02655196003615856 -0.06174999102950096 -0.012442939914762974
v 0.028360959142446518 -0.06124997138977051 -0.0094679594039917
v -0.0225369893014431 -0.04612100124359131 -0.022716989740729332
v -0.01881497912108898 -0.05999999865889549 -0.023365970700979233
v -0.02237999066710472 -0.06124997138977051 -0.019826939329504967
v 0.0225369893014431 -0.04612100124359131 0.022716989740729332
v 0.02060597948729992 -0.06140397861599922 0.02145295962691307
v 0.022404959425330162 -0.05999999865889549 0.019950980320572853
v -0.012969969771802425 -0.0668569803237915 0.019647950306534767
v -0.014699989929795265 -0.06174999102950096 0.025460949167609215
v -0.018772000446915627 -0.061468951404094696 0.0229909997433424
v -0.011348959989845753 -0.04612100124359131 0.029919980093836784
v -0.014842979609966278 -0.04612100124359131 0.028348980471491814
v -0.013839960098266602 -0.05999999865889549 0.026616990566253662
v -0.021884970366954803 0.021550949662923813 0.02199696935713291
v -0.03641097992658615 0.012449969537556171 0.0212209802120924
v -0.03389196842908859 0.012446990236639977 0.02504396066069603
v -0.025081990286707878 0.022003939375281334 0.0008310000412166119
v -0.014193950220942497 0.021183960139751434 0.0
v -0.025081990286707878 0.022003939375281334 0.0008310000412166119
v -0.024999970570206642 0.02222095988690853 -0.0073319668881595135
v -0.014193950220942497 0.021183960139751434 0.0
v -0.024999970570206642 0.02222095988690853 -0.0073319668881595135
v -0.024845950305461884 0.022256970405578613 -0.009078978560864925
v -0.014193950220942497 0.021183960139751434 0.0
v -0.024845950305461884 0.022256970405578613 -0.009078978560864925
v -0.024535950273275375 0.022278960794210434 -0.01078294962644577
v -0.02449995093047619 0.022278960794210434 -0.010888990014791489
v -0.017783990129828453 0.02230994962155819 -0.027216970920562744
v -0.017202969640493393 0.022353939712047577 -0.02811294049024582
v -0.03641097992658615 0.012449969537556171 -0.0212209802120924
v -0.016455940902233124 0.02254796028137207 -0.028849000111222267
v -0.016651980578899384 0.02244699001312256 -0.02879399061203003
v -0.01149796973913908 0.020146960392594337 0.030254000797867775
v -0.018417000770568848 0.021080970764160156 0.02820896916091442
v -0.01958698034286499 0.021238980814814568 0.026950949802994728
v -0.018417000770568848 0.021080970764160156 0.02820896916091442
v -0.019152989611029625 0.02117997035384178 0.027532989159226418
v -0.01957499049603939 0.02123796008527279 0.02697294019162655
v -0.019152989611029625 0.02117997035384178 0.027532989159226418
v -0.01928596943616867 0.0211979690939188 0.02738397940993309
v -0.01933795027434826 0.021205959841609 0.027322940528392792
v -0.01933795027434826 0.021205959841609 0.027322940528392792
v -0.019396960735321045 0.0212129894644022 0.027240989729762077
v -0.019152989611029625 0.02117997035384178 0.027532989159226418
v -0.019396960735321045 0.0212129894644022 0.027240989729762077
v -0.01957499049603939 0.02123796008527279 0.02697294019162655
v -0.019152989611029625 0.02117997035384178 0.027532989159226418
v -0.01957499049603939 0.02123796008527279 0.02697294019162655
v -0.01958698034286499 0.021238980814814568 0.026950949802994728
v -0.018417000770568848 0.021080970764160156 0.02820896916091442
v -0.01958698034286499 0.021238980814814568 0.026950949802994728
v -0.021884970366954803 0.021550949662923813 0.02199696935713291
v -0.01149796973913908 0.020146960392594337 0.030254000797867775
v -0.021884970366954803 0.021550949662923813 0.02199696935713291
v -0.022237949073314667 0.021597979590296745 0.021167989820241928
v -0.01149796973913908 0.020146960392594337 0.030254000797867775
v -0.022237949073314667 0.021597979590296745 0.021167989820241928
v -0.0233799796551466 0.021753959357738495 0.01699095033109188
v -0.01149796973913908 0.020146960392594337 0.030254000797867775
v -0.0233799796551466 0.021753959357738495 0.01699095033109188
v -0.02344398945569992 0.021761950105428696 0.01673698052763939
v -0.01149796973913908 0.020146960392594337 0.030254000797867775
v -0.02344398945569992 0.021761950105428696 0.01673698052763939
v -0.024598000571131706 0.021919960156083107 0.011794979684054852
v -0.01149796973913908 0.020146960392594337 0.030254000797867775
v -0.024598000571131706 0.021919960156083107 0.011794979684054852
v -0.024801960214972496 0.021947970613837242 0.010217959992587566
v -0.01149796973913908 0.020146960392594337 0.030254000797867775
v -0.020817989483475685 0.02234899066388607 -0.021514950320124626
v -0.01900899037718773 0.022328969091176987 -0.02502596005797386
v -0.03641097992658615 0.012449969537556171 -0.0212209802120924
v -0.002586960094049573 0.020764939486980438 0.03088200092315674
v -0.012273959815502167 0.020666949450969696 0.03080998919904232
v 0.05376797169446945 0.020586960017681122 0.03130495175719261
v -0.016584990546107292 0.021258950233459473 0.02954000048339367
v -0.017569949850440025 0.02099597081542015 0.029027989134192467
v -0.01683294028043747 0.020878970623016357 0.029235949739813805
v 0.05399996042251587 0.007762968074530363 -0.03627895936369896
v 0.05399996042251587 0.022529950365424156 -0.02899700030684471
v 0.05399996042251587 0.02258496917784214 0.029432950541377068
v 0.05399996042251587 0.020340969786047935 0.0309329591691494
v 0.05399996042251587 0.020340969786047935 0.0309329591691494
v 0.05399996042251587 0.018549969419836998 0.03212999925017357
v -0.03619997948408127 0.02352296933531761 -0.023249980062246323
v -0.017783990129828453 0.02230994962155819 -0.027216970920562744
v -0.01900899037718773 0.022328969091176987 -0.02502596005797386
v -0.03619997948408127 0.02352296933531761 -0.023249980062246323
v -0.01900899037718773 0.022328969091176987 -0.02502596005797386
v -0.020817989483475685 0.02234899066388607 -0.021514950320124626
v -0.021047940477728844 0.022346969693899155 -0.020928969606757164
v -0.03619997948408127 0.02352296933531761 -0.023249980062246323
v -0.04035395011305809 0.013432970270514488 0.004274963866919279
v -0.024801960214972496 0.021947970613837242 0.010217959992587566
v -0.024978989735245705 0.02197295054793358 0.004984973929822445
v -0.04035395011305809 0.013432970270514488 0.004274963866919279
v -0.024978989735245705 0.02197295054793358 0.004984973929822445
v -0.025027990341186523 0.021981000900268555 0.0033099649008363485
v -0.024999970570206642 0.02222095988690853 -0.0073319668881595135
v -0.04057997092604637 0.013432970270514488 0.0
v -0.025081990286707878 0.022003939375281334 0.0008310000412166119
v -0.04057997092604637 0.013432970270514488 0.0
v -0.04035395011305809 0.013432970270514488 0.004274963866919279
v -0.025081990286707878 0.022003939375281334 0.0008310000412166119
v -0.03675996884703636 0.02385598048567772 -0.0233649592846632
v -0.03795598819851875 0.023733969777822495 -0.022434940561652184
v -0.03794699162244797 0.024111980572342873 -0.022784940898418427
v -0.015541969798505306 0.023918980732560158 -0.028741950169205666
v -0.01877897046506405 0.02695493958890438 -0.02538895048201084
v -0.015526950359344482 0.027265960350632668 -0.02568197064101696
v -0.03628695011138916 0.033432960510253906 -0.005855977069586515
v -0.03628695011138916 0.033813949674367905 -0.0029389848932623863
v -0.01877897046506405 0.03673594817519188 -0.00464999582618475
v -0.037936981767416 0.03283696994185448 0.0057509541511535645
v -0.037936981767416 0.03221594914793968 0.008572994731366634
v -0.03628695011138916 0.033432960510253906 0.005855977069586515
v -0.027361979708075523 0.03202294930815697 -0.015357970260083675
v -0.01877897046506405 0.03225195035338402 -0.018151989206671715
v -0.026936940848827362 0.030882950872182846 -0.01768898032605648
v -0.01877897046506405 0.036405980587005615 0.006374955177307129
v -0.015526950359344482 0.03715996816754341 0.004703998100012541
v -0.01877897046506405 0.03673594817519188 0.00464999582618475
v -0.029559960588812828 0.0277519803494215 0.02153497003018856
v -0.03628695011138916 0.026100989431142807 0.021697990596294403
v -0.03927695006132126 0.03207695111632347 -0.00278794695623219
v -0.04013894870877266 0.03066498041152954 0.0
v -0.03927695006132126 0.032197948545217514 0.0
v -0.03927695006132126 0.0279389601200819 -0.016002949327230453
v -0.03927695006132126 0.0292199794203043 -0.013523990288376808
v -0.037936981767416 0.028927979990839958 -0.016568949446082115
v -0.012249940074980259 0.032930970191955566 0.01814698986709118
v -0.012249940074980259 0.03494900092482567 0.013867969624698162
v -0.015526950359344482 0.032805971801280975 0.01807796023786068
v -0.037936981767416 0.03283696994185448 -0.0057509541511535645
v -0.037936981767416 0.03221594914793968 -0.008572994731366634
v -0.03927695006132126 0.031714968383312225 -0.00555497407913208
v -0.037936981767416 0.02738397940993309 -0.019010959193110466
v -0.037936981767416 0.025635000318288803 -0.02131097950041294
v -0.03927695006132126 0.026448959484696388 -0.018361980095505714
v 0.0498499795794487 0.03204900026321411 0.019661959260702133
v 0.0498499795794487 0.03371495008468628 0.01664399914443493
v 0.05376797169446945 0.03632795065641403 -0.009170949459075928
v 0.053499989211559296 0.03694897145032883 -0.006577968131750822
v 0.05375998839735985 0.03718893975019455 -0.004620968829840422
v -0.037936981767416 0.030254000797867775 0.014001959934830666
v -0.037936981767416 0.028927979990839958 0.016568949446082115
v 0.05396198853850365 0.027493000030517578 0.02519500069320202
v 0.05375998839735985 0.024290969595313072 0.028528980910778046
v 0.05399996042251587 0.026233969256281853 0.026233969256281853
v 0.05376797169446945 0.03717594966292381 0.004619956016540527
v 0.053499989211559296 0.03694897145032883 0.006577968131750822
v 0.05375998839735985 0.036334991455078125 0.009171961806714535
v -0.03628695011138916 0.03279995173215866 -0.00872796680778265
v -0.03628695011138916 0.03192095831036568 -0.011536000296473503
v 0.05396198853850365 0.03038996085524559 0.021611979231238365
v 0.05399996042251587 0.029432950541377068 0.02258496917784214
v -0.03927695006132126 0.030280940234661102 -0.010942989960312843
v -0.04013894870877266 0.029620999470353127 -0.007933974266052246
v -0.03927695006132126 0.031114989891648293 -0.008279979228973389
v -0.01877897046506405 0.028418000787496567 -0.0236239992082119
v -0.01877897046506405 0.02992998994886875 -0.021801939234137535
v -0.015526950359344482 0.030276000499725342 -0.022054970264434814
v -0.037936981767416 0.03321193903684616 0.002885997062548995
v -0.03927695006132126 0.03207695111632347 0.00278794695623219
v -0.03927695006132126 0.031714968383312225 0.00555497407913208
v -0.015526950359344482 0.0348159596323967 0.013814980164170265
v -0.012249940074980259 0.03507595881819725 0.013478989712893963
v -0.015526950359344482 0.03627495840191841 0.009332953952252865
v -0.032603971660137177 0.03200298175215721 -0.013126960024237633
v -0.03628695011138916 0.030802959576249123 -0.014255999587476254
v -0.015526950359344482 0.03745698183774948 0.0
v -0.03927695006132126 0.026448959484696388 0.018361980095505714
v -0.037936981767416 0.02738397940993309 0.019010959193110466
v -0.037936981767416 0.03333698958158493 0.0
v -0.037936981767416 0.03321193903684616 -0.002885997062548995
v -0.0379599891602993 0.023718949407339096 0.02243095077574253
v -0.037945978343486786 0.024118950590491295 0.022780949249863625
v -0.03848296031355858 0.02411096915602684 0.022278960794210434
v 0.0536719486117363 0.027676990255713463 -0.02536397986114025
v 0.053499989211559296 0.02859394997358322 -0.024322979152202606
v 0.05361199006438255 0.030622949823737144 -0.021777980029582977
v -0.039265990257263184 0.024392960593104362 0.020999960601329803
v -0.03964095935225487 0.024032950401306152 0.019938999786973
v -0.03896600008010864 0.023909980431199074 0.021314969286322594
v -0.037936981767416 0.031351979821920395 -0.01132993958890438
v 0.053499989211559296 0.032418958842754364 -0.018931979313492775
v 0.05376797169446945 0.03297894820570946 -0.01778298057615757
v -0.03628695011138916 0.033941980451345444 0.0
v -0.01877897046506405 0.0370289608836174 0.0
v 0.05399996042251587 0.035835981369018555 0.009601949714124203
v 0.05399996042251587 0.035941001027822495 0.009073971770703793
v -0.01877897046506405 0.032266970723867416 0.01812898926436901
v -0.027659950777888298 0.031850989907979965 0.015591969713568687
v -0.02728199027478695 0.030829960480332375 0.017658939585089684
v 0.05369197949767113 0.02767300046980381 0.02536099962890148
v -0.04013894870877266 0.02658497914671898 0.015278990380465984
v -0.04089796170592308 0.024640969932079315 0.014057990163564682
v -0.04013894870877266 0.025189990177750587 0.01748800091445446
v -0.03927695006132126 0.030280940234661102 0.010942989960312843
v -0.03927695006132126 0.031114989891648293 0.008279979228973389
v 0.0498499795794487 0.03204900026321411 -0.019661959260702133
v -0.012249940074980259 0.030390970408916473 -0.02213894948363304
v -0.012249940074980259 0.03199100121855736 -0.019624939188361168
v -0.01877897046506405 0.03477298840880394 0.012567990459501743
v -0.01877897046506405 0.034417979419231415 0.013656970113515854
v -0.04013894870877266 0.027828989550471306 0.012879960238933563
v -0.03628695011138916 0.029452970251441002 0.016869960352778435
v -0.015718989074230194 0.022740960121154785 -0.02899497002363205
v -0.012249940074980259 0.023842990398406982 -0.028960999101400375
v -0.012249940074980259 0.022821959108114243 -0.029190000146627426
v -0.03628695011138916 0.02788095921278 0.019355950877070427
v 0.05378197878599167 0.03496098145842552 0.013361990451812744
v 0.053749971091747284 0.03298395127058029 0.01778596080839634
v 0.05399996042251587 0.03427594155073166 0.01419794000685215
v -0.012249940074980259 0.03199100121855736 0.019624939188361168
v 0.05396198853850365 0.027493000030517578 -0.02519500069320202
v 0.05377494916319847 0.024288950487971306 -0.02852593921124935
v -0.012249940074980259 0.027369970455765724 -0.025779960677027702
v 0.05399996042251587 0.0359719917178154 -0.009080946445465088
v 0.05399996042251587 0.03678994998335838 -0.0047179460525512695
v -0.03927695006132126 0.024758990854024887 -0.02058297023177147
v -0.04075895994901657 0.024208959192037582 -0.013751979917287827
v -0.04111098870635033 0.024299969896674156 -0.008929966948926449
v -0.04139697179198265 0.024469969794154167 -0.008962987922132015
v -0.018798939883708954 0.023882979527115822 -0.028173979371786118
v -0.012249940074980259 0.027892939746379852 -0.025150949135422707
v 0.05399996042251587 0.034238990396261215 -0.014179999940097332
v 0.05399996042251587 0.03265500068664551 -0.017609000205993652
v 0.05399996042251587 0.029387950897216797 -0.02254796028137207
v 0.05399996042251587 0.027351969853043556 -0.0250659491866827
v 0.05399996042251587 0.024051960557699203 -0.028246989473700523
v 0.05399996042251587 0.026188960298895836 -0.026187000796198845
v 0.05399996042251587 0.030233969911932945 -0.021500999107956886
v 0.05396198853850365 0.03038996085524559 -0.021611979231238365
v 0.05385398119688034 0.030521979555487633 -0.021705979481339455
v 0.05399996042251587 0.035807959735393524 -0.009592950344085693
v 0.05383199080824852 0.0374409481883049 0.0
v 0.05399996042251587 0.03709995001554489 0.0
v -0.03628695011138916 0.026100989431142807 -0.021697990596294403
v -0.03157097101211548 0.027777960523962975 -0.020917950198054314
v -0.030871979892253876 0.02746897004544735 -0.021521979942917824
v -0.031482990831136703 0.0330689512193203 -0.010802979581058025
v -0.027282949537038803 0.028930960223078728 -0.020623980090022087
v -0.02697294019162655 0.029747959226369858 -0.019526949152350426
v -0.02694999985396862 0.030499989166855812 -0.018308989703655243
v -0.01877897046506405 0.034417979419231415 -0.013656970113515854
v -0.04148494824767113 0.024771979078650475 -0.00898599624633789
v -0.041610948741436005 0.025023989379405975 -0.006726980209350586
v -0.03962694853544235 0.024038970470428467 -0.019953960552811623
v -0.039996981620788574 0.0240169707685709 -0.018518980592489243
v -0.04013894870877266 0.025143979117274284 -0.017456939443945885
v -0.04013894870877266 0.027778979390859604 -0.012854989618062973
v -0.04013894870877266 0.028332939371466637 -0.011730959638953209
v -0.04013894870877266 0.030402949079871178 -0.004000960849225521
v -0.037936981767416 0.030254000797867775 -0.014001959934830666
v -0.03628695011138916 0.02788095921278 -0.019355950877070427
v -0.03628695011138916 0.029452970251441002 -0.016869960352778435
v -0.040901001542806625 0.024641990661621094 -0.014036949723958969
v -0.04013894870877266 0.02658396027982235 -0.015277979895472527
v 0.0498499795794487 0.03371495008468628 -0.01664399914443493
v -0.012249940074980259 0.032930970191955566 -0.01814698986709118
v -0.012249940074980259 0.03494900092482567 -0.013867969624698162
v 0.0498499795794487 0.03509794920682907 -0.013485959731042385
v -0.015526950359344482 0.032805971801280975 -0.01807796023786068
v -0.015526950359344482 0.0348159596323967 -0.013814980164170265
v -0.012249940074980259 0.03507595881819725 -0.013478989712893963
v -0.015526950359344482 0.03627495840191841 -0.009332953952252865
v -0.012249940074980259 0.03641396015882492 -0.009368956089019775
v -0.01877897046506405 0.03477298840880394 -0.012567990459501743
v -0.038665950298309326 0.024127960205078125 -0.022020990028977394
v -0.03897695988416672 0.023868970572948456 -0.021252980455756187
v -0.039265990257263184 0.024392960593104362 -0.02099894918501377
v -0.037936981767416 0.025635000318288803 0.02131097950041294
v -0.03927695006132126 0.024758990854024887 0.02058297023177147
v 0.0492669902741909 0.03959494084119797 0.0006559999892488122
v 0.0498499795794487 0.03946596011519432 0.0
v 0.049349959939718246 0.0395999513566494 0.0
v -0.01877897046506405 0.035860948264598846 0.00922697689384222
v -0.02999996952712536 0.033129990100860596 0.011441940441727638
v -0.032310958951711655 0.031833939254283905 0.013663940131664276
v -0.03195196017622948 0.03229498118162155 0.012708960101008415
v -0.03628695011138916 0.03192095831036568 0.011536000296473503
v -0.03199398145079613 0.0285719595849514 0.019687950611114502
v -0.03238796815276146 0.029120979830622673 0.018737969920039177
v -0.028085939586162567 0.032375991344451904 0.0142859797924757
v -0.02729295939207077 0.030499989166855812 0.01819794997572899
v 0.053621940314769745 0.035020940005779266 0.013619950041174889
v 0.053499989211559296 0.032418958842754364 0.018931979313492775
v 0.05361199006438255 0.030622949823737144 0.021777980029582977
v 0.05385398119688034 0.030521979555487633 0.021705979481339455
v 0.053499989211559296 0.02859394997358322 0.024322979152202606
v 0.053499989211559296 0.02390897087752819 0.028978999704122543
v 0.05376797169446945 0.020586960017681122 0.03130495175719261
v 0.05399996042251587 0.02258496917784214 0.029432950541377068
v 0.05399996042251587 0.020340969786047935 0.0309329591691494
v 0.04955399036407471 0.03950196132063866 0.0008549999911338091
v -0.04013894870877266 0.030375000089406967 0.003996967803686857
v -0.04013894870877266 0.03020595945417881 0.005289970897138119
v -0.04013894870877266 0.029626959934830666 0.007909952662885189
v -0.04013894870877266 0.028839999809861183 0.010421990416944027
v -0.03927695006132126 0.0279389601200819 0.016002949327230453
v -0.037936981767416 0.031351979821920395 0.01132993958890438
v -0.03927695006132126 0.0292199794203043 0.013523990288376808
v -0.03628695011138916 0.03279995173215866 0.00872796680778265
v -0.03628695011138916 0.033813949674367905 0.0029389848932623863
v -0.03999799117445946 0.02401994913816452 0.018518980592489243
v -0.0413319393992424 0.024836000055074692 0.010315950028598309
v -0.04148298129439354 0.02477096952497959 0.00900799036026001
v -0.041610948741436005 0.025023989379405975 0.006726980209350586
v -0.041765980422496796 0.02520197071135044 0.003320991061627865
v -0.04013894870877266 0.030549999326467514 0.0026549689937382936
v -0.04139494150876999 0.02446799911558628 0.008984982036054134
v -0.041108958423137665 0.02429795078933239 0.008951961062848568
v -0.04073493927717209 0.024186959490180016 0.013758949935436249
v 0.0498499795794487 0.03509794920682907 0.013485959731042385
v -0.015543989837169647 0.023902950808405876 0.02874797023832798
v -0.015526950359344482 0.027265960350632668 0.02568197064101696
v -0.01877897046506405 0.02695493958890438 0.02538895048201084
v -0.012249940074980259 0.03641396015882492 0.009368956089019775
v -0.015526950359344482 0.030276000499725342 0.022054970264434814
v -0.012249940074980259 0.030390970408916473 0.02213894948363304
v 0.002192974090576172 0.039338938891887665 -0.0022989509161561728
v 0.0489189587533474 0.03957396000623703 -0.001438974984921515
v 0.04867994040250778 0.03929400071501732 -0.002333997981622815
v -0.015526950359344482 0.03715996816754341 -0.004703998100012541
v 0.04866600036621094 0.039295971393585205 0.002332984935492277
v 0.05399996042251587 0.03678994998335838 0.004730999004095793
v -0.027314959093928337 0.029829969629645348 0.01928894966840744
v -0.032602958381175995 0.03118395060300827 0.014970949850976467
v 0.05399996042251587 0.022543959319591522 -0.029378950595855713
v 0.05009996145963669 0.022823980078101158 -0.029796000570058823
v 0.0498499795794487 0.022864989936351776 -0.029848989099264145
v 0.01583397015929222 0.02235298976302147 -0.029591970145702362
v 0.01719498075544834 0.02287399023771286 -0.029787950217723846
v -0.041767001152038574 0.02520197071135044 -0.003320991061627865
v -0.04159294813871384 0.02476893924176693 0.004157959949225187
v 0.017030950635671616 0.02310197986662388 -0.029636969789862633
v 0.051364000886678696 0.026360979303717613 -0.026759980246424675
v 0.0021860001143068075 0.03934495896100998 0.0022889969404786825
v -0.04159199818968773 0.02476596087217331 -0.004123984836041927
v 0.0014119739644229412 0.03953193873167038 -0.0011429779697209597
v 0.05399996042251587 0.03457694873213768 -0.013446980156004429
v -0.03072994016110897 0.033351000398397446 -0.010354990139603615
v -0.02999996952712536 0.03345996141433716 -0.010437959805130959
v -0.017202969640493393 0.022353939712047577 -0.02811294049024582
v 0.01583397015929222 0.02235298976302147 -0.029591970145702362
v -0.016997989267110825 0.022387979552149773 -0.028364000841975212
v -0.016635950654745102 0.02244699001312256 -0.028795000165700912
v -0.016636960208415985 0.02244699001312256 -0.028795000165700912
v 0.0014119739644229412 0.03953193873167038 0.0011419650400057435
v -0.01877897046506405 0.035860948264598846 -0.00922697689384222
v 0.0498499795794487 0.025501960888504982 -0.027629969641566277
v 0.0498499795794487 0.027924949303269386 -0.02517795003950596
v -0.032247960567474365 0.028327999636530876 -0.01996099017560482
v 0.05399996042251587 0.020700989291071892 0.021079950034618378
v -0.032310958951711655 0.031833939254283905 0.013663940131664276
v -0.03619997948408127 0.02352296933531761 -0.023249980062246323
v -0.01665394939482212 0.02244699001312256 -0.02879296988248825
v -0.016455940902233124 0.02254796028137207 -0.028849000111222267
v -0.016651980578899384 0.02244699001312256 -0.02879399061203003
v -0.03642696142196655 0.023985980078577995 -0.02369396947324276
v -0.01659798063337803 0.022462960332632065 -0.028805969282984734
v -0.016632970422506332 0.022447999566793442 -0.02879595011472702
v -0.0166469793766737 0.02244699001312256 -0.028795000165700912
v -0.01663094013929367 0.022447999566793442 -0.02879595011472702
v 0.05138498172163963 0.028617970645427704 -0.02433997020125389
v 0.0498499795794487 0.030113989487290382 -0.022514989599585533
v -0.030676959082484245 0.03302793949842453 0.011370950378477573
v -0.012273959815502167 0.020666949450969696 0.03080998919904232
v -0.011925989761948586 0.02053098939359188 0.030780969187617302
v 0.0498499795794487 0.022864989936351776 0.029848989099264145
v 0.053681958466768265 0.034985948354005814 -0.013605950400233269
v 0.05127197131514549 0.02122293971478939 0.03090994991362095
v -0.028627989813685417 0.027664950117468834 -0.021912990137934685
v -0.01683294028043747 0.020878970623016357 0.029235949739813805
v -0.01149796973913908 0.020146960392594337 0.030254000797867775
v 0.05399996042251587 0.03212999925017357 0.018549969419836998
v -0.025027990341186523 0.021981000900268555 0.0033099649008363485
v -0.024978989735245705 0.02197295054793358 0.004984973929822445
v -0.03619997948408127 0.02352296933531761 -0.023249980062246323
v 0.017030000686645508 0.02310298942029476 0.02963596023619175
v -0.012249940074980259 0.023841969668865204 0.028959980234503746
v 0.0498499795794487 0.025501960888504982 0.027629969641566277
v -0.012249940074980259 0.027369970455765724 0.025779960677027702
v -0.012249940074980259 0.023841969668865204 0.028959980234503746
v -0.023100970312952995 0.02386396937072277 -0.027092989534139633
v -0.015685969963669777 0.021629979833960533 0.029850000515580177
v -0.03674900159239769 0.02385896071791649 0.0233649592846632
v -0.03642696142196655 0.023985980078577995 0.02369396947324276
v 0.05137496814131737 0.02861594967544079 0.024338960647583008
v 0.0498499795794487 0.030113989487290382 0.022514989599585533
v -0.03642696142196655 0.023985980078577995 0.02369396947324276
v -0.016584990546107292 0.021258950233459473 0.02954000048339367
v -0.03269195184111595 0.028945980593562126 -0.018909990787506104
v -0.04133098945021629 0.024836000055074692 -0.010315950028598309
v 0.05137496814131737 0.0263629499822855 0.026761939749121666
v -0.02772599086165428 0.0283199492841959 -0.021324990317225456
v 0.0498499795794487 0.022864989936351776 0.029848989099264145
v 0.04955399036407471 0.03950196132063866 -0.0008539999835193157
v 0.0492669902741909 0.03959494084119797 -0.0006559999892488122
v -0.029688000679016113 0.02736598066985607 -0.021987970918416977
v 0.0498499795794487 0.027924949303269386 0.02517795003950596
v 0.001352965016849339 0.0395999513566494 0.0
v -0.027847999706864357 0.03261696919798851 -0.013833990320563316
v -0.032103948295116425 0.03261493891477585 -0.011785980314016342
v -0.028600990772247314 0.03312598913908005 -0.012174960225820541
v -0.02924495004117489 0.03337496146559715 -0.011135989800095558
v -0.02758895978331566 0.02910798043012619 0.020278990268707275
v -0.01877897046506405 0.02992998994886875 0.021801939234137535
v -0.02859794907271862 0.028071990236639977 0.021397940814495087
v -0.03139495104551315 0.02808498963713646 0.02055698074400425
v -0.027980979532003403 0.02856694906949997 0.02091698907315731
v -0.044066961854696274 -0.009267984889447689 0.004439949057996273
v -0.042883988469839096 -0.013778979890048504 0.004320979118347168
v -0.04223494976758957 -0.013778979890048504 0.008597970008850098
v -0.033424969762563705 -0.017825959250330925 -0.024749990552663803
v -0.033080991357564926 -0.016903990879654884 -0.02583599090576172
v -0.032375991344451904 -0.018137989565730095 -0.025859950110316277
v 0.023274950683116913 -0.028935959562659264 0.03470199927687645
v 0.023442979902029037 -0.027931980788707733 0.03532999008893967
v 0.022888949140906334 -0.028890959918498993 0.03474199026823044
v -0.04478298872709274 -0.004658997058868408 0.004511951934546232
v -0.04500997066497803 -0.004658997058868408 0.0
v -0.04122895002365112 -0.004658997058868408 0.018048999831080437
v -0.041426949203014374 -0.004658997058868408 0.017596960067749023
v -0.041144959628582 -0.00552397919818759 0.018002979457378387
v -0.037239961326122284 -0.0022779700811952353 0.025603950023651123
v -0.03878097981214523 -0.0034639830701053143 0.023055970668792725
v -0.037225961685180664 -0.002408981090411544 0.02560596913099289
v -0.04164797067642212 0.0 -0.017690949141979218
v -0.040566980838775635 -0.00157999899238348 -0.019983939826488495
v -0.04100798815488815 -0.002172945998609066 -0.019000940024852753
v -0.03963499888777733 0.011143979616463184 -0.017802949994802475
v -0.04053198918700218 0.009579955600202084 -0.018206000328063965
v -0.0422239787876606 0.009579955600202084 -0.01383494958281517
v -0.044290948659181595 -0.009267984889447689 0.0
v -0.041289981454610825 0.011143979616463184 0.013528999872505665
v -0.03963499888777733 0.011143979616463184 0.017802949994802475
v -0.04004894942045212 0.012449969537556171 0.013121959753334522
v -0.042883988469839096 -0.013778979890048504 -0.004320979118347168
v -0.04145300015807152 -0.018143950030207634 0.0
v -0.04310094937682152 -0.013778979890048504 0.0
v -0.03838896006345749 0.009579955600202084 -0.022373970597982407
v -0.037060968577861786 0.008115947246551514 -0.025453979149460793
v -0.03891599178314209 0.007835984230041504 -0.022680990397930145
v -0.04124397039413452 -0.018143950030207634 0.004155992995947599
v -0.04061995819211006 -0.018143950030207634 0.008269964717328548
v -0.04433000087738037 0.0 0.009069979190826416
v -0.04321198910474777 0.0 0.013426950201392174
v -0.04427897185087204 0.005999981891363859 0.00927495863288641
v -0.03891599178314209 0.007835984230041504 0.022680990397930145
v -0.039093971252441406 0.005999981891363859 0.022785959765315056
v -0.03737496957182884 0.006378948222845793 0.025492960587143898
v -0.03625594824552536 0.0 -0.027074990794062614
v -0.0353279709815979 -0.00020399999630171806 -0.02827494964003563
v -0.03527795895934105 -0.002053976058959961 -0.028261950239539146
v -0.03857295960187912 -0.022315969690680504 -0.007852970622479916
v -0.03916596993803978 -0.022315969690680504 -0.003945946227759123
v -0.04061995819211006 -0.018143950030207634 -0.008269964717328548
v -0.03759199008345604 -0.022315969690680504 -0.011679939925670624
v -0.036283958703279495 -0.025442950427532196 -0.00914698839187622
v -0.0450969897210598 0.0 -0.0030509820207953453
v -0.04502195119857788 0.0 -0.004535973072052002
v -0.04478298872709274 -0.004658997058868408 -0.004511951934546232
v -0.03759199008345604 -0.022315969690680504 0.011679939925670624
v -0.03498195856809616 -0.024424970149993896 0.014961949549615383
v -0.03623098134994507 -0.022315969690680504 0.015389969572424889
v -0.03248000144958496 0.0113329803571105 0.028528980910778046
v -0.03252296894788742 0.010544000193476677 0.029119959101080894
v -0.032126959413290024 0.010741939768195152 0.029303960502147675
v -0.04248594865202904 0.011143979616463184 -0.009103952907025814
v -0.04120796173810959 0.012449969537556171 -0.008829951286315918
v -0.04004894942045212 0.012449969537556171 -0.013121959753334522
v -0.03946197032928467 -0.0023139710538089275 0.02201700024306774
v -0.03732997179031372 0.0 0.025574980303645134
v -0.03966498002409935 0.0 0.021776970475912094
v -0.04280399903655052 0.007835984230041504 -0.01402497012168169
v -0.04502195119857788 0.0 0.004535973072052002
v -0.0450969897210598 0.0 0.0030509820207953453
v -0.036816950887441635 -0.025976000353693962 -0.003709970973432064
v -0.03936498984694481 -0.022315969690680504 0.0
v -0.036879949271678925 -0.0260390006005764 0.0030679700430482626
v -0.03916596993803978 -0.022315969690680504 0.003945946227759123
v -0.028351960703730583 -0.037577979266643524 0.006025969050824642
v -0.027344999834895134 -0.03815494850277901 0.0059049720875918865
v -0.02738194912672043 -0.037577979266643524 0.009011982940137386
v -0.040078990161418915 -0.010694979690015316 -0.01807999052107334
v -0.03966999053955078 -0.013778979890048504 -0.016850940883159637
v -0.040764980018138885 -0.009267984889447689 -0.017315980046987534
v -0.039678990840911865 0.013432970270514488 0.008501945994794369
v -0.04120796173810959 0.012449969537556171 0.008829951286315918
v -0.04124397039413452 -0.018143950030207634 -0.004155992995947599
v 0.05374794825911522 0.0032629959750920534 0.03733497112989426
v 0.0537569485604763 -0.001365958945825696 0.0374479815363884
v -0.04137396067380905 -0.004573941230773926 -0.01774095930159092
v -0.04122895002365112 -0.004658997058868408 -0.018048999831080437
v -0.041144959628582 -0.00552397919818759 -0.018002979457378387
v -0.04344695061445236 0.009579955600202084 -0.009308992885053158
v -0.041289981454610825 0.011143979616463184 -0.013528999872505665
v -0.04524999111890793 0.0 0.0
v -0.03828096017241478 -0.004578948020935059 0.023687949404120445
v 0.05377494916319847 0.012297979556024075 0.03538994863629341
v 0.053499989211559296 0.0166279599070549 0.03372395038604736
v -0.036879949271678925 -0.0260390006005764 0.0
v -0.03857295960187912 -0.022315969690680504 0.007852970622479916
v -0.036283958703279495 -0.025442950427532196 0.00914698839187622
v -0.038153938949108124 -0.018143950030207634 0.016206970438361168
v -0.03966999053955078 -0.013778979890048504 0.016850940883159637
v -0.0411599799990654 -0.013778979890048504 0.012788950465619564
v -0.04298197850584984 -0.004658997058868408 0.013354949653148651
v -0.04410498961806297 -0.004658997058868408 0.00897896196693182
v -0.04229598864912987 -0.009267984889447689 0.013141980394721031
v -0.03602099046111107 -0.02042095921933651 0.018249979242682457
v -0.038153938949108124 -0.018143950030207634 -0.016206970438361168
v -0.039585940539836884 -0.018143950030207634 -0.012299950234591961
v -0.03186500072479248 0.012006989680230618 0.028251999989151955
v -0.03245699033141136 0.011915979906916618 0.027803950011730194
v -0.03368097171187401 0.009079991839826107 -0.028887979686260223
v -0.03470199927687645 0.00873094704002142 -0.028168970718979836
v -0.034150950610637665 0.009405969642102718 -0.028383970260620117
v -0.04108899086713791 0.007835984230041504 0.018455980345606804
v -0.04053198918700218 0.009579955600202084 0.018206000328063965
v -0.03530395030975342 0.004034996032714844 0.028305940330028534
v -0.03620100021362305 0.005999981891363859 0.027147939428687096
v -0.035305969417095184 0.0032229418866336346 0.02830195054411888
v -0.030211979523301125 -0.02511996030807495 0.02232198975980282
v -0.031268950551748276 -0.023152939975261688 0.02310298942029476
v -0.03133593872189522 -0.025331970304250717 0.020459940657019615
v -0.0411599799990654 -0.013778979890048504 -0.012788950465619564
v -0.04223494976758957 -0.013778979890048504 -0.008597970008850098
v -0.04190896824002266 0.012449969537556171 0.004439949057996273
v -0.04248594865202904 0.011143979616463184 0.009103952907025814
v -0.0403749905526638 -0.009257972240447998 -0.01805800013244152
v -0.04479295015335083 0.007835984230041504 -0.004744946025311947
v -0.04418598860502243 0.009579955600202084 -0.004680991172790527
v -0.03648995980620384 0.009509979747235775 -0.02540099062025547
v -0.03516196832060814 -0.013942950405180454 0.02481894940137863
v -0.033424969762563705 -0.017825959250330925 0.024749990552663803
v -0.033080991357564926 -0.016903990879654884 0.02583599090576172
v 0.0536949597299099 -0.036592960357666016 0.008240996859967709
v 0.053754981607198715 -0.03579096868634224 0.011143979616463184
v -0.039585940539836884 -0.018143950030207634 0.012299950234591961
v -0.036669958382844925 -0.026318959891796112 -0.00317895389162004
v -0.032375991344451904 -0.018137989565730095 0.025859950110316277
v 0.05379997938871384 -0.02559095062315464 -0.027511000633239746
v 0.05399996042251587 -0.022109979763627052 -0.029951980337500572
v 0.05399996042251587 -0.025347940623760223 -0.027248969301581383
v -0.04300098866224289 0.005999981891363859 -0.014088979922235012
v -0.04321198910474777 0.0 -0.013426950201392174
v -0.04427599161863327 0.005999981891363859 -0.009291945956647396
v -0.04164797067642212 0.0 0.017690949141979218
v -0.04124598950147629 -0.003259955905377865 0.018323000520467758
v -0.04100798815488815 -0.0021719930227845907 0.019000940024852753
v 0.0030299420468509197 -0.037577979266643524 -0.028825990855693817
v 0.002924978034570813 -0.03815494850277901 -0.027831969782710075
v -1.9999999494757503e-05 -0.03757696971297264 -0.028984960168600082
v 0.05369197949767113 -0.02064996026456356 -0.03141200169920921
v 0.05374598130583763 -0.0223079901188612 -0.03027695044875145
v 0.05342400074005127 -0.021539980545639992 -0.030983980745077133
v 0.05377696827054024 -0.02942699007689953 0.02339397929608822
v 0.05381095036864281 -0.031075000762939453 0.02111095003783703
v 0.05399996042251587 -0.029131939634680748 0.023158960044384003
v -0.03856198862195015 0.013432970270514488 0.01263498980551958
v -0.02223598025739193 -0.03815494850277901 -0.01689797081053257
v -0.023448999971151352 -0.037577979266643524 -0.01703697070479393
v -0.021250959485769272 -0.037577979266643524 -0.019477959722280502
v -0.03844397887587547 0.012449969537556171 0.017268000170588493
v -0.043399978429079056 -0.009267984889447689 0.008835971355438232
v -0.04344999045133591 0.011143979616463184 0.0
v -0.04214400053024292 0.012449969537556171 0.0
v -0.04190896824002266 0.012449969537556171 -0.004439949057996273
v -0.013571970164775848 0.01489597000181675 -0.033948950469493866
v -0.01232600025832653 0.013910939916968346 -0.034375958144664764
v -0.01354795042425394 0.01176195964217186 -0.0351099893450737
v -0.03753900155425072 0.011143979616463184 -0.02187895029783249
v -0.015719950199127197 0.021622000262141228 -0.029844990000128746
v -0.015718989074230194 0.022740960121154785 -0.02899497002363205
v -0.012249940074980259 0.022821959108114243 -0.029190000146627426
v -0.03587495908141136 0.007307946216315031 0.027404960244894028
v -0.03552800044417381 0.006922959815710783 0.027917979285120964
v -0.03532296046614647 0.008012950420379639 0.027849970385432243
v -0.02792596071958542 0.008370994590222836 -0.032565951347351074
v -0.029316959902644157 0.006510972045361996 -0.0322909913957119
v -0.03090696968138218 0.007982969284057617 -0.031057950109243393
v -0.04404300078749657 0.007835984230041504 0.009436964057385921
v -0.04280399903655052 0.007835984230041504 0.01402497012168169
v -0.04344695061445236 0.009579955600202084 0.009308992885053158
v -0.03732997179031372 0.0 -0.025574980303645134
v -0.03946197032928467 -0.0023149840999394655 -0.02201700024306774
v -0.03966498002409935 0.0 -0.021776970475912094
v -0.037355948239564896 0.0029979939572513103 -0.025536000728607178
v -0.039093971252441406 0.005999981891363859 -0.022785959765315056
v -0.037381939589977264 0.005999981891363859 -0.02549796923995018
v -0.03729598969221115 0.007159947883337736 -0.025478949770331383
v -0.04108899086713791 0.007835984230041504 -0.018455980345606804
v -0.03178900107741356 -0.021845990791916847 0.02350996993482113
v -0.03261398896574974 -0.022670980542898178 0.02167695015668869
v -0.040078990161418915 -0.010694979690015316 0.01807999052107334
v -0.0403749905526638 -0.009257972240447998 0.01805800013244152
v -0.040764980018138885 -0.009267984889447689 0.017315980046987534
v -0.03777498006820679 -0.0058709969744086266 -0.024209970608353615
v -0.03827499970793724 -0.004592955112457275 -0.023692959919571877
v -0.03704797849059105 -0.004658997058868408 -0.025556979700922966
v -0.03902494162321091 -0.013758949935436249 -0.01813095062971115
v 0.05399996042251587 -0.02049398049712181 0.031023969873785973
v 0.05371195077896118 -0.020636970177292824 0.03140300139784813
v 0.053738951683044434 -0.022310970351099968 0.030279990285634995
v -0.037225961685180664 -0.002408981090411544 -0.02560596913099289
v -0.038360949605703354 -0.01568800024688244 0.018162960186600685
v -0.03602099046111107 -0.02042095921933651 -0.018249979242682457
v -0.03450595960021019 -0.022315969690680504 -0.01894496940076351
v -0.03623098134994507 -0.022315969690680504 -0.015389969572424889
v -0.03973894938826561 -0.0019469850230962038 -0.02155500091612339
v -0.03728199005126953 -0.007283985149115324 -0.024587979540228844
v -0.04124598950147629 -0.003259955905377865 -0.018323000520467758
v -0.04019898176193237 -0.0015979399904608727 0.02071397937834263
v -0.03973697870969772 -0.0019489519763737917 0.021556969732046127
v 0.05004096031188965 -0.02220696024596691 0.03164594992995262
v 0.05313795059919357 -0.022028980776667595 0.030755989253520966
v 0.053431980311870575 -0.02149200066924095 0.031012950465083122
v -0.044066961854696274 -0.009267984889447689 -0.004439949057996273
v -0.04410498961806297 -0.004658997058868408 -0.00897896196693182
v -0.043399978429079056 -0.009267984889447689 -0.008835971355438232
v -0.04229598864912987 -0.009267984889447689 -0.013141980394721031
v -0.03715996816754341 0.007803976070135832 0.02546399086713791
v -0.039678990840911865 0.013432970270514488 -0.008501945994794369
v -0.03902494162321091 -0.013758949935436249 0.01813095062971115
v -0.03641097992658615 0.012449969537556171 -0.0212209802120924
v -0.035081978887319565 0.01138996984809637 -0.025285949930548668
v -0.035688988864421844 0.008075951598584652 0.027373960241675377
v -0.04300098866224289 0.005999981891363859 0.014088979922235012
v -0.042656950652599335 0.005999981891363859 0.014977989718317986
v -0.03527098149061203 0.00494694709777832 0.028346950188279152
v -0.03620100021362305 0.005999981891363859 -0.027147939428687096
v -0.035694949328899384 0.007280944846570492 -0.027647970244288445
v -0.0355219803750515 0.006927967071533203 -0.027924949303269386
v -0.029460959136486053 -0.008455990813672543 0.03281896933913231
v -0.029131939634680748 -0.009219943545758724 0.03297299146652222
v -0.028251999989151955 -0.008633971214294434 0.03347098082304001
v -0.04433000087738037 0.0 -0.00906598474830389
v 0.05367295816540718 -0.01910698041319847 0.0322909913957119
v 0.05396198853850365 -0.014774969778954983 0.03423994034528732
v 0.053681958466768265 -0.014872959814965725 0.034467991441488266
v -0.022639980539679527 -0.03815494850277901 -0.0164489708840847
v -0.02536397986114025 -0.03815494850277901 -0.011730959638953209
v -0.024872949346899986 -0.037577979266643524 -0.014570949599146843
v -0.037381939589977264 0.005999981891363859 0.02549796923995018
v -0.037355948239564896 0.0029979939572513103 0.025536000728607178
v -0.044997990131378174 0.005999981891363859 0.004767000209540129
v -0.04524999111890793 0.005999981891363859 0.0
v -0.044997990131378174 0.005999981891363859 -0.004767000209540129
v -0.042656950652599335 0.005999981891363859 -0.014977989718317986
v -0.04127699136734009 0.005999981891363859 -0.01853995956480503
v 0.05388695001602173 -0.03380094841122627 0.016271939501166344
v 0.05362898111343384 -0.03396797180175781 0.016351990401744843
v 0.05373400077223778 -0.035021960735321045 0.013805979862809181
v -0.02931796945631504 -0.018921969458460808 -0.028806980699300766
v -0.02869497984647751 -0.019099950790405273 -0.02931296080350876
v -0.028371980413794518 -0.02023898996412754 -0.028836959972977638
v 0.053725000470876694 -0.0350259505212307 -0.013806990347802639
v 0.05388695001602173 -0.03380094841122627 -0.016271939501166344
v -0.03838896006345749 0.009579955600202084 0.022373970597982407
v -0.03671699017286301 0.009067951701581478 0.025420960038900375
v -0.03643697127699852 0.009570956230163574 0.025397000834345818
v -0.04022996872663498 0.005999981891363859 0.020576950162649155
v -0.03753900155425072 0.011143979616463184 0.02187895029783249
v -0.036085959523916245 0.010182970203459263 0.02536696009337902
v -0.0353119894862175 0.011138970032334328 0.025304969400167465
v -0.03561097010970116 0.010776990093290806 -0.025328990072011948
v -0.03437095135450363 0.012009969912469387 -0.025229990482330322
v -0.04418598860502243 0.009579955600202084 0.004680991172790527
v -0.04320799931883812 0.011143979616463184 0.004576981067657471
v -0.04443299025297165 0.009579955600202084 0.0
v -0.03844397887587547 0.012449969537556171 -0.017268000170588493
v -0.0422239787876606 0.009579955600202084 0.01383494958281517
v -0.045042991638183594 0.007835984230041504 0.0
v -0.04320799931883812 0.011143979616463184 -0.004576981067657471
v -0.04035395011305809 0.013432970270514488 -0.004274963866919279
v -0.04057997092604637 0.013432970270514488 0.0
v -0.04404300078749657 0.007835984230041504 -0.009436964057385921
v 0.05362898111343384 -0.03396797180175781 -0.016351990401744843
v 0.053783949464559555 -0.03258597105741501 -0.01873599924147129
v -0.03258800134062767 -0.00924599077552557 -0.029983989894390106
v -0.032849960029125214 -0.008535981178283691 -0.02986495941877365
v -0.03116697072982788 -0.008744955062866211 -0.03161894902586937
v -0.034447960555553436 -0.004387973807752132 -0.028975959867239
v -0.03447794169187546 -0.0030849569011479616 -0.029082950204610825
v -0.03354698047041893 -0.004147945903241634 -0.030025949701666832
v -0.012258940376341343 0.015639960765838623 -0.0336419902741909
v -0.013662990182638168 0.015600970014929771 -0.03362596035003662
v -0.03456896170973778 0.006688951980322599 -0.028869979083538055
v -0.03452897071838379 0.005778967868536711 -0.0289839506149292
v -0.035420000553131104 0.005942999850958586 -0.028146980330348015
v 0.03242998942732811 -0.02877097949385643 0.032465990632772446
v 0.034609969705343246 -0.027165940031409264 0.03303997963666916
v 0.032105978578329086 -0.028280969709157944 0.03295797109603882
v -0.03426897153258324 -0.024325959384441376 0.016775960102677345
v -0.03416699171066284 -0.025762969627976418 0.01464897021651268
v -0.02223598025739193 -0.03815494850277901 0.01689797081053257
v -0.018725989386439323 -0.03815494850277901 0.02079695090651512
v -0.01939499005675316 -0.037577979266643524 0.021539980545639992
v 0.053911980241537094 0.007818995974957943 0.036538951098918915
v 0.05399996042251587 0.004842996131628752 0.036782968789339066
v -0.025852970778942108 -0.01429396029561758 -0.03406399115920067
v -0.02670300006866455 -0.014064960181713104 -0.033713988959789276
v -0.026698939502239227 -0.01364796981215477 -0.033769961446523666
v 0.03151797875761986 -0.028665000572800636 -0.03282796964049339
v 0.03207898139953613 -0.02829796075820923 -0.03295296058058739
v 0.03240400180220604 -0.028786949813365936 -0.032460980117321014
v -0.030700979754328728 0.010153939947485924 0.030533960089087486
v -0.0282059907913208 0.01054798997938633 0.03178900107741356
v -0.03035598061978817 0.011440989561378956 0.030098969116806984
v 0.053911980241537094 0.007818995974957943 -0.036538951098918915
v 0.05374794825911522 0.0032629959750920534 -0.03733497112989426
v 0.05361199006438255 0.007862985134124756 -0.036745961755514145
v -0.0351179800927639 0.009243965148925781 0.027469990774989128
v -0.03470199927687645 0.00873094704002142 0.028168970718979836
v -0.034462980926036835 0.00966495182365179 0.02793394960463047
v -0.013944979757070541 0.016893979161977768 -0.03298699110746384
v 0.053499989211559296 -0.0005659999442286789 0.037554968148469925
v -0.03245699033141136 0.009669958613812923 -0.029573969542980194
v -0.032085951417684555 0.009797990322113037 -0.029780980199575424
v 0.029854949563741684 -0.029754990711808205 -0.03245794028043747
v 0.03074699081480503 -0.029852980747818947 -0.03208696097135544
v 0.030218949541449547 -0.030191950500011444 -0.03196799010038376
v 0.051219988614320755 0.004876970779150724 -0.037247948348522186
v 0.053499989211559296 0.006023942958563566 -0.0370439812541008
v -0.03536998853087425 0.008690953254699707 0.027487989515066147
v -0.026667950674891472 -0.01440197043120861 -0.03356599062681198
v -0.02556598000228405 -0.03815494850277901 -0.011382989585399628
v -0.026479000225663185 -0.037577979266643524 -0.011788959614932537
v -0.0324779711663723 0.011899939738214016 -0.027800969779491425
v -0.03377896174788475 0.011064940132200718 -0.02742600068449974
v -0.03292195871472359 0.01195698045194149 -0.027180960401892662
v -0.03368097171187401 0.009079991839826107 0.028887979686260223
v -0.03245699033141136 0.009669958613812923 0.029573969542980194
v -0.03384095057845116 0.00966495182365179 0.02851998060941696
v 0.028934000059962273 -0.028667980805039406 -0.03352599963545799
v -0.034919969737529755 0.00784999132156372 0.028287939727306366
v -0.012249940074980259 0.020727990195155144 -0.030768990516662598
v 0.053499989211559296 -0.0005659999442286789 -0.037554968148469925
v 0.053749971091747284 -0.001365958945825696 -0.03744899854063988
v 0.03982298821210861 -0.02497594989836216 -0.033015958964824677
v 0.039590951055288315 -0.024327989667654037 -0.03351699933409691
v 0.04246896132826805 -0.023455969989299774 -0.033212948590517044
v 0.04402595013380051 -0.034480981528759 -0.02080696076154709
v 0.04318397864699364 -0.035353951156139374 -0.019230959936976433
v -0.030870970338582993 -0.009198962710797787 0.03177899122238159
v -0.03277498111128807 -0.008591949008405209 0.029944950714707375
v -0.03233695030212402 -0.009238958358764648 0.0302459504455328
v -1.799999881768599e-05 -0.03757696971297264 0.028984960168600082
v -0.0030299420468509197 -0.037577979266643524 0.028825990855693817
v -0.026690950617194176 -0.019354989752173424 0.030990000814199448
v -0.02756994031369686 -0.019746949896216393 0.029957950115203857
v -0.02707999013364315 -0.019681990146636963 0.030443960800766945
v 0.05361199006438255 0.016617950052022934 -0.03370397910475731
v 0.05375998839735985 0.012299000285565853 -0.035392988473176956
v 0.053499989211559296 0.012443950399756432 -0.03547399863600731
v -0.03359299153089523 0.010542980395257473 0.028178980574011803
v 0.05399996042251587 0.007747948169708252 0.0362049899995327
v -0.030900949612259865 0.01010197028517723 -0.030425960198044777
v 0.05399996042251587 -0.033532969653606415 0.016142960637807846
v 0.05399996042251587 -0.03218495100736618 0.018549969419836998
v -0.032085951417684555 0.009797990322113037 0.029780980199575424
v 0.022151939570903778 -0.03326797112822533 -0.031237950548529625
v 0.02608698047697544 -0.033333949744701385 -0.030191950500011444
v 0.022075949236750603 -0.03421198949217796 -0.030234990641474724
v -0.03491394966840744 0.007851958274841309 -0.028292950242757797
v -0.035318970680236816 0.00802695658057928 -0.027848949655890465
v 0.05399996042251587 -0.027316980063915253 -0.025274990126490593
v 0.053791988641023636 -0.02758496068418026 -0.02552396059036255
v -0.03594594821333885 -0.004952967166900635 -0.027009960263967514
v -0.03529398888349533 0.004797995090484619 -0.028317980468273163
v -0.012301979586482048 0.019046960398554802 -0.03183596953749657
v -0.014652960002422333 0.019309990108013153 -0.03158199042081833
v -0.012431969866156578 0.019895970821380615 -0.03131299838423729
v -0.01901995949447155 0.011808989569544792 -0.03433996066451073
v -0.02207498997449875 0.011865969747304916 -0.0335649810731411
v -0.019290979951620102 0.011986969970166683 -0.03420494869351387
v 0.053783949464559555 -0.03258597105741501 0.01873599924147129
v 0.00864797830581665 -0.03815494850277901 0.026614960283041
v 0.0089569678530097 -0.037577979266643524 0.02756595052778721
v 0.004501997958868742 -0.03815494850277901 0.02749698981642723
v -0.021250959485769272 -0.037577979266643524 0.019477959722280502
v 0.004501997958868742 -0.03815494850277901 -0.02749698981642723
v -0.028009949252009392 0.012057960033416748 0.03105293959379196
v -0.030116969719529152 0.012465950101613998 0.029253000393509865
v 0.03694599121809006 -0.0255849901586771 -0.033467940986156464
v 0.03720599040389061 -0.02617895044386387 -0.032970961183309555
v 0.03458695858716965 -0.027177980169653893 -0.03303796052932739
v 0.053772978484630585 -0.025603950023651123 0.02752494066953659
v 0.053801000118255615 -0.027579959481954575 0.025518950074911118
v 0.05399996042251587 -0.025347940623760223 0.027248969301581383
v -0.03303997963666916 0.001223981031216681 -0.03070293925702572
v -0.02930998057126999 0.001813948038034141 -0.03285396099090576
v -0.02927500009536743 0.0011539449915289879 -0.03291099891066551
v 0.05399996042251587 0.007762968074530363 -0.03627895936369896
v 0.05399996042251587 0.00958395004272461 -0.0357699915766716
v -0.025624990463256836 -0.008970974944531918 -0.03443199023604393
v -0.029514959082007408 -0.008461952209472656 -0.032786961644887924
v -0.02562195062637329 -0.008658944629132748 -0.03443700075149536
v -0.03438698872923851 -0.026009969413280487 0.013731000013649464
v -0.035328980535268784 -0.00021600000036414713 0.028272980824112892
v -0.03625594824552536 0.0 0.027074990794062614
v -0.035290949046611786 -0.002016961108893156 0.02824896015226841
v -0.028759950771927834 -0.01907997950911522 0.029259970411658287
v -0.0260390006005764 -0.024149000644683838 -0.02797197923064232
v -0.027118980884552002 -0.02413696050643921 -0.026950949802994728
v -0.02757095918059349 -0.019746949896216393 -0.029957950115203857
v -0.029006000608205795 -0.0208089891821146 -0.027805980294942856
v -0.032126959413290024 0.010741939768195152 -0.029303960502147675
v -0.033529989421367645 0.009923993609845638 -0.02865499071776867
v -0.03443795070052147 0.009695947170257568 -0.027939969673752785
v -0.03495996817946434 0.007111966144293547 -0.02844798006117344
v -0.03572499006986618 0.007915972732007504 -0.027376940473914146
v -0.03545695170760155 0.008719979785382748 -0.02735893987119198
v -0.03090696968138218 0.007982969284057617 0.031057950109243393
v -0.013690940104424953 0.015784969553351402 0.03353697061538696
v -0.012452960014343262 0.015088969841599464 0.03389196842908859
v -0.012257990427315235 0.015643950551748276 0.03363995999097824
v -0.014643959701061249 0.01930098980665207 0.03158795088529587
v -0.013936989940702915 0.01689296029508114 0.03298794850707054
v -0.012295960448682308 0.019053990021348 0.031830959022045135
v -0.012430960312485695 0.019715959206223488 0.03142695873975754
v 0.023442979902029037 -0.027931980788707733 -0.03532999008893967
v 0.022888949140906334 -0.028890959918498993 -0.03474199026823044
v -0.03543496131896973 0.005925952922552824 0.02812998928129673
v -0.03468995913863182 0.010026990436017513 0.027373960241675377
v -0.016455940902233124 0.02254796028137207 -0.028849000111222267
v 0.05359596014022827 0.007863998413085938 0.03674900159239769
v 0.053499989211559296 0.006023942958563566 0.0370439812541008
v 0.024160979315638542 -0.022038990631699562 -0.0385049507021904
v 0.02415299043059349 -0.020984940230846405 -0.038697000592947006
v 0.026423990726470947 -0.020855959504842758 -0.038492970168590546
v 0.028577979654073715 -0.019291989505290985 -0.03852998837828636
v 0.02861195057630539 -0.02019697055220604 -0.03833800181746483
v 0.02415299043059349 -0.022404959425330162 0.03839296102523804
v 0.026423990726470947 -0.020855959504842758 0.038492970168590546
v 0.024162940680980682 -0.021564960479736328 0.03861397132277489
v 0.05376797169446945 -0.010488980449736118 0.035969968885183334
v 0.05399996042251587 -0.029131939634680748 -0.023158960044384003
v 0.053732991218566895 -0.035796988755464554 -0.011163939721882343
v 0.05369699001312256 -0.036589980125427246 -0.008240996859967709
v 0.053397949784994125 -0.035992980003356934 -0.01087396964430809
v 0.023274950683116913 -0.028935959562659264 -0.03470199927687645
v 0.05399996042251587 -0.0220979992300272 0.02995895966887474
v 0.045479949563741684 -0.03456300124526024 -0.019880950450897217
v -0.016611989587545395 0.01199399959295988 -0.03466897830367088
v -0.016499990597367287 0.011848979629576206 -0.03473496064543724
v -0.01647198013961315 0.01199399959295988 0.03468399867415428
v -0.019017990678548813 0.011842959560453892 0.03432798013091087
v -0.01662497967481613 0.011679939925670624 0.034783948212862015
v -0.019290979951620102 0.011986969970166683 0.03420494869351387
v -0.022076960653066635 0.011847970075905323 0.03357195109128952
v 0.053783949464559555 -0.02942298911511898 -0.023390939459204674
v 0.036963991820812225 -0.025575989857316017 0.03346896171569824
v 0.03722399100661278 -0.026169950142502785 0.032970961183309555
v 0.04617995023727417 -0.03541696071624756 -0.017433999106287956
v 0.047026991844177246 -0.034650981426239014 -0.01889698952436447
v 0.05006396025419235 -0.034834980964660645 -0.016753969714045525
v 0.05229096859693527 -0.03901898115873337 0.0
v 0.051755961030721664 -0.039083950221538544 -0.001101969974115491
v 0.05224597081542015 -0.03894894942641258 -0.001223981031216681
v 0.05197596177458763 -0.03909796103835106 0.0
v 0.05373799055814743 -0.037383969873189926 -0.002776979934424162
v 0.05399996042251587 -0.036997970193624496 -0.0027479520067572594
v 0.05399996042251587 -0.03709995001554489 0.0
v 0.05314099043607712 -0.022031959146261215 -0.030751999467611313
v 0.05004096031188965 -0.02220696024596691 -0.03164594992995262
v 0.02909594029188156 -0.030511969700455666 -0.0320429801940918
v 0.05280797928571701 -0.03501497954130173 -0.01455294992774725
v 0.04921095818281174 -0.035486988723278046 -0.015429969877004623
v 0.05376797169446945 -0.005972980987280607 -0.03698896989226341
v 0.05399996042251587 -0.004837988875806332 -0.03673195093870163
v 0.05399996042251587 -0.005913971923291683 -0.03662598133087158
v 0.05375998839735985 0.0205879807472229 -0.031305961310863495
v 0.053499989211559296 0.02390897087752819 -0.028978999704122543
v 0.05377494916319847 0.024288950487971306 -0.02852593921124935
v 0.05396198853850365 -0.014774969778954983 -0.03423994034528732
v 0.05369799956679344 -0.019096970558166504 -0.03227996081113815
v 0.053681958466768265 -0.014872959814965725 -0.034465961158275604
v 0.05375998839735985 -0.01049095019698143 -0.03597693890333176
v 0.05399996042251587 -0.010385990142822266 -0.03561699017882347
v 0.053499989211559296 -0.013484950177371502 -0.03503096103668213
v 0.05399996042251587 -0.014442980289459229 -0.034155961126089096
v 0.053499989211559296 -0.0071339597925543785 -0.03686194866895676
v 0.053911980241537094 0.016523949801921844 -0.033513959497213364
v 0.053499989211559296 0.018437979742884636 -0.03268694132566452
v 0.052682988345623016 -0.02122396044433117 -0.031394001096487045
v 0.017855999991297722 0.0105929896235466 -0.03592997044324875
v 0.02178698033094406 0.01435094978660345 -0.03475296124815941
v 0.022499969229102135 0.014255999587476254 -0.034791938960552216
v 0.05399996042251587 -0.027316980063915253 0.025274990126490593
v 0.05399996042251587 -0.018688969314098358 0.03204900026321411
v 0.05399996042251587 -0.014440950006246567 0.034155961126089096
v 0.05399996042251587 -0.035835981369018555 0.009601949714124203
v 0.05395298823714256 -0.034819960594177246 0.013725990429520607
v 0.05399996042251587 -0.03078394941985607 0.020913949236273766
v 0.02988594025373459 -0.029733950272202492 0.032465990632772446
v 0.029089979827404022 -0.0304979607462883 0.032058000564575195
v 0.03024798072874546 -0.030171990394592285 0.03197598084807396
v 0.030745979398489 -0.029852980747818947 0.03208798170089722
v 0.03983597829937935 -0.02497093938291073 0.033015958964824677
v 0.039602991193532944 -0.024322979152202606 0.03351699933409691
v 0.05279593914747238 -0.03501497954130173 0.014563970267772675
v 0.05005699023604393 -0.034834980964660645 0.01675897091627121
v 0.03935796022415161 -0.03423798084259033 0.023493999615311623
v 0.03436398133635521 -0.0339999683201313 0.026097949594259262
v 0.05376797169446945 0.020586960017681122 0.03130495175719261
v 0.05384194105863571 0.016551969572901726 0.03356897085905075
v 0.05399996042251587 0.018549969419836998 0.03212999925017357
v 0.05399996042251587 0.01419794000685215 0.03427594155073166
v 0.05399996042251587 0.009601949714124203 0.035835981369018555
v 0.05375998839735985 -0.005972980987280607 0.036989979445934296
v 0.05399996042251587 -0.004842996131628752 0.036782968789339066
v 0.05399996042251587 -0.009601949714124203 0.035835981369018555
v 0.053499989211559296 -0.0071339597925543785 0.03686194866895676
v 0.053499989211559296 -0.013484950177371502 0.03503096103668213
v 0.053499989211559296 0.018437979742884636 0.03268694132566452
v 0.022499969229102135 0.014255999587476254 0.034791938960552216
v 0.02178698033094406 0.01435094978660345 0.03475296124815941
v 0.017855999991297722 0.0105929896235466 0.03593099117279053
v -0.04298197850584984 -0.004658997058868408 -0.013354949653148651
v -0.033742960542440414 -0.018143950030207634 0.024027999490499496
v -0.03562796115875244 -0.027187999337911606 0.006245969794690609
v -0.012249940074980259 0.011708970181643963 -0.03517394885420799
v -0.012249940074980259 0.006872951053082943 -0.0364300012588501
v -0.016916990280151367 0.006830989848822355 -0.036138951778411865
v -0.021029939875006676 0.0016019940376281738 -0.035983968526124954
v -0.02103996090590954 0.006593942176550627 -0.03543496131896973
v -0.038360949605703354 -0.01568800024688244 -0.018162960186600685
v -0.03482097014784813 -0.01922094076871872 -0.021577950567007065
v -0.029288940131664276 -0.022319970652461052 0.026295000687241554
v -0.030533960089087486 -0.020004980266094208 0.026739949360489845
v -0.034312959760427475 -0.007940948009490967 -0.02840995043516159
v -0.03633999079465866 -0.007285952102392912 -0.025884980335831642
v -0.02177298069000244 -0.009079991839826107 -0.03579895943403244
v -0.016349969431757927 -0.004005968105047941 -0.036811940371990204
v -0.02064800076186657 -0.009101985953748226 -0.035936951637268066
v -0.01667696051299572 0.0014859429793432355 -0.0368039608001709
v -0.011565979570150375 0.012653940357267857 -0.034874968230724335
v 0.028499960899353027 -0.01907699927687645 0.0385509692132473
v 0.02859199047088623 -0.019961949437856674 0.038409940898418427
v 0.0498499795794487 0.01389496959745884 -0.03493797034025192
v 0.05399996042251587 0.012178000062704086 -0.035043951123952866
v -0.02543199062347412 -0.025050990283489227 0.027779990807175636
v -0.02775496058166027 -0.024151980876922607 0.026338990777730942
v 0.05399996042251587 -0.001352965016849339 -0.0370749793946743
v 0.05399996042251587 0.020384959876537323 -0.0309979896992445
v 0.05399996042251587 0.022543959319591522 -0.029378950595855713
v -0.010813949629664421 0.012225979939103127 0.03502696007490158
v -0.013812949880957603 0.013064979575574398 0.03462295979261398
v -0.012249940074980259 0.011708970181643963 0.03517394885420799
v 0.05399996042251587 0.007762968074530363 -0.03627895936369896
v 0.05399996042251587 -0.010371980257332325 0.03557496890425682
v 0.028499960899353027 -0.021724989637732506 0.03782695159316063
v -0.016351990401744843 -0.003972947131842375 0.03681999072432518
v -0.021665990352630615 -0.008842945098876953 0.03586595878005028
v -0.020729949697852135 -0.00917595624923706 0.03591400012373924
v -0.029086939990520477 -0.013971979729831219 0.03172193840146065
v -0.027756979689002037 -0.014261960051953793 0.032746970653533936
v 0.05399996042251587 -0.03476500138640404 0.013259939849376678
v 0.05399996042251587 -0.03539394959807396 0.01114594005048275
v -0.025627970695495605 -0.008658944629132748 0.0344349704682827
v -0.02562195062637329 -0.008970974944531918 0.03443199023604393
v -0.021665990352630615 -0.008842945098876953 0.03586595878005028
v 0.05399996042251587 -0.035835981369018555 0.009601949714124203
v 0.05399996042251587 -0.036726951599121094 0.0051229591481387615
v 0.05399996042251587 -0.03691995143890381 0.0027429459150880575
v -0.01667696051299572 0.0014779559569433331 0.0368039608001709
v -0.021029939875006676 0.0016019940376281738 0.035983968526124954
v -0.021665990352630615 -0.008842945098876953 0.03586595878005028
v -0.026712950319051743 -0.014297960326075554 0.03359096869826317
v -0.02662700042128563 -0.014016980305314064 0.0337899886071682
v 0.05399996042251587 -0.03672498092055321 -0.005189954768866301
v -0.02662700042128563 -0.014016980305314064 0.0337899886071682
v 0.05399996042251587 -0.03581196069717407 -0.009595990180969238
v 0.05399996042251587 -0.035451941192150116 -0.010942989960312843
v 0.05399996042251587 -0.035151951014995575 -0.012002999894320965
v 0.05399996042251587 -0.034756001085042953 -0.013285989873111248
v -0.03035598061978817 0.011440989561378956 -0.030098969116806984
v -0.0282059907913208 0.01054798997938633 -0.03178900107741356
v -0.030420949682593346 0.010225949808955193 -0.03068595938384533
v 0.05399996042251587 -0.033532969653606415 -0.016142960637807846
v 0.05399996042251587 -0.03218495100736618 -0.018549969419836998
v 0.05399996042251587 -0.03078394941985607 -0.020913949236273766
v -0.02862696908414364 -0.020546970888972282 0.028347959741950035
v 0.05399996042251587 -0.020497970283031464 -0.031020989641547203
v -0.02924196980893612 -0.021366000175476074 0.027127979323267937
v 0.05399996042251587 -0.01867597922682762 -0.03204797953367233
v -0.029393969103693962 -0.018891990184783936 0.028750000521540642
v -0.030043000355362892 -0.018850980326533318 0.028099950402975082
v -0.032261960208415985 -0.003920971881598234 -0.031239980831742287
v -0.027984969317913055 -0.03815494850277901 0.0
v -0.03516196832060814 -0.013942950405180454 -0.02481894940137863
v -0.0361589714884758 -0.010927969589829445 -0.024868959560990334
v 0.028620000928640366 -0.02200995944440365 -0.03769296035170555
v 0.02411394938826561 -0.023581979796290398 -0.03797798976302147
v -0.0030299420468509197 -0.037577979266643524 -0.028825990855693817
v -0.0030299420468509197 -0.037577979266643524 -0.028825990855693817
v -0.024940960109233856 -0.014355000108480453 -0.034195948392152786
v -0.024872949346899986 -0.037577979266643524 0.014570949599146843
v -0.032531969249248505 -0.025215979665517807 0.018655000254511833
v 0.05175697058439255 -0.039083950221538544 0.0011009570444002748
v 0.05224597081542015 -0.03894894942641258 0.0012219540076330304
v -0.025667959824204445 0.006942986976355314 -0.03385496139526367
v -0.021582959219813347 0.006927967071533203 -0.03518395870923996
v -0.04479295015335083 0.007835984230041504 0.004744946025311947
v 0.02112996019423008 0.014625960029661655 -0.03463900089263916
v 0.023869989439845085 0.014625960029661655 -0.03463900089263916
v 0.023213980719447136 0.014351960271596909 -0.03475296124815941
v 0.0498499795794487 0.01389496959745884 -0.03493797034025192
v 0.05137496814131737 0.015505960211157799 -0.034217000007629395
v -0.03641097992658615 0.012449969537556171 0.0212209802120924
v -0.035220980644226074 0.011249950155615807 0.025296980515122414
v -0.034317970275878906 0.012059980072081089 0.025225989520549774
v 0.024442970752716064 0.015070970170199871 -0.03444695100188255
v 0.05399996042251587 0.016405990347266197 -0.03327494114637375
v -0.04019898176193237 -0.0015979399904608727 -0.02071397937834263
v -0.04022996872663498 0.005999981891363859 -0.020576950162649155
v -0.04019898176193237 -0.0015979399904608727 -0.02071397937834263
v 0.020132949575781822 0.015632979571819305 -0.034195948392152786
v 0.020557990297675133 0.015070970170199871 -0.034447960555553436
v -0.028351960703730583 -0.037577979266643524 -0.006025969050824642
v -0.028984960168600082 -0.037577979266643524 0.0
v -0.01690495014190674 0.006837964057922363 0.03613495081663132
v 0.04559998959302902 -0.021471969783306122 -0.03342396020889282
v 0.04550296068191528 -0.022393999621272087 -0.03296899050474167
v -0.03352599963545799 0.011485990136861801 0.027182990685105324
v -0.03291099891066551 0.011966999620199203 0.027180960401892662
v -0.02670395001769066 0.006953954230993986 -0.033427949994802475
v -0.026589980348944664 0.011611989699304104 0.03204696998000145
v -0.027490969747304916 0.010858950205147266 0.031991951167583466
v -0.02499496005475521 0.011811969801783562 0.032597001641988754
v -0.02570796012878418 0.01176500041037798 0.03232795000076294
v -0.03237998113036156 -0.003226995002478361 0.031075000762939453
v -0.013936989940702915 0.01689296029508114 0.03298794850707054
v 0.019780989736318588 0.017015989869832993 0.03352897986769676
v 0.019880950450897217 0.01771700009703636 0.03316396102309227
v -0.010724959895014763 0.017507970333099365 0.03270899876952171
v 0.04982398822903633 0.00567698385566473 -0.03716795891523361
v 0.017609000205993652 0.00842898990958929 0.036513980478048325
v 0.018936989828944206 0.0049789538607001305 0.0372689887881279
v 0.0498499795794487 0.010636979714035988 0.03606396168470383
v 0.017609000205993652 0.00842898990958929 0.036513980478048325
v -0.015920989215373993 -0.003997981082648039 -0.03684395179152489
v -0.016349969431757927 -0.004005968105047941 -0.036811940371990204
v 0.020557990297675133 0.015070970170199871 0.034447960555553436
v 0.020132949575781822 0.015632979571819305 0.034195948392152786
v 0.02112996019423008 0.014625960029661655 0.03463900089263916
v 0.02178698033094406 0.01435094978660345 0.03475296124815941
v 0.020557990297675133 0.015070970170199871 0.034447960555553436
v -0.013528999872505665 0.01456694956868887 0.03409694880247116
v 0.02608698047697544 -0.033333949744701385 0.030191950500011444
v 0.029034970328211784 -0.03102499060332775 0.031606968492269516
v 0.02217400074005127 -0.033378951251506805 0.03115098923444748
v -0.035137951374053955 0.00044999999227002263 0.028510980308055878
v -0.03354495018720627 -0.003253995906561613 0.030095990747213364
v -0.03387194126844406 0.0018369549652561545 0.029914969578385353
v 0.028499960899353027 -0.03400694951415062 -0.028805969282984734
v 0.028499960899353027 -0.033353980630636215 -0.029525989666581154
v 0.04641598090529442 -0.022574959322810173 0.032573990523815155
v 0.04249399155378342 -0.023516949266195297 0.033167000859975815
v 0.04550796002149582 -0.022345000877976418 0.032993968576192856
v 0.028643960133194923 -0.02200995944440365 0.037693969905376434
v 0.04559898003935814 -0.0214729905128479 0.033422939479351044
v -0.0351179800927639 0.009243965148925781 -0.027469990774989128
v 0.025117989629507065 0.01771795004606247 0.03316396102309227
v 0.020153990015387535 0.018354950472712517 0.03281598910689354
v 0.019880950450897217 0.01771700009703636 0.03316396102309227
v -0.015947990119457245 -0.003445982001721859 0.03687094897031784
v -0.016351990401744843 -0.003972947131842375 0.03681999072432518
v -0.025595959275960922 0.006959973834455013 0.033870991319417953
v -0.025595959275960922 0.006959973834455013 0.033870991319417953
v -0.025257999077439308 0.001780985970981419 0.03465700149536133
v -0.025211980566382408 0.0013299579732120037 0.0347369909286499
v -0.026465950533747673 0.007032989989966154 0.03350197896361351
v -0.025319989770650864 0.0013279910199344158 0.03468893840909004
v 0.028499960899353027 -0.034646980464458466 0.027849970385432243
v 0.028499960899353027 -0.03360199183225632 0.029260989278554916
v 0.024069959297776222 -0.024184999987483025 0.03766994923353195
v -0.02496998943388462 -0.014406969770789146 0.034168001264333725
v -0.02578197978436947 -0.014301000162959099 0.034079961478710175
v -0.0030299420468509197 -0.037577979266643524 0.028825990855693817
v -0.03562796115875244 -0.027187999337911606 -0.006245969794690609
v -0.02543199062347412 -0.025050990283489227 0.027779990807175636
v -0.025319989770650864 0.0013279910199344158 -0.03468893840909004
v -0.027121959254145622 -0.024122949689626694 0.02695493958890438
v -0.03424894064664841 -0.02626997046172619 0.013581990264356136
v -0.0357319712638855 -0.025788959115743637 0.010279949754476547
v 0.028499960899353027 -0.03497498854994774 0.027142999693751335
v 0.028499960899353027 -0.034646980464458466 0.027849970385432243
v -0.0357319712638855 -0.025788959115743637 0.010279949754476547
v -0.03777498006820679 -0.0058729639276862144 0.024209970608353615
v -0.03611098974943161 -0.027187999337911606 -0.002090990077704191
v -0.03611098974943161 -0.027187999337911606 0.002090990077704191
v -0.012249940074980259 0.006872951053082943 0.0364300012588501
v -0.012249940074980259 0.0016389479860663414 0.03703099116683006
v 0.025135990232229233 0.016298940405249596 0.03388398140668869
v 0.024866990745067596 0.015632979571819305 0.034195948392152786
v -0.032975971698760986 -0.02246195077896118 -0.02129494957625866
v -0.033361971378326416 -0.022520950064063072 -0.02067296952009201
v -0.03482097014784813 -0.01922094076871872 0.021577950567007065
v -0.03516196832060814 -0.013942950405180454 0.02481894940137863
v -0.0361589714884758 -0.010927969589829445 0.024868959560990334
v -0.03636496886610985 -0.01030397042632103 0.0248789694160223
v -0.03661996126174927 -0.009139001369476318 -0.024955980479717255
v -0.03636496886610985 -0.01030397042632103 -0.0248789694160223
v -0.03877997025847435 -0.003465950023382902 -0.023056980222463608
v -0.037239961326122284 -0.0022779700811952353 -0.025603950023651123
v -0.029086939990520477 -0.013971979729831219 -0.03172193840146065
v -0.03046094998717308 -0.009299992583692074 -0.03206199035048485
v -0.030211979523301125 -0.02511996030807495 -0.02232198975980282
v -0.027946939691901207 -0.024096960201859474 -0.026188960298895836
v -0.04127699136734009 0.005999981891363859 0.01853995956480503
v 0.019862940534949303 0.016300970688462257 0.03388297185301781
v -0.033898938447237015 0.012375949881970882 0.025192970409989357
v -0.01958698034286499 0.021238980814814568 0.026950949802994728
v -0.03389196842908859 0.012446990236639977 0.02504396066069603
v -0.019396960735321045 0.0212129894644022 0.027240989729762077
v -0.01933795027434826 0.021205959841609 0.027322940528392792
v -0.01928596943616867 0.0211979690939188 0.02738397940993309
v -0.015685969963669777 0.021629979833960533 0.029850000515580177
v -0.012273959815502167 0.020666949450969696 0.03080998919904232
v 0.025117989629507065 0.01771795004606247 -0.03316396102309227
v 0.020153990015387535 0.018354950472712517 -0.03281598910689354
v 0.024845950305461884 0.018354950472712517 -0.03281598910689354
v 0.023204980418086052 0.01960200071334839 0.032085951417684555
v 0.021794969215989113 0.01960200071334839 0.032085951417684555
v 0.02114998921751976 0.01933795027434826 0.03224598988890648
v 0.020578980445861816 0.01890294998884201 0.03250294178724289
v 0.0498499795794487 0.010636979714035988 -0.03606396168470383
v 0.025135990232229233 0.016298940405249596 -0.03388398140668869
v 0.024866990745067596 0.015632979571819305 -0.034195948392152786
v 0.0498499795794487 0.01389496959745884 0.03493797034025192
v 0.02206498011946678 -0.034241970628499985 0.03019499033689499
v -0.02731597051024437 -0.0035109510645270348 -0.03380094841122627
v 0.05399996042251587 0.003229975001886487 -0.03695898875594139
v 0.039380960166454315 -0.034238990396261215 -0.023481959477066994
v 0.028499960899353027 -0.03476094827055931 -0.027637949213385582
v 0.028499960899353027 -0.03500496968626976 -0.027076000347733498
v 0.051211949437856674 -0.039054978638887405 -0.0018649690318852663
v 0.051211949437856674 -0.039054978638887405 -0.0018649690318852663
v 0.010304979979991913 -0.03815494850277901 -0.025877950713038445
v 0.051211949437856674 -0.039054978638887405 -0.0018649690318852663
v 0.046293970197439194 -0.0395999513566494 0.007183969020843506
v 0.046293970197439194 -0.0395999513566494 0.007183969020843506
v 0.047026991844177246 -0.034650981426239014 0.01889698952436447
v 0.043152980506420135 -0.035353001207113266 0.0192489605396986
v 0.03852396830916405 -0.035265978425741196 0.02177596092224121
v 0.04546498879790306 -0.0395999513566494 0.007499991916120052
v -0.014491969719529152 -0.037577979266643524 -0.025101950392127037
v -0.00864797830581665 -0.03815494850277901 -0.026614960283041
v -0.013992959633469582 -0.03815494850277901 -0.024235960096120834
v -0.002924978034570813 -0.03815494850277901 -0.027831969782710075
v -0.023448999971151352 -0.037577979266643524 0.01703697070479393
v -0.022639980539679527 -0.03815494850277901 0.0164489708840847
v -0.02536397986114025 -0.03815494850277901 0.011730959638953209
v -0.026479000225663185 -0.037577979266643524 0.011788959614932537
v -0.02556598000228405 -0.03815494850277901 0.011382989585399628
v -0.03466897830367088 -0.027187999337911606 -0.010316959582269192
v -0.02738194912672043 -0.037577979266643524 -0.009011982940137386
v -0.029594000428915024 -0.004063962958753109 -0.032741960138082504
v -0.034331969916820526 -0.026113979518413544 -0.013671989552676678
v -0.026479000225663185 -0.037577979266643524 -0.011788959614932537
v 0.01791995018720627 0.021204939112067223 -0.03104894980788231
v 0.0498499795794487 0.022864989936351776 -0.029848989099264145
v 0.0498499795794487 0.02003495953977108 -0.0318179689347744
v -0.03577594831585884 -0.025833960622549057 -0.010011970065534115
v -0.03252296894788742 0.010544000193476677 -0.029119959101080894
v -0.03134297952055931 -0.025325000286102295 -0.020464949309825897
v -0.029289960861206055 -0.02226698026061058 -0.02633797936141491
v -0.029323989525437355 -0.021825959905982018 -0.026669969782233238
v -0.03095399960875511 -0.014632989652454853 0.029529979452490807
v -0.03305298089981079 -0.01530694030225277 0.026845989748835564
v -0.030466970056295395 -0.018118970096111298 0.028122959658503532
v -0.030535990372300148 -0.017935989424586296 -0.0281409602612257
v -0.03452198952436447 -0.013774990104138851 0.025778939947485924
v -0.03305298089981079 -0.01530694030225277 0.026845989748835564
v 0.024442970752716064 0.015070970170199871 0.03444695100188255
v -0.03697298839688301 -0.0048159952275455 0.025638990104198456
v -0.03728199005126953 -0.007283985149115324 0.024587979540228844
v -0.036405980587005615 -0.007300972007215023 0.02581297978758812
v 0.024119969457387924 -0.0201259795576334 0.038740988820791245
v -0.034627970308065414 0.0007899999618530273 -0.029075980186462402
v -0.03454595059156418 0.002044975059106946 -0.029177960008382797
v -0.002586960094049573 0.020764939486980438 0.03088200092315674
v -0.03450595960021019 -0.022315969690680504 0.01894496940076351
v -0.033361971378326416 -0.022520950064063072 0.02067296952009201
v 0.021755989640951157 -0.0349239706993103 -0.029051000252366066
v 0.028499960899353027 -0.03476094827055931 -0.027637949213385582
v -0.024801960214972496 0.021947970613837242 0.010217959992587566
v -0.04035395011305809 0.013432970270514488 0.004274963866919279
v -0.03366798162460327 -0.009665966033935547 -0.028645990416407585
v 0.053801000118255615 -0.031080959364771843 -0.021114999428391457
v 0.05393296107649803 -0.03693997114896774 -0.005517959129065275
v 0.05288194864988327 -0.03845595940947533 -1.2999998943996616e-05
v 0.05372798070311546 -0.03739093989133835 0.002776979934424162
v 0.002924978034570813 -0.03815494850277901 0.027831969782710075
v 0.05393296107649803 -0.03693997114896774 0.005517959129065275
v 0.0537719689309597 -0.03562498092651367 0.01166194025427103
v -0.020044980570673943 -0.0294109508395195 -0.027888000011444092
v -0.018915949389338493 -0.029254969209432602 -0.028524989262223244
v -0.014491969719529152 -0.037577979266643524 -0.025101950392127037
v -0.02707999013364315 -0.019681990146636963 -0.030443960800766945
v -0.0266720000654459 -0.0194849893450737 -0.030923960730433464
v -0.028880000114440918 -0.01456694956868887 -0.03159695118665695
v -0.027756979689002037 -0.014261960051953793 -0.032746970653533936
v -0.034599948674440384 -0.0030499689746648073 0.02896898053586483
v -0.03345894068479538 -0.004085958003997803 0.03015398047864437
v -0.017625980079174042 0.020986970514059067 0.028990980237722397
v -0.01764398068189621 0.02098798006772995 0.028974950313568115
v -0.03386294096708298 0.0018269410356879234 -0.02992497943341732
v -0.03354597091674805 0.0064129820093512535 -0.029693959280848503
v -0.033059000968933105 0.0018649690318852663 -0.030605969950556755
v -0.03311096876859665 0.006449996959418058 -0.029993949458003044
v -0.028009949252009392 0.012057960033416748 -0.03105293959379196
v -0.026570970192551613 0.0115889897570014 -0.03206497058272362
v -0.031376950442790985 -0.014272980391979218 -0.029311949387192726
v -0.016651980578899384 0.02244699001312256 -0.02879399061203003
v -0.016455940902233124 0.02254796028137207 -0.028849000111222267
v -0.0166469793766737 0.02244699001312256 -0.028795000165700912
v -0.030116969719529152 0.012465950101613998 -0.029253000393509865
v -0.032045960426330566 0.011584989726543427 -0.028666969388723373
v -0.016455940902233124 0.02254796028137207 -0.028849000111222267
v -0.03421293944120407 0.01214694045484066 -0.025217950344085693
v -0.0166469793766737 0.02244699001312256 -0.028795000165700912
v -0.016636960208415985 0.02244699001312256 -0.028795000165700912
v -0.011498980224132538 0.021678980439901352 -0.030105939134955406
v 0.01791995018720627 0.021204939112067223 -0.03104894980788231
v 0.02114998921751976 0.01933795027434826 -0.03224598988890648
v 0.021794969215989113 0.01960200071334839 -0.032085951417684555
v 0.023204980418086052 0.01960200071334839 -0.032085951417684555
v 0.022499969229102135 0.0196949802339077 -0.03202896937727928
v 0.03666393831372261 -0.026820950210094452 -0.03263795003294945
v 0.029034970328211784 -0.03102499060332775 -0.031606968492269516
v 0.0089569678530097 -0.037577979266643524 -0.02756595052778721
v 0.00864797830581665 -0.03815494850277901 -0.026614960283041
v 0.04438893869519234 -0.0395999513566494 0.0
v 0.0089569678530097 -0.037577979266643524 -0.02756595052778721
v -0.031268950551748276 -0.023152939975261688 -0.02310298942029476
v 0.04438893869519234 -0.0395999513566494 0.0
v -0.00864797830581665 -0.03815494850277901 0.026614960283041
v -0.032531969249248505 -0.025215979665517807 -0.018655000254511833
v -0.027350960299372673 -0.03815494850277901 -0.0058879852294921875
v -0.03467094153165817 0.010063939727842808 -0.027370980009436607
v -0.01939499005675316 -0.037577979266643524 -0.021539980545639992
v -0.018725989386439323 -0.03815494850277901 -0.02079695090651512
v -0.033580001443624496 0.01110094040632248 0.02762800082564354
v -0.027946939691901207 -0.024096960201859474 -0.026188960298895836
v -0.030043000355362892 -0.018850980326533318 -0.028099950402975082
v -0.030535990372300148 -0.017935989424586296 -0.0281409602612257
v -0.034578971564769745 0.01039194967597723 0.02718197926878929
v -0.025231949985027313 0.0014819500502198935 -0.03472298011183739
v -0.03495699167251587 0.007095992099493742 0.028454000130295753
v -0.03311096876859665 0.006449996959418058 0.029993949458003044
v -0.014491969719529152 -0.037577979266643524 0.025101950392127037
v -0.00864797830581665 -0.03815494850277901 0.026614960283041
v -0.0089569678530097 -0.037577979266643524 0.02756595052778721
v -0.024996990337967873 0.011811969801783562 -0.03259598836302757
v -0.03421293944120407 0.01214694045484066 -0.025217950344085693
v -0.029316959902644157 0.006510972045361996 0.0322909913957119
v -0.027899980545043945 0.008313000202178955 0.03259294852614403
v -0.0135879497975111 0.011682979762554169 0.03511995077133179
v -0.021047940477728844 0.022346969693899155 -0.020928969606757164
v -0.020817989483475685 0.02234899066388607 -0.021514950320124626
v 0.017668960615992546 0.008411942981183529 -0.03658096864819527
v -0.024845950305461884 0.022256970405578613 -0.009078978560864925
v -0.024535950273275375 0.022278960794210434 -0.01078294962644577
v 0.04701000079512596 -0.0224949698895216 0.03243594989180565
v -0.024999970570206642 0.02222095988690853 -0.0073319668881595135
v -0.03248000144958496 0.0113329803571105 -0.028528980910778046
v -0.03303997963666916 0.001223981031216681 0.03070293925702572
v -0.029316959902644157 0.006510972045361996 0.0322909913957119
v -0.03455799072980881 0.00666695786640048 0.028882980346679688
v -0.03455197066068649 0.005812942050397396 0.028988000005483627
v -0.03497999161481857 0.005693972110748291 0.028662970289587975
v -0.025888970121741295 -0.01933096908032894 -0.03145097941160202
v -0.0266720000654459 -0.0194849893450737 -0.030923960730433464
v 0.02861296944320202 -0.017585989087820053 0.03857295960187912
v -0.03485298156738281 -0.010375970043241978 0.026928959414362907
v -0.03409193828701973 -0.008088946342468262 0.02861296944320202
v -0.03329598158597946 -0.012269970029592514 0.028078969568014145
v -0.03452198952436447 -0.013774990104138851 0.025778939947485924
v -0.03660595044493675 -0.009151995182037354 0.02497093938291073
v -0.040566980838775635 -0.00157999899238348 0.019983939826488495
v -0.019905980676412582 -0.029336979612708092 0.028023000806570053
v -0.025878960266709328 -0.01933096908032894 0.03145395964384079
v -0.031470950692892075 -0.014261960051953793 0.029213959351181984
v -0.03359299153089523 0.010542980395257473 -0.028178980574011803
v -0.03354597091674805 0.0064129820093512535 0.029693959280848503
v -0.034609969705343246 0.0020839569624513388 0.029104940593242645
v -0.03452198952436447 -0.013774990104138851 -0.025778939947485924
v -0.03516196832060814 -0.013942950405180454 -0.02481894940137863
v -0.03594594821333885 -0.004943965934216976 0.027009960263967514
v -0.0233799796551466 0.021753959357738495 0.01699095033109188
v -0.03591996058821678 -0.009806989692151546 0.025712959468364716
v 0.024083970114588737 -0.019538989290595055 -0.038717981427907944
v 0.028499960899353027 -0.01791398972272873 -0.03858596086502075
v -0.018617980182170868 -0.02926498092710972 0.02862399071455002
v -0.0089569678530097 -0.037577979266643524 0.02756595052778721
v 0.019780989736318588 0.017015989869832993 -0.03352897986769676
v 0.019880950450897217 0.01771700009703636 -0.03316396102309227
v -0.02622199058532715 -0.0032709829974919558 -0.03429596871137619
v -0.025231949985027313 0.0014819500502198935 -0.03472298011183739
v -0.025667959824204445 0.006942986976355314 -0.03385496139526367
v 0.05137496814131737 0.015505960211157799 -0.034217000007629395
v -0.034967001527547836 -0.024442970752716064 -0.014966960065066814
v 0.019862940534949303 0.016300970688462257 -0.03388297185301781
v -0.03434199094772339 -0.024398980662226677 -0.016519960016012192
v 0.020578980445861816 0.01890294998884201 -0.03250294178724289
v -0.033742960542440414 -0.018143950030207634 -0.024027999490499496
v -0.031268950551748276 -0.023152939975261688 -0.02310298942029476
v -0.030533960089087486 -0.020005999132990837 -0.026738999411463737
v 0.04701495170593262 -0.02140497975051403 -0.03304897993803024
v -0.0316849909722805 -0.01903598941862583 -0.026042990386486053
v -0.030533960089087486 -0.020005999132990837 -0.026738999411463737
v 0.04701495170593262 -0.02140497975051403 -0.03304897993803024
v 0.04701000079512596 -0.0224949698895216 -0.03243594989180565
v 0.04641896113753319 -0.022573940455913544 -0.03257298097014427
v 0.04550296068191528 -0.022393999621272087 -0.03296899050474167
v -0.03591996058821678 -0.009806989692151546 -0.025712959468364716
v 0.05121295899152756 0.004871963988989592 0.03724699839949608
v 0.04884998872876167 0.004895985126495361 0.03727995976805687
v 0.05004400014877319 0.002950965892523527 0.03748399019241333
v -0.02103996090590954 0.006593942176550627 0.03543496131896973
v -0.012249940074980259 0.0016389479860663414 -0.03703099116683006
v -0.027574000880122185 0.010619989596307278 -0.032032959163188934
v -0.029086939990520477 -0.013971979729831219 0.03172193840146065
v -0.025532960891723633 0.011789970099925995 -0.032389990985393524
v -0.02163100056350231 0.0068769450299441814 0.03518794849514961
v -0.030466970056295395 -0.018118970096111298 0.028122959658503532
v -0.022237949073314667 0.021597979590296745 0.021167989820241928
v -0.03166598081588745 -0.019023949280381203 0.026065999642014503
v -0.030533960089087486 -0.020004980266094208 0.026739949360489845
v 0.024845950305461884 0.018354950472712517 0.03281598910689354
v 0.05149995908141136 0.018472960218787193 0.0327489897608757
v 0.05399996042251587 0.024051960557699203 -0.028246989473700523
v 0.05149995908141136 0.018472960218787193 0.0327489897608757
v -0.029285959899425507 0.0011679530143737793 0.03290693834424019
v 0.053499989211559296 0.0166279599070549 0.03372395038604736
v 0.0498499795794487 0.01389496959745884 0.03493797034025192
v 0.022499969229102135 0.0196949802339077 0.03202896937727928
v 0.0498499795794487 0.02003495953977108 0.0318179689347744
v 0.01791900023818016 0.021230990067124367 0.031031960621476173
v 0.0537409707903862 -0.03559594973921776 -0.011836940422654152
v -0.013992959633469582 -0.03815494850277901 0.024235960096120834
v 0.04982398822903633 0.00567698385566473 0.03716795891523361
v -0.012314969673752785 0.014062999747693539 0.03430597856640816
v 0.04701495170593262 -0.02140497975051403 0.03304897993803024
v 0.04701495170593262 -0.02140497975051403 0.03304897993803024
v 0.024119969457387924 -0.0201259795576334 0.038740988820791245
v 0.024083970114588737 -0.019538989290595055 0.038717981427907944
v -0.031560949981212616 -0.015947990119457245 -0.028153950348496437
v -0.03305298089981079 -0.01530694030225277 -0.026845989748835564
v -0.029301999136805534 0.001827955013141036 0.03285294026136398
v -0.012249940074980259 0.006872951053082943 0.0364300012588501
v -0.03303997963666916 0.001223981031216681 0.03070293925702572
v -0.03303997963666916 0.001223981031216681 0.03070293925702572
v -0.035290949046611786 -0.002016961108893156 0.02824896015226841
v -0.03472696989774704 -0.004499970935285091 0.028658980503678322
v 0.028622979298233986 -0.017585989087820053 -0.0385739803314209
v -0.030466970056295395 -0.018118970096111298 0.028122959658503532
v 0.018936989828944206 0.0049789538607001305 -0.0372689887881279
v 0.04982398822903633 0.00567698385566473 -0.03716795891523361
v 0.04884998872876167 0.004895985126495361 -0.03727995976805687
v 0.01791900023818016 0.021230990067124367 0.031031960621476173
v 0.0498499795794487 0.02003495953977108 0.0318179689347744
v 0.0498499795794487 0.022864989936351776 0.029848989099264145
v 0.02415299043059349 -0.020984940230846405 -0.038697000592947006
v -0.008860944770276546 -0.04078495129942894 0.02934294007718563
v -0.00844794511795044 -0.04164396971464157 0.029980000108480453
v -0.007291972171515226 -0.04039198160171509 0.029537970200181007
v 0.004654943011701107 -0.04312098026275635 -0.03165996074676514
v 0.007669984828680754 -0.04312098026275635 -0.031066950410604477
v 0.007669984828680754 -0.04612100124359131 -0.031066950410604477
v -0.029949959367513657 -0.04062198847532272 0.006054996978491545
v -0.029225999489426613 -0.04039198160171509 0.008453965187072754
v -0.03013795055449009 -0.04039198160171509 0.004164992831647396
v 0.012055990286171436 -0.04312098026275635 -0.029641980305314064
v 0.014842979609966278 -0.04312098026275635 -0.028348980471491814
v 0.014842979609966278 -0.04612100124359131 -0.028348980471491814
v -0.022065989673137665 -0.06174999102950096 -0.019415970891714096
v -0.024614980444312096 -0.06174999102950096 -0.016023989766836166
v -0.025270989164710045 -0.06124997138977051 -0.015980949625372887
v 0.03169900178909302 -0.04312098026275635 -0.00437998678535223
v 0.03197300061583519 -0.04312098026275635 -0.0013199440436437726
v 0.03197300061583519 -0.04612100124359131 -0.0013199440436437726
v 0.004654943011701107 -0.04612100124359131 -0.03165996074676514
v -0.023069970309734344 -0.04312098026275635 -0.02217596024274826
v -0.0225369893014431 -0.04312098026275635 -0.022716989740729332
v -0.0225369893014431 -0.04612100124359131 -0.022716989740729332
v -0.029744980856776237 -0.04312098026275635 0.011798970401287079
v -0.030739959329366684 -0.04312098026275635 0.008891998790204525
v -0.000940999947488308 -0.04118895158171654 0.03086996078491211
v -0.0029699800070375204 -0.04039198160171509 0.03027898073196411
v -0.0030719630885869265 -0.0422089584171772 0.03132294863462448
v 0.0029699800070375204 -0.04039198160171509 -0.03027898073196411
v 0.0030719630885869265 -0.0422089584171772 -0.03132294863462448
v 0.008404970169067383 -0.04612100124359131 -0.030875980854034424
v -0.03079896979033947 -0.04118895158171654 -0.0022909638937562704
v -0.03042398951947689 -0.04039198160171509 -0.00021099999139551073
v -0.03009694069623947 -0.04039198160171509 -0.0044539570808410645
v 0.008404970169067383 -0.04312098026275635 -0.030875980854034424
v -0.02983199991285801 -0.040722958743572235 0.006879984866827726
v -0.02720499038696289 -0.04118895158171654 0.014619939960539341
v -0.027707990258932114 -0.04039198160171509 0.012566979974508286
v -0.028662970289587975 -0.0422089584171772 0.01300096046179533
v -0.004654943011701107 -0.04312098026275635 0.03165996074676514
v -0.029744980856776237 -0.04612100124359131 0.011798970401287079
v -0.030739959329366684 -0.04612100124359131 0.008891998790204525
v 0.015028949826955795 -0.04039198160171509 0.02645294927060604
v 0.013408949598670006 -0.04118597134947777 0.027819989249110222
v 0.015546970069408417 -0.0422089584171772 0.02736598066985607
v -0.008404970169067383 -0.04312098026275635 0.030875980854034424
v -0.007669984828680754 -0.04312098026275635 0.031066950410604477
v -0.008353947661817074 -0.04246598109602928 0.0304979607462883
v -0.01539498008787632 -0.04039198160171509 0.026241950690746307
v -0.018905989825725555 -0.04039198160171509 0.02383797988295555
v -0.017387980595231056 -0.04118597134947777 0.02552293986082077
v -0.015925999730825424 -0.0422089584171772 0.027146989479660988
v 0.025682980194687843 -0.04039198160171509 -0.016309969127178192
v 0.027707990258932114 -0.04039198160171509 -0.012566979974508286
v 0.02720499038696289 -0.04118895158171654 -0.014619939960539341
v -0.011461970396339893 -0.04039198160171509 0.0281829796731472
v -0.014842979609966278 -0.04312098026275635 0.028348980471491814
v -0.012055990286171436 -0.04312098026275635 0.029641980305314064
v 0.0012839429546147585 -0.04039198160171509 0.030396990478038788
v -0.03158599138259888 -0.04312098026275635 0.005131958983838558
v -0.03169900178909302 -0.04312098026275635 0.00437998678535223
v -0.03169900178909302 -0.04612100124359131 0.00437998678535223
v -0.010197989642620087 -0.04087400063872337 0.028958970680832863
v -0.009545980952680111 -0.04056096076965332 0.028989970684051514
v -0.031204989179968834 -0.04246795177459717 0.005119978915899992
v -0.030622949823737144 -0.041525948792696 0.005305944941937923
v -0.02559095062315464 -0.0422089584171772 -0.018321989104151726
v -0.025090990588068962 -0.04612100124359131 -0.019860979169607162
v -0.02559095062315464 -0.04703294858336449 -0.018321989104151726
v -0.025682980194687843 -0.04039198160171509 0.016309969127178192
v -0.031472980976104736 -0.0422089584171772 -0.00021899999410379678
v -0.03197300061583519 -0.04312098026275635 0.0013199440436437726
v -0.03004199080169201 -0.04132597893476486 0.0074959988705813885
v -0.013408949598670006 -0.04118597134947777 -0.027819989249110222
v -0.015028949826955795 -0.04039198160171509 -0.02645294927060604
v -0.011190949939191341 -0.04039198160171509 -0.02829097956418991
v -0.015546970069408417 -0.0422089584171772 -0.02736598066985607
v -0.01867597922682762 -0.04039198160171509 -0.024017980322241783
v -0.01712995022535324 -0.04312098026275635 -0.027028970420360565
v -0.019642939791083336 -0.04312098026275635 -0.02526199072599411
v -0.02696697972714901 -0.04039198160171509 -0.014086959883570671
v -0.024737000465393066 -0.04039198160171509 -0.01771198958158493
v -0.026264959946274757 -0.04118698090314865 -0.01624494045972824
v -0.020066969096660614 -0.04073696956038475 -0.023130949586629868
v -0.019905980676412582 -0.041525948792696 -0.02386694960296154
v -0.020036989822983742 -0.04246795177459717 -0.024464959278702736
v 0.019046960398554802 -0.0668569803237915 0.01383799035102129
v 0.01760696992278099 -0.06696497648954391 0.015382939949631691
v 0.01878397911787033 -0.0670740008354187 0.013646960258483887
v -0.02033299021422863 -0.04053698852658272 -0.022743990644812584
v -0.021933969110250473 -0.04039198160171509 -0.021083949133753777
v -0.020873960107564926 -0.040722958743572235 -0.022394949570298195
v -0.02173900045454502 -0.04164396971464157 -0.022305959835648537
v -0.025090990588068962 -0.04312098026275635 -0.019860979169607162
v -0.03197300061583519 -0.04612100124359131 0.0013199440436437726
v 0.02021895907819271 -0.04062198847532272 0.022909989580512047
v 0.020726969465613365 -0.04062198847532272 0.022452950477600098
v 0.021933969110250473 -0.04039198160171509 0.021083949133753777
v 0.008353947661817074 -0.04246598109602928 -0.0304979607462883
v 0.021094970405101776 -0.04087400063872337 0.0223079901188612
v 0.02173900045454502 -0.04164396971464157 0.022305959835648537
v 0.018905989825725555 -0.04039198160171509 -0.02383797988295555
v 0.017387980595231056 -0.04118597134947777 -0.02552293986082077
v 0.01539498008787632 -0.04039198160171509 -0.026241950690746307
v 0.015925999730825424 -0.0422089584171772 -0.027146989479660988
v 0.011461970396339893 -0.04039198160171509 -0.0281829796731472
v -0.0012839429546147585 -0.04039198160171509 -0.030396990478038788
v 0.000940999947488308 -0.04118895158171654 -0.03086996078491211
v 0.013748999685049057 -0.06174999102950096 0.02590000070631504
v 0.016505949199199677 -0.06174999102950096 0.024307960644364357
v 0.016984989866614342 -0.06124997138977051 0.02460700087249279
v 0.01059596985578537 -0.04132597893476486 -0.02909398078918457
v 0.010197989642620087 -0.04087400063872337 -0.028958970680832863
v 0.007291972171515226 -0.04039198160171509 -0.029537970200181007
v 0.008771955035626888 -0.04087400063872337 -0.02942298911511898
v 0.03009694069623947 -0.04039198160171509 0.0044539570808410645
v 0.03079896979033947 -0.04118895158171654 0.0022909638937562704
v 0.03042398951947689 -0.04039198160171509 0.00021099999139551073
v 0.031472980976104736 -0.0422089584171772 0.00021899999410379678
v 0.03013795055449009 -0.04039198160171509 -0.004164992831647396
v 0.028662970289587975 -0.0422089584171772 -0.01300096046179533
v 0.030622949823737144 -0.041525948792696 -0.005305944941937923
v 0.030065950006246567 -0.04073696956038475 -0.005812942050397396
v 0.031204989179968834 -0.04246795177459717 -0.005119978915899992
v 0.029862990602850914 -0.04053698852658272 -0.006236969958990812
v 0.029225999489426613 -0.04039198160171509 -0.008453965187072754
v 0.02983199991285801 -0.040722958743572235 -0.006879984866827726
v 0.03004199080169201 -0.04132597893476486 -0.0074959988705813885
v 0.029744980856776237 -0.04312098026275635 -0.011798970401287079
v 0.030739959329366684 -0.04312098026275635 -0.008891998790204525
v 0.011190949939191341 -0.04039198160171509 0.02829097956418991
v 0.01867597922682762 -0.04039198160171509 0.024017980322241783
v 0.01712995022535324 -0.04312098026275635 0.027028970420360565
v 0.019642939791083336 -0.04312098026275635 0.02526199072599411
v 0.024737000465393066 -0.04039198160171509 0.01771198958158493
v 0.026264959946274757 -0.04118698090314865 0.01624494045972824
v 0.02696697972714901 -0.04039198160171509 0.014086959883570671
v 0.02559095062315464 -0.0422089584171772 0.018321989104151726
v 0.019898949190974236 -0.04132597893476486 0.023723000660538673
v 0.025090990588068962 -0.04312098026275635 0.019860979169607162
v 0.023069970309734344 -0.04312098026275635 0.02217596024274826
v 0.0035719869192689657 -0.061514969915151596 0.029418999329209328
v 0.0042879581451416016 -0.06174999102950096 0.029033949598670006
v 0.00831895973533392 -0.06124997138977051 0.028718940913677216
v -0.014842979609966278 -0.04612100124359131 0.028348980471491814
v -0.03158599138259888 -0.04612100124359131 0.005131958983838558
v 0.011348959989845753 -0.04612100124359131 -0.029919980093836784
v 0.011348959989845753 -0.04312098026275635 -0.029919980093836784
v 0.012055990286171436 -0.04612100124359131 -0.029641980305314064
v 0.03158599138259888 -0.04312098026275635 -0.005131958983838558
v 0.03169900178909302 -0.04612100124359131 -0.00437998678535223
v 0.02023695968091488 -0.04312098026275635 0.024787960574030876
v 0.019642939791083336 -0.04612100124359131 0.02526199072599411
v 0.02023695968091488 -0.04612100124359131 0.024787960574030876
v 0.01712995022535324 -0.04612100124359131 0.027028970420360565
v -0.027668949216604233 -0.05999999865889549 -0.011594950221478939
v -0.029199950397014618 -0.05999999865889549 -0.006882965099066496
v -0.028531959280371666 -0.05114996060729027 -0.009270966053009033
v -0.020209960639476776 -0.0668569803237915 -0.012074939906597137
v -0.01891499012708664 -0.06696497648954391 -0.013742979615926743
v -0.019931970164179802 -0.0670740008354187 -0.0119089400395751
v 0.012969969771802425 -0.0668569803237915 -0.019647950306534767
v 0.014584950171411037 -0.06695698946714401 -0.018289979547262192
v 0.01279096957296133 -0.0670740008354187 -0.019378000870347023
v 0.020081989467144012 -0.06695698946714401 -0.011997990310192108
v 0.021064989268779755 -0.06696497648954391 -0.010143989697098732
v 0.019602950662374496 -0.06714998930692673 -0.011711950413882732
v -0.01279096957296133 -0.0670740008354187 -0.019378000870347023
v -0.011002950370311737 -0.0670740008354187 -0.02044600062072277
v -0.016269979998469353 -0.0668569803237915 0.0170169398188591
v -0.01760696992278099 -0.06696497648954391 0.015382939949631691
v -0.016044970601797104 -0.0670740008354187 0.01678198017179966
v 0.01614898070693016 -0.066973976790905 -0.01688998006284237
v 0.017616979777812958 -0.06695698946714401 -0.015390990301966667
v 0.01711999997496605 -0.06714998930692673 -0.01510494016110897
v -0.001049994956701994 -0.06695698946714401 -0.023369960486888885
v 0.0010489820269867778 -0.06696497648954391 -0.02335697039961815
v -0.0010249610058963299 -0.06714998930692673 -0.022812960669398308
v -0.021900949999690056 -0.06695698946714401 -0.00821995735168457
v -0.020918959751725197 -0.0670740008354187 -0.010073949582874775
v -0.02137994021177292 -0.06714998930692673 -0.008023977279663086
v -0.023016979917883873 -0.06695698946714401 -0.004176973830908537
v -0.022538000717759132 -0.06696497648954391 -0.006219983100891113
v -0.02246898040175438 -0.06714998930692673 -0.004076956771314144
v 0.01578097976744175 -0.06714998930692673 0.016505949199199677
v 0.014562959782779217 -0.06698095053434372 0.01826195977628231
v 0.01423798967152834 -0.06714998930692673 0.01785396970808506
v 0.0042879581451416016 -0.06174999102950096 -0.029033949598670006
v 0.003543972037732601 -0.06174999102950096 -0.029185950756072998
v 0.0036039939150214195 -0.06124997138977051 -0.0296819806098938
v -0.019931970164179802 -0.0670740008354187 0.0119089400395751
v -0.019602950662374496 -0.06714998930692673 0.011711950413882732
v -0.018474990501999855 -0.06714998930692673 0.013422960415482521
v -0.018772000446915627 -0.061468951404094696 0.0229909997433424
v -0.019380979239940643 -0.06049995869398117 0.02270895056426525
v -0.02237999066710472 -0.06124997138977051 0.019826939329504967
v -0.022012939676642418 -0.06714998930692673 -0.006074965000152588
v -0.010424969717860222 -0.06174999102950096 0.027488939464092255
v -0.007209956180304289 -0.06174999102950096 0.028420979157090187
v -0.005949974060058594 -0.06140397861599922 0.029145000502467155
v -0.027046969160437584 -0.06174999102950096 -0.011523960158228874
v -0.028809959068894386 -0.06147700175642967 -0.007100998889654875
v -0.027506940066814423 -0.06124997138977051 -0.011719999834895134
v -0.005199967883527279 -0.066973976790905 -0.022781960666179657
v -0.0031599989160895348 -0.0668569803237915 -0.023329969495534897
v -0.0031169650610536337 -0.0670740008354187 -0.02300797961652279
v 0.022743990644812584 -0.06714998930692673 0.002046942012384534
v 0.022844970226287842 -0.0670740008354187 0.0041459789499640465
v 0.02246898040175438 -0.06714998930692673 0.004076956771314144
v 0.021981000900268555 -0.06174999102950096 0.019380979239940643
v 0.023752979934215546 -0.06143695116043091 0.017849979922175407
v 0.02060597948729992 -0.06140397861599922 0.02145295962691307
v 0.022549979388713837 -0.06695698946714401 0.0062229628674685955
v 0.02204197086393833 -0.0668569803237915 0.008271992206573486
v 0.021737990900874138 -0.0670740008354187 0.00815796758979559
v 0.009124994277954102 -0.0670740008354187 -0.021349959075450897
v 0.008974969387054443 -0.06714998930692673 -0.020997999235987663
v 0.027886979281902313 -0.06174999102950096 0.009309946559369564
v 0.0292659904807806 -0.0614999495446682 0.004755972884595394
v 0.020070970058441162 -0.06696497648954391 0.011991970241069794
v 0.019602950662374496 -0.06714998930692673 0.011711950413882732
v 0.020573969930410385 -0.06714998930692673 0.009907959960401058
v 0.023164980113506317 -0.0668569803237915 0.004203975200653076
v 0.026304960250854492 -0.061441950500011444 -0.013805979862809181
v 0.02442096918821335 -0.06174999102950096 -0.016210969537496567
v 0.023777959868311882 -0.06140594929456711 -0.017867980524897575
v -0.0032449960708618164 -0.06714998930692673 -0.022596949711441994
v -0.0030649900436401367 -0.06714998930692673 -0.022628959268331528
v -0.012579970061779022 -0.06714998930692673 0.019057979807257652
v -0.01279096957296133 -0.0670740008354187 0.019378000870347023
v -0.013779990375041962 -0.06714998930692673 0.018185969442129135
v 0.01423798967152834 -0.06714998930692673 -0.01785396970808506
v 0.003137945896014571 -0.06696497648954391 -0.023168979212641716
v 0.0010249610058963299 -0.06714998930692673 -0.022812960669398308
v -0.02957295998930931 -0.061480991542339325 0.0023869869764894247
v -0.02959495037794113 -0.06145799160003662 -0.0023889539297670126
v -0.029304979369044304 -0.06174999102950096 0.0
v -0.023392969742417336 -0.06695698946714401 0.0
v -0.02344799041748047 -0.0668569803237915 -0.002109943889081478
v -0.02312498912215233 -0.0670740008354187 -0.0020809760317206383
v 0.021737990900874138 -0.0670740008354187 -0.00815796758979559
v 0.020573969930410385 -0.06714998930692673 -0.009907959960401058
v -0.020416969433426857 -0.06714998930692673 -0.010199960321187973
v -0.018924949690699577 -0.06695698946714401 0.013749949634075165
v -0.020209960639476776 -0.0668569803237915 0.012074939906597137
v -0.0031169650610536337 -0.0670740008354187 0.02300797961652279
v -0.0051669469103217125 -0.0670740008354187 0.022635990753769875
v -0.0032449960708618164 -0.06714998930692673 0.022596949711441994
v 0.010820980183780193 -0.06714998930692673 0.020108990371227264
v 0.009124994277954102 -0.0670740008354187 0.021349959075450897
v 0.008974969387054443 -0.06714998930692673 0.020997999235987663
v 0.019046960398554802 -0.0668569803237915 -0.01383799035102129
v 0.01878397911787033 -0.0670740008354187 -0.013646960258483887
v 0.0051669469103217125 -0.0670740008354187 0.022635990753769875
v 0.0031339519191533327 -0.06714998930692673 0.022616980597376823
v 0.005080997012555599 -0.06714998930692673 0.022262990474700928
v -0.0030649900436401367 -0.06714998930692673 0.022628959268331528
v -0.0010249610058963299 -0.06714998930692673 0.022812960669398308
v -0.01578097976744175 -0.06714998930692673 0.016505949199199677
v -0.01423798967152834 -0.06714998930692673 0.01785396970808506
v 0.022844970226287842 -0.0670740008354187 -0.0041459789499640465
v 0.02246898040175438 -0.06714998930692673 -0.004076956771314144
v 0.022012939676642418 -0.06714998930692673 -0.006074965000152588
v 0.021076969802379608 -0.06695698946714401 0.010149950161576271
v -0.014570949599146843 -0.06697297096252441 -0.018270960077643394
v -0.012969969771802425 -0.0668569803237915 -0.019647950306534767
v 0.016165969893336296 -0.06695698946714401 0.016907980665564537
v -0.011155960150063038 -0.0668569803237915 -0.020731979981064796
v 0.011155960150063038 -0.0668569803237915 0.020731979981064796
v 0.011002950370311737 -0.0670740008354187 0.02044600062072277
v 0.01279096957296133 -0.0670740008354187 0.019378000870347023
v -0.005937993060797453 -0.06146394833922386 -0.02908599004149437
v -0.010424969717860222 -0.06174999102950096 -0.027488939464092255
v -0.010602950118482113 -0.06124997138977051 -0.02795696072280407
v 0.02204197086393833 -0.0668569803237915 -0.008271992206573486
v 0.022538000717759132 -0.06696497648954391 -0.006219983100891113
v 0.023298969492316246 -0.06695698946714401 0.0020969510078430176
v -0.02237999066710472 -0.06124997138977051 -0.019826939329504967
v -0.009252965450286865 -0.0668569803237915 -0.0216479804366827
v -0.007232964038848877 -0.06694698333740234 -0.02226196974515915
v -0.009124994277954102 -0.0670740008354187 -0.021349959075450897
v -0.005238949786871672 -0.0668569803237915 0.02295297011733055
v -0.007220983039587736 -0.066973976790905 0.0222239401191473
v -0.029030969366431236 -0.06049995869398117 0.007155953906476498
v -0.028753990307450294 -0.061535950750112534 0.007086991798132658
v -0.027506940066814423 -0.06124997138977051 0.011719999834895134
v 0.00728994607925415 -0.06174999102950096 0.028420979157090187
v 0.009252965450286865 -0.0668569803237915 0.0216479804366827
v 0.007229982875287533 -0.06695598363876343 0.022249989211559296
v -0.02456396073102951 -0.06174999102950096 0.016092950478196144
v -0.025270989164710045 -0.06124997138977051 0.015980949625372887
v -0.02344799041748047 -0.0668569803237915 0.002109943889081478
v -0.02312498912215233 -0.0670740008354187 0.0020809760317206383
v 0.0030649900436401367 -0.06714998930692673 -0.022628959268331528
v 0.0032449960708618164 -0.06714998930692673 -0.022596949711441994
v -0.023004939779639244 -0.06696497648954391 0.004174946807324886
v -0.02246898040175438 -0.06714998930692673 0.004076956771314144
v -0.022743990644812584 -0.06714998930692673 0.002046942012384534
v 0.008207975886762142 -0.06714998930692673 0.021285949274897575
v 0.007056951057165861 -0.06714998930692673 0.021717960014939308
v -0.001049994956701994 -0.06695698946714401 0.023369960486888885
v 0.0010249610058963299 -0.06714998930692673 0.022812960669398308
v 0.001049994956701994 -0.06695698946714401 0.023369960486888885
v 0.003137945896014571 -0.06696497648954391 0.023168979212641716
v -0.005080997012555599 -0.06714998930692673 0.022262990474700928
v -0.022743990644812584 -0.06714998930692673 -0.002046942012384534
v -0.02283596061170101 -0.06714998930692673 0.0
v -0.022012939676642418 -0.06714998930692673 0.006074965000152588
v -0.022549979388713837 -0.06695698946714401 0.0062229628674685955
v -0.019602950662374496 -0.06714998930692673 -0.011711950413882732
v -0.008556962013244629 -0.06714998930692673 -0.021154990419745445
v -0.007056951057165861 -0.06714998930692673 -0.021717960014939308
v -0.005080997012555599 -0.06714998930692673 -0.022262990474700928
v 0.013779990375041962 -0.06714998930692673 -0.018185969442129135
v 0.012579970061779022 -0.06714998930692673 -0.019057979807257652
v 0.023164980113506317 -0.0668569803237915 -0.004203975200653076
v 0.023286990821361542 -0.06696497648954391 -0.0020959971006959677
v 0.007224977016448975 -0.06696497648954391 -0.02223598025739193
v 0.009252965450286865 -0.0668569803237915 -0.0216479804366827
v -0.016269979998469353 -0.0668569803237915 -0.0170169398188591
v -0.016044970601797104 -0.0670740008354187 -0.01678198017179966
v -0.01760696992278099 -0.06696497648954391 -0.015382939949631691
v -0.021210959181189537 -0.0668569803237915 -0.010214979760348797
v -0.021210959181189537 -0.0668569803237915 0.010214979760348797
v -0.021889980882406235 -0.06696497648954391 0.008214949630200863
v -0.020918959751725197 -0.0670740008354187 0.010073949582874775
v -0.014577980153262615 -0.06696497648954391 0.01827996037900448
v -0.012969969771802425 -0.0668569803237915 0.019647950306534767
v -0.009252965450286865 -0.0668569803237915 0.0216479804366827
v -0.009124994277954102 -0.0670740008354187 0.021349959075450897
v -0.0031599989160895348 -0.0668569803237915 0.023329969495534897
v 0.005238949786871672 -0.0668569803237915 0.02295297011733055
v 0.012969969771802425 -0.0668569803237915 0.019647950306534767
v 0.018474990501999855 -0.06714998930692673 0.013422960415482521
v 0.022012939676642418 -0.06714998930692673 0.006074965000152588
v 0.02137994021177292 -0.06714998930692673 0.008023977279663086
v 0.02137994021177292 -0.06714998930692673 -0.008023977279663086
v 0.018474990501999855 -0.06714998930692673 -0.013422960415482521
v 0.01578097976744175 -0.06714998930692673 -0.016505949199199677
v 0.02442096918821335 -0.06174999102950096 0.016210969537496567
v 0.026327960193157196 -0.061416979879140854 0.013817960396409035
v 0.012817969545722008 -0.06124997138977051 0.02701300010085106
v -0.0011839859653264284 -0.06174999102950096 0.029375970363616943
v -0.0012039539869874716 -0.06124997138977051 0.029875990003347397
v -0.010602950118482113 -0.06124997138977051 0.02795696072280407
v -0.02205698937177658 -0.06174999102950096 0.019428959116339684
v -0.027046969160437584 -0.06174999102950096 0.011523960158228874
v -0.019380979239940643 -0.06174999102950096 -0.02201795019209385
v -0.01878397911787033 -0.06145000085234642 -0.023005960509181023
v -0.016206970438361168 -0.06174999102950096 -0.02442096918821335
v -0.014949969947338104 -0.06124997138977051 -0.025893980637192726
v -0.014699989929795265 -0.06174999102950096 -0.025460949167609215
v 0.020596979185938835 -0.061416979879140854 -0.021443959325551987
v 0.019380979239940643 -0.06174999102950096 -0.022007999941706657
v 0.016984989866614342 -0.06124997138977051 -0.02460700087249279
v 0.021981000900268555 -0.06174999102950096 -0.019380979239940643
v 0.0225369893014431 -0.04612100124359131 0.022716989740729332
v 0.023069970309734344 -0.04612100124359131 0.02217596024274826
v -0.0011839859653264284 -0.06174999102950096 -0.029375970363616943
v 0.005202949047088623 -0.06696497648954391 -0.02279393933713436
v 0.005080997012555599 -0.06714998930692673 -0.022262990474700928
v 0.025382990017533302 -0.05999999865889549 0.01599097065627575
v 0.00831895973533392 -0.06124997138977051 -0.028718940913677216
v 0.02655196003615856 -0.06174999102950096 0.012442939914762974
v 0.022234970703721046 -0.04246598109602928 0.022484000772237778
v 0.0225369893014431 -0.04312098026275635 0.022716989740729332
v -0.028662970289587975 -0.04703294858336449 0.01300096046179533
v -0.025682980194687843 -0.04884998872876167 0.016309969127178192
v -0.018905989825725555 -0.04884998872876167 0.02383797988295555
v 0.018905989825725555 -0.04884998872876167 -0.02383797988295555
v -0.02656893990933895 -0.06174999102950096 -0.012435969896614552
v -0.02656698040664196 -0.06174999102950096 0.012437989935278893
v -0.029933979734778404 -0.05999999865889549 -0.001982985995709896
v -0.024839989840984344 -0.05999999865889549 0.016820959746837616
v 0.019380979239940643 -0.06174999102950096 0.022007999941706657
v 0.022404959425330162 -0.05999999865889549 0.019950980320572853
v 0.023902950808405876 -0.06049995869398117 0.01796196959912777
v 0.020036989822983742 -0.04246795177459717 0.024464959278702736
v -0.02023695968091488 -0.04312098026275635 -0.024787960574030876
v -0.02023695968091488 -0.04612100124359131 -0.024787960574030876
v -0.019380979239940643 -0.06174999102950096 0.02201795019209385
v -0.021732980385422707 -0.05999999865889549 0.02068096026778221
v -0.018031949177384377 -0.05999999865889549 0.023975960910320282
v -0.014842979609966278 -0.04612100124359131 0.028348980471491814
v -0.007056951057165861 -0.06714998930692673 0.021717960014939308
v -0.008536994457244873 -0.06714998930692673 0.021162979304790497
v -0.010208959691226482 -0.05999999865889549 -0.028209980577230453
v -0.01719694957137108 -0.06714998930692673 0.015024960041046143
v -0.020442960783839226 -0.06714998930692673 0.010150959715247154
v -0.02137994021177292 -0.06714998930692673 0.008023977279663086
v 0.01881497912108898 -0.05999999865889549 0.023365970700979233
v 0.022743990644812584 -0.06714998930692673 -0.002046942012384534
v 0.010820980183780193 -0.06714998930692673 -0.020108990371227264
v 0.011002950370311737 -0.0670740008354187 -0.02044600062072277
v -0.018474990501999855 -0.06714998930692673 -0.013422960415482521
v -0.01719694957137108 -0.06714998930692673 -0.015024960041046143
v 0.008207975886762142 -0.06714998930692673 -0.021285949274897575
v -0.01578097976744175 -0.06714998930692673 -0.016505949199199677
v -0.01423798967152834 -0.06714998930692673 -0.01785396970808506
v -0.013779990375041962 -0.06714998930692673 -0.018185969442129135
v -0.012579970061779022 -0.06714998930692673 -0.019057979807257652
v -0.015546970069408417 -0.04703294858336449 -0.02736598066985607
v 0.007056951057165861 -0.06714998930692673 -0.021717960014939308
v -0.011348959989845753 -0.04612100124359131 0.029919980093836784
v -0.011002950370311737 -0.0670740008354187 0.02044600062072277
v -0.011348959989845753 -0.04312098026275635 0.029919980093836784
v -0.011168000288307667 -0.04246795177459717 0.02958500012755394
v -0.004654943011701107 -0.04612100124359131 0.03165996074676514
v 0.015546970069408417 -0.04703294858336449 0.02736598066985607
v 0.023380989208817482 -0.06696497648954391 0.0
v 0.02655196003615856 -0.06174999102950096 -0.012442939914762974
v 0.014712980017066002 -0.05999999865889549 0.026144979521632195
v -0.01881497912108898 -0.05999999865889549 -0.023365970700979233
v 0.0054259891621768475 -0.05999999865889549 0.02950494922697544
v 0.012817969545722008 -0.06124997138977051 -0.02701300010085106
v -0.013839960098266602 -0.05999999865889549 0.026616990566253662
v -0.014949969947338104 -0.06124997138977051 0.025893980637192726
v -0.009270966053009033 -0.05999999865889549 0.028531959280371666
v 0.030739959329366684 -0.04612100124359131 -0.008891998790204525
v 0.029744980856776237 -0.04612100124359131 -0.011798970401287079
v -0.022234970703721046 -0.04246598109602928 -0.022484000772237778
v 0.025682980194687843 -0.04884998872876167 -0.016309969127178192
v 0.021732980385422707 -0.05999999865889549 -0.02068096026778221
v 0.028662970289587975 -0.04703294858336449 -0.01300096046179533
v 0.021732980385422707 -0.05999999865889549 -0.02068096026778221
v 0.024839989840984344 -0.05999999865889549 -0.016820959746837616
v 0.024038970470428467 -0.06049995869398117 -0.017747990787029266
v 0.013748999685049057 -0.06174999102950096 -0.02590000070631504
v 0.011155960150063038 -0.0668569803237915 -0.020731979981064796
v -0.025090990588068962 -0.04612100124359131 -0.019860979169607162
v 0.030941959470510483 -0.04612100124359131 -0.008158980868756771
v 0.030941959470510483 -0.04312098026275635 -0.008158980868756771
v 0.02726995013654232 -0.05999999865889549 -0.012502959929406643
v 0.01719694957137108 -0.06714998930692673 0.015024960041046143
v 0.02283596061170101 -0.06714998930692673 0.0
v 0.02559095062315464 -0.04703294858336449 0.018321989104151726
v 0.028360959142446518 -0.06124997138977051 -0.0094679594039917
v 0.028360959142446518 -0.06124997138977051 -0.0094679594039917
v 0.028955990448594093 -0.05999999865889549 -0.007843971252441406
v 0.02921699918806553 -0.06154996156692505 -0.004747985862195492
v 0.028360959142446518 -0.06124997138977051 -0.0094679594039917
v -0.0042879581451416016 -0.06174999102950096 -0.02899896912276745
v -0.014699989929795265 -0.06174999102950096 0.025460949167609215
v 0.029851969331502914 -0.05999999865889549 -0.0029709930531680584
v 0.029649969190359116 -0.0614999495446682 0.0
v -0.029851969331502914 -0.05999999865889549 0.0029709930531680584
v 0.029899949207901955 -0.06049995869398117 0.0
v 0.029933979734778404 -0.05999999865889549 0.001982985995709896
v -0.0012039539869874716 -0.06124997138977051 -0.029875990003347397
v -0.013415990397334099 -0.04805295914411545 -0.027818970382213593
v -0.0054259891621768475 -0.05999999865889549 -0.02950494922697544
v -0.030941959470510483 -0.04312098026275635 0.008158980868756771
v -0.01712995022535324 -0.04612100124359131 -0.027028970420360565
v 0.025090990588068962 -0.04612100124359131 0.019860979169607162
v -0.028955990448594093 -0.05999999865889549 0.007843971252441406
v 0.027668949216604233 -0.05999999865889549 0.011594950221478939
v -0.0042879581451416016 -0.06174999102950096 0.02899896912276745
v -0.00598096800968051 -0.06049995869398117 0.02929598093032837
v -0.007669984828680754 -0.04612100124359131 0.031066950410604477
v -0.01712995022535324 -0.04612100124359131 -0.027028970420360565
v -0.019642939791083336 -0.04612100124359131 -0.02526199072599411
v 0.011168000288307667 -0.04246795177459717 -0.02958500012755394
v 0.016984989866614342 -0.06124997138977051 -0.02460700087249279
v -0.011155960150063038 -0.0668569803237915 0.020731979981064796
v -0.01881497912108898 -0.05999999865889549 -0.023365970700979233
v 0.013779990375041962 -0.06714998930692673 0.018185969442129135
v 0.012579970061779022 -0.06714998930692673 0.019057979807257652
v -0.014699989929795265 -0.06174999102950096 0.025460949167609215
v 0.010208959691226482 -0.05999999865889549 0.028209980577230453
v 0.013415990397334099 -0.04805295914411545 0.027818970382213593
v -0.008404970169067383 -0.04612100124359131 0.030875980854034424
v -0.004447996150702238 -0.05999999865889549 0.029667969793081284
v -0.0166469793766737 0.02244699001312256 -0.028795000165700912
v -0.025027990341186523 0.021981000900268555 0.0033099649008363485
v -0.01149796973913908 0.020146960392594337 0.030254000797867775
v -0.012273959815502167 0.020666949450969696 0.03080998919904232
v 0.05399996042251587 0.020340969786047935 0.0309329591691494
v -0.01665394939482212 0.02244699001312256 -0.02879296988248825
v -0.0166469793766737 0.02244699001312256 -0.028795000165700912
v -0.01957499049603939 0.02123796008527279 0.02697294019162655
v -0.019152989611029625 0.02117997035384178 0.027532989159226418
v -0.0089569678530097 -0.037577979266643524 -0.02756595052778721
v 0.01719498075544834 0.02287399023771286 -0.029787950217723846
v -0.024598000571131706 0.021919960156083107 0.011794979684054852
v -0.016584990546107292 0.021258950233459473 0.02954000048339367
v -0.017569949850440025 0.02099597081542015 0.029027989134192467
v -0.018417000770568848 0.021080970764160156 0.02820896916091442
v -0.03641097992658615 0.012449969537556171 -0.0212209802120924
v -0.01665394939482212 0.02244699001312256 -0.02879296988248825
v -0.02344398945569992 0.021761950105428696 0.01673698052763939
v -0.021884970366954803 0.021550949662923813 0.02199696935713291
v -0.03594594821333885 -0.004943965934216976 0.027009960263967514
v 0.05399996042251587 0.020340969786047935 0.0309329591691494
v 0.05399996042251587 0.02258496917784214 0.029432950541377068
f 575 576 577
f 578 579 580
f 581 582 583
f 584 585 586
f 587 588 589
f 590 591 592
f 593 594 595
f 596 597 598
f 599 600 601
f 596 602 603
f 596 603 604
f 596 604 605
f 596 606 607
f 596 608 609
f 610 611 612
f 613 614 615
f 616 617 618
f 619 620 621
f 616 622 623
f 624 625 626
f 627 628 629
f 630 619 631
f 632 633 623
f 634 635 636
f 637 638 639
f 640 641 642
f 643 644 645
f 646 647 648
f 649 650 651
f 652 624 616
f 653 654 655
f 656 657 658
f 659 660 661
f 662 663 664
f 665 666 667
f 668 669 670
f 671 672 673
f 674 675 676
f 677 678 679
f 680 681 682
f 683 684 685
f 686 687 688
f 689 690 691
f 692 693 694
f 695 696 697
f 698 699 700
f 701 702 703
f 704 705 706
f 707 699 708
f 709 710 711
f 712 713 714
f 715 716 717
f 718 719 720
f 721 722 723
f 724 725 726
f 727 728 729
f 730 731 732
f 733 734 735
f 736 737 738
f 739 740 741
f 742 743 744
f 745 746 747
f 748 749 750
f 751 752 750
f 753 754 755
f 756 757 758
f 759 760 761
f 762 763 764
f 765 766 767
f 768 769 770
f 771 772 773
f 774 775 776
f 777 778 779
f 780 781 782
f 783 784 785
f 786 787 788
f 789 790 791
f 792 793 794
f 795 796 797
f 795 797 798
f 795 799 800
f 795 800 801
f 795 802 803
f 795 804 805
f 795 805 806
f 807 808 809
f 795 810 811
f 812 813 814
f 795 815 816
f 817 818 819
f 820 821 822
f 823 824 825
f 795 826 827
f 828 829 830
f 831 832 830
f 795 833 834
f 795 835 836
f 837 838 839
f 840 841 842
f 843 844 845
f 846 847 848
f 849 850 851
f 852 853 854
f 853 855 856
f 857 858 859
f 860 861 862
f 863 864 865
f 866 867 868
f 869 870 871
f 872 873 874
f 875 876 877
f 878 879 880
f 881 882 883
f 884 885 886
f 887 888 889
f 890 891 892
f 893 894 895
f 896 897 898
f 899 900 901
f 902 903 904
f 902 905 906
f 907 908 909
f 910 911 912
f 913 914 915
f 916 917 918
f 919 920 921
f 922 923 924
f 925 926 927
f 928 929 930
f 931 932 933
f 934 935 936
f 937 938 939
f 940 941 942
f 943 944 945
f 946 947 948
f 949 948 950
f 951 952 953
f 954 955 956
f 957 958 959
f 960 961 959
f 962 963 964
f 965 966 967
f 968 969 970
f 971 972 973
f 974 975 976
f 974 977 978
f 976 979 980
f 981 982 983
f 984 985 986
f 987 988 989
f 990 991 992
f 993 994 995
f 996 997 998
f 999 1000 1001
f 1002 1003 1004
f 1005 1006 1007
f 1008 1009 1010
f 1011 1012 1013
f 1014 1015 1016
f 1017 1018 1019
f 1020 1021 1022
f 1023 1024 1025
f 1026 1027 1028
f 1029 1030 1031
f 1032 1033 1034
f 1035 1036 968
f 1037 1038 1039
f 1040 1041 1042
f 1041 1043 1044
f 1045 1046 1047
f 1048 1049 1050
f 1051 1052 1053
f 1054 1055 1056
f 1057 1058 1059
f 1060 1061 1062
f 1063 1064 1065
f 1066 1067 1068
f 1069 1070 1071
f 1072 1073 1074
f 1075 1076 1077
f 1078 1079 1080
f 1081 1082 1083
f 1084 967 1085
f 1086 1087 1088
f 979 1089 1090
f 1091 1092 1090
f 1093 1094 1095
f 1096 1097 1098
f 1099 1100 1101
f 1096 1102 1103
f 1104 1105 1106
f 1010 1107 1108
f 1109 1110 1111
f 1112 1113 1114
f 1115 1116 1117
f 1118 1119 1120
f 1121 1122 1123
f 1124 1125 1126
f 1127 1128 1129
f 1130 1131 1132
f 1133 1134 1135
f 1136 1137 1138
f 1139 1140 1141
f 1142 1143 1144
f 1145 1146 1147
f 1148 1149 1150
f 1151 1152 1153
f 1154 1155 1156
f 1157 1158 1159
f 1160 1161 1162
f 1163 1164 1165
f 1166 1167 1168
f 1169 1170 1171
f 1172 1173 1174
f 1175 1176 1177
f 1173 1178 1174
f 1179 1180 1181
f 1182 1183 1184
f 1185 1186 1187
f 1188 1189 1190
f 1191 1192 1193
f 1194 1195 1196
f 1197 1198 1199
f 1200 1201 1202
f 1203 1204 1205
f 1206 1207 1208
f 1209 1210 1211
f 1212 1213 1214
f 1215 1216 1217
f 1218 1219 1220
f 1221 1222 1223
f 1224 1225 1226
f 1227 1228 1229
f 1230 1231 1226
f 1232 1233 1234
f 1235 1236 1237
f 1238 1239 1237
f 1240 1241 1242
f 1243 1244 1245
f 1246 1247 1248
f 1249 1250 1251
f 1252 1253 1002
f 1254 1255 1256
f 1257 1085 1258
f 1259 1258 1260
f 1261 1262 1263
f 1264 1265 1266
f 1267 1268 1269
f 1270 1271 1272
f 1273 1274 1275
f 1276 1277 1278
f 1279 1280 1281
f 1282 1283 1284
f 1285 1286 1287
f 1288 1289 1290
f 1291 1292 1290
f 1293 1294 1295
f 1296 1297 1298
f 1299 1300 1301
f 1302 1303 1304
f 1305 1306 1307
f 1308 1309 1310
f 1311 1312 1313
f 1314 1067 1315
f 1316 1317 1318
f 1303 1319 1320
f 1321 1322 1323
f 950 944 1320
f 1324 1325 1326
f 1327 1328 1329
f 1330 1331 1332
f 1333 1334 1335
f 1336 1337 1338
f 1339 1340 1341
f 1342 1343 1344
f 1345 1346 1347
f 1348 1349 1350
f 1351 1352 980
f 1353 1354 1355
f 1356 1357 1358
f 1359 1360 1361
f 1362 1363 1364
f 1365 1366 1367
f 1368 1369 1370
f 1123 1371 1372
f 1373 1374 1375
f 1376 1377 1378
f 1379 1380 1375
f 1381 1382 947
f 1383 1384 1385
f 1386 1387 1388
f 1389 1390 1385
f 1390 1391 1392
f 1393 1394 1395
f 1374 1396 1397
f 1398 1399 1400
f 1401 1402 1403
f 1404 1405 1406
f 1407 1408 1409
f 1405 1410 1411
f 1412 1413 1414
f 1413 1415 1416
f 1417 1418 1419
f 1420 1421 1422
f 1423 1424 1425
f 1426 1427 1428
f 1429 1430 1431
f 1432 1433 1434
f 1435 1412 1431
f 1436 1413 1408
f 1437 1438 1439
f 1440 1441 1442
f 1443 1444 1445
f 1446 1447 1448
f 1449 1450 1448
f 1451 1452 1453
f 1454 1455 1456
f 1457 1458 1459
f 1460 1461 1462
f 1463 1464 1465
f 1463 1466 1467
f 1468 1469 1470
f 1468 1471 1472
f 1468 1473 1474
f 1475 1476 1466
f 1476 1477 1478
f 1479 1480 1481
f 1482 1483 1484
f 1485 1486 1487
f 1488 1489 1490
f 1491 1492 1490
f 1493 1494 1495
f 1496 1497 1498
f 1499 1500 1501
f 1502 1503 1504
f 1505 1506 1507
f 1508 1509 1510
f 1511 1512 1513
f 1514 1515 1504
f 1516 1517 1518
f 1519 1520 1521
f 1522 1523 1524
f 1525 1526 1524
f 1527 1528 1529
f 1530 1531 1532
f 1533 1534 1535
f 1536 1537 1538
f 1539 1540 1541
f 1542 1543 1544
f 1545 1546 1547
f 1548 1549 1550
f 1551 1552 1553
f 1554 1555 1556
f 1557 1558 1559
f 1560 1561 1562
f 1563 1564 1565
f 1566 1567 1568
f 1569 1570 1571
f 1572 1573 1574
f 1575 1576 1574
f 1577 1578 1579
f 1580 1581 1582
f 1583 1584 1585
f 1586 1587 1588
f 1589 1590 1591
f 1592 1593 1588
f 1594 1595 1596
f 1597 1598 1599
f 1600 1601 1602
f 1603 1604 1605
f 1606 1607 1608
f 1609 1610 1611
f 1612 1613 1614
f 1615 1616 1617
f 1618 1619 1620
f 1621 1622 1623
f 1468 1624 1625
f 1626 1627 1628
f 1629 1630 1631
f 1632 1633 1634
f 1635 1636 1637
f 1638 1639 1637
f 1640 1641 1637
f 1642 1643 1644
f 1645 1646 1647
f 1648 1649 1633
f 1650 1651 1652
f 1653 1638 1647
f 1654 1655 1633
f 1656 1657 1658
f 1659 1660 1661
f 1662 1663 1664
f 1665 1666 1667
f 1668 1669 1670
f 1671 1672 1673
f 1674 1675 1676
f 1677 1678 1679
f 1680 1681 1682
f 1683 1684 1685
f 1686 1687 1688
f 688 1689 682
f 1690 1691 1692
f 1693 1694 1695
f 1696 1697 1698
f 1699 1700 1701
f 1702 1703 1704
f 1705 1706 1707
f 1708 1709 1710
f 1711 1712 1713
f 1714 1715 1716
f 1717 1718 1719
f 1720 1721 1722
f 1723 1724 1725
f 1726 1727 1728
f 1729 1730 1731
f 1732 1733 1734
f 1735 1736 1737
f 1738 1739 1740
f 1741 1742 1743
f 1744 1745 1746
f 1747 1748 1749
f 1750 1751 1752
f 1753 1754 1755
f 1756 1757 1758
f 1759 1760 1761
f 1762 1763 1764
f 1765 1766 1767
f 1768 1769 1770
f 1771 1772 1773
f 1774 1775 1776
f 1777 1778 1779
f 1780 1781 1782
f 1783 1784 1785
f 1786 1787 1788
f 1789 1790 1791
f 1792 1793 1794
f 1795 1796 1797
f 1798 1799 1800
f 1801 1802 1803
f 1804 1805 1806
f 1807 1808 1809
f 1810 1811 1812
f 1813 1814 1815
f 1816 1817 1818
f 1819 1820 1821
f 1822 1823 1824
f 1825 1826 1827
f 1828 1829 1830
f 1831 1832 1833
f 1834 1835 1836
f 1837 1838 1839
f 1840 1841 1842
f 1843 1844 1845
f 1846 1847 1848
f 1849 1850 1851
f 1852 1853 1854
f 1855 1856 1857
f 1858 1859 1860
f 1861 1862 1863
f 1864 1865 1866
f 1867 1868 1869
f 1870 1871 1872
f 1873 1874 1875
f 1876 1877 1878
f 1879 1880 1881
f 1882 1883 1884
f 1885 1886 1887
f 1888 1889 1890
f 1891 1892 1893
f 1894 1895 1896
f 1897 1898 1899
f 1900 1901 1902
f 1903 1904 1905
f 1906 1907 1908
f 1909 1910 1911
f 1912 1913 1914
f 1915 1916 1917
f 1918 1919 1920
f 1921 1922 1923
f 1924 1925 1926
f 1927 1928 1929
f 1930 1931 1932
f 1933 1934 1935
f 1936 1937 1938
f 1939 1940 1941
f 1942 1943 1944
f 1945 1946 1947
f 1948 1949 1950
f 1951 1952 1953
f 1954 1955 1956
f 1957 1958 1959
f 1960 1961 1962
f 1963 1351 1964
f 1965 1966 1967
f 1968 1969 1970
f 1971 1972 1973
f 1974 1975 1976
f 1977 1978 1979
f 1980 1981 1982
f 1983 1984 1985
f 1986 1987 1988
f 1989 1990 1991
f 1992 1993 1994
f 1995 1996 1997
f 1998 1999 2000
f 2001 2002 2003
f 2004 2005 2006
f 2007 2008 2009
f 2010 2011 2012
f 2013 2014 2015
f 2016 2017 2018
f 2019 2020 2021
f 2022 2023 2024
f 2025 2026 2027
f 2028 2029 2030
f 2031 2032 2033
f 2034 2035 2036
f 2037 2038 2039
f 2040 2041 2042
f 2043 2044 2045
f 2046 2047 2048
f 2049 2050 2051
f 2052 2053 2054
f 2055 2056 2057
f 2058 2059 2060
f 2061 2062 2063
f 2064 2065 2066
f 2067 2068 2069
f 2070 2071 2072
f 2073 2074 2075
f 2076 2077 2078
f 2079 2080 2081
f 2082 2083 2084
f 2085 2086 2087
f 682 2088 2089
f 2090 2091 2092
f 2093 2094 2095
f 2096 2097 2098
f 2099 2100 2101
f 1690 2102 2103
f 2104 2105 2106
f 2107 2108 2109
f 2110 2111 2112
f 2113 2114 2115
f 2116 2117 2118
f 2119 2120 2121
f 2122 2123 2124
f 2125 2126 2127
f 2128 2129 2130
f 2131 2132 2133
f 2134 2135 2136
f 2137 2138 2139
f 2140 2141 2142
f 2143 2144 2145
f 2146 2147 2148
f 2149 2150 1707
f 1707 2151 2152
f 2153 2154 1707
f 2155 2156 2157
f 2158 2159 2160
f 2161 1808 2162
f 2163 2164 2165
f 2166 2167 2168
f 2169 2170 2171
f 2172 2173 2174
f 2175 2176 2177
f 2178 2179 2180
f 2181 2182 2183
f 2184 2185 2186
f 2187 2188 2189
f 2190 2191 2192
f 2193 763 2194
f 2195 2196 2197
f 2198 2199 2200
f 2201 2202 2203
f 2204 2205 2206
f 2207 2208 2209
f 2210 2211 2201
f 2212 2213 2214
f 2215 2216 664
f 2217 2218 2219
f 2220 2221 2222
f 2223 2224 2205
f 2225 2217 2226
f 2227 2228 2229
f 2230 2231 2232
f 2233 2234 2235
f 2236 2237 2238
f 2239 2240 2224
f 2192 2191 2241
f 2202 2236 2203
f 2242 2243 2216
f 2244 2245 2197
f 2246 2247 2248
f 2249 2250 2251
f 2252 2253 2254
f 2224 2240 2255
f 2256 2257 2251
f 2182 2258 2259
f 2222 2260 2261
f 2245 2195 2197
f 2262 2263 2264
f 2217 2265 2218
f 2266 2267 2268
f 2206 2205 2229
f 2269 2185 2270
f 2271 2272 2273
f 2236 2274 2275
f 2267 2266 2276
f 2216 2243 2277
f 2278 2279 2280
f 2236 2202 2237
f 2277 2243 2281
f 2282 2283 2284
f 2285 2201 2203
f 2286 2287 2249
f 2288 2279 2178
f 2289 2212 2290
f 2208 2291 2209
f 2292 2293 2294
f 2295 2179 2178
f 2232 2296 2180
f 2297 2298 2257
f 2299 2300 2286
f 2301 1730 2287
f 2300 2302 2286
f 2303 2299 2304
f 2304 2299 2286
f 2304 2286 2305
f 2305 2286 2249
f 2305 2249 2251
f 2257 2305 2251
f 2289 2306 2212
f 2212 2214 2290
f 2290 2214 2307
f 2308 2290 2307
f 2309 2310 2311
f 2224 2223 2312
f 2231 2313 2314
f 2188 2315 2189
f 2316 2188 2187
f 2183 2182 2259
f 2317 2318 2228
f 2319 2320 2321
f 2199 2322 2323
f 2227 2199 2323
f 2206 2324 2195
f 2199 2325 2200
f 2326 2207 2200
f 2327 2326 2200
f 2255 2240 2325
f 2205 2224 2255
f 2181 2204 2245
f 2182 2181 2245
f 2321 2320 2328
f 2322 2329 2328
f 2329 2321 2328
f 2328 2320 2292
f 2330 2331 2332
f 2333 2330 2332
f 2179 2230 2180
f 2230 2232 2180
f 2188 2316 2334
f 2334 2316 2335
f 2288 2178 2180
f 2296 2288 2180
f 2336 2332 2335
f 2331 2273 2334
f 2273 2232 2334
f 2273 2272 2232
f 2272 2296 2232
f 2336 2337 2338
f 2337 2336 2335
f 2316 2339 2335
f 2178 2279 2278
f 2177 2176 2340
f 2341 2319 2342
f 2176 2341 2340
f 2252 2343 2344
f 2345 2346 2347
f 2274 2348 2349
f 2350 2351 2352
f 2281 2353 2354
f 2277 2281 2354
f 2355 2263 2275
f 2263 2262 2275
f 2356 2262 2264
f 2222 2357 2282
f 2222 2282 2260
f 2357 2283 2282
f 2283 2358 2359
f 2283 2359 2360
f 2361 2265 2359
f 2359 2265 2360
f 2362 2363 2218
f 2218 2363 2364
f 2364 2363 2365
f 2345 2366 2346
f 2367 2368 2235
f 2368 2369 2235
f 2369 2270 2235
f 2369 2269 2270
f 2369 2370 2269
f 2371 2242 2216
f 2215 2372 2373
f 2372 2269 2373
f 2269 2372 2185
f 2184 2233 2235
f 2216 2277 664
f 2186 2185 2374
f 2233 2375 2258
f 2244 2233 2258
f 2268 2267 2376
f 2377 2267 2276
f 2377 2370 2378
f 2370 2369 2378
f 2369 2379 2378
f 2380 2367 2381
f 2382 2383 2384
f 2376 2267 2384
f 2211 2385 2202
f 2211 2202 2201
f 2285 2210 2201
f 2386 2387 2388
f 2386 2388 695
f 2192 2241 2259
f 2237 2389 2238
f 2390 2285 2203
f 2285 2390 2391
f 2254 2246 2248
f 2387 2391 2390
f 2215 2352 2372
f 2392 2393 2394
f 2395 2392 2337
f 2396 2366 2345
f 2222 578 2357
f 2309 2177 2208
f 2262 2390 2203
f 2308 2220 2397
f 2356 2277 2398
f 2277 2354 2398
f 2317 2292 2294
f 2399 664 2277
f 2356 2264 2277
f 2264 2263 2277
f 2242 2343 2243
f 2400 2401 2402
f 2188 2314 2315
f 2401 2403 2402
f 2403 2404 2402
f 2405 2406 2380
f 2404 2407 2402
f 2407 590 2402
f 2368 2367 2380
f 2408 2249 592
f 2381 2196 2380
f 2409 2191 2238
f 2249 2287 592
f 2287 1730 592
f 2405 2410 2406
f 2301 2302 2300
f 2301 2300 2299
f 2301 2299 2303
f 2241 2411 2395
f 596 2298 2297
f 596 2297 2412
f 596 2412 2306
f 596 2306 2289
f 596 2289 2290
f 2373 2216 2215
f 596 2290 2308
f 596 2308 2397
f 2312 2413 2414
f 2312 2223 2413
f 596 2397 2261
f 596 2261 2260
f 2309 2207 2326
f 2366 2221 2220
f 2222 2221 2366
f 657 2415 2416
f 2415 2417 2416
f 2385 2396 2409
f 2238 2389 2409
f 2418 2419 2416
f 2389 2237 2409
f 2237 2202 2409
f 2409 2345 2420
f 2202 2385 2409
f 2337 2339 2421
f 2279 590 2407
f 2422 2423 2408
f 2232 2188 2334
f 2309 2424 2310
f 2181 2421 2223
f 2276 2371 2373
f 2374 2349 2348
f 2286 2301 2287
f 2275 2203 2236
f 2286 2302 2301
f 2234 2367 2235
f 2274 2349 2275
f 2349 640 2275
f 2425 2301 2364
f 2426 2355 2275
f 2355 2399 2263
f 2355 664 2399
f 2427 2415 2156
f 2427 2417 2415
f 2350 2352 664
f 2205 2181 2223
f 2427 2428 2417
f 2186 2348 2190
f 2429 2430 2431
f 2429 2278 2432
f 2366 2307 2346
f 2433 2434 2435
f 2331 2271 2273
f 2436 2250 2423
f 2288 2296 2423
f 2195 2324 2196
f 2207 2198 2200
f 2296 2272 2423
f 2196 2405 2380
f 2437 2272 2251
f 2272 2271 2251
f 2255 2229 2205
f 2271 2256 2251
f 2186 2192 2375
f 2352 2185 2372
f 2258 2245 2244
f 2352 2438 2374
f 2438 2349 2374
f 2438 2352 2349
f 2219 2218 2364
f 2352 640 2349
f 2352 2351 640
f 2439 2440 2363
f 2350 649 2351
f 2362 2441 2363
f 2325 2227 2255
f 2393 2212 2442
f 2212 2306 2412
f 2441 2443 2363
f 2443 1683 2363
f 2183 2337 2421
f 2444 2231 2230
f 2440 2445 2446
f 2447 2225 2226
f 2274 2238 2348
f 2341 2448 2449
f 2176 2175 2450
f 2330 2256 2271
f 2175 2431 2450
f 2175 2177 2431
f 2269 2276 2373
f 2451 692 2452
f 2247 2194 2343
f 2453 2454 2455
f 2360 2217 2225
f 2295 2456 2431
f 2456 2429 2431
f 695 2457 2386
f 2456 2295 2429
f 2295 2278 2429
f 2179 2431 2309
f 2295 2178 2278
f 2222 2397 2220
f 2272 2437 2436
f 2458 1817 2459
f 2407 2280 2279
f 2343 2248 2247
f 2252 2254 2248
f 2460 2359 2461
f 2343 2252 2248
f 2442 2412 2257
f 2412 2297 2257
f 2253 2376 2254
f 2253 2268 2376
f 2457 2455 2386
f 2266 2242 2371
f 2384 2320 2376
f 2384 2292 2320
f 2303 2304 2298
f 2321 2342 2319
f 2226 2217 2219
f 2321 2291 2342
f 2321 2209 2291
f 2265 2362 2218
f 2304 2257 2298
f 2211 2357 2385
f 2198 2322 2199
f 2457 2462 2463
f 2327 2464 2326
f 2445 2440 2439
f 2317 2323 2465
f 2464 2314 2326
f 2265 2466 2362
f 2206 2228 2324
f 2467 2444 2310
f 2444 2311 2310
f 692 2451 2468
f 2446 2363 2440
f 2424 2467 2310
f 2467 2231 2444
f 2329 2209 2321
f 1817 2458 2246
f 2458 2459 2246
f 705 2313 2231
f 2459 2247 2246
f 2398 2262 2356
f 2254 2376 2246
f 2332 2392 2333
f 2392 2394 2333
f 2336 2392 2332
f 2320 2319 2341
f 2342 2340 2341
f 2393 2469 2212
f 2469 2213 2212
f 2340 2208 2177
f 2340 2342 2208
f 2470 2469 2393
f 2342 2291 2208
f 2238 2190 2348
f 2243 2194 2281
f 2360 2225 2447
f 2284 2283 2447
f 2283 2360 2447
f 2311 2444 2309
f 2444 2471 2309
f 2471 2179 2309
f 2358 2210 2359
f 2471 2444 2179
f 2444 2230 2179
f 2391 2461 2359
f 2251 2436 2437
f 2460 2472 2361
f 2460 2391 2472
f 2332 2334 2335
f 2212 2412 2442
f 2183 2241 2395
f 2394 2393 2442
f 2193 2194 2388
f 2240 2200 2325
f 763 2281 2194
f 2185 2235 2270
f 2344 2268 2252
f 2268 2253 2252
f 2344 2242 2268
f 2288 2422 2279
f 2377 2378 2267
f 2346 2470 2347
f 2383 2293 2384
f 2293 2292 2384
f 2211 2358 2283
f 2323 2322 2328
f 2317 2465 2328
f 2465 2323 2328
f 2454 2386 2455
f 2184 2375 2233
f 2345 2473 2420
f 2189 2315 2327
f 2315 2314 2464
f 2313 705 2314
f 2187 2474 2316
f 2239 2224 750
f 2224 2475 750
f 2454 2472 2391
f 2336 2338 2392
f 2338 2337 2392
f 2423 2249 2408
f 2469 2214 2213
f 2339 2476 2477
f 2472 2265 2361
f 2473 2347 2470
f 2420 2241 2191
f 2187 2327 2240
f 2260 2282 2284
f 2384 2378 2382
f 2285 2391 2210
f 2460 2461 2391
f 2375 2259 2258
f 2398 2478 2479
f 2480 2193 736
f 2480 763 2193
f 763 2481 2281
f 2478 2353 2281
f 2482 2481 763
f 2233 2197 2234
f 2276 2370 2377
f 2379 2380 2378
f 2380 2382 2378
f 2380 2406 2382
f 2406 2410 2382
f 2410 2294 2382
f 2318 2324 2228
f 2197 2381 2234
f 2410 2405 2294
f 2405 2317 2294
f 2353 2398 2354
f 2228 2227 2323
f 2405 2318 2317
f 2204 2195 2245
f 2239 2474 2240
f 2474 2187 2240
f 2390 2388 2387
f 2477 2421 2339
f 2477 2414 2421
f 2414 2413 2421
f 2293 2382 2294
f 2312 2477 2224
f 2477 2475 2224
f 2477 2476 2475
f 2312 2414 2477
f 2442 2330 2333
f 2307 2469 2346
f 2483 2484 2485
f 2486 2487 2488
f 2489 2490 2491
f 2492 2493 2483
f 2494 2495 2496
f 2497 2498 2499
f 2500 2501 2502
f 2503 2504 2505
f 2483 2506 2484
f 2507 2508 2509
f 2510 2511 2512
f 2513 2514 2515
f 2516 2517 2484
f 2518 2519 2520
f 2521 2522 2523
f 2524 2525 2526
f 2527 2528 2529
f 2493 2506 2483
f 2527 2530 2531
f 2532 2533 2534
f 2535 2536 2537
f 2538 2539 2540
f 2506 2512 2484
f 2541 2542 2543
f 2544 2545 2546
f 2504 2547 2505
f 2548 2549 2492
f 2528 2527 2550
f 2551 2552 2553
f 2554 2555 2556
f 2557 2558 2559
f 2560 2561 2509
f 2551 2511 2562
f 2563 2564 803
f 2565 2566 2567
f 2568 2541 2569
f 2570 2493 2549
f 2498 2571 2499
f 942 2572 2573
f 2552 2551 2574
f 2575 2576 2535
f 2577 2578 2579
f 2580 2581 2582
f 2537 2583 2577
f 2584 2530 2585
f 2528 2551 2562
f 2586 2587 2538
f 2588 2589 2590
f 2591 2521 2592
f 2593 2594 2595
f 2596 2597 2598
f 2599 2529 2600
f 2601 2602 2561
f 2559 2558 2599
f 2603 2557 2559
f 2604 2605 2568
f 2606 2514 2513
f 2607 2608 2609
f 2505 2568 2569
f 965 2610 2611
f 2577 2579 2612
f 2551 2528 2613
f 2608 2614 2609
f 2615 2616 2617
f 2618 2619 2620
f 2575 2535 2517
f 2621 2622 2623
f 2624 2625 2626
f 2627 2628 2629
f 2630 2631 2632
f 2633 2560 2509
f 2634 2635 2636
f 2517 2535 2612
f 2508 2637 2509
f 2638 2579 2582
f 2639 2640 2641
f 2642 2643 2644
f 2529 2528 2562
f 2504 2503 2645
f 2646 2647 2648
f 2649 2650 2651
f 2652 2653 2654
f 2655 2656 2657
f 2638 2483 2485
f 2658 2659 2660
f 2661 2662 2663
f 2514 2664 2515
f 2547 2504 2665
f 2666 2667 2597
f 2570 2532 2493
f 2668 2669 2670
f 2671 2672 2673
f 2557 2674 2558
f 2675 2676 2677
f 2613 2528 2550
f 2673 2672 2678
f 2578 2577 2679
f 2680 2681 2682
f 2603 2559 2567
f 2659 2683 2660
f 2671 2673 2684
f 2685 2500 2502
f 2546 2686 2687
f 2544 2546 2687
f 2581 2518 2548
f 2688 2689 2690
f 2581 2548 2492
f 2549 2493 2492
f 2493 2532 2534
f 2691 2692 2693
f 2692 2691 2534
f 2581 2638 2582
f 2559 2599 2694
f 2579 2638 2485
f 2529 2599 2585
f 2521 2523 2695
f 2511 2510 2562
f 2484 2517 2485
f 2542 2641 2696
f 2697 2578 2679
f 2530 2584 2682
f 2605 2541 2568
f 2663 2662 2664
f 2698 2699 2645
f 2700 2649 2651
f 2701 2702 2656
f 2703 2594 2593
f 2704 2705 2706
f 2707 2708 2709
f 2619 2710 2620
f 2711 2712 2713
f 2714 2715 2716
f 2513 2504 2645
f 2717 2522 2718
f 2548 2518 2719
f 2520 2519 2701
f 2518 2520 2719
f 2532 2570 2720
f 2710 2533 2721
f 2710 2721 2620
f 2500 2722 2723
f 2724 2725 2726
f 2541 2543 2569
f 2727 2728 2729
f 1342 2730 2731
f 2732 2733 2734
f 2722 2618 2547
f 2735 2522 2521
f 2736 2737 2738
f 2522 2717 2523
f 2606 2513 2739
f 2739 2513 2645
f 2699 2739 2645
f 2699 2698 2740
f 2503 2505 2569
f 2639 2741 2742
f 2741 2639 2743
f 2744 2698 2503
f 2503 2698 2645
f 2592 2521 2732
f 2656 2745 2657
f 2655 2701 2656
f 2520 2701 2655
f 2602 2601 2742
f 2604 2746 2605
f 2746 2743 2605
f 2747 2639 2641
f 2641 2640 2748
f 2640 2749 2748
f 2750 2604 2568
f 2751 2752 2731
f 2605 2747 2541
f 2641 2748 2696
f 2664 2662 2515
f 2753 2754 2755
f 2756 2757 2758
f 2759 2642 2760
f 2761 2762 2763
f 2764 2765 2766
f 2767 2536 2768
f 2769 2770 2771
f 2772 2563 2773
f 2774 2775 2776
f 2777 2778 2779
f 2780 2781 2782
f 2783 2784 2785
f 2786 2787 2788
f 2789 2759 2760
f 2649 2594 2650
f 2763 2704 2706
f 2563 2790 2564
f 2791 2792 2654
f 2793 2794 2795
f 2784 2796 2797
f 2798 2700 2651
f 2799 2775 2774
f 2798 2787 2786
f 2715 2800 2801
f 2802 2803 2804
f 2805 2806 2807
f 2777 2793 2808
f 2809 2787 2651
f 2806 2539 2807
f 2646 2648 2810
f 2811 2784 2812
f 2813 2814 2815
f 1032 2816 2817
f 2818 2819 2820
f 977 2821 2822
f 2823 2824 2825
f 2826 2827 2828
f 2676 2690 2677
f 2539 2829 2807
f 2772 2773 2830
f 2792 2831 2654
f 2832 2833 2724
f 2539 2834 2540
f 2716 2715 2801
f 2835 2836 2837
f 2589 2838 2839
f 2615 2840 2841
f 2526 2756 2842
f 2843 2704 2763
f 2787 2798 2651
f 2844 2845 2846
f 2847 2848 2849
f 2850 2631 1035
f 2851 2852 2853
f 2769 2771 2854
f 2714 2716 2635
f 2634 2714 2635
f 2855 2625 2624
f 2782 2856 2857
f 2858 2859 2860
f 2787 2805 2807
f 2861 2862 2863
f 2864 2865 2866
f 2646 2810 2845
f 2845 2810 2846
f 2844 2789 2845
f 2867 2783 2868
f 2869 2870 2871
f 2768 2536 2872
f 2873 2874 2875
f 2824 2823 2876
f 2877 1040 2878
f 2728 2879 2729
f 2727 2729 2880
f 2831 2792 2881
f 2588 2590 2882
f 2590 2589 2883
f 2884 2763 2706
f 2839 2885 2886
f 2884 2761 2763
f 2834 2887 2780
f 2888 2889 2890
f 2891 2892 2893
f 2894 2891 2893
f 2594 2874 2595
f 1165 2895 2896
f 2594 2897 2650
f 2782 2781 2856
f 2829 2898 2788
f 2898 2786 2788
f 2780 2782 2540
f 2834 2780 2540
f 2806 2834 2539
f 2538 2829 2539
f 2829 2788 2807
f 2788 2787 2807
f 2647 2646 2899
f 2563 2900 2901
f 2902 2903 2904
f 2905 2906 2904
f 2907 2908 2909
f 2712 2910 2713
f 2841 2840 2911
f 2912 2913 2914
f 2895 2915 2896
f 2916 2861 2863
f 2816 2917 2817
f 2918 2919 2847
f 2920 2921 2922
f 2921 2923 2924
f 2925 2841 2911
f 2778 2777 2808
f 2926 2765 2927
f 2928 2929 2930
f 2931 2932 2933
f 2932 2931 2934
f 2935 2936 2937
f 2616 2615 2628
f 2730 2751 2731
f 2840 2615 2617
f 2938 2939 2629
f 2793 2795 2940
f 2793 2777 2779
f 2794 2793 2779
f 2778 2860 2779
f 2751 2730 2941
f 2917 2752 2929
f 2928 2930 2942
f 2930 2941 2942
f 2943 2944 2945
f 2946 2947 2948
f 2949 2950 2951
f 2949 2952 2953
f 2952 2949 2951
f 2952 2951 2954
f 2955 2949 2953
f 2952 2956 2943
f 2785 2784 2797
f 2783 2785 2827
f 2826 2957 2827
f 2957 2826 2946
f 2946 2826 2958
f 2628 2938 2629
f 2959 2627 2629
f 2946 2958 1226
f 2960 2961 2962
f 2862 2963 2863
f 2712 2964 2965
f 2610 2966 2611
f 2861 2916 2677
f 2725 2724 2850
f 2967 2724 2726
f 2631 2968 2632
f 2968 2631 2850
f 2832 2724 2967
f 2969 2970 2971
f 2972 2969 2971
f 2926 2927 2973
f 2974 2926 2973
f 2975 2725 2976
f 2726 2725 2975
f 2977 2630 2978
f 2972 2861 2764
f 2916 2675 2677
f 2676 2675 2964
f 2979 2980 2981
f 2980 2572 2982
f 2573 2572 2980
f 2983 2772 2830
f 2572 2772 2983
f 2572 2900 2772
f 2900 2563 2772
f 2564 2984 2985
f 2984 2910 2986
f 2987 2910 2984
f 2910 2988 2713
f 2690 2689 2677
f 2573 2989 1310
f 2990 2991 2992
f 2710 2993 2692
f 2994 2666 2608
f 2532 2721 2533
f 2657 2742 2741
f 2575 2552 2995
f 2644 2996 2997
f 2998 2999 3000
f 2812 2943 2905
f 2943 2956 2905
f 2680 3001 3002
f 2906 2902 2904
f 2666 3003 3004
f 2842 3005 3006
f 3007 3008 3009
f 3007 2999 3010
f 2604 2620 2721
f 2962 788 2960
f 2996 3011 2960
f 3011 2961 2960
f 2984 3012 3013
f 3014 2826 2828
f 3015 2783 2827
f 3015 2868 2783
f 2854 3016 3017
f 2919 2918 2644
f 2918 2642 2644
f 3018 2943 2812
f 2867 2868 3015
f 795 3019 3020
f 795 3020 2150
f 3021 3022 3023
f 795 2983 2830
f 795 2830 2773
f 3024 2986 3025
f 3024 3025 2965
f 3024 2965 2964
f 3024 2964 2675
f 3024 2675 2916
f 3024 2916 2863
f 3026 3013 2907
f 3024 2863 2963
f 3013 2908 2907
f 3024 2963 2632
f 3024 2632 2968
f 3027 3028 3029
f 3024 2968 2833
f 3024 2833 2832
f 3030 2823 3031
f 795 3032 3033
f 3034 3035 3036
f 795 3033 3037
f 795 3038 3039
f 3040 3041 3042
f 795 3039 2937
f 3031 3043 3044
f 795 2937 2936
f 3043 2823 3044
f 795 2936 3045
f 795 3045 1343
f 2709 2708 3046
f 795 1343 3047
f 795 3047 3048
f 795 3048 3049
f 3030 3031 3044
f 795 3049 3050
f 3043 3031 2823
f 3051 3052 3053
f 795 3054 3055
f 795 3055 3056
f 795 3056 2911
f 795 2911 2840
f 2876 3057 2824
f 795 2840 2617
f 795 2617 2616
f 795 2616 3058
f 3057 2876 3059
f 795 3058 3060
f 2876 3061 3059
f 795 3060 2955
f 3061 3062 3059
f 795 2955 2953
f 3062 3004 3059
f 3004 3003 3059
f 795 2945 2944
f 2758 2864 3063
f 795 2944 3018
f 2944 2943 3018
f 2554 3064 2555
f 2988 3013 3026
f 3002 2681 2680
f 3053 2652 2654
f 2952 2954 2906
f 3065 2674 3066
f 2511 2553 2516
f 3067 1165 3068
f 1165 3069 3068
f 3070 2774 3071
f 2612 2537 2577
f 2869 2871 3007
f 2484 2511 2516
f 3072 2598 3073
f 3074 2931 3075
f 2516 2575 2517
f 3076 3077 3000
f 3077 2848 3000
f 2848 2847 3000
f 2655 2741 3078
f 3011 3079 2961
f 3079 3080 3081
f 3079 3081 2961
f 3081 2962 2961
f 3081 3082 2962
f 2643 3079 3011
f 2847 2998 3000
f 3014 3083 2826
f 3084 3085 3086
f 2498 2496 2571
f 1226 2958 2826
f 3081 3080 3082
f 3011 2644 2643
f 3080 3087 3082
f 3015 2957 3088
f 3089 2683 2659
f 2683 3089 2660
f 2723 3090 2660
f 2546 2522 2735
f 3091 2501 2723
f 2760 2642 2847
f 2501 2500 2723
f 2642 2918 2847
f 2702 2519 2621
f 2759 3092 2642
f 3092 3093 2642
f 3094 3064 3095
f 3093 3079 2642
f 3079 2643 2642
f 3096 3041 3040
f 3078 2720 2719
f 2533 2692 2534
f 2591 2745 2656
f 3097 3098 3067
f 3098 2814 3067
f 2732 2508 2592
f 2814 1165 3067
f 2640 2742 2601
f 2743 2747 2605
f 2745 2508 2507
f 2514 2886 2885
f 3099 2587 3100
f 2538 2857 2586
f 2738 3085 2736
f 3101 2865 2653
f 3085 3099 3086
f 2781 3102 2856
f 2781 3103 3102
f 3103 3104 3102
f 3104 3105 3102
f 3106 2818 2707
f 2673 3006 2684
f 2923 2891 2924
f 2923 2892 2891
f 2579 2517 2612
f 3107 3108 3109
f 2892 3110 2893
f 2797 3111 2785
f 3112 3113 889
f 948 2991 2990
f 2992 3114 2990
f 2992 3115 3114
f 3010 3116 3117
f 2889 3118 3119
f 2892 2888 2890
f 3120 3121 3122
f 3123 3120 3122
f 3124 3125 3126
f 3127 3128 3129
f 2841 3130 3131
f 2677 2689 2861
f 2689 2927 2861
f 2927 2764 2861
f 2972 2971 2861
f 2971 2970 3125
f 2497 2544 2498
f 2764 2927 2765
f 2973 3132 2974
f 3132 3133 2974
f 3133 3134 2974
f 3134 3135 2974
f 3134 3136 3135
f 2557 3066 2674
f 2908 3013 2909
f 2589 2886 3137
f 3138 3139 3140
f 2910 2987 3013
f 2987 2984 3013
f 3141 3040 3142
f 3143 2924 3104
f 2953 2943 2945
f 2597 3017 3003
f 3144 3145 3146
f 3145 3147 3146
f 3147 3148 3146
f 2977 2978 3149
f 2978 3150 3149
f 2883 2882 2590
f 905 2489 2821
f 2489 2491 2821
f 3151 2822 2821
f 3152 3153 3154
f 3151 2907 2822
f 3028 3044 3153
f 3155 3095 2613
f 2806 2887 2834
f 2823 2825 3156
f 2865 3157 2866
f 3158 3017 3016
f 2597 2667 2598
f 2556 3159 3160
f 2537 2536 2767
f 3160 3159 2872
f 2852 3161 3162
f 2535 2576 3163
f 2575 2995 2576
f 2496 3164 2571
f 2574 3165 3166
f 2574 3166 2552
f 2574 2551 3165
f 3167 3040 3168
f 2584 2680 2682
f 3169 3119 3170
f 3002 3171 3172
f 2529 2530 2527
f 2679 2583 3173
f 2584 2558 3001
f 2558 2674 3001
f 2697 3174 3175
f 2668 3175 3176
f 2557 3177 3178
f 2557 2684 3177
f 2672 3179 2678
f 3179 3180 2678
f 2870 3181 3182
f 2662 2661 2658
f 3005 2758 2754
f 2636 3183 3184
f 2606 3137 2886
f 2662 3090 2515
f 3090 2723 2515
f 2723 2665 2515
f 2591 2702 3185
f 2515 2504 2513
f 2745 2602 2657
f 2569 2744 2503
f 2641 2541 2747
f 3186 2889 3119
f 3187 3188 3189
f 2587 3190 3100
f 2586 3191 2587
f 2857 3192 2586
f 2952 2905 2956
f 2602 2509 2561
f 3086 3187 3084
f 3187 3189 3084
f 2856 3102 3193
f 3102 3105 3193
f 3105 3104 3193
f 3003 3158 3059
f 2891 3194 3193
f 2891 2894 3194
f 3195 3196 3197
f 3109 3108 1303
f 3108 3186 1303
f 3198 3199 3200
f 2894 3201 3200
f 2893 3140 3139
f 2828 2785 3202
f 3092 3203 3204
f 3108 2890 3186
f 3204 3093 3092
f 948 2990 3205
f 3055 2731 3056
f 3055 3054 2731
f 3054 1342 2731
f 3054 3050 1342
f 3050 3049 1342
f 3049 3048 1342
f 3048 3047 1342
f 3047 1343 1342
f 3206 3126 905
f 3126 2489 905
f 2630 2977 2631
f 2630 3150 2978
f 3124 3126 3150
f 2630 2862 3150
f 2786 2737 2734
f 3125 3124 3150
f 2970 2969 2489
f 2766 2490 2489
f 2490 3151 2491
f 2490 2766 3151
f 2766 2765 3151
f 2765 2926 3151
f 2926 2974 3151
f 2974 3135 3151
f 2740 2803 2699
f 3207 2871 2870
f 2812 3208 3018
f 2925 3209 3130
f 3209 2816 3210
f 2816 1032 3210
f 1032 3211 3210
f 2817 2928 3212
f 2928 2942 3212
f 2933 2932 3213
f 3214 1033 3215
f 2734 2798 2786
f 3074 3216 2934
f 3137 2883 2589
f 2610 965 3217
f 2726 2975 970
f 2975 2976 970
f 2976 3218 970
f 3218 3219 970
f 3219 3220 970
f 2851 3221 3216
f 3222 3223 3224
f 3223 3069 3225
f 2733 2521 2695
f 2854 3226 2769
f 3226 3227 2769
f 3226 3072 3227
f 3072 3228 3227
f 3072 3229 3228
f 3229 3230 3228
f 3229 2555 3230
f 3229 2556 2555
f 3078 2520 2655
f 2813 2858 2814
f 3094 3231 3232
f 3233 2755 3063
f 3234 981 3235
f 3236 3237 3238
f 3239 3231 3094
f 3240 2792 2791
f 3241 3183 2635
f 3019 2957 2946
f 3242 3243 3184
f 3244 3245 3246
f 2531 2550 2527
f 2488 2487 3247
f 3248 2609 3249
f 3170 3118 3250
f 3251 3252 3253
f 3254 3142 2909
f 2526 2757 2756
f 2526 2525 3255
f 2525 3256 3255
f 2766 2972 2764
f 2894 3257 3194
f 2589 2588 2838
f 2874 2873 2595
f 2659 3180 3179
f 3258 3073 3259
f 2571 3251 2499
f 2678 2842 2673
f 3260 3130 3261
f 3259 2598 2667
f 2508 3084 2637
f 2542 2696 2543
f 2560 3262 3263
f 2754 3264 3005
f 2862 2632 2963
f 2988 3135 2713
f 1310 2989 2979
f 2989 2573 2979
f 2573 2980 2979
f 2885 2664 2514
f 2980 2982 2981
f 3148 3034 3146
f 1033 3214 3211
f 2601 2560 3263
f 3265 3209 2925
f 3265 2816 3209
f 3265 2752 2816
f 2752 2917 2816
f 2817 1033 1032
f 2917 2929 2817
f 2929 2928 2817
f 2941 2914 2942
f 2941 2730 2914
f 2730 2912 2914
f 2913 2933 2914
f 2913 3266 2933
f 3266 2935 2933
f 2935 2931 2933
f 2935 3267 2931
f 3267 3268 2931
f 3268 3075 2931
f 2851 2853 3221
f 2853 3269 3221
f 3268 3270 3075
f 3270 2610 3075
f 3270 2966 2610
f 2611 2726 965
f 2611 3271 2726
f 3271 2967 2726
f 2725 3218 2976
f 1035 3219 3218
f 2725 2850 3218
f 2850 1035 3218
f 1035 3220 3219
f 3162 3161 968
f 2880 2877 2878
f 3272 3273 3274
f 2877 3275 3276
f 3275 2879 3276
f 2879 2728 3276
f 3237 2946 3238
f 1040 2877 3276
f 3277 3181 3278
f 3279 3280 3128
f 2755 3182 3181
f 2537 3258 2583
f 2856 3281 3282
f 3283 2761 2864
f 2761 3284 2864
f 3284 3285 2864
f 3285 2653 2864
f 3286 2654 2653
f 3052 3287 3288
f 3277 3276 2728
f 3289 2755 3181
f 2831 3053 2654
f 3286 2791 2654
f 2831 2881 3053
f 2881 3051 3053
f 3290 3291 3292
f 3287 3051 2899
f 3051 3293 2899
f 3293 3294 2899
f 2802 2804 3295
f 3296 3297 3298
f 3299 2810 2648
f 3300 2846 2810
f 3301 3302 3303
f 3301 3300 3302
f 3300 3304 3302
f 2951 2906 2954
f 2615 2938 2628
f 2615 2779 3305
f 2615 2794 2779
f 2615 2795 2794
f 3306 2940 2795
f 3306 2836 2835
f 3307 3308 2855
f 3308 3309 2855
f 2836 3130 2837
f 2628 3058 2616
f 3260 3310 2837
f 3311 3241 3172
f 3213 2932 3312
f 2932 2934 3312
f 980 3313 1090
f 2770 2769 1090
f 2769 3227 1090
f 3227 3228 1090
f 3228 3230 1090
f 3230 2555 1090
f 2555 3064 1090
f 3241 2716 3314
f 3232 2801 3315
f 2588 2761 2838
f 2801 2800 3315
f 3137 2739 3316
f 3094 3232 3315
f 2697 2668 2578
f 2668 2670 2578
f 2691 2600 2510
f 2636 3317 2634
f 3317 3318 2634
f 3319 2587 3099
f 2993 2693 2692
f 3320 2878 1040
f 3211 3307 3210
f 2729 2879 2877
f 2693 2599 2600
f 2879 3275 2877
f 2534 2506 2493
f 3321 3322 2727
f 2581 2483 2638
f 2880 3321 2727
f 2619 2722 2500
f 3323 2737 2898
f 2722 2665 2723
f 2720 2604 2721
f 2757 3283 2758
f 3255 3256 3283
f 3256 2843 3283
f 2727 3181 2728
f 2843 2763 3283
f 2763 2762 3283
f 3185 2521 2591
f 2762 2761 3283
f 3324 3007 2871
f 2884 2838 2761
f 3185 2735 2521
f 2897 3325 2650
f 2805 3326 2806
f 3286 3285 3284
f 3254 3013 3012
f 3327 3328 3329
f 2838 2706 2839
f 2848 3076 3330
f 3331 2740 2698
f 2887 3332 3333
f 3326 3332 2887
f 3334 3022 2922
f 2760 2849 2789
f 3135 2907 3151
f 2985 803 2564
f 2744 3335 3336
f 3022 3334 3023
f 3208 2783 2867
f 2996 3337 2997
f 2711 2690 2676
f 2964 2712 2676
f 2712 2711 2676
f 2696 3338 3339
f 3340 2688 2690
f 2748 3341 3338
f 2965 3025 2712
f 3342 2802 3294
f 3025 2986 2712
f 1125 3343 3344
f 2809 2650 3325
f 2740 3331 2804
f 1125 3345 3343
f 3345 3346 3343
f 3346 3347 3343
f 2799 3348 3349
f 3350 2564 2790
f 2649 2523 2594
f 3131 2836 3306
f 3351 1404 3352
f 3131 3130 2836
f 3351 3353 1404
f 3351 3354 3353
f 3211 3214 3308
f 3214 3215 3308
f 1158 3176 3175
f 3311 3184 3183
f 3176 3355 2668
f 3355 3252 2668
f 2684 2603 2671
f 2669 2496 2670
f 2694 2567 2559
f 2619 2685 2993
f 2664 2704 2663
f 2621 3185 2702
f 2621 3356 3185
f 3356 2686 3185
f 2686 2546 3185
f 2546 2735 3185
f 3357 3358 2823
f 2545 2718 2522
f 2717 2594 2523
f 3359 2818 2820
f 2649 2700 2695
f 3360 3240 2882
f 2809 2805 2787
f 3361 1125 3326
f 3361 3345 1125
f 3362 3127 3129
f 1133 3362 3129
f 2809 3325 3345
f 3325 3347 3345
f 3347 3346 3345
f 3363 2487 3364
f 2897 2703 3347
f 3362 2703 3127
f 2703 2593 3127
f 2593 2595 3127
f 2595 2873 3127
f 2873 2875 3127
f 2497 2499 2875
f 3251 3253 3365
f 2637 3366 2509
f 3252 3355 3253
f 3355 3367 3253
f 3355 3176 3367
f 2567 2671 2603
f 3251 2571 3164
f 2495 2580 2496
f 2905 3368 3369
f 2495 2622 2580
f 2495 2494 2622
f 2686 2623 2622
f 2623 3356 2621
f 2623 2686 3356
f 2544 2687 2686
f 2874 2718 2545
f 2874 2717 2718
f 2874 2594 2717
f 2814 2858 1165
f 2808 2895 1165
f 2703 2897 2594
f 2896 2626 1165
f 2626 3069 1165
f 2626 3225 3069
f 3317 3224 3318
f 3269 2821 977
f 3139 2894 2893
f 2776 2870 2869
f 3370 3357 3371
f 3372 2844 3373
f 3374 3157 3375
f 2882 2791 2588
f 3099 3187 3086
f 3044 3358 3153
f 3101 3376 3375
f 2596 2598 3226
f 2496 2582 2670
f 2887 2781 2780
f 3101 2652 3376
f 2767 2768 3229
f 2924 3193 3104
f 2768 2872 3229
f 2872 3159 3229
f 2845 2849 2848
f 3316 3360 2883
f 3093 3087 3080
f 3093 3080 3079
f 2948 3019 2946
f 3272 3348 3273
f 1226 3238 2946
f 3166 3165 3095
f 3087 3204 3377
f 3165 2613 3095
f 3239 3234 3231
f 3204 3203 1210
f 2682 3378 3234
f 3379 3372 1223
f 3378 3380 3234
f 3372 3373 1223
f 3380 981 3234
f 3378 2682 3380
f 3195 3197 1226
f 2682 2681 3380
f 2567 3179 2672
f 3196 3381 1226
f 3172 3241 3314
f 2550 3155 2613
f 3007 3071 2774
f 3165 2551 2613
f 2948 3020 3019
f 2845 2789 2849
f 3067 2902 2906
f 2530 3239 2531
f 2700 2733 2695
f 3372 3379 2789
f 3379 2759 2789
f 3172 3171 3311
f 3379 3092 2759
f 2915 3306 2835
f 2869 2774 2776
f 3382 2486 3383
f 3060 2949 2955
f 3060 2950 2949
f 3384 3242 3311
f 2950 3385 2951
f 3384 3243 3242
f 3386 2488 3387
f 3388 3098 3097
f 3386 2486 2488
f 3389 3390 3098
f 3390 2815 3098
f 2486 3364 2487
f 2815 2814 3098
f 3369 2812 2905
f 2950 2627 3391
f 2627 2959 3391
f 2486 3382 3364
f 3066 3178 1005
f 3178 3177 3392
f 2860 2778 2858
f 3177 3006 3392
f 2778 2808 2858
f 3177 2684 3006
f 2681 3314 3380
f 2793 2915 2808
f 2915 2895 2808
f 2678 3180 2526
f 2915 2626 2896
f 2874 2497 2875
f 2625 3225 2626
f 2915 2624 2626
f 2658 2661 2524
f 2661 2663 2524
f 2663 2704 2524
f 2829 3323 2898
f 2822 3328 977
f 2705 2839 2706
f 2705 2885 2839
f 3294 3051 2881
f 3393 3394 3395
f 3349 2775 2799
f 3278 3181 2775
f 2923 2888 2892
f 3316 2699 2803
f 2870 2776 2775
f 3182 2755 2870
f 2600 2562 2510
f 3096 2921 3396
f 2709 3035 3034
f 3141 3168 3040
f 2997 3010 2998
f 2540 2857 2538
f 3337 3397 2997
f 2707 2818 2708
f 2864 2653 2865
f 3265 2911 3056
f 3280 2819 2818
f 2653 2652 3101
f 3288 3330 3398
f 2640 3263 2749
f 2803 3342 3360
f 2652 3052 3398
f 3052 3288 3398
f 3359 3244 3399
f 3288 3400 3330
f 3028 3152 3029
f 3400 2646 3330
f 3366 2633 2509
f 2921 3401 3396
f 3061 2876 3030
f 2530 3234 3239
f 3402 3062 3061
f 3402 3004 3062
f 3084 3403 2637
f 2614 3404 3405
f 3400 3288 2646
f 3404 2614 2608
f 2607 2994 2608
f 3206 3150 3126
f 3406 3138 3407
f 3408 3020 2948
f 1303 2573 1310
f 3200 3201 3409
f 2558 2585 2599
f 3302 3304 1313
f 3201 3139 3409
f 3410 2709 3148
f 2743 3078 2741
f 2691 2512 2506
f 2844 3196 3373
f 3169 3170 3411
f 2670 2579 2578
f 2844 3381 3196
f 3170 3250 3411
f 3301 1326 3381
f 2844 3301 3381
f 3412 942 2573
f 2846 3300 2844
f 3300 3301 2844
f 3413 3199 3414
f 2939 2813 3389
f 2572 2983 2982
f 2993 2565 2567
f 2813 3390 3389
f 3200 3199 3415
f 2959 2629 3389
f 3199 3413 3415
f 2565 2685 2566
f 2629 2939 3389
f 2565 2993 2685
f 2813 2815 3390
f 2894 3200 3415
f 3063 2866 3233
f 3056 2752 3265
f 3056 2731 2752
f 2502 3091 2685
f 2939 2938 2813
f 2502 2501 3091
f 2938 2859 2813
f 2751 2929 2752
f 2938 3305 2859
f 2580 2518 2581
f 3305 2779 2859
f 2751 2930 2929
f 2779 2860 2859
f 2751 2941 2930
f 2719 2549 2548
f 1342 3416 2730
f 3416 2912 2730
f 3416 1342 2912
f 2570 2549 2720
f 2940 2915 2793
f 2588 3286 3284
f 2835 2624 2915
f 1343 2913 2912
f 1343 3266 2913
f 1343 3045 3266
f 2835 2837 2624
f 3045 2936 3266
f 2750 2618 2620
f 2936 2935 3266
f 3307 2855 2624
f 2855 3309 2625
f 2937 3267 2935
f 1351 3216 3221
f 2937 3270 3268
f 2505 2750 2568
f 2950 3058 2627
f 905 3269 2853
f 2852 905 2853
f 905 2821 3269
f 3315 2800 1258
f 2937 3039 3270
f 3085 3319 3099
f 2800 2715 1258
f 3039 3038 3270
f 2829 2538 3319
f 2715 2714 1258
f 3038 2966 3270
f 2714 2634 1258
f 3033 2967 3037
f 2634 3318 1258
f 3271 2611 2966
f 3033 3032 2967
f 3032 2832 2967
f 2771 3417 3327
f 2833 2968 2724
f 2968 2850 2724
f 2622 2519 2580
f 2631 2977 1035
f 2489 3125 2970
f 2977 3149 1035
f 3323 3085 2738
f 3333 3103 2781
f 3147 3145 3144
f 3396 3401 3143
f 3333 3147 3144
f 2737 2732 2734
f 2920 3123 2921
f 3123 2888 2921
f 2662 2660 3090
f 1372 3394 3418
f 3393 2563 2901
f 3393 3395 2563
f 3395 2790 2563
f 803 2773 2563
f 2669 3252 3164
f 3120 3123 3121
f 3123 3419 3121
f 3021 2992 2991
f 3021 3023 2992
f 2888 3123 2889
f 2920 2922 3123
f 2922 3022 3123
f 3384 2880 3243
f 3021 3419 3123
f 2688 2973 2689
f 2973 2927 2689
f 2688 3340 2973
f 3340 3132 2973
f 3340 3134 3132
f 3134 3133 3132
f 3420 3136 3134
f 3421 2711 2713
f 2646 2848 3330
f 3350 3254 3012
f 2790 3395 3422
f 1119 3423 1397
f 3424 2487 3425
f 2712 2986 2910
f 2986 2985 2984
f 3333 3332 3147
f 3426 3410 3148
f 3023 3334 3427
f 3314 2801 3380
f 3426 3428 3410
f 3428 2707 3410
f 3429 3280 3106
f 3429 3128 3280
f 3342 2881 3240
f 2899 3288 3287
f 3352 2820 2819
f 3352 1404 2820
f 3430 3431 3279
f 3432 3369 3368
f 2609 2614 3433
f 2866 3374 3207
f 3337 1429 3434
f 3435 3436 1431
f 3437 3438 3439
f 2796 2784 1415
f 2784 2811 1415
f 2811 3432 1415
f 2811 3369 3432
f 2905 2904 2903
f 2524 2843 2525
f 3117 3116 3440
f 3180 2524 2526
f 2960 788 3337
f 3441 3442 3443
f 3444 3445 3446
f 3447 3448 3449
f 3450 3451 3452
f 3453 3454 3455
f 3456 3457 3458
f 3459 3444 3446
f 3460 3461 3462
f 3463 3448 3464
f 3465 3466 3467
f 3468 3444 3469
f 3446 3445 3470
f 3471 3472 3473
f 3470 3445 3474
f 3448 3447 3475
f 3476 3477 3478
f 3463 3477 3448
f 3479 3466 3443
f 3480 3463 3481
f 3482 3483 3484
f 3463 3464 3481
f 3485 3486 3487
f 3488 3489 3490
f 3491 3488 3490
f 3492 3493 3494
f 3495 3496 3497
f 3466 3465 3498
f 3499 3500 3501
f 3502 3503 3495
f 3477 3463 3478
f 3503 3443 3495
f 3504 3505 3449
f 3506 3507 3508
f 3503 3441 3443
f 3509 3477 3476
f 3466 3479 3467
f 3486 3479 3443
f 3471 3510 3472
f 3449 3511 3500
f 3505 3447 3449
f 3448 3475 3512
f 3513 3514 3515
f 3514 3513 3516
f 3517 3518 3519
f 3520 3521 3522
f 3522 3521 3506
f 3523 3517 3524
f 3524 3517 3525
f 3526 3527 3528
f 3529 3517 3523
f 3517 3529 3530
f 3530 3529 3531
f 3532 3530 3531
f 3521 3533 3506
f 3533 3521 3530
f 3460 3533 3530
f 3501 3500 3534
f 3535 3536 3537
f 3474 3445 3538
f 3539 3540 3537
f 3541 3542 3543
f 3542 3544 3543
f 3450 3545 3451
f 3546 3468 3547
f 3548 3549 3550
f 3547 3468 3469
f 3545 3551 3552
f 3545 3552 1614
f 3445 3444 3553
f 3545 1614 3553
f 3553 1614 3554
f 3444 3468 3553
f 3555 3556 3557
f 3556 3558 3557
f 3559 3457 3456
f 3494 3493 3560
f 3559 3561 3562
f 3561 3559 3563
f 3559 3562 3564
f 3565 3559 3564
f 3565 3564 3566
f 3567 3565 3566
f 3493 3568 3560
f 3568 3493 3565
f 3569 3568 3565
f 3483 3482 3570
f 3571 3572 3573
f 3574 3575 3576
f 3574 3577 3575
f 3535 3571 3578
f 3571 3535 3537
f 3536 3539 3537
f 3574 3579 3577
f 3579 3574 3537
f 3580 3579 3537
f 3581 3582 3583
f 3497 3496 3584
f 3499 3501 3585
f 3500 3511 3534
f 3586 3587 3588
f 3587 3450 3588
f 3588 3450 3452
f 3589 3456 3590
f 3456 3458 3590
f 3591 3592 3593
f 3592 3591 3573
f 3594 3592 3573
f 3572 3594 3573
f 3595 3596 3597
f 3598 3599 3600
f 3601 3602 3603
f 3604 3605 3606
f 3607 3608 1474
f 3609 3610 3611
f 3612 3613 3614
f 3615 3616 3617
f 3618 3619 3620
f 3621 3622 3623
f 3533 3507 3506
f 3624 3625 3626
f 3627 3628 3629
f 3630 3631 3632
f 3633 3634 3635
f 3622 3636 3623
f 3637 3638 3639
f 3640 3641 3642
f 3643 3644 3645
f 3646 3647 3648
f 3649 3650 3651
f 3652 3653 3654
f 1468 3655 3656
f 3657 3658 1590
f 3659 3660 3661
f 3662 3652 3647
f 3663 3664 3665
f 3666 3645 3667
f 3659 3528 3660
f 3668 3669 3670
f 3602 3612 3671
f 3616 3672 3673
f 3674 3675 3676
f 3677 3678 3679
f 3605 3680 3681
f 3620 3619 3682
f 3683 3684 3630
f 3685 3686 3687
f 3688 3689 3690
f 3691 3604 3692
f 3693 3694 3695
f 3685 3687 3696
f 3697 3685 3696
f 3606 3605 3681
f 3611 3698 3699
f 3700 3701 3702
f 3653 3703 3654
f 3704 3705 3607
f 3706 3625 3624
f 3659 3526 3528
f 3705 3707 3607
f 3708 3709 3710
f 3711 3712 3713
f 3714 3715 3680
f 3716 3662 3647
f 3717 3453 3455
f 3718 3719 3720
f 3721 3722 3686
f 3723 3724 3725
f 3582 3726 3583
f 3727 3728 3689
f 3729 3635 3730
f 3619 3598 3600
f 3731 3677 3732
f 3733 3672 3734
f 3608 3720 1474
f 3735 3732 3736
f 3710 3709 3688
f 3708 3727 3709
f 3732 3737 3736
f 3613 3692 3614
f 3709 3689 3688
f 3738 3689 3739
f 3690 3689 3738
f 3740 3685 3697
f 3740 3697 3741
f 3742 3740 3741
f 3693 3743 3694
f 3739 3693 3695
f 3686 3744 3687
f 3683 3630 3632
f 3679 3745 3746
f 3747 3735 3736
f 3748 3735 3747
f 3619 3749 3682
f 3619 3600 3749
f 3720 3750 1474
f 3750 3720 3751
f 3616 3673 3617
f 3751 3643 3752
f 3673 3672 3733
f 3603 3753 3754
f 3755 3756 3700
f 3715 3755 3700
f 3605 3714 3680
f 3613 3691 3692
f 3757 3758 3655
f 3644 3615 3645
f 3608 3718 3720
f 3707 3718 3608
f 3607 3707 3608
f 3759 3704 3760
f 3761 3759 3760
f 3762 3598 3619
f 3618 3762 3619
f 3678 3621 3679
f 3735 3731 3732
f 3763 3764 3765
f 3766 3609 3611
f 3767 3766 3669
f 3722 3768 3769
f 3740 3770 3685
f 3771 3743 3693
f 3728 3771 3693
f 3709 3727 3689
f 3772 3708 3710
f 3625 3772 3710
f 3528 3773 3660
f 3703 3659 3661
f 3774 3654 3775
f 3716 3647 3646
f 3680 3776 3681
f 3614 3692 3777
f 3612 3614 3778
f 3671 3612 3778
f 3650 3779 3780
f 3781 3548 3550
f 3782 3581 3783
f 3637 3639 3784
f 3729 3785 3635
f 3724 3786 3725
f 3787 3453 3717
f 3788 3787 3717
f 3789 3788 3790
f 3791 3789 3790
f 3792 3793 3794
f 3792 3665 3795
f 3580 3796 3797
f 3716 3658 3662
f 3652 3654 3647
f 3654 3774 3647
f 3774 3648 3647
f 3746 3737 3732
f 3748 3724 3735
f 3727 3583 3728
f 3616 3798 3628
f 3786 3730 3725
f 3730 3480 3725
f 3734 3799 3800
f 1447 3780 1450
f 1447 3801 3780
f 3801 3650 3780
f 3586 3802 3470
f 3703 3803 3780
f 3540 3804 3537
f 3804 3805 3537
f 3805 3580 3537
f 3805 3593 3796
f 3806 3807 3480
f 3807 3808 3480
f 1458 3806 3480
f 3451 3809 3452
f 3496 3491 3489
f 3491 3490 3489
f 3476 3478 3509
f 3762 3640 3810
f 3606 3692 3604
f 3632 3610 3683
f 3811 3730 3786
f 3599 3453 3761
f 3597 3812 3534
f 3684 3729 3730
f 3635 3813 3730
f 3706 3814 3625
f 3651 3650 3815
f 3650 3816 3815
f 3650 3801 3816
f 3771 3582 3743
f 3691 3664 3604
f 3573 3591 3571
f 3591 3817 3571
f 3817 3578 3571
f 3482 3572 3571
f 3531 3818 3461
f 3578 3591 3535
f 3805 3539 3536
f 3805 3540 3539
f 3805 3804 3540
f 3819 3461 3818
f 1463 3808 3807
f 1468 3690 3738
f 3785 3820 3635
f 1468 3738 3739
f 3820 3633 3635
f 1468 3739 3695
f 1468 3695 3694
f 3634 3821 3635
f 1468 3694 3741
f 1468 3741 3697
f 3634 3822 3821
f 1468 3697 3696
f 3822 3823 3821
f 1468 3696 3687
f 1468 3687 3744
f 3491 3496 3488
f 1468 3744 3824
f 3496 3495 3488
f 1468 3824 3825
f 1468 3825 1469
f 1468 3668 3670
f 1468 3670 3699
f 3685 3721 3686
f 1468 3699 3698
f 3826 3711 3713
f 1468 3698 3827
f 1468 3827 3632
f 1468 3632 3631
f 1468 3631 3828
f 3683 3729 3684
f 1468 3828 3829
f 3763 3786 3764
f 1468 3829 3747
f 3766 3820 3609
f 1468 3747 3736
f 1468 3736 3737
f 3830 3550 3651
f 1468 3737 3746
f 3550 3814 3651
f 1468 3746 3745
f 3526 3779 3650
f 1468 3745 3623
f 3676 3678 3677
f 1468 3623 3636
f 1468 3636 3620
f 3831 3700 3756
f 1468 3620 3682
f 1468 3682 3749
f 3832 3655 3833
f 1468 3749 3834
f 1468 3834 3835
f 3836 3837 3838
f 3836 3838 3839
f 3836 3839 3840
f 3482 3484 3572
f 3841 3518 3516
f 1468 1474 3750
f 1468 3750 3751
f 1468 3751 3752
f 1468 3752 3666
f 3578 3817 3591
f 1468 3666 3667
f 1468 3667 3617
f 1468 3617 3673
f 1468 3673 3733
f 1468 3733 3734
f 1468 3734 3800
f 1468 3800 3842
f 3843 3497 3584
f 3764 3747 3829
f 3735 3674 3731
f 3609 3785 3610
f 3582 3742 3743
f 3822 3634 3633
f 3844 3767 3669
f 3742 3782 3740
f 3497 3845 3495
f 3845 3846 3495
f 1486 3792 3794
f 3846 3502 3495
f 3659 3780 3779
f 3843 3845 3497
f 3484 3847 3848
f 3679 3623 3745
f 3646 3849 3716
f 3605 3850 3714
f 3674 3812 3675
f 3851 3781 3550
f 3741 3743 3742
f 3549 3814 3550
f 3601 3793 3602
f 3683 3785 3729
f 3717 3852 3788
f 3848 3853 3594
f 3612 3793 3792
f 3758 3802 3854
f 3843 3485 3845
f 3483 3498 3484
f 3542 3541 3544
f 3459 3516 3444
f 3492 3568 3541
f 3463 3808 3489
f 3498 3483 3570
f 3791 3713 3712
f 3524 3525 3818
f 3784 3855 3856
f 3489 3584 3496
f 3529 3523 3524
f 3639 3857 3784
f 3568 3858 3859
f 3532 3860 3530
f 3860 3461 3530
f 3461 3460 3530
f 3835 3760 3837
f 3602 3671 3603
f 3671 3753 3603
f 3859 3861 3809
f 3861 3862 3809
f 3863 3859 3864
f 3859 3865 3864
f 3865 3866 3864
f 3866 3665 3864
f 3665 3792 3864
f 3792 1486 3864
f 3598 3810 3454
f 3758 3867 3868
f 3840 3607 1474
f 3684 3811 3763
f 3455 3869 3717
f 3607 3760 3704
f 3589 3870 3871
f 3494 3560 3492
f 3560 3568 3492
f 3569 3870 3858
f 3860 3532 3461
f 3532 3531 3461
f 3863 3861 3859
f 3452 3854 3588
f 3872 3865 3859
f 3665 3866 3865
f 3872 3663 3865
f 3663 3665 3865
f 3643 3666 3752
f 3873 3528 3527
f 3839 3607 3840
f 3839 3838 3607
f 3454 3810 3455
f 3810 3640 3455
f 3640 3642 3455
f 3642 3869 3455
f 3595 3508 3507
f 3838 3837 3760
f 3600 3834 3749
f 3831 3849 3874
f 3567 3871 3565
f 3871 3569 3565
f 3470 3587 3586
f 3457 3875 3458
f 3520 3522 3506
f 3511 3473 3520
f 3870 3876 3858
f 3850 3663 3877
f 3663 3872 3877
f 3878 3879 3880
f 3453 3759 3761
f 3612 3795 3613
f 3645 3617 3667
f 3598 3454 3599
f 3649 3706 3527
f 3661 3654 3703
f 3786 3748 3764
f 3643 3881 3644
f 3597 3508 3595
f 3557 3457 3559
f 3456 3589 3559
f 3589 3563 3559
f 3562 3871 3564
f 3871 3566 3564
f 3871 3567 3566
f 3653 3803 3703
f 3449 3472 3511
f 3472 3510 3511
f 3510 3473 3511
f 3510 3471 3473
f 3784 3882 3637
f 3883 3879 3878
f 3883 3884 3879
f 3756 3755 3879
f 3700 3680 3715
f 3787 3704 3759
f 3622 3621 3641
f 3622 3640 3618
f 3590 3878 3870
f 3572 3848 3594
f 3595 3641 3596
f 3558 3457 3557
f 3558 3555 3457
f 3555 3576 3457
f 3624 3527 3706
f 3562 3561 3589
f 3561 3563 3589
f 3499 3449 3500
f 3499 3504 3449
f 3885 3534 3812
f 3886 3884 3883
f 3705 3791 3707
f 3886 3887 3884
f 3629 3888 3459
f 3887 3658 3884
f 3716 3849 3884
f 3889 3841 3459
f 3844 3668 1469
f 3506 3534 3511
f 3611 3827 3698
f 3547 3469 3444
f 3700 3702 3680
f 3702 3776 3680
f 3546 3547 3444
f 3470 3802 3446
f 3795 3691 3613
f 3802 3627 3629
f 3629 3446 3802
f 3798 3881 3888
f 3881 3711 3888
f 3711 3890 3888
f 3475 3499 3891
f 3704 3789 3705
f 3826 3892 3890
f 3715 3879 3755
f 3892 3841 3890
f 3756 3884 3849
f 3841 3889 3890
f 3558 3556 3555
f 3577 3893 3875
f 1593 3887 1596
f 3546 3515 3514
f 3546 3514 3517
f 3575 3577 3576
f 3546 3517 3530
f 3546 3530 3521
f 3546 3521 3520
f 3822 3882 3856
f 3546 3520 3473
f 3546 3473 3472
f 3546 3472 3449
f 3507 3460 3462
f 3546 3449 3448
f 3441 3845 3485
f 3546 3448 3477
f 3447 3505 3499
f 3546 3477 3509
f 3505 3504 3499
f 3546 3509 3489
f 3546 3489 3488
f 3546 3488 3495
f 3546 3495 3443
f 3512 3891 3448
f 3546 3443 3466
f 3891 3464 3448
f 3546 3466 3498
f 3546 3498 3570
f 3546 3570 3482
f 1593 3658 3887
f 3546 3482 3571
f 1593 1590 3658
f 3546 3571 3537
f 3546 3537 3574
f 3546 3574 3576
f 3546 3576 3555
f 3546 3555 3557
f 3546 3557 3559
f 3620 3622 3618
f 3546 3559 3565
f 3546 3565 3493
f 3546 3493 3492
f 3679 3732 3677
f 3546 3492 3541
f 3546 3541 3543
f 3526 3649 3527
f 3546 3543 3545
f 3546 3545 3553
f 3621 3675 3641
f 3546 3553 3468
f 3554 3538 3553
f 3538 3445 3553
f 3746 3732 3679
f 3518 3514 3516
f 3630 3828 3631
f 3513 3546 3516
f 3513 3515 3546
f 3725 3894 3723
f 3579 3797 3893
f 3893 3895 3875
f 3676 3731 3674
f 3480 3894 3725
f 1450 3780 1590
f 3780 3657 1590
f 3719 3711 3643
f 3892 3519 3518
f 3896 3721 3770
f 3481 3464 3891
f 3672 3616 3628
f 3512 3475 3891
f 3672 3627 3799
f 3897 3898 3857
f 3662 3657 3652
f 3489 3509 3463
f 3509 3478 3463
f 3541 3859 3809
f 3798 3629 3628
f 3780 3803 3657
f 3790 3899 3713
f 3653 3652 3657
f 3900 3818 3519
f 3474 3538 3554
f 1614 3474 3554
f 3543 3451 3545
f 3450 3587 3545
f 3587 3901 3545
f 3901 3551 3545
f 3552 3587 1614
f 3517 3514 3518
f 3588 3854 3586
f 3834 3761 3835
f 3655 3842 3757
f 3548 3727 3708
f 3902 3867 3854
f 3769 3903 3844
f 3751 3720 3643
f 3720 3719 3643
f 3718 3712 3719
f 3788 3852 3790
f 3904 3819 3900
f 3479 3898 3847
f 3544 3451 3543
f 3544 3541 3451
f 3765 3829 3828
f 3552 3551 3587
f 3551 3901 3587
f 3818 3517 3519
f 3818 3525 3517
f 3655 1468 3842
f 1468 3656 3832
f 1468 3754 3753
f 1468 3753 3671
f 1468 3671 3778
f 1468 3778 3614
f 1468 3614 3777
f 1468 3777 3606
f 1468 3606 3681
f 1468 3681 3776
f 1468 3776 3702
f 1468 3702 3701
f 1468 3701 3831
f 1468 3831 3874
f 1468 3874 3646
f 1468 3646 3648
f 1468 3648 3774
f 1468 3774 3775
f 1468 3775 3661
f 1468 3661 3660
f 1468 3660 3773
f 1468 3773 3873
f 1468 3873 3624
f 1468 3624 3626
f 1468 3626 3905
f 1468 3905 3906
f 1468 3688 3690
f 3611 3669 3766
f 3842 3799 3757
f 3903 3907 3767
f 3724 3885 3674
f 3503 3502 3845
f 3502 3846 3845
f 3805 3535 3591
f 3442 3487 3443
f 3487 3486 3443
f 3908 3583 3781
f 3782 3770 3740
f 3710 3626 3625
f 3710 3905 3626
f 3847 3909 3848
f 3909 3853 3848
f 1638 3581 3583
f 3726 3771 3583
f 3771 3728 3583
f 3465 3479 3498
f 3465 3467 3479
f 3910 3486 3485
f 3768 3722 3637
f 3625 3549 3772
f 3639 3897 3857
f 3638 3722 3721
f 3898 3910 3857
f 3655 3868 3833
f 3638 3721 3639
f 3896 3782 3639
f 3782 3783 3639
f 3783 3911 3639
f 3911 3897 3639
f 3699 3669 3611
f 3754 3833 3603
f 3699 3670 3669
f 3630 3763 3765
f 3487 3441 3485
f 3487 3442 3441
f 3688 3906 3710
f 3906 3905 3710
f 3783 3581 1638
f 3675 3596 3641
f 3604 3663 3605
f 3693 3689 3728
f 3769 3686 3722
f 3833 3601 3603
f 3644 3798 3615
f 3825 3769 1469
f 3769 3844 1469
f 3825 3824 3769
f 3693 3739 3689
f 3772 3548 3708
f 3824 3744 3686
f 2156 2415 657
f 2418 2417 3912
f 2417 2428 3912
f 2449 3913 3914
f 2463 3915 2457
f 3916 2979 2981
f 2387 2454 2391
f 2215 664 2352
f 2392 2411 2393
f 2395 2411 2392
f 2309 2431 2177
f 2262 2479 2390
f 2308 2307 2220
f 2317 2328 2292
f 2242 2344 2343
f 2188 2231 2314
f 2409 2420 2191
f 2241 2473 2411
f 2373 2371 2216
f 2309 2208 2207
f 2416 2417 2418
f 2418 3912 2419
f 2409 2396 2345
f 2337 2335 2339
f 2232 2231 2188
f 2309 2326 2424
f 2181 2183 2421
f 2276 2266 2371
f 2275 2262 2203
f 2234 2381 2367
f 2364 2365 2425
f 2425 1730 2301
f 2205 2204 2181
f 3917 3912 2428
f 2427 3917 2428
f 2186 2374 2348
f 2429 3918 2430
f 2366 2220 2307
f 2432 2278 2433
f 2278 2280 2433
f 2435 2432 2433
f 2331 2330 2271
f 2207 2209 2198
f 2196 2324 2405
f 2255 2227 2229
f 2186 2190 2192
f 2352 2374 2185
f 2258 2182 2245
f 2325 2199 2227
f 2183 2395 2337
f 2274 2236 2238
f 2341 2176 2448
f 2330 2257 2256
f 2269 2370 2276
f 2247 2459 2194
f 2360 2265 2217
f 2179 2295 2431
f 2222 2261 2397
f 2407 2404 2280
f 2460 2361 2359
f 2457 3915 2455
f 2266 2268 2242
f 2304 2305 2257
f 2211 2283 2357
f 2198 2329 2322
f 2317 2228 2323
f 2206 2229 2228
f 2446 2365 2363
f 2329 2198 2209
f 2398 2479 2262
f 2238 2191 2190
f 2243 2343 2194
f 2251 2250 2436
f 2332 2331 2334
f 2183 2259 2241
f 2240 2327 2200
f 2185 2184 2235
f 2288 2423 2422
f 2346 2469 2470
f 2211 2210 2358
f 2454 2387 2386
f 2184 2186 2375
f 2345 2347 2473
f 2454 2466 2472
f 2423 2250 2249
f 2339 2316 2476
f 2472 2466 2265
f 2420 2473 2241
f 2187 2189 2327
f 2384 2267 2378
f 2375 2192 2259
f 2233 2244 2197
f 2318 2405 2324
f 2197 2196 2381
f 2353 2478 2398
f 2204 2206 2195
f 2390 2479 2388
f 2293 2383 2382
f 2442 2257 2330
f 2307 2214 2469
f 2710 2619 2993
f 2994 2667 2666
f 2532 2720 2721
f 2657 2602 2742
f 2575 2553 2552
f 2998 3010 2999
f 2680 2584 3001
f 2666 2597 3003
f 2842 2756 3005
f 2604 2750 2620
f 2984 2564 3012
f 2854 2771 3016
f 3021 3123 3022
f 3030 2876 2823
f 3051 3287 3052
f 2758 3283 2864
f 2554 3095 3064
f 2988 2910 3013
f 3002 3172 2681
f 3053 3052 2652
f 3065 3001 2674
f 2511 2551 2553
f 2612 2535 2537
f 2484 2512 2511
f 3072 3226 2598
f 3074 2934 2931
f 2516 2553 2575
f 2655 2657 2741
f 2847 2919 2998
f 3084 2736 3085
f 2498 2494 2496
f 3011 2996 2644
f 3015 2827 2957
f 2546 2545 2522
f 2702 2701 2519
f 3094 3315 3064
f 3096 3396 3041
f 3078 2746 2720
f 2533 2710 2692
f 2591 2592 2745
f 2732 2736 2508
f 2640 2639 2742
f 2743 2639 2747
f 2745 2592 2508
f 2514 2606 2886
f 3101 3375 2865
f 3106 3280 2818
f 2673 2842 3006
f 2579 2485 2517
f 2797 2796 3111
f 3010 3397 3116
f 3127 3279 3128
f 2841 2925 3130
f 2497 2545 2544
f 2557 3178 3066
f 2589 2839 2886
f 3138 3406 3139
f 3143 3401 2924
f 2953 2952 2943
f 2597 2596 3017
f 2883 3360 2882
f 3155 3094 3095
f 2806 3326 2887
f 2865 3375 3157
f 2556 3229 3159
f 2852 2851 3161
f 2496 2669 3164
f 3167 3096 3040
f 3169 3186 3119
f 2529 2585 2530
f 2679 2577 2583
f 2697 2679 3174
f 2668 2697 3175
f 2870 2775 3181
f 3005 2756 2758
f 2636 2635 3183
f 2591 2656 2702
f 2515 2665 2504
f 2745 2507 2602
f 2569 2543 2744
f 2641 2542 2541
f 3186 2890 2889
f 3187 3919 3188
f 2587 3191 3190
f 2586 3192 3191
f 2857 3920 3192
f 2952 2906 2905
f 2602 2507 2509
f 3003 3017 3158
f 3195 3373 3196
f 2828 2827 2785
f 3092 3379 3203
f 3204 3087 3093
f 2786 2898 2737
f 2740 2804 2803
f 3207 3374 2871
f 2812 2784 3208
f 2734 2733 2798
f 3137 3316 2883
f 3222 3921 3223
f 3223 3921 3069
f 2733 2732 2521
f 3078 2719 2520
f 2813 2859 2858
f 3233 2870 2755
f 3236 3922 3237
f 3240 2881 2792
f 3019 3088 2957
f 3244 3359 3245
f 2531 3155 2550
f 3248 2607 2609
f 3170 3119 3118
f 3251 3164 3252
f 3254 3141 3142
f 2766 2969 2972
f 2894 3415 3257
f 2659 2658 3180
f 3258 2767 3073
f 2678 2526 2842
f 3260 2837 3130
f 3259 3073 2598
f 2508 2736 3084
f 2560 3923 3262
f 2754 2753 3264
f 2862 2630 2632
f 2988 3026 3135
f 2885 2705 2664
f 3148 2709 3034
f 2601 2561 2560
f 2880 2729 2877
f 3237 2947 2946
f 3279 3431 3280
f 2537 2767 3258
f 3920 2857 2856
f 2856 3193 3924
f 2856 3924 3925
f 3926 3920 2856
f 3282 3926 2856
f 2856 3925 3281
f 3277 3278 3276
f 3289 2753 2755
f 3292 3927 3290
f 3927 3928 3290
f 2951 3067 2906
f 2628 2627 3058
f 3311 3183 3241
f 3241 2635 2716
f 2588 3284 2761
f 3137 2606 2739
f 2691 2693 2600
f 3319 2538 2587
f 2993 2694 2693
f 3211 3308 3307
f 2693 2694 2599
f 2534 2691 2506
f 2581 2492 2483
f 2619 2618 2722
f 3323 2738 2737
f 2722 2547 2665
f 2720 2746 2604
f 2727 3289 3181
f 3324 2999 3007
f 2897 3347 3325
f 2805 3361 3326
f 3254 2909 3013
f 3327 3417 3328
f 2838 2884 2706
f 2848 3077 3076
f 2760 2847 2849
f 3135 3026 2907
f 2744 2543 3335
f 3208 2784 2783
f 2996 2960 3337
f 2696 2748 3338
f 2748 2749 3341
f 2809 2651 2650
f 2799 2774 3348
f 3350 3012 2564
f 2649 2695 2523
f 3311 3242 3184
f 2684 2557 2603
f 2694 2993 2567
f 2619 2500 2685
f 2664 2705 2704
f 3357 3370 3358
f 3359 3399 2818
f 3360 3342 3240
f 3363 3425 2487
f 2637 3403 3366
f 2567 2672 2671
f 2905 2903 3368
f 3317 3222 3224
f 3139 3201 2894
f 3372 2789 2844
f 2882 3240 2791
f 3099 3100 3187
f 3044 2823 3358
f 2496 2580 2582
f 2887 3333 2781
f 2924 2891 3193
f 3316 2803 3360
f 3272 3349 3348
f 2567 2566 3179
f 3007 3009 3071
f 3067 3068 2902
f 2700 2798 2733
f 2915 2940 3306
f 2869 3007 2774
f 3369 2811 2812
f 2681 3172 3314
f 2874 2545 2497
f 2829 3319 3323
f 2822 3329 3328
f 3294 3293 3051
f 3393 3418 3394
f 2923 2921 2888
f 3316 2739 2699
f 2600 2529 2562
f 3096 2922 2921
f 2997 3397 3010
f 2540 2782 2857
f 3337 3434 3397
f 3265 2925 2911
f 2640 2601 3263
f 2803 2802 3342
f 3028 3153 3152
f 3366 3929 2633
f 2921 2924 3401
f 2530 2682 3234
f 3084 3930 3403
f 3206 3149 3150
f 2558 2584 2585
f 3410 2707 2709
f 2743 2746 3078
f 2691 2510 2512
f 2670 2582 2579
f 3063 2864 2866
f 2580 2519 2518
f 2719 2720 2549
f 2588 2791 3286
f 2750 2547 2618
f 2505 2547 2750
f 2950 3060 3058
f 2771 2770 3417
f 2622 2621 2519
f 2489 3126 3125
f 2737 2736 2732
f 2662 2658 2660
f 2669 2668 3252
f 3384 3321 2880
f 2646 2845 2848
f 3424 3247 2487
f 3314 2716 2801
f 3342 3294 2881
f 2899 2646 3288
f 3430 3931 3431
f 2866 3157 3374
f 2524 2704 2843
f 3180 2658 2524
f 3580 3805 3796
f 3716 3884 3658
f 3727 3781 3583
f 3616 3615 3798
f 3734 3672 3799
f 3586 3854 3802
f 3805 3591 3593
f 3451 3541 3809
f 3762 3618 3640
f 3606 3777 3692
f 3632 3827 3610
f 3599 3454 3453
f 3597 3596 3812
f 3706 3651 3814
f 3771 3726 3582
f 3691 3665 3664
f 3531 3529 3818
f 3819 3462 3461
f 3685 3770 3721
f 3826 3890 3711
f 3763 3811 3786
f 3766 3633 3820
f 3526 3659 3779
f 3676 3675 3678
f 3831 3701 3700
f 3832 3656 3655
f 3841 3892 3518
f 3764 3748 3747
f 3735 3724 3674
f 3609 3820 3785
f 3582 3581 3742
f 3844 3903 3767
f 3742 3581 3782
f 3659 3703 3780
f 3484 3479 3847
f 3679 3621 3623
f 3646 3874 3849
f 3605 3663 3850
f 3674 3885 3812
f 3741 3694 3743
f 3601 3794 3793
f 3683 3610 3785
f 3612 3602 3793
f 3758 3757 3802
f 3843 3910 3485
f 3459 3841 3516
f 3463 3480 3808
f 3791 3790 3713
f 3489 3808 3584
f 3568 3569 3858
f 3835 3761 3760
f 3598 3762 3810
f 3758 3854 3867
f 3684 3730 3811
f 3589 3590 3870
f 3569 3871 3870
f 3452 3902 3854
f 3643 3645 3666
f 3873 3773 3528
f 3600 3599 3834
f 3831 3756 3849
f 3470 3474 3587
f 3457 3577 3875
f 3453 3787 3759
f 3612 3792 3795
f 3645 3615 3617
f 3649 3651 3706
f 3661 3775 3654
f 3786 3724 3748
f 3643 3711 3881
f 3653 3657 3803
f 3784 3856 3882
f 3787 3788 3704
f 3622 3641 3640
f 3590 3883 3878
f 3572 3484 3848
f 3595 3642 3641
f 3624 3873 3527
f 3885 3501 3534
f 3705 3789 3791
f 3844 3669 3668
f 3506 3508 3534
f 3611 3610 3827
f 3795 3665 3691
f 3629 3459 3446
f 3475 3447 3499
f 3704 3788 3789
f 3715 3880 3879
f 3756 3879 3884
f 3577 3579 3893
f 3822 3633 3882
f 3507 3533 3460
f 3441 3503 3845
f 3620 3636 3622
f 3526 3650 3649
f 3621 3678 3675
f 3630 3765 3828
f 3579 3580 3797
f 3676 3677 3731
f 3480 3481 3894
f 3719 3712 3711
f 3892 3900 3519
f 3896 3639 3721
f 3672 3628 3627
f 3897 3847 3898
f 3662 3658 3657
f 3541 3568 3859
f 3798 3888 3629
f 3900 3819 3818
f 3834 3599 3761
f 3548 3781 3727
f 3769 3768 3903
f 3479 3486 3898
f 3765 3764 3829
f 3842 3800 3799
f 3724 3723 3885
f 3805 3536 3535
f 3782 3896 3770
f 3910 3898 3486
f 3625 3814 3549
f 3638 3637 3722
f 3655 3758 3868
f 3754 3832 3833
f 3630 3684 3763
f 3675 3812 3596
f 3604 3664 3663
f 3833 3868 3601
f 3644 3881 3798
f 3772 3549 3548
f 3932 3933 3916
f 2981 3932 3916
