mtllib arm0_link_sh1_visuals_mesh_1.mtl
v 0.09098397940397263 0.03835998848080635 0.008225977420806885
v 0.08396296948194504 0.03889095038175583 0.005636990070343018
v 0.08337794989347458 0.03821396082639694 0.008074997924268246
v 0.2560650110244751 0.027051979675889015 -0.026451999321579933
v 0.2560789883136749 0.026275990530848503 -0.027043990790843964
v 0.24683800339698792 0.02692699059844017 -0.026607990264892578
v 0.26638999581336975 0.0 -0.03309296816587448
v 0.2511399984359741 0.006255983840674162 -0.03288697823882103
v 0.27095600962638855 0.006436944007873535 -0.03281693905591965
v 0.27573099732398987 0.01878100074827671 -0.03051297925412655
v 0.27545100450515747 0.01585197076201439 -0.03142993897199631
v 0.2675189971923828 0.015852980315685272 -0.03179800137877464
v 0.2955540120601654 -0.017707999795675278 0.030810950323939323
v 0.3009290099143982 -0.017684990540146828 0.029945960268378258
v 0.2958250045776367 -0.014121940359473228 0.03172694891691208
v 0.25501200556755066 -0.0364300012588501 -0.014355950057506561
v 0.1719760000705719 -0.036081958562135696 -0.014263980090618134
v 0.253803014755249 -0.032628949731588364 -0.020715950056910515
v 0.08336298912763596 0.03819197043776512 -0.008152960799634457
v 0.08288394659757614 0.03768396005034447 -0.007918000221252441
v 0.08352696150541306 0.038830991834402084 -0.004702984821051359
v 0.08352196216583252 -0.038627978414297104 -0.0062499637715518475
v 0.08359599113464355 -0.03920995816588402 -0.0019869799725711346
v 0.08312296122312546 -0.03848499059677124 -0.0060099950060248375
v 0.10451699793338776 0.01574397087097168 -0.03163694962859154
v 0.10451789945363998 0.02142995037138462 -0.029558949172496796
v 0.11909099668264389 0.0214499793946743 -0.029851969331502914
v 0.2929379940032959 -0.03863095864653587 0.0075559611432254314
v 0.2902959883213043 -0.03878295049071312 0.006987988017499447
v 0.2903450131416321 -0.0388069711625576 0.006866991054266691
v 0.10619200021028519 0.032284971326589584 0.02090298943221569
v 0.106175996363163 0.029828960075974464 0.02365899085998535
v 0.11298199743032455 0.029850950464606285 0.023804960772395134
v 0.293830007314682 0.036150988191366196 -0.012523939833045006
v 0.29191601276397705 0.03433798998594284 -0.015905970707535744
v 0.2935290038585663 0.03657298907637596 -0.012546000070869923
v 0.079708993434906 0.029472939670085907 0.020805949345231056
v 0.07923901081085205 0.029296990483999252 0.020362969487905502
v 0.07826495170593262 0.02631497010588646 0.02235995978116989
v 0.3049730062484741 0.037911951541900635 0.00686597777530551
v 0.30430901050567627 0.03818397969007492 0.005718945991247892
v 0.30469998717308044 0.03840696066617966 0.007160961162298918
v 0.11301799863576889 -0.01402198988944292 0.032193951308727264
v 0.11301200091838837 -0.01757895015180111 0.03128498047590256
v 0.1410139948129654 -0.017591949552297592 0.03131996840238571
v 0.08176100254058838 0.03457795828580856 -0.015571950003504753
v 0.08050096035003662 0.03183995932340622 -0.01865196041762829
v 0.08123099058866501 0.034307949244976044 -0.015227969735860825
v 0.07691395282745361 0.020842960104346275 0.02503298968076706
v 0.07744497060775757 0.02099597081542015 0.025346990674734116
v 0.07801198214292526 0.024426989257335663 0.023864980787038803
v 0.2898769974708557 -0.014112940058112144 0.032148949801921844
v 0.2955540120601654 -0.017707999795675278 0.030810950323939323
v 0.2958250045776367 -0.014121940359473228 0.03172694891691208
v 0.2521049976348877 -0.0066349501721560955 -0.03287297114729881
v 0.2719930112361908 -0.006811975967139006 -0.032749950885772705
v 0.25203800201416016 -0.013836969621479511 -0.032287951558828354
v 0.1333879977464676 0.015736989676952362 -0.031946949660778046
v 0.1190359964966774 0.015734970569610596 -0.03189396113157272
v 0.13350899517536163 0.021463990211486816 -0.02992497943341732
v 0.29191601276397705 0.03433798998594284 -0.015905970707535744
v 0.29152899980545044 0.034765951335430145 -0.015953000634908676
v 0.2935290038585663 0.03657298907637596 -0.012546000070869923
v 0.25350698828697205 0.030125970020890236 0.02376597933471203
v 0.2807539999485016 0.03008997067809105 0.02361195906996727
v 0.2527720034122467 0.03254996985197067 0.020982980728149414
v 0.09929894655942917 -0.017574960365891457 0.030509939417243004
v 0.10607700049877167 -0.0140299703925848 0.032125938683748245
v 0.09928995370864868 -0.014040940441191196 0.03138595074415207
v 0.0783659815788269 0.02439999021589756 0.024003980681300163
v 0.07874000072479248 0.02645294927060604 0.022842999547719955
v 0.07801198214292526 0.024426989257335663 0.023864980787038803
v 0.2710770070552826 0.0 -0.03300993889570236
v 0.26638999581336975 0.0 -0.03309296816587448
v 0.27095600962638855 0.006436944007873535 -0.03281693905591965
v 0.1060980036854744 0.013850980438292027 0.032148949801921844
v 0.09933798760175705 0.01739495061337948 0.030560970306396484
v 0.09931600093841553 0.01386397983878851 0.031414978206157684
v 0.10609400272369385 -0.027224000543355942 0.026017960160970688
v 0.11298099905252457 -0.02724497951567173 0.026065999642014503
v 0.11299300193786621 -0.02423899993300438 0.028193950653076172
v 0.2806110084056854 -0.03022599034011364 0.023355960845947266
v 0.2813740074634552 -0.02750295028090477 0.025864949449896812
v 0.25380000472068787 -0.027538949623703957 0.02588099054992199
v 0.27095600962638855 0.006436944007873535 -0.03281693905591965
v 0.2511399984359741 0.006255983840674162 -0.03288697823882103
v 0.260809987783432 0.01021896954625845 -0.03268200159072876
v 0.25501200556755066 -0.0364300012588501 -0.014355950057506561
v 0.25646400451660156 -0.03873198851943016 -0.0073409671895205975
v 0.17111000418663025 -0.038626961410045624 -0.00727999210357666
v 0.09927897900342941 -0.00690799904987216 0.032014958560466766
v 0.10607299953699112 -0.006881951820105314 0.03278898820281029
v 0.10607200115919113 -7.79999973019585e-05 0.03294295072555542
v 0.29608601331710815 -7.899999764049426e-05 0.032539959996938705
v 0.2900870144367218 -0.0068579912185668945 0.032831959426403046
v 0.2960349917411804 -0.0069019789807498455 0.032389990985393524
v 0.2891260087490082 0.03167396038770676 -0.02017395943403244
v 0.2878659963607788 0.02875595912337303 -0.022855989634990692
v 0.2886810004711151 0.031120000407099724 -0.020770959556102753
v 0.28396499156951904 0.015839990228414536 -0.029852980747818947
v 0.27545100450515747 0.01585197076201439 -0.03142993897199631
v 0.28412801027297974 0.016901960596442223 -0.02959596924483776
v 0.2834709882736206 0.006681977771222591 0.03286796063184738
v 0.25556498765945435 0.013897949829697609 0.03233097866177559
v 0.2555919885635376 0.006647943984717131 0.03288799151778221
v 0.10451699793338776 0.03108799085021019 -0.022245999425649643
v 0.10318700224161148 0.029334960505366325 -0.023970959708094597
v 0.10229700058698654 0.03018397092819214 -0.023066990077495575
v 0.3106119930744171 0.03300594910979271 0.016472989693284035
v 0.3087620139122009 0.035167988389730453 0.013336949981749058
v 0.31038200855255127 0.03354698047041893 0.016636960208415985
v 0.30096501111984253 -0.030816970393061638 0.021569959819316864
v 0.29333800077438354 -0.03010999970138073 0.023155979812145233
v 0.29255300760269165 -0.03252093866467476 0.02042596973478794
v 0.2675189971923828 0.015852980315685272 -0.03179800137877464
v 0.2599700093269348 0.01585197076201439 -0.0318719707429409
v 0.26061999797821045 0.02065097913146019 -0.030211979523301125
v 0.09944599121809006 0.029802970588207245 0.02317994087934494
v 0.106175996363163 0.029828960075974464 0.02365899085998535
v 0.0994749590754509 0.032258979976177216 0.02049195021390915
v 0.07744497060775757 0.02099597081542015 0.025346990674734116
v 0.0783659815788269 0.02439999021589756 0.024003980681300163
v 0.07801198214292526 0.024426989257335663 0.023864980787038803
v 0.29895299673080444 -0.03920799121260643 -0.003320991061627865
v 0.30169999599456787 -0.03926097974181175 0.0013329980429261923
v 0.30046600103378296 -0.03941398113965988 6.000000212225132e-06
v 0.254146009683609 0.02737599052488804 0.02624898962676525
v 0.25467899441719055 0.024333950132131577 0.028384979814291
v 0.28214800357818604 0.02430897019803524 0.02824597992002964
v 0.2727409899234772 0.0 -0.03297495096921921
v 0.28345900774002075 -0.006824969779700041 0.032849960029125214
v 0.2901340126991272 -7.79999973019585e-05 0.03298496827483177
v 0.2834959924221039 -7.79999973019585e-05 0.03299599140882492
v 0.28134000301361084 -0.020946970209479332 -0.0285719595849514
v 0.27147600054740906 -0.021029939875006676 -0.029802970588207245
v 0.2716040015220642 -0.013879000209271908 -0.032100971788167953
v 0.08230196684598923 -0.035746991634368896 -0.012887000106275082
v 0.08264695852994919 -0.03735195845365524 -0.008863984607160091
v 0.08170896023511887 -0.035336971282958984 -0.012593979947268963
v 0.10451699793338776 0.01574397087097168 -0.03163694962859154
v 0.11141800135374069 0.01049994956701994 -0.0326569601893425
v 0.10474199801683426 0.01049994956701994 -0.032487981021404266
v 0.28130099177360535 0.03741598129272461 -0.011599949561059475
v 0.2945539951324463 0.03760999068617821 -0.010284960269927979
v 0.29398399591445923 0.037337951362133026 -0.011014989577233791
v 0.2878659963607788 0.02875595912337303 -0.022855989634990692
v 0.28657299280166626 0.026681950315833092 -0.024741940200328827
v 0.2854360044002533 0.02672100067138672 -0.02497296966612339
v 0.2901340126991272 -7.79999973019585e-05 0.03298496827483177
v 0.3005880117416382 -0.021097000688314438 0.028685979545116425
v 0.3009290099143982 -0.017684990540146828 0.029945960268378258
v 0.2955540120601654 -0.017707999795675278 0.030810950323939323
v 0.2891260087490082 0.03167396038770676 -0.02017395943403244
v 0.2886810004711151 0.031120000407099724 -0.020770959556102753
v 0.2782900035381317 0.03125493973493576 -0.021913999691605568
v 0.09938894957304001 0.024035990238189697 0.027611970901489258
v 0.10612600296735764 0.020812980830669403 0.029942980036139488
v 0.10614199936389923 0.024053990840911865 0.028216000646352768
v 0.30096501111984253 -0.030816970393061638 0.021569959819316864
v 0.3012079894542694 -0.029960980638861656 0.022386960685253143
v 0.29333800077438354 -0.03010999970138073 0.023155979812145233
v 0.29319998621940613 0.03674900159239769 -0.012439959682524204
v 0.28130099177360535 0.03741598129272461 -0.011599949561059475
v 0.29398399591445923 0.037337951362133026 -0.011014989577233791
v 0.2891260087490082 0.03167396038770676 -0.02017395943403244
v 0.2896449863910675 0.032536979764699936 -0.019163960590958595
v 0.2893899977207184 0.03149997815489769 -0.020169969648122787
v 0.31159698963165283 0.030847959220409393 0.02010696940124035
v 0.31300199031829834 0.027960000559687614 0.022500989958643913
v 0.31207001209259033 0.03078394941985607 0.019865980371832848
v 0.08268194645643234 -0.03674900159239769 0.011112979613244534
v 0.0824429914355278 -0.03581397980451584 0.012680940330028534
v 0.08151798695325851 -0.03437494859099388 0.014587990008294582
v 0.2820340096950531 -0.02448897995054722 0.028042970225214958
v 0.2879739999771118 -0.027455979958176613 0.025863999500870705
v 0.28863000869750977 -0.0244479700922966 0.028029970824718475
v 0.08050096035003662 0.03183995932340622 -0.01865196041762829
v 0.08026795834302902 0.0319739505648613 -0.017784949392080307
v 0.08123099058866501 0.034307949244976044 -0.015227969735860825
v 0.14113189280033112 -0.006833970081061125 0.03286600112915039
v 0.11303000152111053 -7.79999973019585e-05 0.03299998864531517
v 0.11302699893712997 -0.006861983798444271 0.03285098075866699
v 0.2971299886703491 0.03813999146223068 -0.00672799302265048
v 0.2949950098991394 0.03715996816754341 -0.010369949974119663
v 0.29671400785446167 0.038654979318380356 -0.006605981849133968
v 0.09936194866895676 0.020802969112992287 0.029286980628967285
v 0.10612600296735764 0.020812980830669403 0.029942980036139488
v 0.09938894957304001 0.024035990238189697 0.027611970901489258
v 0.30430901050567627 0.03818397969007492 0.005718945991247892
v 0.3019759953022003 0.03907996043562889 0.0022999639622867107
v 0.3038020133972168 0.038728948682546616 0.005797982215881348
v 0.3038020133972168 0.038728948682546616 0.005797982215881348
v 0.30382201075553894 0.038783960044384 0.006137967109680176
v 0.30469998717308044 0.03840696066617966 0.007160961162298918
v 0.29001298546791077 0.0322609506547451 -0.01914799027144909
v 0.2895340025424957 0.03133897855877876 -0.02010994963347912
v 0.2893899977207184 0.03149997815489769 -0.020169969648122787
v 0.2895919978618622 -0.017726950347423553 0.031207969412207603
v 0.2898769974708557 -0.014112940058112144 0.032148949801921844
v 0.28327399492263794 -0.014105970039963722 0.03217899054288864
v 0.27573099732398987 0.01878100074827671 -0.03051297925412655
v 0.2842330038547516 0.018751969560980797 -0.029063990339636803
v 0.2841219902038574 0.017625980079174042 -0.029421979561448097
v 0.11275699734687805 -0.03181593865156174 -0.019909970462322235
v 0.11263100057840347 -0.03592699021100998 -0.013758949935436249
v 0.10302399843931198 -0.03179299086332321 -0.01968996971845627
v 0.28863000869750977 -0.0244479700922966 0.028029970824718475
v 0.29465198516845703 -0.024389980360865593 0.027715979143977165
v 0.2891730070114136 -0.02118998020887375 0.029823949560523033
v 0.3043000102043152 0.038513001054525375 0.007422983180731535
v 0.30382201075553894 0.038783960044384 0.006137967109680176
v 0.3007650077342987 0.03894298896193504 0.00567698385566473
v 0.2945539951324463 0.03760999068617821 -0.010284960269927979
v 0.2949950098991394 0.03715996816754341 -0.010369949974119663
v 0.2935290038585663 0.03657298907637596 -0.012546000070869923
v 0.10057300329208374 -0.0386429987847805 0.007450996898114681
v 0.10103700309991837 -0.03877793997526169 0.006866991054266691
v 0.11288999766111374 -0.03865997865796089 0.007567942142486572
v 0.10607200115919113 -7.79999973019585e-05 0.03294295072555542
v 0.11302799731492996 0.006714999210089445 0.03286397084593773
v 0.10607899725437164 0.006733953021466732 0.03279298171401024
v 0.30909499526023865 0.03451298922300339 0.015794990584254265
v 0.3080900013446808 0.03570698946714401 0.014051970094442368
v 0.30299198627471924 0.034632980823516846 0.01619195006787777
v 0.0804019495844841 0.03085898980498314 0.01964597962796688
v 0.08053796738386154 0.03210299834609032 0.01832997053861618
v 0.079708993434906 0.029472939670085907 0.020805949345231056
v 0.11295299977064133 0.036201950162649155 0.01476799976080656
v 0.14031299948692322 0.032344989478588104 0.02122396044433117
v 0.14003999531269073 0.0362280011177063 0.014928990043699741
v 0.29249700903892517 0.03241097182035446 0.020407969132065773
v 0.29164400696754456 0.03450994938611984 0.01742595061659813
v 0.27990901470184326 0.032515998929739 0.02082997001707554
v 0.2896449863910675 0.032536979764699936 -0.019163960590958595
v 0.29001298546791077 0.0322609506547451 -0.01914799027144909
v 0.2893899977207184 0.03149997815489769 -0.020169969648122787
v 0.08147495239973068 -0.033941980451345444 -0.015421980060636997
v 0.08083795756101608 -0.031696971505880356 -0.017865950241684914
v 0.0835379883646965 -0.031759969890117645 -0.018047979101538658
v 0.2891699969768524 0.020999960601329803 0.02990299090743065
v 0.29461199045181274 0.0242189709097147 0.027715979143977165
v 0.2886259853839874 0.024270949885249138 0.028128979727625847
v 0.11296900361776352 -0.029982980340719223 0.023597950115799904
v 0.14053000509738922 -0.03245598077774048 0.020821979269385338
v 0.14065100252628326 -0.030025949701666832 0.023602960631251335
v 0.11909099668264389 0.0214499793946743 -0.029851969331502914
v 0.11915600299835205 0.02664899080991745 -0.026690000668168068
v 0.1336580067873001 0.026668960228562355 -0.02677595056593418
v 0.10607700049877167 -0.0140299703925848 0.032125938683748245
v 0.10607299953699112 -0.006881951820105314 0.03278898820281029
v 0.09928995370864868 -0.014040940441191196 0.03138595074415207
v 0.08053796738386154 0.03210299834609032 0.01832997053861618
v 0.08016300201416016 0.03173995018005371 0.017825959250330925
v 0.07923901081085205 0.029296990483999252 0.020362969487905502
v 0.10451699793338776 0.01574397087097168 -0.03163694962859154
v 0.09718494862318039 0.015751950442790985 -0.030629990622401237
v 0.0996209904551506 0.01853197067975998 -0.030207989737391472
v 0.11936300247907639 0.03737794980406761 -0.012066960334777832
v 0.13430799543857574 0.03897500038146973 -0.006159961223602295
v 0.13415999710559845 0.037386950105428696 -0.01213895995169878
v 0.10613299906253815 0.0 -0.033038970082998276
v 0.11212799698114395 -0.006972968112677336 -0.032618988305330276
v 0.10215199738740921 -0.0070409770123660564 -0.03221594914793968
v 0.09718494862318039 0.015751950442790985 -0.030629990622401237
v 0.10451699793338776 0.01574397087097168 -0.03163694962859154
v 0.09920697659254074 0.01049994956701994 -0.031802948564291
v 0.1410679966211319 -0.014015969820320606 0.03222696855664253
v 0.11301799863576889 -0.01402198988944292 0.032193951308727264
v 0.1410139948129654 -0.017591949552297592 0.03131996840238571
v 0.11936300247907639 0.03737794980406761 -0.012066960334777832
v 0.10450699925422668 0.03896600008010864 -0.005981980822980404
v 0.13430799543857574 0.03897500038146973 -0.006159961223602295
v 0.10451699793338776 0.03108799085021019 -0.022245999425649643
v 0.10229700058698654 0.03018397092819214 -0.023066990077495575
v 0.10134299844503403 0.03054100088775158 -0.022605950012803078
v 0.310137003660202 0.03366595134139061 0.01687598042190075
v 0.3105100095272064 0.03326499089598656 0.017184970900416374
v 0.31038200855255127 0.03354698047041893 0.016636960208415985
v 0.31360098719596863 0.026394959539175034 0.0235129501670599
v 0.3140439987182617 0.025234989821910858 0.024262959137558937
v 0.31439799070358276 0.025270989164710045 0.02410995028913021
v 0.08336298912763596 0.03819197043776512 -0.008152960799634457
v 0.08961998671293259 0.03732496127486229 -0.01115994993597269
v 0.0831339880824089 0.03727297857403755 -0.010820980183780193
v 0.2879739999771118 -0.027455979958176613 0.025863999500870705
v 0.2940410077571869 -0.027388980612158775 0.025599950924515724
v 0.28863000869750977 -0.0244479700922966 0.028029970824718475
v 0.2719930112361908 -0.006811975967139006 -0.032749950885772705
v 0.2814890146255493 -0.01390296034514904 -0.03065996989607811
v 0.2716040015220642 -0.013879000209271908 -0.032100971788167953
v 0.3085150122642517 0.03564196079969406 0.01376396045088768
v 0.310137003660202 0.03366595134139061 0.01687598042190075
v 0.31038200855255127 0.03354698047041893 0.016636960208415985
v 0.3019759953022003 0.03907996043562889 0.0022999639622867107
v 0.30382201075553894 0.038783960044384 0.006137967109680176
v 0.3038020133972168 0.038728948682546616 0.005797982215881348
v 0.09944599121809006 0.029802970588207245 0.02317994087934494
v 0.09941697120666504 0.027048999443650246 0.02556598000228405
v 0.10615900158882141 0.027072960510849953 0.02610998973250389
v 0.2895919978618622 -0.017726950347423553 0.031207969412207603
v 0.2951599955558777 -0.021147960796952248 0.0294649600982666
v 0.2955540120601654 -0.017707999795675278 0.030810950323939323
v 0.2999570071697235 -0.03261797875165939 0.01952999085187912
v 0.30096501111984253 -0.030816970393061638 0.021569959819316864
v 0.29255300760269165 -0.03252093866467476 0.02042596973478794
v 0.3134720027446747 0.02795100025832653 0.022204989567399025
v 0.31358200311660767 0.02780997008085251 0.02144497074186802
v 0.3123210072517395 0.030524959787726402 0.01943998970091343
v 0.28471800684928894 0.02154296077787876 -0.027915000915527344
v 0.28595200181007385 0.02393496036529541 -0.02639698050916195
v 0.2849310040473938 0.02076900005340576 -0.028160979971289635
v 0.10611899942159653 -0.03625797852873802 0.014530000276863575
v 0.09938997030258179 -0.03447895869612694 0.017401989549398422
v 0.09940999001264572 -0.03624194115400314 0.014226970262825489
v 0.0804249569773674 0.030937960371375084 -0.019599970430135727
v 0.07947599142789841 0.02875095047056675 -0.02135496959090233
v 0.08050096035003662 0.03183995932340622 -0.01865196041762829
v 0.28471800684928894 0.02154296077787876 -0.027915000915527344
v 0.27573099732398987 0.01878100074827671 -0.03051297925412655
v 0.27609699964523315 0.021601969376206398 -0.029301999136805534
v 0.08147495239973068 -0.033941980451345444 -0.015421980060636997
v 0.08230196684598923 -0.035746991634368896 -0.012887000106275082
v 0.08109796047210693 -0.033813949674367905 -0.015197990462183952
v 0.14113189280033112 -0.006833970081061125 0.03286600112915039
v 0.11302699893712997 -0.006861983798444271 0.03285098075866699
v 0.1410679966211319 -0.014015969820320606 0.03222696855664253
v 0.29231101274490356 -0.03544598072767258 -0.014705950394272804
v 0.2927910089492798 -0.036168988794088364 -0.013372000306844711
v 0.2920840084552765 -0.035237960517406464 -0.015119959600269794
v 0.08208899945020676 0.03090994991362095 0.019821999594569206
v 0.08053796738386154 0.03210299834609032 0.01832997053861618
v 0.0804019495844841 0.03085898980498314 0.01964597962796688
v 0.30800700187683105 -0.03606896847486496 0.013306969776749611
v 0.3070859909057617 -0.0370369516313076 0.011292990297079086
v 0.3083229959011078 -0.03605895861983299 0.013147950172424316
v 0.08232200145721436 0.0358879491686821 0.01354795042425394
v 0.08265697211027145 0.03713595122098923 0.01025795005261898
v 0.08183597773313522 0.03561794012784958 0.013253980316221714
v 0.10451500117778778 0.0347059890627861 -0.017334990203380585
v 0.10451699793338776 0.03108799085021019 -0.022245999425649643
v 0.09708999842405319 0.03467994183301926 -0.016899999231100082
v 0.08407597988843918 0.03910398110747337 0.0047369590029120445
v 0.08417098969221115 0.03927898034453392 0.0035479660145938396
v 0.08356600254774094 0.03887199983000755 0.00464999582618475
v 0.30909499526023865 0.03451298922300339 0.015794990584254265
v 0.3098210096359253 0.03365099057555199 0.01705198921263218
v 0.310137003660202 0.03366595134139061 0.01687598042190075
v 0.29164400696754456 0.03450994938611984 0.01742595061659813
v 0.2779879868030548 0.036322951316833496 0.014561950229108334
v 0.27990901470184326 0.032515998929739 0.02082997001707554
v 0.28987398743629456 0.013925960287451744 0.032179951667785645
v 0.29552701115608215 0.01751995086669922 0.030806949362158775
v 0.289588987827301 0.01753300055861473 0.03126299008727074
v 0.3098210096359253 0.03365099057555199 0.01705198921263218
v 0.1190359964966774 0.015734970569610596 -0.03189396113157272
v 0.11909099668264389 0.0214499793946743 -0.029851969331502914
v 0.13350899517536163 0.021463990211486816 -0.02992497943341732
v 0.294512003660202 -0.03949999064207077 0.0
v 0.29895299673080444 -0.03920799121260643 -0.003320991061627865
v 0.30046600103378296 -0.03941398113965988 6.000000212225132e-06
v 0.2675189971923828 0.015852980315685272 -0.03179800137877464
v 0.27525898814201355 0.012848969548940659 -0.03203998878598213
v 0.2732200026512146 0.01049994956701994 -0.03248196095228195
v 0.11298099905252457 -0.02724497951567173 0.026065999642014503
v 0.10609400272369385 -0.027224000543355942 0.026017960160970688
v 0.11296900361776352 -0.029982980340719223 0.023597950115799904
v 0.2895919978618622 -0.017726950347423553 0.031207969412207603
v 0.2955540120601654 -0.017707999795675278 0.030810950323939323
v 0.2898769974708557 -0.014112940058112144 0.032148949801921844
v 0.08031100034713745 -0.030737990513443947 -0.018815990537405014
v 0.08083795756101608 -0.031696971505880356 -0.017865950241684914
v 0.08147495239973068 -0.033941980451345444 -0.015421980060636997
v 0.2842330038547516 0.018751969560980797 -0.029063990339636803
v 0.28471800684928894 0.02154296077787876 -0.027915000915527344
v 0.2849310040473938 0.02076900005340576 -0.028160979971289635
v 0.2820340096950531 -0.02448897995054722 0.028042970225214958
v 0.25485700368881226 -0.02123796008527279 0.029875990003347397
v 0.25438201427459717 -0.02451895922422409 0.02806699089705944
v 0.07635294646024704 0.013896999880671501 0.02692198008298874
v 0.07676196098327637 0.015680959448218346 0.02670096978545189
v 0.07655096054077148 0.017109990119934082 0.02628397010266781
v 0.2896139919757843 -0.03860795125365257 0.007748960983008146
v 0.2902959883213043 -0.03878295049071312 0.006987988017499447
v 0.2929379940032959 -0.03863095864653587 0.0075559611432254314
v 0.09267996996641159 -0.0361749492585659 0.013533939607441425
v 0.09940999001264572 -0.03624194115400314 0.014226970262825489
v 0.09226500242948532 -0.03557198867201805 0.014625960029661655
v 0.2825790047645569 -0.02121995948255062 0.0298459492623806
v 0.28863000869750977 -0.0244479700922966 0.028029970824718475
v 0.2891730070114136 -0.02118998020887375 0.029823949560523033
v 0.30678999423980713 0.03700195997953415 0.010381990112364292
v 0.3049730062484741 0.037911951541900635 0.00686597777530551
v 0.30469998717308044 0.03840696066617966 0.007160961162298918
v 0.10451699793338776 0.03108799085021019 -0.022245999425649643
v 0.09711599349975586 0.031057000160217285 -0.021646970883011818
v 0.09708999842405319 0.03467994183301926 -0.016899999231100082
v 0.2951259911060333 0.020964980125427246 0.0294649600982666
v 0.2891699969768524 0.020999960601329803 0.02990299090743065
v 0.289588987827301 0.01753300055861473 0.03126299008727074
v 0.29465198516845703 -0.024389980360865593 0.027715979143977165
v 0.2951599955558777 -0.021147960796952248 0.0294649600982666
v 0.2891730070114136 -0.02118998020887375 0.029823949560523033
v 0.30382201075553894 0.038783960044384 0.006137967109680176
v 0.3043000102043152 0.038513001054525375 0.007422983180731535
v 0.30469998717308044 0.03840696066617966 0.007160961162298918
v 0.11915600299835205 0.02664899080991745 -0.026690000668168068
v 0.13382300734519958 0.03115396946668625 -0.022640999406576157
v 0.1336580067873001 0.026668960228562355 -0.02677595056593418
v 0.2842330038547516 0.018751969560980797 -0.029063990339636803
v 0.27573099732398987 0.01878100074827671 -0.03051297925412655
v 0.28471800684928894 0.02154296077787876 -0.027915000915527344
v 0.2878659963607788 0.02875595912337303 -0.022855989634990692
v 0.2891260087490082 0.03167396038770676 -0.02017395943403244
v 0.2893899977207184 0.03149997815489769 -0.020169969648122787
v 0.28388699889183044 0.038795940577983856 0.006866991054266691
v 0.28343498706817627 0.03906095027923584 0.005410968791693449
v 0.2758449912071228 0.03866297006607056 0.00764495087787509
v 0.2940410077571869 -0.027388980612158775 0.025599950924515724
v 0.29465198516845703 -0.024389980360865593 0.027715979143977165
v 0.28863000869750977 -0.0244479700922966 0.028029970824718475
v 0.2960669994354248 -0.038399990648031235 -0.00787895917892456
v 0.2947629988193512 -0.037169989198446274 -0.01093900017440319
v 0.2963080108165741 -0.038313981145620346 -0.007992981933057308
v 0.2896449863910675 0.032536979764699936 -0.019163960590958595
v 0.29152899980545044 0.034765951335430145 -0.015953000634908676
v 0.29001298546791077 0.0322609506547451 -0.01914799027144909
v 0.28595200181007385 0.02393496036529541 -0.02639698050916195
v 0.28471800684928894 0.02154296077787876 -0.027915000915527344
v 0.2854360044002533 0.02672100067138672 -0.02497296966612339
v 0.2854360044002533 0.02672100067138672 -0.02497296966612339
v 0.28657299280166626 0.026681950315833092 -0.024741940200328827
v 0.2865149974822998 0.025785980746150017 -0.025276949629187584
v 0.28595200181007385 0.02393496036529541 -0.02639698050916195
v 0.2854360044002533 0.02672100067138672 -0.02497296966612339
v 0.2865149974822998 0.025785980746150017 -0.025276949629187584
v 0.3019140064716339 0.037304989993572235 0.011122999712824821
v 0.3062469959259033 0.03732895106077194 0.010838979855179787
v 0.3043000102043152 0.038513001054525375 0.007422983180731535
v 0.10451699793338776 0.01574397087097168 -0.03163694962859154
v 0.10474199801683426 0.01049994956701994 -0.032487981021404266
v 0.09920697659254074 0.01049994956701994 -0.031802948564291
v 0.2599700093269348 0.01585197076201439 -0.0318719707429409
v 0.2675189971923828 0.015852980315685272 -0.03179800137877464
v 0.2671250104904175 0.01049994956701994 -0.032652970403432846
v 0.27525898814201355 0.012848969548940659 -0.03203998878598213
v 0.27545100450515747 0.01585197076201439 -0.03142993897199631
v 0.28396499156951904 0.015839990228414536 -0.029852980747818947
v 0.27545100450515747 0.01585197076201439 -0.03142993897199631
v 0.27525898814201355 0.012848969548940659 -0.03203998878598213
v 0.2675189971923828 0.015852980315685272 -0.03179800137877464
v 0.1031619980931282 0.02295093983411789 -0.02866196073591709
v 0.10451789945363998 0.02142995037138462 -0.029558949172496796
v 0.10256990045309067 0.021773990243673325 -0.02920496091246605
v 0.10451699793338776 0.01574397087097168 -0.03163694962859154
v 0.0996209904551506 0.01853197067975998 -0.030207989737391472
v 0.10058300197124481 0.019023949280381203 -0.030161969363689423
v 0.2561750113964081 0.028614990413188934 -0.025161979719996452
v 0.2560650110244751 0.027051979675889015 -0.026451999321579933
v 0.24683800339698792 0.02692699059844017 -0.026607990264892578
v 0.27573099732398987 0.01878100074827671 -0.03051297925412655
v 0.2681500017642975 0.021640950813889503 -0.029660990461707115
v 0.27609699964523315 0.021601969376206398 -0.029301999136805534
v 0.2681500017642975 0.021640950813889503 -0.029660990461707115
v 0.27573099732398987 0.01878100074827671 -0.03051297925412655
v 0.2675189971923828 0.015852980315685272 -0.03179800137877464
v 0.08961998671293259 0.03732496127486229 -0.01115994993597269
v 0.08336298912763596 0.03819197043776512 -0.008152960799634457
v 0.10451199859380722 0.03735797852277756 -0.011845939792692661
v 0.1190359964966774 0.015734970569610596 -0.03189396113157272
v 0.10451699793338776 0.01574397087097168 -0.03163694962859154
v 0.11909099668264389 0.0214499793946743 -0.029851969331502914
v 0.10451199859380722 0.03735797852277756 -0.011845939792692661
v 0.10450699925422668 0.03896600008010864 -0.005981980822980404
v 0.11936300247907639 0.03737794980406761 -0.012066960334777832
v 0.11922699958086014 0.031131979078054428 -0.022551000118255615
v 0.13350899517536163 0.021463990211486816 -0.02992497943341732
v 0.10608900338411331 -0.02422099933028221 0.028136959299445152
v 0.27990901470184326 0.032515998929739 0.02082997001707554
v 0.3140439987182617 0.025234989821910858 0.024262959137558937
v 0.3150480091571808 0.02186495065689087 0.02593695931136608
v 0.31439799070358276 0.025270989164710045 0.02410995028913021
v 0.10608100146055222 -0.01757699064910412 0.031217990443110466
v 0.10607700049877167 -0.0140299703925848 0.032125938683748245
v 0.09929894655942917 -0.017574960365891457 0.030509939417243004
v 0.3087620139122009 0.035167988389730453 0.013336949981749058
v 0.30678999423980713 0.03700195997953415 0.010381990112364292
v 0.3085150122642517 0.03564196079969406 0.01376396045088768
v 0.11301200091838837 -0.01757895015180111 0.03128498047590256
v 0.1409440040588379 -0.021028989925980568 0.029974989593029022
v 0.1410139948129654 -0.017591949552297592 0.03131996840238571
v 0.2900870144367218 -0.0068579912185668945 0.032831959426403046
v 0.28345900774002075 -0.006824969779700041 0.032849960029125214
v 0.28327399492263794 -0.014105970039963722 0.03217899054288864
v 0.08265697211027145 0.03713595122098923 0.01025795005261898
v 0.08316498249769211 0.037335991859436035 0.01072597038000822
v 0.08337794989347458 0.03821396082639694 0.008074997924268246
v 0.07895194739103317 0.0264699999243021 -0.022842999547719955
v 0.0784439966082573 0.02558100037276745 -0.0233149491250515
v 0.07947599142789841 0.02875095047056675 -0.02135496959090233
v 0.08258496969938278 0.036857958883047104 -0.011290960013866425
v 0.08336298912763596 0.03819197043776512 -0.008152960799634457
v 0.0831339880824089 0.03727297857403755 -0.010820980183780193
v 0.08133900165557861 0.03389095887541771 0.01634299010038376
v 0.08186399191617966 0.034518949687480927 0.015619990415871143
v 0.08232200145721436 0.0358879491686821 0.01354795042425394
v 0.08316498249769211 0.037335991859436035 0.01072597038000822
v 0.08265697211027145 0.03713595122098923 0.01025795005261898
v 0.08232200145721436 0.0358879491686821 0.01354795042425394
v 0.07892899960279465 0.02849894016981125 -0.020747000351548195
v 0.07905297726392746 0.028669949620962143 -0.021043000742793083
v 0.07806795090436935 0.025521989911794662 -0.023003989830613136
v 0.07994800060987473 0.031170960515737534 -0.018339989706873894
v 0.07905297726392746 0.028669949620962143 -0.021043000742793083
v 0.07892899960279465 0.02849894016981125 -0.020747000351548195
v 0.08201199024915695 0.036037981510162354 -0.012218950316309929
v 0.08244197815656662 0.03637896850705147 -0.012509999796748161
v 0.08123099058866501 0.034307949244976044 -0.015227969735860825
v 0.08258496969938278 0.036857958883047104 -0.011290960013866425
v 0.08244197815656662 0.03637896850705147 -0.012509999796748161
v 0.08201199024915695 0.036037981510162354 -0.012218950316309929
v 0.08258496969938278 0.036857958883047104 -0.011290960013866425
v 0.08288394659757614 0.03768396005034447 -0.007918000221252441
v 0.08336298912763596 0.03819197043776512 -0.008152960799634457
v 0.080889992415905 0.033582981675863266 0.0159449502825737
v 0.08133900165557861 0.03389095887541771 0.01634299010038376
v 0.08183597773313522 0.03561794012784958 0.013253980316221714
v 0.07824897021055222 0.024532970041036606 -0.023882979527115822
v 0.07742296904325485 0.021067969501018524 -0.025304969400167465
v 0.07778196781873703 0.024487970396876335 -0.02353297919034958
v 0.07905297726392746 0.028669949620962143 -0.021043000742793083
v 0.0784439966082573 0.02558100037276745 -0.0233149491250515
v 0.07806795090436935 0.025521989911794662 -0.023003989830613136
v 0.07947599142789841 0.02875095047056675 -0.02135496959090233
v 0.0784439966082573 0.02558100037276745 -0.0233149491250515
v 0.07905297726392746 0.028669949620962143 -0.021043000742793083
v 0.08050096035003662 0.03183995932340622 -0.01865196041762829
v 0.07947599142789841 0.02875095047056675 -0.02135496959090233
v 0.07905297726392746 0.028669949620962143 -0.021043000742793083
v 0.08244197815656662 0.03637896850705147 -0.012509999796748161
v 0.08176100254058838 0.03457795828580856 -0.015571950003504753
v 0.08123099058866501 0.034307949244976044 -0.015227969735860825
v 0.08133900165557861 0.03389095887541771 0.01634299010038376
v 0.08232200145721436 0.0358879491686821 0.01354795042425394
v 0.08183597773313522 0.03561794012784958 0.013253980316221714
v 0.079708993434906 0.029472939670085907 0.020805949345231056
v 0.08053796738386154 0.03210299834609032 0.01832997053861618
v 0.07923901081085205 0.029296990483999252 0.020362969487905502
v 0.07874000072479248 0.02645294927060604 0.022842999547719955
v 0.079708993434906 0.029472939670085907 0.020805949345231056
v 0.07826495170593262 0.02631497010588646 0.02235995978116989
v 0.07769297808408737 0.024300990626215935 0.023425990715622902
v 0.07691395282745361 0.020842960104346275 0.02503298968076706
v 0.07801198214292526 0.024426989257335663 0.023864980787038803
v 0.10619200021028519 0.032284971326589584 0.02090298943221569
v 0.09950298070907593 0.0343889482319355 0.017542950809001923
v 0.0994749590754509 0.032258979976177216 0.02049195021390915
v 0.07655096054077148 0.017109990119934082 0.02628397010266781
v 0.07744497060775757 0.02099597081542015 0.025346990674734116
v 0.07691395282745361 0.020842960104346275 0.02503298968076706
v 0.3134720027446747 0.02795100025832653 0.022204989567399025
v 0.3098210096359253 0.03365099057555199 0.01705198921263218
v 0.3100689947605133 0.033305998891592026 0.017480960115790367
v 0.310137003660202 0.03366595134139061 0.01687598042190075
v 0.3062469959259033 0.03732895106077194 0.010838979855179787
v 0.30678999423980713 0.03700195997953415 0.010381990112364292
v 0.30469998717308044 0.03840696066617966 0.007160961162298918
v 0.3043000102043152 0.038513001054525375 0.007422983180731535
v 0.3062469959259033 0.03732895106077194 0.010838979855179787
v 0.30469998717308044 0.03840696066617966 0.007160961162298918
v 0.31227800250053406 0.030259959399700165 0.019181959331035614
v 0.3106119930744171 0.03300594910979271 0.016472989693284035
v 0.3123210072517395 0.030524959787726402 0.01943998970091343
v 0.31207001209259033 0.03078394941985607 0.019865980371832848
v 0.3134720027446747 0.02795100025832653 0.022204989567399025
v 0.3123210072517395 0.030524959787726402 0.01943998970091343
v 0.3087620139122009 0.035167988389730453 0.013336949981749058
v 0.3085150122642517 0.03564196079969406 0.01376396045088768
v 0.31038200855255127 0.03354698047041893 0.016636960208415985
v 0.30430901050567627 0.03818397969007492 0.005718945991247892
v 0.3038020133972168 0.038728948682546616 0.005797982215881348
v 0.30469998717308044 0.03840696066617966 0.007160961162298918
v 0.3019759953022003 0.03907996043562889 0.0022999639622867107
v 0.2998589873313904 0.039156969636678696 -0.0013960000360384583
v 0.3001370131969452 0.039445988833904266 4.8999998398358e-05
v 0.2998589873313904 0.039156969636678696 -0.0013960000360384583
v 0.29802200198173523 0.03829997032880783 -0.0052289958111941814
v 0.29775699973106384 0.03882097825407982 -0.005165994167327881
v 0.2973319888114929 0.03907399997115135 -0.004965960048139095
v 0.2998589873313904 0.039156969636678696 -0.0013960000360384583
v 0.29775699973106384 0.03882097825407982 -0.005165994167327881
v 0.2949950098991394 0.03715996816754341 -0.010369949974119663
v 0.2945539951324463 0.03760999068617821 -0.010284960269927979
v 0.29671400785446167 0.038654979318380356 -0.006605981849133968
v 0.29802200198173523 0.03829997032880783 -0.0052289958111941814
v 0.2971299886703491 0.03813999146223068 -0.00672799302265048
v 0.29775699973106384 0.03882097825407982 -0.005165994167327881
v 0.2971299886703491 0.03813999146223068 -0.00672799302265048
v 0.29671400785446167 0.038654979318380356 -0.006605981849133968
v 0.29775699973106384 0.03882097825407982 -0.005165994167327881
v 0.2949950098991394 0.03715996816754341 -0.010369949974119663
v 0.293830007314682 0.036150988191366196 -0.012523939833045006
v 0.2935290038585663 0.03657298907637596 -0.012546000070869923
v 0.29152899980545044 0.034765951335430145 -0.015953000634908676
v 0.29319998621940613 0.03674900159239769 -0.012439959682524204
v 0.2935290038585663 0.03657298907637596 -0.012546000070869923
v 0.29152899980545044 0.034765951335430145 -0.015953000634908676
v 0.2896449863910675 0.032536979764699936 -0.019163960590958595
v 0.29117798805236816 0.034714989364147186 -0.01614397019147873
v 0.29152899980545044 0.034765951335430145 -0.015953000634908676
v 0.29191601276397705 0.03433798998594284 -0.015905970707535744
v 0.29001298546791077 0.0322609506547451 -0.01914799027144909
v 0.11293499916791916 0.03862595185637474 0.007772982120513916
v 0.10149899870157242 0.039038948714733124 0.005491971038281918
v 0.10102800279855728 0.03877699002623558 0.006862998008728027
v 0.28657299280166626 0.026681950315833092 -0.024741940200328827
v 0.2878659963607788 0.02875595912337303 -0.022855989634990692
v 0.2865149974822998 0.025785980746150017 -0.025276949629187584
v 0.11302699893712997 -0.006861983798444271 0.03285098075866699
v 0.11301799863576889 -0.01402198988944292 0.032193951308727264
v 0.1410679966211319 -0.014015969820320606 0.03222696855664253
v 0.2916660010814667 -0.030499989166855812 -0.020930999889969826
v 0.2815139889717102 -0.02724199928343296 -0.024895960465073586
v 0.288457989692688 -0.027117960155010223 -0.024002959951758385
v 0.2814890146255493 -0.01390296034514904 -0.03065996989607811
v 0.28134000301361084 -0.020946970209479332 -0.0285719595849514
v 0.2716040015220642 -0.013879000209271908 -0.032100971788167953
v 0.2815049886703491 0.027342969551682472 0.026099970564246178
v 0.10611099749803543 0.01739400066435337 0.031260959804058075
v 0.09933798760175705 0.01739495061337948 0.030560970306396484
v 0.1060980036854744 0.013850980438292027 0.032148949801921844
v 0.29461199045181274 0.0242189709097147 0.027715979143977165
v 0.2939940094947815 0.027235979214310646 0.025596970692276955
v 0.2886259853839874 0.024270949885249138 0.028128979727625847
v 0.27147600054740906 -0.021029939875006676 -0.029802970588207245
v 0.25287801027297974 -0.02742898091673851 -0.02606499008834362
v 0.25227901339530945 -0.021047940477728844 -0.03002995066344738
v 0.2813740074634552 -0.02750295028090477 0.025864949449896812
v 0.10215199738740921 -0.0070409770123660564 -0.03221594914793968
v 0.11237700283527374 -0.014012989588081837 -0.031492941081523895
v 0.10240200161933899 -0.014034979976713657 -0.031099969521164894
v 0.09936194866895676 0.020802969112992287 0.029286980628967285
v 0.10611099749803543 0.01739400066435337 0.031260959804058075
v 0.10612600296735764 0.020812980830669403 0.029942980036139488
v 0.09935294836759567 -0.02993297018110752 0.023056980222463608
v 0.09937094897031784 -0.03236895054578781 0.020359989255666733
v 0.1061059981584549 -0.032395001500844955 0.020795999094843864
v 0.2806110084056854 -0.03022599034011364 0.023355960845947266
v 0.2879739999771118 -0.027455979958176613 0.025863999500870705
v 0.2813740074634552 -0.02750295028090477 0.025864949449896812
v 0.2951599955558777 -0.021147960796952248 0.0294649600982666
v 0.29465198516845703 -0.024389980360865593 0.027715979143977165
v 0.3005880117416382 -0.021097000688314438 0.028685979545116425
v 0.2839379906654358 0.03877300024032593 0.006989954970777035
v 0.2758449912071228 0.03866297006607056 0.00764495087787509
v 0.2846109867095947 0.03860098123550415 0.007741986773908138
v 0.2839379906654358 0.03877300024032593 0.006989954970777035
v 0.2758449912071228 0.03866297006607056 0.00764495087787509
v 0.11293499916791916 0.03862595185637474 0.007772982120513916
v 0.10102800279855728 0.03877699002623558 0.006862998008728027
v 0.1004469022154808 0.038608960807323456 0.007592976093292236
v 0.10103700309991837 -0.03877793997526169 0.006866991054266691
v 0.10148800164461136 -0.03905098885297775 0.00540995504707098
v 0.11288999766111374 -0.03865997865796089 0.007567942142486572
v 0.3000369966030121 0.03184998035430908 0.02028696984052658
v 0.29249700903892517 0.03241097182035446 0.020407969132065773
v 0.2932850122451782 0.029977969825267792 0.02314697951078415
v 0.29895299673080444 -0.03920799121260643 -0.003320991061627865
v 0.29661500453948975 -0.03859299048781395 -0.006893991958349943
v 0.2963080108165741 -0.038313981145620346 -0.007992981933057308
v 0.09940999001264572 -0.03624194115400314 0.014226970262825489
v 0.09938997030258179 -0.03447895869612694 0.017401989549398422
v 0.09226500242948532 -0.03557198867201805 0.014625960029661655
v 0.09938997030258179 -0.03447895869612694 0.017401989549398422
v 0.09199296683073044 -0.034402959048748016 0.016449980437755585
v 0.09226500242948532 -0.03557198867201805 0.014625960029661655
v 0.2907400131225586 0.03625696152448654 0.0142439603805542
v 0.2779879868030548 0.036322951316833496 0.014561950229108334
v 0.29164400696754456 0.03450994938611984 0.01742595061659813
v 0.2900870144367218 -0.0068579912185668945 0.032831959426403046
v 0.2951259911060333 0.020964980125427246 0.0294649600982666
v 0.29552701115608215 0.01751995086669922 0.030806949362158775
v 0.2958050072193146 0.013938959687948227 0.03171598166227341
v 0.2820340096950531 -0.02448897995054722 0.028042970225214958
v 0.2829959988594055 -0.017739949747920036 0.031235989183187485
v 0.2825790047645569 -0.02121995948255062 0.0298459492623806
v 0.2891730070114136 -0.02118998020887375 0.029823949560523033
v 0.2895919978618622 -0.017726950347423553 0.031207969412207603
v 0.2829959988594055 -0.017739949747920036 0.031235989183187485
v 0.2898769974708557 -0.014112940058112144 0.032148949801921844
v 0.2951599955558777 -0.021147960796952248 0.0294649600982666
v 0.3005880117416382 -0.021097000688314438 0.028685979545116425
v 0.2955540120601654 -0.017707999795675278 0.030810950323939323
v 0.3009290099143982 -0.017684990540146828 0.029945960268378258
v 0.30116501450538635 -0.0141329700127244 0.03079395927488804
v 0.2958250045776367 -0.014121940359473228 0.03172694891691208
v 0.2797600030899048 -0.03262697905302048 0.02056198939681053
v 0.2531229853630066 -0.030263960361480713 0.023362990468740463
v 0.25236499309539795 -0.03266298025846481 0.02055995911359787
v 0.2806110084056854 -0.03022599034011364 0.023355960845947266
v 0.2531229853630066 -0.030263960361480713 0.023362990468740463
v 0.2797600030899048 -0.03262697905302048 0.02056198939681053
v 0.2531229853630066 -0.030263960361480713 0.023362990468740463
v 0.25380000472068787 -0.027538949623703957 0.02588099054992199
v 0.2813740074634552 -0.02750295028090477 0.025864949449896812
v 0.25438201427459717 -0.02451895922422409 0.02806699089705944
v 0.2820340096950531 -0.02448897995054722 0.028042970225214958
v 0.2820340096950531 -0.02448897995054722 0.028042970225214958
v 0.2825790047645569 -0.02121995948255062 0.0298459492623806
v 0.25485700368881226 -0.02123796008527279 0.029875990003347397
v 0.2834709882736206 0.006681977771222591 0.03286796063184738
v 0.2555919885635376 0.006647943984717131 0.03288799151778221
v 0.2834959924221039 -7.79999973019585e-05 0.03299599140882492
v 0.25556498765945435 0.013897949829697609 0.03233097866177559
v 0.2834709882736206 0.006681977771222591 0.03286796063184738
v 0.28331899642944336 0.013915950432419777 0.03225398063659668
v 0.25539499521255493 0.017539970576763153 0.03145897015929222
v 0.25556498765945435 0.013897949829697609 0.03233097866177559
v 0.28331899642944336 0.013915950432419777 0.03225398063659668
v 0.25539499521255493 0.017539970576763153 0.03145897015929222
v 0.28331899642944336 0.013915950432419777 0.03225398063659668
v 0.28306400775909424 0.017542000859975815 0.03135596960783005
v 0.25539499521255493 0.017539970576763153 0.03145897015929222
v 0.28306400775909424 0.017542000859975815 0.03135596960783005
v 0.25509798526763916 0.02103894017636776 0.030133960768580437
v 0.2826710045337677 0.021025000140070915 0.030010990798473358
v 0.2826710045337677 0.021025000140070915 0.030010990798473358
v 0.25467899441719055 0.024333950132131577 0.028384979814291
v 0.25509798526763916 0.02103894017636776 0.030133960768580437
v 0.28214800357818604 0.02430897019803524 0.02824597992002964
v 0.254146009683609 0.02737599052488804 0.02624898962676525
v 0.2815049886703491 0.027342969551682472 0.026099970564246178
v 0.25350698828697205 0.030125970020890236 0.02376597933471203
v 0.2807539999485016 0.03008997067809105 0.02361195906996727
v 0.2951599955558777 -0.021147960796952248 0.0294649600982666
v 0.2895919978618622 -0.017726950347423553 0.031207969412207603
v 0.2891730070114136 -0.02118998020887375 0.029823949560523033
v 0.2940410077571869 -0.027388980612158775 0.025599950924515724
v 0.2879739999771118 -0.027455979958176613 0.025863999500870705
v 0.29333800077438354 -0.03010999970138073 0.023155979812145233
v 0.2879739999771118 -0.027455979958176613 0.025863999500870705
v 0.2806110084056854 -0.03022599034011364 0.023355960845947266
v 0.29333800077438354 -0.03010999970138073 0.023155979812145233
v 0.29333800077438354 -0.03010999970138073 0.023155979812145233
v 0.2806110084056854 -0.03022599034011364 0.023355960845947266
v 0.29255300760269165 -0.03252093866467476 0.02042596973478794
v 0.29255300760269165 -0.03252093866467476 0.02042596973478794
v 0.2806110084056854 -0.03022599034011364 0.023355960845947266
v 0.2797600030899048 -0.03262697905302048 0.02056198939681053
v 0.29170000553131104 -0.03459798917174339 0.017449969425797462
v 0.29255300760269165 -0.03252093866467476 0.02042596973478794
v 0.2797600030899048 -0.03262697905302048 0.02056198939681053
v 0.2778469920158386 -0.03638993948698044 0.014297960326075554
v 0.29078999161720276 -0.03632599115371704 0.014269939623773098
v 0.29170000553131104 -0.03459798917174339 0.017449969425797462
v 0.09284894913434982 0.03222798928618431 0.01976495049893856
v 0.09944599121809006 0.029802970588207245 0.02317994087934494
v 0.0994749590754509 0.032258979976177216 0.02049195021390915
v 0.09941697120666504 0.027048999443650246 0.02556598000228405
v 0.09938894957304001 0.024035990238189697 0.027611970901489258
v 0.10614199936389923 0.024053990840911865 0.028216000646352768
v 0.09941697120666504 0.027048999443650246 0.02556598000228405
v 0.10614199936389923 0.024053990840911865 0.028216000646352768
v 0.10615900158882141 0.027072960510849953 0.02610998973250389
v 0.106175996363163 0.029828960075974464 0.02365899085998535
v 0.09944599121809006 0.029802970588207245 0.02317994087934494
v 0.10615900158882141 0.027072960510849953 0.02610998973250389
v 0.106175996363163 0.029828960075974464 0.02365899085998535
v 0.10619200021028519 0.032284971326589584 0.02090298943221569
v 0.0994749590754509 0.032258979976177216 0.02049195021390915
v 0.10622300207614899 0.03618793934583664 0.014646939933300018
v 0.09952998161315918 0.036170948296785355 0.014374970458447933
v 0.09950298070907593 0.0343889482319355 0.017542950809001923
v 0.1061059981584549 -0.032395001500844955 0.020795999094843864
v 0.1129549965262413 -0.03241698816418648 0.020825980231165886
v 0.11296900361776352 -0.029982980340719223 0.023597950115799904
v 0.09933698177337646 -0.027197949588298798 0.02545594982802868
v 0.10609400272369385 -0.027224000543355942 0.026017960160970688
v 0.10608900338411331 -0.02422099933028221 0.028136959299445152
v 0.09933698177337646 -0.027197949588298798 0.02545594982802868
v 0.10608900338411331 -0.02422099933028221 0.028136959299445152
v 0.09932196140289307 -0.024199960753321648 0.02751898020505905
v 0.10608900338411331 -0.02422099933028221 0.028136959299445152
v 0.10608399659395218 -0.02099096029996872 0.02987997978925705
v 0.09932196140289307 -0.024199960753321648 0.02751898020505905
v 0.10608399659395218 -0.02099096029996872 0.02987997978925705
v 0.09930896013975143 -0.020977970212697983 0.029213959351181984
v 0.09932196140289307 -0.024199960753321648 0.02751898020505905
v 0.10608100146055222 -0.01757699064910412 0.031217990443110466
v 0.09930896013975143 -0.020977970212697983 0.029213959351181984
v 0.10608399659395218 -0.02099096029996872 0.02987997978925705
v 0.10608100146055222 -0.01757699064910412 0.031217990443110466
v 0.09929894655942917 -0.017574960365891457 0.030509939417243004
v 0.09930896013975143 -0.020977970212697983 0.029213959351181984
v 0.10607299953699112 -0.006881951820105314 0.03278898820281029
v 0.09927897900342941 -0.00690799904987216 0.032014958560466766
v 0.09928995370864868 -0.014040940441191196 0.03138595074415207
v 0.09927499294281006 -7.79999973019585e-05 0.03215897083282471
v 0.09280598163604736 -0.027166960760951042 0.02426600083708763
v 0.0903039500117302 -0.029256990179419518 0.022027960047125816
v 0.09933698177337646 -0.027197949588298798 0.02545594982802868
v 0.0903039500117302 -0.029256990179419518 0.022027960047125816
v 0.09935294836759567 -0.02993297018110752 0.023056980222463608
v 0.09933698177337646 -0.027197949588298798 0.02545594982802868
v 0.09124796837568283 -0.03230898827314377 0.019122950732707977
v 0.09937094897031784 -0.03236895054578781 0.020359989255666733
v 0.09108798950910568 -0.031840980052948 0.019664999097585678
v 0.11297199875116348 0.03230594843626022 0.021045979112386703
v 0.11300300061702728 -0.021001990884542465 0.029944000765681267
v 0.11301200091838837 -0.01757895015180111 0.03128498047590256
v 0.10608399659395218 -0.02099096029996872 0.02987997978925705
v 0.11301200091838837 -0.01757895015180111 0.03128498047590256
v 0.10608100146055222 -0.01757699064910412 0.031217990443110466
v 0.10608399659395218 -0.02099096029996872 0.02987997978925705
v 0.11302799731492996 0.006714999210089445 0.03286397084593773
v 0.10607200115919113 -7.79999973019585e-05 0.03294295072555542
v 0.11303000152111053 -7.79999973019585e-05 0.03299998864531517
v 0.11302799731492996 0.006714999210089445 0.03286397084593773
v 0.11302000284194946 0.013841980136930943 0.03225195035338402
v 0.10607899725437164 0.006733953021466732 0.03279298171401024
v 0.11302000284194946 0.013841980136930943 0.03225195035338402
v 0.1060980036854744 0.013850980438292027 0.032148949801921844
v 0.10607899725437164 0.006733953021466732 0.03279298171401024
v 0.10611099749803543 0.01739400066435337 0.031260959804058075
v 0.09936194866895676 0.020802969112992287 0.029286980628967285
v 0.09933798760175705 0.01739495061337948 0.030560970306396484
v 0.1129549965262413 -0.03241698816418648 0.020825980231165886
v 0.11301200091838837 -0.01757895015180111 0.03128498047590256
v 0.11300300061702728 -0.021001990884542465 0.029944000765681267
v 0.1409440040588379 -0.021028989925980568 0.029974989593029022
v 0.14115400612354279 -7.79999973019585e-05 0.033004991710186005
v 0.11295299977064133 0.036201950162649155 0.01476799976080656
v 0.11297199875116348 0.03230594843626022 0.021045979112386703
v 0.14031299948692322 0.032344989478588104 0.02122396044433117
v 0.08083795756101608 -0.031696971505880356 -0.017865950241684914
v 0.08031100034713745 -0.030737990513443947 -0.018815990537405014
v 0.0835379883646965 -0.031759969890117645 -0.018047979101538658
v 0.2719930112361908 -0.006811975967139006 -0.032749950885772705
v 0.2716040015220642 -0.013879000209271908 -0.032100971788167953
v 0.25203800201416016 -0.013836969621479511 -0.032287951558828354
v 0.08342199772596359 -0.03854595869779587 0.006392954848706722
v 0.08336596935987473 -0.03835295885801315 0.007196961902081966
v 0.08288799971342087 -0.038039978593587875 0.007029950153082609
v 0.2815139889717102 -0.02724199928343296 -0.024895960465073586
v 0.2717350125312805 -0.027378970757126808 -0.02583198994398117
v 0.27147600054740906 -0.021029939875006676 -0.029802970588207245
v 0.17253099381923676 -0.03205393999814987 -0.020528970286250114
v 0.25287801027297974 -0.02742898091673851 -0.02606499008834362
v 0.253803014755249 -0.032628949731588364 -0.020715950056910515
v 0.2716040015220642 -0.013879000209271908 -0.032100971788167953
v 0.27147600054740906 -0.021029939875006676 -0.029802970588207245
v 0.25227901339530945 -0.021047940477728844 -0.03002995066344738
v 0.29661500453948975 -0.03859299048781395 -0.006893991958349943
v 0.29335999488830566 -0.03866899013519287 -0.006947994232177734
v 0.2960669994354248 -0.038399990648031235 -0.00787895917892456
v 0.2927910089492798 -0.036168988794088364 -0.013372000306844711
v 0.27348899841308594 -0.03639495000243187 -0.014189000241458416
v 0.2920840084552765 -0.035237960517406464 -0.015119959600269794
v 0.08230196684598923 -0.035746991634368896 -0.012887000106275082
v 0.09343098849058151 -0.03589797019958496 -0.013202959671616554
v 0.08324497193098068 -0.037701960653066635 -0.009114979766309261
v 0.28134000301361084 -0.020946970209479332 -0.0285719595849514
v 0.2815139889717102 -0.02724199928343296 -0.024895960465073586
v 0.27147600054740906 -0.021029939875006676 -0.029802970588207245
v 0.2717350125312805 -0.027378970757126808 -0.02583198994398117
v 0.25287801027297974 -0.02742898091673851 -0.02606499008834362
v 0.27147600054740906 -0.021029939875006676 -0.029802970588207245
v 0.2814890146255493 -0.01390296034514904 -0.03065996989607811
v 0.2719930112361908 -0.006811975967139006 -0.032749950885772705
v 0.2818489968776703 -0.006904959212988615 -0.031216969713568687
v 0.25203800201416016 -0.013836969621479511 -0.032287951558828354
v 0.2716040015220642 -0.013879000209271908 -0.032100971788167953
v 0.25227901339530945 -0.021047940477728844 -0.03002995066344738
v 0.25287801027297974 -0.02742898091673851 -0.02606499008834362
v 0.17253099381923676 -0.03205393999814987 -0.020528970286250114
v 0.1727990061044693 -0.026804979890584946 -0.02572399005293846
v 0.11212799698114395 -0.006972968112677336 -0.032618988305330276
v 0.30214399099349976 -0.03934096917510033 0.002585947047919035
v 0.30169999599456787 -0.03926097974181175 0.0013329980429261923
v 0.3024689853191376 -0.039156969636678696 0.0023799529299139977
v 0.08264695852994919 -0.03735195845365524 -0.008863984607160091
v 0.08230196684598923 -0.035746991634368896 -0.012887000106275082
v 0.08324497193098068 -0.037701960653066635 -0.009114979766309261
v 0.08359599113464355 -0.03920995816588402 -0.0019869799725711346
v 0.08400297164916992 -0.03939998149871826 -9.999999974752427e-07
v 0.08359997719526291 -0.039198990911245346 0.0022949569392949343
v 0.08230196684598923 -0.035746991634368896 -0.012887000106275082
v 0.08170896023511887 -0.035336971282958984 -0.012593979947268963
v 0.08109796047210693 -0.033813949674367905 -0.015197990462183952
v 0.08336596935987473 -0.03835295885801315 0.007196961902081966
v 0.08268194645643234 -0.03674900159239769 0.011112979613244534
v 0.08288799971342087 -0.038039978593587875 0.007029950153082609
v 0.08268194645643234 -0.03674900159239769 0.011112979613244534
v 0.08213496208190918 -0.03629397973418236 0.010704989545047283
v 0.08288799971342087 -0.038039978593587875 0.007029950153082609
v 0.29661500453948975 -0.03859299048781395 -0.006893991958349943
v 0.2960669994354248 -0.038399990648031235 -0.00787895917892456
v 0.2963080108165741 -0.038313981145620346 -0.007992981933057308
v 0.3070859909057617 -0.0370369516313076 0.011292990297079086
v 0.3046390116214752 -0.03855495899915695 0.00706899119541049
v 0.30744901299476624 -0.03689097985625267 0.01101296953856945
v 0.3046390116214752 -0.03855495899915695 0.00706899119541049
v 0.30483999848365784 -0.03837496042251587 0.006783961784094572
v 0.30744901299476624 -0.03689097985625267 0.01101296953856945
v 0.2965970039367676 -0.03802895173430443 -0.008075951598584652
v 0.29895299673080444 -0.03920799121260643 -0.003320991061627865
v 0.2963080108165741 -0.038313981145620346 -0.007992981933057308
v 0.11302699893712997 -0.006861983798444271 0.03285098075866699
v 0.10607200115919113 -7.79999973019585e-05 0.03294295072555542
v 0.10607299953699112 -0.006881951820105314 0.03278898820281029
v 0.2829959988594055 -0.017739949747920036 0.031235989183187485
v 0.2554419934749603 -0.014090949669480324 0.03220599144697189
v 0.25521400570869446 -0.01774298958480358 0.03126697987318039
v 0.25227901339530945 -0.021047940477728844 -0.03002995066344738
v 0.1727990061044693 -0.026804979890584946 -0.02572399005293846
v 0.17280200123786926 -0.02063596062362194 -0.029582969844341278
v 0.09411095827817917 -0.038995981216430664 0.005444942973554134
v 0.09385699033737183 -0.038912948220968246 0.005884944926947355
v 0.09978096932172775 0.0 -0.03235094994306564
v 0.10613299906253815 0.0 -0.033038970082998276
v 0.10215199738740921 -0.0070409770123660564 -0.03221594914793968
v 0.2531229853630066 -0.030263960361480713 0.023362990468740463
v 0.14076100289821625 -0.027287960052490234 0.02608196996152401
v 0.14065100252628326 -0.030025949701666832 0.023602960631251335
v 0.07255297154188156 0.006788969039916992 -0.027100980281829834
v 0.07409799098968506 -2.499999936844688e-05 -0.02736896090209484
v 0.07279098033905029 -0.00718998908996582 -0.027081960812211037
v 0.30744901299476624 -0.03689097985625267 0.01101296953856945
v 0.308694988489151 -0.03553897142410278 0.012635939754545689
v 0.3085640072822571 -0.035923950374126434 0.012929970398545265
v 0.10614199936389923 0.024053990840911865 0.028216000646352768
v 0.11299099773168564 0.027092989534139633 0.026253990828990936
v 0.10615900158882141 0.027072960510849953 0.02610998973250389
v 0.14115400612354279 -7.79999973019585e-05 0.033004991710186005
v 0.14111390709877014 0.006687997840344906 0.032894961535930634
v 0.2554419934749603 -0.014090949669480324 0.03220599144697189
v 0.14113189280033112 -0.006833970081061125 0.03286600112915039
v 0.1410679966211319 -0.014015969820320606 0.03222696855664253
v 0.28345900774002075 -0.006824969779700041 0.032849960029125214
v 0.1410679966211319 -0.014015969820320606 0.03222696855664253
v 0.2554419934749603 -0.014090949669480324 0.03220599144697189
v 0.28345900774002075 -0.006824969779700041 0.032849960029125214
v 0.07427597045898438 -0.024214979261159897 -0.02318095974624157
v 0.10266599804162979 -0.020545000210404396 -0.0286289993673563
v 0.10288599878549576 -0.02656196989119053 -0.02476893924176693
v 0.25646400451660156 -0.03873198851943016 -0.0073409671895205975
v 0.2960669994354248 -0.038399990648031235 -0.00787895917892456
v 0.29335999488830566 -0.03866899013519287 -0.006947994232177734
v 0.30214399099349976 -0.03934096917510033 0.002585947047919035
v 0.30046600103378296 -0.03941398113965988 6.000000212225132e-06
v 0.30169999599456787 -0.03926097974181175 0.0013329980429261923
v 0.30214399099349976 -0.03934096917510033 0.002585947047919035
v 0.294512003660202 -0.03949999064207077 0.0
v 0.30046600103378296 -0.03941398113965988 6.000000212225132e-06
v 0.30214399099349976 -0.03934096917510033 0.002585947047919035
v 0.28964298963546753 -0.03943996876478195 0.002172945998609066
v 0.294512003660202 -0.03949999064207077 0.0
v 0.2875419855117798 -0.039479970932006836 0.0012739889789372683
v 0.29135099053382874 -0.03949999064207077 0.00010399999155197293
v 0.29135099053382874 -0.03949999064207077 0.00010399999155197293
v 0.09376198053359985 -0.03949999064207077 -5.8999998145736754e-05
v 0.294512003660202 -0.03949999064207077 0.0
v 0.09376198053359985 -0.03949999064207077 -5.8999998145736754e-05
v 0.2577660083770752 -0.03946495056152344 -0.001511991024017334
v 0.294512003660202 -0.03949999064207077 0.0
v 0.28738099336624146 -0.03943793848156929 -0.0013359780423343182
v 0.09376198053359985 -0.03949999064207077 -5.8999998145736754e-05
v 0.09566395729780197 -0.03947298973798752 -0.0011479849927127361
v 0.2577660083770752 -0.03946495056152344 -0.001511991024017334
v 0.09566395729780197 -0.03947298973798752 -0.0011479849927127361
v 0.1305380016565323 -0.039455950260162354 -0.0015209909761324525
v 0.2577660083770752 -0.03946495056152344 -0.001511991024017334
v 0.25646400451660156 -0.03873198851943016 -0.0073409671895205975
v 0.2577660083770752 -0.03946495056152344 -0.001511991024017334
v 0.25501200556755066 -0.0364300012588501 -0.014355950057506561
v 0.2960669994354248 -0.038399990648031235 -0.00787895917892456
v 0.25646400451660156 -0.03873198851943016 -0.0073409671895205975
v 0.25646400451660156 -0.03873198851943016 -0.0073409671895205975
v 0.17111000418663025 -0.038626961410045624 -0.00727999210357666
v 0.25646400451660156 -0.03873198851943016 -0.0073409671895205975
v 0.25501200556755066 -0.0364300012588501 -0.014355950057506561
v 0.27348899841308594 -0.03639495000243187 -0.014189000241458416
v 0.2960669994354248 -0.038399990648031235 -0.00787895917892456
v 0.313275009393692 -0.030964970588684082 0.019753990694880486
v 0.3012079894542694 -0.029960980638861656 0.022386960685253143
v 0.30096501111984253 -0.030816970393061638 0.021569959819316864
v 0.25710201263427734 0.023072950541973114 -0.029066970571875572
v 0.25671398639678955 0.024356959387660027 -0.02826797030866146
v 0.26356300711631775 0.025514960289001465 -0.027389999479055405
v 0.2560789883136749 0.026275990530848503 -0.027043990790843964
v 0.25671398639678955 0.024356959387660027 -0.02826797030866146
v 0.1336580067873001 0.026668960228562355 -0.02677595056593418
v 0.2560789883136749 0.026275990530848503 -0.027043990790843964
v 0.1336580067873001 0.026668960228562355 -0.02677595056593418
v 0.24683800339698792 0.02692699059844017 -0.026607990264892578
v 0.2560789883136749 0.026275990530848503 -0.027043990790843964
v 0.09124796837568283 -0.03230898827314377 0.019122950732707977
v 0.08151798695325851 -0.03437494859099388 0.014587990008294582
v 0.09199296683073044 -0.034402959048748016 0.016449980437755585
v 0.07676196098327637 0.015680959448218346 0.02670096978545189
v 0.09933798760175705 0.01739495061337948 0.030560970306396484
v 0.07655096054077148 0.017109990119934082 0.02628397010266781
v 0.10389100015163422 0.026598980650305748 -0.026327960193157196
v 0.09604095667600632 0.024287989363074303 -0.02695493958890438
v 0.09599798172712326 0.025586960837244987 -0.026133950799703598
v 0.10451789945363998 0.02660994976758957 -0.02638000063598156
v 0.09746897220611572 0.029470980167388916 -0.023272989317774773
v 0.10318700224161148 0.029334960505366325 -0.023970959708094597
v 0.10229700058698654 0.03018397092819214 -0.023066990077495575
v 0.10318700224161148 0.029334960505366325 -0.023970959708094597
v 0.09746897220611572 0.029470980167388916 -0.023272989317774773
v 0.09932100027799606 0.030544990673661232 -0.022415990009903908
v 0.10229700058698654 0.03018397092819214 -0.023066990077495575
v 0.09932100027799606 0.030544990673661232 -0.022415990009903908
v 0.10134299844503403 0.03054100088775158 -0.022605950012803078
v 0.10229700058698654 0.03018397092819214 -0.023066990077495575
v 0.09932100027799606 0.030544990673661232 -0.022415990009903908
v 0.09711599349975586 0.031057000160217285 -0.021646970883011818
v 0.10134299844503403 0.03054100088775158 -0.022605950012803078
v 0.09932100027799606 0.030544990673661232 -0.022415990009903908
v 0.09746897220611572 0.029470980167388916 -0.023272989317774773
v 0.09711599349975586 0.031057000160217285 -0.021646970883011818
v 0.09604095667600632 0.024287989363074303 -0.02695493958890438
v 0.07895194739103317 0.0264699999243021 -0.022842999547719955
v 0.09599798172712326 0.025586960837244987 -0.026133950799703598
v 0.08053796738386154 0.03210299834609032 0.01832997053861618
v 0.080889992415905 0.033582981675863266 0.0159449502825737
v 0.08016300201416016 0.03173995018005371 0.017825959250330925
v 0.30744901299476624 -0.03689097985625267 0.01101296953856945
v 0.3083229959011078 -0.03605895861983299 0.013147950172424316
v 0.3070859909057617 -0.0370369516313076 0.011292990297079086
v 0.07806795090436935 0.025521989911794662 -0.023003989830613136
v 0.0725509524345398 0.010437959805130959 -0.02674799971282482
v 0.07892899960279465 0.02849894016981125 -0.020747000351548195
v 0.3106119930744171 0.03300594910979271 0.016472989693284035
v 0.31207001209259033 0.03078394941985607 0.019865980371832848
v 0.3123210072517395 0.030524959787726402 0.01943998970091343
v 0.08176100254058838 0.03457795828580856 -0.015571950003504753
v 0.09944599121809006 0.029802970588207245 0.02317994087934494
v 0.0804019495844841 0.03085898980498314 0.01964597962796688
v 0.079708993434906 0.029472939670085907 0.020805949345231056
v 0.09944599121809006 0.029802970588207245 0.02317994087934494
v 0.08208899945020676 0.03090994991362095 0.019821999594569206
v 0.0804019495844841 0.03085898980498314 0.01964597962796688
v 0.140858992934227 -0.024275949224829674 0.028217969462275505
v 0.25380000472068787 -0.027538949623703957 0.02588099054992199
v 0.25438201427459717 -0.02451895922422409 0.02806699089705944
v 0.25438201427459717 -0.02451895922422409 0.02806699089705944
v 0.1409440040588379 -0.021028989925980568 0.029974989593029022
v 0.140858992934227 -0.024275949224829674 0.028217969462275505
v 0.13350899517536163 0.021463990211486816 -0.02992497943341732
v 0.25671398639678955 0.024356959387660027 -0.02826797030866146
v 0.25710201263427734 0.023072950541973114 -0.029066970571875572
v 0.11273899674415588 -0.02658098004758358 -0.02506398968398571
v 0.17253099381923676 -0.03205393999814987 -0.020528970286250114
v 0.11275699734687805 -0.03181593865156174 -0.019909970462322235
v 0.10451699793338776 0.03108799085021019 -0.022245999425649643
v 0.11929800361394882 0.034740980714559555 -0.017611980438232422
v 0.11922699958086014 0.031131979078054428 -0.022551000118255615
v 0.1719760000705719 -0.036081958562135696 -0.014263980090618134
v 0.1318330019712448 -0.035966988652944565 -0.013933000154793262
v 0.253803014755249 -0.032628949731588364 -0.020715950056910515
v 0.11263100057840347 -0.03592699021100998 -0.013758949935436249
v 0.17253099381923676 -0.03205393999814987 -0.020528970286250114
v 0.29552701115608215 0.01751995086669922 0.030806949362158775
v 0.3162350058555603 0.015707960352301598 0.027850979939103127
v 0.31604498624801636 0.01832997053861618 0.02712899073958397
v 0.17280200123786926 -0.02063596062362194 -0.029582969844341278
v 0.11237700283527374 -0.014012989588081837 -0.031492941081523895
v 0.25227901339530945 -0.021047940477728844 -0.03002995066344738
v 0.11237700283527374 -0.014012989588081837 -0.031492941081523895
v 0.17257100343704224 -0.013865940272808075 -0.03190594166517258
v 0.25227901339530945 -0.021047940477728844 -0.03002995066344738
v 0.17257100343704224 -0.013865940272808075 -0.03190594166517258
v 0.25203800201416016 -0.013836969621479511 -0.032287951558828354
v 0.25227901339530945 -0.021047940477728844 -0.03002995066344738
v 0.17257100343704224 -0.013865940272808075 -0.03190594166517258
v 0.11212799698114395 -0.006972968112677336 -0.032618988305330276
v 0.25203800201416016 -0.013836969621479511 -0.032287951558828354
v 0.11212799698114395 -0.006972968112677336 -0.032618988305330276
v 0.1722079962491989 -0.006557940971106291 -0.03276699036359787
v 0.25203800201416016 -0.013836969621479511 -0.032287951558828354
v 0.1722079962491989 -0.006557940971106291 -0.03276699036359787
v 0.2521049976348877 -0.0066349501721560955 -0.03287297114729881
v 0.25203800201416016 -0.013836969621479511 -0.032287951558828354
v 0.2854360044002533 0.02672100067138672 -0.02497296966612339
v 0.2782900035381317 0.03125493973493576 -0.021913999691605568
v 0.2886810004711151 0.031120000407099724 -0.020770959556102753
v 0.1722079962491989 -0.006557940971106291 -0.03276699036359787
v 0.11682000011205673 0.0 -0.03309094160795212
v 0.2521049976348877 -0.0066349501721560955 -0.03287297114729881
v 0.11682000011205673 0.0 -0.03309094160795212
v 0.16692300140857697 0.0 -0.03309499844908714
v 0.2521049976348877 -0.0066349501721560955 -0.03287297114729881
v 0.2511500120162964 0.0 -0.03309499844908714
v 0.2511500120162964 0.0 -0.03309499844908714
v 0.2671250104904175 0.01049994956701994 -0.032652970403432846
v 0.2671250104904175 0.01049994956701994 -0.032652970403432846
v 0.268436998128891 0.010219990275800228 -0.032647959887981415
v 0.27095600962638855 0.006436944007873535 -0.03281693905591965
v 0.260809987783432 0.01021896954625845 -0.03268200159072876
v 0.259768009185791 0.01049994956701994 -0.0326569601893425
v 0.2671250104904175 0.01049994956701994 -0.032652970403432846
v 0.259768009185791 0.01049994956701994 -0.0326569601893425
v 0.24547599256038666 0.015847979113459587 -0.03193097934126854
v 0.2671250104904175 0.01049994956701994 -0.032652970403432846
v 0.24547599256038666 0.015847979113459587 -0.03193097934126854
v 0.2599700093269348 0.01585197076201439 -0.0318719707429409
v 0.2671250104904175 0.01049994956701994 -0.032652970403432846
v 0.24547599256038666 0.015847979113459587 -0.03193097934126854
v 0.26061999797821045 0.02065097913146019 -0.030211979523301125
v 0.2599700093269348 0.01585197076201439 -0.0318719707429409
v 0.0804249569773674 0.030937960371375084 -0.019599970430135727
v 0.09711599349975586 0.031057000160217285 -0.021646970883011818
v 0.09746897220611572 0.029470980167388916 -0.023272989317774773
v 0.25870099663734436 0.0209769606590271 -0.030100999400019646
v 0.24547599256038666 0.015847979113459587 -0.03193097934126854
v 0.13350899517536163 0.021463990211486816 -0.02992497943341732
v 0.25870099663734436 0.0209769606590271 -0.030100999400019646
v 0.28396499156951904 0.015839990228414536 -0.029852980747818947
v 0.2885949909687042 0.013133999891579151 -0.029029959812760353
v 0.28841501474380493 0.013016990385949612 -0.029105959460139275
v 0.13350899517536163 0.021463990211486816 -0.02992497943341732
v 0.2459840029478073 0.021679989993572235 -0.0298419501632452
v 0.25870099663734436 0.0209769606590271 -0.030100999400019646
v 0.28412801027297974 0.016901960596442223 -0.02959596924483776
v 0.2886750102043152 0.01319998037070036 -0.028986990451812744
v 0.2885949909687042 0.013133999891579151 -0.029029959812760353
v 0.2459840029478073 0.021679989993572235 -0.0298419501632452
v 0.25710201263427734 0.023072950541973114 -0.029066970571875572
v 0.25870099663734436 0.0209769606590271 -0.030100999400019646
v 0.2841219902038574 0.017625980079174042 -0.029421979561448097
v 0.28878098726272583 0.013304940424859524 -0.028918979689478874
v 0.2886750102043152 0.01319998037070036 -0.028986990451812744
v 0.2459840029478073 0.021679989993572235 -0.0298419501632452
v 0.13350899517536163 0.021463990211486816 -0.02992497943341732
v 0.25710201263427734 0.023072950541973114 -0.029066970571875572
v 0.2842330038547516 0.018751969560980797 -0.029063990339636803
v 0.2889679968357086 0.013520950451493263 -0.028776999562978745
v 0.28878098726272583 0.013304940424859524 -0.028918979689478874
v 0.2849310040473938 0.02076900005340576 -0.028160979971289635
v 0.2891710102558136 0.013867969624698162 -0.028533989563584328
v 0.2889679968357086 0.013520950451493263 -0.028776999562978745
v 0.10451789945363998 0.02660994976758957 -0.02638000063598156
v 0.11909099668264389 0.0214499793946743 -0.029851969331502914
v 0.1031619980931282 0.02295093983411789 -0.02866196073591709
v 0.28595200181007385 0.02393496036529541 -0.02639698050916195
v 0.2892780005931854 0.014017989858984947 -0.028404949232935905
v 0.2891710102558136 0.013867969624698162 -0.028533989563584328
v 0.1402599960565567 -0.036295950412750244 0.014530950225889683
v 0.1129549965262413 -0.03241698816418648 0.020825980231165886
v 0.1129240021109581 -0.03627197816967964 0.014544960111379623
v 0.2865149974822998 0.025785980746150017 -0.025276949629187584
v 0.28946998715400696 0.014315959997475147 -0.028116999194025993
v 0.2892780005931854 0.014017989858984947 -0.028404949232935905
v 0.09938894957304001 0.024035990238189697 0.027611970901489258
v 0.07874000072479248 0.02645294927060604 0.022842999547719955
v 0.0783659815788269 0.02439999021589756 0.024003980681300163
v 0.28953900933265686 0.014437969774007797 -0.0279959999024868
v 0.2878659963607788 0.02875595912337303 -0.022855989634990692
v 0.28966599702835083 0.014565999619662762 -0.027818970382213593
v 0.2893899977207184 0.03149997815489769 -0.020169969648122787
v 0.289683997631073 0.014582989737391472 -0.02779494971036911
v 0.28966599702835083 0.014565999619662762 -0.027818970382213593
v 0.07742296904325485 0.021067969501018524 -0.025304969400167465
v 0.09718494862318039 0.015751950442790985 -0.030629990622401237
v 0.07676898688077927 0.017254939302802086 -0.02637499012053013
v 0.2895340025424957 0.03133897855877876 -0.02010994963347912
v 0.28974300622940063 0.014647959731519222 -0.02769898995757103
v 0.289683997631073 0.014582989737391472 -0.02779494971036911
v 0.29001298546791077 0.0322609506547451 -0.01914799027144909
v 0.28997600078582764 0.014915999956429005 -0.027294989675283432
v 0.28974300622940063 0.014647959731519222 -0.02769898995757103
v 0.25539499521255493 0.017539970576763153 0.03145897015929222
v 0.14100399613380432 0.013832979835569859 0.03234194964170456
v 0.25556498765945435 0.013897949829697609 0.03233097866177559
v 0.2901819944381714 0.01516497042030096 -0.02690695971250534
v 0.29191601276397705 0.03433798998594284 -0.015905970707535744
v 0.2902210056781769 0.015196969732642174 -0.02683996967971325
v 0.3106119930744171 0.03300594910979271 0.016472989693284035
v 0.30114999413490295 0.02135597914457321 -0.004516959190368652
v 0.2962380051612854 0.018699999898672104 -0.014714949764311314
v 0.11302799731492996 0.006714999210089445 0.03286397084593773
v 0.14100399613380432 0.013832979835569859 0.03234194964170456
v 0.11302000284194946 0.013841980136930943 0.03225195035338402
v 0.31227800250053406 0.030259959399700165 0.019181959331035614
v 0.3097749948501587 0.02587698958814144 0.013494960032403469
v 0.3070659935474396 0.02447897009551525 0.007840991020202637
v 0.2732200026512146 0.01049994956701994 -0.03248196095228195
v 0.27848100662231445 0.01049994956701994 -0.031822968274354935
v 0.27524998784065247 0.007249950896948576 -0.03243296965956688
v 0.2886259853839874 0.024270949885249138 0.028128979727625847
v 0.2826710045337677 0.021025000140070915 0.030010990798473358
v 0.2891699969768524 0.020999960601329803 0.02990299090743065
v 0.11299300193786621 -0.02423899993300438 0.028193950653076172
v 0.14076100289821625 -0.027287960052490234 0.02608196996152401
v 0.29152899980545044 0.034765951335430145 -0.015953000634908676
v 0.29117798805236816 0.034714989364147186 -0.01614397019147873
v 0.29319998621940613 0.03674900159239769 -0.012439959682524204
v 0.3005880117416382 -0.021097000688314438 0.028685979545116425
v 0.3136970102787018 -0.020623980090022087 0.026371950283646584
v 0.3009290099143982 -0.017684990540146828 0.029945960268378258
v 0.29008498787879944 0.006712973117828369 0.03283696994185448
v 0.2958050072193146 0.013938959687948227 0.03171598166227341
v 0.28987398743629456 0.013925960287451744 0.032179951667785645
v 0.2983269989490509 -0.03451097011566162 0.01720196008682251
v 0.29170000553131104 -0.03459798917174339 0.017449969425797462
v 0.29815199971199036 -0.03474295139312744 0.016888970509171486
v 0.07427798956632614 -0.02446799911558628 0.022753000259399414
v 0.07310497015714645 -0.020542969927191734 -0.02481894940137863
v 0.07427798956632614 -0.024451969191432 -0.02279496006667614
v 0.28396499156951904 0.015839990228414536 -0.029852980747818947
v 0.2859489917755127 0.011685959994792938 -0.029957950115203857
v 0.2837100028991699 0.012872990220785141 -0.03042696975171566
v 0.3009290099143982 -0.017684990540146828 0.029945960268378258
v 0.3139210045337677 -0.013964950107038021 0.028190970420837402
v 0.30116501450538635 -0.0141329700127244 0.03079395927488804
v 0.29465198516845703 -0.024389980360865593 0.027715979143977165
v 0.3031109869480133 -0.025249000638723373 0.025861969217658043
v 0.3005880117416382 -0.021097000688314438 0.028685979545116425
v 0.0824429914355278 -0.03581397980451584 0.012680940330028534
v 0.09199296683073044 -0.034402959048748016 0.016449980437755585
v 0.08151798695325851 -0.03437494859099388 0.014587990008294582
v 0.13382300734519958 0.03115396946668625 -0.022640999406576157
v 0.11929800361394882 0.034740980714559555 -0.017611980438232422
v 0.1339949071407318 0.03475797176361084 -0.017697980627417564
v 0.10288599878549576 -0.02656196989119053 -0.02476893924176693
v 0.10451500117778778 0.0347059890627861 -0.017334990203380585
v 0.08961998671293259 0.03732496127486229 -0.01115994993597269
v 0.10451199859380722 0.03735797852277756 -0.011845939792692661
v 0.2717350125312805 -0.027378970757126808 -0.02583198994398117
v 0.253803014755249 -0.032628949731588364 -0.020715950056910515
v 0.25287801027297974 -0.02742898091673851 -0.02606499008834362
v 0.07824897021055222 0.024532970041036606 -0.023882979527115822
v 0.09604095667600632 0.024287989363074303 -0.02695493958890438
v 0.09679096192121506 0.021574970334768295 -0.028468960896134377
v 0.2983269989490509 -0.03451097011566162 0.01720196008682251
v 0.2999570071697235 -0.03261797875165939 0.01952999085187912
v 0.29255300760269165 -0.03252093866467476 0.02042596973478794
v 0.0831339880824089 0.03727297857403755 -0.010820980183780193
v 0.08244197815656662 0.03637896850705147 -0.012509999796748161
v 0.08258496969938278 0.036857958883047104 -0.011290960013866425
v 0.08123099058866501 0.034307949244976044 -0.015227969735860825
v 0.080889992415905 0.033582981675863266 0.0159449502825737
v 0.08201199024915695 0.036037981510162354 -0.012218950316309929
v 0.2510559856891632 0.0363459512591362 0.01469695009291172
v 0.14031299948692322 0.032344989478588104 0.02122396044433117
v 0.2527720034122467 0.03254996985197067 0.020982980728149414
v 0.080889992415905 0.033582981675863266 0.0159449502825737
v 0.08183597773313522 0.03561794012784958 0.013253980316221714
v 0.08201199024915695 0.036037981510162354 -0.012218950316309929
v 0.1190359964966774 0.015734970569610596 -0.03189396113157272
v 0.1296200007200241 0.01049994956701994 -0.03271697834134102
v 0.11899899691343307 0.01049994956701994 -0.03268897160887718
v 0.08264695852994919 -0.03735195845365524 -0.008863984607160091
v 0.08352196216583252 -0.038627978414297104 -0.0062499637715518475
v 0.08312296122312546 -0.03848499059677124 -0.0060099950060248375
v 0.29446399211883545 -0.03790199011564255 0.010288950055837631
v 0.2929379940032959 -0.03863095864653587 0.0075559611432254314
v 0.3046390116214752 -0.03855495899915695 0.00706899119541049
v 0.09927499294281006 -7.79999973019585e-05 0.03215897083282471
v 0.0727989599108696 -0.00718998908996582 0.027081960812211037
v 0.09927897900342941 -0.00690799904987216 0.032014958560466766
v 0.3046390116214752 -0.03855495899915695 0.00706899119541049
v 0.2903450131416321 -0.0388069711625576 0.006866991054266691
v 0.2907939851284027 -0.039069950580596924 0.005455969832837582
v 0.3046390116214752 -0.03855495899915695 0.00706899119541049
v 0.09952998161315918 0.036170948296785355 0.014374970458447933
v 0.08316498249769211 0.037335991859436035 0.01072597038000822
v 0.08232200145721436 0.0358879491686821 0.01354795042425394
v 0.11141800135374069 0.01049994956701994 -0.0326569601893425
v 0.10613299906253815 0.0 -0.033038970082998276
v 0.10474199801683426 0.01049994956701994 -0.032487981021404266
v 0.09952998161315918 0.036170948296785355 0.014374970458447933
v 0.09307097643613815 0.03718698024749756 0.011711000464856625
v 0.08316498249769211 0.037335991859436035 0.01072597038000822
v 0.09307097643613815 0.03718698024749756 0.011711000464856625
v 0.08952099084854126 0.03728795051574707 0.011230939999222755
v 0.08316498249769211 0.037335991859436035 0.01072597038000822
v 0.2908419966697693 -0.03920799121260643 0.004576981067657471
v 0.29051899909973145 -0.03934996947646141 0.0031489720568060875
v 0.30214399099349976 -0.03934096917510033 0.002585947047919035
v 0.3046390116214752 -0.03855495899915695 0.00706899119541049
v 0.2966490089893341 -0.036265961825847626 0.014199970290064812
v 0.29446399211883545 -0.03790199011564255 0.010288950055837631
v 0.29051899909973145 -0.03934996947646141 0.0031489720568060875
v 0.28964298963546753 -0.03943996876478195 0.002172945998609066
v 0.30214399099349976 -0.03934096917510033 0.002585947047919035
v 0.09098397940397263 0.03835998848080635 0.008225977420806885
v 0.09548395127058029 0.03848695009946823 0.007942973636090755
v 0.08396296948194504 0.03889095038175583 0.005636990070343018
v 0.29051899909973145 -0.03934996947646141 0.0031489720568060875
v 0.2837109863758087 -0.03931599110364914 0.003516972064971924
v 0.28964298963546753 -0.03943996876478195 0.002172945998609066
v 0.09484899044036865 0.03865395858883858 0.007234990131109953
v 0.10102500021457672 -0.03934596851468086 0.0031459920573979616
v 0.09484899044036865 0.03865395858883858 0.007234990131109953
v 0.09457796066999435 0.038736991584300995 0.006866991054266691
v 0.08396296948194504 0.03889095038175583 0.005636990070343018
v 0.10102500021457672 -0.03934596851468086 0.0031459920573979616
v 0.10046400129795074 -0.03941398113965988 0.0023529520258307457
v 0.28964298963546753 -0.03943996876478195 0.002172945998609066
v 0.09661096334457397 0.0383339487016201 0.008553980849683285
v 0.09098397940397263 0.03835998848080635 0.008225977420806885
v 0.10046400129795074 -0.03941398113965988 0.0023529520258307457
v 0.09951096028089523 -0.03946297988295555 0.0014819500502198935
v 0.09697698801755905 -0.03946994990110397 0.0013429520186036825
v 0.08952099084854126 0.03728795051574707 0.011230939999222755
v 0.09307097643613815 0.03718698024749756 0.011711000464856625
v 0.09098397940397263 0.03835998848080635 0.008225977420806885
v 0.11286000162363052 -0.03947895020246506 0.0011539449915289879
v 0.1004469022154808 0.038608960807323456 0.007592976093292236
v 0.09904097765684128 0.03836195915937424 0.00854098703712225
v 0.11293499916791916 0.03862595185637474 0.007772982120513916
v 0.08400297164916992 -0.03939998149871826 -9.999999974752427e-07
v 0.08400297164916992 -0.03939998149871826 -9.999999974752427e-07
v 0.09566395729780197 -0.03947298973798752 -0.0011479849927127361
v 0.09376198053359985 -0.03949999064207077 -5.8999998145736754e-05
v 0.1339949071407318 0.03475797176361084 -0.017697980627417564
v 0.24799999594688416 0.03138798102736473 -0.02240896038711071
v 0.13382300734519958 0.03115396946668625 -0.022640999406576157
v 0.08400297164916992 -0.03939998149871826 -9.999999974752427e-07
v 0.08359599113464355 -0.03920995816588402 -0.0019869799725711346
v 0.09566395729780197 -0.03947298973798752 -0.0011479849927127361
v 0.25236499309539795 -0.03266298025846481 0.02055995911359787
v 0.08359599113464355 -0.03920995816588402 -0.0019869799725711346
v 0.08352196216583252 -0.038627978414297104 -0.0062499637715518475
v 0.09566395729780197 -0.03947298973798752 -0.0011479849927127361
v 0.2807539999485016 0.03008997067809105 0.02361195906996727
v 0.29249700903892517 0.03241097182035446 0.020407969132065773
v 0.27990901470184326 0.032515998929739 0.02082997001707554
v 0.08352196216583252 -0.038627978414297104 -0.0062499637715518475
v 0.11233290284872055 -0.038578979671001434 -0.006961940787732601
v 0.09566395729780197 -0.03947298973798752 -0.0011479849927127361
v 0.17111000418663025 -0.038626961410045624 -0.00727999210357666
v 0.07742296904325485 0.021067969501018524 -0.025304969400167465
v 0.09679096192121506 0.021574970334768295 -0.028468960896134377
v 0.09722799062728882 0.020328989252448082 -0.02913396991789341
v 0.17111000418663025 -0.038626961410045624 -0.00727999210357666
v 0.11233290284872055 -0.038578979671001434 -0.006961940787732601
v 0.25501200556755066 -0.0364300012588501 -0.014355950057506561
v 0.3098210096359253 0.03365099057555199 0.01705198921263218
v 0.30299198627471924 0.034632980823516846 0.01619195006787777
v 0.29164400696754456 0.03450994938611984 0.01742595061659813
v 0.08324497193098068 -0.037701960653066635 -0.009114979766309261
v 0.25501200556755066 -0.0364300012588501 -0.014355950057506561
v 0.08324497193098068 -0.037701960653066635 -0.009114979766309261
v 0.1719760000705719 -0.036081958562135696 -0.014263980090618134
v 0.25501200556755066 -0.0364300012588501 -0.014355950057506561
v 0.3100689947605133 0.033305998891592026 0.017480960115790367
v 0.31207001209259033 0.03078394941985607 0.019865980371832848
v 0.310137003660202 0.03366595134139061 0.01687598042190075
v 0.24547599256038666 0.015847979113459587 -0.03193097934126854
v 0.1333879977464676 0.015736989676952362 -0.031946949660778046
v 0.13350899517536163 0.021463990211486816 -0.02992497943341732
v 0.31207001209259033 0.03078394941985607 0.019865980371832848
v 0.3105100095272064 0.03326499089598656 0.017184970900416374
v 0.310137003660202 0.03366595134139061 0.01687598042190075
v 0.3105100095272064 0.03326499089598656 0.017184970900416374
v 0.31207001209259033 0.03078394941985607 0.019865980371832848
v 0.31038200855255127 0.03354698047041893 0.016636960208415985
v 0.10451789945363998 0.02142995037138462 -0.029558949172496796
v 0.1031619980931282 0.02295093983411789 -0.02866196073591709
v 0.11909099668264389 0.0214499793946743 -0.029851969331502914
v 0.2896449863910675 0.032536979764699936 -0.019163960590958595
v 0.27972400188446045 0.03482197970151901 -0.017022959887981415
v 0.29117798805236816 0.034714989364147186 -0.01614397019147873
v 0.10389100015163422 0.026598980650305748 -0.026327960193157196
v 0.10451789945363998 0.02660994976758957 -0.02638000063598156
v 0.1031619980931282 0.02295093983411789 -0.02866196073591709
v 0.09904097765684128 0.03836195915937424 0.00854098703712225
v 0.11295299977064133 0.036201950162649155 0.01476799976080656
v 0.14003999531269073 0.0362280011177063 0.014928990043699741
v 0.28998899459838867 -0.032239969819784164 -0.019213970750570297
v 0.2926670014858246 -0.0318869911134243 -0.018999990075826645
v 0.29330599308013916 -0.03243093937635422 -0.018184000626206398
v 0.09904097765684128 0.03836195915937424 0.00854098703712225
v 0.10389100015163422 0.026598980650305748 -0.026327960193157196
v 0.09746897220611572 0.029470980167388916 -0.023272989317774773
v 0.10451789945363998 0.02660994976758957 -0.02638000063598156
v 0.11295299977064133 0.036201950162649155 0.01476799976080656
v 0.10389100015163422 0.026598980650305748 -0.026327960193157196
v 0.09608697146177292 0.02650194987654686 -0.025514960289001465
v 0.09746897220611572 0.029470980167388916 -0.023272989317774773
v 0.1004469022154808 0.038608960807323456 0.007592976093292236
v 0.10149899870157242 0.039038948714733124 0.005491971038281918
v 0.28338998556137085 0.03918898105621338 0.004576981067657471
v 0.10134699940681458 0.039285000413656235 0.0037619469221681356
v 0.2510420083999634 0.03747396916151047 -0.011931950226426125
v 0.2642599940299988 0.03490399941802025 -0.017355969175696373
v 0.2494170069694519 0.034924980252981186 -0.017450980842113495
v 0.10389100015163422 0.026598980650305748 -0.026327960193157196
v 0.09599798172712326 0.025586960837244987 -0.026133950799703598
v 0.09608697146177292 0.02650194987654686 -0.025514960289001465
v 0.07778196781873703 0.024487970396876335 -0.02353297919034958
v 0.0725509524345398 0.010437959805130959 -0.02674799971282482
v 0.07806795090436935 0.025521989911794662 -0.023003989830613136
v 0.07778196781873703 0.024487970396876335 -0.02353297919034958
v 0.0725509524345398 0.010219990275800228 -0.02690695971250534
v 0.0725509524345398 0.010437959805130959 -0.02674799971282482
v 0.0725509524345398 0.010219990275800228 -0.02690695971250534
v 0.0712689682841301 0.0 -0.026270980015397072
v 0.0725509524345398 0.010437959805130959 -0.02674799971282482
v 0.30744901299476624 -0.03689097985625267 0.01101296953856945
v 0.3051849901676178 -0.037809960544109344 0.0065519800409674644
v 0.30758801102638245 -0.03649698942899704 0.010749990120530128
v 0.2642599940299988 0.03490399941802025 -0.017355969175696373
v 0.2782900035381317 0.03125493973493576 -0.021913999691605568
v 0.2627590000629425 0.03136098012328148 -0.02230994962155819
v 0.07129400223493576 0.0 0.02638298086822033
v 0.07131797075271606 0.0 0.027369970455765724
v 0.0725509524345398 0.010437959805130959 -0.02674799971282482
v 0.07131797075271606 0.0 0.027370980009436607
v 0.07131797075271606 0.0 0.027369970455765724
v 0.07351397722959518 0.00872498657554388 0.02270895056426525
v 0.1061059981584549 -0.032395001500844955 0.020795999094843864
v 0.10609400272369385 -0.027224000543355942 0.026017960160970688
v 0.09935294836759567 -0.02993297018110752 0.023056980222463608
v 0.07769297808408737 0.024300990626215935 0.023425990715622902
v 0.07826495170593262 0.02631497010588646 0.02235995978116989
v 0.0725509524345398 0.010437959805130959 -0.02674799971282482
v 0.09411095827817917 -0.038995981216430664 0.005444942973554134
v 0.08359997719526291 -0.039198990911245346 0.0022949569392949343
v 0.09434199333190918 -0.03928595036268234 0.0035289519000798464
v 0.27848100662231445 0.01049994956701994 -0.031822968274354935
v 0.28244999051094055 0.010227969847619534 -0.030876990407705307
v 0.2824470102787018 0.010225949808955193 -0.030877940356731415
v 0.07255297154188156 0.006788969039916992 -0.027100980281829834
v 0.09920697659254074 0.01049994956701994 -0.031802948564291
v 0.09978096932172775 0.0 -0.03235094994306564
v 0.0903039500117302 -0.029256990179419518 0.022027960047125816
v 0.08052700012922287 -0.03149700164794922 0.01809798926115036
v 0.09935294836759567 -0.02993297018110752 0.023056980222463608
v 0.08052700012922287 -0.03149700164794922 0.01809798926115036
v 0.09108798950910568 -0.031840980052948 0.019664999097585678
v 0.09935294836759567 -0.02993297018110752 0.023056980222463608
v 0.09108798950910568 -0.031840980052948 0.019664999097585678
v 0.09937094897031784 -0.03236895054578781 0.020359989255666733
v 0.09935294836759567 -0.02993297018110752 0.023056980222463608
v 0.09950298070907593 0.0343889482319355 0.017542950809001923
v 0.08232200145721436 0.0358879491686821 0.01354795042425394
v 0.08186399191617966 0.034518949687480927 0.015619990415871143
v 0.07458095997571945 -0.02423197031021118 0.02319698967039585
v 0.07448195666074753 -0.0242189709097147 0.023204980418086052
v 0.07448195666074753 -0.0242189709097147 0.023204980418086052
v 0.2940410077571869 -0.027388980612158775 0.025599950924515724
v 0.3012079894542694 -0.029960980638861656 0.022386960685253143
v 0.3020530045032501 -0.028167959302663803 0.023920949548482895
v 0.14045000076293945 0.029891960322856903 0.023981979116797447
v 0.2527720034122467 0.03254996985197067 0.020982980728149414
v 0.14031299948692322 0.032344989478588104 0.02122396044433117
v 0.09267996996641159 -0.0361749492585659 0.013533939607441425
v 0.09308897703886032 -0.037173978984355927 0.011543979868292809
v 0.09940999001264572 -0.03624194115400314 0.014226970262825489
v 0.2854360044002533 0.02672100067138672 -0.02497296966612339
v 0.2886810004711151 0.031120000407099724 -0.020770959556102753
v 0.2878659963607788 0.02875595912337303 -0.022855989634990692
v 0.09267996996641159 -0.0361749492585659 0.013533939607441425
v 0.08268194645643234 -0.03674900159239769 0.011112979613244534
v 0.09308897703886032 -0.037173978984355927 0.011543979868292809
v 0.08268194645643234 -0.03674900159239769 0.011112979613244534
v 0.09226500242948532 -0.03557198867201805 0.014625960029661655
v 0.0824429914355278 -0.03581397980451584 0.012680940330028534
v 0.0903039500117302 -0.029256990179419518 0.022027960047125816
v 0.07952696084976196 -0.02789396047592163 0.02111095003783703
v 0.08052700012922287 -0.03149700164794922 0.01809798926115036
v 0.09124796837568283 -0.03230898827314377 0.019122950732707977
v 0.09108798950910568 -0.031840980052948 0.019664999097585678
v 0.08052700012922287 -0.03149700164794922 0.01809798926115036
v 0.07952696084976196 -0.02789396047592163 0.02111095003783703
v 0.11301799863576889 -0.01402198988944292 0.032193951308727264
v 0.10607299953699112 -0.006881951820105314 0.03278898820281029
v 0.10607700049877167 -0.0140299703925848 0.032125938683748245
v 0.313275009393692 -0.030964970588684082 0.019753990694880486
v 0.30785199999809265 -0.03158700093626976 0.008796988986432552
v 0.3131279945373535 -0.030602989718317986 0.019361969083547592
v 0.30758801102638245 -0.03649698942899704 0.010749990120530128
v 0.30785199999809265 -0.03158700093626976 0.008796988986432552
v 0.313275009393692 -0.030964970588684082 0.019753990694880486
v 0.3051849901676178 -0.037809960544109344 0.0065519800409674644
v 0.2968449890613556 -0.03353697061538696 -0.013092990033328533
v 0.30758801102638245 -0.03649698942899704 0.010749990120530128
v 0.11299300193786621 -0.02423899993300438 0.028193950653076172
v 0.10608399659395218 -0.02099096029996872 0.02987997978925705
v 0.10608900338411331 -0.02422099933028221 0.028136959299445152
v 0.3026390075683594 -0.03875898942351341 0.0022439949680119753
v 0.2963019907474518 -0.03362493962049484 -0.014162000268697739
v 0.3051849901676178 -0.037809960544109344 0.0065519800409674644
v 0.30202698707580566 -0.038672979921102524 0.0011119840200990438
v 0.2959020137786865 -0.033668991178274155 -0.014918980188667774
v 0.3026390075683594 -0.03875898942351341 0.0022439949680119753
v 0.2993369996547699 -0.03870099037885666 -0.0034849639050662518
v 0.2958369851112366 -0.03366094082593918 -0.015037000179290771
v 0.30202698707580566 -0.038672979921102524 0.0011119840200990438
v 0.29895299673080444 -0.03920799121260643 -0.003320991061627865
v 0.2955009937286377 -0.033603958785533905 -0.015678999945521355
v 0.2993369996547699 -0.03870099037885666 -0.0034849639050662518
v 0.2965970039367676 -0.03802895173430443 -0.008075951598584652
v 0.29541799426078796 -0.033581968396902084 -0.015821989625692368
v 0.29895299673080444 -0.03920799121260643 -0.003320991061627865
v 0.2963080108165741 -0.038313981145620346 -0.007992981933057308
v 0.2952300012111664 -0.033529989421367645 -0.01614397019147873
v 0.2965970039367676 -0.03802895173430443 -0.008075951598584652
v 0.2947629988193512 -0.037169989198446274 -0.01093900017440319
v 0.29519298672676086 -0.033517949283123016 -0.016202980652451515
v 0.2963080108165741 -0.038313981145620346 -0.007992981933057308
v 0.29231101274490356 -0.03544598072767258 -0.014705950394272804
v 0.29486599564552307 -0.03337198123335838 -0.01662098988890648
v 0.29505300521850586 -0.03346097096800804 -0.016396990045905113
v 0.2920840084552765 -0.035237960517406464 -0.015119959600269794
v 0.2947719991207123 -0.03332196921110153 -0.016740970313549042
v 0.29231101274490356 -0.03544598072767258 -0.014705950394272804
v 0.27524998784065247 0.007249950896948576 -0.03243296965956688
v 0.2807680070400238 0.006778954993933439 -0.0313989482820034
v 0.2807759940624237 0.0066259498707950115 -0.0314059816300869
v 0.27706098556518555 0.026800990104675293 -0.026072969660162926
v 0.2691250145435333 0.02686196006834507 -0.026400979608297348
v 0.2782900035381317 0.03125493973493576 -0.021913999691605568
v 0.2691250145435333 0.02686196006834507 -0.026400979608297348
v 0.26347801089286804 0.028846969828009605 -0.024782000109553337
v 0.2782900035381317 0.03125493973493576 -0.021913999691605568
v 0.26347801089286804 0.028846969828009605 -0.024782000109553337
v 0.26248499751091003 0.030529970303177834 -0.02322297915816307
v 0.2782900035381317 0.03125493973493576 -0.021913999691605568
v 0.26248499751091003 0.030529970303177834 -0.02322297915816307
v 0.2627590000629425 0.03136098012328148 -0.02230994962155819
v 0.2782900035381317 0.03125493973493576 -0.021913999691605568
v 0.2896449863910675 0.032536979764699936 -0.019163960590958595
v 0.2891260087490082 0.03167396038770676 -0.02017395943403244
v 0.2782900035381317 0.03125493973493576 -0.021913999691605568
v 0.07826495170593262 0.02631497010588646 0.02235995978116989
v 0.07892899960279465 0.02849894016981125 -0.020747000351548195
v 0.0725509524345398 0.010437959805130959 -0.02674799971282482
v 0.26248499751091003 0.030529970303177834 -0.02322297915816307
v 0.24799999594688416 0.03138798102736473 -0.02240896038711071
v 0.2627590000629425 0.03136098012328148 -0.02230994962155819
v 0.26248499751091003 0.030529970303177834 -0.02322297915816307
v 0.2561750113964081 0.028614990413188934 -0.025161979719996452
v 0.24799999594688416 0.03138798102736473 -0.02240896038711071
v 0.2561750113964081 0.028614990413188934 -0.025161979719996452
v 0.13382300734519958 0.03115396946668625 -0.022640999406576157
v 0.24799999594688416 0.03138798102736473 -0.02240896038711071
v 0.11298099905252457 -0.02724497951567173 0.026065999642014503
v 0.11296900361776352 -0.029982980340719223 0.023597950115799904
v 0.10615900158882141 0.027072960510849953 0.02610998973250389
v 0.11298199743032455 0.029850950464606285 0.023804960772395134
v 0.106175996363163 0.029828960075974464 0.02365899085998535
v 0.09708999842405319 0.03467994183301926 -0.016899999231100082
v 0.0831339880824089 0.03727297857403755 -0.010820980183780193
v 0.10451500117778778 0.0347059890627861 -0.017334990203380585
v 0.08961998671293259 0.03732496127486229 -0.01115994993597269
v 0.09708999842405319 0.03467994183301926 -0.016899999231100082
v 0.08244197815656662 0.03637896850705147 -0.012509999796748161
v 0.0831339880824089 0.03727297857403755 -0.010820980183780193
v 0.09708999842405319 0.03467994183301926 -0.016899999231100082
v 0.08176100254058838 0.03457795828580856 -0.015571950003504753
v 0.08244197815656662 0.03637896850705147 -0.012509999796748161
v 0.08026795834302902 0.0319739505648613 -0.017784949392080307
v 0.07994800060987473 0.031170960515737534 -0.018339989706873894
v 0.08123099058866501 0.034307949244976044 -0.015227969735860825
v 0.07994800060987473 0.031170960515737534 -0.018339989706873894
v 0.080889992415905 0.033582981675863266 0.0159449502825737
v 0.08123099058866501 0.034307949244976044 -0.015227969735860825
v 0.07994800060987473 0.031170960515737534 -0.018339989706873894
v 0.08016300201416016 0.03173995018005371 0.017825959250330925
v 0.080889992415905 0.033582981675863266 0.0159449502825737
v 0.07129698246717453 -0.0022499558981508017 0.02619796060025692
v 0.07285498827695847 -0.018881969153881073 -0.023073969408869743
v 0.07315199822187424 -0.020542969927191734 0.02481894940137863
v 0.08053796738386154 0.03210299834609032 0.01832997053861618
v 0.09284894913434982 0.03222798928618431 0.01976495049893856
v 0.08133900165557861 0.03389095887541771 0.01634299010038376
v 0.09284894913434982 0.03222798928618431 0.01976495049893856
v 0.08186399191617966 0.034518949687480927 0.015619990415871143
v 0.08133900165557861 0.03389095887541771 0.01634299010038376
v 0.09284894913434982 0.03222798928618431 0.01976495049893856
v 0.0994749590754509 0.032258979976177216 0.02049195021390915
v 0.08186399191617966 0.034518949687480927 0.015619990415871143
v 0.0994749590754509 0.032258979976177216 0.02049195021390915
v 0.09950298070907593 0.0343889482319355 0.017542950809001923
v 0.08186399191617966 0.034518949687480927 0.015619990415871143
v 0.10619200021028519 0.032284971326589584 0.02090298943221569
v 0.11297199875116348 0.03230594843626022 0.021045979112386703
v 0.09950298070907593 0.0343889482319355 0.017542950809001923
v 0.11297199875116348 0.03230594843626022 0.021045979112386703
v 0.11295299977064133 0.036201950162649155 0.01476799976080656
v 0.09950298070907593 0.0343889482319355 0.017542950809001923
v 0.11295299977064133 0.036201950162649155 0.01476799976080656
v 0.10622300207614899 0.03618793934583664 0.014646939933300018
v 0.09950298070907593 0.0343889482319355 0.017542950809001923
v 0.10622300207614899 0.03618793934583664 0.014646939933300018
v 0.09307097643613815 0.03718698024749756 0.011711000464856625
v 0.09952998161315918 0.036170948296785355 0.014374970458447933
v 0.10622300207614899 0.03618793934583664 0.014646939933300018
v 0.11295299977064133 0.036201950162649155 0.01476799976080656
v 0.09307097643613815 0.03718698024749756 0.011711000464856625
v 0.28338998556137085 0.03918898105621338 0.004576981067657471
v 0.29081299901008606 0.0390319786965847 0.005439995788037777
v 0.29056400060653687 0.039312951266765594 0.0032629959750920534
v 0.2691250145435333 0.02686196006834507 -0.026400979608297348
v 0.27609699964523315 0.021601969376206398 -0.029301999136805534
v 0.2681500017642975 0.021640950813889503 -0.029660990461707115
v 0.2834709882736206 0.006681977771222591 0.03286796063184738
v 0.28987398743629456 0.013925960287451744 0.032179951667785645
v 0.28331899642944336 0.013915950432419777 0.03225398063659668
v 0.3000369966030121 0.03184998035430908 0.02028696984052658
v 0.3100689947605133 0.033305998891592026 0.017480960115790367
v 0.29249700903892517 0.03241097182035446 0.020407969132065773
v 0.31159698963165283 0.030847959220409393 0.02010696940124035
v 0.31207001209259033 0.03078394941985607 0.019865980371832848
v 0.3100689947605133 0.033305998891592026 0.017480960115790367
v 0.3000369966030121 0.03184998035430908 0.02028696984052658
v 0.31159698963165283 0.030847959220409393 0.02010696940124035
v 0.3100689947605133 0.033305998891592026 0.017480960115790367
v 0.28998899459838867 -0.032239969819784164 -0.019213970750570297
v 0.29008299112319946 -0.03137195110321045 -0.020159950479865074
v 0.2916660010814667 -0.030499989166855812 -0.020930999889969826
v 0.2724030017852783 -0.03257495164871216 -0.020505959168076515
v 0.2724030017852783 -0.03257495164871216 -0.020505959168076515
v 0.2717350125312805 -0.027378970757126808 -0.02583198994398117
v 0.2916660010814667 -0.030499989166855812 -0.020930999889969826
v 0.2717350125312805 -0.027378970757126808 -0.02583198994398117
v 0.2815139889717102 -0.02724199928343296 -0.024895960465073586
v 0.2916660010814667 -0.030499989166855812 -0.020930999889969826
v 0.3098210096359253 0.03365099057555199 0.01705198921263218
v 0.29249700903892517 0.03241097182035446 0.020407969132065773
v 0.3100689947605133 0.033305998891592026 0.017480960115790367
v 0.278905987739563 0.0 -0.03216195106506348
v 0.2809079885482788 0.0 -0.031695958226919174
v 0.2818489968776703 -0.006904959212988615 -0.031216969713568687
v 0.2809079885482788 0.0 -0.031695958226919174
v 0.28210899233818054 0.0 -0.03140496835112572
v 0.2818489968776703 -0.006904959212988615 -0.031216969713568687
v 0.2809079885482788 0.0 -0.031695958226919174
v 0.28151899576187134 0.0030839440878480673 -0.03142796829342842
v 0.28210899233818054 0.0 -0.03140496835112572
v 0.278905987739563 0.0 -0.03216195106506348
v 0.28151899576187134 0.0030839440878480673 -0.03142796829342842
v 0.2809079885482788 0.0 -0.031695958226919174
v 0.28130099177360535 0.03741598129272461 -0.011599949561059475
v 0.29117798805236816 0.034714989364147186 -0.01614397019147873
v 0.27972400188446045 0.03482197970151901 -0.017022959887981415
v 0.3085150122642517 0.03564196079969406 0.01376396045088768
v 0.3062469959259033 0.03732895106077194 0.010838979855179787
v 0.3080900013446808 0.03570698946714401 0.014051970094442368
v 0.30214399099349976 -0.03934096917510033 0.002585947047919035
v 0.30483999848365784 -0.03837496042251587 0.006783961784094572
v 0.3046390116214752 -0.03855495899915695 0.00706899119541049
v 0.31300199031829834 0.027960000559687614 0.022500989958643913
v 0.31439799070358276 0.025270989164710045 0.02410995028913021
v 0.3134720027446747 0.02795100025832653 0.022204989567399025
v 0.31300199031829834 0.027960000559687614 0.022500989958643913
v 0.31360098719596863 0.026394959539175034 0.0235129501670599
v 0.31439799070358276 0.025270989164710045 0.02410995028913021
v 0.3151730000972748 0.021295959129929543 0.026139970868825912
v 0.29552701115608215 0.01751995086669922 0.030806949362158775
v 0.31604498624801636 0.01832997053861618 0.02712899073958397
v 0.10153300315141678 -0.039182960987091064 0.00457495404407382
v 0.2907939851284027 -0.039069950580596924 0.005455969832837582
v 0.10148800164461136 -0.03905098885297775 0.00540995504707098
v 0.08337794989347458 0.03821396082639694 0.008074997924268246
v 0.08952099084854126 0.03728795051574707 0.011230939999222755
v 0.09098397940397263 0.03835998848080635 0.008225977420806885
v 0.3020530045032501 -0.028167959302663803 0.023920949548482895
v 0.3012079894542694 -0.029960980638861656 0.022386960685253143
v 0.3135240077972412 -0.03051798976957798 0.020169969648122787
v 0.2932850122451782 0.029977969825267792 0.02314697951078415
v 0.2807539999485016 0.03008997067809105 0.02361195906996727
v 0.2815049886703491 0.027342969551682472 0.026099970564246178
v 0.30096501111984253 -0.030816970393061638 0.021569959819316864
v 0.3109470009803772 -0.032378971576690674 0.01839900016784668
v 0.313275009393692 -0.030964970588684082 0.019753990694880486
v 0.3109470009803772 -0.032378971576690674 0.01839900016784668
v 0.3101769983768463 -0.03352098912000656 0.017069989815354347
v 0.313275009393692 -0.030964970588684082 0.019753990694880486
v 0.3101769983768463 -0.03352098912000656 0.017069989815354347
v 0.3083229959011078 -0.03605895861983299 0.013147950172424316
v 0.313275009393692 -0.030964970588684082 0.019753990694880486
v 0.3083229959011078 -0.03605895861983299 0.013147950172424316
v 0.3085640072822571 -0.035923950374126434 0.012929970398545265
v 0.313275009393692 -0.030964970588684082 0.019753990694880486
v 0.3085640072822571 -0.035923950374126434 0.012929970398545265
v 0.308694988489151 -0.03553897142410278 0.012635939754545689
v 0.313275009393692 -0.030964970588684082 0.019753990694880486
v 0.308694988489151 -0.03553897142410278 0.012635939754545689
v 0.30758801102638245 -0.03649698942899704 0.010749990120530128
v 0.313275009393692 -0.030964970588684082 0.019753990694880486
v 0.25521400570869446 -0.01774298958480358 0.03126697987318039
v 0.1410679966211319 -0.014015969820320606 0.03222696855664253
v 0.1410139948129654 -0.017591949552297592 0.03131996840238571
v 0.11922699958086014 0.031131979078054428 -0.022551000118255615
v 0.10451789945363998 0.02660994976758957 -0.02638000063598156
v 0.10318700224161148 0.029334960505366325 -0.023970959708094597
v 0.3024689853191376 -0.039156969636678696 0.0023799529299139977
v 0.30202698707580566 -0.038672979921102524 0.0011119840200990438
v 0.3026390075683594 -0.03875898942351341 0.0022439949680119753
v 0.3024689853191376 -0.039156969636678696 0.0023799529299139977
v 0.2993369996547699 -0.03870099037885666 -0.0034849639050662518
v 0.30202698707580566 -0.038672979921102524 0.0011119840200990438
v 0.3024689853191376 -0.039156969636678696 0.0023799529299139977
v 0.29895299673080444 -0.03920799121260643 -0.003320991061627865
v 0.2993369996547699 -0.03870099037885666 -0.0034849639050662518
v 0.29335999488830566 -0.03866899013519287 -0.006947994232177734
v 0.29661500453948975 -0.03859299048781395 -0.006893991958349943
v 0.29895299673080444 -0.03920799121260643 -0.003320991061627865
v 0.3024689853191376 -0.039156969636678696 0.0023799529299139977
v 0.30169999599456787 -0.03926097974181175 0.0013329980429261923
v 0.29895299673080444 -0.03920799121260643 -0.003320991061627865
v 0.294512003660202 -0.03949999064207077 0.0
v 0.28738099336624146 -0.03943793848156929 -0.0013359780423343182
v 0.29895299673080444 -0.03920799121260643 -0.003320991061627865
v 0.29895299673080444 -0.03920799121260643 -0.003320991061627865
v 0.2577660083770752 -0.03946495056152344 -0.001511991024017334
v 0.25646400451660156 -0.03873198851943016 -0.0073409671895205975
v 0.29895299673080444 -0.03920799121260643 -0.003320991061627865
v 0.25646400451660156 -0.03873198851943016 -0.0073409671895205975
v 0.29335999488830566 -0.03866899013519287 -0.006947994232177734
v 0.29895299673080444 -0.03920799121260643 -0.003320991061627865
v 0.2927910089492798 -0.036168988794088364 -0.013372000306844711
v 0.29231101274490356 -0.03544598072767258 -0.014705950394272804
v 0.2947629988193512 -0.037169989198446274 -0.01093900017440319
v 0.2960669994354248 -0.038399990648031235 -0.00787895917892456
v 0.27348899841308594 -0.03639495000243187 -0.014189000241458416
v 0.2947629988193512 -0.037169989198446274 -0.01093900017440319
v 0.27348899841308594 -0.03639495000243187 -0.014189000241458416
v 0.2927910089492798 -0.036168988794088364 -0.013372000306844711
v 0.2947629988193512 -0.037169989198446274 -0.01093900017440319
v 0.2966490089893341 -0.036265961825847626 0.014199970290064812
v 0.29170000553131104 -0.03459798917174339 0.017449969425797462
v 0.29078999161720276 -0.03632599115371704 0.014269939623773098
v 0.09941697120666504 0.027048999443650246 0.02556598000228405
v 0.079708993434906 0.029472939670085907 0.020805949345231056
v 0.07874000072479248 0.02645294927060604 0.022842999547719955
v 0.2681500017642975 0.021640950813889503 -0.029660990461707115
v 0.26356300711631775 0.025514960289001465 -0.027389999479055405
v 0.2691250145435333 0.02686196006834507 -0.026400979608297348
v 0.26356300711631775 0.025514960289001465 -0.027389999479055405
v 0.2560789883136749 0.026275990530848503 -0.027043990790843964
v 0.2691250145435333 0.02686196006834507 -0.026400979608297348
v 0.2560789883136749 0.026275990530848503 -0.027043990790843964
v 0.2560650110244751 0.027051979675889015 -0.026451999321579933
v 0.2691250145435333 0.02686196006834507 -0.026400979608297348
v 0.2691250145435333 0.02686196006834507 -0.026400979608297348
v 0.2561750113964081 0.028614990413188934 -0.025161979719996452
v 0.26347801089286804 0.028846969828009605 -0.024782000109553337
v 0.2691250145435333 0.02686196006834507 -0.026400979608297348
v 0.26248499751091003 0.030529970303177834 -0.02322297915816307
v 0.24683800339698792 0.02692699059844017 -0.026607990264892578
v 0.1336580067873001 0.026668960228562355 -0.02677595056593418
v 0.2561750113964081 0.028614990413188934 -0.025161979719996452
v 0.1336580067873001 0.026668960228562355 -0.02677595056593418
v 0.13382300734519958 0.03115396946668625 -0.022640999406576157
v 0.2561750113964081 0.028614990413188934 -0.025161979719996452
v 0.10318700224161148 0.029334960505366325 -0.023970959708094597
v 0.10451699793338776 0.03108799085021019 -0.022245999425649643
v 0.11922699958086014 0.031131979078054428 -0.022551000118255615
v 0.10134299844503403 0.03054100088775158 -0.022605950012803078
v 0.09711599349975586 0.031057000160217285 -0.021646970883011818
v 0.10451699793338776 0.03108799085021019 -0.022245999425649643
v 0.07129400223493576 0.0 0.02638298086822033
v 0.0712689682841301 0.0 -0.026270980015397072
v 0.07129698246717453 -0.0022499558981508017 0.02619796060025692
v 0.2738179862499237 0.039479970932006836 0.0011529920157045126
v 0.2876099944114685 0.03947596997022629 0.0012499690055847168
v 0.2995850145816803 0.03949999064207077 4.699999772128649e-05
v 0.28538399934768677 0.039455950260162354 0.0016939640045166016
v 0.2898460030555725 0.039408981800079346 0.0023889539297670126
v 0.07905297726392746 0.028669949620962143 -0.021043000742793083
v 0.08026795834302902 0.0319739505648613 -0.017784949392080307
v 0.08050096035003662 0.03183995932340622 -0.01865196041762829
v 0.2898460030555725 0.039408981800079346 0.0023889539297670126
v 0.3007650077342987 0.03894298896193504 0.00567698385566473
v 0.2995850145816803 0.03949999064207077 4.699999772128649e-05
v 0.28338998556137085 0.03918898105621338 0.004576981067657471
v 0.2898460030555725 0.039408981800079346 0.0023889539297670126
v 0.28381699323654175 0.03933994844555855 0.0032619829289615154
v 0.07905297726392746 0.028669949620962143 -0.021043000742793083
v 0.07994800060987473 0.031170960515737534 -0.018339989706873894
v 0.08026795834302902 0.0319739505648613 -0.017784949392080307
v 0.3001370131969452 0.039445988833904266 4.8999998398358e-05
v 0.2973319888114929 0.03907399997115135 -0.004965960048139095
v 0.2995850145816803 0.03949999064207077 4.699999772128649e-05
v 0.07892899960279465 0.02849894016981125 -0.020747000351548195
v 0.08016300201416016 0.03173995018005371 0.017825959250330925
v 0.07994800060987473 0.031170960515737534 -0.018339989706873894
v 0.2973319888114929 0.03907399997115135 -0.004965960048139095
v 0.2888079881668091 0.03947395086288452 -0.0012819760013371706
v 0.2995850145816803 0.03949999064207077 4.699999772128649e-05
v 0.07892899960279465 0.02849894016981125 -0.020747000351548195
v 0.07923901081085205 0.029296990483999252 0.020362969487905502
v 0.08016300201416016 0.03173995018005371 0.017825959250330925
v 0.2888079881668091 0.03947395086288452 -0.0012819760013371706
v 0.28925999999046326 0.039479970932006836 -0.0011389850405976176
v 0.2995850145816803 0.03949999064207077 4.699999772128649e-05
v 0.09431099146604538 0.039496950805187225 -0.00046199996722862124
v 0.08429098129272461 0.039497971534729004 3.400000059627928e-05
v 0.08429098129272461 0.039497971534729004 3.400000059627928e-05
v 0.0930129811167717 0.03949296101927757 0.0006639999919570982
v 0.2995850145816803 0.03949999064207077 4.699999772128649e-05
v 0.0930129811167717 0.03949296101927757 0.0006639999919570982
v 0.08208899945020676 0.03090994991362095 0.019821999594569206
v 0.09284894913434982 0.03222798928618431 0.01976495049893856
v 0.08053796738386154 0.03210299834609032 0.01832997053861618
v 0.2738179862499237 0.039479970932006836 0.0011529920157045126
v 0.11292199790477753 0.039479970932006836 0.0011529920157045126
v 0.08208899945020676 0.03090994991362095 0.019821999594569206
v 0.09944599121809006 0.029802970588207245 0.02317994087934494
v 0.09284894913434982 0.03222798928618431 0.01976495049893856
v 0.09863799065351486 0.039471980184316635 0.0013429520186036825
v 0.28538399934768677 0.039455950260162354 0.0016939640045166016
v 0.2844589948654175 0.03941696137189865 0.0023539660032838583
v 0.2898460030555725 0.039408981800079346 0.0023889539297670126
v 0.28538399934768677 0.039455950260162354 0.0016939640045166016
v 0.0952799916267395 0.03942494839429855 0.0021749730221927166
v 0.2844589948654175 0.03941696137189865 0.0023539660032838583
v 0.28381699323654175 0.03933994844555855 0.0032619829289615154
v 0.2898460030555725 0.039408981800079346 0.0023889539297670126
v 0.09920697659254074 0.01049994956701994 -0.031802948564291
v 0.07676196098327637 0.015781989321112633 -0.02670096978545189
v 0.09718494862318039 0.015751950442790985 -0.030629990622401237
v 0.29056400060653687 0.039312951266765594 0.0032629959750920534
v 0.28214800357818604 0.02430897019803524 0.02824597992002964
v 0.2886259853839874 0.024270949885249138 0.028128979727625847
v 0.2815049886703491 0.027342969551682472 0.026099970564246178
v 0.29056400060653687 0.039312951266765594 0.0032629959750920534
v 0.29081299901008606 0.0390319786965847 0.005439995788037777
v 0.3007650077342987 0.03894298896193504 0.00567698385566473
v 0.2886259853839874 0.024270949885249138 0.028128979727625847
v 0.2939940094947815 0.027235979214310646 0.025596970692276955
v 0.2815049886703491 0.027342969551682472 0.026099970564246178
v 0.29081299901008606 0.0390319786965847 0.005439995788037777
v 0.2839379906654358 0.03877300024032593 0.006989954970777035
v 0.3007650077342987 0.03894298896193504 0.00567698385566473
v 0.2939940094947815 0.027235979214310646 0.025596970692276955
v 0.29033800959587097 0.0387609601020813 0.006863951217383146
v 0.11298199743032455 0.029850950464606285 0.023804960772395134
v 0.14031299948692322 0.032344989478588104 0.02122396044433117
v 0.11297199875116348 0.03230594843626022 0.021045979112386703
v 0.29026100039482117 0.038724951446056366 0.007042943965643644
v 0.3007650077342987 0.03894298896193504 0.00567698385566473
v 0.29026100039482117 0.038724951446056366 0.007042943965643644
v 0.3043000102043152 0.038513001054525375 0.007422983180731535
v 0.3007650077342987 0.03894298896193504 0.00567698385566473
v 0.09936194866895676 0.020802969112992287 0.029286980628967285
v 0.07744497060775757 0.02099597081542015 0.025346990674734116
v 0.09933798760175705 0.01739495061337948 0.030560970306396484
v 0.31159698963165283 0.030847959220409393 0.02010696940124035
v 0.3000369966030121 0.03184998035430908 0.02028696984052658
v 0.2932850122451782 0.029977969825267792 0.02314697951078415
v 0.10288599878549576 -0.02656196989119053 -0.02476893924176693
v 0.11260200291872025 -0.020547980442643166 -0.028984960168600082
v 0.11273899674415588 -0.02658098004758358 -0.02506398968398571
v 0.3019759953022003 0.03907996043562889 0.0022999639622867107
v 0.3001370131969452 0.039445988833904266 4.8999998398358e-05
v 0.30382201075553894 0.038783960044384 0.006137967109680176
v 0.2998589873313904 0.039156969636678696 -0.0013960000360384583
v 0.2973319888114929 0.03907399997115135 -0.004965960048139095
v 0.3001370131969452 0.039445988833904266 4.8999998398358e-05
v 0.14058199524879456 0.027132980525493622 0.02642500028014183
v 0.25350698828697205 0.030125970020890236 0.02376597933471203
v 0.14045000076293945 0.029891960322856903 0.023981979116797447
v 0.2724030017852783 -0.03257495164871216 -0.020505959168076515
v 0.29008299112319946 -0.03137195110321045 -0.020159950479865074
v 0.28998899459838867 -0.032239969819784164 -0.019213970750570297
v 0.29775699973106384 0.03882097825407982 -0.005165994167327881
v 0.29671400785446167 0.038654979318380356 -0.006605981849133968
v 0.2973319888114929 0.03907399997115135 -0.004965960048139095
v 0.29671400785446167 0.038654979318380356 -0.006605981849133968
v 0.2969970107078552 0.03895394876599312 -0.005569993983954191
v 0.2973319888114929 0.03907399997115135 -0.004965960048139095
v 0.08336596935987473 -0.03835295885801315 0.007196961902081966
v 0.09308897703886032 -0.037173978984355927 0.011543979868292809
v 0.08268194645643234 -0.03674900159239769 0.011112979613244534
v 0.2969970107078552 0.03895394876599312 -0.005569993983954191
v 0.28296199440956116 0.03898197039961815 -0.0058459630236029625
v 0.2973319888114929 0.03907399997115135 -0.004965960048139095
v 0.28296199440956116 0.03898197039961815 -0.0058459630236029625
v 0.252828985452652 0.038998961448669434 -0.006042956840246916
v 0.2973319888114929 0.03907399997115135 -0.004965960048139095
v 0.252828985452652 0.038998961448669434 -0.006042956840246916
v 0.2842009961605072 0.03946495056152344 -0.001511991024017334
v 0.2973319888114929 0.03907399997115135 -0.004965960048139095
v 0.2842009961605072 0.03946495056152344 -0.001511991024017334
v 0.28925999999046326 0.039479970932006836 -0.0011389850405976176
v 0.2842009961605072 0.03946495056152344 -0.001511991024017334
v 0.10450299829244614 0.03946495056152344 -0.001511991024017334
v 0.254146009683609 0.02737599052488804 0.02624898962676525
v 0.14070700109004974 0.02410298027098179 0.028513960540294647
v 0.25467899441719055 0.024333950132131577 0.028384979814291
v 0.26638999581336975 0.0 -0.03309296816587448
v 0.2710770070552826 0.0 -0.03300993889570236
v 0.2719930112361908 -0.006811975967139006 -0.032749950885772705
v 0.2727409899234772 0.0 -0.03297495096921921
v 0.08370500057935715 0.039122991263866425 9.999999974752427e-07
v 0.08356600254774094 0.03887199983000755 0.00464999582618475
v 0.08429098129272461 0.039497971534729004 3.400000059627928e-05
v 0.08356600254774094 0.03887199983000755 0.00464999582618475
v 0.08417098969221115 0.03927898034453392 0.0035479660145938396
v 0.08429098129272461 0.039497971534729004 3.400000059627928e-05
v 0.2727409899234772 0.0 -0.03297495096921921
v 0.27524998784065247 0.007249950896948576 -0.03243296965956688
v 0.278905987739563 0.0 -0.03216195106506348
v 0.08417098969221115 0.03927898034453392 0.0035479660145938396
v 0.0917779803276062 0.039377979934215546 0.0027229778934270144
v 0.08429098129272461 0.039497971534729004 3.400000059627928e-05
v 0.2727409899234772 0.0 -0.03297495096921921
v 0.2732200026512146 0.01049994956701994 -0.03248196095228195
v 0.27524998784065247 0.007249950896948576 -0.03243296965956688
v 0.0917779803276062 0.039377979934215546 0.0027229778934270144
v 0.0952799916267395 0.03942494839429855 0.0021749730221927166
v 0.08429098129272461 0.039497971534729004 3.400000059627928e-05
v 0.2727409899234772 0.0 -0.03297495096921921
v 0.27095600962638855 0.006436944007873535 -0.03281693905591965
v 0.2732200026512146 0.01049994956701994 -0.03248196095228195
v 0.0952799916267395 0.03942494839429855 0.0021749730221927166
v 0.0930129811167717 0.03949296101927757 0.0006639999919570982
v 0.08429098129272461 0.039497971534729004 3.400000059627928e-05
v 0.27095600962638855 0.006436944007873535 -0.03281693905591965
v 0.268436998128891 0.010219990275800228 -0.032647959887981415
v 0.2732200026512146 0.01049994956701994 -0.03248196095228195
v 0.10450299829244614 0.03946495056152344 -0.001511991024017334
v 0.08417295664548874 0.03928297013044357 -0.0035209651105105877
v 0.08429098129272461 0.039497971534729004 3.400000059627928e-05
v 0.2671250104904175 0.01049994956701994 -0.032652970403432846
v 0.2671250104904175 0.01049994956701994 -0.032652970403432846
v 0.2675189971923828 0.015852980315685272 -0.03179800137877464
v 0.2732200026512146 0.01049994956701994 -0.03248196095228195
v 0.10073599964380264 0.03939199075102806 0.0026579489931464195
v 0.2844589948654175 0.03941696137189865 0.0023539660032838583
v 0.10073599964380264 0.03939199075102806 0.0026579489931464195
v 0.26061999797821045 0.02065097913146019 -0.030211979523301125
v 0.2681500017642975 0.021640950813889503 -0.029660990461707115
v 0.2675189971923828 0.015852980315685272 -0.03179800137877464
v 0.26061999797821045 0.02065097913146019 -0.030211979523301125
v 0.2681500017642975 0.021640950813889503 -0.029660990461707115
v 0.25710201263427734 0.023072950541973114 -0.029066970571875572
v 0.26638999581336975 0.0 -0.03309296816587448
v 0.2521049976348877 -0.0066349501721560955 -0.03287297114729881
v 0.2511500120162964 0.0 -0.03309499844908714
v 0.26356300711631775 0.025514960289001465 -0.027389999479055405
v 0.3151730000972748 0.021295959129929543 0.026139970868825912
v 0.2951259911060333 0.020964980125427246 0.0294649600982666
v 0.29552701115608215 0.01751995086669922 0.030806949362158775
v 0.09978096932172775 0.0 -0.03235094994306564
v 0.10474199801683426 0.01049994956701994 -0.032487981021404266
v 0.10613299906253815 0.0 -0.033038970082998276
v 0.07895194739103317 0.0264699999243021 -0.022842999547719955
v 0.09608697146177292 0.02650194987654686 -0.025514960289001465
v 0.09599798172712326 0.025586960837244987 -0.026133950799703598
v 0.2940329909324646 0.0381159707903862 0.009091973304748535
v 0.3019140064716339 0.037304989993572235 0.011122999712824821
v 0.3043000102043152 0.038513001054525375 0.007422983180731535
v 0.29461199045181274 0.0242189709097147 0.027715979143977165
v 0.3140439987182617 0.025234989821910858 0.024262959137558937
v 0.31360098719596863 0.026394959539175034 0.0235129501670599
v 0.29026100039482117 0.038724951446056366 0.007042943965643644
v 0.2896119952201843 0.038563959300518036 0.007751941215246916
v 0.3043000102043152 0.038513001054525375 0.007422983180731535
v 0.2896119952201843 0.038563959300518036 0.007751941215246916
v 0.285629004240036 0.03843497857451439 0.00839698314666748
v 0.3043000102043152 0.038513001054525375 0.007422983180731535
v 0.2940329909324646 0.0381159707903862 0.009091973304748535
v 0.29081299901008606 0.0390319786965847 0.005439995788037777
v 0.2825790047645569 -0.02121995948255062 0.0298459492623806
v 0.25521400570869446 -0.01774298958480358 0.03126697987318039
v 0.25485700368881226 -0.02123796008527279 0.029875990003347397
v 0.29608601331710815 -7.899999764049426e-05 0.032539959996938705
v 0.3149299919605255 -0.00040499999886378646 0.02916097082197666
v 0.3149380087852478 -4.999999873689376e-06 0.029168959707021713
v 0.3013499975204468 -0.0069549670442938805 0.03138595074415207
v 0.3149299919605255 -0.00040499999886378646 0.02916097082197666
v 0.2960349917411804 -0.0069019789807498455 0.032389990985393524
v 0.3013499975204468 -0.0069549670442938805 0.03138595074415207
v 0.31422799825668335 -0.004964946769177914 0.028913969174027443
v 0.3145110011100769 -0.0019749989733099937 0.029115969315171242
v 0.30430901050567627 0.03818397969007492 0.005718945991247892
v 0.2998589873313904 0.039156969636678696 -0.0013960000360384583
v 0.3019759953022003 0.03907996043562889 0.0022999639622867107
v 0.10134699940681458 0.039285000413656235 0.0037619469221681356
v 0.28381699323654175 0.03933994844555855 0.0032619829289615154
v 0.10073599964380264 0.03939199075102806 0.0026579489931464195
v 0.30430901050567627 0.03818397969007492 0.005718945991247892
v 0.29802200198173523 0.03829997032880783 -0.0052289958111941814
v 0.2998589873313904 0.039156969636678696 -0.0013960000360384583
v 0.3005880117416382 -0.021097000688314438 0.028685979545116425
v 0.3031109869480133 -0.025249000638723373 0.025861969217658043
v 0.3134010136127472 -0.026734940707683563 0.023182980716228485
v 0.28331899642944336 0.013915950432419777 0.03225398063659668
v 0.289588987827301 0.01753300055861473 0.03126299008727074
v 0.28306400775909424 0.017542000859975815 0.03135596960783005
v 0.3026390075683594 -0.03875898942351341 0.0022439949680119753
v 0.30483999848365784 -0.03837496042251587 0.006783961784094572
v 0.3024689853191376 -0.039156969636678696 0.0023799529299139977
v 0.2945539951324463 0.03760999068617821 -0.010284960269927979
v 0.2969970107078552 0.03895394876599312 -0.005569993983954191
v 0.29671400785446167 0.038654979318380356 -0.006605981849133968
v 0.2945539951324463 0.03760999068617821 -0.010284960269927979
v 0.28130099177360535 0.03741598129272461 -0.011599949561059475
v 0.2969970107078552 0.03895394876599312 -0.005569993983954191
v 0.28130099177360535 0.03741598129272461 -0.011599949561059475
v 0.265953004360199 0.037461988627910614 -0.011853990145027637
v 0.2969970107078552 0.03895394876599312 -0.005569993983954191
v 0.265953004360199 0.037461988627910614 -0.011853990145027637
v 0.28296199440956116 0.03898197039961815 -0.0058459630236029625
v 0.2969970107078552 0.03895394876599312 -0.005569993983954191
v 0.265953004360199 0.037461988627910614 -0.011853990145027637
v 0.2510420083999634 0.03747396916151047 -0.011931950226426125
v 0.28296199440956116 0.03898197039961815 -0.0058459630236029625
v 0.07801198214292526 0.024426989257335663 0.023864980787038803
v 0.07826495170593262 0.02631497010588646 0.02235995978116989
v 0.07769297808408737 0.024300990626215935 0.023425990715622902
v 0.252828985452652 0.038998961448669434 -0.006042956840246916
v 0.2724030017852783 -0.03257495164871216 -0.020505959168076515
v 0.25501200556755066 -0.0364300012588501 -0.014355950057506561
v 0.253803014755249 -0.032628949731588364 -0.020715950056910515
v 0.30800700187683105 -0.03606896847486496 0.013306969776749611
v 0.3083229959011078 -0.03605895861983299 0.013147950172424316
v 0.3101769983768463 -0.03352098912000656 0.017069989815354347
v 0.13430799543857574 0.03897500038146973 -0.006159961223602295
v 0.08417295664548874 0.03928297013044357 -0.0035209651105105877
v 0.252828985452652 0.038998961448669434 -0.006042956840246916
v 0.2999570071697235 -0.03261797875165939 0.01952999085187912
v 0.2983269989490509 -0.03451097011566162 0.01720196008682251
v 0.3101769983768463 -0.03352098912000656 0.017069989815354347
v 0.08417295664548874 0.03928297013044357 -0.0035209651105105877
v 0.2842009961605072 0.03946495056152344 -0.001511991024017334
v 0.252828985452652 0.038998961448669434 -0.006042956840246916
v 0.28998899459838867 -0.032239969819784164 -0.019213970750570297
v 0.27348899841308594 -0.03639495000243187 -0.014189000241458416
v 0.2724030017852783 -0.03257495164871216 -0.020505959168076515
v 0.08417295664548874 0.03928297013044357 -0.0035209651105105877
v 0.13430799543857574 0.03897500038146973 -0.006159961223602295
v 0.10450699925422668 0.03896600008010864 -0.005981980822980404
v 0.08417295664548874 0.03928297013044357 -0.0035209651105105877
v 0.10450699925422668 0.03896600008010864 -0.005981980822980404
v 0.08406995981931686 0.039093971252441406 -0.004798947833478451
v 0.08417295664548874 0.03928297013044357 -0.0035209651105105877
v 0.08370500057935715 0.039122991263866425 9.999999974752427e-07
v 0.08417295664548874 0.03928297013044357 -0.0035209651105105877
v 0.08358298987150192 0.03891396149992943 -0.0034339420963078737
v 0.29461199045181274 0.0242189709097147 0.027715979143977165
v 0.31300199031829834 0.027960000559687614 0.022500989958643913
v 0.2939940094947815 0.027235979214310646 0.025596970692276955
v 0.08352696150541306 0.038830991834402084 -0.004702984821051359
v 0.08288394659757614 0.03768396005034447 -0.007918000221252441
v 0.08358298987150192 0.03891396149992943 -0.0034339420963078737
v 0.08288394659757614 0.03768396005034447 -0.007918000221252441
v 0.0829010009765625 0.03773396834731102 0.007850944064557552
v 0.08358298987150192 0.03891396149992943 -0.0034339420963078737
v 0.0829010009765625 0.03773396834731102 0.007850944064557552
v 0.08370500057935715 0.039122991263866425 9.999999974752427e-07
v 0.08358298987150192 0.03891396149992943 -0.0034339420963078737
v 0.0829010009765625 0.03773396834731102 0.007850944064557552
v 0.08356600254774094 0.03887199983000755 0.00464999582618475
v 0.08370500057935715 0.039122991263866425 9.999999974752427e-07
v 0.0829010009765625 0.03773396834731102 0.007850944064557552
v 0.08265697211027145 0.03713595122098923 0.01025795005261898
v 0.08356600254774094 0.03887199983000755 0.00464999582618475
v 0.08265697211027145 0.03713595122098923 0.01025795005261898
v 0.08337794989347458 0.03821396082639694 0.008074997924268246
v 0.08356600254774094 0.03887199983000755 0.00464999582618475
v 0.29465198516845703 -0.024389980360865593 0.027715979143977165
v 0.3020530045032501 -0.028167959302663803 0.023920949548482895
v 0.3031109869480133 -0.025249000638723373 0.025861969217658043
v 0.08337794989347458 0.03821396082639694 0.008074997924268246
v 0.08407597988843918 0.03910398110747337 0.0047369590029120445
v 0.08356600254774094 0.03887199983000755 0.00464999582618475
v 0.08352696150541306 0.038830991834402084 -0.004702984821051359
v 0.08417295664548874 0.03928297013044357 -0.0035209651105105877
v 0.08406995981931686 0.039093971252441406 -0.004798947833478451
v 0.08407597988843918 0.03910398110747337 0.0047369590029120445
v 0.09408199042081833 0.03916393965482712 0.004571973811835051
v 0.08417098969221115 0.03927898034453392 0.0035479660145938396
v 0.09408199042081833 0.03916393965482712 0.004571973811835051
v 0.10134699940681458 0.039285000413656235 0.0037619469221681356
v 0.08417098969221115 0.03927898034453392 0.0035479660145938396
v 0.094511978328228 0.039338938891887665 0.0031599989160895348
v 0.09929894655942917 -0.017574960365891457 0.030509939417243004
v 0.0729469582438469 -0.01408499013632536 0.026497000828385353
v 0.07315199822187424 -0.020542969927191734 0.02481894940137863
v 0.09434199333190918 -0.03928595036268234 0.0035289519000798464
v 0.10148800164461136 -0.03905098885297775 0.00540995504707098
v 0.09411095827817917 -0.038995981216430664 0.005444942973554134
v 0.28306400775909424 0.017542000859975815 0.03135596960783005
v 0.2891699969768524 0.020999960601329803 0.02990299090743065
v 0.2826710045337677 0.021025000140070915 0.030010990798473358
v 0.09408199042081833 0.03916393965482712 0.004571973811835051
v 0.10149899870157242 0.039038948714733124 0.005491971038281918
v 0.10134699940681458 0.039285000413656235 0.0037619469221681356
v 0.09937094897031784 -0.03236895054578781 0.020359989255666733
v 0.285629004240036 0.03843497857451439 0.00839698314666748
v 0.2779879868030548 0.036322951316833496 0.014561950229108334
v 0.2779879868030548 0.036322951316833496 0.014561950229108334
v 0.3019140064716339 0.037304989993572235 0.011122999712824821
v 0.2940329909324646 0.0381159707903862 0.009091973304748535
v 0.2907400131225586 0.03625696152448654 0.0142439603805542
v 0.3062469959259033 0.03732895106077194 0.010838979855179787
v 0.3019140064716339 0.037304989993572235 0.011122999712824821
v 0.2779879868030548 0.036322951316833496 0.014561950229108334
v 0.2907400131225586 0.03625696152448654 0.0142439603805542
v 0.3019140064716339 0.037304989993572235 0.011122999712824821
v 0.11300700157880783 0.020820969715714455 0.030074000358581543
v 0.14070700109004974 0.02410298027098179 0.028513960540294647
v 0.11299999803304672 0.02406894974410534 0.028355000540614128
v 0.29651200771331787 0.03620295971632004 0.013939970172941685
v 0.3080900013446808 0.03570698946714401 0.014051970094442368
v 0.3062469959259033 0.03732895106077194 0.010838979855179787
v 0.3020530045032501 -0.028167959302663803 0.023920949548482895
v 0.3134010136127472 -0.026734940707683563 0.023182980716228485
v 0.3031109869480133 -0.025249000638723373 0.025861969217658043
v 0.28560298681259155 -0.03845398873090744 0.00838994886726141
v 0.2887609899044037 -0.038470979779958725 0.008310972712934017
v 0.28709399700164795 -0.038360949605703354 0.008746980689466
v 0.11288999766111374 -0.03865997865796089 0.007567942142486572
v 0.13996300101280212 -0.03866796940565109 0.00755494786426425
v 0.28709399700164795 -0.038360949605703354 0.008746980689466
v 0.2907400131225586 0.03625696152448654 0.0142439603805542
v 0.29651200771331787 0.03620295971632004 0.013939970172941685
v 0.3062469959259033 0.03732895106077194 0.010838979855179787
v 0.13996300101280212 -0.03866796940565109 0.00755494786426425
v 0.28560298681259155 -0.03845398873090744 0.00838994886726141
v 0.28709399700164795 -0.038360949605703354 0.008746980689466
v 0.2846109867095947 0.03860098123550415 0.007741986773908138
v 0.285629004240036 0.03843497857451439 0.00839698314666748
v 0.2896119952201843 0.038563959300518036 0.007751941215246916
v 0.28560298681259155 -0.03845398873090744 0.00838994886726141
v 0.2896139919757843 -0.03860795125365257 0.007748960983008146
v 0.2887609899044037 -0.038470979779958725 0.008310972712934017
v 0.2758449912071228 0.03866297006607056 0.00764495087787509
v 0.1129549965262413 -0.03241698816418648 0.020825980231165886
v 0.09938997030258179 -0.03447895869612694 0.017401989549398422
v 0.1129240021109581 -0.03627197816967964 0.014544960111379623
v 0.2758449912071228 0.03866297006607056 0.00764495087787509
v 0.24907399713993073 0.03867094963788986 0.007735967170447111
v 0.285629004240036 0.03843497857451439 0.00839698314666748
v 0.09938997030258179 -0.03447895869612694 0.017401989549398422
v 0.10611899942159653 -0.03625797852873802 0.014530000276863575
v 0.1129240021109581 -0.03627197816967964 0.014544960111379623
v 0.24907399713993073 0.03867094963788986 0.007735967170447111
v 0.2510559856891632 0.0363459512591362 0.01469695009291172
v 0.285629004240036 0.03843497857451439 0.00839698314666748
v 0.10611899942159653 -0.03625797852873802 0.014530000276863575
v 0.09777998179197311 -0.03828096017241478 0.008745968341827393
v 0.1129240021109581 -0.03627197816967964 0.014544960111379623
v 0.2510559856891632 0.0363459512591362 0.01469695009291172
v 0.2779879868030548 0.036322951316833496 0.014561950229108334
v 0.285629004240036 0.03843497857451439 0.00839698314666748
v 0.09777998179197311 -0.03828096017241478 0.008745968341827393
v 0.09900397062301636 -0.03835295885801315 0.008553980849683285
v 0.1129240021109581 -0.03627197816967964 0.014544960111379623
v 0.10149899870157242 0.039038948714733124 0.005491971038281918
v 0.1397898942232132 0.03863399848341942 0.007881999015808105
v 0.28343498706817627 0.03906095027923584 0.005410968791693449
v 0.09777998179197311 -0.03828096017241478 0.008745968341827393
v 0.0965539813041687 -0.03831899166107178 0.008533953689038754
v 0.09900397062301636 -0.03835295885801315 0.008553980849683285
v 0.24907399713993073 0.03867094963788986 0.007735967170447111
v 0.09595596045255661 -0.03839796036481857 0.008204995654523373
v 0.24907399713993073 0.03867094963788986 0.007735967170447111
v 0.09549497812986374 -0.03845899924635887 0.00795197393745184
v 0.09549497812986374 -0.03845899924635887 0.00795197393745184
v 0.09956300258636475 -0.03843896836042404 0.008250950835645199
v 0.09900397062301636 -0.03835295885801315 0.008553980849683285
v 0.30678999423980713 0.03700195997953415 0.010381990112364292
v 0.3087620139122009 0.035167988389730453 0.013336949981749058
v 0.3049730062484741 0.037911951541900635 0.00686597777530551
v 0.09956300258636475 -0.03843896836042404 0.008250950835645199
v 0.11288999766111374 -0.03865997865796089 0.007567942142486572
v 0.09900397062301636 -0.03835295885801315 0.008553980849683285
v 0.294173002243042 0.017582949250936508 -0.0189889594912529
v 0.3049730062484741 0.037911951541900635 0.00686597777530551
v 0.3087620139122009 0.035167988389730453 0.013336949981749058
v 0.10148800164461136 -0.03905098885297775 0.00540995504707098
v 0.13996300101280212 -0.03866796940565109 0.00755494786426425
v 0.11288999766111374 -0.03865997865796089 0.007567942142486572
v 0.09956300258636475 -0.03843896836042404 0.008250950835645199
v 0.10057300329208374 -0.0386429987847805 0.007450996898114681
v 0.11288999766111374 -0.03865997865796089 0.007567942142486572
v 0.28560298681259155 -0.03845398873090744 0.00838994886726141
v 0.28457000851631165 -0.03862195834517479 0.007695971988141537
v 0.2896139919757843 -0.03860795125365257 0.007748960983008146
v 0.28457000851631165 -0.03862195834517479 0.007695971988141537
v 0.2902959883213043 -0.03878295049071312 0.006987988017499447
v 0.2896139919757843 -0.03860795125365257 0.007748960983008146
v 0.2757419943809509 -0.038694970309734344 0.007414996158331633
v 0.2757419943809509 -0.038694970309734344 0.007414996158331633
v 0.24877600371837616 -0.03870195150375366 0.007402956020087004
v 0.2902959883213043 -0.03878295049071312 0.006987988017499447
v 0.24877600371837616 -0.03870195150375366 0.007402956020087004
v 0.13996300101280212 -0.03866796940565109 0.00755494786426425
v 0.2902959883213043 -0.03878295049071312 0.006987988017499447
v 0.2935290038585663 0.03657298907637596 -0.012546000070869923
v 0.29319998621940613 0.03674900159239769 -0.012439959682524204
v 0.2945539951324463 0.03760999068617821 -0.010284960269927979
v 0.29319998621940613 0.03674900159239769 -0.012439959682524204
v 0.29398399591445923 0.037337951362133026 -0.011014989577233791
v 0.2945539951324463 0.03760999068617821 -0.010284960269927979
v 0.09679096192121506 0.021574970334768295 -0.028468960896134377
v 0.1031619980931282 0.02295093983411789 -0.02866196073591709
v 0.10256990045309067 0.021773990243673325 -0.02920496091246605
v 0.08336596935987473 -0.03835295885801315 0.007196961902081966
v 0.09458594769239426 -0.03870999068021774 0.006863951217383146
v 0.0947219729423523 -0.03865693882107735 0.007108985912054777
v 0.2951259911060333 0.020964980125427246 0.0294649600982666
v 0.3140439987182617 0.025234989821910858 0.024262959137558937
v 0.29461199045181274 0.0242189709097147 0.027715979143977165
v 0.09434199333190918 -0.03928595036268234 0.0035289519000798464
v 0.10118799656629562 -0.03932594880461693 0.0033759470097720623
v 0.10153300315141678 -0.039182960987091064 0.00457495404407382
v 0.08397495001554489 0.03891396149992943 -0.005547999870032072
v 0.10451199859380722 0.03735797852277756 -0.011845939792692661
v 0.08336298912763596 0.03819197043776512 -0.008152960799634457
v 0.278905987739563 0.0 -0.03216195106506348
v 0.2719930112361908 -0.006811975967139006 -0.032749950885772705
v 0.2727409899234772 0.0 -0.03297495096921921
v 0.08342199772596359 -0.03854595869779587 0.006392954848706722
v 0.08288799971342087 -0.038039978593587875 0.007029950153082609
v 0.08359997719526291 -0.039198990911245346 0.0022949569392949343
v 0.08288799971342087 -0.038039978593587875 0.007029950153082609
v 0.08291994780302048 -0.03816794976592064 0.006171940825879574
v 0.08359997719526291 -0.039198990911245346 0.0022949569392949343
v 0.08291994780302048 -0.03816794976592064 0.006171940825879574
v 0.08320999145507812 -0.03862994164228439 -0.001921950955875218
v 0.08359997719526291 -0.039198990911245346 0.0022949569392949343
v 0.07437998056411743 -0.02462898939847946 0.02247196063399315
v 0.07438497990369797 -0.024636980146169662 0.022457949817180634
v 0.07438694685697556 -0.024641990661621094 0.02254294976592064
v 0.07430899143218994 -0.024505969136953354 -0.009183943271636963
v 0.07431899756193161 -0.02452296018600464 -0.004753946792334318
v 0.07427798956632614 -0.02446799911558628 0.022753000259399414
v 0.07427798956632614 -0.024451969191432 -0.02279496006667614
v 0.08312296122312546 -0.03848499059677124 -0.0060099950060248375
v 0.08320999145507812 -0.03862994164228439 -0.001921950955875218
v 0.07427798956632614 -0.024451969191432 -0.02279496006667614
v 0.08264695852994919 -0.03735195845365524 -0.008863984607160091
v 0.08312296122312546 -0.03848499059677124 -0.0060099950060248375
v 0.08397495001554489 0.03891396149992943 -0.005547999870032072
v 0.08406995981931686 0.039093971252441406 -0.004798947833478451
v 0.10450699925422668 0.03896600008010864 -0.005981980822980404
v 0.08397495001554489 0.03891396149992943 -0.005547999870032072
v 0.08336298912763596 0.03819197043776512 -0.008152960799634457
v 0.08406995981931686 0.039093971252441406 -0.004798947833478451
v 0.07427798956632614 -0.024451969191432 -0.02279496006667614
v 0.08170896023511887 -0.035336971282958984 -0.012593979947268963
v 0.08264695852994919 -0.03735195845365524 -0.008863984607160091
v 0.08336298912763596 0.03819197043776512 -0.008152960799634457
v 0.08352696150541306 0.038830991834402084 -0.004702984821051359
v 0.08406995981931686 0.039093971252441406 -0.004798947833478451
v 0.08258496969938278 0.036857958883047104 -0.011290960013866425
v 0.08201199024915695 0.036037981510162354 -0.012218950316309929
v 0.08288394659757614 0.03768396005034447 -0.007918000221252441
v 0.0996209904551506 0.01853197067975998 -0.030207989737391472
v 0.09804397076368332 0.019023949280381203 -0.029802970588207245
v 0.10058300197124481 0.019023949280381203 -0.030161969363689423
v 0.08201199024915695 0.036037981510162354 -0.012218950316309929
v 0.09804397076368332 0.019023949280381203 -0.029802970588207245
v 0.09722799062728882 0.020328989252448082 -0.02913396991789341
v 0.10058300197124481 0.019023949280381203 -0.030161969363689423
v 0.08183597773313522 0.03561794012784958 0.013253980316221714
v 0.13430799543857574 0.03897500038146973 -0.006159961223602295
v 0.2510420083999634 0.03747396916151047 -0.011931950226426125
v 0.13415999710559845 0.037386950105428696 -0.01213895995169878
v 0.08183597773313522 0.03561794012784958 0.013253980316221714
v 0.08265697211027145 0.03713595122098923 0.01025795005261898
v 0.0829010009765625 0.03773396834731102 0.007850944064557552
v 0.09804397076368332 0.019023949280381203 -0.029802970588207245
v 0.0996209904551506 0.01853197067975998 -0.030207989737391472
v 0.09718494862318039 0.015751950442790985 -0.030629990622401237
v 0.07676196098327637 0.015781989321112633 -0.02670096978545189
v 0.07676898688077927 0.017254939302802086 -0.02637499012053013
v 0.09718494862318039 0.015751950442790985 -0.030629990622401237
v 0.14082099497318268 0.020843980833888054 0.03021395020186901
v 0.25467899441719055 0.024333950132131577 0.028384979814291
v 0.09804397076368332 0.019023949280381203 -0.029802970588207245
v 0.07742296904325485 0.021067969501018524 -0.025304969400167465
v 0.09722799062728882 0.020328989252448082 -0.02913396991789341
v 0.08396296948194504 0.03889095038175583 0.005636990070343018
v 0.08407597988843918 0.03910398110747337 0.0047369590029120445
v 0.08337794989347458 0.03821396082639694 0.008074997924268246
v 0.07310497015714645 -0.020542969927191734 -0.02481894940137863
v 0.08396296948194504 0.03889095038175583 0.005636990070343018
v 0.09457796066999435 0.038736991584300995 0.006866991054266691
v 0.08407597988843918 0.03910398110747337 0.0047369590029120445
v 0.3070859909057617 -0.0370369516313076 0.011292990297079086
v 0.29815199971199036 -0.03474295139312744 0.016888970509171486
v 0.2966490089893341 -0.036265961825847626 0.014199970290064812
v 0.09457796066999435 0.038736991584300995 0.006866991054266691
v 0.10102800279855728 0.03877699002623558 0.006862998008728027
v 0.08407597988843918 0.03910398110747337 0.0047369590029120445
v 0.07427597045898438 -0.024214979261159897 -0.02318095974624157
v 0.07427798956632614 -0.024451969191432 -0.02279496006667614
v 0.07310497015714645 -0.020542969927191734 -0.02481894940137863
v 0.09412997215986252 0.0390089713037014 0.005489944946020842
v 0.3001370131969452 0.039445988833904266 4.8999998398358e-05
v 0.3007650077342987 0.03894298896193504 0.00567698385566473
v 0.30382201075553894 0.038783960044384 0.006137967109680176
v 0.10149899870157242 0.039038948714733124 0.005491971038281918
v 0.09412997215986252 0.0390089713037014 0.005489944946020842
v 0.10102800279855728 0.03877699002623558 0.006862998008728027
v 0.10149899870157242 0.039038948714733124 0.005491971038281918
v 0.09931600093841553 0.01386397983878851 0.031414978206157684
v 0.07676196098327637 0.015680959448218346 0.02670096978545189
v 0.07635294646024704 0.013896999880671501 0.02692198008298874
v 0.11293499916791916 0.03862595185637474 0.007772982120513916
v 0.1397898942232132 0.03863399848341942 0.007881999015808105
v 0.10149899870157242 0.039038948714733124 0.005491971038281918
v 0.27573099732398987 0.01878100074827671 -0.03051297925412655
v 0.28412801027297974 0.016901960596442223 -0.02959596924483776
v 0.27545100450515747 0.01585197076201439 -0.03142993897199631
v 0.2494170069694519 0.034924980252981186 -0.017450980842113495
v 0.2627590000629425 0.03136098012328148 -0.02230994962155819
v 0.24799999594688416 0.03138798102736473 -0.02240896038711071
v 0.09933798760175705 0.01739495061337948 0.030560970306396484
v 0.07744497060775757 0.02099597081542015 0.025346990674734116
v 0.07655096054077148 0.017109990119934082 0.02628397010266781
v 0.07427798956632614 -0.02446799911558628 0.022753000259399414
v 0.07427597045898438 -0.024236969649791718 0.02314697951078415
v 0.07315199822187424 -0.020542969927191734 0.02481894940137863
v 0.2939940094947815 0.027235979214310646 0.025596970692276955
v 0.31159698963165283 0.030847959220409393 0.02010696940124035
v 0.2932850122451782 0.029977969825267792 0.02314697951078415
v 0.09930896013975143 -0.020977970212697983 0.029213959351181984
v 0.09929894655942917 -0.017574960365891457 0.030509939417243004
v 0.07315199822187424 -0.020542969927191734 0.02481894940137863
v 0.29164400696754456 0.03450994938611984 0.01742595061659813
v 0.3080900013446808 0.03570698946714401 0.014051970094442368
v 0.2907400131225586 0.03625696152448654 0.0142439603805542
v 0.2960279881954193 0.006753981113433838 0.03238397091627121
v 0.3149380087852478 -4.999999873689376e-06 0.029168959707021713
v 0.31343498826026917 0.009765981696546078 0.029016969725489616
v 0.29651200771331787 0.03620295971632004 0.013939970172941685
v 0.10451500117778778 0.0347059890627861 -0.017334990203380585
v 0.11936300247907639 0.03737794980406761 -0.012066960334777832
v 0.11929800361394882 0.034740980714559555 -0.017611980438232422
v 0.30909499526023865 0.03451298922300339 0.015794990584254265
v 0.310137003660202 0.03366595134139061 0.01687598042190075
v 0.3080900013446808 0.03570698946714401 0.014051970094442368
v 0.310137003660202 0.03366595134139061 0.01687598042190075
v 0.3085150122642517 0.03564196079969406 0.01376396045088768
v 0.3080900013446808 0.03570698946714401 0.014051970094442368
v 0.3080900013446808 0.03570698946714401 0.014051970094442368
v 0.2901340126991272 -7.79999973019585e-05 0.03298496827483177
v 0.2960279881954193 0.006753981113433838 0.03238397091627121
v 0.29008498787879944 0.006712973117828369 0.03283696994185448
v 0.13415999710559845 0.037386950105428696 -0.01213895995169878
v 0.2494170069694519 0.034924980252981186 -0.017450980842113495
v 0.1339949071407318 0.03475797176361084 -0.017697980627417564
v 0.09928995370864868 -0.014040940441191196 0.03138595074415207
v 0.0727989599108696 -0.00718998908996582 0.027081960812211037
v 0.0729469582438469 -0.01408499013632536 0.026497000828385353
v 0.11293499916791916 0.03862595185637474 0.007772982120513916
v 0.09904097765684128 0.03836195915937424 0.00854098703712225
v 0.1397898942232132 0.03863399848341942 0.007881999015808105
v 0.09904097765684128 0.03836195915937424 0.00854098703712225
v 0.14003999531269073 0.0362280011177063 0.014928990043699741
v 0.1397898942232132 0.03863399848341942 0.007881999015808105
v 0.14003999531269073 0.0362280011177063 0.014928990043699741
v 0.24907399713993073 0.03867094963788986 0.007735967170447111
v 0.1397898942232132 0.03863399848341942 0.007881999015808105
v 0.2962380051612854 0.018699999898672104 -0.014714949764311314
v 0.3087620139122009 0.035167988389730453 0.013336949981749058
v 0.3106119930744171 0.03300594910979271 0.016472989693284035
v 0.17280200123786926 -0.02063596062362194 -0.029582969844341278
v 0.11273899674415588 -0.02658098004758358 -0.02506398968398571
v 0.11260200291872025 -0.020547980442643166 -0.028984960168600082
v 0.10611099749803543 0.01739400066435337 0.031260959804058075
v 0.11300700157880783 0.020820969715714455 0.030074000358581543
v 0.10612600296735764 0.020812980830669403 0.029942980036139488
v 0.3101769983768463 -0.03352098912000656 0.017069989815354347
v 0.30096501111984253 -0.030816970393061638 0.021569959819316864
v 0.2999570071697235 -0.03261797875165939 0.01952999085187912
v 0.09332197159528732 -0.03177398070693016 -0.018904980272054672
v 0.08031100034713745 -0.030737990513443947 -0.018815990537405014
v 0.10288599878549576 -0.02656196989119053 -0.02476893924176693
v 0.08031100034713745 -0.030737990513443947 -0.018815990537405014
v 0.07953000068664551 -0.027892939746379852 -0.02110694907605648
v 0.10288599878549576 -0.02656196989119053 -0.02476893924176693
v 0.07953000068664551 -0.027892939746379852 -0.02110694907605648
v 0.07427597045898438 -0.024214979261159897 -0.02318095974624157
v 0.10288599878549576 -0.02656196989119053 -0.02476893924176693
v 0.08109796047210693 -0.033813949674367905 -0.015197990462183952
v 0.07427798956632614 -0.024451969191432 -0.02279496006667614
v 0.08147495239973068 -0.033941980451345444 -0.015421980060636997
v 0.07427798956632614 -0.024451969191432 -0.02279496006667614
v 0.07427597045898438 -0.024214979261159897 -0.02318095974624157
v 0.08147495239973068 -0.033941980451345444 -0.015421980060636997
v 0.07427597045898438 -0.024214979261159897 -0.02318095974624157
v 0.08031100034713745 -0.030737990513443947 -0.018815990537405014
v 0.08147495239973068 -0.033941980451345444 -0.015421980060636997
v 0.25485700368881226 -0.02123796008527279 0.029875990003347397
v 0.1410139948129654 -0.017591949552297592 0.03131996840238571
v 0.1409440040588379 -0.021028989925980568 0.029974989593029022
v 0.11299999803304672 0.02406894974410534 0.028355000540614128
v 0.14058199524879456 0.027132980525493622 0.02642500028014183
v 0.0835379883646965 -0.031759969890117645 -0.018047979101538658
v 0.09332197159528732 -0.03177398070693016 -0.018904980272054672
v 0.08147495239973068 -0.033941980451345444 -0.015421980060636997
v 0.14111390709877014 0.006687997840344906 0.032894961535930634
v 0.25556498765945435 0.013897949829697609 0.03233097866177559
v 0.0835379883646965 -0.031759969890117645 -0.018047979101538658
v 0.08031100034713745 -0.030737990513443947 -0.018815990537405014
v 0.09332197159528732 -0.03177398070693016 -0.018904980272054672
v 0.07953000068664551 -0.027892939746379852 -0.02110694907605648
v 0.08031100034713745 -0.030737990513443947 -0.018815990537405014
v 0.07427597045898438 -0.024214979261159897 -0.02318095974624157
v 0.14111390709877014 0.006687997840344906 0.032894961535930634
v 0.08324497193098068 -0.037701960653066635 -0.009114979766309261
v 0.1318330019712448 -0.035966988652944565 -0.013933000154793262
v 0.1719760000705719 -0.036081958562135696 -0.014263980090618134
v 0.30116501450538635 -0.0141329700127244 0.03079395927488804
v 0.2960349917411804 -0.0069019789807498455 0.032389990985393524
v 0.2958250045776367 -0.014121940359473228 0.03172694891691208
v 0.11263100057840347 -0.03592699021100998 -0.013758949935436249
v 0.29008498787879944 0.006712973117828369 0.03283696994185448
v 0.11275699734687805 -0.03181593865156174 -0.019909970462322235
v 0.17253099381923676 -0.03205393999814987 -0.020528970286250114
v 0.11263100057840347 -0.03592699021100998 -0.013758949935436249
v 0.08324497193098068 -0.037701960653066635 -0.009114979766309261
v 0.09343098849058151 -0.03589797019958496 -0.013202959671616554
v 0.11263100057840347 -0.03592699021100998 -0.013758949935436249
v 0.09343098849058151 -0.03589797019958496 -0.013202959671616554
v 0.10302399843931198 -0.03179299086332321 -0.01968996971845627
v 0.11263100057840347 -0.03592699021100998 -0.013758949935436249
v 0.10266599804162979 -0.020545000210404396 -0.0286289993673563
v 0.11237700283527374 -0.014012989588081837 -0.031492941081523895
v 0.11260200291872025 -0.020547980442643166 -0.028984960168600082
v 0.07291901111602783 -0.01408499013632536 -0.026497000828385353
v 0.10215199738740921 -0.0070409770123660564 -0.03221594914793968
v 0.10240200161933899 -0.014034979976713657 -0.031099969521164894
v 0.11301399767398834 0.01739400066435337 0.03137999027967453
v 0.14082099497318268 0.020843980833888054 0.03021395020186901
v 0.11300700157880783 0.020820969715714455 0.030074000358581543
v 0.11260200291872025 -0.020547980442643166 -0.028984960168600082
v 0.11237700283527374 -0.014012989588081837 -0.031492941081523895
v 0.17280200123786926 -0.02063596062362194 -0.029582969844341278
v 0.11212799698114395 -0.006972968112677336 -0.032618988305330276
v 0.17257100343704224 -0.013865940272808075 -0.03190594166517258
v 0.11237700283527374 -0.014012989588081837 -0.031492941081523895
v 0.10266599804162979 -0.020545000210404396 -0.0286289993673563
v 0.07291901111602783 -0.01408499013632536 -0.026497000828385353
v 0.10240200161933899 -0.014034979976713657 -0.031099969521164894
v 0.11299099773168564 0.027092989534139633 0.026253990828990936
v 0.11298199743032455 0.029850950464606285 0.023804960772395134
v 0.07778196781873703 0.024487970396876335 -0.02353297919034958
v 0.0784439966082573 0.02558100037276745 -0.0233149491250515
v 0.07824897021055222 0.024532970041036606 -0.023882979527115822
v 0.11682000011205673 0.0 -0.03309094160795212
v 0.1722079962491989 -0.006557940971106291 -0.03276699036359787
v 0.11212799698114395 -0.006972968112677336 -0.032618988305330276
v 0.11936300247907639 0.03737794980406761 -0.012066960334777832
v 0.11302000284194946 0.013841980136930943 0.03225195035338402
v 0.14092090725898743 0.01740293949842453 0.03149700164794922
v 0.11301399767398834 0.01739400066435337 0.03137999027967453
v 0.10613299906253815 0.0 -0.033038970082998276
v 0.11682000011205673 0.0 -0.03309094160795212
v 0.11212799698114395 -0.006972968112677336 -0.032618988305330276
v 0.16692300140857697 0.0 -0.03309499844908714
v 0.2511399984359741 0.006255983840674162 -0.03288697823882103
v 0.2511500120162964 0.0 -0.03309499844908714
v 0.11899899691343307 0.01049994956701994 -0.03268897160887718
v 0.1296200007200241 0.01049994956701994 -0.03271697834134102
v 0.1417279988527298 0.01049994956701994 -0.03272198885679245
v 0.1061059981584549 -0.032395001500844955 0.020795999094843864
v 0.09938997030258179 -0.03447895869612694 0.017401989549398422
v 0.1129549965262413 -0.03241698816418648 0.020825980231165886
v 0.11141800135374069 0.01049994956701994 -0.0326569601893425
v 0.11899899691343307 0.01049994956701994 -0.03268897160887718
v 0.11682000011205673 0.0 -0.03309094160795212
v 0.1417279988527298 0.01049994956701994 -0.03272198885679245
v 0.21541599929332733 0.01049994956701994 -0.03268295153975487
v 0.260809987783432 0.01021896954625845 -0.03268200159072876
v 0.259768009185791 0.01049994956701994 -0.0326569601893425
v 0.21541599929332733 0.01049994956701994 -0.03268295153975487
v 0.24547599256038666 0.015847979113459587 -0.03193097934126854
v 0.259768009185791 0.01049994956701994 -0.0326569601893425
v 0.1061059981584549 -0.032395001500844955 0.020795999094843864
v 0.09937094897031784 -0.03236895054578781 0.020359989255666733
v 0.09938997030258179 -0.03447895869612694 0.017401989549398422
v 0.21541599929332733 0.01049994956701994 -0.03268295153975487
v 0.1417279988527298 0.01049994956701994 -0.03272198885679245
v 0.24547599256038666 0.015847979113459587 -0.03193097934126854
v 0.09940999001264572 -0.03624194115400314 0.014226970262825489
v 0.09308897703886032 -0.037173978984355927 0.011543979868292809
v 0.10611899942159653 -0.03625797852873802 0.014530000276863575
v 0.1417279988527298 0.01049994956701994 -0.03272198885679245
v 0.1333879977464676 0.015736989676952362 -0.031946949660778046
v 0.24547599256038666 0.015847979113459587 -0.03193097934126854
v 0.09308897703886032 -0.037173978984355927 0.011543979868292809
v 0.09777998179197311 -0.03828096017241478 0.008745968341827393
v 0.10611899942159653 -0.03625797852873802 0.014530000276863575
v 0.09308897703886032 -0.037173978984355927 0.011543979868292809
v 0.09326999634504318 -0.03797398880124092 0.009293973445892334
v 0.09777998179197311 -0.03828096017241478 0.008745968341827393
v 0.09326999634504318 -0.03797398880124092 0.009293973445892334
v 0.0965539813041687 -0.03831899166107178 0.008533953689038754
v 0.09777998179197311 -0.03828096017241478 0.008745968341827393
v 0.09326999634504318 -0.03797398880124092 0.009293973445892334
v 0.08336596935987473 -0.03835295885801315 0.007196961902081966
v 0.0965539813041687 -0.03831899166107178 0.008533953689038754
v 0.08336596935987473 -0.03835295885801315 0.007196961902081966
v 0.09595596045255661 -0.03839796036481857 0.008204995654523373
v 0.0965539813041687 -0.03831899166107178 0.008533953689038754
v 0.1060980036854744 0.013850980438292027 0.032148949801921844
v 0.11301399767398834 0.01739400066435337 0.03137999027967453
v 0.10611099749803543 0.01739400066435337 0.031260959804058075
v 0.09549497812986374 -0.03845899924635887 0.00795197393745184
v 0.0947219729423523 -0.03865693882107735 0.007108985912054777
v 0.10057300329208374 -0.0386429987847805 0.007450996898114681
v 0.09549497812986374 -0.03845899924635887 0.00795197393745184
v 0.09956300258636475 -0.03843896836042404 0.008250950835645199
v 0.08336596935987473 -0.03835295885801315 0.007196961902081966
v 0.0947219729423523 -0.03865693882107735 0.007108985912054777
v 0.09549497812986374 -0.03845899924635887 0.00795197393745184
v 0.0947219729423523 -0.03865693882107735 0.007108985912054777
v 0.09458594769239426 -0.03870999068021774 0.006863951217383146
v 0.10057300329208374 -0.0386429987847805 0.007450996898114681
v 0.09385699033737183 -0.038912948220968246 0.005884944926947355
v 0.10103700309991837 -0.03877793997526169 0.006866991054266691
v 0.24877600371837616 -0.03870195150375366 0.007402956020087004
v 0.2757419943809509 -0.038694970309734344 0.007414996158331633
v 0.28457000851631165 -0.03862195834517479 0.007695971988141537
v 0.09458594769239426 -0.03870999068021774 0.006863951217383146
v 0.08342199772596359 -0.03854595869779587 0.006392954848706722
v 0.09385699033737183 -0.038912948220968246 0.005884944926947355
v 0.08342199772596359 -0.03854595869779587 0.006392954848706722
v 0.09411095827817917 -0.038995981216430664 0.005444942973554134
v 0.09385699033737183 -0.038912948220968246 0.005884944926947355
v 0.07635294646024704 0.013896999880671501 0.02692198008298874
v 0.07134199142456055 6.000000212225132e-06 0.027374979108572006
v 0.09928596019744873 0.006757974158972502 0.0320199690759182
v 0.08213496208190918 -0.03629397973418236 0.010704989545047283
v 0.07437998056411743 -0.024629950523376465 0.02256596088409424
v 0.08288799971342087 -0.038039978593587875 0.007029950153082609
v 0.07427798956632614 -0.02446799911558628 0.022753000259399414
v 0.07437998056411743 -0.024629950523376465 0.022556960582733154
v 0.07437998056411743 -0.024629950523376465 0.02256596088409424
v 0.08213496208190918 -0.03629397973418236 0.010704989545047283
v 0.07438796013593674 -0.02462898939847946 0.02259998954832554
v 0.07438098639249802 -0.024629950523376465 0.02259998954832554
v 0.08151798695325851 -0.03437494859099388 0.014587990008294582
v 0.07438796013593674 -0.02462898939847946 0.02259998954832554
v 0.08268194645643234 -0.03674900159239769 0.011112979613244534
v 0.08151798695325851 -0.03437494859099388 0.014587990008294582
v 0.07440494745969772 -0.024626970291137695 0.022630980238318443
v 0.07440298050642014 -0.024629950523376465 0.022600939497351646
v 0.08109796047210693 -0.033813949674367905 -0.015197990462183952
v 0.08170896023511887 -0.035336971282958984 -0.012593979947268963
v 0.07427798956632614 -0.024451969191432 -0.02279496006667614
v 0.2506580054759979 -0.03641200065612793 0.014284959994256496
v 0.2778469920158386 -0.03638993948698044 0.014297960326075554
v 0.29170000553131104 -0.03459798917174339 0.017449969425797462
v 0.08052700012922287 -0.03149700164794922 0.01809798926115036
v 0.07442598789930344 -0.024446960538625717 0.022969959303736687
v 0.08151798695325851 -0.03437494859099388 0.014587990008294582
v 0.07952696084976196 -0.02789396047592163 0.02111095003783703
v 0.07443398237228394 -0.02442096918821335 0.02301895059645176
v 0.08052700012922287 -0.03149700164794922 0.01809798926115036
v 0.09280598163604736 -0.027166960760951042 0.02426600083708763
v 0.07458894699811935 -0.02428697980940342 0.023166000843048096
v 0.07469999045133591 -0.024368999525904655 0.023118970915675163
v 0.2797600030899048 -0.03262697905302048 0.02056198939681053
v 0.25236499309539795 -0.03266298025846481 0.02055995911359787
v 0.29170000553131104 -0.03459798917174339 0.017449969425797462
v 0.09280598163604736 -0.027166960760951042 0.02426600083708763
v 0.07457195967435837 -0.02427195943892002 0.0231739804148674
v 0.07458894699811935 -0.02428697980940342 0.023166000843048096
v 0.25236499309539795 -0.03266298025846481 0.02055995911359787
v 0.14053000509738922 -0.03245598077774048 0.020821979269385338
v 0.29170000553131104 -0.03459798917174339 0.017449969425797462
v 0.09933698177337646 -0.027197949588298798 0.02545594982802868
v 0.07457797974348068 -0.024236969649791718 0.02319996990263462
v 0.07457195967435837 -0.02427195943892002 0.0231739804148674
v 0.14053000509738922 -0.03245598077774048 0.020821979269385338
v 0.1402599960565567 -0.036295950412750244 0.014530950225889683
v 0.29170000553131104 -0.03459798917174339 0.017449969425797462
v 0.1402599960565567 -0.036295950412750244 0.014530950225889683
v 0.2506580054759979 -0.03641200065612793 0.014284959994256496
v 0.29170000553131104 -0.03459798917174339 0.017449969425797462
v 0.29078999161720276 -0.03632599115371704 0.014269939623773098
v 0.29446399211883545 -0.03790199011564255 0.010288950055837631
v 0.2966490089893341 -0.036265961825847626 0.014199970290064812
v 0.28709399700164795 -0.038360949605703354 0.008746980689466
v 0.2887609899044037 -0.038470979779958725 0.008310972712934017
v 0.29446399211883545 -0.03790199011564255 0.010288950055837631
v 0.2887609899044037 -0.038470979779958725 0.008310972712934017
v 0.2929379940032959 -0.03863095864653587 0.0075559611432254314
v 0.29446399211883545 -0.03790199011564255 0.010288950055837631
v 0.29078999161720276 -0.03632599115371704 0.014269939623773098
v 0.2778469920158386 -0.03638993948698044 0.014297960326075554
v 0.29446399211883545 -0.03790199011564255 0.010288950055837631
v 0.2778469920158386 -0.03638993948698044 0.014297960326075554
v 0.2506580054759979 -0.03641200065612793 0.014284959994256496
v 0.29446399211883545 -0.03790199011564255 0.010288950055837631
v 0.10607899725437164 0.006733953021466732 0.03279298171401024
v 0.09927499294281006 -7.79999973019585e-05 0.03215897083282471
v 0.10607200115919113 -7.79999973019585e-05 0.03294295072555542
v 0.29446399211883545 -0.03790199011564255 0.010288950055837631
v 0.1402599960565567 -0.036295950412750244 0.014530950225889683
v 0.1129240021109581 -0.03627197816967964 0.014544960111379623
v 0.11301200091838837 -0.01757895015180111 0.03128498047590256
v 0.10607700049877167 -0.0140299703925848 0.032125938683748245
v 0.10608100146055222 -0.01757699064910412 0.031217990443110466
v 0.1129240021109581 -0.03627197816967964 0.014544960111379623
v 0.09900397062301636 -0.03835295885801315 0.008553980849683285
v 0.29446399211883545 -0.03790199011564255 0.010288950055837631
v 0.11288999766111374 -0.03865997865796089 0.007567942142486572
v 0.28709399700164795 -0.038360949605703354 0.008746980689466
v 0.2929379940032959 -0.03863095864653587 0.0075559611432254314
v 0.2902959883213043 -0.03878295049071312 0.006987988017499447
v 0.13996300101280212 -0.03866796940565109 0.00755494786426425
v 0.2903450131416321 -0.0388069711625576 0.006866991054266691
v 0.2907939851284027 -0.039069950580596924 0.005455969832837582
v 0.10148800164461136 -0.03905098885297775 0.00540995504707098
v 0.14092090725898743 0.01740293949842453 0.03149700164794922
v 0.25509798526763916 0.02103894017636776 0.030133960768580437
v 0.1060980036854744 0.013850980438292027 0.032148949801921844
v 0.09928596019744873 0.006757974158972502 0.0320199690759182
v 0.10607899725437164 0.006733953021466732 0.03279298171401024
v 0.2908419966697693 -0.03920799121260643 0.004576981067657471
v 0.2908419966697693 -0.03920799121260643 0.004576981067657471
v 0.10118799656629562 -0.03932594880461693 0.0033759470097720623
v 0.2908419966697693 -0.03920799121260643 0.004576981067657471
v 0.2908419966697693 -0.03920799121260643 0.004576981067657471
v 0.09434199333190918 -0.03928595036268234 0.0035289519000798464
v 0.09933698177337646 -0.027197949588298798 0.02545594982802868
v 0.09935294836759567 -0.02993297018110752 0.023056980222463608
v 0.10609400272369385 -0.027224000543355942 0.026017960160970688
v 0.09434199333190918 -0.03928595036268234 0.0035289519000798464
v 0.10046400129795074 -0.03941398113965988 0.0023529520258307457
v 0.09434199333190918 -0.03928595036268234 0.0035289519000798464
v 0.08359997719526291 -0.039198990911245346 0.0022949569392949343
v 0.08400297164916992 -0.03939998149871826 -9.999999974752427e-07
v 0.08359997719526291 -0.039198990911245346 0.0022949569392949343
v 0.08320999145507812 -0.03862994164228439 -0.001921950955875218
v 0.08359599113464355 -0.03920995816588402 -0.0019869799725711346
v 0.08320999145507812 -0.03862994164228439 -0.001921950955875218
v 0.08312296122312546 -0.03848499059677124 -0.0060099950060248375
v 0.08359599113464355 -0.03920995816588402 -0.0019869799725711346
v 0.27706098556518555 0.026800990104675293 -0.026072969660162926
v 0.28471800684928894 0.02154296077787876 -0.027915000915527344
v 0.27609699964523315 0.021601969376206398 -0.029301999136805534
v 0.08324497193098068 -0.037701960653066635 -0.009114979766309261
v 0.09342396259307861 -0.03856997936964035 -0.00675696088001132
v 0.08352196216583252 -0.038627978414297104 -0.0062499637715518475
v 0.09342396259307861 -0.03856997936964035 -0.00675696088001132
v 0.11233290284872055 -0.038578979671001434 -0.006961940787732601
v 0.08352196216583252 -0.038627978414297104 -0.0062499637715518475
v 0.09342396259307861 -0.03856997936964035 -0.00675696088001132
v 0.08324497193098068 -0.037701960653066635 -0.009114979766309261
v 0.11233290284872055 -0.038578979671001434 -0.006961940787732601
v 0.1417279988527298 0.01049994956701994 -0.03272198885679245
v 0.1296200007200241 0.01049994956701994 -0.03271697834134102
v 0.1333879977464676 0.015736989676952362 -0.031946949660778046
v 0.2907939851284027 -0.039069950580596924 0.005455969832837582
v 0.30214399099349976 -0.03934096917510033 0.002585947047919035
v 0.3046390116214752 -0.03855495899915695 0.00706899119541049
v 0.11899899691343307 0.01049994956701994 -0.03268897160887718
v 0.11141800135374069 0.01049994956701994 -0.0326569601893425
v 0.1190359964966774 0.015734970569610596 -0.03189396113157272
v 0.11141800135374069 0.01049994956701994 -0.0326569601893425
v 0.10451699793338776 0.01574397087097168 -0.03163694962859154
v 0.1190359964966774 0.015734970569610596 -0.03189396113157272
v 0.10058300197124481 0.019023949280381203 -0.030161969363689423
v 0.10451789945363998 0.02142995037138462 -0.029558949172496796
v 0.10451699793338776 0.01574397087097168 -0.03163694962859154
v 0.10058300197124481 0.019023949280381203 -0.030161969363689423
v 0.10256990045309067 0.021773990243673325 -0.02920496091246605
v 0.10451789945363998 0.02142995037138462 -0.029558949172496796
v 0.10058300197124481 0.019023949280381203 -0.030161969363689423
v 0.09722799062728882 0.020328989252448082 -0.02913396991789341
v 0.10256990045309067 0.021773990243673325 -0.02920496091246605
v 0.09722799062728882 0.020328989252448082 -0.02913396991789341
v 0.09679096192121506 0.021574970334768295 -0.028468960896134377
v 0.10256990045309067 0.021773990243673325 -0.02920496091246605
v 0.265953004360199 0.037461988627910614 -0.011853990145027637
v 0.27972400188446045 0.03482197970151901 -0.017022959887981415
v 0.2642599940299988 0.03490399941802025 -0.017355969175696373
v 0.07742296904325485 0.021067969501018524 -0.025304969400167465
v 0.0725509524345398 0.010219990275800228 -0.02690695971250534
v 0.07778196781873703 0.024487970396876335 -0.02353297919034958
v 0.07255297154188156 0.006788969039916992 -0.027100980281829834
v 0.0712689682841301 0.0 -0.026270980015397072
v 0.0725509524345398 0.010219990275800228 -0.02690695971250534
v 0.07742296904325485 0.021067969501018524 -0.025304969400167465
v 0.07676898688077927 0.017254939302802086 -0.02637499012053013
v 0.0725509524345398 0.010219990275800228 -0.02690695971250534
v 0.07676898688077927 0.017254939302802086 -0.02637499012053013
v 0.07676196098327637 0.015781989321112633 -0.02670096978545189
v 0.0725509524345398 0.010219990275800228 -0.02690695971250534
v 0.28396499156951904 0.015839990228414536 -0.029852980747818947
v 0.27848100662231445 0.01049994956701994 -0.031822968274354935
v 0.27525898814201355 0.012848969548940659 -0.03203998878598213
v 0.0712689682841301 0.0 -0.026270980015397072
v 0.07279098033905029 -0.00718998908996582 -0.027081960812211037
v 0.07291901111602783 -0.01408499013632536 -0.026497000828385353
v 0.0712689682841301 0.0 -0.026270980015397072
v 0.07291901111602783 -0.01408499013632536 -0.026497000828385353
v 0.07310497015714645 -0.020542969927191734 -0.02481894940137863
v 0.0712689682841301 0.0 -0.026270980015397072
v 0.0712689682841301 0.0 -0.026270980015397072
v 0.07129698246717453 -0.0022499558981508017 0.02619796060025692
v 0.07131797075271606 0.0 0.027369970455765724
v 0.07129400223493576 0.0 0.02638298086822033
v 0.07131797075271606 0.0 0.027370980009436607
v 0.07635294646024704 0.013896999880671501 0.02692198008298874
v 0.07242696732282639 0.003287971019744873 0.02721899002790451
v 0.07655096054077148 0.017109990119934082 0.02628397010266781
v 0.07245098799467087 0.004220962058752775 0.026897959411144257
v 0.07242398709058762 0.003617942100390792 0.02715498022735119
v 0.07691395282745361 0.020842960104346275 0.02503298968076706
v 0.07257299870252609 0.004783987067639828 0.026593979448080063
v 0.07245098799467087 0.004220962058752775 0.026897959411144257
v 0.07129698246717453 -0.0022499558981508017 0.02619796060025692
v 0.07131797075271606 0.0 0.027369970455765724
v 0.07131797075271606 0.0 0.027369970455765724
v 0.07315199822187424 -0.020542969927191734 0.02481894940137863
v 0.07132399082183838 -4.8000001697801054e-05 0.027367940172553062
v 0.07131897658109665 -1.2000000424450263e-05 0.02736896090209484
v 0.0729469582438469 -0.01408499013632536 0.026497000828385353
v 0.0727989599108696 -0.00718998908996582 0.027081960812211037
v 0.07132399082183838 -4.8000001697801054e-05 0.027367940172553062
v 0.0804249569773674 0.030937960371375084 -0.019599970430135727
v 0.09927499294281006 -7.79999973019585e-05 0.03215897083282471
v 0.07134199142456055 6.000000212225132e-06 0.027374979108572006
v 0.07131797075271606 0.0 0.027370980009436607
v 0.30800700187683105 -0.03606896847486496 0.013306969776749611
v 0.2983269989490509 -0.03451097011566162 0.01720196008682251
v 0.29815199971199036 -0.03474295139312744 0.016888970509171486
v 0.09936194866895676 0.020802969112992287 0.029286980628967285
v 0.09938894957304001 0.024035990238189697 0.027611970901489258
v 0.0783659815788269 0.02439999021589756 0.024003980681300163
v 0.2958250045776367 -0.014121940359473228 0.03172694891691208
v 0.2900870144367218 -0.0068579912185668945 0.032831959426403046
v 0.2898769974708557 -0.014112940058112144 0.032148949801921844
v 0.10612600296735764 0.020812980830669403 0.029942980036139488
v 0.10614199936389923 0.024053990840911865 0.028216000646352768
v 0.3139210045337677 -0.013964950107038021 0.028190970420837402
v 0.3013499975204468 -0.0069549670442938805 0.03138595074415207
v 0.30116501450538635 -0.0141329700127244 0.03079395927488804
v 0.09343098849058151 -0.03589797019958496 -0.013202959671616554
v 0.08230196684598923 -0.035746991634368896 -0.012887000106275082
v 0.10302399843931198 -0.03179299086332321 -0.01968996971845627
v 0.08230196684598923 -0.035746991634368896 -0.012887000106275082
v 0.08147495239973068 -0.033941980451345444 -0.015421980060636997
v 0.10302399843931198 -0.03179299086332321 -0.01968996971845627
v 0.08147495239973068 -0.033941980451345444 -0.015421980060636997
v 0.09332197159528732 -0.03177398070693016 -0.018904980272054672
v 0.10302399843931198 -0.03179299086332321 -0.01968996971845627
v 0.09332197159528732 -0.03177398070693016 -0.018904980272054672
v 0.10288599878549576 -0.02656196989119053 -0.02476893924176693
v 0.10302399843931198 -0.03179299086332321 -0.01968996971845627
v 0.140858992934227 -0.024275949224829674 0.028217969462275505
v 0.11300300061702728 -0.021001990884542465 0.029944000765681267
v 0.11299300193786621 -0.02423899993300438 0.028193950653076172
v 0.2527720034122467 0.03254996985197067 0.020982980728149414
v 0.2779879868030548 0.036322951316833496 0.014561950229108334
v 0.2510559856891632 0.0363459512591362 0.01469695009291172
v 0.3564079999923706 0.013049960136413574 -0.023555990308523178
v 0.35815098881721497 0.013049960136413574 -0.022141989320516586
v 0.35642001032829285 0.0114209596067667 -0.023649990558624268
v 0.3528279960155487 0.01639300025999546 -0.023981979116797447
v 0.35370099544525146 0.01639300025999546 -0.02334696054458618
v 0.354326993227005 0.01454996969550848 -0.024300990626215935
v 0.3511419892311096 -0.007520973216742277 0.0270609799772501
v 0.34992098808288574 -0.007520973216742277 0.02745394967496395
v 0.3508169949054718 -0.0196529608219862 0.026366939768195152
v 0.3664320111274719 0.007520973216742277 0.010579999536275864
v 0.36767101287841797 0.013049960136413574 0.005049942992627621
v 0.3661850094795227 0.013049960136413574 0.010485939681529999
v 0.32546699047088623 -0.042928989976644516 0.005536973010748625
v 0.32566601037979126 -0.042928989976644516 0.006065963767468929
v 0.32207098603248596 -0.04210298880934715 0.0069779749028384686
v 0.3218809962272644 -0.0409279391169548 0.01405595988035202
v 0.3217329978942871 -0.04094194993376732 0.013854979537427425
v 0.322706013917923 -0.04108899086713791 0.014485949650406837
v 0.3643450140953064 -0.033172961324453354 -0.009394942782819271
v 0.36493000388145447 -0.033172961324453354 -0.007208942901343107
v 0.36413800716400146 -0.03416895121335983 -0.00849997904151678
v 0.35241299867630005 0.007520973216742277 0.02643096074461937
v 0.3564560115337372 0.009799957275390625 0.023723000660538673
v 0.3523699939250946 0.009799957275390625 0.026348939165472984
v 0.35641399025917053 0.0114209596067667 0.02365195006132126
v 0.35815298557281494 0.013049960136413574 0.022140970453619957
v 0.3564240038394928 0.013049960136413574 0.023546990007162094
v 0.36771801114082336 0.013114980421960354 -0.004706977866590023
v 0.3679080009460449 0.012942959554493427 -0.003444968955591321
v 0.3681510090827942 0.007520973216742277 -0.0035969610325992107
v 0.35815098881721497 0.013049960136413574 -0.022141989320516586
v 0.358364999294281 0.007520973216742277 -0.02229594998061657
v 0.3564560115337372 0.009799957275390625 -0.023723000660538673
v 0.35815098881721497 0.013049960136413574 -0.022141989320516586
v 0.3564560115337372 0.009799957275390625 -0.023723000660538673
v 0.35642001032829285 0.0114209596067667 -0.023649990558624268
v 0.3473140001296997 0.013049960136413574 0.028176959604024887
v 0.3456909954547882 0.007520973216742277 0.028989970684051514
v 0.3498300015926361 0.013049960136413574 0.027305960655212402
v 0.34399300813674927 -0.007520973216742277 -0.02935897931456566
v 0.34992098808288574 -0.007520973216742277 -0.02745394967496395
v 0.3438520133495331 -0.0196529608219862 -0.02860599011182785
v 0.34275001287460327 0.01639300025999546 -0.02761095017194748
v 0.34348800778388977 0.01639300025999546 -0.027486970648169518
v 0.34275001287460327 0.014699989929795265 -0.028598960489034653
v 0.3500629961490631 0.0 0.027823980897665024
v 0.3516570031642914 0.0 0.026820000261068344
v 0.35241299867630005 0.007520973216742277 0.02643096074461937
v 0.3438520133495331 -0.0196529608219862 -0.02860599011182785
v 0.34992098808288574 -0.007520973216742277 -0.02745394967496395
v 0.35081401467323303 -0.0196529608219862 -0.02636796049773693
v 0.3583280146121979 -0.007520973216742277 0.022165950387716293
v 0.3574889898300171 -0.007520973216742277 0.023054949939250946
v 0.35700199007987976 -0.0196529608219862 0.022462960332632065
v 0.32565298676490784 -0.04210298880934715 0.012392990291118622
v 0.32828599214553833 -0.042928989976644516 0.009853959083557129
v 0.32830798625946045 -0.042928989976644516 0.009880959056317806
v 0.3500629961490631 0.0 0.027823980897665024
v 0.34399598836898804 -0.007520973216742277 0.02935897931456566
v 0.34992098808288574 -0.007520973216742277 0.02745394967496395
v 0.3586919903755188 0.01639300025999546 0.019304990768432617
v 0.35732701420783997 0.01639300025999546 0.020497970283031464
v 0.3581160008907318 0.01454996969550848 0.02135998010635376
v 0.35491999983787537 0.01639300025999546 0.022600939497351646
v 0.3536989986896515 0.01639300025999546 0.023329969495534897
v 0.354326993227005 0.01454996969550848 0.024300990626215935
v 0.32828599214553833 -0.042928989976644516 0.009853959083557129
v 0.32565298676490784 -0.04210298880934715 0.012392990291118622
v 0.3242410123348236 -0.04210298880934715 0.0107379499822855
v 0.3385480046272278 -0.03416895121335983 0.027009960263967514
v 0.3385489881038666 -0.033172961324453354 0.027499970048666
v 0.33425000309944153 -0.03416895121335983 0.026673970744013786
v 0.3647730052471161 0.01454996969550848 0.012050979770720005
v 0.36586299538612366 0.014628940261900425 0.009466946125030518
v 0.3639569878578186 0.014624949544668198 0.013799959793686867
v 0.3586919903755188 0.01639300025999546 0.019304990768432617
v 0.3581160008907318 0.01454996969550848 0.02135998010635376
v 0.35909900069236755 0.01454996969550848 0.02029394917190075
v 0.3666819930076599 -0.026931999251246452 -0.0026939508970826864
v 0.3664329946041107 -0.02840995043516159 -0.003231941955164075
v 0.36737099289894104 -0.0196529608219862 -0.003657995956018567
v 0.36813199520111084 -0.007520973216742277 0.003750978969037533
v 0.36781999468803406 -0.007520973216742277 0.004964946769177914
v 0.3673720061779022 -0.0196529608219862 0.0036549558863043785
v 0.35537800192832947 -0.035760991275310516 -0.02007395029067993
v 0.3561980128288269 -0.033172961324453354 -0.021048959344625473
v 0.3576120138168335 -0.033172961324453354 -0.01963197998702526
v 0.36783498525619507 0.014998969621956348 0.0012939570005983114
v 0.36788201332092285 0.0152129502967 -0.00042399996891617775
v 0.36773398518562317 0.015480989590287209 -7.599999662488699e-05
v 0.34556499123573303 0.01454996969550848 0.028125999495387077
v 0.34529998898506165 0.01639300025999546 0.027064969763159752
v 0.34275001287460327 0.01639300025999546 0.02761095017194748
v 0.3585970103740692 0.0 0.022449970245361328
v 0.3574889898300171 -0.007520973216742277 0.023054949939250946
v 0.3583280146121979 -0.007520973216742277 0.022165950387716293
v 0.3664329946041107 -0.02840995043516159 0.003231941955164075
v 0.3666819930076599 -0.026931999251246452 0.0026939508970826864
v 0.3673720061779022 -0.0196529608219862 0.0036549558863043785
v 0.34275001287460327 0.014699989929795265 0.028598960489034653
v 0.34556499123573303 0.01454996969550848 0.028125999495387077
v 0.34275001287460327 0.01639300025999546 0.02761095017194748
v 0.3666819930076599 -0.026931999251246452 0.0026939508970826864
v 0.3668990135192871 -0.02587996982038021 0.001525997999124229
v 0.3673720061779022 -0.0196529608219862 0.0036549558863043785
v 0.34275001287460327 -0.03416895121335983 -0.026673970744013786
v 0.34019601345062256 -0.033172961324453354 -0.02735297940671444
v 0.34331899881362915 -0.033172961324453354 -0.027074990794062614
v 0.3668990135192871 -0.02587996982038021 0.001525997999124229
v 0.3669860064983368 -0.025499990209937096 0.0
v 0.3673720061779022 -0.0196529608219862 0.0036549558863043785
v 0.3413090109825134 0.01454996969550848 0.028827959671616554
v 0.34275001287460327 0.014699989929795265 0.028598960489034653
v 0.340828001499176 0.014642000198364258 0.02885298989713192
v 0.3619000017642975 -0.03416895121335983 0.013490970246493816
v 0.36388498544692993 -0.03416895121335983 0.009227991104125977
v 0.3643450140953064 -0.033172961324453354 0.009394942782819271
v 0.36388498544692993 -0.03416895121335983 -0.009227991104125977
v 0.3643450140953064 -0.033172961324453354 -0.009394942782819271
v 0.36413800716400146 -0.03416895121335983 -0.00849997904151678
v 0.322706013917923 -0.04108899086713791 0.014485949650406837
v 0.32139599323272705 -0.04108899086713791 0.012880980037152767
v 0.3242410123348236 -0.04210298880934715 0.0107379499822855
v 0.36625999212265015 -0.007520973216742277 -0.011023989878594875
v 0.36781999468803406 -0.007520973216742277 -0.004965960048139095
v 0.3655470013618469 -0.0196529608219862 -0.010740989819169044
v 0.3500620126724243 0.0 -0.027824990451335907
v 0.35113900899887085 -0.007520973216742277 -0.027062950655817986
v 0.34992098808288574 -0.007520973216742277 -0.02745394967496395
v 0.34275001287460327 -0.03416895121335983 0.026673970744013786
v 0.34297600388526917 -0.035760991275310516 0.025840990245342255
v 0.34331899881362915 -0.033172961324453354 0.027074990794062614
v 0.3668990135192871 -0.02587996982038021 -0.001525997999124229
v 0.3666819930076599 -0.026931999251246452 -0.0026939508970826864
v 0.36737099289894104 -0.0196529608219862 -0.003657995956018567
v 0.3511419892311096 -0.007520973216742277 0.0270609799772501
v 0.34529998898506165 0.01639300025999546 0.027064969763159752
v 0.34556499123573303 0.01454996969550848 0.028125999495387077
v 0.3459320068359375 0.01639300025999546 0.026928959414362907
v 0.3509550094604492 0.01454996969550848 0.026118990033864975
v 0.3506210148334503 0.01639300025999546 0.025168949738144875
v 0.3501049876213074 0.01454996969550848 0.026576990261673927
v 0.36483898758888245 0.01639300025999546 0.009268999099731445
v 0.36586299538612366 0.014628940261900425 0.009466946125030518
v 0.3657349944114685 0.01639300025999546 0.006215989124029875
v 0.3647730052471161 0.01454996969550848 -0.012050979770720005
v 0.36395299434661865 0.01463198009878397 -0.013797990046441555
v 0.36584699153900146 0.014649979770183563 -0.009475946426391602
v 0.3413090109825134 0.01454996969550848 -0.028827959671616554
v 0.3408290147781372 0.014630969613790512 -0.028859969228506088
v 0.34275001287460327 0.014699989929795265 -0.028598960489034653
v 0.36478400230407715 0.01639598049223423 -0.009350954554975033
v 0.3650690019130707 0.01639300025999546 -0.008632957004010677
v 0.36584699153900146 0.014649979770183563 -0.009475946426391602
v 0.3568800091743469 0.01639300025999546 -0.021037990227341652
v 0.357356995344162 0.01639300025999546 -0.02053898014128208
v 0.3581160008907318 0.01454996969550848 -0.02135998010635376
v 0.34348800778388977 0.01639300025999546 -0.027486970648169518
v 0.3452779948711395 0.01639300025999546 -0.02699296921491623
v 0.34556499123573303 0.01454996969550848 -0.028125999495387077
v 0.34348800778388977 0.01639300025999546 -0.027486970648169518
v 0.34556499123573303 0.01454996969550848 -0.028125999495387077
v 0.34275001287460327 0.014699989929795265 -0.028598960489034653
v 0.36096200346946716 -0.03416895121335983 0.014999980106949806
v 0.3623239994049072 -0.033172961324453354 0.013735939748585224
v 0.36077699065208435 -0.033172961324453354 0.015947990119457245
v 0.3669860064983368 -0.025499990209937096 0.0
v 0.3668990135192871 -0.02587996982038021 -0.001525997999124229
v 0.36737099289894104 -0.0196529608219862 -0.003657995956018567
v 0.3187919855117798 -0.04108899086713791 0.008370994590222836
v 0.31818199157714844 -0.04108899086713791 0.006897985003888607
v 0.32207098603248596 -0.04210298880934715 0.0069779749028384686
v 0.36813199520111084 -0.007520973216742277 0.003750978969037533
v 0.36820700764656067 0.0 0.005041955970227718
v 0.36781999468803406 -0.007520973216742277 0.004964946769177914
v 0.3682059943675995 0.0 -0.005042970180511475
v 0.36813199520111084 -0.007520973216742277 -0.0037549729458987713
v 0.36781999468803406 -0.007520973216742277 -0.004965960048139095
v 0.3669860064983368 -0.025499990209937096 0.0
v 0.36737099289894104 -0.0196529608219862 -0.003657995956018567
v 0.3673720061779022 -0.0196529608219862 0.0036549558863043785
v 0.36813199520111084 -0.007520973216742277 -0.0037549729458987713
v 0.36737099289894104 -0.0196529608219862 -0.003657995956018567
v 0.3655489981174469 -0.0196529608219862 0.010737000033259392
v 0.36626100540161133 -0.007520973216742277 0.011020000092685223
v 0.34992098808288574 -0.007520973216742277 -0.02745394967496395
v 0.35113900899887085 -0.007520973216742277 -0.027062950655817986
v 0.35081401467323303 -0.0196529608219862 -0.02636796049773693
v 0.32565298676490784 -0.04210298880934715 0.012392990291118622
v 0.322706013917923 -0.04108899086713791 0.014485949650406837
v 0.3242410123348236 -0.04210298880934715 0.0107379499822855
v 0.3337790071964264 -0.033172961324453354 0.027091970667243004
v 0.33406999707221985 -0.035760991275310516 0.025847969576716423
v 0.33425000309944153 -0.03416895121335983 0.026673970744013786
v 0.364327996969223 -0.035760991275310516 -0.004551947116851807
v 0.3633109927177429 -0.035760991275310516 -0.00849997904151678
v 0.36413800716400146 -0.03416895121335983 -0.00849997904151678
v 0.35958001017570496 -0.033172961324453354 -0.017659960314631462
v 0.35859400033950806 -0.035760991275310516 -0.016851959750056267
v 0.3576120138168335 -0.033172961324453354 -0.01963197998702526
v 0.35859400033950806 -0.035760991275310516 -0.016851959750056267
v 0.35537800192832947 -0.035760991275310516 -0.02007395029067993
v 0.3576120138168335 -0.033172961324453354 -0.01963197998702526
v 0.3516260087490082 -0.035760991275310516 -0.022703999653458595
v 0.35227900743484497 -0.033172961324453354 -0.023799000307917595
v 0.35384601354599 -0.033172961324453354 -0.022698989138007164
v 0.3429819941520691 -0.035760991275310516 -0.02583998069167137
v 0.34275001287460327 -0.03416895121335983 -0.026673970744013786
v 0.34331899881362915 -0.033172961324453354 -0.027074990794062614
v 0.3619000017642975 -0.03416895121335983 -0.013490970246493816
v 0.3623239994049072 -0.033172961324453354 -0.013735939748585224
v 0.3632430136203766 -0.033172961324453354 -0.011762970127165318
v 0.3632430136203766 -0.033172961324453354 0.011762970127165318
v 0.3619000017642975 -0.03416895121335983 0.013490970246493816
v 0.3643450140953064 -0.033172961324453354 0.009394942782819271
v 0.3623239994049072 -0.033172961324453354 0.013735939748585224
v 0.3619000017642975 -0.03416895121335983 0.013490970246493816
v 0.3623239994049072 -0.033172961324453354 0.013735939748585224
v 0.36096200346946716 -0.03416895121335983 0.014999980106949806
v 0.35163000226020813 -0.035760991275310516 0.022701969370245934
v 0.3553690016269684 -0.035760991275310516 0.020079970359802246
v 0.3561980128288269 -0.033172961324453354 0.021048959344625473
v 0.35163000226020813 -0.035760991275310516 0.022701969370245934
v 0.3561980128288269 -0.033172961324453354 0.021048959344625473
v 0.35384601354599 -0.033172961324453354 0.022698989138007164
v 0.35163000226020813 -0.035760991275310516 0.022701969370245934
v 0.35384601354599 -0.033172961324453354 0.022698989138007164
v 0.35227900743484497 -0.033172961324453354 0.023799000307917595
v 0.3217329978942871 -0.04094194993376732 0.013854979537427425
v 0.32139599323272705 -0.04108899086713791 0.012880980037152767
v 0.322706013917923 -0.04108899086713791 0.014485949650406837
v 0.3262479901313782 -0.042928989976644516 0.007073997985571623
v 0.32304099202156067 -0.04210298880934715 0.00892496109008789
v 0.32566601037979126 -0.042928989976644516 0.006065963767468929
v 0.32828599214553833 -0.042928989976644516 0.009853959083557129
v 0.3242410123348236 -0.04210298880934715 0.0107379499822855
v 0.32698899507522583 -0.042928989976644516 0.008274972438812256
v 0.3192560076713562 -0.04108899086713791 0.009490965865552425
v 0.31818199157714844 -0.04108899086713791 0.006897985003888607
v 0.3213439881801605 -0.04210298880934715 0.004928946029394865
v 0.32207098603248596 -0.04210298880934715 0.0069779749028384686
v 0.31745201349258423 -0.04108899086713791 0.00417095422744751
v 0.31766799092292786 -0.0411679707467556 0.003490983974188566
v 0.3210749924182892 -0.04210798814892769 0.003232955001294613
v 0.32304099202156067 -0.04210298880934715 0.00892496109008789
v 0.3192560076713562 -0.04108899086713791 0.009490965865552425
v 0.32207098603248596 -0.04210298880934715 0.0069779749028384686
v 0.32566601037979126 -0.042928989976644516 0.006065963767468929
v 0.32304099202156067 -0.04210298880934715 0.00892496109008789
v 0.32207098603248596 -0.04210298880934715 0.0069779749028384686
v 0.32065901160240173 -0.04108899086713791 0.011920980177819729
v 0.32304099202156067 -0.04210298880934715 0.00892496109008789
v 0.3242410123348236 -0.04210298880934715 0.0107379499822855
v 0.32139599323272705 -0.04108899086713791 0.012880980037152767
v 0.32065901160240173 -0.04108899086713791 0.011920980177819729
v 0.3242410123348236 -0.04210298880934715 0.0107379499822855
v 0.3511419892311096 -0.007520973216742277 0.0270609799772501
v 0.35700199007987976 -0.0196529608219862 0.022462960332632065
v 0.3574889898300171 -0.007520973216742277 0.023054949939250946
v 0.32304099202156067 -0.04210298880934715 0.00892496109008789
v 0.32065901160240173 -0.04108899086713791 0.011920980177819729
v 0.3192560076713562 -0.04108899086713791 0.009490965865552425
v 0.32065901160240173 -0.04108899086713791 0.011920980177819729
v 0.3217329978942871 -0.04094194993376732 0.013854979537427425
v 0.32035401463508606 -0.04088300094008446 0.01212495006620884
v 0.3217329978942871 -0.04094194993376732 0.013854979537427425
v 0.32136499881744385 -0.040881991386413574 0.013511000201106071
v 0.32035401463508606 -0.04088300094008446 0.01212495006620884
v 0.32485198974609375 -0.042928989976644516 0.0039009449537843466
v 0.3213439881801605 -0.04210298880934715 0.004928946029394865
v 0.3210749924182892 -0.04210798814892769 0.003232955001294613
v 0.32065901160240173 -0.04108899086713791 0.011920980177819729
v 0.32139599323272705 -0.04108899086713791 0.012880980037152767
v 0.3217329978942871 -0.04094194993376732 0.013854979537427425
v 0.322706013917923 -0.04108899086713791 0.014485949650406837
v 0.3241640031337738 -0.040948979556560516 0.016344960778951645
v 0.3218809962272644 -0.0409279391169548 0.01405595988035202
v 0.3241640031337738 -0.040948979556560516 0.016344960778951645
v 0.3221440017223358 -0.04088598117232323 0.01444195955991745
v 0.3218809962272644 -0.0409279391169548 0.01405595988035202
v 0.3241640031337738 -0.040948979556560516 0.016344960778951645
v 0.32233598828315735 -0.04074198007583618 0.014858960174024105
v 0.3221440017223358 -0.04088598117232323 0.01444195955991745
v 0.322706013917923 -0.04108899086713791 0.014485949650406837
v 0.32478201389312744 -0.041105978190898895 0.016336970031261444
v 0.3241640031337738 -0.040948979556560516 0.016344960778951645
v 0.32478201389312744 -0.041105978190898895 0.016336970031261444
v 0.3295530080795288 -0.035760991275310516 0.0246499702334404
v 0.3241640031337738 -0.040948979556560516 0.016344960778951645
v 0.3295530080795288 -0.035760991275310516 0.0246499702334404
v 0.32540398836135864 -0.035760991275310516 0.02271896041929722
v 0.3241640031337738 -0.040948979556560516 0.016344960778951645
v 0.32478201389312744 -0.041105978190898895 0.016336970031261444
v 0.33406999707221985 -0.035760991275310516 0.025847969576716423
v 0.3295530080795288 -0.035760991275310516 0.0246499702334404
v 0.32478201389312744 -0.041105978190898895 0.016336970031261444
v 0.32572001218795776 -0.041153959929943085 0.016307950019836426
v 0.33406999707221985 -0.035760991275310516 0.025847969576716423
v 0.32572001218795776 -0.041153959929943085 0.016307950019836426
v 0.34297600388526917 -0.035760991275310516 0.025840990245342255
v 0.33406999707221985 -0.035760991275310516 0.025847969576716423
v 0.3385480046272278 -0.03416895121335983 0.027009960263967514
v 0.3385480046272278 -0.03416895121335983 0.027009960263967514
v 0.33425000309944153 -0.03416895121335983 0.026673970744013786
v 0.33406999707221985 -0.035760991275310516 0.025847969576716423
v 0.3248080015182495 -0.042885951697826385 0.003426969051361084
v 0.3600130081176758 -0.035760991275310516 -0.014999980106949806
v 0.32485198974609375 -0.042928989976644516 0.0039009449537843466
v 0.3516570031642914 0.0 0.026820000261068344
v 0.3574889898300171 -0.007520973216742277 0.023054949939250946
v 0.3585970103740692 0.0 0.022449970245361328
v 0.34331899881362915 -0.033172961324453354 0.027074990794062614
v 0.34362098574638367 -0.030499989166855812 0.027354950085282326
v 0.34385499358177185 -0.0196529608219862 0.028604980558156967
v 0.35619398951530457 -0.030499989166855812 0.021481990814208984
v 0.3508169949054718 -0.0196529608219862 0.026366939768195152
v 0.35227900743484497 -0.033172961324453354 0.023799000307917595
v 0.32485198974609375 -0.042928989976644516 0.0039009449537843466
v 0.34275001287460327 -0.03416895121335983 -0.026673970744013786
v 0.3385480046272278 -0.03416895121335983 -0.027009960263967514
v 0.3385489881038666 -0.033172961324453354 -0.027499970048666
v 0.3511419892311096 -0.007520973216742277 0.0270609799772501
v 0.35241299867630005 0.007520973216742277 0.02643096074461937
v 0.3523699939250946 0.009799957275390625 0.026348939165472984
v 0.3500629961490631 0.0 0.027823980897665024
v 0.3564560115337372 0.009799957275390625 0.023723000660538673
v 0.35641399025917053 0.0114209596067667 0.02365195006132126
v 0.3523699939250946 0.009799957275390625 0.026348939165472984
v 0.3585970103740692 0.0 0.022449970245361328
v 0.3583660125732422 0.007520973216742277 0.022294990718364716
v 0.3564560115337372 0.009799957275390625 0.023723000660538673
v 0.3248080015182495 -0.042885951697826385 0.003426969051361084
v 0.3340359926223755 -0.035760991275310516 -0.02584194950759411
v 0.3429819941520691 -0.035760991275310516 -0.02583998069167137
v 0.3585970103740692 0.0 0.022449970245361328
v 0.36309298872947693 0.007520973216742277 0.01694994978606701
v 0.3583660125732422 0.007520973216742277 0.022294990718364716
v 0.362637996673584 -0.007520973216742277 0.017592959105968475
v 0.3648790121078491 0.0 0.014561950229108334
v 0.36309298872947693 0.007520973216742277 0.01694994978606701
v 0.3585970103740692 0.0 0.022449970245361328
v 0.362637996673584 -0.007520973216742277 0.017592959105968475
v 0.36309298872947693 0.007520973216742277 0.01694994978606701
v 0.3655489981174469 -0.0196529608219862 0.010737000033259392
v 0.36626100540161133 -0.007520973216742277 0.011020000092685223
v 0.3648790121078491 0.0 0.014561950229108334
v 0.3648790121078491 0.0 -0.014562959782779217
v 0.3682059943675995 0.0 -0.005042970180511475
v 0.36625999212265015 -0.007520973216742277 -0.011023989878594875
v 0.362637996673584 -0.007520973216742277 0.017592959105968475
v 0.36201798915863037 -0.0196529608219862 0.01714199036359787
v 0.3648790121078491 0.0 0.014561950229108334
v 0.36201798915863037 -0.0196529608219862 0.01714199036359787
v 0.3655489981174469 -0.0196529608219862 0.010737000033259392
v 0.3648790121078491 0.0 0.014561950229108334
v 0.36626100540161133 -0.007520973216742277 0.011020000092685223
v 0.36781999468803406 -0.007520973216742277 0.004964946769177914
v 0.36820700764656067 0.0 0.005041955970227718
v 0.3295530080795288 -0.035760991275310516 0.0246499702334404
v 0.3337790071964264 -0.033172961324453354 0.027091970667243004
v 0.3291510045528412 -0.033172961324453354 0.025861969217658043
v 0.36625999212265015 -0.007520973216742277 -0.011023989878594875
v 0.33664000034332275 -0.030499989166855812 0.027767950668931007
v 0.3136970102787018 -0.020623980090022087 0.026371950283646584
v 0.3337790071964264 -0.033172961324453354 0.027091970667243004
v 0.36625999212265015 -0.007520973216742277 -0.011023989878594875
v 0.3655470013618469 -0.0196529608219862 -0.010740989819169044
v 0.3648790121078491 0.0 -0.014562959782779217
v 0.3655470013618469 -0.0196529608219862 -0.010740989819169044
v 0.3620159924030304 -0.0196529608219862 -0.01714497059583664
v 0.3648790121078491 0.0 -0.014562959782779217
v 0.3620159924030304 -0.0196529608219862 -0.01714497059583664
v 0.3626349866390228 -0.007520973216742277 -0.01759600080549717
v 0.3648790121078491 0.0 -0.014562959782779217
v 0.3626349866390228 -0.007520973216742277 -0.01759600080549717
v 0.36309200525283813 0.007520973216742277 -0.016951970756053925
v 0.3648790121078491 0.0 -0.014562959782779217
v 0.3626349866390228 -0.007520973216742277 -0.01759600080549717
v 0.35859599709510803 0.0 -0.02245097979903221
v 0.36309200525283813 0.007520973216742277 -0.016951970756053925
v 0.35859599709510803 0.0 -0.02245097979903221
v 0.358364999294281 0.007520973216742277 -0.02229594998061657
v 0.36309200525283813 0.007520973216742277 -0.016951970756053925
v 0.35859599709510803 0.0 -0.02245097979903221
v 0.3564560115337372 0.009799957275390625 -0.023723000660538673
v 0.358364999294281 0.007520973216742277 -0.02229594998061657
v 0.32136499881744385 -0.040881991386413574 0.013511000201106071
v 0.3136489987373352 -0.03564995154738426 0.012749959714710712
v 0.32035401463508606 -0.04088300094008446 0.01212495006620884
v 0.35236799716949463 0.009799957275390625 -0.026349959895014763
v 0.3564079999923706 0.013049960136413574 -0.023555990308523178
v 0.35642001032829285 0.0114209596067667 -0.023649990558624268
v 0.3524110019207001 0.007520973216742277 -0.02643096074461937
v 0.3500620126724243 0.0 -0.027824990451335907
v 0.35236799716949463 0.009799957275390625 -0.026349959895014763
v 0.3500620126724243 0.0 -0.027824990451335907
v 0.3500789999961853 0.011419950053095818 -0.027275970205664635
v 0.35236799716949463 0.009799957275390625 -0.026349959895014763
v 0.3524110019207001 0.007520973216742277 -0.02643096074461937
v 0.35113900899887085 -0.007520973216742277 -0.027062950655817986
v 0.3500620126724243 0.0 -0.027824990451335907
v 0.35227900743484497 -0.033172961324453354 -0.023799000307917595
v 0.3479419946670532 -0.033172961324453354 -0.025828000158071518
v 0.35081401467323303 -0.0196529608219862 -0.02636796049773693
v 0.3626349866390228 -0.007520973216742277 -0.01759600080549717
v 0.356999009847641 -0.0196529608219862 -0.02246600016951561
v 0.3574860095977783 -0.007520973216742277 -0.02305798977613449
v 0.35241299867630005 0.007520973216742277 0.02643096074461937
v 0.3585970103740692 0.0 0.022449970245361328
v 0.3564560115337372 0.009799957275390625 0.023723000660538673
v 0.3614000082015991 0.01639300025999546 -0.015999969094991684
v 0.32884499430656433 0.02485995925962925 0.010484989732503891
v 0.36478400230407715 0.01639598049223423 -0.009350954554975033
v 0.34331899881362915 -0.033172961324453354 -0.027074990794062614
v 0.3436180055141449 -0.030499989166855812 -0.02735595963895321
v 0.3479419946670532 -0.033172961324453354 -0.025828000158071518
v 0.3647260069847107 -0.035760991275310516 0.0
v 0.36558300256729126 -0.033172961324453354 -0.004769979976117611
v 0.3659999966621399 -0.033172961324453354 0.0
v 0.32830798625946045 -0.042928989976644516 0.009880959056317806
v 0.32828599214553833 -0.042928989976644516 0.009853959083557129
v 0.32698899507522583 -0.042928989976644516 0.008274972438812256
v 0.32830798625946045 -0.042928989976644516 0.009880959056317806
v 0.32698899507522583 -0.042928989976644516 0.008274972438812256
v 0.3262479901313782 -0.042928989976644516 0.007073997985571623
v 0.32566601037979126 -0.042928989976644516 0.006065963767468929
v 0.32546699047088623 -0.042928989976644516 0.005536973010748625
v 0.32485198974609375 -0.042928989976644516 0.0039009449537843466
v 0.2814890146255493 -0.01390296034514904 -0.03065996989607811
v 0.33649998903274536 -0.007520973216742277 -0.029801959171891212
v 0.3365510106086731 -0.0196529608219862 -0.02903698943555355
v 0.3436180055141449 -0.030499989166855812 -0.02735595963895321
v 0.35081401467323303 -0.0196529608219862 -0.02636796049773693
v 0.3479419946670532 -0.033172961324453354 -0.025828000158071518
v 0.35163000226020813 -0.035760991275310516 0.022701969370245934
v 0.3479419946670532 -0.033172961324453354 0.025828000158071518
v 0.3474830090999603 -0.035760991275310516 0.024637989699840546
v 0.28134000301361084 -0.020946970209479332 -0.0285719595849514
v 0.3365510106086731 -0.0196529608219862 -0.02903698943555355
v 0.3385489881038666 -0.033172961324453354 -0.027499970048666
v 0.36096200346946716 -0.03416895121335983 0.014999980106949806
v 0.35859501361846924 -0.035760991275310516 0.016850940883159637
v 0.3600130081176758 -0.035760991275310516 0.014999980106949806
v 0.3221440017223358 -0.04088598117232323 0.01444195955991745
v 0.31573599576950073 -0.03416895121335983 0.01828199066221714
v 0.3218809962272644 -0.0409279391169548 0.01405595988035202
v 0.3564240038394928 0.013049960136413574 0.023546990007162094
v 0.35491999983787537 0.01639300025999546 0.022600939497351646
v 0.354326993227005 0.01454996969550848 0.024300990626215935
v 0.3254309892654419 -0.041341960430145264 0.01594996079802513
v 0.32478201389312744 -0.041105978190898895 0.016336970031261444
v 0.322706013917923 -0.04108899086713791 0.014485949650406837
v 0.3254309892654419 -0.041341960430145264 0.01594996079802513
v 0.32572001218795776 -0.041153959929943085 0.016307950019836426
v 0.32478201389312744 -0.041105978190898895 0.016336970031261444
v 0.3254309892654419 -0.041341960430145264 0.01594996079802513
v 0.34297600388526917 -0.035760991275310516 0.025840990245342255
v 0.32572001218795776 -0.041153959929943085 0.016307950019836426
v 0.3600130081176758 -0.035760991275310516 -0.014999980106949806
v 0.32830798625946045 -0.042928989976644516 0.009880959056317806
v 0.32485198974609375 -0.042928989976644516 0.0039009449537843466
v 0.34275001287460327 -0.03416895121335983 0.026673970744013786
v 0.3385480046272278 -0.03416895121335983 0.027009960263967514
v 0.34297600388526917 -0.035760991275310516 0.025840990245342255
v 0.3254309892654419 -0.041341960430145264 0.01594996079802513
v 0.3474830090999603 -0.035760991275310516 0.024637989699840546
v 0.34297600388526917 -0.035760991275310516 0.025840990245342255
v 0.3479419946670532 -0.033172961324453354 0.025828000158071518
v 0.34362098574638367 -0.030499989166855812 0.027354950085282326
v 0.34331899881362915 -0.033172961324453354 0.027074990794062614
v 0.3516260087490082 -0.035760991275310516 -0.022703999653458595
v 0.3479419946670532 -0.033172961324453354 -0.025828000158071518
v 0.35227900743484497 -0.033172961324453354 -0.023799000307917595
v 0.35227900743484497 -0.033172961324453354 0.023799000307917595
v 0.3508169949054718 -0.0196529608219862 0.026366939768195152
v 0.3479419946670532 -0.033172961324453354 0.025828000158071518
v 0.3561910092830658 -0.030499989166855812 -0.021483950316905975
v 0.35081401467323303 -0.0196529608219862 -0.02636796049773693
v 0.356999009847641 -0.0196529608219862 -0.02246600016951561
v 0.356999009847641 -0.0196529608219862 -0.02246600016951561
v 0.35113900899887085 -0.007520973216742277 -0.027062950655817986
v 0.3574860095977783 -0.007520973216742277 -0.02305798977613449
v 0.33855199813842773 0.007520973216742277 0.0298689603805542
v 0.31343498826026917 0.009765981696546078 0.029016969725489616
v 0.3149380087852478 -4.999999873689376e-06 0.029168959707021713
v 0.3583280146121979 -0.007520973216742277 0.022165950387716293
v 0.362637996673584 -0.007520973216742277 0.017592959105968475
v 0.3585970103740692 0.0 0.022449970245361328
v 0.34992098808288574 -0.007520973216742277 0.02745394967496395
v 0.34385499358177185 -0.0196529608219862 0.028604980558156967
v 0.3508169949054718 -0.0196529608219862 0.026366939768195152
v 0.3643670082092285 -0.030499989166855812 0.010267970152199268
v 0.3643450140953064 -0.033172961324453354 0.009394942782819271
v 0.3655489981174469 -0.0196529608219862 0.010737000033259392
v 0.3643450140953064 -0.033172961324453354 0.009394942782819271
v 0.36493000388145447 -0.033172961324453354 0.007208942901343107
v 0.3655489981174469 -0.0196529608219862 0.010737000033259392
v 0.3576120138168335 -0.033172961324453354 -0.01963197998702526
v 0.3620159924030304 -0.0196529608219862 -0.01714497059583664
v 0.35958001017570496 -0.033172961324453354 -0.017659960314631462
v 0.32884499430656433 0.02485995925962925 0.010484989732503891
v 0.32698699831962585 0.024939950555562973 0.007964967750012875
v 0.3134720027446747 0.02795100025832653 0.022204989567399025
v 0.32479700446128845 0.024914970621466637 0.0034489629324525595
v 0.36136800050735474 0.01454996969550848 0.01783394068479538
v 0.3614000082015991 0.01639300025999546 0.015999969094991684
v 0.3604719936847687 0.01639300025999546 0.017132990062236786
v 0.3623239994049072 -0.033172961324453354 0.013735939748585224
v 0.3643670082092285 -0.030499989166855812 0.010267970152199268
v 0.3655489981174469 -0.0196529608219862 0.010737000033259392
v 0.3216690123081207 0.024926960468292236 0.0032249679788947105
v 0.3216690123081207 0.024926960468292236 0.0032249679788947105
v 0.3135719895362854 0.027803000062704086 0.021414989605545998
v 0.31358200311660767 0.02780997008085251 0.02144497074186802
v 0.36136800050735474 0.01454996969550848 -0.01783394068479538
v 0.3614000082015991 0.01639300025999546 -0.015999969094991684
v 0.3625830113887787 0.014699989929795265 -0.015999969094991684
v 0.35958001017570496 -0.033172961324453354 0.017659960314631462
v 0.36077699065208435 -0.033172961324453354 0.015947990119457245
v 0.36201798915863037 -0.0196529608219862 0.01714199036359787
v 0.2927030026912689 0.016299959272146225 -0.02672296017408371
v 0.3070659935474396 0.02447897009551525 0.007840991020202637
v 0.3097749948501587 0.02587698958814144 0.013494960032403469
v 0.2919749915599823 0.016299959272146225 -0.025994950905442238
v 0.30114999413490295 0.02135597914457321 -0.004516959190368652
v 0.3070659935474396 0.02447897009551525 0.007840991020202637
v 0.28126099705696106 0.004964946769177914 -0.03141200169920921
v 0.28076401352882385 0.00697898818179965 -0.031418971717357635
v 0.33855000138282776 0.007520973216742277 -0.0298689603805542
v 0.2869360148906708 0.01049994956701994 0.02422099933028221
v 0.2911800146102905 0.01049994956701994 0.026259949430823326
v 0.3134720027446747 0.02795100025832653 0.022204989567399025
v 0.3619000017642975 -0.03416895121335983 -0.013490970246493816
v 0.3632430136203766 -0.033172961324453354 -0.011762970127165318
v 0.3643450140953064 -0.033172961324453354 -0.009394942782819271
v 0.2911800146102905 0.01049994956701994 0.026259949430823326
v 0.31439799070358276 0.025270989164710045 0.02410995028913021
v 0.3134720027446747 0.02795100025832653 0.022204989567399025
v 0.3632430136203766 -0.033172961324453354 -0.011762970127165318
v 0.36436599493026733 -0.030499989166855812 -0.010270950384438038
v 0.3643450140953064 -0.033172961324453354 -0.009394942782819271
v 0.36558300256729126 -0.033172961324453354 0.004769979976117611
v 0.3664329946041107 -0.02840995043516159 0.003231941955164075
v 0.3673720061779022 -0.0196529608219862 0.0036549558863043785
v 0.31439799070358276 0.025270989164710045 0.02410995028913021
v 0.34275001287460327 0.01639300025999546 0.02761095017194748
v 0.3134720027446747 0.02795100025832653 0.022204989567399025
v 0.3623239994049072 -0.033172961324453354 -0.013735939748585224
v 0.34275001287460327 0.01639300025999546 0.02761095017194748
v 0.34529998898506165 0.01639300025999546 0.027064969763159752
v 0.3134720027446747 0.02795100025832653 0.022204989567399025
v 0.3619000017642975 -0.03416895121335983 -0.013490970246493816
v 0.36096200346946716 -0.03416895121335983 -0.014999980106949806
v 0.3623239994049072 -0.033172961324453354 -0.013735939748585224
v 0.34529998898506165 0.01639300025999546 0.027064969763159752
v 0.3459320068359375 0.01639300025999546 0.026928959414362907
v 0.3134720027446747 0.02795100025832653 0.022204989567399025
v 0.36096200346946716 -0.03416895121335983 -0.014999980106949806
v 0.36077699065208435 -0.033172961324453354 -0.015947990119457245
v 0.3623239994049072 -0.033172961324453354 -0.013735939748585224
v 0.3459320068359375 0.01639300025999546 0.026928959414362907
v 0.3506210148334503 0.01639300025999546 0.025168949738144875
v 0.3134720027446747 0.02795100025832653 0.022204989567399025
v 0.36077699065208435 -0.033172961324453354 -0.015947990119457245
v 0.3609890043735504 -0.030499989166855812 -0.01639598049223423
v 0.3623239994049072 -0.033172961324453354 -0.013735939748585224
v 0.3664329946041107 -0.02840995043516159 -0.003231941955164075
v 0.36558300256729126 -0.033172961324453354 -0.004769979976117611
v 0.36737099289894104 -0.0196529608219862 -0.003657995956018567
v 0.3506210148334503 0.01639300025999546 0.025168949738144875
v 0.3536989986896515 0.01639300025999546 0.023329969495534897
v 0.3134720027446747 0.02795100025832653 0.022204989567399025
v 0.35491999983787537 0.01639300025999546 0.022600939497351646
v 0.3365510106086731 -0.0196529608219862 -0.02903698943555355
v 0.34019601345062256 -0.033172961324453354 -0.02735297940671444
v 0.3385489881038666 -0.033172961324453354 -0.027499970048666
v 0.3673720061779022 -0.0196529608219862 0.0036549558863043785
v 0.36493000388145447 -0.033172961324453354 0.007208942901343107
v 0.36558300256729126 -0.033172961324453354 0.004769979976117611
v 0.35491999983787537 0.01639300025999546 0.022600939497351646
v 0.35732701420783997 0.01639300025999546 0.020497970283031464
v 0.3134720027446747 0.02795100025832653 0.022204989567399025
v 0.3633109927177429 -0.035760991275310516 0.00849997904151678
v 0.3287990093231201 -0.04280494898557663 0.010438970290124416
v 0.364327996969223 -0.035760991275310516 0.004550992976874113
v 0.3586919903755188 0.01639300025999546 0.019304990768432617
v 0.3633109927177429 -0.035760991275310516 0.00849997904151678
v 0.3600130081176758 -0.035760991275310516 0.014999980106949806
v 0.3287990093231201 -0.04280494898557663 0.010438970290124416
v 0.3586919903755188 0.01639300025999546 0.019304990768432617
v 0.3604719936847687 0.01639300025999546 0.017132990062236786
v 0.3134720027446747 0.02795100025832653 0.022204989567399025
v 0.3600130081176758 -0.035760991275310516 0.014999980106949806
v 0.35859501361846924 -0.035760991275310516 0.016850940883159637
v 0.3287990093231201 -0.04280494898557663 0.010438970290124416
v 0.3614000082015991 0.01639300025999546 0.015999969094991684
v 0.35859501361846924 -0.035760991275310516 0.016850940883159637
v 0.3553690016269684 -0.035760991275310516 0.020079970359802246
v 0.3287990093231201 -0.04280494898557663 0.010438970290124416
v 0.36493000388145447 -0.033172961324453354 -0.007208942901343107
v 0.3643450140953064 -0.033172961324453354 -0.009394942782819271
v 0.3655470013618469 -0.0196529608219862 -0.010740989819169044
v 0.3643450140953064 -0.033172961324453354 -0.009394942782819271
v 0.36436599493026733 -0.030499989166855812 -0.010270950384438038
v 0.3655470013618469 -0.0196529608219862 -0.010740989819169044
v 0.3614000082015991 0.01639300025999546 0.015999969094991684
v 0.36483898758888245 0.01639300025999546 0.009268999099731445
v 0.3619000017642975 -0.03416895121335983 -0.013490970246493816
v 0.36388498544692993 -0.03416895121335983 -0.009227991104125977
v 0.3633109927177429 -0.035760991275310516 -0.00849997904151678
v 0.36483898758888245 0.01639300025999546 0.009268999099731445
v 0.3657349944114685 0.01639300025999546 0.006215989124029875
v 0.3134720027446747 0.02795100025832653 0.022204989567399025
v 0.3633109927177429 -0.035760991275310516 -0.00849997904151678
v 0.349918007850647 0.013049960136413574 -0.027265960350632668
v 0.3462510108947754 0.01454996969550848 -0.027891989797353745
v 0.3501049876213074 0.01454996969550848 -0.026576990261673927
v 0.3657349944114685 0.01639300025999546 0.006215989124029875
v 0.35859501361846924 -0.035760991275310516 0.016850940883159637
v 0.3561980128288269 -0.033172961324453354 0.021048959344625473
v 0.3553690016269684 -0.035760991275310516 0.020079970359802246
v 0.3623239994049072 -0.033172961324453354 -0.013735939748585224
v 0.3609890043735504 -0.030499989166855812 -0.01639598049223423
v 0.3620159924030304 -0.0196529608219862 -0.01714497059583664
v 0.3609890043735504 -0.030499989166855812 -0.01639598049223423
v 0.35958001017570496 -0.033172961324453354 -0.017659960314631462
v 0.3620159924030304 -0.0196529608219862 -0.01714497059583664
v 0.3657349944114685 0.01639300025999546 0.006215989124029875
v 0.36595600843429565 0.01639300025999546 0.0045909881591796875
v 0.32884499430656433 0.02485995925962925 0.010484989732503891
v 0.35619398951530457 -0.030499989166855812 0.021481990814208984
v 0.35384601354599 -0.033172961324453354 0.022698989138007164
v 0.3561980128288269 -0.033172961324453354 0.021048959344625473
v 0.36640799045562744 0.01639300025999546 0.0012529490049928427
v 0.35859501361846924 -0.035760991275310516 0.016850940883159637
v 0.3576120138168335 -0.033172961324453354 0.01963197998702526
v 0.3561980128288269 -0.033172961324453354 0.021048959344625473
v 0.3576120138168335 -0.033172961324453354 0.01963197998702526
v 0.36201798915863037 -0.0196529608219862 0.01714199036359787
v 0.35700199007987976 -0.0196529608219862 0.022462960332632065
v 0.36813199520111084 -0.007520973216742277 0.003750978969037533
v 0.36737099289894104 -0.0196529608219862 -0.003657995956018567
v 0.36813199520111084 -0.007520973216742277 -0.0037549729458987713
v 0.36640799045562744 0.01639300025999546 0.0012529490049928427
v 0.3664360046386719 0.01639300025999546 0.0
v 0.32884499430656433 0.02485995925962925 0.010484989732503891
v 0.3633109927177429 -0.035760991275310516 0.00849997904151678
v 0.36388498544692993 -0.03416895121335983 0.009227991104125977
v 0.3619000017642975 -0.03416895121335983 0.013490970246493816
v 0.3664360046386719 0.01639300025999546 0.0
v 0.36618301272392273 0.01639300025999546 -0.003749965922906995
v 0.32884499430656433 0.02485995925962925 0.010484989732503891
v 0.36096200346946716 -0.03416895121335983 0.014999980106949806
v 0.3600130081176758 -0.035760991275310516 0.014999980106949806
v 0.3619000017642975 -0.03416895121335983 0.013490970246493816
v 0.3574860095977783 -0.007520973216742277 -0.02305798977613449
v 0.35859599709510803 0.0 -0.02245097979903221
v 0.3626349866390228 -0.007520973216742277 -0.01759600080549717
v 0.36618301272392273 0.01639300025999546 -0.003749965922906995
v 0.3659909963607788 0.01639300025999546 -0.004589973948895931
v 0.32884499430656433 0.02485995925962925 0.010484989732503891
v 0.3619000017642975 -0.03416895121335983 0.013490970246493816
v 0.3650690019130707 0.01639300025999546 -0.008632957004010677
v 0.3633109927177429 -0.035760991275310516 0.00849997904151678
v 0.36413800716400146 -0.03416895121335983 0.00849997904151678
v 0.36388498544692993 -0.03416895121335983 0.009227991104125977
v 0.3287990093231201 -0.04280494898557663 0.010438970290124416
v 0.3474830090999603 -0.035760991275310516 0.024637989699840546
v 0.32702699303627014 -0.042104948312044144 0.013481969945132732
v 0.3650690019130707 0.01639300025999546 -0.008632957004010677
v 0.36478400230407715 0.01639598049223423 -0.009350954554975033
v 0.32884499430656433 0.02485995925962925 0.010484989732503891
v 0.3474830090999603 -0.035760991275310516 0.024637989699840546
v 0.34331899881362915 -0.033172961324453354 0.027074990794062614
v 0.34297600388526917 -0.035760991275310516 0.025840990245342255
v 0.3543570041656494 0.0 -0.02511996030807495
v 0.3614000082015991 0.01639300025999546 -0.015999969094991684
v 0.3604319989681244 0.01639300025999546 -0.017295949161052704
v 0.32479700446128845 0.024914970621466637 0.0034489629324525595
v 0.3604319989681244 0.01639300025999546 -0.017295949161052704
v 0.357356995344162 0.01639300025999546 -0.02053898014128208
v 0.32479700446128845 0.024914970621466637 0.0034489629324525595
v 0.3568800091743469 0.01639300025999546 -0.021037990227341652
v 0.3561910092830658 -0.030499989166855812 -0.021483950316905975
v 0.35384601354599 -0.033172961324453354 -0.022698989138007164
v 0.35227900743484497 -0.033172961324453354 -0.023799000307917595
v 0.3568800091743469 0.01639300025999546 -0.021037990227341652
v 0.35370099544525146 0.01639300025999546 -0.02334696054458618
v 0.32479700446128845 0.024914970621466637 0.0034489629324525595
v 0.3528279960155487 0.01639300025999546 -0.023981979116797447
v 0.3576120138168335 -0.033172961324453354 -0.01963197998702526
v 0.3561980128288269 -0.033172961324453354 -0.021048959344625473
v 0.356999009847641 -0.0196529608219862 -0.02246600016951561
v 0.3561980128288269 -0.033172961324453354 -0.021048959344625473
v 0.3561910092830658 -0.030499989166855812 -0.021483950316905975
v 0.356999009847641 -0.0196529608219862 -0.02246600016951561
v 0.3528279960155487 0.01639300025999546 -0.023981979116797447
v 0.3483160138130188 0.01639300025999546 -0.02615498937666416
v 0.32479700446128845 0.024914970621466637 0.0034489629324525595
v 0.3483160138130188 0.01639300025999546 -0.02615498937666416
v 0.3452779948711395 0.01639300025999546 -0.02699296921491623
v 0.32479700446128845 0.024914970621466637 0.0034489629324525595
v 0.3500620126724243 0.0 -0.027824990451335907
v 0.3402329981327057 0.0 -0.030080970376729965
v 0.34568899869918823 0.007520973216742277 -0.028990980237722397
v 0.34348800778388977 0.01639300025999546 -0.027486970648169518
v 0.34348800778388977 0.01639300025999546 -0.027486970648169518
v 0.34275001287460327 0.01639300025999546 -0.02761095017194748
v 0.32479700446128845 0.024914970621466637 0.0034489629324525595
v 0.3254309892654419 -0.041341960430145264 0.01594996079802513
v 0.32565298676490784 -0.04210298880934715 0.012392990291118622
v 0.32702699303627014 -0.042104948312044144 0.013481969945132732
v 0.3287990093231201 -0.04280494898557663 0.010438970290124416
v 0.3647260069847107 -0.035760991275310516 0.0
v 0.364327996969223 -0.035760991275310516 0.004550992976874113
v 0.2936980128288269 0.016299959272146225 -0.02698999084532261
v 0.2927030026912689 0.016299959272146225 -0.02672296017408371
v 0.3216690123081207 0.024926960468292236 0.0032249679788947105
v 0.3337799906730652 0.01639300025999546 -0.027531979605555534
v 0.2936980128288269 0.016299959272146225 -0.02698999084532261
v 0.3216690123081207 0.024926960468292236 0.0032249679788947105
v 0.3633109927177429 -0.035760991275310516 -0.00849997904151678
v 0.364327996969223 -0.035760991275310516 -0.004551947116851807
v 0.32830798625946045 -0.042928989976644516 0.009880959056317806
v 0.364327996969223 -0.035760991275310516 -0.004551947116851807
v 0.3647260069847107 -0.035760991275310516 0.0
v 0.32830798625946045 -0.042928989976644516 0.009880959056317806
v 0.28946998715400696 0.014315959997475147 -0.028116999194025993
v 0.28953900933265686 0.014437969774007797 -0.0279959999024868
v 0.2936980128288269 0.016299959272146225 -0.02698999084532261
v 0.28966599702835083 0.014565999619662762 -0.027818970382213593
v 0.28953900933265686 0.014437969774007797 -0.0279959999024868
v 0.28974300622940063 0.014647959731519222 -0.02769898995757103
v 0.36096200346946716 -0.03416895121335983 -0.014999980106949806
v 0.3619000017642975 -0.03416895121335983 -0.013490970246493816
v 0.3600130081176758 -0.035760991275310516 -0.014999980106949806
v 0.34275001287460327 0.01639300025999546 0.02761095017194748
v 0.3150480091571808 0.02186495065689087 0.02593695931136608
v 0.340828001499176 0.014642000198364258 0.02885298989713192
v 0.3619000017642975 -0.03416895121335983 -0.013490970246493816
v 0.3633109927177429 -0.035760991275310516 -0.00849997904151678
v 0.3600130081176758 -0.035760991275310516 -0.014999980106949806
v 0.3561910092830658 -0.030499989166855812 -0.021483950316905975
v 0.3561980128288269 -0.033172961324453354 -0.021048959344625473
v 0.35384601354599 -0.033172961324453354 -0.022698989138007164
v 0.2823750078678131 0.010221949778497219 -0.030879970639944077
v 0.280007004737854 0.008245944045484066 -0.022762000560760498
v 0.27965301275253296 0.00829994585365057 -0.01997195929288864
v 0.280007004737854 0.008245944045484066 -0.022762000560760498
v 0.2807610034942627 0.006982982158660889 -0.03138798102736473
v 0.27965301275253296 0.00829994585365057 -0.01997195929288864
v 0.35958001017570496 -0.033172961324453354 -0.017659960314631462
v 0.35958001017570496 -0.033172961324453354 -0.017659960314631462
v 0.28076401352882385 0.00697898818179965 -0.031418971717357635
v 0.2807680070400238 0.006778954993933439 -0.0313989482820034
v 0.2807610034942627 0.006982982158660889 -0.03138798102736473
v 0.28134000301361084 -0.020946970209479332 -0.0285719595849514
v 0.2869360148906708 0.01049994956701994 0.02422099933028221
v 0.27965301275253296 0.00829994585365057 -0.01997195929288864
v 0.29061201214790344 -0.030499989166855812 -0.019499950110912323
v 0.3135240077972412 -0.03051798976957798 0.020169969648122787
v 0.32702699303627014 -0.042104948312044144 0.013481969945132732
v 0.3474830090999603 -0.035760991275310516 0.024637989699840546
v 0.3254309892654419 -0.041341960430145264 0.01594996079802513
v 0.3100639879703522 -0.021364979445934296 0.023904969915747643
v 0.3241640031337738 -0.040948979556560516 0.016344960778951645
v 0.3164690136909485 -0.03416895121335983 0.019062990322709084
v 0.32233598828315735 -0.04074198007583618 0.014858960174024105
v 0.3620159924030304 -0.0196529608219862 -0.01714497059583664
v 0.36436599493026733 -0.030499989166855812 -0.010270950384438038
v 0.3623239994049072 -0.033172961324453354 -0.013735939748585224
v 0.3136970102787018 -0.020623980090022087 0.026371950283646584
v 0.3139210045337677 -0.013964950107038021 0.028190970420837402
v 0.2911800146102905 0.01049994956701994 0.026259949430823326
v 0.3066810071468353 0.0 0.028871949762105942
v 0.30718401074409485 0.01049994956701994 0.028802990913391113
v 0.3287990093231201 -0.04280494898557663 0.010438970290124416
v 0.3553690016269684 -0.035760991275310516 0.020079970359802246
v 0.35163000226020813 -0.035760991275310516 0.022701969370245934
v 0.3150480091571808 0.02186495065689087 0.02593695931136608
v 0.31439799070358276 0.025270989164710045 0.02410995028913021
v 0.2911800146102905 0.01049994956701994 0.026259949430823326
v 0.35227900743484497 -0.033172961324453354 0.023799000307917595
v 0.35815098881721497 0.013049960136413574 -0.022141989320516586
v 0.36136800050735474 0.01454996969550848 -0.01783394068479538
v 0.36236798763275146 0.013049960136413574 -0.01737499050796032
v 0.35619398951530457 -0.030499989166855812 0.021481990814208984
v 0.3561980128288269 -0.033172961324453354 0.021048959344625473
v 0.35700199007987976 -0.0196529608219862 0.022462960332632065
v 0.3561980128288269 -0.033172961324453354 0.021048959344625473
v 0.3576120138168335 -0.033172961324453354 0.01963197998702526
v 0.35700199007987976 -0.0196529608219862 0.022462960332632065
v 0.340828001499176 0.014642000198364258 0.02885298989713192
v 0.34275001287460327 0.014699989929795265 0.028598960489034653
v 0.34275001287460327 0.01639300025999546 0.02761095017194748
v 0.3632430136203766 -0.033172961324453354 0.011762970127165318
v 0.3643450140953064 -0.033172961324453354 0.009394942782819271
v 0.3643670082092285 -0.030499989166855812 0.010267970152199268
v 0.3623239994049072 -0.033172961324453354 0.013735939748585224
v 0.3632430136203766 -0.033172961324453354 0.011762970127165318
v 0.3643670082092285 -0.030499989166855812 0.010267970152199268
v 0.3385480046272278 -0.03416895121335983 -0.027009960263967514
v 0.33425000309944153 -0.03416895121335983 -0.026673970744013786
v 0.3385489881038666 -0.033172961324453354 -0.027499970048666
v 0.32698899507522583 -0.042928989976644516 0.008274972438812256
v 0.32304099202156067 -0.04210298880934715 0.00892496109008789
v 0.3262479901313782 -0.042928989976644516 0.007073997985571623
v 0.3643450140953064 -0.033172961324453354 0.009394942782819271
v 0.36413800716400146 -0.03416895121335983 0.00849997904151678
v 0.36493000388145447 -0.033172961324453354 0.007208942901343107
v 0.3643450140953064 -0.033172961324453354 0.009394942782819271
v 0.36558300256729126 -0.033172961324453354 0.004769979976117611
v 0.33649998903274536 -0.007520973216742277 -0.029801959171891212
v 0.28210899233818054 0.0 -0.03140496835112572
v 0.3402329981327057 0.0 -0.030080970376729965
v 0.3581160008907318 0.01454996969550848 0.02135998010635376
v 0.35732701420783997 0.01639300025999546 0.020497970283031464
v 0.35491999983787537 0.01639300025999546 0.022600939497351646
v 0.36201798915863037 -0.0196529608219862 0.01714199036359787
v 0.3583280146121979 -0.007520973216742277 0.022165950387716293
v 0.35700199007987976 -0.0196529608219862 0.022462960332632065
v 0.3659999966621399 -0.033172961324453354 0.0
v 0.36625000834465027 -0.030065950006246567 0.002813993953168392
v 0.36558300256729126 -0.033172961324453354 0.004769979976117611
v 0.3664329946041107 -0.02840995043516159 0.003231941955164075
v 0.36493000388145447 -0.033172961324453354 -0.007208942901343107
v 0.36737099289894104 -0.0196529608219862 -0.003657995956018567
v 0.36558300256729126 -0.033172961324453354 -0.004769979976117611
v 0.354326993227005 0.01454996969550848 -0.024300990626215935
v 0.3568800091743469 0.01639300025999546 -0.021037990227341652
v 0.3581160008907318 0.01454996969550848 -0.02135998010635376
v 0.3576120138168335 -0.033172961324453354 0.01963197998702526
v 0.35859501361846924 -0.035760991275310516 0.016850940883159637
v 0.35958001017570496 -0.033172961324453354 0.017659960314631462
v 0.3625830113887787 0.014699989929795265 0.015999969094991684
v 0.3639569878578186 0.014624949544668198 0.013799959793686867
v 0.3614000082015991 0.01639300025999546 0.015999969094991684
v 0.3639569878578186 0.014624949544668198 0.013799959793686867
v 0.3213439881801605 -0.04210298880934715 0.004928946029394865
v 0.31745201349258423 -0.04108899086713791 0.00417095422744751
v 0.3210749924182892 -0.04210798814892769 0.003232955001294613
v 0.3639569878578186 0.014624949544668198 0.013799959793686867
v 0.36586299538612366 0.014628940261900425 0.009466946125030518
v 0.36483898758888245 0.01639300025999546 0.009268999099731445
v 0.35958001017570496 -0.033172961324453354 0.017659960314631462
v 0.36625000834465027 -0.030065950006246567 0.002813993953168392
v 0.3666819930076599 -0.026931999251246452 0.0026939508970826864
v 0.3664329946041107 -0.02840995043516159 0.003231941955164075
v 0.36586299538612366 0.014628940261900425 0.009466946125030518
v 0.36783498525619507 0.014998969621956348 0.0012939570005983114
v 0.3657349944114685 0.01639300025999546 0.006215989124029875
v 0.36783498525619507 0.014998969621956348 0.0012939570005983114
v 0.36773398518562317 0.015480989590287209 -7.599999662488699e-05
v 0.3657349944114685 0.01639300025999546 0.006215989124029875
v 0.36625000834465027 -0.030065950006246567 0.002813993953168392
v 0.3668990135192871 -0.02587996982038021 0.001525997999124229
v 0.3666819930076599 -0.026931999251246452 0.0026939508970826864
v 0.3668990135192871 -0.02587996982038021 0.001525997999124229
v 0.36773398518562317 0.015480989590287209 -7.599999662488699e-05
v 0.36595600843429565 0.01639300025999546 0.0045909881591796875
v 0.3657349944114685 0.01639300025999546 0.006215989124029875
v 0.36773398518562317 0.015480989590287209 -7.599999662488699e-05
v 0.36640799045562744 0.01639300025999546 0.0012529490049928427
v 0.36595600843429565 0.01639300025999546 0.0045909881591796875
v 0.3659999966621399 -0.033172961324453354 0.0
v 0.3669860064983368 -0.025499990209937096 0.0
v 0.3668990135192871 -0.02587996982038021 0.001525997999124229
v 0.3659999966621399 -0.033172961324453354 0.0
v 0.3668990135192871 -0.02587996982038021 -0.001525997999124229
v 0.3669860064983368 -0.025499990209937096 0.0
v 0.36773398518562317 0.015480989590287209 -7.599999662488699e-05
v 0.3664360046386719 0.01639300025999546 0.0
v 0.36640799045562744 0.01639300025999546 0.0012529490049928427
v 0.36773398518562317 0.015480989590287209 -7.599999662488699e-05
v 0.36618301272392273 0.01639300025999546 -0.003749965922906995
v 0.3664360046386719 0.01639300025999546 0.0
v 0.3659999966621399 -0.033172961324453354 0.0
v 0.36625000834465027 -0.030771970748901367 -0.0015199780464172363
v 0.3668990135192871 -0.02587996982038021 -0.001525997999124229
v 0.36625000834465027 -0.030771970748901367 -0.0015199780464172363
v 0.3666819930076599 -0.026931999251246452 -0.0026939508970826864
v 0.3668990135192871 -0.02587996982038021 -0.001525997999124229
v 0.36773398518562317 0.015480989590287209 -7.599999662488699e-05
v 0.36788201332092285 0.0152129502967 -0.00042399996891617775
v 0.36618301272392273 0.01639300025999546 -0.003749965922906995
v 0.36788201332092285 0.0152129502967 -0.00042399996891617775
v 0.3659909963607788 0.01639300025999546 -0.004589973948895931
v 0.36618301272392273 0.01639300025999546 -0.003749965922906995
v 0.36625000834465027 -0.030771970748901367 -0.0015199780464172363
v 0.3664329946041107 -0.02840995043516159 -0.003231941955164075
v 0.3666819930076599 -0.026931999251246452 -0.0026939508970826864
v 0.36625000834465027 -0.030771970748901367 -0.0015199780464172363
v 0.3662030100822449 -0.030240949243307114 -0.0030219550244510174
v 0.3664329946041107 -0.02840995043516159 -0.003231941955164075
v 0.3650690019130707 0.01639300025999546 -0.008632957004010677
v 0.36788201332092285 0.0152129502967 -0.00042399996891617775
v 0.3678340017795563 0.014959990046918392 -0.0013879529433324933
v 0.3650690019130707 0.01639300025999546 -0.008632957004010677
v 0.3662030100822449 -0.030240949243307114 -0.0030219550244510174
v 0.36558300256729126 -0.033172961324453354 -0.004769979976117611
v 0.3664329946041107 -0.02840995043516159 -0.003231941955164075
v 0.3647260069847107 -0.035760991275310516 0.0
v 0.36558300256729126 -0.033172961324453354 0.004769979976117611
v 0.364327996969223 -0.035760991275310516 0.004550992976874113
v 0.3678340017795563 0.014959990046918392 -0.0013879529433324933
v 0.36584699153900146 0.014649979770183563 -0.009475946426391602
v 0.3650690019130707 0.01639300025999546 -0.008632957004010677
v 0.364327996969223 -0.035760991275310516 -0.004551947116851807
v 0.36413800716400146 -0.03416895121335983 -0.00849997904151678
v 0.36558300256729126 -0.033172961324453354 -0.004769979976117611
v 0.36558300256729126 -0.033172961324453354 -0.004769979976117611
v 0.36584699153900146 0.014649979770183563 -0.009475946426391602
v 0.36395299434661865 0.01463198009878397 -0.013797990046441555
v 0.36478400230407715 0.01639598049223423 -0.009350954554975033
v 0.36395299434661865 0.01463198009878397 -0.013797990046441555
v 0.3614000082015991 0.01639300025999546 -0.015999969094991684
v 0.36478400230407715 0.01639598049223423 -0.009350954554975033
v 0.3662030100822449 -0.030240949243307114 -0.0030219550244510174
v 0.36625000834465027 -0.030771970748901367 -0.0015199780464172363
v 0.36558300256729126 -0.033172961324453354 -0.004769979976117611
v 0.36558300256729126 -0.033172961324453354 -0.004769979976117611
v 0.36395299434661865 0.01463198009878397 -0.013797990046441555
v 0.3625830113887787 0.014699989929795265 -0.015999969094991684
v 0.3614000082015991 0.01639300025999546 -0.015999969094991684
v 0.36096200346946716 -0.03416895121335983 -0.014999980106949806
v 0.35859400033950806 -0.035760991275310516 -0.016851959750056267
v 0.35958001017570496 -0.033172961324453354 -0.017659960314631462
v 0.354326993227005 0.01454996969550848 0.024300990626215935
v 0.3506210148334503 0.01639300025999546 0.025168949738144875
v 0.3509550094604492 0.01454996969550848 0.026118990033864975
v 0.36831599473953247 0.008610962890088558 -0.0008420000085607171
v 0.3678770065307617 0.013666979968547821 -0.0033329720608890057
v 0.36788201332092285 0.0152129502967 -0.00042399996891617775
v 0.36388498544692993 -0.03416895121335983 -0.009227991104125977
v 0.3619000017642975 -0.03416895121335983 -0.013490970246493816
v 0.3643450140953064 -0.033172961324453354 -0.009394942782819271
v 0.3678770065307617 0.013666979968547821 -0.0033329720608890057
v 0.3678340017795563 0.014959990046918392 -0.0013879529433324933
v 0.36788201332092285 0.0152129502967 -0.00042399996891617775
v 0.3664590120315552 0.01454996969550848 -0.007321000099182129
v 0.3678340017795563 0.014959990046918392 -0.0013879529433324933
v 0.3664590120315552 0.01454996969550848 -0.007321000099182129
v 0.36584699153900146 0.014649979770183563 -0.009475946426391602
v 0.3678340017795563 0.014959990046918392 -0.0013879529433324933
v 0.3543570041656494 0.0 -0.02511996030807495
v 0.3564560115337372 0.009799957275390625 -0.023723000660538673
v 0.35859599709510803 0.0 -0.02245097979903221
v 0.3664590120315552 0.01454996969550848 -0.007321000099182129
v 0.3678770065307617 0.013666979968547821 -0.0033329720608890057
v 0.36584699153900146 0.014649979770183563 -0.009475946426391602
v 0.3678770065307617 0.013666979968547821 -0.0033329720608890057
v 0.36771801114082336 0.013114980421960354 -0.004706977866590023
v 0.36584699153900146 0.014649979770183563 -0.009475946426391602
v 0.354326993227005 0.01454996969550848 -0.024300990626215935
v 0.3509550094604492 0.01454996969550848 -0.026118990033864975
v 0.3528279960155487 0.01639300025999546 -0.023981979116797447
v 0.36771801114082336 0.013114980421960354 -0.004706977866590023
v 0.3661839962005615 0.013049960136413574 -0.01048796996474266
v 0.36584699153900146 0.014649979770183563 -0.009475946426391602
v 0.3501049876213074 0.01454996969550848 -0.026576990261673927
v 0.3661839962005615 0.013049960136413574 -0.01048796996474266
v 0.3647730052471161 0.01454996969550848 -0.012050979770720005
v 0.36584699153900146 0.014649979770183563 -0.009475946426391602
v 0.3501049876213074 0.01454996969550848 -0.026576990261673927
v 0.3483160138130188 0.01639300025999546 -0.02615498937666416
v 0.3528279960155487 0.01639300025999546 -0.023981979116797447
v 0.3647730052471161 0.01454996969550848 -0.012050979770720005
v 0.3661839962005615 0.013049960136413574 -0.01048796996474266
v 0.36395299434661865 0.01463198009878397 -0.013797990046441555
v 0.3501049876213074 0.01454996969550848 -0.026576990261673927
v 0.3462510108947754 0.01454996969550848 -0.027891989797353745
v 0.3483160138130188 0.01639300025999546 -0.02615498937666416
v 0.3462510108947754 0.01454996969550848 -0.027891989797353745
v 0.34556499123573303 0.01454996969550848 -0.028125999495387077
v 0.3483160138130188 0.01639300025999546 -0.02615498937666416
v 0.3661839962005615 0.013049960136413574 -0.01048796996474266
v 0.36236798763275146 0.013049960136413574 -0.01737499050796032
v 0.36395299434661865 0.01463198009878397 -0.013797990046441555
v 0.36236798763275146 0.013049960136413574 -0.01737499050796032
v 0.3625830113887787 0.014699989929795265 -0.015999969094991684
v 0.36395299434661865 0.01463198009878397 -0.013797990046441555
v 0.34556499123573303 0.01454996969550848 -0.028125999495387077
v 0.3452779948711395 0.01639300025999546 -0.02699296921491623
v 0.3483160138130188 0.01639300025999546 -0.02615498937666416
v 0.36236798763275146 0.013049960136413574 -0.01737499050796032
v 0.36136800050735474 0.01454996969550848 -0.01783394068479538
v 0.3625830113887787 0.014699989929795265 -0.015999969094991684
v 0.2911800146102905 0.01049994956701994 0.026259949430823326
v 0.3100639879703522 -0.021364979445934296 0.023904969915747643
v 0.3136970102787018 -0.020623980090022087 0.026371950283646584
v 0.35815098881721497 0.013049960136413574 -0.022141989320516586
v 0.3564079999923706 0.013049960136413574 -0.023555990308523178
v 0.3581160008907318 0.01454996969550848 -0.02135998010635376
v 0.34275001287460327 0.014699989929795265 -0.028598960489034653
v 0.3408290147781372 0.014630969613790512 -0.028859969228506088
v 0.34275001287460327 0.01639300025999546 -0.02761095017194748
v 0.3408290147781372 0.014630969613790512 -0.028859969228506088
v 0.336093008518219 0.014616959728300571 -0.028856990858912468
v 0.34275001287460327 0.01639300025999546 -0.02761095017194748
v 0.3564079999923706 0.013049960136413574 -0.023555990308523178
v 0.354326993227005 0.01454996969550848 -0.024300990626215935
v 0.3581160008907318 0.01454996969550848 -0.02135998010635376
v 0.349918007850647 0.013049960136413574 -0.027265960350632668
v 0.3509550094604492 0.01454996969550848 -0.026118990033864975
v 0.354326993227005 0.01454996969550848 -0.024300990626215935
v 0.336093008518219 0.014616959728300571 -0.028856990858912468
v 0.34275001287460327 0.01639300025999546 -0.02761095017194748
v 0.349918007850647 0.013049960136413574 -0.027265960350632668
v 0.349918007850647 0.013049960136413574 -0.027265960350632668
v 0.3501049876213074 0.01454996969550848 -0.026576990261673927
v 0.3509550094604492 0.01454996969550848 -0.026118990033864975
v 0.2885949909687042 0.013133999891579151 -0.029029959812760353
v 0.2886750102043152 0.01319998037070036 -0.028986990451812744
v 0.2936980128288269 0.016299959272146225 -0.02698999084532261
v 0.2807610034942627 0.006983994971960783 -0.03138798102736473
v 0.28108999133110046 0.007635951042175293 -0.031309958547353745
v 0.33664000034332275 -0.030499989166855812 0.027767950668931007
v 0.33425000309944153 -0.03416895121335983 0.026673970744013786
v 0.3385489881038666 -0.033172961324453354 0.027499970048666
v 0.34562501311302185 0.013049960136413574 -0.028733959421515465
v 0.34556499123573303 0.01454996969550848 -0.028125999495387077
v 0.3462510108947754 0.01454996969550848 -0.027891989797353745
v 0.336093008518219 0.014616959728300571 -0.028856990858912468
v 0.28244999051094055 0.010227969847619534 -0.030876990407705307
v 0.28245100378990173 0.010227969847619534 -0.030876990407705307
v 0.33855000138282776 0.013049960136413574 -0.029603950679302216
v 0.28244999051094055 0.010227969847619534 -0.030876990407705307
v 0.3408290147781372 0.014630969613790512 -0.028859969228506088
v 0.34562501311302185 0.013049960136413574 -0.028733959421515465
v 0.34275001287460327 0.014699989929795265 -0.028598960489034653
v 0.34556499123573303 0.01454996969550848 -0.028125999495387077
v 0.36831599473953247 0.008610962890088558 -0.0008420000085607171
v 0.3679650127887726 0.012590999715030193 0.003138958942145109
v 0.36833199858665466 0.00849997904151678 0.0
v 0.2810109853744507 0.005695998203009367 -0.031415991485118866
v 0.28151899576187134 0.0030839440878480673 -0.03142796829342842
v 0.2808060050010681 0.006445943843573332 -0.03141098842024803
v 0.34562501311302185 0.013049960136413574 -0.028733959421515465
v 0.3413090109825134 0.01454996969550848 -0.028827959671616554
v 0.34275001287460327 0.014699989929795265 -0.028598960489034653
v 0.2814890146255493 -0.01390296034514904 -0.03065996989607811
v 0.2808060050010681 0.006445943843573332 -0.03141098842024803
v 0.2818489968776703 -0.006904959212988615 -0.031216969713568687
v 0.28134000301361084 -0.020946970209479332 -0.0285719595849514
v 0.2807759940624237 0.0066259498707950115 -0.0314059816300869
v 0.2814890146255493 -0.01390296034514904 -0.03065996989607811
v 0.3413090109825134 0.01454996969550848 -0.028827959671616554
v 0.33855000138282776 0.013049960136413574 -0.029603950679302216
v 0.3408290147781372 0.014630969613790512 -0.028859969228506088
v 0.3413090109825134 0.01454996969550848 -0.028827959671616554
v 0.34562501311302185 0.013049960136413574 -0.028733959421515465
v 0.33855000138282776 0.013049960136413574 -0.029603950679302216
v 0.364327996969223 -0.035760991275310516 0.004550992976874113
v 0.36413800716400146 -0.03416895121335983 0.00849997904151678
v 0.3633109927177429 -0.035760991275310516 0.00849997904151678
v 0.34562501311302185 0.013049960136413574 -0.028733959421515465
v 0.3402329981327057 0.0 -0.030080970376729965
v 0.33855000138282776 0.013049960136413574 -0.029603950679302216
v 0.3402329981327057 0.0 -0.030080970376729965
v 0.33855000138282776 0.007520973216742277 -0.0298689603805542
v 0.33855000138282776 0.013049960136413574 -0.029603950679302216
v 0.33425000309944153 -0.03416895121335983 -0.026673970744013786
v 0.3340359926223755 -0.035760991275310516 -0.02584194950759411
v 0.28134000301361084 -0.020946970209479332 -0.0285719595849514
v 0.2926670014858246 -0.0318869911134243 -0.018999990075826645
v 0.2960459887981415 -0.03416895121335983 -0.018177980557084084
v 0.29330599308013916 -0.03243093937635422 -0.018184000626206398
v 0.3340359926223755 -0.035760991275310516 -0.02584194950759411
v 0.2980850040912628 -0.03416895121335983 -0.019354989752173424
v 0.28134000301361084 -0.020946970209479332 -0.0285719595849514
v 0.2980850040912628 -0.03416895121335983 -0.019354989752173424
v 0.2969079911708832 -0.03416895121335983 -0.019039979204535484
v 0.28134000301361084 -0.020946970209479332 -0.0285719595849514
v 0.358364999294281 0.007520973216742277 -0.02229594998061657
v 0.36236798763275146 0.013049960136413574 -0.01737499050796032
v 0.36309200525283813 0.007520973216742277 -0.016951970756053925
v 0.2969079911708832 -0.03416895121335983 -0.019039979204535484
v 0.288457989692688 -0.027117960155010223 -0.024002959951758385
v 0.28134000301361084 -0.020946970209479332 -0.0285719595849514
v 0.2916660010814667 -0.030499989166855812 -0.020930999889969826
v 0.29061201214790344 -0.030499989166855812 -0.019499950110912323
v 0.28134000301361084 -0.020946970209479332 -0.0285719595849514
v 0.28144198656082153 0.008008955977857113 -0.03124397061765194
v 0.2824470102787018 0.010225949808955193 -0.030877940356731415
v 0.33855000138282776 0.007520973216742277 -0.0298689603805542
v 0.34562501311302185 0.013049960136413574 -0.028733959421515465
v 0.34568899869918823 0.007520973216742277 -0.028990980237722397
v 0.3402329981327057 0.0 -0.030080970376729965
v 0.3385489881038666 -0.033172961324453354 -0.027499970048666
v 0.34023499488830566 0.0 0.030080970376729965
v 0.3500629961490631 0.0 0.027823980897665024
v 0.3456909954547882 0.007520973216742277 0.028989970684051514
v 0.34399300813674927 -0.007520973216742277 -0.02935897931456566
v 0.3438520133495331 -0.0196529608219862 -0.02860599011182785
v 0.3402329981327057 0.0 -0.030080970376729965
v 0.34275001287460327 -0.03416895121335983 0.026673970744013786
v 0.3385489881038666 -0.033172961324453354 0.027499970048666
v 0.3385480046272278 -0.03416895121335983 0.027009960263967514
v 0.3438520133495331 -0.0196529608219862 -0.02860599011182785
v 0.3365510106086731 -0.0196529608219862 -0.02903698943555355
v 0.3402329981327057 0.0 -0.030080970376729965
v 0.33649998903274536 -0.007520973216742277 -0.029801959171891212
v 0.29486599564552307 -0.03337198123335838 -0.01662098988890648
v 0.2947719991207123 -0.03332196921110153 -0.016740970313549042
v 0.29572999477386475 -0.03416895121335983 -0.016999950632452965
v 0.2952300012111664 -0.033529989421367645 -0.01614397019147873
v 0.2960459887981415 -0.03416895121335983 -0.015821989625692368
v 0.29541799426078796 -0.033581968396902084 -0.015821989625692368
v 0.3337799906730652 0.01639300025999546 -0.027531979605555534
v 0.32479700446128845 0.024914970621466637 0.0034489629324525595
v 0.34275001287460327 0.01639300025999546 -0.02761095017194748
v 0.2990959882736206 -0.03564995154738426 -0.012249940074980259
v 0.2968449890613556 -0.03353697061538696 -0.013092990033328533
v 0.2963019907474518 -0.03362493962049484 -0.014162000268697739
v 0.3136489987373352 -0.03564995154738426 0.012749959714710712
v 0.31573599576950073 -0.03416895121335983 0.01828199066221714
v 0.3135240077972412 -0.03051798976957798 0.020169969648122787
v 0.35537800192832947 -0.035760991275310516 -0.02007395029067993
v 0.35384601354599 -0.033172961324453354 -0.022698989138007164
v 0.3561980128288269 -0.033172961324453354 -0.021048959344625473
v 0.3241710066795349 -0.04278897866606712 0.0031549930572509766
v 0.30435600876808167 -0.03564995154738426 -0.01849997043609619
v 0.31573599576950073 -0.03416895121335983 0.01828199066221714
v 0.3164690136909485 -0.03416895121335983 0.019062990322709084
v 0.3135240077972412 -0.03051798976957798 0.020169969648122787
v 0.3164690136909485 -0.03416895121335983 0.019062990322709084
v 0.3134010136127472 -0.026734940707683563 0.023182980716228485
v 0.3135240077972412 -0.03051798976957798 0.020169969648122787
v 0.3385480046272278 -0.03416895121335983 -0.027009960263967514
v 0.3134010136127472 -0.026734940707683563 0.023182980716228485
v 0.3100639879703522 -0.021364979445934296 0.023904969915747643
v 0.3135240077972412 -0.03051798976957798 0.020169969648122787
v 0.2990959882736206 -0.03564995154738426 -0.012249940074980259
v 0.3136489987373352 -0.03564995154738426 0.012749959714710712
v 0.30435600876808167 -0.03564995154738426 -0.01849997043609619
v 0.2969079911708832 -0.03416895121335983 -0.019039979204535484
v 0.2980850040912628 -0.03416895121335983 -0.019354989752173424
v 0.3134010136127472 -0.026734940707683563 0.023182980716228485
v 0.3136970102787018 -0.020623980090022087 0.026371950283646584
v 0.3100639879703522 -0.021364979445934296 0.023904969915747643
v 0.3134010136127472 -0.026734940707683563 0.023182980716228485
v 0.3291510045528412 -0.033172961324453354 0.025861969217658043
v 0.3136970102787018 -0.020623980090022087 0.026371950283646584
v 0.2960459887981415 -0.03416895121335983 -0.018177980557084084
v 0.2916660010814667 -0.030499989166855812 -0.020930999889969826
v 0.2969079911708832 -0.03416895121335983 -0.019039979204535484
v 0.30435600876808167 -0.03564995154738426 -0.01849997043609619
v 0.2960459887981415 -0.03416895121335983 -0.018177980557084084
v 0.2969079911708832 -0.03416895121335983 -0.019039979204535484
v 0.3291510045528412 -0.033172961324453354 0.025861969217658043
v 0.3337790071964264 -0.033172961324453354 0.027091970667243004
v 0.3136970102787018 -0.020623980090022087 0.026371950283646584
v 0.2901819944381714 0.01516497042030096 -0.02690695971250534
v 0.27965301275253296 0.00829994585365057 -0.01997195929288864
v 0.290365993976593 0.015316960401833057 -0.026574959978461266
v 0.3623239994049072 -0.033172961324453354 0.013735939748585224
v 0.3385489881038666 -0.033172961324453354 -0.027499970048666
v 0.3140510022640228 -0.0071219801902771 0.028761979192495346
v 0.3066810071468353 0.0 0.028871949762105942
v 0.3139210045337677 -0.013964950107038021 0.028190970420837402
v 0.36820700764656067 0.0 0.005041955970227718
v 0.3648790121078491 0.0 0.014561950229108334
v 0.36626100540161133 -0.007520973216742277 0.011020000092685223
v 0.340828001499176 0.014642000198364258 0.02885298989713192
v 0.31521299481391907 0.021281950175762177 0.026145989075303078
v 0.33855199813842773 0.013049960136413574 0.029603950679302216
v 0.2990959882736206 -0.03564995154738426 -0.012249940074980259
v 0.29572999477386475 -0.03416895121335983 -0.016999950632452965
v 0.2960459887981415 -0.03416895121335983 -0.018177980557084084
v 0.2960459887981415 -0.03416895121335983 -0.018177980557084084
v 0.33655500411987305 -0.0196529608219862 0.02903698943555355
v 0.31422799825668335 -0.004964946769177914 0.028913969174027443
v 0.3365040123462677 -0.007520973216742277 0.029801959171891212
v 0.31422799825668335 -0.004964946769177914 0.028913969174027443
v 0.33655500411987305 -0.0196529608219862 0.02903698943555355
v 0.2990959882736206 -0.03564995154738426 -0.012249940074980259
v 0.2990959882736206 -0.03564995154738426 -0.012249940074980259
v 0.2960459887981415 -0.03416895121335983 -0.015821989625692368
v 0.29572999477386475 -0.03416895121335983 -0.016999950632452965
v 0.3149380087852478 -4.999999873689376e-06 0.029168959707021713
v 0.3149299919605255 -0.00040499999886378646 0.02916097082197666
v 0.3365040123462677 -0.007520973216742277 0.029801959171891212
v 0.36136800050735474 0.01454996969550848 0.01783394068479538
v 0.3586919903755188 0.01639300025999546 0.019304990768432617
v 0.35909900069236755 0.01454996969550848 0.02029394917190075
v 0.31766799092292786 -0.0411679707467556 0.003490983974188566
v 0.31745201349258423 -0.04108899086713791 0.00417095422744751
v 0.2990959882736206 -0.03564995154738426 -0.012249940074980259
v 0.31745201349258423 -0.04108899086713791 0.00417095422744751
v 0.31818199157714844 -0.04108899086713791 0.006897985003888607
v 0.2990959882736206 -0.03564995154738426 -0.012249940074980259
v 0.3162350058555603 0.015707960352301598 0.027850979939103127
v 0.31604498624801636 0.01832997053861618 0.02712899073958397
v 0.30718401074409485 0.01049994956701994 0.028802990913391113
v 0.31604498624801636 0.01832997053861618 0.02712899073958397
v 0.3151730000972748 0.021295959129929543 0.026139970868825912
v 0.30718401074409485 0.01049994956701994 0.028802990913391113
v 0.31818199157714844 -0.04108899086713791 0.006897985003888607
v 0.3187919855117798 -0.04108899086713791 0.008370994590222836
v 0.2990959882736206 -0.03564995154738426 -0.012249940074980259
v 0.3192560076713562 -0.04108899086713791 0.009490965865552425
v 0.3151730000972748 0.021295959129929543 0.026139970868825912
v 0.3150480091571808 0.02186495065689087 0.02593695931136608
v 0.30718401074409485 0.01049994956701994 0.028802990913391113
v 0.3192560076713562 -0.04108899086713791 0.009490965865552425
v 0.32035401463508606 -0.04088300094008446 0.01212495006620884
v 0.2990959882736206 -0.03564995154738426 -0.012249940074980259
v 0.32035401463508606 -0.04088300094008446 0.01212495006620884
v 0.3136489987373352 -0.03564995154738426 0.012749959714710712
v 0.2990959882736206 -0.03564995154738426 -0.012249940074980259
v 0.33855199813842773 0.013049960136413574 0.029603950679302216
v 0.3133719861507416 0.009911954402923584 0.029012970626354218
v 0.33855199813842773 0.007520973216742277 0.0298689603805542
v 0.33855199813842773 0.013049960136413574 0.029603950679302216
v 0.3162350058555603 0.015707960352301598 0.027850979939103127
v 0.31309399008750916 0.010979950428009033 0.02895396016538143
v 0.3241710066795349 -0.04278897866606712 0.0031549930572509766
v 0.3210749924182892 -0.04210798814892769 0.003232955001294613
v 0.2990959882736206 -0.03564995154738426 -0.012249940074980259
v 0.3210749924182892 -0.04210798814892769 0.003232955001294613
v 0.31766799092292786 -0.0411679707467556 0.003490983974188566
v 0.2990959882736206 -0.03564995154738426 -0.012249940074980259
v 0.32565298676490784 -0.04210298880934715 0.012392990291118622
v 0.3287990093231201 -0.04280494898557663 0.010438970290124416
v 0.32702699303627014 -0.042104948312044144 0.013481969945132732
v 0.33855199813842773 0.013049960136413574 0.029603950679302216
v 0.3413090109825134 0.01454996969550848 0.028827959671616554
v 0.340828001499176 0.014642000198364258 0.02885298989713192
v 0.32136499881744385 -0.040881991386413574 0.013511000201106071
v 0.3217329978942871 -0.04094194993376732 0.013854979537427425
v 0.31573599576950073 -0.03416895121335983 0.01828199066221714
v 0.3217329978942871 -0.04094194993376732 0.013854979537427425
v 0.3218809962272644 -0.0409279391169548 0.01405595988035202
v 0.31573599576950073 -0.03416895121335983 0.01828199066221714
v 0.3473140001296997 0.013049960136413574 0.028176959604024887
v 0.34556499123573303 0.01454996969550848 0.028125999495387077
v 0.34275001287460327 0.014699989929795265 0.028598960489034653
v 0.3413090109825134 0.01454996969550848 0.028827959671616554
v 0.33855199813842773 0.013049960136413574 0.029603950679302216
v 0.34275001287460327 0.014699989929795265 0.028598960489034653
v 0.34385499358177185 -0.0196529608219862 0.028604980558156967
v 0.3385489881038666 -0.033172961324453354 0.027499970048666
v 0.34331899881362915 -0.033172961324453354 0.027074990794062614
v 0.3473140001296997 0.013049960136413574 0.028176959604024887
v 0.34275001287460327 0.014699989929795265 0.028598960489034653
v 0.3473140001296997 0.013049960136413574 0.028176959604024887
v 0.3501049876213074 0.01454996969550848 0.026576990261673927
v 0.34556499123573303 0.01454996969550848 0.028125999495387077
v 0.3221440017223358 -0.04088598117232323 0.01444195955991745
v 0.32233598828315735 -0.04074198007583618 0.014858960174024105
v 0.3164690136909485 -0.03416895121335983 0.019062990322709084
v 0.33655500411987305 -0.0196529608219862 0.02903698943555355
v 0.3139210045337677 -0.013964950107038021 0.028190970420837402
v 0.33664000034332275 -0.030499989166855812 0.027767950668931007
v 0.3498300015926361 0.013049960136413574 0.027305960655212402
v 0.3509550094604492 0.01454996969550848 0.026118990033864975
v 0.3501049876213074 0.01454996969550848 0.026576990261673927
v 0.3473140001296997 0.013049960136413574 0.028176959604024887
v 0.3498300015926361 0.013049960136413574 0.027305960655212402
v 0.3501049876213074 0.01454996969550848 0.026576990261673927
v 0.32540398836135864 -0.035760991275310516 0.02271896041929722
v 0.3134010136127472 -0.026734940707683563 0.023182980716228485
v 0.3164690136909485 -0.03416895121335983 0.019062990322709084
v 0.3498300015926361 0.013049960136413574 0.027305960655212402
v 0.354326993227005 0.01454996969550848 0.024300990626215935
v 0.3509550094604492 0.01454996969550848 0.026118990033864975
v 0.3498300015926361 0.013049960136413574 0.027305960655212402
v 0.3564240038394928 0.013049960136413574 0.023546990007162094
v 0.354326993227005 0.01454996969550848 0.024300990626215935
v 0.32540398836135864 -0.035760991275310516 0.02271896041929722
v 0.3295530080795288 -0.035760991275310516 0.0246499702334404
v 0.3134010136127472 -0.026734940707683563 0.023182980716228485
v 0.3295530080795288 -0.035760991275310516 0.0246499702334404
v 0.3291510045528412 -0.033172961324453354 0.025861969217658043
v 0.3134010136127472 -0.026734940707683563 0.023182980716228485
v 0.3564240038394928 0.013049960136413574 0.023546990007162094
v 0.35815298557281494 0.013049960136413574 0.022140970453619957
v 0.3581160008907318 0.01454996969550848 0.02135998010635376
v 0.34748101234436035 -0.035760991275310516 -0.02463895082473755
v 0.34331899881362915 -0.033172961324453354 -0.027074990794062614
v 0.3479419946670532 -0.033172961324453354 -0.025828000158071518
v 0.35815298557281494 0.013049960136413574 0.022140970453619957
v 0.35909900069236755 0.01454996969550848 0.02029394917190075
v 0.3581160008907318 0.01454996969550848 0.02135998010635376
v 0.36136800050735474 0.01454996969550848 0.01783394068479538
v 0.35236799716949463 0.009799957275390625 -0.026349959895014763
v 0.3564560115337372 0.009799957275390625 -0.023723000660538673
v 0.3524110019207001 0.007520973216742277 -0.02643096074461937
v 0.36236700415611267 0.013049960136413574 0.01737499050796032
v 0.3625830113887787 0.014699989929795265 0.015999969094991684
v 0.36136800050735474 0.01454996969550848 0.01783394068479538
v 0.35815298557281494 0.013049960136413574 0.022140970453619957
v 0.36236700415611267 0.013049960136413574 0.01737499050796032
v 0.36136800050735474 0.01454996969550848 0.01783394068479538
v 0.3385489881038666 -0.033172961324453354 0.027499970048666
v 0.33655500411987305 -0.0196529608219862 0.02903698943555355
v 0.33664000034332275 -0.030499989166855812 0.027767950668931007
v 0.36236700415611267 0.013049960136413574 0.01737499050796032
v 0.3639569878578186 0.014624949544668198 0.013799959793686867
v 0.3625830113887787 0.014699989929795265 0.015999969094991684
v 0.3661850094795227 0.013049960136413574 0.010485939681529999
v 0.3647730052471161 0.01454996969550848 0.012050979770720005
v 0.3639569878578186 0.014624949544668198 0.013799959793686867
v 0.34385499358177185 -0.0196529608219862 0.028604980558156967
v 0.34023499488830566 0.0 0.030080970376729965
v 0.33655500411987305 -0.0196529608219862 0.02903698943555355
v 0.36236700415611267 0.013049960136413574 0.01737499050796032
v 0.3661850094795227 0.013049960136413574 0.010485939681529999
v 0.34023499488830566 0.0 0.030080970376729965
v 0.3365040123462677 -0.007520973216742277 0.029801959171891212
v 0.33655500411987305 -0.0196529608219862 0.02903698943555355
v 0.34385499358177185 -0.0196529608219862 0.028604980558156967
v 0.34399598836898804 -0.007520973216742277 0.02935897931456566
v 0.34023499488830566 0.0 0.030080970376729965
v 0.3661850094795227 0.013049960136413574 0.010485939681529999
v 0.36767101287841797 0.013049960136413574 0.005049942992627621
v 0.36586299538612366 0.014628940261900425 0.009466946125030518
v 0.36767101287841797 0.013049960136413574 0.005049942992627621
v 0.3664590120315552 0.01454996969550848 0.007321000099182129
v 0.36586299538612366 0.014628940261900425 0.009466946125030518
v 0.3456909954547882 0.007520973216742277 0.028989970684051514
v 0.33855199813842773 0.013049960136413574 0.029603950679302216
v 0.34023499488830566 0.0 0.030080970376729965
v 0.3664590120315552 0.01454996969550848 0.007321000099182129
v 0.36783498525619507 0.014998969621956348 0.0012939570005983114
v 0.36586299538612366 0.014628940261900425 0.009466946125030518
v 0.3647730052471161 0.01454996969550848 0.012050979770720005
v 0.3661850094795227 0.013049960136413574 0.010485939681529999
v 0.36586299538612366 0.014628940261900425 0.009466946125030518
v 0.33855199813842773 0.013049960136413574 0.029603950679302216
v 0.33855199813842773 0.007520973216742277 0.0298689603805542
v 0.34023499488830566 0.0 0.030080970376729965
v 0.33855199813842773 0.013049960136413574 0.029603950679302216
v 0.36773601174354553 0.014578989706933498 0.002360998885706067
v 0.36767101287841797 0.013049960136413574 0.005049942992627621
v 0.36783498525619507 0.014998969621956348 0.0012939570005983114
v 0.36767101287841797 0.013049960136413574 0.005049942992627621
v 0.3678160011768341 0.013735939748585224 0.0032749769743531942
v 0.36783498525619507 0.014998969621956348 0.0012939570005983114
v 0.33855199813842773 0.013049960136413574 0.029603950679302216
v 0.31521299481391907 0.021281950175762177 0.026145989075303078
v 0.31604498624801636 0.01832997053861618 0.02712899073958397
v 0.3456909954547882 0.007520973216742277 0.028989970684051514
v 0.3473140001296997 0.013049960136413574 0.028176959604024887
v 0.33855199813842773 0.013049960136413574 0.029603950679302216
v 0.3678160011768341 0.013735939748585224 0.0032749769743531942
v 0.3679650127887726 0.012590999715030193 0.003138958942145109
v 0.36783498525619507 0.014998969621956348 0.0012939570005983114
v 0.3679650127887726 0.012590999715030193 0.003138958942145109
v 0.36788201332092285 0.0152129502967 -0.00042399996891617775
v 0.36783498525619507 0.014998969621956348 0.0012939570005983114
v 0.3500629961490631 0.0 0.027823980897665024
v 0.3523699939250946 0.009799957275390625 0.026348939165472984
v 0.3498300015926361 0.013049960136413574 0.027305960655212402
v 0.3664590120315552 0.01454996969550848 0.007321000099182129
v 0.36773601174354553 0.014578989706933498 0.002360998885706067
v 0.36783498525619507 0.014998969621956348 0.0012939570005983114
v 0.3501049876213074 0.01454996969550848 0.026576990261673927
v 0.3459320068359375 0.01639300025999546 0.026928959414362907
v 0.34556499123573303 0.01454996969550848 0.028125999495387077
v 0.3456909954547882 0.007520973216742277 0.028989970684051514
v 0.3500629961490631 0.0 0.027823980897665024
v 0.3498300015926361 0.013049960136413574 0.027305960655212402
v 0.3543570041656494 0.0 -0.02511996030807495
v 0.3574860095977783 -0.007520973216742277 -0.02305798977613449
v 0.35113900899887085 -0.007520973216742277 -0.027062950655817986
v 0.3564560115337372 0.009799957275390625 0.023723000660538673
v 0.3583660125732422 0.007520973216742277 0.022294990718364716
v 0.3581160008907318 0.01454996969550848 -0.02135998010635376
v 0.3604319989681244 0.01639300025999546 -0.017295949161052704
v 0.36136800050735474 0.01454996969550848 -0.01783394068479538
v 0.36309298872947693 0.007520973216742277 0.01694994978606701
v 0.3661850094795227 0.013049960136413574 0.010485939681529999
v 0.36236700415611267 0.013049960136413574 0.01737499050796032
v 0.3648790121078491 0.0 0.014561950229108334
v 0.3664320111274719 0.007520973216742277 0.010579999536275864
v 0.3661850094795227 0.013049960136413574 0.010485939681529999
v 0.36309298872947693 0.007520973216742277 0.01694994978606701
v 0.3648790121078491 0.0 0.014561950229108334
v 0.36820700764656067 0.0 0.005041955970227718
v 0.368151992559433 0.007520973216742277 0.003594994079321623
v 0.36767101287841797 0.013049960136413574 0.005049942992627621
v 0.368151992559433 0.007520973216742277 0.003594994079321623
v 0.36777499318122864 0.013116950169205666 0.004372953902930021
v 0.36767101287841797 0.013049960136413574 0.005049942992627621
v 0.36777499318122864 0.013116950169205666 0.004372953902930021
v 0.3678160011768341 0.013735939748585224 0.0032749769743531942
v 0.36767101287841797 0.013049960136413574 0.005049942992627621
v 0.36773601174354553 0.014578989706933498 0.002360998885706067
v 0.3664590120315552 0.01454996969550848 0.007321000099182129
v 0.36767101287841797 0.013049960136413574 0.005049942992627621
v 0.3664320111274719 0.007520973216742277 0.010579999536275864
v 0.36820700764656067 0.0 0.005041955970227718
v 0.36767101287841797 0.013049960136413574 0.005049942992627621
v 0.36777499318122864 0.013116950169205666 0.004372953902930021
v 0.3679650127887726 0.012590999715030193 0.003138958942145109
v 0.3678160011768341 0.013735939748585224 0.0032749769743531942
v 0.368151992559433 0.007520973216742277 0.003594994079321623
v 0.36833199858665466 0.00849997904151678 0.0
v 0.3679650127887726 0.012590999715030193 0.003138958942145109
v 0.36777499318122864 0.013116950169205666 0.004372953902930021
v 0.368151992559433 0.007520973216742277 0.003594994079321623
v 0.3679650127887726 0.012590999715030193 0.003138958942145109
v 0.368151992559433 0.007520973216742277 0.003594994079321623
v 0.36820700764656067 0.0 0.005041955970227718
v 0.36833199858665466 0.00849997904151678 0.0
v 0.36820700764656067 0.0 0.005041955970227718
v 0.36813199520111084 -0.007520973216742277 0.003750978969037533
v 0.36833199858665466 0.00849997904151678 0.0
v 0.36813199520111084 -0.007520973216742277 0.003750978969037533
v 0.36813199520111084 -0.007520973216742277 -0.0037549729458987713
v 0.36833199858665466 0.00849997904151678 0.0
v 0.36813199520111084 -0.007520973216742277 -0.0037549729458987713
v 0.3682059943675995 0.0 -0.005042970180511475
v 0.36833199858665466 0.00849997904151678 0.0
v 0.3682059943675995 0.0 -0.005042970180511475
v 0.36831599473953247 0.008610962890088558 -0.0008420000085607171
v 0.36833199858665466 0.00849997904151678 0.0
v 0.3682059943675995 0.0 -0.005042970180511475
v 0.3681510090827942 0.007520973216742277 -0.0035969610325992107
v 0.36831599473953247 0.008610962890088558 -0.0008420000085607171
v 0.3681510090827942 0.007520973216742277 -0.0035969610325992107
v 0.3679080009460449 0.012942959554493427 -0.003444968955591321
v 0.36831599473953247 0.008610962890088558 -0.0008420000085607171
v 0.3679080009460449 0.012942959554493427 -0.003444968955591321
v 0.3678770065307617 0.013666979968547821 -0.0033329720608890057
v 0.36831599473953247 0.008610962890088558 -0.0008420000085607171
v 0.3679080009460449 0.012942959554493427 -0.003444968955591321
v 0.36771801114082336 0.013114980421960354 -0.004706977866590023
v 0.3678770065307617 0.013666979968547821 -0.0033329720608890057
v 0.3681510090827942 0.007520973216742277 -0.0035969610325992107
v 0.3682059943675995 0.0 -0.005042970180511475
v 0.36771801114082336 0.013114980421960354 -0.004706977866590023
v 0.3682059943675995 0.0 -0.005042970180511475
v 0.3664320111274719 0.007520973216742277 -0.01058197021484375
v 0.36771801114082336 0.013114980421960354 -0.004706977866590023
v 0.3664320111274719 0.007520973216742277 -0.01058197021484375
v 0.3661839962005615 0.013049960136413574 -0.01048796996474266
v 0.36771801114082336 0.013114980421960354 -0.004706977866590023
v 0.3664320111274719 0.007520973216742277 -0.01058197021484375
v 0.3648790121078491 0.0 -0.014562959782779217
v 0.3661839962005615 0.013049960136413574 -0.01048796996474266
v 0.3648790121078491 0.0 -0.014562959782779217
v 0.36309200525283813 0.007520973216742277 -0.016951970756053925
v 0.3661839962005615 0.013049960136413574 -0.01048796996474266
v 0.36309200525283813 0.007520973216742277 -0.016951970756053925
v 0.36236798763275146 0.013049960136413574 -0.01737499050796032
v 0.3661839962005615 0.013049960136413574 -0.01048796996474266
v 0.36236700415611267 0.013049960136413574 0.01737499050796032
v 0.3583660125732422 0.007520973216742277 0.022294990718364716
v 0.36309298872947693 0.007520973216742277 0.01694994978606701
v 0.3523699939250946 0.009799957275390625 0.026348939165472984
v 0.3564240038394928 0.013049960136413574 0.023546990007162094
v 0.3498300015926361 0.013049960136413574 0.027305960655212402
v 0.35236799716949463 0.009799957275390625 -0.026349959895014763
v 0.3500789999961853 0.011419950053095818 -0.027275970205664635
v 0.349918007850647 0.013049960136413574 -0.027265960350632668
v 0.3500789999961853 0.011419950053095818 -0.027275970205664635
v 0.3500620126724243 0.0 -0.027824990451335907
v 0.349918007850647 0.013049960136413574 -0.027265960350632668
v 0.3500620126724243 0.0 -0.027824990451335907
v 0.34568899869918823 0.007520973216742277 -0.028990980237722397
v 0.349918007850647 0.013049960136413574 -0.027265960350632668
v 0.34568899869918823 0.007520973216742277 -0.028990980237722397
v 0.34562501311302185 0.013049960136413574 -0.028733959421515465
v 0.349918007850647 0.013049960136413574 -0.027265960350632668
v 0.3500620126724243 0.0 -0.027824990451335907
v 0.34992098808288574 -0.007520973216742277 -0.02745394967496395
v 0.34399300813674927 -0.007520973216742277 -0.02935897931456566
v 0.3508169949054718 -0.0196529608219862 0.026366939768195152
v 0.34362098574638367 -0.030499989166855812 0.027354950085282326
v 0.3479419946670532 -0.033172961324453354 0.025828000158071518
v 0.3436180055141449 -0.030499989166855812 -0.02735595963895321
v 0.34331899881362915 -0.033172961324453354 -0.027074990794062614
v 0.3438520133495331 -0.0196529608219862 -0.02860599011182785
v 0.34331899881362915 -0.033172961324453354 -0.027074990794062614
v 0.34019601345062256 -0.033172961324453354 -0.02735297940671444
v 0.3438520133495331 -0.0196529608219862 -0.02860599011182785
v 0.32485198974609375 -0.042928989976644516 0.0039009449537843466
v 0.3241710066795349 -0.04278897866606712 0.0031549930572509766
v 0.3248080015182495 -0.042885951697826385 0.003426969051361084
v 0.3429819941520691 -0.035760991275310516 -0.02583998069167137
v 0.34748101234436035 -0.035760991275310516 -0.02463895082473755
v 0.3248080015182495 -0.042885951697826385 0.003426969051361084
v 0.34748101234436035 -0.035760991275310516 -0.02463895082473755
v 0.3516260087490082 -0.035760991275310516 -0.022703999653458595
v 0.3248080015182495 -0.042885951697826385 0.003426969051361084
v 0.3516260087490082 -0.035760991275310516 -0.022703999653458595
v 0.35537800192832947 -0.035760991275310516 -0.02007395029067993
v 0.3248080015182495 -0.042885951697826385 0.003426969051361084
v 0.35537800192832947 -0.035760991275310516 -0.02007395029067993
v 0.35859400033950806 -0.035760991275310516 -0.016851959750056267
v 0.3248080015182495 -0.042885951697826385 0.003426969051361084
v 0.32485198974609375 -0.042928989976644516 0.0039009449537843466
v 0.3210749924182892 -0.04210798814892769 0.003232955001294613
v 0.3241710066795349 -0.04278897866606712 0.0031549930572509766
v 0.294173002243042 0.017582949250936508 -0.0189889594912529
v 0.2922990024089813 0.016566989943385124 -0.02281397022306919
v 0.27965301275253296 0.00829994585365057 -0.01997195929288864
v 0.32065901160240173 -0.04108899086713791 0.011920980177819729
v 0.32035401463508606 -0.04088300094008446 0.01212495006620884
v 0.3192560076713562 -0.04108899086713791 0.009490965865552425
v 0.3149070143699646 -0.0005659999442286789 0.029157990589737892
v 0.3149380087852478 -4.999999873689376e-06 0.029168959707021713
v 0.3066810071468353 0.0 0.028871949762105942
v 0.2808060050010681 0.006445943843573332 -0.03141098842024803
v 0.2807759940624237 0.0066259498707950115 -0.0314059816300869
v 0.28076401352882385 0.00697898818179965 -0.031418971717357635
v 0.2906709909439087 0.015571950003504753 -0.026006989181041718
v 0.29082000255584717 0.015698960050940514 -0.025715939700603485
v 0.2919749915599823 0.016299959272146225 -0.025994950905442238
v 0.294173002243042 0.017582949250936508 -0.0189889594912529
v 0.2962380051612854 0.018699999898672104 -0.014714949764311314
v 0.29170799255371094 0.016299959272146225 -0.024999970570206642
v 0.3097749948501587 0.02587698958814144 0.013494960032403469
v 0.3070659935474396 0.02447897009551525 0.007840991020202637
v 0.3134720027446747 0.02795100025832653 0.022204989567399025
v 0.2906709909439087 0.015571950003504753 -0.026006989181041718
v 0.2949950098991394 0.03715996816754341 -0.010369949974119663
v 0.2971299886703491 0.03813999146223068 -0.00672799302265048
v 0.28134000301361084 -0.020946970209479332 -0.0285719595849514
v 0.288457989692688 -0.027117960155010223 -0.024002959951758385
v 0.2916660010814667 -0.030499989166855812 -0.020930999889969826
v 0.3070659935474396 0.02447897009551525 0.007840991020202637
v 0.30114999413490295 0.02135597914457321 -0.004516959190368652
v 0.3134720027446747 0.02795100025832653 0.022204989567399025
v 0.28108999133110046 0.007635951042175293 -0.031309958547353745
v 0.280007004737854 0.008245944045484066 -0.022762000560760498
v 0.2823750078678131 0.010221949778497219 -0.030879970639944077
v 0.2807759940624237 0.0066259498707950115 -0.0314059816300869
v 0.2807680070400238 0.006778954993933439 -0.0313989482820034
v 0.28076401352882385 0.00697898818179965 -0.031418971717357635
v 0.31309399008750916 0.010979950428009033 0.02895396016538143
v 0.2958050072193146 0.013938959687948227 0.03171598166227341
v 0.2960279881954193 0.006753981113433838 0.03238397091627121
v 0.3131279945373535 -0.030602989718317986 0.019361969083547592
v 0.3135240077972412 -0.03051798976957798 0.020169969648122787
v 0.313275009393692 -0.030964970588684082 0.019753990694880486
v 0.28144198656082153 0.008008955977857113 -0.03124397061765194
v 0.2823750078678131 0.010221949778497219 -0.030879970639944077
v 0.2824470102787018 0.010225949808955193 -0.030877940356731415
v 0.28245100378990173 0.010227969847619534 -0.030876990407705307
v 0.28244999051094055 0.010227969847619534 -0.030876990407705307
v 0.2823750078678131 0.010221949778497219 -0.030879970639944077
v 0.2926670014858246 -0.0318869911134243 -0.018999990075826645
v 0.29061201214790344 -0.030499989166855812 -0.019499950110912323
v 0.2916660010814667 -0.030499989166855812 -0.020930999889969826
v 0.2947390079498291 -0.033303968608379364 -0.016782989725470543
v 0.2947719991207123 -0.03332196921110153 -0.016740970313549042
v 0.29486599564552307 -0.03337198123335838 -0.01662098988890648
v 0.29127201437950134 0.0160099808126688 -0.024817999452352524
v 0.29082000255584717 0.015698960050940514 -0.025715939700603485
v 0.29802200198173523 0.03829997032880783 -0.0052289958111941814
v 0.3134720027446747 0.02795100025832653 0.022204989567399025
v 0.3135719895362854 0.027803000062704086 0.021414989605545998
v 0.3097749948501587 0.02587698958814144 0.013494960032403469
v 0.3135719895362854 0.027803000062704086 0.021414989605545998
v 0.3123210072517395 0.030524959787726402 0.01943998970091343
v 0.31358200311660767 0.02780997008085251 0.02144497074186802
v 0.3131279945373535 -0.030602989718317986 0.019361969083547592
v 0.3135240077972412 -0.03051798976957798 0.020169969648122787
v 0.29061201214790344 -0.030499989166855812 -0.019499950110912323
v 0.2810109853744507 0.005695998203009367 -0.031415991485118866
v 0.28126099705696106 0.004964946769177914 -0.03141200169920921
v 0.28151899576187134 0.0030839440878480673 -0.03142796829342842
v 0.29082000255584717 0.015698960050940514 -0.025715939700603485
v 0.2971299886703491 0.03813999146223068 -0.00672799302265048
v 0.29802200198173523 0.03829997032880783 -0.0052289958111941814
v 0.31521299481391907 0.021281950175762177 0.026145989075303078
v 0.3150480091571808 0.02186495065689087 0.02593695931136608
v 0.3151730000972748 0.021295959129929543 0.026139970868825912
v 0.2922990024089813 0.016566989943385124 -0.02281397022306919
v 0.30430901050567627 0.03818397969007492 0.005718945991247892
v 0.3049730062484741 0.037911951541900635 0.00686597777530551
v 0.2955009937286377 -0.033603958785533905 -0.015678999945521355
v 0.2958369851112366 -0.03366094082593918 -0.015037000179290771
v 0.29486599564552307 -0.03337198123335838 -0.01662098988890648
v 0.28134000301361084 -0.020946970209479332 -0.0285719595849514
v 0.288457989692688 -0.027117960155010223 -0.024002959951758385
v 0.2815139889717102 -0.02724199928343296 -0.024895960465073586
v 0.290365993976593 0.015316960401833057 -0.026574959978461266
v 0.293830007314682 0.036150988191366196 -0.012523939833045006
v 0.2949950098991394 0.03715996816754341 -0.010369949974119663
v 0.2824470102787018 0.010225949808955193 -0.030877940356731415
v 0.2807680070400238 0.006778954993933439 -0.0313989482820034
v 0.27965301275253296 0.00829994585365057 -0.01997195929288864
v 0.2807610034942627 0.006982982158660889 -0.03138798102736473
v 0.3133719861507416 0.009911954402923584 0.029012970626354218
v 0.31309399008750916 0.010979950428009033 0.02895396016538143
v 0.30718401074409485 0.01049994956701994 0.028802990913391113
v 0.28974300622940063 0.014647959731519222 -0.02769898995757103
v 0.28997600078582764 0.014915999956429005 -0.027294989675283432
v 0.2927030026912689 0.016299959272146225 -0.02672296017408371
v 0.2859489917755127 0.011685959994792938 -0.029957950115203857
v 0.28245100378990173 0.010227969847619534 -0.030876990407705307
v 0.2823750078678131 0.010221949778497219 -0.030879970639944077
v 0.28946998715400696 0.014315959997475147 -0.028116999194025993
v 0.2892780005931854 0.014017989858984947 -0.028404949232935905
v 0.2891710102558136 0.013867969624698162 -0.028533989563584328
v 0.31422799825668335 -0.004964946769177914 0.028913969174027443
v 0.3145110011100769 -0.0019749989733099937 0.029115969315171242
v 0.3066810071468353 0.0 0.028871949762105942
v 0.31343498826026917 0.009765981696546078 0.029016969725489616
v 0.30718401074409485 0.01049994956701994 0.028802990913391113
v 0.3066810071468353 0.0 0.028871949762105942
v 0.31604498624801636 0.01832997053861618 0.02712899073958397
v 0.31521299481391907 0.021281950175762177 0.026145989075303078
v 0.3151730000972748 0.021295959129929543 0.026139970868825912
v 0.07437998056411743 -0.024629950523376465 0.02256596088409424
v 0.07438098639249802 -0.024629950523376465 0.02259998954832554
v 0.07427798956632614 -0.02446799911558628 0.022753000259399414
v 0.07457195967435837 -0.02427195943892002 0.0231739804148674
v 0.07457797974348068 -0.024236969649791718 0.02319996990263462
v 0.07454799860715866 -0.024236969649791718 0.02319495938718319
v 0.07442598789930344 -0.024446960538625717 0.022969959303736687
v 0.07443398237228394 -0.02442096918821335 0.02301895059645176
v 0.07427597045898438 -0.024236969649791718 0.02314697951078415
v 0.07437998056411743 -0.02462898939847946 0.02247196063399315
v 0.07437998056411743 -0.024629950523376465 0.022556960582733154
v 0.07427798956632614 -0.02446799911558628 0.022753000259399414
v 0.07467596977949142 -0.024372989311814308 0.02310997061431408
v 0.07469999045133591 -0.024368999525904655 0.023118970915675163
v 0.07458894699811935 -0.02428697980940342 0.023166000843048096
v 0.07457797974348068 -0.024236969649791718 0.02319996990263462
v 0.07448195666074753 -0.0242189709097147 0.023204980418086052
v 0.07448195666074753 -0.0242189709097147 0.023204980418086052
v 0.07443398237228394 -0.02442096918821335 0.02301895059645176
v 0.07451295107603073 -0.024401960894465446 0.023054949939250946
v 0.07427597045898438 -0.024236969649791718 0.02314697951078415
v 0.07133597135543823 5.8999998145736754e-05 0.027366990223526955
v 0.0724259614944458 0.0033149709925055504 0.027213990688323975
v 0.0724259614944458 0.003336966037750244 0.027209989726543427
v 0.07430899143218994 -0.02450799010694027 -0.009183943271636963
v 0.07429897040128708 -0.024505969136953354 -0.013756990432739258
v 0.08320999145507812 -0.03862994164228439 -0.001921950955875218
v 0.07438694685697556 -0.024641990661621094 0.02254294976592064
v 0.08291994780302048 -0.03816794976592064 0.006171940825879574
v 0.08288799971342087 -0.038039978593587875 0.007029950153082609
v 0.07438098639249802 -0.024629950523376465 0.02259998954832554
v 0.07438796013593674 -0.02462898939847946 0.02259998954832554
v 0.07427798956632614 -0.02446799911558628 0.022753000259399414
v 0.09978096932172775 0.0 -0.03235094994306564
v 0.07279098033905029 -0.00718998908996582 -0.027081960812211037
v 0.07409799098968506 -2.499999936844688e-05 -0.02736896090209484
v 0.07458894699811935 -0.02428697980940342 0.023166000843048096
v 0.07457195967435837 -0.02427195943892002 0.0231739804148674
v 0.07427597045898438 -0.024236969649791718 0.02314697951078415
v 0.07245098799467087 0.004220962058752775 0.026897959411144257
v 0.07133597135543823 5.8999998145736754e-05 0.027366990223526955
v 0.07242398709058762 0.003617942100390792 0.02715498022735119
v 0.07334195822477341 0.00787895917892456 0.024580949917435646
v 0.07325296849012375 0.007493971846997738 0.025074949488043785
v 0.07769297808408737 0.024300990626215935 0.023425990715622902
v 0.07448195666074753 -0.0242189709097147 0.023204980418086052
v 0.07315199822187424 -0.020542969927191734 0.02481894940137863
v 0.0745769664645195 -0.02423197031021118 0.02319698967039585
v 0.07315199822187424 -0.020542969927191734 0.02481894940137863
v 0.0745769664645195 -0.02423197031021118 0.02319698967039585
v 0.07257299870252609 0.004783987067639828 0.026593979448080063
v 0.07132195681333542 1.5999999959603883e-05 0.02736896090209484
v 0.07245098799467087 0.004220962058752775 0.026897959411144257
v 0.07440298050642014 -0.024629950523376465 0.022600939497351646
v 0.07440494745969772 -0.024626970291137695 0.022630980238318443
v 0.07439099997282028 -0.024626970291137695 0.022630980238318443
v 0.07438497990369797 -0.02462095022201538 0.022640999406576157
v 0.07440494745969772 -0.024626970291137695 0.022630980238318443
v 0.07442598789930344 -0.024446960538625717 0.022969959303736687
v 0.07448195666074753 -0.0242189709097147 0.023204980418086052
v 0.07427597045898438 -0.024236969649791718 0.02314697951078415
v 0.07454799860715866 -0.024236969649791718 0.02319495938718319
v 0.07427597045898438 -0.024236969649791718 0.02314697951078415
v 0.07457195967435837 -0.02427195943892002 0.0231739804148674
v 0.07438497990369797 -0.02462095022201538 0.022640999406576157
v 0.07427798956632614 -0.02446799911558628 0.022753000259399414
v 0.07438796013593674 -0.02462898939847946 0.02259998954832554
v -0.006199955008924007 0.03060799092054367 -0.019081950187683105
v -0.009958981536328793 0.030751999467611313 -0.017248980700969696
v -0.006109951995313168 0.030894989147782326 -0.018803950399160385
v -0.002081990009173751 0.030751999467611313 0.019808940589427948
v -0.006109951995313168 0.030894989147782326 0.018803950399160385
v -0.006199955008924007 0.03060799092054367 0.019081950187683105
v -0.02415096014738083 0.025276949629187584 0.0
v -0.023711970075964928 0.025896960869431496 0.0
v -0.023482970893383026 0.025888970121741295 -0.003413975005969405
v -0.023898949846625328 0.025276949629187584 0.0034749500919133425
v -0.022008949890732765 0.025276949629187584 0.009942947886884212
v -0.021599939092993736 0.02590297907590866 0.009838998317718506
v 0.014378960244357586 0.025276949629187584 -0.019403990358114243
v 0.010528979822993279 0.025276949629187584 -0.021734949201345444
v 0.014224939979612827 0.025814950466156006 -0.019196979701519012
v -0.009687960147857666 0.03099994920194149 0.016779949888586998
v -0.012964960187673569 0.03099994920194149 0.014398990198969841
v -0.009958981536328793 0.030751999467611313 0.017248980700969696
v -0.014958970248699188 0.025276949629187584 -0.01895998977124691
v -0.019614990800619125 0.025276949629187584 -0.014088979922235012
v -0.01946597918868065 0.02580999955534935 -0.013773970305919647
v -0.018061989918351173 0.030894989147782326 0.00804197695106268
v -0.019482970237731934 0.030751999467611313 0.004140973091125488
v -0.018328959122300148 0.03060799092054367 0.008160947822034359
v 0.006199955008924007 0.03060799092054367 -0.019081950187683105
v 0.002064943080767989 0.030824949964880943 -0.01964998058974743
v 0.00604897690936923 0.030947979539632797 -0.018615959212183952
v 0.002064943080767989 0.030824949964880943 -0.01964998058974743
v -0.002081990009173751 0.030751999467611313 -0.019808940589427948
v -0.0020249478984624147 0.03099994920194149 -0.019269999116659164
v 0.02046399936079979 0.025276949629187584 0.01282494980841875
v 0.02024495042860508 0.025814950466156006 0.012687980197370052
v 0.017539970576763153 0.025814950466156006 0.016223959624767303
v 0.016113990917801857 0.030751999467611313 -0.011706939898431301
v 0.013206950388848782 0.030833950266242027 -0.014667980372905731
v 0.01567493937909603 0.03099994920194149 -0.011388950049877167
v -0.012074939906597137 0.025276949629187584 -0.020914969965815544
v -0.011855949647724628 0.025896960869431496 -0.02053499035537243
v -0.00889897346496582 0.02567099966108799 -0.022330990061163902
v -0.014958970248699188 0.025276949629187584 0.01895998977124691
v -0.014698980376124382 0.025888970121741295 0.01862996071577072
v -0.019524989649653435 0.025668969377875328 0.014023950323462486
v -0.006109951995313168 0.030894989147782326 0.018803950399160385
v -0.009687960147857666 0.03099994920194149 0.016779949888586998
v -0.009958981536328793 0.030751999467611313 0.017248980700969696
v -0.019740989431738853 0.018278950825333595 -0.014122960157692432
v -0.019614990800619125 0.025276949629187584 -0.014088979922235012
v -0.014958970248699188 0.025276949629187584 -0.01895998977124691
v -0.002230942016467452 0.025276949629187584 0.02401994913816452
v -0.008939981460571289 0.025276949629187584 0.022434940561652184
v -0.0022429819218814373 0.01827996037900448 0.024149000644683838
v -0.008939981460571289 0.025276949629187584 -0.022434940561652184
v -0.012074939906597137 0.025276949629187584 -0.020914969965815544
v -0.00889897346496582 0.02567099966108799 -0.022330990061163902
v -0.015836000442504883 0.030947979539632797 0.011504939757287502
v -0.018061989918351173 0.030894989147782326 0.00804197695106268
v -0.016231950372457504 0.03060799092054367 0.011792950332164764
v -0.018061989918351173 0.030894989147782326 0.00804197695106268
v -0.018328959122300148 0.03060799092054367 0.008160947822034359
v -0.016231950372457504 0.03060799092054367 0.011792950332164764
v -0.002081990009173751 0.030751999467611313 -0.019808940589427948
v -0.006199955008924007 0.03060799092054367 -0.019081950187683105
v -0.006109951995313168 0.030894989147782326 -0.018803950399160385
v 0.01895195059478283 0.03099994920194149 -0.00402796221897006
v 0.019482970237731934 0.030751999467611313 -0.004140973091125488
v 0.018061989918351173 0.030894989147782326 -0.00804197695106268
v -0.014697959646582603 0.025884980335831642 -0.01862894929945469
v -0.014958970248699188 0.025276949629187584 -0.01895998977124691
v -0.01946597918868065 0.02580999955534935 -0.013773970305919647
v -0.01895195059478283 0.03099994920194149 0.00402796221897006
v -0.019757980480790138 0.030824949964880943 0.0
v -0.019482970237731934 0.030751999467611313 0.004140973091125488
v -0.016231950372457504 0.03060799092054367 -0.011792950332164764
v -0.015849940478801727 0.030942970886826515 -0.011515970341861248
v -0.013327949680387974 0.030751999467611313 -0.01480196975171566
v 0.02248799055814743 0.025276949629187584 0.008805990219116211
v 0.023730989545583725 0.025276949629187584 0.004480957053601742
v 0.02224797010421753 0.025814950466156006 0.008711992762982845
v -0.023481959477066994 0.025884980335831642 0.003413975005969405
v -0.023898949846625328 0.025276949629187584 0.0034749500919133425
v -0.021599939092993736 0.02590297907590866 0.009838998317718506
v 0.017728980630636215 0.025276949629187584 0.016398960724473
v 0.02046399936079979 0.025276949629187584 0.01282494980841875
v 0.017539970576763153 0.025814950466156006 0.016223959624767303
v 0.013206950388848782 0.030833950266242027 -0.014667980372905731
v 0.01003198977559805 0.03060799092054367 -0.017376000061631203
v 0.009885965846478939 0.030894989147782326 -0.01712298020720482
v 0.023730989545583725 0.025276949629187584 0.004480957053601742
v 0.02347796969115734 0.025814950466156006 0.00443297578021884
v 0.02224797010421753 0.025814950466156006 0.008711992762982845
v 0.018195979297161102 0.030751999467611313 0.008100985549390316
v 0.019482970237731934 0.030751999467611313 0.004140973091125488
v 0.01770097017288208 0.03099994920194149 0.00788098480552435
v 0.020063990727066994 0.03060799092054367 0.0
v 0.019591979682445526 0.030942970886826515 0.0
v 0.019482970237731934 0.030751999467611313 0.004140973091125488
v -0.01895195059478283 0.03099994920194149 0.00402796221897006
v -0.019482970237731934 0.030751999467611313 0.004140973091125488
v -0.018061989918351173 0.030894989147782326 0.00804197695106268
v -0.01895195059478283 0.03099994920194149 -0.00402796221897006
v -0.017881980165839195 0.030947979539632797 -0.007960975170135498
v -0.019482970237731934 0.030751999467611313 -0.004140973091125488
v 0.0073699951171875 0.013286939822137356 0.026074999943375587
v 0.010465970262885094 0.013284980319440365 0.025074949488043785
v 0.0073829879984259605 0.013433990068733692 0.026034949347376823
v -0.013327949680387974 0.030751999467611313 0.01480196975171566
v 0.01770097017288208 0.03099994920194149 0.00788098480552435
v 0.019482970237731934 0.030751999467611313 0.004140973091125488
v 0.01895195059478283 0.03099994920194149 0.00402796221897006
v -0.023898949846625328 0.025276949629187584 -0.0034749500919133425
v -0.02415096014738083 0.025276949629187584 0.0
v -0.023482970893383026 0.025888970121741295 -0.003413975005969405
v 0.01003198977559805 0.03060799092054367 -0.017376000061631203
v 0.006199955008924007 0.03060799092054367 -0.019081950187683105
v 0.009885965846478939 0.030894989147782326 -0.01712298020720482
v -0.012074939906597137 0.025276949629187584 0.020914969965815544
v -0.011855949647724628 0.025896960869431496 0.02053499035537243
v -0.014698980376124382 0.025888970121741295 0.01862996071577072
v -0.014958970248699188 0.025276949629187584 0.01895998977124691
v -0.012074939906597137 0.025276949629187584 0.020914969965815544
v -0.014698980376124382 0.025888970121741295 0.01862996071577072
v -0.019614990800619125 0.025276949629187584 0.014088979922235012
v -0.014958970248699188 0.025276949629187584 0.01895998977124691
v -0.019524989649653435 0.025668969377875328 0.014023950323462486
v 0.002257942920550704 0.025276949629187584 0.024021979421377182
v 0.0022539489436894655 0.025874970480799675 0.023657970130443573
v 0.0019349450012668967 0.025668969377875328 0.02381098084151745
v -0.002268970012664795 0.025276949629187584 -0.024022990837693214
v -0.0022549619898200035 0.025878960266709328 -0.02364896982908249
v -0.0019349450012668967 0.025668969377875328 -0.02381098084151745
v 0.010528979822993279 0.025276949629187584 -0.021734949201345444
v 0.010415970347821712 0.025814950466156006 -0.021502969786524773
v 0.014224939979612827 0.025814950466156006 -0.019196979701519012
v 0.02046399936079979 0.025276949629187584 -0.01282494980841875
v 0.02024495042860508 0.025814950466156006 -0.012687980197370052
v 0.02224797010421753 0.025814950466156006 -0.008711992762982845
v 0.02248799055814743 0.025276949629187584 -0.008805990219116211
v 0.02046399936079979 0.025276949629187584 -0.01282494980841875
v 0.02224797010421753 0.025814950466156006 -0.008711992762982845
v 0.024038970470428467 0.02567099966108799 0.0
v 0.023730989545583725 0.025276949629187584 -0.004480957053601742
v 0.02347796969115734 0.025814950466156006 -0.00443297578021884
v 0.02415096014738083 0.025276949629187584 0.0
v 0.023730989545583725 0.025276949629187584 -0.004480957053601742
v 0.024038970470428467 0.02567099966108799 0.0
v 0.014224939979612827 0.025814950466156006 0.019196979701519012
v 0.017728980630636215 0.025276949629187584 0.016398960724473
v 0.017539970576763153 0.025814950466156006 0.016223959624767303
v 0.014378960244357586 0.025276949629187584 0.019403990358114243
v 0.017728980630636215 0.025276949629187584 0.016398960724473
v 0.014224939979612827 0.025814950466156006 0.019196979701519012
v 0.010528979822993279 0.025276949629187584 0.021734949201345444
v 0.01033794041723013 0.025896960869431496 0.02133994922041893
v 0.006531952880322933 0.02567099966108799 0.023133989423513412
v 0.006562948226928711 0.025276949629187584 0.023241989314556122
v 0.010528979822993279 0.025276949629187584 0.021734949201345444
v 0.006531952880322933 0.02567099966108799 0.023133989423513412
v 0.018328959122300148 0.03060799092054367 -0.008160947822034359
v 0.016113990917801857 0.030751999467611313 -0.011706939898431301
v 0.018061989918351173 0.030894989147782326 -0.00804197695106268
v -0.015849940478801727 0.030942970886826515 -0.011515970341861248
v -0.012964960187673569 0.03099994920194149 -0.014398990198969841
v -0.013327949680387974 0.030751999467611313 -0.01480196975171566
v -0.017881980165839195 0.030947979539632797 -0.007960975170135498
v -0.018328959122300148 0.03060799092054367 -0.008160947822034359
v -0.019482970237731934 0.030751999467611313 -0.004140973091125488
v -0.018328959122300148 0.03060799092054367 -0.008160947822034359
v -0.017881980165839195 0.030947979539632797 -0.007960975170135498
v -0.015849940478801727 0.030942970886826515 -0.011515970341861248
v -0.018328959122300148 0.03060799092054367 -0.008160947822034359
v -0.015849940478801727 0.030942970886826515 -0.011515970341861248
v -0.016231950372457504 0.03060799092054367 -0.011792950332164764
v 0.006199955008924007 0.03060799092054367 -0.019081950187683105
v 0.00604897690936923 0.030947979539632797 -0.018615959212183952
v 0.009885965846478939 0.030894989147782326 -0.01712298020720482
v 0.019482970237731934 0.030751999467611313 -0.004140973091125488
v 0.018328959122300148 0.03060799092054367 -0.008160947822034359
v 0.018061989918351173 0.030894989147782326 -0.00804197695106268
v 0.019591979682445526 0.030942970886826515 0.0
v 0.020063990727066994 0.03060799092054367 0.0
v 0.019482970237731934 0.030751999467611313 -0.004140973091125488
v 0.01003198977559805 0.03060799092054367 0.017376000061631203
v 0.013220960274338722 0.030824949964880943 0.01468294020742178
v 0.009885965846478939 0.030894989147782326 0.01712298020720482
v 0.00605398416519165 0.030942970886826515 0.018632939085364342
v 0.0020629758946597576 0.030833950266242027 0.01962899975478649
v 0.006199955008924007 0.03060799092054367 0.019081950187683105
v -0.006199955008924007 0.03060799092054367 0.019081950187683105
v -0.006109951995313168 0.030894989147782326 0.018803950399160385
v -0.009958981536328793 0.030751999467611313 0.017248980700969696
v -0.013327949680387974 0.030751999467611313 0.01480196975171566
v -0.015836000442504883 0.030947979539632797 0.011504939757287502
v -0.016231950372457504 0.03060799092054367 0.011792950332164764
v -0.019757980480790138 0.030824949964880943 0.0
v -0.01895195059478283 0.03099994920194149 -0.00402796221897006
v -0.019482970237731934 0.030751999467611313 -0.004140973091125488
v -0.013327949680387974 0.030751999467611313 -0.01480196975171566
v -0.012964960187673569 0.03099994920194149 -0.014398990198969841
v -0.009687960147857666 0.03099994920194149 -0.016779949888586998
v -0.009958981536328793 0.030751999467611313 -0.017248980700969696
v -0.013327949680387974 0.030751999467611313 -0.01480196975171566
v -0.009687960147857666 0.03099994920194149 -0.016779949888586998
v -0.0020249478984624147 0.03099994920194149 -0.019269999116659164
v -0.002081990009173751 0.030751999467611313 -0.019808940589427948
v -0.006109951995313168 0.030894989147782326 -0.018803950399160385
v 0.01895195059478283 0.03099994920194149 -0.00402796221897006
v 0.019591979682445526 0.030942970886826515 0.0
v 0.019482970237731934 0.030751999467611313 -0.004140973091125488
v 0.019482970237731934 0.030751999467611313 0.004140973091125488
v 0.019591979682445526 0.030942970886826515 0.0
v 0.01895195059478283 0.03099994920194149 0.00402796221897006
v 0.013220960274338722 0.030824949964880943 0.01468294020742178
v 0.016113990917801857 0.030751999467611313 0.011706939898431301
v 0.01567493937909603 0.03099994920194149 0.011388950049877167
v 0.0020629758946597576 0.030833950266242027 0.01962899975478649
v -0.0020249478984624147 0.03099994920194149 0.019269999116659164
v -0.002081990009173751 0.030751999467611313 0.019808940589427948
v -0.012964960187673569 0.03099994920194149 0.014398990198969841
v -0.015836000442504883 0.030947979539632797 0.011504939757287502
v -0.013327949680387974 0.030751999467611313 0.01480196975171566
v 0.0022539489436894655 0.025874970480799675 0.023657970130443573
v 0.006199955008924007 0.03060799092054367 0.019081950187683105
v 0.0020629758946597576 0.030833950266242027 0.01962899975478649
v 0.015886960551142693 0.03200000151991844 -0.003915965091437101
v 0.0065649738535285 0.03200000151991844 -0.014771989546716213
v 0.0025749800261110067 0.03200000151991844 -0.015690980479121208
v 0.019482970237731934 0.030751999467611313 0.004140973091125488
v 0.02224797010421753 0.025814950466156006 0.008711992762982845
v 0.02347796969115734 0.025814950466156006 0.00443297578021884
v -0.0025749800261110067 0.03200000151991844 -0.016014989465475082
v -0.009958981536328793 0.030751999467611313 -0.017248980700969696
v -0.00889897346496582 0.02567099966108799 -0.022330990061163902
v -0.011855949647724628 0.025896960869431496 -0.02053499035537243
v -0.0025749800261110067 0.03200000151991844 -0.016014989465475082
v -0.004327951930463314 0.03200000151991844 -0.01534998044371605
v -0.004327951930463314 0.03200000151991844 -0.01534998044371605
v -0.009864985011518002 0.03200000151991844 -0.012821969576179981
v -0.009864985011518002 0.03200000151991844 -0.012821969576179981
v -0.01248496025800705 0.03200000151991844 -0.009864985011518002
v -0.01248496025800705 0.03200000151991844 -0.009864985011518002
v -0.01529597956687212 0.03200000151991844 -0.004327951930463314
v -0.018109969794750214 0.02066998928785324 0.015778949484229088
v -0.012074939906597137 0.025276949629187584 0.020914969965815544
v -0.014958970248699188 0.025276949629187584 0.01895998977124691
v -0.01529597956687212 0.03200000151991844 -0.004327951930463314
v -0.015727989375591278 0.03200000151991844 -0.0025749800261110067
v -0.019614990800619125 0.025276949629187584 0.014088979922235012
v -0.018109969794750214 0.02066998928785324 0.015778949484229088
v -0.014958970248699188 0.025276949629187584 0.01895998977124691
v -0.015727989375591278 0.03200000151991844 -0.0025749800261110067
v -0.015727989375591278 0.03200000151991844 0.0025749800261110067
v -0.019524989649653435 0.025668969377875328 0.014023950323462486
v -0.022008949890732765 0.025276949629187584 0.009942947886884212
v -0.019614990800619125 0.025276949629187584 0.014088979922235012
v -0.015727989375591278 0.03200000151991844 0.0025749800261110067
v -0.014743980020284653 0.03200000151991844 0.0065649738535285
v -0.014743980020284653 0.03200000151991844 0.0065649738535285
v -0.01248496025800705 0.03200000151991844 0.009864985011518002
v -0.019524989649653435 0.025668969377875328 0.014023950323462486
v -0.0216669999063015 0.025667959824204445 0.010172960348427296
v -0.022008949890732765 0.025276949629187584 0.009942947886884212
v -0.01248496025800705 0.03200000151991844 0.009864985011518002
v -0.009864985011518002 0.03200000151991844 0.012821969576179981
v -0.0216669999063015 0.025667959824204445 0.010172960348427296
v -0.021599939092993736 0.02590297907590866 0.009838998317718506
v -0.022008949890732765 0.025276949629187584 0.009942947886884212
v -0.009864985011518002 0.03200000151991844 0.012821969576179981
v -0.004327951930463314 0.03200000151991844 0.01534998044371605
v -0.004327951930463314 0.03200000151991844 0.01534998044371605
v -0.0025749800261110067 0.03200000151991844 0.016014989465475082
v -0.0025749800261110067 0.03200000151991844 0.016014989465475082
v 0.0025749800261110067 0.03200000151991844 0.015690980479121208
v -0.002081990009173751 0.030751999467611313 0.019808940589427948
v 0.0022539489436894655 0.025874970480799675 0.023657970130443573
v 0.0020629758946597576 0.030833950266242027 0.01962899975478649
v 0.0065649738535285 0.03200000151991844 0.014771989546716213
v 0.015886960551142693 0.03200000151991844 -0.003915965091437101
v 0.0065649738535285 0.03200000151991844 0.014771989546716213
v 0.009864985011518002 0.03200000151991844 0.012493959628045559
v 0.01224695984274149 0.03200000151991844 0.010849949903786182
v 0.01224695984274149 0.03200000151991844 0.010849949903786182
v 0.01449596043676138 0.03200000151991844 0.0065649738535285
v 0.013206950388848782 0.030833950266242027 -0.014667980372905731
v 0.014224939979612827 0.025814950466156006 -0.019196979701519012
v 0.01003198977559805 0.03060799092054367 -0.017376000061631203
v 0.01449596043676138 0.03200000151991844 0.0065649738535285
v 0.015886960551142693 0.03200000151991844 0.003915965091437101
v 0.009864985011518002 0.03200000151991844 0.012493959628045559
v 0.0065649738535285 0.03200000151991844 0.014771989546716213
v 0.009885965846478939 0.030894989147782326 0.01712298020720482
v 0.006199955008924007 0.03060799092054367 -0.019081950187683105
v 0.010415970347821712 0.025814950466156006 -0.021502969786524773
v 0.006531952880322933 0.02567099966108799 -0.023133989423513412
v 0.0065649738535285 0.03200000151991844 0.014771989546716213
v 0.00605398416519165 0.030942970886826515 0.018632939085364342
v 0.009885965846478939 0.030894989147782326 0.01712298020720482
v -0.021661989390850067 0.025667959824204445 -0.01017600018531084
v -0.019614990800619125 0.025276949629187584 -0.014088979922235012
v -0.022008949890732765 0.025276949629187584 -0.009942947886884212
v -0.019757980480790138 0.030824949964880943 0.0
v -0.023481959477066994 0.025884980335831642 0.003413975005969405
v -0.019482970237731934 0.030751999467611313 0.004140973091125488
v -0.021661989390850067 0.025667959824204445 -0.01017600018531084
v -0.01946597918868065 0.02580999955534935 -0.013773970305919647
v -0.019614990800619125 0.025276949629187584 -0.014088979922235012
v -0.014743980020284653 0.03200000151991844 0.0065649738535285
v -0.01895195059478283 0.03099994920194149 0.00402796221897006
v -0.018061989918351173 0.030894989147782326 0.00804197695106268
v -0.004327951930463314 0.03200000151991844 -0.01534998044371605
v -0.009687960147857666 0.03099994920194149 -0.016779949888586998
v -0.009864985011518002 0.03200000151991844 -0.012821969576179981
v -0.009687960147857666 0.03099994920194149 -0.016779949888586998
v -0.006109951995313168 0.030894989147782326 -0.018803950399160385
v -0.009958981536328793 0.030751999467611313 -0.017248980700969696
v 0.002064943080767989 0.030824949964880943 -0.01964998058974743
v 0.006531952880322933 0.02567099966108799 -0.023133989423513412
v 0.002260982058942318 0.025867989286780357 -0.02367197908461094
v 0.002230942016467452 0.025276949629187584 -0.02401994913816452
v -0.0019349450012668967 0.025668969377875328 -0.02381098084151745
v 0.0019359580473974347 0.025668969377875328 -0.02381098084151745
v -0.0020249478984624147 0.03099994920194149 0.019269999116659164
v 0.0025749800261110067 0.03200000151991844 0.015690980479121208
v -0.0025749800261110067 0.03200000151991844 0.016014989465475082
v -0.0019359580473974347 0.025668969377875328 0.02381098084151745
v -0.0022619960363954306 0.025870969519019127 0.023663990199565887
v -0.002230942016467452 0.025276949629187584 0.02401994913816452
v -0.023898949846625328 0.025276949629187584 -0.0034749500919133425
v -0.027170950546860695 0.013284980319440365 0.0
v -0.02415096014738083 0.025276949629187584 0.0
v -0.014656960032880306 0.031808968633413315 -0.0076929922215640545
v -0.015849940478801727 0.030942970886826515 -0.011515970341861248
v -0.017881980165839195 0.030947979539632797 -0.007960975170135498
v -0.008939981460571289 0.025276949629187584 0.022434940561652184
v -0.012074939906597137 0.025276949629187584 0.020914969965815544
v -0.0022429819218814373 0.01827996037900448 0.024149000644683838
v -0.012074939906597137 0.025276949629187584 0.020914969965815544
v -0.006859958171844482 0.0168379507958889 0.021112969145178795
v -0.0022429819218814373 0.01827996037900448 0.024149000644683838
v 0.023730989545583725 0.025276949629187584 -0.004480957053601742
v 0.022197959944605827 0.016839979216456413 0.0
v 0.02171497978270054 0.0168379507958889 -0.004615962039679289
v -0.012074939906597137 0.025276949629187584 0.020914969965815544
v -0.010856980457901955 0.0168379507958889 0.018805980682373047
v -0.006859958171844482 0.0168379507958889 0.021112969145178795
v -0.012074939906597137 0.025276949629187584 0.020914969965815544
v -0.019740989431738853 0.018278950825333595 0.014122960157692432
v -0.014854960143566132 0.0168379507958889 0.016497960314154625
v 0.01567493937909603 0.03099994920194149 0.011388950049877167
v 0.01449596043676138 0.03200000151991844 0.0065649738535285
v 0.01224695984274149 0.03200000151991844 0.010849949903786182
v -0.019903000444173813 0.017613939940929413 0.013596950098872185
v -0.019882969558238983 0.01780897006392479 0.013731949962675571
v -0.021881990134716034 0.014625960029661655 0.010390990413725376
v -0.019740989431738853 0.018278950825333595 0.014122960157692432
v -0.026289990171790123 0.013285989873111248 0.006575942039489746
v -0.025801949203014374 0.013285989873111248 0.006916998885571957
v -0.019740989431738853 0.018278950825333595 0.014122960157692432
v -0.019614990800619125 0.025276949629187584 0.014088979922235012
v -0.026289990171790123 0.013285989873111248 0.006575942039489746
v -0.019614990800619125 0.025276949629187584 0.014088979922235012
v -0.026289990171790123 0.013285989873111248 0.006575942039489746
v 0.00604897690936923 0.030947979539632797 -0.018615959212183952
v 0.0065649738535285 0.03200000151991844 -0.014771989546716213
v 0.009885965846478939 0.030894989147782326 -0.01712298020720482
v -0.022008949890732765 0.025276949629187584 0.009942947886884212
v -0.023898949846625328 0.025276949629187584 0.0034749500919133425
v -0.026289990171790123 0.013285989873111248 0.006575942039489746
v 0.0025749800261110067 0.03200000151991844 0.015690980479121208
v 0.00605398416519165 0.030942970886826515 0.018632939085364342
v 0.0065649738535285 0.03200000151991844 0.014771989546716213
v -0.014743980020284653 0.03200000151991844 0.0065649738535285
v -0.015836000442504883 0.030947979539632797 0.011504939757287502
v -0.01248496025800705 0.03200000151991844 0.009864985011518002
v -0.0020249478984624147 0.03099994920194149 0.019269999116659164
v -0.006109951995313168 0.030894989147782326 0.018803950399160385
v -0.002081990009173751 0.030751999467611313 0.019808940589427948
v -0.023898949846625328 0.025276949629187584 0.0034749500919133425
v -0.027170950546860695 0.013284980319440365 0.0
v -0.026289990171790123 0.013285989873111248 0.006575942039489746
v 0.00604897690936923 0.030947979539632797 -0.018615959212183952
v 0.0025749800261110067 0.03200000151991844 -0.015690980479121208
v 0.0065649738535285 0.03200000151991844 -0.014771989546716213
v -0.0025749800261110067 0.03200000151991844 -0.016014989465475082
v -0.006109951995313168 0.030894989147782326 -0.018803950399160385
v -0.004327951930463314 0.03200000151991844 -0.01534998044371605
v 0.016113990917801857 0.030751999467611313 -0.011706939898431301
v 0.017539970576763153 0.025814950466156006 -0.016223959624767303
v 0.013206950388848782 0.030833950266242027 -0.014667980372905731
v 0.01003198977559805 0.03060799092054367 0.017376000061631203
v 0.01033794041723013 0.025896960869431496 0.02133994922041893
v 0.014224939979612827 0.025814950466156006 0.019196979701519012
v 0.014224939979612827 0.025814950466156006 0.019196979701519012
v 0.010528979822993279 0.025276949629187584 0.021734949201345444
v 0.014378960244357586 0.025276949629187584 0.019403990358114243
v 0.01567493937909603 0.03099994920194149 0.011388950049877167
v 0.01224695984274149 0.03200000151991844 0.010849949903786182
v 0.013220960274338722 0.030824949964880943 0.01468294020742178
v 0.005137979052960873 0.013285989873111248 -0.02664094977080822
v 0.008752942085266113 0.013284980319440365 -0.02486198954284191
v 0.004397987853735685 0.013284980319440365 -0.025987980887293816
v 0.02024495042860508 0.025814950466156006 0.012687980197370052
v 0.018195979297161102 0.030751999467611313 0.008100985549390316
v 0.016113990917801857 0.030751999467611313 0.011706939898431301
v 0.02024495042860508 0.025814950466156006 -0.012687980197370052
v 0.017728980630636215 0.025276949629187584 -0.016398960724473
v 0.017539970576763153 0.025814950466156006 -0.016223959624767303
v 0.023730989545583725 0.025276949629187584 0.004480957053601742
v 0.022197959944605827 0.016839979216456413 0.0
v 0.02415096014738083 0.025276949629187584 0.0
v -0.018328959122300148 0.03060799092054367 0.008160947822034359
v -0.021599939092993736 0.02590297907590866 0.009838998317718506
v -0.0216669999063015 0.025667959824204445 0.010172960348427296
v -0.009958981536328793 0.030751999467611313 -0.017248980700969696
v -0.014697959646582603 0.025884980335831642 -0.01862894929945469
v -0.013327949680387974 0.030751999467611313 -0.01480196975171566
v 0.017539970576763153 0.025814950466156006 -0.016223959624767303
v 0.014378960244357586 0.025276949629187584 -0.019403990358114243
v 0.014224939979612827 0.025814950466156006 -0.019196979701519012
v -0.006199955008924007 0.03060799092054367 0.019081950187683105
v -0.0022619960363954306 0.025870969519019127 0.023663990199565887
v -0.002081990009173751 0.030751999467611313 0.019808940589427948
v 0.01612197980284691 0.015010950155556202 0.014856990426778793
v 0.014743980020284653 0.014507940039038658 0.016096940264105797
v 0.022197959944605827 0.016839979216456413 0.0
v -0.019757980480790138 0.030824949964880943 0.0
v -0.023482970893383026 0.025888970121741295 -0.003413975005969405
v -0.023711970075964928 0.025896960869431496 0.0
v 0.010843990370631218 0.013286939822137356 0.024520989507436752
v 0.012387990020215511 0.013776949606835842 0.020609969273209572
v 0.012795980088412762 0.013897949829697609 0.020303960889577866
v 0.008752942085266113 0.013284980319440365 -0.02486198954284191
v 0.010632989928126335 0.013799959793686867 -0.02192497067153454
v 0.010261950083076954 0.013683970086276531 -0.022071950137615204
v 0.019482970237731934 0.030751999467611313 -0.004140973091125488
v 0.02224797010421753 0.025814950466156006 -0.008711992762982845
v 0.018328959122300148 0.03060799092054367 -0.008160947822034359
v -0.019482970237731934 0.030751999467611313 0.004140973091125488
v -0.021599939092993736 0.02590297907590866 0.009838998317718506
v -0.018328959122300148 0.03060799092054367 0.008160947822034359
v 0.02171497978270054 0.0168379507958889 -0.004615962039679289
v 0.02248799055814743 0.025276949629187584 -0.008805990219116211
v 0.023730989545583725 0.025276949629187584 -0.004480957053601742
v -0.02158897928893566 0.025907989591360092 -0.0098419776186347
v -0.021661989390850067 0.025667959824204445 -0.01017600018531084
v -0.023482970893383026 0.025888970121741295 -0.003413975005969405
v 0.02046399936079979 0.025276949629187584 0.01282494980841875
v 0.02224797010421753 0.025814950466156006 0.008711992762982845
v 0.02024495042860508 0.025814950466156006 0.012687980197370052
v -0.02158897928893566 0.025907989591360092 -0.0098419776186347
v -0.018328959122300148 0.03060799092054367 -0.008160947822034359
v -0.021661989390850067 0.025667959824204445 -0.01017600018531084
v -0.012964960187673569 0.03099994920194149 -0.014398990198969841
v -0.009864985011518002 0.03200000151991844 -0.012821969576179981
v -0.009687960147857666 0.03099994920194149 -0.016779949888586998
v 0.02347796969115734 0.025814950466156006 0.00443297578021884
v 0.020063990727066994 0.03060799092054367 0.0
v 0.019482970237731934 0.030751999467611313 0.004140973091125488
v -0.009687960147857666 0.03099994920194149 0.016779949888586998
v -0.004327951930463314 0.03200000151991844 0.01534998044371605
v -0.009864985011518002 0.03200000151991844 0.012821969576179981
v -0.009958981536328793 0.030751999467611313 0.017248980700969696
v -0.008848965167999268 0.025803979486227036 0.022205939516425133
v -0.006199955008924007 0.03060799092054367 0.019081950187683105
v 0.009864985011518002 0.03200000151991844 -0.012493959628045559
v 0.009885965846478939 0.030894989147782326 -0.01712298020720482
v 0.0065649738535285 0.03200000151991844 -0.014771989546716213
v 0.02248799055814743 0.025276949629187584 0.008805990219116211
v 0.02171497978270054 0.0168379507958889 0.004615962039679289
v 0.023730989545583725 0.025276949629187584 0.004480957053601742
v 0.02248799055814743 0.025276949629187584 -0.008805990219116211
v 0.02171497978270054 0.0168379507958889 -0.004615962039679289
v 0.01983696036040783 0.016824960708618164 -0.008835971355438232
v 0.014073959551751614 0.014882979914546013 0.01933497004210949
v 0.01612197980284691 0.015010950155556202 0.014856990426778793
v 0.017979970201849937 0.01681298017501831 0.013063959777355194
v 0.010465970262885094 0.013284980319440365 0.025074949488043785
v 0.010461979545652866 0.013284980319440365 0.023073969408869743
v 0.010843990370631218 0.013286939822137356 0.024520989507436752
v 0.01983696036040783 0.016824960708618164 0.008835971355438232
v 0.02171497978270054 0.0168379507958889 0.004615962039679289
v 0.02248799055814743 0.025276949629187584 0.008805990219116211
v 0.010731990449130535 0.013286939822137356 0.021863989531993866
v 0.010524979792535305 0.013285989873111248 0.022165950387716293
v 0.010710950009524822 0.013286939822137356 0.02187996916472912
v 0.017979970201849937 0.01681298017501831 0.013063959777355194
v 0.017008960247039795 0.020969979465007782 0.017025940120220184
v 0.014073959551751614 0.014882979914546013 0.01933497004210949
v 0.009864985011518002 0.03200000151991844 0.012493959628045559
v 0.013220960274338722 0.030824949964880943 0.01468294020742178
v 0.01224695984274149 0.03200000151991844 0.010849949903786182
v 0.02046399936079979 0.025276949629187584 0.01282494980841875
v 0.017087990418076515 0.021227000281214714 0.016961989924311638
v 0.017008960247039795 0.020969979465007782 0.017025940120220184
v -0.002230942016467452 0.025276949629187584 0.02401994913816452
v 0.0019349450012668967 0.025668969377875328 0.02381098084151745
v -0.0019359580473974347 0.025668969377875328 0.02381098084151745
v -0.01248496025800705 0.03200000151991844 0.009864985011518002
v -0.012964960187673569 0.03099994920194149 0.014398990198969841
v -0.009864985011518002 0.03200000151991844 0.012821969576179981
v 0.011007959954440594 0.013942000456154346 -0.0216749906539917
v 0.008752942085266113 0.013284980319440365 -0.02486198954284191
v 0.008587956428527832 0.013286939822137356 -0.025529980659484863
v -0.009864985011518002 0.03200000151991844 0.012821969576179981
v -0.012964960187673569 0.03099994920194149 0.014398990198969841
v -0.009687960147857666 0.03099994920194149 0.016779949888586998
v 0.010465970262885094 0.013284980319440365 0.025074949488043785
v 0.004235981963574886 0.013284980319440365 0.021562989801168442
v 0.005969941150397062 0.013284980319440365 0.02099894918501377
v 0.010461979545652866 0.013284980319440365 0.023073969408869743
v 0.005969941150397062 0.013284980319440365 0.02099894918501377
v 0.006694972049444914 0.013284980319440365 0.02076398953795433
v -0.012964960187673569 0.03099994920194149 -0.014398990198969841
v -0.01248496025800705 0.03200000151991844 -0.009864985011518002
v -0.009864985011518002 0.03200000151991844 -0.012821969576179981
v 0.010461979545652866 0.013284980319440365 0.023073969408869743
v 0.006754993926733732 0.013284980319440365 0.02074396051466465
v 0.007474957965314388 0.013284980319440365 0.020600970834493637
v 0.010383959859609604 0.013284980319440365 0.02289997972548008
v 0.01030099019408226 0.013284980319440365 0.022511949762701988
v 0.01037800032645464 0.013284980319440365 0.022392980754375458
v 0.010461979545652866 0.013284980319440365 0.023073969408869743
v 0.01037800032645464 0.013284980319440365 0.022392980754375458
v 0.010434979572892189 0.013284980319440365 0.022305959835648537
v 0.008587956428527832 0.013286939822137356 -0.025529980659484863
v 0.011915979906916618 0.01453595981001854 -0.021112969145178795
v 0.011007959954440594 0.013942000456154346 -0.0216749906539917
v 0.012763969600200653 0.03200000151991844 -0.009864985011518002
v 0.018061989918351173 0.030894989147782326 -0.00804197695106268
v 0.01567493937909603 0.03099994920194149 -0.011388950049877167
v 0.006531952880322933 0.02567099966108799 -0.023133989423513412
v 0.010528979822993279 0.025276949629187584 -0.021734949201345444
v 0.006562948226928711 0.025276949629187584 -0.023241989314556122
v -0.01895195059478283 0.03099994920194149 -0.00402796221897006
v -0.016546960920095444 0.03181498870253563 0.0
v -0.015727989375591278 0.03200000151991844 -0.0025749800261110067
v 0.006562948226928711 0.025276949629187584 -0.023241989314556122
v 0.005137979052960873 0.013285989873111248 -0.02664094977080822
v 0.002230942016467452 0.025276949629187584 -0.02401994913816452
v 0.006199955008924007 0.03060799092054367 0.019081950187683105
v 0.01033794041723013 0.025896960869431496 0.02133994922041893
v 0.01003198977559805 0.03060799092054367 0.017376000061631203
v -0.013327949680387974 0.030751999467611313 -0.01480196975171566
v -0.01946597918868065 0.02580999955534935 -0.013773970305919647
v -0.016231950372457504 0.03060799092054367 -0.011792950332164764
v -0.014656960032880306 0.031808968633413315 -0.0076929922215640545
v -0.01529597956687212 0.03200000151991844 -0.004327951930463314
v -0.01248496025800705 0.03200000151991844 -0.009864985011518002
v 0.0025749800261110067 0.03200000151991844 -0.015690980479121208
v -0.0020249478984624147 0.03099994920194149 -0.019269999116659164
v -0.0025749800261110067 0.03200000151991844 -0.016014989465475082
v 0.009885965846478939 0.030894989147782326 0.01712298020720482
v 0.006199955008924007 0.03060799092054367 0.019081950187683105
v 0.01003198977559805 0.03060799092054367 0.017376000061631203
v -0.01529597956687212 0.03200000151991844 -0.004327951930463314
v -0.017881980165839195 0.030947979539632797 -0.007960975170135498
v -0.01895195059478283 0.03099994920194149 -0.00402796221897006
v 0.006562948226928711 0.025276949629187584 -0.023241989314556122
v 0.002260982058942318 0.025867989286780357 -0.02367197908461094
v 0.006531952880322933 0.02567099966108799 -0.023133989423513412
v -0.0216669999063015 0.025667959824204445 0.010172960348427296
v -0.016231950372457504 0.03060799092054367 0.011792950332164764
v -0.018328959122300148 0.03060799092054367 0.008160947822034359
v 0.020063990727066994 0.03060799092054367 0.0
v 0.02347796969115734 0.025814950466156006 -0.00443297578021884
v 0.019482970237731934 0.030751999467611313 -0.004140973091125488
v -0.015727989375591278 0.03200000151991844 0.0025749800261110067
v -0.015727989375591278 0.03200000151991844 -0.0025749800261110067
v -0.016546960920095444 0.03181498870253563 0.0
v -0.015727989375591278 0.03200000151991844 -0.0025749800261110067
v -0.01529597956687212 0.03200000151991844 -0.004327951930463314
v -0.01895195059478283 0.03099994920194149 -0.00402796221897006
v 0.0073699951171875 0.013286939822137356 0.026074999943375587
v 0.00675994111225009 0.013285989873111248 0.025722980499267578
v 0.010465970262885094 0.013284980319440365 0.025074949488043785
v 0.006018995773047209 0.013284980319440365 0.023864980787038803
v 0.006176948081701994 0.013284980319440365 0.023959990590810776
v 0.006369947921484709 0.013285989873111248 0.02443695068359375
v 0.02046399936079979 0.025276949629187584 0.01282494980841875
v 0.017728980630636215 0.025276949629187584 0.016398960724473
v 0.017087990418076515 0.021227000281214714 0.016961989924311638
v 0.017728980630636215 0.025276949629187584 0.016398960724473
v 0.014378960244357586 0.025276949629187584 0.019403990358114243
v 0.010465970262885094 0.013284980319440365 0.025074949488043785
v 0.014378960244357586 0.025276949629187584 0.019403990358114243
v 0.010528979822993279 0.025276949629187584 0.021734949201345444
v 0.010465970262885094 0.013284980319440365 0.025074949488043785
v -0.023009000346064568 0.013284980319440365 -0.00799095630645752
v -0.02444899082183838 0.013284980319440365 -0.006950973998755217
v -0.022628959268331528 0.013285989873111248 -0.008943974040448666
v -0.02586298994719982 0.013285989873111248 -0.006903945934027433
v -0.022617990151047707 0.013285989873111248 -0.008969961665570736
v -0.022628959268331528 0.013285989873111248 -0.008943974040448666
v -0.008939981460571289 0.025276949629187584 -0.022434940561652184
v -0.002268970012664795 0.025276949629187584 -0.024022990837693214
v 0.005137979052960873 0.013285989873111248 -0.02664094977080822
v -0.002268970012664795 0.025276949629187584 -0.024022990837693214
v 0.002230942016467452 0.025276949629187584 -0.02401994913816452
v 0.005137979052960873 0.013285989873111248 -0.02664094977080822
v -0.006199955008924007 0.03060799092054367 -0.019081950187683105
v -0.0022549619898200035 0.025878960266709328 -0.02364896982908249
v -0.00889897346496582 0.02567099966108799 -0.022330990061163902
v -0.022614000365138054 0.013285989873111248 -0.00897896196693182
v -0.002206980949267745 0.018180960789322853 -0.024146970361471176
v -0.002246974967420101 0.018209990113973618 -0.02414095029234886
v -0.0028039810713380575 0.018818970769643784 -0.023998970165848732
v -0.012074939906597137 0.025276949629187584 -0.020914969965815544
v -0.0045279860496521 0.020667970180511475 -0.023566959425807
v -0.0028039810713380575 0.018818970769643784 -0.023998970165848732
v 0.006562948226928711 0.025276949629187584 -0.023241989314556122
v 0.010528979822993279 0.025276949629187584 -0.021734949201345444
v 0.008587956428527832 0.013286939822137356 -0.025529980659484863
v 0.010528979822993279 0.025276949629187584 -0.021734949201345444
v 0.014378960244357586 0.025276949629187584 -0.019403990358114243
v 0.008587956428527832 0.013286939822137356 -0.025529980659484863
v 0.014378960244357586 0.025276949629187584 -0.019403990358114243
v 0.017728980630636215 0.025276949629187584 -0.016398960724473
v 0.008587956428527832 0.013286939822137356 -0.025529980659484863
v 0.015345989726483822 0.02149396948516369 -0.018624959513545036
v 0.01443296018987894 0.02004295028746128 -0.01947695016860962
v 0.008587956428527832 0.013286939822137356 -0.025529980659484863
v 0.017979970201849937 0.01681298017501831 -0.013063959777355194
v 0.012996969744563103 0.016752950847148895 -0.020413989201188087
v 0.013942950405180454 0.018692970275878906 -0.019801970571279526
v -0.002081990009173751 0.030751999467611313 -0.019808940589427948
v 0.002260982058942318 0.025867989286780357 -0.02367197908461094
v -0.0022549619898200035 0.025878960266709328 -0.02364896982908249
v -0.006109951995313168 0.030894989147782326 0.018803950399160385
v -0.0025749800261110067 0.03200000151991844 0.016014989465475082
v -0.004327951930463314 0.03200000151991844 0.01534998044371605
v 0.015886960551142693 0.03200000151991844 0.003915965091437101
v 0.01895195059478283 0.03099994920194149 0.00402796221897006
v 0.019591979682445526 0.030942970886826515 0.0
v 0.01895195059478283 0.03099994920194149 -0.00402796221897006
v 0.015886960551142693 0.03200000151991844 -0.003915965091437101
v 0.019591979682445526 0.030942970886826515 0.0
v 0.015886960551142693 0.03200000151991844 -0.003915965091437101
v 0.015886960551142693 0.03200000151991844 0.003915965091437101
v 0.019591979682445526 0.030942970886826515 0.0
v 0.014224939979612827 0.025814950466156006 0.019196979701519012
v 0.013220960274338722 0.030824949964880943 0.01468294020742178
v 0.01003198977559805 0.03060799092054367 0.017376000061631203
v 0.002257942920550704 0.025276949629187584 0.024021979421377182
v 0.0073699951171875 0.013286939822137356 0.026074999943375587
v 0.006562948226928711 0.025276949629187584 0.023241989314556122
v 0.0073699951171875 0.013286939822137356 0.026074999943375587
v 0.0073829879984259605 0.013433990068733692 0.026034949347376823
v 0.006562948226928711 0.025276949629187584 0.023241989314556122
v 0.002257942920550704 0.025276949629187584 0.024021979421377182
v -0.002230942016467452 0.025276949629187584 0.02401994913816452
v 0.0073699951171875 0.013286939822137356 0.026074999943375587
v -0.002230942016467452 0.025276949629187584 0.02401994913816452
v -0.0022429819218814373 0.01827996037900448 0.024149000644683838
v 0.0073699951171875 0.013286939822137356 0.026074999943375587
v -0.0016979570500552654 0.01749294064939022 0.023980969563126564
v 0.0002339999919058755 0.015067989937961102 0.023586979135870934
v 0.0073699951171875 0.013286939822137356 0.026074999943375587
v 0.0006519999587908387 0.014808950014412403 0.02359098009765148
v 0.0002339999919058755 0.015067989937961102 0.023586979135870934
v -0.0031449790112674236 0.014966960065066814 0.021543970331549644
v -0.0022669429890811443 0.014524989761412144 0.021645959466695786
v -0.0031449790112674236 0.014966960065066814 0.021543970331549644
v -0.017587950453162193 0.014510979875922203 0.012783999554812908
v -0.025801949203014374 0.013285989873111248 0.006916998885571957
v -0.022707989439368248 0.013285989873111248 0.008703947067260742
v -0.022707989439368248 0.013285989873111248 0.008703947067260742
v -0.02444899082183838 0.013284980319440365 0.006950973998755217
v -0.023145969957113266 0.013284980319440365 0.0077349538914859295
v -0.022781960666179657 0.013285989873111248 0.008512972854077816
v -0.025801949203014374 0.013285989873111248 0.006916998885571957
v -0.026289990171790123 0.013285989873111248 0.006575942039489746
v -0.02444899082183838 0.013284980319440365 0.006950973998755217
v -0.026289990171790123 0.013285989873111248 0.006575942039489746
v -0.027170950546860695 0.013284980319440365 0.0
v -0.02444899082183838 0.013284980319440365 0.006950973998755217
v -0.012074939906597137 0.025276949629187584 0.020914969965815544
v -0.008848965167999268 0.025803979486227036 0.022205939516425133
v -0.011855949647724628 0.025896960869431496 0.02053499035537243
v -0.023898949846625328 0.025276949629187584 -0.0034749500919133425
v -0.022008949890732765 0.025276949629187584 -0.009942947886884212
v -0.02629196085035801 0.013285989873111248 -0.0065669408068060875
v -0.022008949890732765 0.025276949629187584 -0.009942947886884212
v -0.019614990800619125 0.025276949629187584 -0.014088979922235012
v -0.02629196085035801 0.013285989873111248 -0.0065669408068060875
v -0.019614990800619125 0.025276949629187584 -0.014088979922235012
v -0.019740989431738853 0.018278950825333595 -0.014122960157692432
v -0.02629196085035801 0.013285989873111248 -0.0065669408068060875
v -0.027170950546860695 0.013284980319440365 0.0
v -0.02629196085035801 0.013285989873111248 -0.0065669408068060875
v -0.02444899082183838 0.013284980319440365 -0.006950973998755217
v -0.02629196085035801 0.013285989873111248 -0.0065669408068060875
v -0.02586298994719982 0.013285989873111248 -0.006903945934027433
v -0.02444899082183838 0.013284980319440365 -0.006950973998755217
v 0.016113990917801857 0.030751999467611313 0.011706939898431301
v 0.01770097017288208 0.03099994920194149 0.00788098480552435
v 0.01567493937909603 0.03099994920194149 0.011388950049877167
v -0.02629196085035801 0.013285989873111248 -0.0065669408068060875
v -0.019740989431738853 0.018278950825333595 -0.014122960157692432
v -0.02586298994719982 0.013285989873111248 -0.006903945934027433
v -0.014854960143566132 0.0168379507958889 -0.016497960314154625
v -0.02008794993162155 0.015818949788808823 -0.012354959733784199
v -0.019899960607290268 0.017650960013270378 -0.013624959625303745
v -0.019482970237731934 0.030751999467611313 -0.004140973091125488
v -0.02158897928893566 0.025907989591360092 -0.0098419776186347
v -0.023482970893383026 0.025888970121741295 -0.003413975005969405
v -0.017590990290045738 0.014116999693214893 -0.012786979787051678
v -0.017117969691753387 0.014587990008294582 -0.013429990038275719
v -0.004320979118347168 0.014093990437686443 -0.021247979253530502
v 0.002260982058942318 0.025867989286780357 -0.02367197908461094
v -0.0019349450012668967 0.025668969377875328 -0.02381098084151745
v -0.0022549619898200035 0.025878960266709328 -0.02364896982908249
v 0.012763969600200653 0.03200000151991844 -0.009864985011518002
v 0.013206950388848782 0.030833950266242027 -0.014667980372905731
v 0.009864985011518002 0.03200000151991844 -0.012493959628045559
v -0.014697959646582603 0.025884980335831642 -0.01862894929945469
v -0.012074939906597137 0.025276949629187584 -0.020914969965815544
v -0.014958970248699188 0.025276949629187584 -0.01895998977124691
v 0.002260982058942318 0.025867989286780357 -0.02367197908461094
v 0.0019359580473974347 0.025668969377875328 -0.02381098084151745
v -0.0019349450012668967 0.025668969377875328 -0.02381098084151745
v -0.018328959122300148 0.03060799092054367 -0.008160947822034359
v -0.01946597918868065 0.02580999955534935 -0.013773970305919647
v -0.021661989390850067 0.025667959824204445 -0.01017600018531084
v 0.0019359580473974347 0.025668969377875328 -0.02381098084151745
v 0.002260982058942318 0.025867989286780357 -0.02367197908461094
v 0.002230942016467452 0.025276949629187584 -0.02401994913816452
v 0.01770097017288208 0.03099994920194149 0.00788098480552435
v 0.015886960551142693 0.03200000151991844 0.003915965091437101
v 0.01449596043676138 0.03200000151991844 0.0065649738535285
v -0.0022549619898200035 0.025878960266709328 -0.02364896982908249
v -0.008939981460571289 0.025276949629187584 -0.022434940561652184
v -0.00889897346496582 0.02567099966108799 -0.022330990061163902
v -0.014698980376124382 0.025888970121741295 0.01862996071577072
v -0.009958981536328793 0.030751999467611313 0.017248980700969696
v -0.013327949680387974 0.030751999467611313 0.01480196975171566
v 0.023730989545583725 0.025276949629187584 0.004480957053601742
v 0.024038970470428467 0.02567099966108799 0.0
v 0.02347796969115734 0.025814950466156006 0.00443297578021884
v -0.010856980457901955 0.0168379507958889 -0.018805980682373047
v -0.005667984019964933 0.015160970389842987 -0.021156959235668182
v -0.014854960143566132 0.0168379507958889 -0.016497960314154625
v -0.0022049539256840944 0.018180960789322853 -0.02414095029234886
v -0.0018499490106478333 0.01728600077331066 -0.02405094914138317
v -0.006859958171844482 0.0168379507958889 -0.021112969145178795
v -0.010856980457901955 0.0168379507958889 -0.018805980682373047
v -0.012074939906597137 0.025276949629187584 -0.020914969965815544
v -0.006859958171844482 0.0168379507958889 -0.021112969145178795
v 0.01003198977559805 0.03060799092054367 -0.017376000061631203
v 0.014224939979612827 0.025814950466156006 -0.019196979701519012
v 0.010415970347821712 0.025814950466156006 -0.021502969786524773
v -0.014854960143566132 0.0168379507958889 -0.016497960314154625
v -0.019740989431738853 0.018278950825333595 -0.014122960157692432
v -0.012074939906597137 0.025276949629187584 -0.020914969965815544
v 0.016113990917801857 0.030751999467611313 0.011706939898431301
v 0.017539970576763153 0.025814950466156006 0.016223959624767303
v 0.02024495042860508 0.025814950466156006 0.012687980197370052
v -0.019740989431738853 0.018278950825333595 -0.014122960157692432
v -0.014958970248699188 0.025276949629187584 -0.01895998977124691
v -0.012074939906597137 0.025276949629187584 -0.020914969965815544
v -0.023481959477066994 0.025884980335831642 0.003413975005969405
v -0.02415096014738083 0.025276949629187584 0.0
v -0.023898949846625328 0.025276949629187584 0.0034749500919133425
v -0.016546960920095444 0.03181498870253563 0.0
v -0.01895195059478283 0.03099994920194149 0.00402796221897006
v -0.015727989375591278 0.03200000151991844 0.0025749800261110067
v -0.0022619960363954306 0.025870969519019127 0.023663990199565887
v 0.0019349450012668967 0.025668969377875328 0.02381098084151745
v 0.0022539489436894655 0.025874970480799675 0.023657970130443573
v 0.02224797010421753 0.025814950466156006 -0.008711992762982845
v 0.023730989545583725 0.025276949629187584 -0.004480957053601742
v 0.02248799055814743 0.025276949629187584 -0.008805990219116211
v 0.006562948226928711 0.025276949629187584 0.023241989314556122
v 0.010465970262885094 0.013284980319440365 0.025074949488043785
v 0.010528979822993279 0.025276949629187584 0.021734949201345444
v 0.002257942920550704 0.025276949629187584 0.024021979421377182
v 0.006531952880322933 0.02567099966108799 0.023133989423513412
v 0.0022539489436894655 0.025874970480799675 0.023657970130443573
v 0.016113990917801857 0.030751999467611313 -0.011706939898431301
v 0.01567493937909603 0.03099994920194149 -0.011388950049877167
v 0.018061989918351173 0.030894989147782326 -0.00804197695106268
v -0.023482970893383026 0.025888970121741295 -0.003413975005969405
v -0.022008949890732765 0.025276949629187584 -0.009942947886884212
v -0.023898949846625328 0.025276949629187584 -0.0034749500919133425
v -0.008939981460571289 0.025276949629187584 0.022434940561652184
v -0.0022619960363954306 0.025870969519019127 0.023663990199565887
v -0.008848965167999268 0.025803979486227036 0.022205939516425133
v 0.015886960551142693 0.03200000151991844 -0.003915965091437101
v 0.01895195059478283 0.03099994920194149 -0.00402796221897006
v 0.018061989918351173 0.030894989147782326 -0.00804197695106268
v 0.02024495042860508 0.025814950466156006 -0.012687980197370052
v 0.018328959122300148 0.03060799092054367 -0.008160947822034359
v 0.02224797010421753 0.025814950466156006 -0.008711992762982845
v -0.0022619960363954306 0.025870969519019127 0.023663990199565887
v -0.0019359580473974347 0.025668969377875328 0.02381098084151745
v 0.0019349450012668967 0.025668969377875328 0.02381098084151745
v -0.013327949680387974 0.030751999467611313 0.01480196975171566
v -0.019524989649653435 0.025668969377875328 0.014023950323462486
v -0.014698980376124382 0.025888970121741295 0.01862996071577072
v 0.015886960551142693 0.03200000151991844 -0.003915965091437101
v 0.012763969600200653 0.03200000151991844 -0.009864985011518002
v 0.009864985011518002 0.03200000151991844 -0.012493959628045559
v 0.0065649738535285 0.03200000151991844 -0.014771989546716213
v 0.024388959631323814 0.011410949751734734 5.699999746866524e-05
v 0.02415096014738083 0.025276949629187584 0.0
v 0.023730989545583725 0.025276949629187584 0.004480957053601742
v 0.08308196067810059 0.006589949131011963 0.007431983016431332
v 0.07513999193906784 0.006749987136572599 0.0074339499697089195
v 0.07512897253036499 0.00690799904987216 0.0074369898065924644
v -0.017663000151515007 0.011482950299978256 -0.016820959746837616
v -0.019740989431738853 0.018278950825333595 -0.014122960157692432
v -0.015107979997992516 0.011482950299978256 -0.019148999825119972
v 0.07630597800016403 -0.021978970617055893 0.019861990585923195
v 0.07553797215223312 -0.021986959502100945 0.019822949543595314
v 0.0755389928817749 -0.021975990384817123 0.019872959703207016
v 0.07726495712995529 0.007757960818707943 -0.02287697046995163
v 0.07358098030090332 0.007758975028991699 -0.022852949798107147
v 0.07368295639753342 0.006991981994360685 -0.02365100011229515
v 0.020667970180511475 0.011482950299978256 0.012952979654073715
v 0.02248799055814743 0.025276949629187584 0.008805990219116211
v 0.02046399936079979 0.025276949629187584 0.01282494980841875
v 0.08344297856092453 0.006030975840985775 -0.005774973891675472
v 0.07506096363067627 0.0060439701192080975 -0.005773961078375578
v 0.07508199661970139 0.0060439701192080975 -0.004159986041486263
v -0.026683980599045753 0.011834969744086266 -0.00525397015735507
v -0.02629196085035801 0.013285989873111248 -0.0065669408068060875
v -0.026323970407247543 0.011709979735314846 -0.006590961944311857
v 0.0006519999587908387 0.014808950014412403 0.02359098009765148
v 0.0018359420355409384 0.018278950825333595 0.02402495965361595
v 0.0006889999494887888 0.025276949629187584 0.023411979898810387
v 0.004126965068280697 0.013284980319440365 -0.02454995922744274
v 0.004093945026397705 0.011799990199506283 -0.02463299036026001
v 0.0034979579504579306 0.011808989569544792 -0.024190960451960564
v 0.020667970180511475 0.011482950299978256 -0.012952979654073715
v 0.01790595054626465 0.011482950299978256 -0.016562990844249725
v 0.017728980630636215 0.025276949629187584 -0.016398960724473
v 0.020667970180511475 0.011482950299978256 -0.012952979654073715
v 0.017728980630636215 0.025276949629187584 -0.016398960724473
v 0.02046399936079979 0.025276949629187584 -0.01282494980841875
v 0.08335196226835251 0.0062839980237185955 -0.0072119832038879395
v 0.07503198832273483 0.006338953040540218 -0.007247983943670988
v 0.07503396272659302 0.0062839980237185955 -0.007216989062726498
v 0.08125095814466476 0.0 0.026643989607691765
v 0.07522296160459518 0.0 0.026657989248633385
v 0.07529199123382568 -1.9999999949504854e-06 0.02660398930311203
v 0.07520198076963425 0.0 0.02667498029768467
v 0.08125095814466476 0.0 0.026643989607691765
v 0.08675199002027512 0.0 0.026649950072169304
v 0.08125095814466476 0.0 0.026643989607691765
v 0.07529199123382568 -1.9999999949504854e-06 0.02660398930311203
v 0.07528995722532272 0.0 0.026605959981679916
v 0.08125095814466476 0.0 0.026643989607691765
v 0.07539694756269455 0.0 0.02652198076248169
v 0.07548797130584717 0.0 0.026451999321579933
v -0.027170950546860695 0.013284980319440365 0.0
v -0.02719198912382126 0.01208799984306097 0.0
v -0.026289990171790123 0.013285989873111248 0.006575942039489746
v -0.014854960143566132 0.0168379507958889 0.016497960314154625
v -0.012397999875247478 0.011655979789793491 0.018010970205068588
v -0.015385979786515236 0.011684950441122055 0.016013970598578453
v -0.0022429819218814373 0.01827996037900448 0.024149000644683838
v -0.009029983542859554 0.011482950299978256 0.022659000009298325
v -0.005735992919653654 0.011482950299978256 0.023706970736384392
v -0.015107979997992516 0.011482950299978256 -0.019148999825119972
v -0.019740989431738853 0.018278950825333595 -0.014122960157692432
v -0.014958970248699188 0.025276949629187584 -0.01895998977124691
v 0.024015959352254868 0.011482950299978256 -0.004265964031219482
v 0.023730989545583725 0.025276949629187584 -0.004480957053601742
v 0.02422194927930832 0.011458990164101124 -0.002875983016565442
v 0.023730989545583725 0.025276949629187584 0.004480957053601742
v 0.022711990401148796 0.011482950299978256 0.008893965743482113
v 0.024015959352254868 0.011482950299978256 0.004265964031219482
v -0.008939981460571289 0.025276949629187584 0.022434940561652184
v -0.01219599973410368 0.011482950299978256 0.02112399972975254
v -0.009029983542859554 0.011482950299978256 0.022659000009298325
v -0.025801949203014374 0.013285989873111248 0.006916998885571957
v -0.026289990171790123 0.013285989873111248 0.006575942039489746
v -0.025985000655055046 0.011729000136256218 0.00690799904987216
v 0.080051951110363 -0.022299999371170998 1.2999998943996616e-05
v 0.07508199661970139 -0.022299999371170998 0.004442988894879818
v 0.07975298166275024 -0.022299999371170998 0.005292952060699463
v -0.015107979997992516 0.011482950299978256 0.019148999825119972
v -0.012074939906597137 0.025276949629187584 0.020914969965815544
v -0.014958970248699188 0.025276949629187584 0.01895998977124691
v 0.022197959944605827 0.016839979216456413 0.0
v 0.022038990631699562 0.011534979566931725 0.0016799559816718102
v 0.02171497978270054 0.0168379507958889 0.004615962039679289
v 0.07507497072219849 0.007867990992963314 0.010492979548871517
v 0.09074097126722336 0.007581948768347502 0.010383959859609604
v 0.09185200184583664 0.00790095329284668 0.010475990362465382
v 0.022711990401148796 0.011482950299978256 -0.008893965743482113
v 0.020667970180511475 0.011482950299978256 -0.012952979654073715
v 0.02046399936079979 0.025276949629187584 -0.01282494980841875
v -0.017663000151515007 0.011482950299978256 0.016820959746837616
v -0.015107979997992516 0.011482950299978256 0.019148999825119972
v -0.019740989431738853 0.018278950825333595 0.014122960157692432
v 0.017728980630636215 0.025276949629187584 0.016398960724473
v 0.017908990383148193 0.011498980224132538 0.016558999195694923
v 0.02046399936079979 0.025276949629187584 0.01282494980841875
v -0.019614990800619125 0.025276949629187584 0.014088979922235012
v -0.018109969794750214 0.02066998928785324 0.015778949484229088
v -0.014958970248699188 0.025276949629187584 0.01895998977124691
v -0.0022639629896730185 0.018222980201244354 -0.02412199042737484
v -0.0057169790379703045 0.011520979925990105 -0.023708989843726158
v -0.009029983542859554 0.011482950299978256 -0.022659000009298325
v 0.09459400177001953 0.008223949931561947 -0.016999950632452965
v 0.07434695214033127 0.00829994585365057 -0.013997970148921013
v 0.07419896125793457 0.008248983882367611 -0.015576950274407864
v 0.00637096120044589 0.01329100038856268 0.024437960237264633
v 0.006435989867895842 0.013284980319440365 0.02424997091293335
v 0.006369947921484709 0.013285989873111248 0.02443695068359375
v 0.0038989780005067587 0.013285989873111248 0.0240019503980875
v 0.004821956157684326 0.013285989873111248 0.023872969672083855
v 0.002863943111151457 0.014006970450282097 0.02413295954465866
v -0.0022429819218814373 0.01827996037900448 0.024149000644683838
v -0.0023269650992006063 0.011561979539692402 0.024277979508042336
v -0.0019209979800507426 0.011594950221478939 0.024194950237870216
v -0.02586298994719982 0.013285989873111248 -0.006903945934027433
v -0.02444899082183838 0.013284980319440365 -0.006950973998755217
v -0.02584999054670334 0.011747949756681919 -0.006936966907233
v 0.010843990370631218 0.013286939822137356 0.024520989507436752
v 0.010835940018296242 0.011753969825804234 0.024626970291137695
v 0.010980959981679916 0.01175296027213335 0.02436196058988571
v -0.01219599973410368 0.011482950299978256 0.02112399972975254
v -0.012074939906597137 0.025276949629187584 0.020914969965815544
v 0.0055019850842654705 0.0144729595631361 0.02371698059141636
v 0.004821956157684326 0.013285989873111248 0.023872969672083855
v 0.005539000034332275 0.013284980319440365 0.02375096082687378
v -0.012074939906597137 0.025276949629187584 -0.020914969965815544
v -0.009029983542859554 0.011482950299978256 -0.022659000009298325
v -0.01219599973410368 0.011482950299978256 -0.02112399972975254
v 0.010502990335226059 0.011753969825804234 0.025087950751185417
v 0.010465970262885094 0.013284980319440365 0.025074949488043785
v 0.0073699951171875 0.013286939822137356 0.026074999943375587
v 0.09185200184583664 0.00790095329284668 0.010475990362465382
v 0.07506698369979858 0.00799095630645752 0.010783970355987549
v 0.07507497072219849 0.007867990992963314 0.010492979548871517
v -0.01219599973410368 0.011482950299978256 -0.02112399972975254
v -0.015107979997992516 0.011482950299978256 -0.019148999825119972
v -0.014958970248699188 0.025276949629187584 -0.01895998977124691
v -0.026683980599045753 0.011834969744086266 0.00525397015735507
v -0.02633398026227951 0.011694960296154022 0.006572960875928402
v -0.026289990171790123 0.013285989873111248 0.006575942039489746
v -0.02719198912382126 0.01208799984306097 0.0
v -0.026683980599045753 0.011834969744086266 0.00525397015735507
v -0.026289990171790123 0.013285989873111248 0.006575942039489746
v -0.026683980599045753 0.011834969744086266 -0.00525397015735507
v -0.02719198912382126 0.01208799984306097 0.0
v -0.027170950546860695 0.013284980319440365 0.0
v -0.02629196085035801 0.013285989873111248 -0.0065669408068060875
v -0.026683980599045753 0.011834969744086266 -0.00525397015735507
v -0.027170950546860695 0.013284980319440365 0.0
v 0.08314698189496994 0.003834961913526058 -0.005339980125427246
v 0.0751369521021843 0.003858983051031828 -0.005298972129821777
v 0.0751369521021843 0.0038529629819095135 -0.005335986148566008
v 0.07495999336242676 0.0073659420013427734 -0.010122000239789486
v 0.07492297142744064 0.007499991916120052 -0.010176950134336948
v 0.08963798731565475 0.007140994071960449 -0.010059949941933155
v 0.08324795216321945 0.006110966205596924 -0.0067109460942447186
v 0.07503396272659302 0.0062839980237185955 -0.007216989062726498
v 0.07504396885633469 0.006139993201941252 -0.0067989821545779705
v -0.008939981460571289 0.025276949629187584 -0.022434940561652184
v -0.009029983542859554 0.011482950299978256 -0.022659000009298325
v -0.012074939906597137 0.025276949629187584 -0.020914969965815544
v -0.015107979997992516 0.011482950299978256 0.019148999825119972
v -0.01219599973410368 0.011482950299978256 0.02112399972975254
v -0.012074939906597137 0.025276949629187584 0.020914969965815544
v 0.09455697983503342 0.00829994585365057 -0.017937950789928436
v 0.07385294884443283 0.00829994585365057 -0.018890969455242157
v 0.09493499249219894 0.00829994585365057 -0.019346950575709343
v 0.09455697983503342 0.00829994585365057 -0.017937950789928436
v 0.07398097962141037 0.00829994585365057 -0.017618950456380844
v 0.07394897192716599 0.00829994585365057 -0.017937950789928436
v -0.019740989431738853 0.018278950825333595 -0.014122960157692432
v -0.017663000151515007 0.011482950299978256 -0.016820959746837616
v -0.019861990585923195 0.011553999967873096 -0.014155980199575424
v 0.07734899967908859 0.00829994585365057 -0.020801959559321404
v 0.07362394779920578 0.00804197695106268 -0.02176498994231224
v 0.07726495712995529 0.007757960818707943 -0.02287697046995163
v -0.009029983542859554 0.011482950299978256 -0.022659000009298325
v -0.008939981460571289 0.025276949629187584 -0.022434940561652184
v -0.0045279860496521 0.020667970180511475 -0.023566959425807
v -0.012074939906597137 0.025276949629187584 -0.020914969965815544
v -0.01219599973410368 0.011482950299978256 -0.02112399972975254
v -0.014958970248699188 0.025276949629187584 -0.01895998977124691
v 0.01790595054626465 0.011482950299978256 -0.016562990844249725
v 0.015345989726483822 0.02149396948516369 -0.018624959513545036
v 0.017728980630636215 0.025276949629187584 -0.016398960724473
v 0.02248799055814743 0.025276949629187584 -0.008805990219116211
v 0.022711990401148796 0.011482950299978256 -0.008893965743482113
v 0.02046399936079979 0.025276949629187584 -0.01282494980841875
v 0.024015959352254868 0.011482950299978256 -0.004265964031219482
v 0.022711990401148796 0.011482950299978256 -0.008893965743482113
v 0.02248799055814743 0.025276949629187584 -0.008805990219116211
v 0.023730989545583725 0.025276949629187584 -0.004480957053601742
v 0.024015959352254868 0.011482950299978256 -0.004265964031219482
v 0.02248799055814743 0.025276949629187584 -0.008805990219116211
v 0.023730989545583725 0.025276949629187584 -0.004480957053601742
v 0.024388959631323814 0.011410949751734734 5.2999999752501026e-05
v 0.02422194927930832 0.011458990164101124 -0.002875983016565442
v 0.02248799055814743 0.025276949629187584 0.008805990219116211
v 0.020667970180511475 0.011482950299978256 0.012952979654073715
v 0.022711990401148796 0.011482950299978256 0.008893965743482113
v 0.023730989545583725 0.025276949629187584 0.004480957053601742
v 0.02248799055814743 0.025276949629187584 0.008805990219116211
v 0.022711990401148796 0.011482950299978256 0.008893965743482113
v -0.015107979997992516 0.011482950299978256 0.019148999825119972
v -0.018109969794750214 0.02066998928785324 0.015778949484229088
v -0.019740989431738853 0.018278950825333595 0.014122960157692432
v -0.008939981460571289 0.025276949629187584 0.022434940561652184
v -0.009029983542859554 0.011482950299978256 0.022659000009298325
v -0.0022429819218814373 0.01827996037900448 0.024149000644683838
v 0.0772019624710083 0.006270945072174072 -0.02442198060452938
v 0.07377797365188599 0.006270945072174072 -0.02439999021589756
v 0.07403898239135742 0.005009949207305908 -0.024784980341792107
v 0.02215396985411644 0.01153193973004818 -0.0005859999801032245
v 0.022197959944605827 0.016839979216456413 0.0
v 0.02203994058072567 0.011525980196893215 -0.0016749500064179301
v 0.09184496849775314 0.00791996717453003 -0.010537980124354362
v 0.07462996244430542 0.008202970027923584 -0.011424950323998928
v 0.09339498728513718 0.008292973041534424 -0.011722980067133904
v 0.02171497978270054 0.0168379507958889 -0.004615962039679289
v 0.02085494063794613 0.011544999666512012 -0.007249950896948576
v 0.02203994058072567 0.011525980196893215 -0.0016749500064179301
v 0.008587956428527832 0.013286939822137356 -0.025529980659484863
v 0.008791983127593994 0.011750989593565464 -0.024956999346613884
v 0.00861894991248846 0.011743959970772266 -0.0255849901586771
v 0.088779978454113 0.006618976127356291 0.009665966033935547
v 0.07513897866010666 0.006899951957166195 0.009874998591840267
v 0.0751519724726677 0.006702959071844816 0.0097159743309021
v 0.0772019624710083 0.006270945072174072 -0.02442198060452938
v 0.07368295639753342 0.006991981994360685 -0.02365100011229515
v 0.07377797365188599 0.006270945072174072 -0.02439999021589756
v 0.004376946948468685 0.01177894975990057 -0.02601896971464157
v 0.004397987853735685 0.013284980319440365 -0.025987980887293816
v 0.004606962203979492 0.011738000437617302 -0.026420950889587402
v 0.09493499249219894 0.00829994585365057 -0.019346950575709343
v 0.07377499341964722 0.008265972137451172 -0.01974296011030674
v 0.09548299759626389 0.008248983882367611 -0.019632989540696144
v 0.09493499249219894 0.00829994585365057 -0.014652960002422333
v 0.07437396049499512 0.00829994585365057 -0.013723960146307945
v 0.07434695214033127 0.00829994585365057 -0.013997970148921013
v -0.02444899082183838 0.013284980319440365 0.006950973998755217
v -0.025801949203014374 0.013285989873111248 0.006916998885571957
v -0.025664979591965675 0.011781989596784115 0.0069779749028384686
v 0.09455496072769165 0.00825798511505127 0.017340950667858124
v 0.07507497072219849 0.00827097799628973 0.017457960173487663
v 0.0750729963183403 0.00827097799628973 0.016972949728369713
v 0.09455496072769165 0.00825798511505127 0.017340950667858124
v 0.07506299018859863 0.00829994585365057 0.015105959959328175
v 0.09493499249219894 0.00829994585365057 0.014652960002422333
v 0.07505500316619873 0.008272944949567318 0.012478940188884735
v 0.09338200092315674 0.008291958831250668 0.011716959998011589
v 0.09665297716856003 0.00829994585365057 0.012934979982674122
v 0.08657795190811157 0.005645989906042814 -0.00956499483436346
v 0.07496798038482666 0.007155953906476498 -0.010035989806056023
v 0.08963798731565475 0.007140994071960449 -0.010059949941933155
v 0.08413498848676682 0.00829994585365057 0.020250970497727394
v 0.0750809907913208 0.00829994585365057 0.01956694945693016
v 0.08538097143173218 0.00829994585365057 0.019979000091552734
v 0.006716966163367033 0.011759989894926548 0.025690969079732895
v 0.006728947162628174 0.011757959611713886 0.025731980800628662
v 0.00675994111225009 0.013286939822137356 0.025722980499267578
v 0.08670598268508911 0.005915998946875334 0.009619951248168945
v 0.0751519724726677 0.006702959071844816 0.0097159743309021
v 0.0751909613609314 0.006137967109680176 0.009672999382019043
v -0.0236279908567667 0.011931000277400017 0.007171988021582365
v -0.023826949298381805 0.013284980319440365 0.006903945934027433
v -0.023839950561523438 0.013284980319440365 0.006904959212988615
v 0.08344297856092453 0.006030975840985775 -0.005774973891675472
v 0.07508599013090134 0.006025969050824642 -0.0039059510454535484
v 0.07517098635435104 0.006010949146002531 0.002422987949103117
v 0.08314698189496994 0.003834961913526058 -0.005339980125427246
v 0.07505898922681808 0.004834949038922787 -0.008830963633954525
v 0.08652298897504807 0.004837988875806332 -0.008813977241516113
v 0.08308196067810059 0.003799973987042904 0.008600950241088867
v 0.07516597956418991 0.0038299560546875 -0.0032069680746644735
v 0.08315198868513107 0.0038009879644960165 -0.005035995971411467
v 0.07520394772291183 0.00595200015231967 0.009620963595807552
v 0.08308196067810059 0.004782973788678646 0.009600996039807796
v 0.08670598268508911 0.005915998946875334 0.009619951248168945
v 0.07630597800016403 -0.021978970617055893 0.019861990585923195
v 0.07555395364761353 -0.02187298983335495 0.020362969487905502
v 0.07629799097776413 -0.02187298983335495 0.020364990457892418
v 0.005171954166144133 0.01173597015440464 -0.026672950014472008
v 0.008587956428527832 0.013286939822137356 -0.025529980659484863
v 0.00861894991248846 0.011743959970772266 -0.0255849901586771
v 0.005171954166144133 0.01173597015440464 -0.026672950014472008
v 0.005137979052960873 0.013285989873111248 -0.02664094977080822
v 0.008587956428527832 0.013286939822137356 -0.025529980659484863
v 0.007329999934881926 0.011753969825804234 0.026105990633368492
v 0.010502990335226059 0.011753969825804234 0.025087950751185417
v 0.0073699951171875 0.013286939822137356 0.026074999943375587
v 0.010835940018296242 0.011753969825804234 0.024626970291137695
v 0.010461979545652866 0.013284980319440365 0.023073969408869743
v 0.010843990370631218 0.013286939822137356 0.024520989507436752
v -0.02376996912062168 0.013284980319440365 -0.006920992862433195
v -0.023859970271587372 0.01192294992506504 -0.007006943225860596
v -0.02444899082183838 0.013284980319440365 -0.006950973998755217
v 0.010465970262885094 0.013284980319440365 0.025074949488043785
v 0.010502990335226059 0.011753969825804234 0.025087950751185417
v 0.010843990370631218 0.013286939822137356 0.024520989507436752
v 0.07632899284362793 -0.022299999371170998 0.018342969939112663
v 0.07528697699308395 -0.022299999371170998 0.011336980387568474
v 0.07549499720335007 -0.022299999371170998 0.018340999260544777
v -0.0006549999816343188 0.01582998037338257 0.023573990911245346
v 0.0006889999494887888 0.025276949629187584 0.023411979898810387
v -0.0006889999494887888 0.025276949629187584 0.023411979898810387
v 0.08652298897504807 0.004837988875806332 -0.008813977241516113
v 0.07504694908857346 0.005043982993811369 -0.009209989570081234
v 0.08663499355316162 0.005050957202911377 -0.009193955920636654
v 0.07505196332931519 0.008269964717328548 0.01167398039251566
v 0.09237699955701828 0.008108972571790218 0.011121979914605618
v 0.09338200092315674 0.008291958831250668 0.011716959998011589
v 0.07505898922681808 0.008140981197357178 0.01125096995383501
v 0.09185200184583664 0.00790095329284668 0.010475990362465382
v 0.09237699955701828 0.008108972571790218 0.011121979914605618
v 0.08657795190811157 0.005645989906042814 -0.00956499483436346
v 0.07502198219299316 0.005663990043103695 -0.009571968577802181
v 0.07501094788312912 0.005984961055219173 -0.009652972221374512
v 0.08308196067810059 0.004782973788678646 0.009600996039807796
v 0.0752829909324646 0.0048059821128845215 0.009570956230163574
v 0.07528995722532272 0.004698990844190121 0.009550987742841244
v 0.08308196067810059 0.004782973788678646 0.009600996039807796
v 0.07528995722532272 0.004698990844190121 0.009550987742841244
v 0.07531899213790894 0.004268943797796965 0.009343980811536312
v 0.08652298897504807 0.004837988875806332 -0.008813977241516113
v 0.07505898922681808 0.004834949038922787 -0.008830963633954525
v 0.07505594938993454 0.004877984058111906 -0.008911967277526855
v 0.07769495248794556 -0.0019999740179628134 -0.025331970304250717
v 0.07493597269058228 -0.0019999740179628134 -0.025303950533270836
v 0.07492899149656296 -0.002047955058515072 -0.025663970038294792
v 0.07632899284362793 -0.022299999371170998 0.018342969939112663
v -0.0019209979800507426 0.011594950221478939 0.024194950237870216
v -0.001842975034378469 0.017726000398397446 0.024038970470428467
v -0.0022429819218814373 0.01827996037900448 0.024149000644683838
v 0.07518898695707321 0.005999981891363859 0.006831943057477474
v 0.08308196067810059 0.006185947917401791 0.007237969897687435
v 0.08308196067810059 0.005999981891363859 0.006831943057477474
v 0.019837969914078712 0.0168379507958889 0.008831976912915707
v 0.019840950146317482 0.016824960708618164 0.00882798433303833
v 0.019838979467749596 0.016824960708618164 0.008830963633954525
v 0.005711971782147884 0.013284980319440365 0.02377294935286045
v 0.006162940990179777 0.01377295982092619 0.023888999596238136
v 0.005778967868536711 0.014060970395803452 0.02376299910247326
v 0.083297960460186 0.006620943080633879 -0.007405995856970549
v 0.07503198832273483 0.006338953040540218 -0.007247983943670988
v 0.08335196226835251 0.0062839980237185955 -0.0072119832038879395
v 0.0034979579504579306 0.011808989569544792 -0.024190960451960564
v 0.0034519429318606853 0.013284980319440365 -0.024143990129232407
v 0.003662942908704281 0.013284980319440365 -0.024182969704270363
v 0.005137979052960873 0.013285989873111248 -0.02664094977080822
v 0.005171954166144133 0.01173597015440464 -0.026672950014472008
v 0.004622994922101498 0.011736979708075523 -0.026434950530529022
v 0.004622994922101498 0.011736979708075523 -0.026434950530529022
v 0.004601954948157072 0.013286939822137356 -0.026365989819169044
v 0.005137979052960873 0.013285989873111248 -0.02664094977080822
v 0.008667944930493832 0.011808989569544792 -0.022852949798107147
v 0.008301973342895508 0.013284980319440365 -0.023418959230184555
v 0.008535981178283691 0.013284980319440365 -0.022915000095963478
v 0.010791949927806854 0.011833960190415382 0.021866969764232635
v 0.010710950009524822 0.013286939822137356 0.02187996916472912
v 0.010679960250854492 0.013286939822137356 0.0219039898365736
v 0.010502990335226059 0.011753969825804234 0.025087950751185417
v 0.010835940018296242 0.011753969825804234 0.024626970291137695
v 0.010843990370631218 0.013286939822137356 0.024520989507436752
v 0.00675994111225009 0.013285989873111248 0.025722980499267578
v 0.0067479610443115234 0.011757959611713886 0.02574199065566063
v 0.0073699951171875 0.013286939822137356 0.026074999943375587
v 0.005539000034332275 0.013284980319440365 0.02375096082687378
v 0.005778967868536711 0.014060970395803452 0.02376299910247326
v 0.0055019850842654705 0.0144729595631361 0.02371698059141636
v -0.01999294012784958 0.011584989726543427 -0.013762949965894222
v -0.019880950450897217 0.017835969105362892 -0.013751979917287827
v -0.019740989431738853 0.018278950825333595 -0.014122960157692432
v -0.019740989431738853 0.018278950825333595 -0.014122960157692432
v -0.019861990585923195 0.011553999967873096 -0.014155980199575424
v -0.01999294012784958 0.011584989726543427 -0.013762949965894222
v -0.026289990171790123 0.013285989873111248 0.006575942039489746
v -0.02633398026227951 0.011694960296154022 0.006572960875928402
v -0.025985000655055046 0.011729000136256218 0.00690799904987216
v -0.025664979591965675 0.011781989596784115 0.0069779749028384686
v -0.025801949203014374 0.013285989873111248 0.006916998885571957
v -0.025985000655055046 0.011729000136256218 0.00690799904987216
v -0.026323970407247543 0.011709979735314846 -0.006590961944311857
v -0.02629196085035801 0.013285989873111248 -0.0065669408068060875
v -0.02584999054670334 0.011747949756681919 -0.006936966907233
v -0.02629196085035801 0.013285989873111248 -0.0065669408068060875
v -0.02586298994719982 0.013285989873111248 -0.006903945934027433
v -0.02584999054670334 0.011747949756681919 -0.006936966907233
v 0.07769495248794556 -0.0019999740179628134 -0.025331970304250717
v 0.07491999119520187 -0.002058981917798519 -0.026279980316758156
v 0.07889997214078903 -0.0019999740179628134 -0.026355979964137077
v 0.017979970201849937 0.01681298017501831 -0.013063959777355194
v 0.016566989943385124 0.01162797026336193 -0.014716980047523975
v 0.019479990005493164 0.011573970317840576 -0.010354990139603615
v 0.07886999100446701 -0.022299999371170998 -0.010478969663381577
v 0.07479798048734665 -0.022299999371170998 -0.0051139588467776775
v 0.07975596189498901 -0.022299999371170998 -0.005265951156616211
v 0.019840950146317482 0.016824960708618164 -0.00882798433303833
v 0.02016800083220005 0.011563950218260288 -0.008789955638349056
v 0.02085494063794613 0.011544999666512012 -0.007249950896948576
v 0.019837969914078712 0.0168379507958889 0.008831976912915707
v 0.01983696036040783 0.016824960708618164 0.008835971355438232
v 0.017979970201849937 0.01681298017501831 0.013063959777355194
v -0.006859958171844482 0.0168379507958889 0.021112969145178795
v -0.004020988009870052 0.011692999862134457 0.021521979942917824
v -0.00788795854896307 0.011626950465142727 0.020750990137457848
v -0.006859958171844482 0.0168379507958889 0.021112969145178795
v -0.009388983249664307 0.011633990332484245 0.01988399028778076
v -0.010856980457901955 0.0168379507958889 0.018805980682373047
v -0.014854960143566132 0.0168379507958889 -0.016497960314154625
v -0.013855990022420883 0.011690969578921795 -0.01689797081053257
v -0.010856980457901955 0.0168379507958889 -0.018805980682373047
v -0.010856980457901955 0.0168379507958889 -0.018805980682373047
v -0.009363949298858643 0.01167398039251566 -0.01976197026669979
v -0.006859958171844482 0.0168379507958889 -0.021112969145178795
v 0.07664400339126587 -0.022310970351099968 -0.018252959474921227
v 0.07457994669675827 -0.022299999371170998 -0.012453969568014145
v 0.07629799097776413 -0.02187298983335495 -0.020364990457892418
v 0.07439500093460083 -0.022031959146261215 -0.0198819600045681
v 0.07665199041366577 -0.02205996960401535 -0.019804000854492188
v 0.0788639709353447 -0.022299999371170998 0.01050496008247137
v 0.07524698227643967 -0.022299999371170998 0.01000296976417303
v 0.0766260027885437 -0.02135198935866356 -0.02120094932615757
v 0.0743979811668396 -0.021248990669846535 -0.021319979801774025
v 0.07439594715833664 -0.021430959925055504 -0.02106695994734764
v 0.07626795023679733 -0.02021997980773449 -0.022300949320197105
v 0.07443194836378098 -0.019499950110912323 -0.022716989740729332
v 0.07441496104001999 -0.020277969539165497 -0.022260960191488266
v 0.07629799097776413 -0.02187298983335495 -0.020364990457892418
v 0.07439594715833664 -0.021430959925055504 -0.02106695994734764
v 0.07439296692609787 -0.02187298983335495 -0.02035796083509922
v 0.07627201080322266 -0.020663969218730927 -0.02204197086393833
v -0.01022696029394865 0.010214979760348797 0.027937939390540123
v -0.009804964065551758 0.010214979760348797 0.028036950156092644
v -0.010174980387091637 0.010434979572892189 0.02779597043991089
v 0.00861894991248846 0.011743959970772266 -0.0255849901586771
v 0.01790595054626465 0.011482950299978256 -0.016562990844249725
v 0.02226400002837181 0.01049994956701994 -0.021122990176081657
v -0.02713196910917759 0.010389979928731918 0.012026960030198097
v -0.027059970423579216 0.010458939708769321 0.01198595017194748
v -0.028649980202317238 0.010480989702045918 0.007131992839276791
v -0.030084960162639618 0.0 0.0016009799437597394
v -0.029213959351181984 0.0 -0.006593942176550627
v -0.029872000217437744 -0.007328987121582031 0.0
v -0.028649980202317238 0.010480989702045918 0.007131992839276791
v -0.029565980657935143 0.010448990389704704 0.0
v -0.028825990855693817 0.010263970121741295 0.0072019691579043865
v -0.029565980657935143 0.010448990389704704 0.0
v -0.029751000925898552 0.010214979760348797 0.0
v -0.028825990855693817 0.010263970121741295 0.0072019691579043865
v -0.028301000595092773 -0.018092980608344078 0.007265985012054443
v -0.027098000049591064 -0.028809959068894386 0.006961940787732601
v -0.027059970423579216 -0.028809959068894386 0.007250964175909758
v -0.02406894974410534 0.012086980044841766 -0.001453995006158948
v -0.02406894974410534 0.01208799984306097 0.001453995006158948
v -0.025364989414811134 0.012086980044841766 -0.004056990146636963
v -0.029565980657935143 0.010448990389704704 0.0
v -0.02863997034728527 0.010483980178833008 -0.007129967212677002
v -0.028817949816584587 0.010273990221321583 -0.007202981971204281
v -0.016566989943385124 0.010448990389704704 0.024483969435095787
v -0.022065989673137665 0.010338960215449333 0.019823959097266197
v -0.02193599008023739 0.010214979760348797 0.020053980872035027
v -0.0031599989160895348 0.010245970450341702 -0.029577970504760742
v -0.010173969902098179 0.010434979572892189 -0.02779597043991089
v -0.003153979079797864 0.010438970290124416 -0.02942699007689953
v 0.007137953769415617 -0.029347000643610954 -0.026638979092240334
v 0.0 -0.029338950291275978 -0.027598969638347626
v 0.005223989021033049 -0.028809959068894386 -0.027326999232172966
v -0.024038970470428467 0.0 -0.018432969227433205
v -0.024858949705958366 0.0 -0.017162969335913658
v -0.024746950715780258 0.003641963005065918 -0.01710294932126999
v -0.026683980599045753 0.011834969744086266 0.00525397015735507
v -0.029565980657935143 0.010448990389704704 0.0
v -0.028649980202317238 0.010480989702045918 0.007131992839276791
v 0.0 -0.029338950291275978 -0.027598969638347626
v -0.007045983802527189 -0.02949994057416916 -0.026293989270925522
v -0.007180987857282162 -0.029276959598064423 -0.026797950267791748
v 0.004686951171606779 0.007328987121582031 0.02950197085738182
v 0.01635395921766758 0.0070829978212714195 0.02707999013364315
v 0.004230976104736328 0.010261950083076954 0.029395990073680878
v 0.013710970059037209 -0.029450949281454086 -0.023748990148305893
v 0.007137953769415617 -0.029347000643610954 -0.026638979092240334
v 0.013937950134277344 -0.029161980375647545 -0.02414095029234886
v -0.029872000217437744 0.007328987121582031 0.0
v -0.028817949816584587 0.010273990221321583 -0.007202981971204281
v -0.028875939548015594 0.007328987121582031 -0.007533967029303312
v -0.007180987857282162 -0.029276959598064423 -0.026797950267791748
v -0.013702980242669582 -0.029455000534653664 -0.023733969777822495
v -0.013937950134277344 -0.029161980375647545 -0.02414095029234886
v -0.027189970016479492 0.010262959636747837 -0.012060989625751972
v -0.028817949816584587 0.010273990221321583 -0.007202981971204281
v -0.027129940688610077 0.010390990413725376 -0.01202594954520464
v -0.027182990685105324 0.010281980037689209 0.012056940235197544
v -0.02713196910917759 0.010389979928731918 0.012026960030198097
v -0.028825990855693817 0.010263970121741295 0.0072019691579043865
v -0.022065989673137665 0.010338960215449333 0.019823959097266197
v -0.023909980431199074 0.010440940037369728 0.01744198054075241
v -0.02403998002409935 0.010261950083076954 0.01751697063446045
v -0.029751000925898552 0.010214979760348797 0.0
v -0.029565980657935143 0.010448990389704704 0.0
v -0.028817949816584587 0.010273990221321583 -0.007202981971204281
v -0.022131970152258873 0.010214979760348797 0.019882969558238983
v -0.022065989673137665 0.010338960215449333 0.019823959097266197
v -0.02403998002409935 0.010261950083076954 0.01751697063446045
v -0.022065989673137665 0.010338960215449333 0.019823959097266197
v -0.022131970152258873 0.010214979760348797 0.019882969558238983
v -0.02193599008023739 0.010214979760348797 0.020053980872035027
v -0.016566989943385124 0.010448990389704704 0.024483969435095787
v -0.02193599008023739 0.010214979760348797 0.020053980872035027
v -0.01650499925017357 0.010214979760348797 0.024726979434490204
v -0.010174980387091637 0.010434979572892189 0.02779597043991089
v -0.016566989943385124 0.010448990389704704 0.024483969435095787
v -0.01650499925017357 0.010214979760348797 0.024726979434490204
v -0.01022696029394865 0.010214979760348797 0.027937939390540123
v -0.010174980387091637 0.010434979572892189 0.02779597043991089
v -0.01650499925017357 0.010214979760348797 0.024726979434490204
v -0.02197498083114624 0.01047694031149149 -0.01974296011030674
v -0.016566989943385124 0.010448990389704704 -0.024483969435095787
v -0.022013960406184196 0.010288950055837631 -0.01991599053144455
v -0.02713196910917759 0.010389979928731918 0.012026960030198097
v -0.028649980202317238 0.010480989702045918 0.007131992839276791
v -0.028825990855693817 0.010263970121741295 0.0072019691579043865
v -0.016566989943385124 0.010448990389704704 0.024483969435095787
v -0.021963000297546387 0.010480989702045918 0.01973198913037777
v -0.022065989673137665 0.010338960215449333 0.019823959097266197
v -0.021963000297546387 0.010480989702045918 0.01973198913037777
v -0.023909980431199074 0.010440940037369728 0.01744198054075241
v -0.022065989673137665 0.010338960215449333 0.019823959097266197
v -0.0031599989160895348 0.010245970450341702 -0.029577970504760742
v 0.0031499860342592 0.01026999019086361 -0.029573969542980194
v -0.0026659960858523846 0.007328987121582031 -0.029752960428595543
v 0.02414095029234886 -0.029161980375647545 0.013937950134277344
v 0.026638979092240334 -0.029347000643610954 0.007137953769415617
v 0.027059970423579216 -0.028809959068894386 0.007250964175909758
v -0.010013990104198456 0.00792699959129095 -0.02943396009504795
v -0.0031599989160895348 0.010245970450341702 -0.029577970504760742
v -0.0026659960858523846 0.007328987121582031 -0.029752960428595543
v -0.013702980242669582 -0.029455000534653664 0.023733969777822495
v -0.007045983802527189 -0.02949994057416916 0.026293989270925522
v -0.007180987857282162 -0.029276959598064423 0.026797950267791748
v 0.027578940615057945 -0.029347000643610954 0.0
v 0.026293989270925522 -0.02949994057416916 -0.007045983802527189
v 0.026797950267791748 -0.029276959598064423 -0.007180987857282162
v -0.016045980155467987 0.0 -0.02782594971358776
v -0.015842970460653305 0.00777697516605258 -0.027557959780097008
v -0.013111939653754234 0.007534979842603207 -0.029080979526042938
v 0.007250964175909758 -0.028809959068894386 0.027059970423579216
v 0.020045990124344826 -0.023465989157557487 0.023552950471639633
v 0.01964895986020565 -0.0218539796769619 0.024222970008850098
v -0.026293989270925522 -0.02949994057416916 -0.007045983802527189
v -0.02758198045194149 -0.029348960146307945 0.0
v -0.026797950267791748 -0.029276959598064423 -0.007180987857282162
v -0.024038970470428467 0.0 -0.018432969227433205
v -0.021105999127030373 0.0 -0.02297299914062023
v -0.02090197056531906 -0.007534979842603207 -0.02280597947537899
v 0.007250964175909758 -0.028809959068894386 -0.027059970423579216
v 0.007137953769415617 -0.029347000643610954 -0.026638979092240334
v 0.005223989021033049 -0.028809959068894386 -0.027326999232172966
v -0.016255969181656837 0.0 0.02532196044921875
v -0.023239970207214355 0.0 0.019171949476003647
v -0.02177596092224121 -0.007328987121582031 0.02044898085296154
v -0.01650499925017357 0.010214979760348797 0.024726979434490204
v -0.022044949233531952 0.007328987121582031 0.020157989114522934
v -0.016449980437755585 0.007328987121582031 0.024934940040111542
v -0.027098000049591064 -0.028809959068894386 -0.006961940787732601
v -0.02801400050520897 -0.028809959068894386 0.0
v -0.028301000595092773 -0.018092980608344078 -0.007265985012054443
v 0.007137953769415617 -0.029347000643610954 0.026638979092240334
v 0.0 -0.028809959068894386 0.02801400050520897
v 0.0 -0.029347000643610954 0.027578940615057945
v -0.02193599008023739 0.010214979760348797 0.020053980872035027
v -0.022131970152258873 0.010214979760348797 0.019882969558238983
v -0.022044949233531952 0.007328987121582031 0.020157989114522934
v -0.02406894974410534 0.01208799984306097 0.001453995006158948
v -0.02719198912382126 0.01208799984306097 0.0
v -0.025364989414811134 0.012086980044841766 -0.004056990146636963
v -0.026638979092240334 -0.029347000643610954 0.007137953769415617
v -0.023748990148305893 -0.029450949281454086 0.013710970059037209
v -0.02414095029234886 -0.029161980375647545 0.013937950134277344
v 0.022711990401148796 0.011482950299978256 -0.008893965743482113
v 0.02841394953429699 0.010507999919354916 -0.009791970252990723
v 0.027640990912914276 0.01050496008247137 -0.013216969557106495
v 0.01621793955564499 -0.0072019691579043865 0.027076000347733498
v 0.005596994888037443 -0.007328987121582031 0.02934294007718563
v 0.01621996983885765 -0.007515965960919857 0.027055969461798668
v -0.010013990104198456 -0.007534979842603207 -0.029586970806121826
v -0.0018759960075840354 -0.007328987121582031 -0.029812989756464958
v -0.0018349880119785666 -0.018092980608344078 -0.02916097082197666
v -0.01650499925017357 0.010214979760348797 0.024726979434490204
v -0.02193599008023739 0.010214979760348797 0.020053980872035027
v -0.022044949233531952 0.007328987121582031 0.020157989114522934
v 0.0031499860342592 0.010271959938108921 0.02957295998930931
v 0.004035948775708675 0.01047694031149149 0.029263969510793686
v 0.0031499860342592 0.010438970290124416 0.029432950541377068
v -0.029213959351181984 0.0 -0.006593942176550627
v -0.030084960162639618 0.0 0.0016009799437597394
v -0.029872000217437744 0.007328987121582031 0.0
v -0.021105999127030373 0.0 -0.02297299914062023
v -0.024633999913930893 0.007328987121582031 -0.017040960490703583
v -0.020845940336585045 0.00777697516605258 -0.022758960723876953
v -0.028864970430731773 -0.007328987121582031 -0.007601975928992033
v -0.025604959577322006 -0.018092980608344078 -0.014075989834964275
v -0.028301000595092773 -0.018092980608344078 -0.007265985012054443
v -0.028817949816584587 0.010273990221321583 -0.007202981971204281
v -0.02699296921491623 0.010483980178833008 -0.011946969665586948
v -0.027129940688610077 0.010390990413725376 -0.01202594954520464
v 0.0038899770006537437 0.0 -0.029875990003347397
v -0.0035409920383244753 0.0 -0.029918959364295006
v -0.0026659960858523846 0.007328987121582031 -0.029752960428595543
v 0.016111960634589195 0.0 0.02736896090209484
v 0.004686951171606779 0.007328987121582031 0.02950197085738182
v 0.0022239680401980877 0.0 0.03004598058760166
v -0.009804964065551758 0.010214979760348797 0.028036950156092644
v -0.01022696029394865 0.010214979760348797 0.027937939390540123
v -0.0098569979891181 0.007328987121582031 0.028198949992656708
v -0.013194969855248928 0.0 -0.029330959543585777
v -0.016045980155467987 0.0 -0.02782594971358776
v -0.013111939653754234 0.007534979842603207 -0.029080979526042938
v -0.022044949233531952 0.007328987121582031 0.020157989114522934
v -0.016255969181656837 0.0 0.02532196044921875
v -0.016449980437755585 0.007328987121582031 0.024934940040111542
v -0.016255969181656837 0.0 0.02532196044921875
v -0.02177596092224121 -0.007328987121582031 0.02044898085296154
v -0.015965990722179413 -0.007328987121582031 0.025240950286388397
v 0.0031499860342592 0.010271959938108921 0.02957295998930931
v 0.0022239680401980877 0.0 0.03004598058760166
v 0.004686951171606779 0.007328987121582031 0.02950197085738182
v 0.0031499860342592 0.010271959938108921 0.02957295998930931
v 0.004686951171606779 0.007328987121582031 0.02950197085738182
v 0.004230976104736328 0.010261950083076954 0.029395990073680878
v -0.010013990104198456 -0.007534979842603207 -0.029586970806121826
v -0.0018349880119785666 -0.018092980608344078 -0.02916097082197666
v 0.0 -0.028809959068894386 -0.02801400050520897
v 0.0040339818224310875 0.010480989702045918 -0.029247989878058434
v 0.0031499860342592 0.01026999019086361 -0.029573969542980194
v 0.0031499860342592 0.010450949892401695 -0.02940499037504196
v -0.02719198912382126 0.01208799984306097 0.0
v -0.026683980599045753 0.011834969744086266 -0.00525397015735507
v -0.025364989414811134 0.012086980044841766 -0.004056990146636963
v -0.013111939653754234 0.007534979842603207 -0.029080979526042938
v -0.015842970460653305 0.00777697516605258 -0.027557959780097008
v -0.013064979575574398 0.00801998283714056 -0.028943000361323357
v -0.023733969777822495 -0.029455000534653664 -0.013702980242669582
v -0.026293989270925522 -0.02949994057416916 -0.007045983802527189
v -0.026797950267791748 -0.029276959598064423 -0.007180987857282162
v -0.02177596092224121 -0.007328987121582031 0.02044898085296154
v -0.021299950778484344 -0.018092980608344078 0.020001940429210663
v -0.015655990689992905 -0.018092980608344078 0.024670949205756187
v 0.013710970059037209 -0.029450949281454086 -0.023748990148305893
v -0.007045983802527189 -0.02949994057416916 -0.026293989270925522
v 0.007137953769415617 -0.029347000643610954 -0.026638979092240334
v -0.01951497048139572 -0.029338950291275978 -0.01951497048139572
v -0.019808940589427948 -0.028809959068894386 -0.019808940589427948
v -0.013937950134277344 -0.029161980375647545 -0.02414095029234886
v -0.02197498083114624 0.01047694031149149 -0.01974296011030674
v -0.015107979997992516 0.011482950299978256 -0.019148999825119972
v -0.016566989943385124 0.010448990389704704 -0.024483969435095787
v -0.007045983802527189 -0.02949994057416916 -0.026293989270925522
v -0.013702980242669582 -0.029455000534653664 -0.023733969777822495
v -0.007180987857282162 -0.029276959598064423 -0.026797950267791748
v 0.007329999934881926 0.011753969825804234 0.026105990633368492
v 0.004035948775708675 0.01047694031149149 0.029263969510793686
v 0.014562959782779217 0.010437959805130959 0.026743939146399498
v -0.007045983802527189 -0.02949994057416916 -0.026293989270925522
v 0.0 -0.029338950291275978 -0.027598969638347626
v 0.007137953769415617 -0.029347000643610954 -0.026638979092240334
v -0.021105999127030373 0.0 -0.02297299914062023
v -0.018866950646042824 0.0 -0.02511996030807495
v -0.02090197056531906 -0.007534979842603207 -0.02280597947537899
v 0.0 -0.029338950291275978 -0.027598969638347626
v 0.0 -0.028809959068894386 -0.02801400050520897
v 0.005223989021033049 -0.028809959068894386 -0.027326999232172966
v 0.010502990335226059 0.011753969825804234 0.025087950751185417
v 0.007329999934881926 0.011753969825804234 0.026105990633368492
v 0.014562959782779217 0.010437959805130959 0.026743939146399498
v 0.014807989820837975 0.010753979906439781 0.024715960025787354
v 0.015815969556570053 0.01070898026227951 0.02360795997083187
v 0.017908990383148193 0.011498980224132538 0.016558999195694923
v 0.013937950134277344 -0.029161980375647545 0.02414095029234886
v 0.0195009708404541 -0.029347000643610954 0.0195009708404541
v 0.019808940589427948 -0.028809959068894386 0.019808940589427948
v 0.003845989005640149 -0.007328987121582031 -0.029452970251441002
v 0.005596994888037443 -0.007328987121582031 -0.02934294007718563
v 0.0054749841801822186 -0.018092980608344078 -0.028701959177851677
v -0.010013990104198456 0.00792699959129095 -0.02943396009504795
v -0.013111939653754234 0.007534979842603207 -0.029080979526042938
v -0.013064979575574398 0.00801998283714056 -0.028943000361323357
v -0.023748990148305893 -0.029450949281454086 0.013710970059037209
v -0.0195009708404541 -0.029347000643610954 0.0195009708404541
v -0.02414095029234886 -0.029161980375647545 0.013937950134277344
v 0.010835940018296242 0.011753969825804234 0.024626970291137695
v 0.01721297949552536 0.01157497987151146 0.017077980563044548
v 0.017161959782242775 0.01157999038696289 0.01711595058441162
v 0.010835940018296242 0.011753969825804234 0.024626970291137695
v 0.017161959782242775 0.01157999038696289 0.01711595058441162
v 0.015660999342799187 0.011643939651548862 0.018234960734844208
v 0.019808940589427948 -0.028809959068894386 0.019808940589427948
v 0.0195009708404541 -0.029347000643610954 0.0195009708404541
v 0.02414095029234886 -0.029161980375647545 0.013937950134277344
v -0.02221398986876011 0.012071959674358368 0.0
v -0.021802959963679314 0.012067969888448715 -0.0019319650018587708
v -0.02406894974410534 0.012086980044841766 -0.001453995006158948
v -0.021286960691213608 0.012058969587087631 -0.0045279860496521
v -0.020878970623016357 0.012050979770720005 -0.006450951099395752
v -0.025364989414811134 0.012086980044841766 -0.004056990146636963
v 0.019808940589427948 -0.028809959068894386 -0.019808940589427948
v 0.014006970450282097 -0.028809959068894386 -0.0242609903216362
v 0.02044898085296154 -0.02417694963514805 -0.023168979212641716
v 0.0034979579504579306 0.011808989569544792 -0.024190960451960564
v 0.0009319999371655285 0.01183598954230547 -0.02217596024274826
v 0.005013941787183285 0.011833960190415382 -0.021363969892263412
v 0.008667944930493832 0.011808989569544792 -0.022852949798107147
v 0.007792949210852385 0.011805949732661247 -0.0205799899995327
v 0.00952595379203558 0.01177894975990057 -0.020018989220261574
v 0.015660999342799187 0.011643939651548862 0.018234960734844208
v 0.010791949927806854 0.011833960190415382 0.021866969764232635
v 0.010835940018296242 0.011753969825804234 0.024626970291137695
v 0.010502990335226059 0.011753969825804234 0.025087950751185417
v 0.010835940018296242 0.011753969825804234 0.024626970291137695
v 0.010635970160365105 0.011790989898145199 0.023609990254044533
v 0.023748990148305893 -0.029450949281454086 0.013710970059037209
v 0.026638979092240334 -0.029347000643610954 0.007137953769415617
v 0.02414095029234886 -0.029161980375647545 0.013937950134277344
v 0.014779980294406414 0.010433970019221306 -0.02674596942961216
v 0.00422698212787509 0.010267970152199268 -0.029392000287771225
v 0.0040339818224310875 0.010480989702045918 -0.029247989878058434
v 0.016325950622558594 -0.02949994057416916 0.011861969716846943
v 0.013710970059037209 -0.029450949281454086 0.023748990148305893
v 0.010089989751577377 -0.02949994057416916 0.01747596077620983
v 0.008667944930493832 0.011808989569544792 -0.022852949798107147
v 0.022711990401148796 0.011482950299978256 -0.008893965743482113
v 0.020667970180511475 0.011482950299978256 -0.012952979654073715
v 0.008783996105194092 0.01175296027213335 -0.024892980232834816
v 0.008797942660748959 0.011751939542591572 -0.024931959807872772
v 0.008791983127593994 0.011750989593565464 -0.024956999346613884
v 0.00861894991248846 0.011743959970772266 -0.0255849901586771
v 0.0144879799336195 0.011601979844272137 -0.019614990800619125
v 0.014520999975502491 0.011599949561059475 -0.019594959914684296
v 0.007250964175909758 -0.028809959068894386 -0.027059970423579216
v 0.020055940374732018 -0.023464970290660858 -0.023552000522613525
v 0.02044898085296154 -0.02417694963514805 -0.023168979212641716
v 0.019808940589427948 -0.028809959068894386 0.019808940589427948
v 0.0220409594476223 -0.02460997924208641 0.021209949627518654
v 0.02066498063504696 -0.024471990764141083 0.02270095981657505
v 0.02414095029234886 -0.029161980375647545 -0.013937950134277344
v 0.02583896927535534 -0.024516990408301353 -0.014972980134189129
v 0.027059970423579216 -0.028809959068894386 -0.007250964175909758
v 0.026797950267791748 -0.029276959598064423 -0.007180987857282162
v 0.02414095029234886 -0.029161980375647545 -0.013937950134277344
v 0.027059970423579216 -0.028809959068894386 -0.007250964175909758
v -0.0018759960075840354 -0.007328987121582031 -0.029812989756464958
v 0.0038899770006537437 0.0 -0.029875990003347397
v -0.013111939653754234 0.007534979842603207 -0.029080979526042938
v -0.010013990104198456 0.0 -0.029850000515580177
v -0.013194969855248928 0.0 -0.029330959543585777
v -0.01650499925017357 0.010214979760348797 0.024726979434490204
v -0.016449980437755585 0.007328987121582031 0.024934940040111542
v -0.01022696029394865 0.010214979760348797 0.027937939390540123
v -0.026277950033545494 0.010231969878077507 0.013946950435638428
v -0.023909980431199074 0.010440940037369728 0.01744198054075241
v -0.027059970423579216 0.010458939708769321 0.01198595017194748
v -0.02713196910917759 0.010389979928731918 0.012026960030198097
v -0.026277950033545494 0.010231969878077507 0.013946950435638428
v -0.027059970423579216 0.010458939708769321 0.01198595017194748
v -0.023909980431199074 0.010440940037369728 0.01744198054075241
v -0.021963000297546387 0.010480989702045918 0.01973198913037777
v -0.025985000655055046 0.011729000136256218 0.00690799904987216
v 0.008361995220184326 0.01179599016904831 -0.023526959121227264
v 0.008365987800061703 0.01179599016904831 -0.023534949868917465
v 0.004093945026397705 0.011799990199506283 -0.02463299036026001
v -0.007045983802527189 -0.02949994057416916 0.026293989270925522
v 0.010089989751577377 -0.02949994057416916 0.01747596077620983
v 0.013710970059037209 -0.029450949281454086 0.023748990148305893
v -0.013064979575574398 0.00801998283714056 -0.028943000361323357
v -0.016566989943385124 0.010448990389704704 -0.024483969435095787
v -0.010173969902098179 0.010434979572892189 -0.02779597043991089
v -0.013064979575574398 0.00801998283714056 -0.028943000361323357
v -0.010173969902098179 0.010434979572892189 -0.02779597043991089
v -0.0031599989160895348 0.010245970450341702 -0.029577970504760742
v -0.013064979575574398 0.00801998283714056 -0.028943000361323357
v -0.0031599989160895348 0.010245970450341702 -0.029577970504760742
v -0.010013990104198456 0.00792699959129095 -0.02943396009504795
v -0.02090197056531906 -0.007534979842603207 -0.02280597947537899
v -0.014006970450282097 -0.028809959068894386 -0.0242609903216362
v -0.019808940589427948 -0.028809959068894386 -0.019808940589427948
v -0.013937950134277344 -0.029161980375647545 0.02414095029234886
v -0.007250964175909758 -0.028809959068894386 0.027059970423579216
v -0.014006970450282097 -0.028809959068894386 0.0242609903216362
v 0.014006970450282097 -0.028809959068894386 0.0242609903216362
v 0.02044898085296154 -0.024187980219721794 0.023160990327596664
v 0.007250964175909758 -0.028809959068894386 0.027059970423579216
v -0.027059970423579216 -0.028809959068894386 0.007250964175909758
v -0.02414095029234886 -0.029161980375647545 0.013937950134277344
v -0.0242609903216362 -0.028809959068894386 0.014006970450282097
v -0.016045980155467987 0.0 -0.02782594971358776
v -0.013111939653754234 -0.007534979842603207 -0.029080979526042938
v -0.015886960551142693 -0.007534979842603207 -0.02761596068739891
v 0.026638979092240334 -0.029347000643610954 0.007137953769415617
v 0.02801400050520897 -0.028809959068894386 0.0
v 0.027059970423579216 -0.028809959068894386 0.007250964175909758
v 0.0 -0.028809959068894386 0.02801400050520897
v 0.007250964175909758 -0.028809959068894386 0.027059970423579216
v 0.0054749841801822186 -0.018092980608344078 0.028701959177851677
v -0.026293989270925522 -0.02949994057416916 -0.007045983802527189
v -0.013702980242669582 -0.029455000534653664 -0.023733969777822495
v -0.007045983802527189 -0.02949994057416916 -0.026293989270925522
v 0.0054749841801822186 -0.018092980608344078 0.028701959177851677
v 0.005596994888037443 -0.007328987121582031 0.02934294007718563
v 0.0022239680401980877 0.0 0.03004598058760166
v 0.010089989751577377 -0.02949994057416916 -0.01747596077620983
v -0.007045983802527189 -0.02949994057416916 -0.026293989270925522
v 0.013710970059037209 -0.029450949281454086 -0.023748990148305893
v -0.0018349880119785666 -0.018092980608344078 0.02916097082197666
v 0.0054749841801822186 -0.018092980608344078 0.028701959177851677
v 0.0022239680401980877 0.0 0.03004598058760166
v -0.0018759960075840354 -0.007328987121582031 0.029812989756464958
v -0.0018349880119785666 -0.018092980608344078 0.02916097082197666
v 0.0022239680401980877 0.0 0.03004598058760166
v -0.007045983802527189 -0.02949994057416916 0.026293989270925522
v 0.013710970059037209 -0.029450949281454086 0.023748990148305893
v 0.007137953769415617 -0.029347000643610954 0.026638979092240334
v -0.007045983802527189 -0.02949994057416916 0.026293989270925522
v 0.007137953769415617 -0.029347000643610954 0.026638979092240334
v 0.0 -0.029347000643610954 0.027578940615057945
v -0.02801400050520897 -0.028809959068894386 0.0
v -0.0026659960858523846 0.007328987121582031 0.029752960428595543
v 0.0022239680401980877 0.0 0.03004598058760166
v 0.0031499860342592 0.010271959938108921 0.02957295998930931
v 0.026797950267791748 -0.029276959598064423 -0.007180987857282162
v 0.02801400050520897 -0.028809959068894386 0.0
v 0.027578940615057945 -0.029347000643610954 0.0
v -0.0031569600105285645 0.010255989618599415 0.029575999826192856
v -0.0026659960858523846 0.007328987121582031 0.029752960428595543
v 0.0031499860342592 0.010271959938108921 0.02957295998930931
v -0.007250964175909758 -0.028809959068894386 0.027059970423579216
v 0.0 -0.028809959068894386 0.02801400050520897
v -0.0018349880119785666 -0.018092980608344078 0.02916097082197666
v -0.02584999054670334 0.011747949756681919 -0.006936966907233
v -0.026683980599045753 0.011834969744086266 -0.00525397015735507
v -0.025364989414811134 0.012086980044841766 -0.004056990146636963
v -0.023271970450878143 0.011937970295548439 -0.007387994788587093
v -0.023284969851374626 0.011938979849219322 -0.007370947860181332
v -0.025364989414811134 0.012086980044841766 -0.004056990146636963
v -0.028301000595092773 -0.018092980608344078 0.007265985012054443
v -0.029872000217437744 -0.007328987121582031 0.0
v -0.029218969866633415 -0.018092980608344078 0.0
v -0.01219599973410368 0.011482950299978256 -0.02112399972975254
v -0.015107979997992516 0.011482950299978256 -0.019148999825119972
v -0.025364989414811134 0.012086980044841766 -0.004056990146636963
v -0.0074609508737921715 0.0 0.02915995940566063
v -0.009230971336364746 -0.007328987121582031 0.02840995043516159
v -0.0018759960075840354 -0.007328987121582031 0.029812989756464958
v -0.007045983802527189 -0.02949994057416916 -0.026293989270925522
v -0.018434999510645866 -0.02949994057416916 0.008207975886762142
v -0.026293989270925522 -0.02949994057416916 -0.007045983802527189
v -0.025364989414811134 0.012086980044841766 -0.004056990146636963
v -0.020708970725536346 0.012041980400681496 -0.0073049659840762615
v -0.02066498063504696 0.012037989683449268 -0.007527946960180998
v -0.025364989414811134 0.012086980044841766 -0.004056990146636963
v -0.017610959708690643 0.011813989840447903 -0.012806950137019157
v -0.015385979786515236 0.011690969578921795 -0.016014989465475082
v -0.0074609508737921715 0.0 0.02915995940566063
v -0.0026659960858523846 0.007328987121582031 0.029752960428595543
v -0.0031569600105285645 0.010255989618599415 0.029575999826192856
v -0.0098569979891181 0.007328987121582031 0.028198949992656708
v -0.0074609508737921715 0.0 0.02915995940566063
v -0.0031569600105285645 0.010255989618599415 0.029575999826192856
v -0.0019309519557282329 0.01166194025427103 -0.024199960753321648
v -0.0019409649539738894 0.011660990305244923 -0.024203000590205193
v -0.002324997913092375 0.01163696963340044 -0.024276969954371452
v 0.00461196806281805 0.011736979708075523 -0.026429949328303337
v 0.004622994922101498 0.011736979708075523 -0.026434950530529022
v -0.004728971980512142 0.011559960432350636 -0.02387499064207077
v -0.0031569600105285645 0.010255989618599415 0.029575999826192856
v -0.0195009708404541 -0.029347000643610954 0.0195009708404541
v -0.013702980242669582 -0.029455000534653664 0.023733969777822495
v -0.013937950134277344 -0.029161980375647545 0.02414095029234886
v -0.013702980242669582 -0.029455000534653664 -0.023733969777822495
v -0.01951497048139572 -0.029338950291275978 -0.01951497048139572
v -0.013937950134277344 -0.029161980375647545 -0.02414095029234886
v -0.0242609903216362 -0.028809959068894386 0.014006970450282097
v -0.021299950778484344 -0.018092980608344078 0.020001940429210663
v -0.025604959577322006 -0.018092980608344078 0.014075989834964275
v 0.026293989270925522 -0.02949994057416916 -0.007045983802527189
v 0.023733969777822495 -0.029455000534653664 -0.013702980242669582
v 0.026797950267791748 -0.029276959598064423 -0.007180987857282162
v -0.02758198045194149 -0.029348960146307945 0.0
v -0.02801400050520897 -0.028809959068894386 0.0
v -0.026797950267791748 -0.029276959598064423 -0.007180987857282162
v -0.0018349880119785666 -0.018092980608344078 -0.02916097082197666
v -0.015965990722179413 -0.007328987121582031 0.025240950286388397
v -0.02177596092224121 -0.007328987121582031 0.02044898085296154
v -0.015655990689992905 -0.018092980608344078 0.024670949205756187
v 0.0195009708404541 -0.029347000643610954 -0.0195009708404541
v 0.013710970059037209 -0.029450949281454086 -0.023748990148305893
v 0.013937950134277344 -0.029161980375647545 -0.02414095029234886
v -0.007045983802527189 -0.02949994057416916 0.026293989270925522
v 0.0 -0.029347000643610954 0.027578940615057945
v -0.007180987857282162 -0.029276959598064423 0.026797950267791748
v -0.02801400050520897 -0.028809959068894386 0.0
v -0.027098000049591064 -0.028809959068894386 -0.006961940787732601
v -0.026797950267791748 -0.029276959598064423 -0.007180987857282162
v -0.01951497048139572 -0.029338950291275978 -0.01951497048139572
v -0.023733969777822495 -0.029455000534653664 -0.013702980242669582
v -0.02414095029234886 -0.029161980375647545 -0.013937950134277344
v -0.024858949705958366 0.0 -0.017162969335913658
v -0.024038970470428467 0.0 -0.018432969227433205
v -0.024746950715780258 -0.003641963005065918 -0.01710294932126999
v -0.028864970430731773 -0.007328987121582031 -0.007601975928992033
v -0.029074959456920624 0.0 -0.007894991897046566
v -0.026176979765295982 -0.007328987121582031 -0.014391000382602215
v -0.013937950134277344 -0.029161980375647545 0.02414095029234886
v -0.013702980242669582 -0.029455000534653664 0.023733969777822495
v -0.007180987857282162 -0.029276959598064423 0.026797950267791748
v -0.021299950778484344 -0.018092980608344078 0.020001940429210663
v -0.019808940589427948 -0.028809959068894386 0.019808940589427948
v -0.015655990689992905 -0.018092980608344078 0.024670949205756187
v -0.009028971195220947 -0.018092980608344078 0.02778898924589157
v -0.015655990689992905 -0.018092980608344078 0.024670949205756187
v -0.014006970450282097 -0.028809959068894386 0.0242609903216362
v 0.0054749841801822186 -0.018092980608344078 0.028701959177851677
v -0.0018349880119785666 -0.018092980608344078 0.02916097082197666
v 0.0 -0.028809959068894386 0.02801400050520897
v 0.0054749841801822186 -0.018092980608344078 -0.028701959177851677
v 0.007250964175909758 -0.028809959068894386 -0.027059970423579216
v 0.005223989021033049 -0.028809959068894386 -0.027326999232172966
v -0.027059970423579216 -0.028809959068894386 -0.007250964175909758
v -0.02801400050520897 -0.028809959068894386 0.0
v -0.029218969866633415 -0.018092980608344078 0.0
v -0.028301000595092773 -0.018092980608344078 -0.007265985012054443
v -0.028301000595092773 -0.018092980608344078 0.007265985012054443
v -0.027059970423579216 -0.028809959068894386 0.007250964175909758
v -0.025604959577322006 -0.018092980608344078 0.014075989834964275
v -0.007250964175909758 -0.028809959068894386 0.027059970423579216
v -0.0018349880119785666 -0.018092980608344078 0.02916097082197666
v -0.009028971195220947 -0.018092980608344078 0.02778898924589157
v -0.0018349880119785666 -0.018092980608344078 -0.02916097082197666
v -0.028864970430731773 -0.007328987121582031 -0.007601975928992033
v -0.026176979765295982 -0.007328987121582031 -0.014391000382602215
v -0.025604959577322006 -0.018092980608344078 -0.014075989834964275
v 0.023733969777822495 -0.029455000534653664 -0.013702980242669582
v 0.0195009708404541 -0.029347000643610954 -0.0195009708404541
v 0.02414095029234886 -0.029161980375647545 -0.013937950134277344
v 0.007137953769415617 -0.029347000643610954 0.026638979092240334
v 0.013710970059037209 -0.029450949281454086 0.023748990148305893
v 0.013937950134277344 -0.029161980375647545 0.02414095029234886
v 0.013710970059037209 -0.029450949281454086 0.023748990148305893
v 0.0195009708404541 -0.029347000643610954 0.0195009708404541
v 0.013937950134277344 -0.029161980375647545 0.02414095029234886
v 0.0195009708404541 -0.029347000643610954 0.0195009708404541
v 0.023748990148305893 -0.029450949281454086 0.013710970059037209
v 0.02414095029234886 -0.029161980375647545 0.013937950134277344
v 0.023733969777822495 -0.029455000534653664 -0.013702980242669582
v 0.02414095029234886 -0.029161980375647545 -0.013937950134277344
v 0.026797950267791748 -0.029276959598064423 -0.007180987857282162
v -0.02414095029234886 -0.029161980375647545 -0.013937950134277344
v -0.023733969777822495 -0.029455000534653664 -0.013702980242669582
v -0.026797950267791748 -0.029276959598064423 -0.007180987857282162
v -0.027059970423579216 -0.028809959068894386 -0.007250964175909758
v -0.02414095029234886 -0.029161980375647545 -0.013937950134277344
v -0.026797950267791748 -0.029276959598064423 -0.007180987857282162
v -0.027059970423579216 -0.028809959068894386 -0.007250964175909758
v -0.024372989311814308 -0.028809959068894386 -0.013737970031797886
v -0.02414095029234886 -0.029161980375647545 -0.013937950134277344
v -0.027098000049591064 -0.028809959068894386 0.006961940787732601
v -0.026638979092240334 -0.029347000643610954 0.007137953769415617
v -0.027059970423579216 -0.028809959068894386 0.007250964175909758
v -0.027098000049591064 -0.028809959068894386 -0.006961940787732601
v -0.027059970423579216 -0.028809959068894386 -0.007250964175909758
v -0.026797950267791748 -0.029276959598064423 -0.007180987857282162
v -0.009028971195220947 -0.018092980608344078 0.02778898924589157
v -0.015965990722179413 -0.007328987121582031 0.025240950286388397
v -0.015655990689992905 -0.018092980608344078 0.024670949205756187
v 0.00422698212787509 0.010267970152199268 -0.029392000287771225
v 0.01629096083343029 0.007185995113104582 -0.027077969163656235
v 0.018231980502605438 0.0037889480590820312 -0.027217980474233627
v 0.004686951171606779 0.007328987121582031 -0.02950197085738182
v 0.019241979345679283 0.00204199505969882 -0.027287960052490234
v 0.01938498020172119 0.0010409950045868754 -0.027327949181199074
v 0.019343970343470573 0.0 -0.02736896090209484
v 0.0038899770006537437 0.0 -0.029875990003347397
v 0.01938498020172119 0.0010409950045868754 -0.027327949181199074
v 0.005596994888037443 -0.007328987121582031 -0.02934294007718563
v 0.020052960142493248 -0.001567958970554173 -0.027305960655212402
v 0.020021969452500343 -0.003917992115020752 -0.02722495049238205
v -0.015107979997992516 0.011482950299978256 0.019148999825119972
v -0.01219599973410368 0.011482950299978256 0.02112399972975254
v -0.025364989414811134 0.012086980044841766 0.004056990146636963
v 0.005596994888037443 -0.007328987121582031 -0.02934294007718563
v 0.019695989787578583 -0.007200955878943205 -0.027076950296759605
v 0.019701950252056122 -0.0076589579693973064 -0.027047989889979362
v 0.0054749841801822186 -0.018092980608344078 -0.028701959177851677
v 0.018666980788111687 -0.011585949920117855 -0.026788940653204918
v 0.01874995045363903 -0.013404959812760353 -0.026554999873042107
v -0.018866950646042824 0.0 -0.02511996030807495
v -0.015842970460653305 0.00777697516605258 -0.027557959780097008
v -0.016045980155467987 0.0 -0.02782594971358776
v -0.015965990722179413 -0.007328987121582031 0.025240950286388397
v -0.012939980253577232 0.0 0.026820000261068344
v -0.016255969181656837 0.0 0.02532196044921875
v 0.02860599011182785 -0.024591980502009392 0.0033869741018861532
v 0.028198949992656708 -0.024595970287919044 0.007114945910871029
v 0.02801400050520897 -0.028809959068894386 0.0
v 0.027059970423579216 -0.028809959068894386 0.007250964175909758
v 0.028198949992656708 -0.024595970287919044 0.007114945910871029
v 0.027861950919032097 -0.024598950520157814 0.009670971892774105
v -0.026323970407247543 0.011709979735314846 -0.006590961944311857
v -0.02699296921491623 0.010483980178833008 -0.011946969665586948
v -0.026683980599045753 0.011834969744086266 -0.00525397015735507
v -0.013937950134277344 -0.029161980375647545 -0.02414095029234886
v -0.007250964175909758 -0.028809959068894386 -0.027059970423579216
v -0.007180987857282162 -0.029276959598064423 -0.026797950267791748
v 0.014562959782779217 0.010437959805130959 0.026743939146399498
v 0.018660960718989372 0.010494939982891083 0.02087496966123581
v 0.016326960176229477 0.01049994956701994 0.024021979421377182
v 0.020667970180511475 0.011482950299978256 0.012952979654073715
v 0.02367197908461094 0.010544950142502785 0.013279969803988934
v 0.023773960769176483 0.010539939627051353 0.013089950196444988
v 0.022711990401148796 0.011482950299978256 0.008893965743482113
v 0.026423990726470947 0.010533980093896389 0.008144973777234554
v 0.026613950729370117 0.010532969608902931 0.007770955096930265
v 0.022711990401148796 0.011482950299978256 0.008893965743482113
v 0.026734940707683563 0.010531960055232048 0.007351994048804045
v 0.024015959352254868 0.011482950299978256 0.004265964031219482
v 0.010791949927806854 0.011833960190415382 0.021866969764232635
v 0.022711990401148796 0.011482950299978256 0.008893965743482113
v 0.01657998003065586 0.01167398039251566 0.014702970162034035
v 0.016325950622558594 -0.02949994057416916 0.011861969716846943
v -0.007045983802527189 -0.02949994057416916 0.026293989270925522
v -0.018434999510645866 -0.02949994057416916 0.008207975886762142
v 0.022711990401148796 0.011482950299978256 -0.008893965743482113
v 0.008667944930493832 0.011808989569544792 -0.022852949798107147
v 0.016566989943385124 0.01162797026336193 -0.014716980047523975
v 0.024015959352254868 0.011482950299978256 0.004265964031219482
v 0.02422194927930832 0.011458990164101124 -0.002875983016565442
v 0.024015959352254868 0.011482950299978256 -0.004265964031219482
v 0.010791949927806854 0.011833960190415382 0.021866969764232635
v 0.015257949940860271 0.011714990250766277 0.01587796024978161
v 0.013326999731361866 0.011766970157623291 0.017479000613093376
v -0.02197498083114624 0.01047694031149149 -0.01974296011030674
v -0.026323970407247543 0.011709979735314846 -0.006590961944311857
v -0.02584999054670334 0.011747949756681919 -0.006936966907233
v 0.014006970450282097 -0.028809959068894386 -0.0242609903216362
v 0.007250964175909758 -0.028809959068894386 -0.027059970423579216
v -0.007180987857282162 -0.029276959598064423 -0.026797950267791748
v 0.0 -0.028809959068894386 -0.02801400050520897
v 0.0 -0.029338950291275978 -0.027598969638347626
v 0.027059970423579216 -0.028809959068894386 -0.007250964175909758
v 0.02820098027586937 -0.024562949314713478 -0.007171988021582365
v 0.02801400050520897 -0.028809959068894386 0.0
v 0.019808940589427948 -0.028809959068894386 -0.019808940589427948
v 0.020674999803304672 -0.024471990764141083 -0.022688979282975197
v 0.02067594975233078 -0.024472950026392937 -0.022686950862407684
v 0.027728969231247902 -0.024526000022888184 -0.010069959796965122
v 0.027059970423579216 -0.028809959068894386 -0.007250964175909758
v 0.027689989656209946 -0.024524979293346405 -0.010171939618885517
v 0.02801400050520897 -0.028809959068894386 0.0
v 0.02820098027586937 -0.024562949314713478 -0.007171988021582365
v 0.02861594967544079 -0.0245849397033453 -0.0033909669145941734
v -0.0019209979800507426 0.011594950221478939 0.024194950237870216
v -0.00191497802734375 0.011594950221478939 0.02419297955930233
v -0.0018599620088934898 0.011601979844272137 0.024169979616999626
v 0.0022239680401980877 0.0 0.03004598058760166
v -0.0074609508737921715 0.0 0.02915995940566063
v -0.0018759960075840354 -0.007328987121582031 0.029812989756464958
v 0.0195009708404541 -0.029347000643610954 -0.0195009708404541
v 0.019808940589427948 -0.028809959068894386 -0.019808940589427948
v 0.02414095029234886 -0.029161980375647545 -0.013937950134277344
v 0.016325950622558594 -0.02949994057416916 0.011861969716846943
v 0.026293989270925522 -0.02949994057416916 -0.007045983802527189
v 0.023748990148305893 -0.029450949281454086 0.013710970059037209
v 0.013710970059037209 -0.029450949281454086 -0.023748990148305893
v 0.0195009708404541 -0.029347000643610954 -0.0195009708404541
v 0.023733969777822495 -0.029455000534653664 -0.013702980242669582
v 0.024015959352254868 0.011482950299978256 0.004265964031219482
v 0.026734940707683563 0.010531960055232048 0.007351994048804045
v 0.028409000486135483 0.010508949868381023 -0.008974969387054443
v 0.028409000486135483 0.010508949868381023 -0.008974969387054443
v 0.02842199057340622 0.010507999919354916 -0.009642957709729671
v 0.024388959631323814 0.011410949751734734 5.499999679159373e-05
v 0.005171954166144133 0.01173597015440464 -0.026672950014472008
v 0.004376946948468685 0.01177894975990057 -0.02601896971464157
v 0.00861894991248846 0.011743959970772266 -0.0255849901586771
v 0.024015959352254868 0.011482950299978256 -0.004265964031219482
v 0.02842199057340622 0.010507999919354916 -0.009642957709729671
v 0.02841394953429699 0.010507999919354916 -0.009791970252990723
v 0.019808940589427948 -0.028809959068894386 0.019808940589427948
v 0.014006970450282097 -0.028809959068894386 0.0242609903216362
v 0.013937950134277344 -0.029161980375647545 0.02414095029234886
v -0.021963000297546387 0.010480989702045918 0.01973198913037777
v -0.015107979997992516 0.011482950299978256 0.019148999825119972
v -0.017663000151515007 0.011482950299978256 0.016820959746837616
v -0.02403998002409935 0.010261950083076954 0.01751697063446045
v -0.026277950033545494 0.010231969878077507 0.013946950435638428
v -0.026302989572286606 0.007328987121582031 0.014158960431814194
v 0.0040339818224310875 0.010480989702045918 -0.029247989878058434
v 0.005171954166144133 0.01173597015440464 -0.026672950014472008
v 0.014779980294406414 0.010433970019221306 -0.02674596942961216
v -0.019861990585923195 0.011553999967873096 -0.014155980199575424
v -0.01999497041106224 0.011585949920117855 -0.013756990432739258
v -0.01999294012784958 0.011584989726543427 -0.013762949965894222
v -0.010174980387091637 0.010434979572892189 0.02779597043991089
v -0.01219599973410368 0.011482950299978256 0.02112399972975254
v -0.016566989943385124 0.010448990389704704 0.024483969435095787
v 0.004230976104736328 0.010261950083076954 0.029395990073680878
v 0.014562959782779217 0.010437959805130959 0.026743939146399498
v 0.004035948775708675 0.01047694031149149 0.029263969510793686
v -0.026176979765295982 -0.007328987121582031 -0.014391000382602215
v -0.025397950783371925 0.0 -0.016206970438361168
v -0.024858949705958366 0.0 -0.017162969335913658
v -0.026176979765295982 -0.007328987121582031 -0.014391000382602215
v -0.024858949705958366 0.0 -0.017162969335913658
v -0.024746950715780258 -0.003641963005065918 -0.01710294932126999
v -0.02197498083114624 0.01047694031149149 -0.01974296011030674
v -0.019861990585923195 0.011553999967873096 -0.014155980199575424
v -0.017663000151515007 0.011482950299978256 -0.016820959746837616
v -0.02474099025130272 -0.007516980171203613 -0.016822990030050278
v -0.026176979765295982 -0.007328987121582031 -0.014391000382602215
v -0.02474099025130272 -0.007516980171203613 -0.016822990030050278
v -0.025604959577322006 -0.018092980608344078 -0.014075989834964275
v -0.026683980599045753 0.011834969744086266 0.00525397015735507
v -0.025664979591965675 0.011781989596784115 0.0069779749028384686
v -0.025364989414811134 0.012086980044841766 0.004056990146636963
v -0.021105999127030373 0.0 -0.02297299914062023
v 0.0031499860342592 0.010438970290124416 0.029432950541377068
v 0.004035948775708675 0.01047694031149149 0.029263969510793686
v 0.007329999934881926 0.011753969825804234 0.026105990633368492
v -0.028301000595092773 -0.018092980608344078 0.007265985012054443
v -0.025604959577322006 -0.018092980608344078 0.014075989834964275
v -0.02807294949889183 0.0 0.010935960337519646
v -0.025604959577322006 -0.018092980608344078 0.014075989834964275
v -0.026176979765295982 -0.007328987121582031 0.014391000382602215
v -0.02807294949889183 0.0 0.010935960337519646
v -0.028301000595092773 -0.018092980608344078 0.007265985012054443
v -0.02807294949889183 0.0 0.010935960337519646
v -0.028934000059962273 -0.007328987121582031 0.007428944110870361
v 0.010089989751577377 -0.02949994057416916 -0.01747596077620983
v 0.026293989270925522 -0.02949994057416916 -0.007045983802527189
v -0.0031549930572509766 0.010437959805130959 0.02942699007689953
v 0.0031499860342592 0.010271959938108921 0.02957295998930931
v 0.0031499860342592 0.010438970290124416 0.029432950541377068
v -0.005735992919653654 0.011482950299978256 0.023706970736384392
v -0.009029983542859554 0.011482950299978256 0.022659000009298325
v -0.010174980387091637 0.010434979572892189 0.02779597043991089
v -0.025985000655055046 0.011729000136256218 0.00690799904987216
v -0.025664979591965675 0.011781989596784115 0.0069779749028384686
v -0.026683980599045753 0.011834969744086266 0.00525397015735507
v -0.025604959577322006 -0.018092980608344078 -0.014075989834964275
v -0.027059970423579216 -0.028809959068894386 -0.007250964175909758
v -0.028301000595092773 -0.018092980608344078 -0.007265985012054443
v -0.029872000217437744 -0.007328987121582031 0.0
v -0.029213959351181984 0.0 -0.006593942176550627
v -0.029074959456920624 0.0 -0.007894991897046566
v -0.028864970430731773 -0.007328987121582031 -0.007601975928992033
v -0.029872000217437744 -0.007328987121582031 0.0
v -0.029074959456920624 0.0 -0.007894991897046566
v -0.025397950783371925 0.0 -0.016206970438361168
v -0.026176979765295982 -0.007328987121582031 -0.014391000382602215
v -0.029074959456920624 0.0 -0.007894991897046566
v -0.025397950783371925 0.0 -0.016206970438361168
v -0.029074959456920624 0.0 -0.007894991897046566
v -0.026302989572286606 0.007328987121582031 -0.014158960431814194
v -0.024858949705958366 0.0 -0.017162969335913658
v -0.025397950783371925 0.0 -0.016206970438361168
v -0.026302989572286606 0.007328987121582031 -0.014158960431814194
v -0.024746950715780258 0.003641963005065918 -0.01710294932126999
v -0.024858949705958366 0.0 -0.017162969335913658
v -0.026302989572286606 0.007328987121582031 -0.014158960431814194
v -0.02090197056531906 -0.007534979842603207 -0.02280597947537899
v -0.02474099025130272 -0.007516980171203613 -0.016822990030050278
v -0.024746950715780258 -0.003641963005065918 -0.01710294932126999
v -0.02090197056531906 -0.007534979842603207 -0.02280597947537899
v -0.025604959577322006 -0.018092980608344078 -0.014075989834964275
v -0.02474099025130272 -0.007516980171203613 -0.016822990030050278
v -0.02090197056531906 -0.007534979842603207 -0.02280597947537899
v -0.004728971980512142 0.011559960432350636 -0.02387499064207077
v -0.010173969902098179 0.010434979572892189 -0.02779597043991089
v -0.024372989311814308 -0.028809959068894386 -0.013737970031797886
v -0.025604959577322006 -0.018092980608344078 -0.014075989834964275
v -0.02090197056531906 -0.007534979842603207 -0.02280597947537899
v 0.013937950134277344 -0.029161980375647545 0.02414095029234886
v 0.007250964175909758 -0.028809959068894386 0.027059970423579216
v 0.007137953769415617 -0.029347000643610954 0.026638979092240334
v -0.020340969786047935 -0.028809959068894386 -0.019115980714559555
v -0.024372989311814308 -0.028809959068894386 -0.013737970031797886
v -0.02090197056531906 -0.007534979842603207 -0.02280597947537899
v -0.0026659960858523846 0.007328987121582031 -0.029752960428595543
v 0.0031499860342592 0.01026999019086361 -0.029573969542980194
v 0.0038899770006537437 0.0 -0.029875990003347397
v -0.0242609903216362 -0.028809959068894386 0.014006970450282097
v -0.025604959577322006 -0.018092980608344078 0.014075989834964275
v -0.027059970423579216 -0.028809959068894386 0.007250964175909758
v -0.024372989311814308 -0.028809959068894386 -0.013737970031797886
v -0.020340969786047935 -0.028809959068894386 -0.019115980714559555
v -0.02414095029234886 -0.029161980375647545 -0.013937950134277344
v -0.003153979079797864 0.010438970290124416 -0.02942699007689953
v 0.0031499860342592 0.01026999019086361 -0.029573969542980194
v -0.0031599989160895348 0.010245970450341702 -0.029577970504760742
v -0.028301000595092773 -0.018092980608344078 -0.007265985012054443
v -0.029872000217437744 -0.007328987121582031 0.0
v -0.028864970430731773 -0.007328987121582031 -0.007601975928992033
v -0.019808940589427948 -0.028809959068894386 0.019808940589427948
v -0.013937950134277344 -0.029161980375647545 0.02414095029234886
v -0.014006970450282097 -0.028809959068894386 0.0242609903216362
v -0.013111939653754234 -0.007534979842603207 -0.029080979526042938
v -0.014006970450282097 -0.028809959068894386 -0.0242609903216362
v -0.015886960551142693 -0.007534979842603207 -0.02761596068739891
v -0.0242609903216362 -0.028809959068894386 0.014006970450282097
v -0.019808940589427948 -0.028809959068894386 0.019808940589427948
v -0.021299950778484344 -0.018092980608344078 0.020001940429210663
v -0.021105999127030373 0.0 -0.02297299914062023
v -0.024746950715780258 0.003641963005065918 -0.01710294932126999
v -0.024633999913930893 0.007328987121582031 -0.017040960490703583
v -0.02719198912382126 0.01208799984306097 0.0
v -0.026683980599045753 0.011834969744086266 0.00525397015735507
v -0.025364989414811134 0.012086980044841766 0.004056990146636963
v -0.024746950715780258 0.003641963005065918 -0.01710294932126999
v -0.026302989572286606 0.007328987121582031 -0.014158960431814194
v -0.024633999913930893 0.007328987121582031 -0.017040960490703583
v -0.02584999054670334 0.011747949756681919 -0.006936966907233
v -0.026323970407247543 0.011709979735314846 -0.006590961944311857
v -0.026683980599045753 0.011834969744086266 -0.00525397015735507
v -0.018866950646042824 0.0 -0.02511996030807495
v -0.021105999127030373 0.0 -0.02297299914062023
v -0.020845940336585045 0.00777697516605258 -0.022758960723876953
v -0.021286960691213608 0.012058969587087631 0.0045279860496521
v -0.021637970581650734 0.012070000171661377 0.00287794996984303
v -0.025364989414811134 0.012086980044841766 0.004056990146636963
v -0.009028971195220947 -0.018092980608344078 0.02778898924589157
v -0.0018759960075840354 -0.007328987121582031 0.029812989756464958
v -0.009230971336364746 -0.007328987121582031 0.02840995043516159
v -0.007045983802527189 -0.02949994057416916 -0.026293989270925522
v -0.016566989943385124 0.010448990389704704 -0.024483969435095787
v -0.015107979997992516 0.011482950299978256 -0.019148999825119972
v -0.01219599973410368 0.011482950299978256 -0.02112399972975254
v -0.026176979765295982 -0.007328987121582031 0.014391000382602215
v -0.02177596092224121 -0.007328987121582031 0.02044898085296154
v -0.023239970207214355 0.0 0.019171949476003647
v -0.016566989943385124 0.010448990389704704 0.024483969435095787
v -0.01219599973410368 0.011482950299978256 0.02112399972975254
v -0.015107979997992516 0.011482950299978256 0.019148999825119972
v -0.02807294949889183 0.0 0.010935960337519646
v -0.030084960162639618 0.0 0.0016009799437597394
v -0.028934000059962273 -0.007328987121582031 0.007428944110870361
v -0.023909980431199074 0.010440940037369728 0.01744198054075241
v -0.02633398026227951 0.011694960296154022 0.006572960875928402
v -0.026683980599045753 0.011834969744086266 0.00525397015735507
v -0.025985000655055046 0.011729000136256218 0.00690799904987216
v -0.021963000297546387 0.010480989702045918 0.01973198913037777
v -0.025664979591965675 0.011781989596784115 0.0069779749028384686
v -0.026683980599045753 0.011834969744086266 0.00525397015735507
v 0.006219983100891113 0.011805949732661247 0.02417498081922531
v 0.006227970123291016 0.011804989539086819 0.024184999987483025
v 0.010418949648737907 0.011819950304925442 0.022514989599585533
v 0.016348950564861298 -0.017158979550004005 0.02571099065244198
v 0.01619195006787777 -0.016788000240921974 0.025805950164794922
v 0.0054749841801822186 -0.018092980608344078 0.028701959177851677
v -0.029872000217437744 -0.007328987121582031 0.0
v -0.028934000059962273 -0.007328987121582031 0.007428944110870361
v -0.030084960162639618 0.0 0.0016009799437597394
v -0.029074959456920624 0.0 -0.007894991897046566
v -0.029213959351181984 0.0 -0.006593942176550627
v -0.029872000217437744 0.007328987121582031 0.0
v -0.029074959456920624 0.0 -0.007894991897046566
v -0.029872000217437744 0.007328987121582031 0.0
v -0.028875939548015594 0.007328987121582031 -0.007533967029303312
v -0.029074959456920624 0.0 -0.007894991897046566
v -0.028875939548015594 0.007328987121582031 -0.007533967029303312
v -0.027189970016479492 0.010262959636747837 -0.012060989625751972
v -0.027189970016479492 0.010262959636747837 -0.012060989625751972
v 0.0013599989470094442 0.011814950034022331 0.02208000048995018
v 0.0009180000051856041 0.011796950362622738 0.022166959941387177
v 0.000678999989759177 0.01170498039573431 0.023660000413656235
v -0.026302989572286606 0.007328987121582031 -0.014158960431814194
v -0.027189970016479492 0.010262959636747837 -0.012060989625751972
v -0.026277000084519386 0.010233989916741848 -0.013946950435638428
v -0.020340969786047935 -0.028809959068894386 -0.019115980714559555
v -0.02090197056531906 -0.007534979842603207 -0.02280597947537899
v -0.019808940589427948 -0.028809959068894386 -0.019808940589427948
v -0.02414095029234886 -0.029161980375647545 -0.013937950134277344
v -0.020340969786047935 -0.028809959068894386 -0.019115980714559555
v -0.019808940589427948 -0.028809959068894386 -0.019808940589427948
v 0.005171954166144133 0.01173597015440464 -0.026672950014472008
v 0.00861894991248846 0.011743959970772266 -0.0255849901586771
v 0.014779980294406414 0.010433970019221306 -0.02674596942961216
v -0.02758198045194149 -0.029348960146307945 0.0
v -0.027098000049591064 -0.028809959068894386 0.006961940787732601
v -0.02801400050520897 -0.028809959068894386 0.0
v -0.02414095029234886 -0.029161980375647545 -0.013937950134277344
v -0.019808940589427948 -0.028809959068894386 -0.019808940589427948
v -0.01951497048139572 -0.029338950291275978 -0.01951497048139572
v -0.02414095029234886 -0.029161980375647545 0.013937950134277344
v -0.019808940589427948 -0.028809959068894386 0.019808940589427948
v -0.0242609903216362 -0.028809959068894386 0.014006970450282097
v 0.013937950134277344 -0.029161980375647545 -0.02414095029234886
v 0.007250964175909758 -0.028809959068894386 -0.027059970423579216
v 0.014006970450282097 -0.028809959068894386 -0.0242609903216362
v -0.0195009708404541 -0.029347000643610954 0.0195009708404541
v -0.023748990148305893 -0.029450949281454086 0.013710970059037209
v -0.013702980242669582 -0.029455000534653664 0.023733969777822495
v 0.005596994888037443 -0.007328987121582031 0.02934294007718563
v 0.016111960634589195 0.0 0.02736896090209484
v 0.0022239680401980877 0.0 0.03004598058760166
v -0.0031549930572509766 0.010437959805130959 0.02942699007689953
v 0.0031499860342592 0.010438970290124416 0.029432950541377068
v 0.007329999934881926 0.011753969825804234 0.026105990633368492
v 0.0031499860342592 0.01026999019086361 -0.029573969542980194
v 0.004686951171606779 0.007328987121582031 -0.02950197085738182
v 0.0038899770006537437 0.0 -0.029875990003347397
v -0.019808940589427948 -0.028809959068894386 0.019808940589427948
v -0.014006970450282097 -0.028809959068894386 0.0242609903216362
v -0.015655990689992905 -0.018092980608344078 0.024670949205756187
v -0.020845940336585045 0.00777697516605258 -0.022758960723876953
v -0.024633999913930893 0.007328987121582031 -0.017040960490703583
v -0.024032950401306152 0.010278989560902119 -0.0175129696726799
v 0.01790595054626465 0.011482950299978256 -0.016562990844249725
v 0.026042990386486053 0.010502990335226059 -0.01559894997626543
v 0.02226400002837181 0.01049994956701994 -0.021122990176081657
v -0.024032950401306152 0.010278989560902119 -0.0175129696726799
v -0.026277000084519386 0.010233989916741848 -0.013946950435638428
v -0.023893950507044792 0.010448990389704704 -0.017431970685720444
v -0.029565980657935143 0.010448990389704704 0.0
v -0.026683980599045753 0.011834969744086266 -0.00525397015735507
v -0.02863997034728527 0.010483980178833008 -0.007129967212677002
v -0.020845940336585045 0.00777697516605258 -0.022758960723876953
v -0.024032950401306152 0.010278989560902119 -0.0175129696726799
v -0.02213096059858799 0.010214979760348797 -0.019882969558238983
v -0.019884999841451645 0.011565979570150375 0.014087970368564129
v -0.025664979591965675 0.011781989596784115 0.0069779749028384686
v -0.021963000297546387 0.010480989702045918 0.01973198913037777
v -0.020845940336585045 0.00777697516605258 -0.022758960723876953
v -0.02213096059858799 0.010214979760348797 -0.019882969558238983
v -0.015842970460653305 0.00777697516605258 -0.027557959780097008
v -0.018866950646042824 0.0 -0.02511996030807495
v -0.015886960551142693 -0.007534979842603207 -0.02761596068739891
v -0.02090197056531906 -0.007534979842603207 -0.02280597947537899
v -0.022131970152258873 0.010214979760348797 0.019882969558238983
v -0.023239970207214355 0.0 0.019171949476003647
v -0.022044949233531952 0.007328987121582031 0.020157989114522934
v -0.007180987857282162 -0.029276959598064423 0.026797950267791748
v 0.0 -0.028809959068894386 0.02801400050520897
v -0.007250964175909758 -0.028809959068894386 0.027059970423579216
v -0.023239970207214355 0.0 0.019171949476003647
v -0.022131970152258873 0.010214979760348797 0.019882969558238983
v -0.02403998002409935 0.010261950083076954 0.01751697063446045
v -0.026302989572286606 0.007328987121582031 0.014158960431814194
v -0.023239970207214355 0.0 0.019171949476003647
v -0.02403998002409935 0.010261950083076954 0.01751697063446045
v -0.027182990685105324 0.010281980037689209 0.012056940235197544
v -0.026302989572286606 0.007328987121582031 0.014158960431814194
v -0.026277950033545494 0.010231969878077507 0.013946950435638428
v -0.027182990685105324 0.010281980037689209 0.012056940235197544
v -0.026277950033545494 0.010231969878077507 0.013946950435638428
v -0.02713196910917759 0.010389979928731918 0.012026960030198097
v -0.02896595001220703 0.007328987121582031 0.007300972007215023
v -0.027182990685105324 0.010281980037689209 0.012056940235197544
v -0.028825990855693817 0.010263970121741295 0.0072019691579043865
v -0.02896595001220703 0.007328987121582031 0.007300972007215023
v -0.028825990855693817 0.010263970121741295 0.0072019691579043865
v -0.029751000925898552 0.010214979760348797 0.0
v -0.009804964065551758 0.010214979760348797 0.028036950156092644
v -0.0031569600105285645 0.010255989618599415 0.029575999826192856
v -0.010174980387091637 0.010434979572892189 0.02779597043991089
v -0.030084960162639618 0.0 0.0016009799437597394
v -0.02896595001220703 0.007328987121582031 0.007300972007215023
v -0.029751000925898552 0.010214979760348797 0.0
v 0.013710970059037209 -0.029450949281454086 -0.023748990148305893
v 0.023733969777822495 -0.029455000534653664 -0.013702980242669582
v 0.026293989270925522 -0.02949994057416916 -0.007045983802527189
v -0.029872000217437744 0.007328987121582031 0.0
v -0.030084960162639618 0.0 0.0016009799437597394
v -0.029751000925898552 0.010214979760348797 0.0
v -0.010013990104198456 0.00792699959129095 -0.02943396009504795
v -0.0035409920383244753 0.0 -0.029918959364295006
v -0.010013990104198456 0.0 -0.029850000515580177
v -0.027189970016479492 0.010262959636747837 -0.012060989625751972
v -0.028875939548015594 0.007328987121582031 -0.007533967029303312
v -0.028817949816584587 0.010273990221321583 -0.007202981971204281
v -0.026277000084519386 0.010233989916741848 -0.013946950435638428
v -0.027189970016479492 0.010262959636747837 -0.012060989625751972
v -0.027129940688610077 0.010390990413725376 -0.01202594954520464
v -0.023893950507044792 0.010448990389704704 -0.017431970685720444
v -0.026277000084519386 0.010233989916741848 -0.013946950435638428
v -0.027129940688610077 0.010390990413725376 -0.01202594954520464
v -0.020027989521622658 0.011621950194239616 0.013476960361003876
v -0.02190995030105114 0.011758980341255665 0.010434979572892189
v -0.022186990827322006 0.011766970157623291 0.010119969956576824
v -0.015842970460653305 0.00777697516605258 -0.027557959780097008
v -0.015579990111291409 0.008371949195861816 -0.027209989726543427
v -0.013064979575574398 0.00801998283714056 -0.028943000361323357
v -0.023893950507044792 0.010448990389704704 -0.017431970685720444
v -0.02213096059858799 0.010214979760348797 -0.019882969558238983
v -0.024032950401306152 0.010278989560902119 -0.0175129696726799
v -0.019808940589427948 -0.028809959068894386 -0.019808940589427948
v -0.014006970450282097 -0.028809959068894386 -0.0242609903216362
v -0.013937950134277344 -0.029161980375647545 -0.02414095029234886
v -0.024633999913930893 0.007328987121582031 -0.017040960490703583
v -0.026277000084519386 0.010233989916741848 -0.013946950435638428
v -0.024032950401306152 0.010278989560902119 -0.0175129696726799
v -0.028649980202317238 0.010480989702045918 0.007131992839276791
v -0.027059970423579216 0.010458939708769321 0.01198595017194748
v -0.026683980599045753 0.011834969744086266 0.00525397015735507
v -0.026176979765295982 -0.007328987121582031 0.014391000382602215
v -0.021299950778484344 -0.018092980608344078 0.020001940429210663
v -0.02177596092224121 -0.007328987121582031 0.02044898085296154
v -0.023733969777822495 -0.029455000534653664 -0.013702980242669582
v -0.01951497048139572 -0.029338950291275978 -0.01951497048139572
v -0.013702980242669582 -0.029455000534653664 -0.023733969777822495
v 0.0031499860342592 0.010450949892401695 -0.02940499037504196
v 0.005171954166144133 0.01173597015440464 -0.026672950014472008
v 0.0040339818224310875 0.010480989702045918 -0.029247989878058434
v -0.010174980387091637 0.010434979572892189 0.02779597043991089
v -0.0031549930572509766 0.010437959805130959 0.02942699007689953
v 0.007329999934881926 0.011753969825804234 0.026105990633368492
v 0.0031499860342592 0.010450949892401695 -0.02940499037504196
v -0.003153979079797864 0.010438970290124416 -0.02942699007689953
v 0.005171954166144133 0.01173597015440464 -0.026672950014472008
v -0.026638979092240334 -0.029347000643610954 0.007137953769415617
v -0.02758198045194149 -0.029348960146307945 0.0
v -0.026293989270925522 -0.02949994057416916 -0.007045983802527189
v 0.026293989270925522 -0.02949994057416916 -0.007045983802527189
v 0.027578940615057945 -0.029347000643610954 0.0
v 0.026638979092240334 -0.029347000643610954 0.007137953769415617
v -0.005735992919653654 0.011482950299978256 0.023706970736384392
v -0.010174980387091637 0.010434979572892189 0.02779597043991089
v 0.007329999934881926 0.011753969825804234 0.026105990633368492
v -0.023748990148305893 -0.029450949281454086 0.013710970059037209
v -0.026638979092240334 -0.029347000643610954 0.007137953769415617
v -0.026293989270925522 -0.02949994057416916 -0.007045983802527189
v -0.018434999510645866 -0.02949994057416916 0.008207975886762142
v -0.023748990148305893 -0.029450949281454086 0.013710970059037209
v -0.026293989270925522 -0.02949994057416916 -0.007045983802527189
v -0.023733969777822495 -0.029455000534653664 -0.013702980242669582
v -0.013702980242669582 -0.029455000534653664 -0.023733969777822495
v -0.026293989270925522 -0.02949994057416916 -0.007045983802527189
v -0.023748990148305893 -0.029450949281454086 0.013710970059037209
v -0.018434999510645866 -0.02949994057416916 0.008207975886762142
v -0.007045983802527189 -0.02949994057416916 0.026293989270925522
v -0.019884999841451645 0.011565979570150375 0.014087970368564129
v -0.020027989521622658 0.011621950194239616 0.013476960361003876
v -0.01999294012784958 0.011590950191020966 0.013775999657809734
v -0.013702980242669582 -0.029455000534653664 0.023733969777822495
v -0.023748990148305893 -0.029450949281454086 0.013710970059037209
v -0.007045983802527189 -0.02949994057416916 0.026293989270925522
v 0.0 -0.028809959068894386 -0.02801400050520897
v 0.0054749841801822186 -0.018092980608344078 -0.028701959177851677
v 0.005223989021033049 -0.028809959068894386 -0.027326999232172966
v -0.0031569600105285645 0.010255989618599415 0.029575999826192856
v -0.0031549930572509766 0.010437959805130959 0.02942699007689953
v -0.010174980387091637 0.010434979572892189 0.02779597043991089
v -0.026302989572286606 0.007328987121582031 0.014158960431814194
v -0.02896595001220703 0.007328987121582031 0.007300972007215023
v -0.02807294949889183 0.0 0.010935960337519646
v -0.014006970450282097 -0.028809959068894386 0.0242609903216362
v -0.007250964175909758 -0.028809959068894386 0.027059970423579216
v -0.009028971195220947 -0.018092980608344078 0.02778898924589157
v -0.013194969855248928 0.0 -0.029330959543585777
v -0.010013990104198456 -0.007534979842603207 -0.029586970806121826
v -0.013111939653754234 -0.007534979842603207 -0.029080979526042938
v -0.012939980253577232 0.0 0.026820000261068344
v -0.009230971336364746 -0.007328987121582031 0.02840995043516159
v -0.0098569979891181 0.007328987121582031 0.028198949992656708
v -0.02699296921491623 0.010483980178833008 -0.011946969665586948
v -0.02863997034728527 0.010483980178833008 -0.007129967212677002
v -0.026683980599045753 0.011834969744086266 -0.00525397015735507
v -0.016255969181656837 0.0 0.02532196044921875
v -0.012939980253577232 0.0 0.026820000261068344
v -0.0098569979891181 0.007328987121582031 0.028198949992656708
v -0.02719198912382126 0.01208799984306097 0.0
v -0.025364989414811134 0.012086980044841766 0.004056990146636963
v -0.02406894974410534 0.01208799984306097 0.001453995006158948
v 0.023748990148305893 -0.029450949281454086 0.013710970059037209
v 0.026293989270925522 -0.02949994057416916 -0.007045983802527189
v 0.026638979092240334 -0.029347000643610954 0.007137953769415617
v -0.003153979079797864 0.010438970290124416 -0.02942699007689953
v -0.010173969902098179 0.010434979572892189 -0.02779597043991089
v 0.005171954166144133 0.01173597015440464 -0.026672950014472008
v -0.009230971336364746 -0.007328987121582031 0.02840995043516159
v -0.0074609508737921715 0.0 0.02915995940566063
v -0.0098569979891181 0.007328987121582031 0.028198949992656708
v -0.0035409920383244753 0.0 -0.029918959364295006
v -0.010013990104198456 -0.007534979842603207 -0.029586970806121826
v -0.010013990104198456 0.0 -0.029850000515580177
v -0.009029983542859554 0.011482950299978256 0.022659000009298325
v -0.0012639759806916118 0.011634940281510353 0.023912960663437843
v -0.01219599973410368 0.011482950299978256 0.02112399972975254
v 0.006486951839178801 0.011784969829022884 0.024988939985632896
v 0.006716966163367033 0.011759989894926548 0.025690969079732895
v -0.007045983802527189 -0.02949994057416916 0.026293989270925522
v -0.022013960406184196 0.010288950055837631 -0.01991599053144455
v -0.02213096059858799 0.010214979760348797 -0.019882969558238983
v -0.02197498083114624 0.01047694031149149 -0.01974296011030674
v 0.010089989751577377 -0.02949994057416916 -0.01747596077620983
v 0.013710970059037209 -0.029450949281454086 -0.023748990148305893
v 0.026293989270925522 -0.02949994057416916 -0.007045983802527189
v -0.007250964175909758 -0.028809959068894386 -0.027059970423579216
v -0.010013990104198456 -0.007534979842603207 -0.029586970806121826
v 0.0 -0.028809959068894386 -0.02801400050520897
v -0.023893950507044792 0.010448990389704704 -0.017431970685720444
v -0.027129940688610077 0.010390990413725376 -0.01202594954520464
v -0.02699296921491623 0.010483980178833008 -0.011946969665586948
v -0.023893950507044792 0.010448990389704704 -0.017431970685720444
v -0.02699296921491623 0.010483980178833008 -0.011946969665586948
v -0.026323970407247543 0.011709979735314846 -0.006590961944311857
v 0.0195009708404541 -0.029347000643610954 0.0195009708404541
v 0.013710970059037209 -0.029450949281454086 0.023748990148305893
v 0.023748990148305893 -0.029450949281454086 0.013710970059037209
v -0.023239970207214355 0.0 0.019171949476003647
v -0.02807294949889183 0.0 0.010935960337519646
v -0.026176979765295982 -0.007328987121582031 0.014391000382602215
v -0.02197498083114624 0.01047694031149149 -0.01974296011030674
v -0.023893950507044792 0.010448990389704704 -0.017431970685720444
v -0.026323970407247543 0.011709979735314846 -0.006590961944311857
v -0.02213096059858799 0.010214979760348797 -0.019882969558238983
v -0.022013960406184196 0.010288950055837631 -0.01991599053144455
v -0.016566989943385124 0.010448990389704704 -0.024483969435095787
v -0.010173969902098179 0.010434979572892189 -0.02779597043991089
v -0.01219599973410368 0.011482950299978256 -0.02112399972975254
v -0.009029983542859554 0.011482950299978256 -0.022659000009298325
v -0.015842970460653305 0.00777697516605258 -0.027557959780097008
v -0.02213096059858799 0.010214979760348797 -0.019882969558238983
v -0.016566989943385124 0.010448990389704704 -0.024483969435095787
v -0.015579990111291409 0.008371949195861816 -0.027209989726543427
v -0.015842970460653305 0.00777697516605258 -0.027557959780097008
v -0.016566989943385124 0.010448990389704704 -0.024483969435095787
v 0.0031499860342592 0.01026999019086361 -0.029573969542980194
v 0.00422698212787509 0.010267970152199268 -0.029392000287771225
v 0.004686951171606779 0.007328987121582031 -0.02950197085738182
v -0.013064979575574398 0.00801998283714056 -0.028943000361323357
v -0.015579990111291409 0.008371949195861816 -0.027209989726543427
v -0.016566989943385124 0.010448990389704704 -0.024483969435095787
v -0.016255969181656837 0.0 0.02532196044921875
v -0.0098569979891181 0.007328987121582031 0.028198949992656708
v -0.01022696029394865 0.010214979760348797 0.027937939390540123
v -0.016449980437755585 0.007328987121582031 0.024934940040111542
v -0.016255969181656837 0.0 0.02532196044921875
v -0.01022696029394865 0.010214979760348797 0.027937939390540123
v 0.0195009708404541 -0.029347000643610954 -0.0195009708404541
v 0.013937950134277344 -0.029161980375647545 -0.02414095029234886
v 0.019808940589427948 -0.028809959068894386 -0.019808940589427948
v 0.07322698086500168 -0.024060960859060287 -0.02329397015273571
v 0.07310497015714645 -0.020542969927191734 -0.02481894940137863
v 0.07427597045898438 -0.024214979261159897 -0.02318095974624157
v 0.019701950252056122 -0.0076589579693973064 -0.027047989889979362
v 0.019695989787578583 -0.007200955878943205 -0.027076950296759605
v 0.07279098033905029 -0.00718998908996582 -0.027081960812211037
v 0.017832990735769272 -0.02006595954298973 0.02496498078107834
v 0.018228940665721893 -0.020532960072159767 0.02477096952497959
v 0.07315199822187424 -0.020542969927191734 0.02481894940137863
v 0.01619195006787777 -0.016788000240921974 0.025937970727682114
v 0.017832990735769272 -0.02006595954298973 0.02496498078107834
v 0.07315199822187424 -0.020542969927191734 0.02481894940137863
v 0.07133597135543823 5.8999998145736754e-05 0.027366990223526955
v 0.07131797075271606 0.0 0.027370980009436607
v 0.07133995741605759 0.0 0.027369970455765724
v 0.06845294684171677 0.010220999829471111 0.026900939643383026
v 0.015382939949631691 0.008738993667066097 0.02699398063123226
v 0.016225989907979965 0.007283985149115324 0.02707194909453392
v 0.0729469582438469 -0.01408499013632536 0.026497000828385353
v 0.07431095093488693 0.0 0.027369970455765724
v 0.0727989599108696 -0.00718998908996582 0.027081960812211037
v 0.01619195006787777 -0.016788000240921974 0.025937970727682114
v 0.0729469582438469 -0.01408499013632536 0.026497000828385353
v 0.015356950461864471 -0.01430295966565609 0.026437990367412567
v 0.02044898085296154 -0.02417694963514805 -0.023168979212641716
v 0.07322698086500168 -0.024060960859060287 -0.02329397015273571
v 0.07427597045898438 -0.024214979261159897 -0.02318095974624157
v 0.07310497015714645 -0.020542969927191734 -0.02481894940137863
v 0.07291901111602783 -0.01408499013632536 -0.026497000828385353
v 0.07427597045898438 -0.024214979261159897 -0.02318095974624157
v 0.014779980294406414 0.010220999829471111 -0.026898980140686035
v 0.0725509524345398 0.010437959805130959 -0.02674799971282482
v 0.0725509524345398 0.010219990275800228 -0.02690695971250534
v 0.07437998056411743 -0.02462898939847946 0.022004960104823112
v 0.07476495951414108 -0.02450799010694027 -0.004767000209540129
v 0.07550597190856934 -0.024629950523376465 0.02262997068464756
v 0.07496798038482666 0.0 -0.027369970455765724
v 0.0741029903292656 0.0 -0.027369970455765724
v 0.07255297154188156 0.006788969039916992 -0.027100980281829834
v 0.07457195967435837 -0.02427195943892002 0.0231739804148674
v 0.07454799860715866 -0.024236969649791718 0.02319495938718319
v 0.07448195666074753 -0.0242189709097147 0.023204980418086052
v 0.07315199822187424 -0.020542969927191734 0.02481894940137863
v 0.07448195666074753 -0.0242189709097147 0.023204980418086052
v 0.0729469582438469 -0.01408499013632536 0.026497000828385353
v 0.07315199822187424 -0.020542969927191734 0.02481894940137863
v 0.075640968978405 -0.024371979758143425 0.023117950186133385
v 0.07464498281478882 -0.024506980553269386 -0.00922697689384222
v 0.07427798956632614 -0.024451969191432 -0.02279496006667614
v 0.075640968978405 -0.024371979758143425 0.023117950186133385
v 0.0729469582438469 -0.01408499013632536 0.026497000828385353
v 0.075640968978405 -0.024371979758143425 0.023117950186133385
v 0.07568299025297165 -0.0019999740179628134 0.0262259803712368
v 0.07431095093488693 0.0 0.027369970455765724
v 0.07507698982954025 0.006270945072174072 0.024378949776291847
v 0.07548797130584717 0.0 0.026451999321579933
v 0.07568197697401047 0.0 0.02629994973540306
v 0.0750809907913208 0.007757960818707943 0.02283197082579136
v 0.07507698982954025 0.006270945072174072 0.024378949776291847
v 0.07568197697401047 0.0 0.02629994973540306
v 0.07508599013090134 0.00829994585365057 0.02075600065290928
v 0.0750809907913208 0.007757960818707943 0.02283197082579136
v 0.07568197697401047 0.0 0.02629994973540306
v 0.07568299025297165 -0.0019999740179628134 0.0262259803712368
v 0.07548797130584717 0.0 0.026451999321579933
v 0.07431095093488693 0.0 0.027369970455765724
v 0.0750729963183403 0.00827097799628973 0.016972949728369713
v 0.07507497072219849 0.00827097799628973 0.017457960173487663
v 0.07568197697401047 0.0 0.02629994973540306
v 0.07507698982954025 0.008313952945172787 0.01983593963086605
v 0.07508599013090134 0.00829994585365057 0.02075600065290928
v 0.07508199661970139 0.00829994585365057 0.01983593963086605
v 0.060847990214824677 0.010441949591040611 -0.02672594040632248
v 0.019388969987630844 0.010498999617993832 -0.0231779795140028
v 0.06891000270843506 0.010441949591040611 -0.026502959430217743
v 0.07495898008346558 0.00849997904151678 0.00746494485065341
v 0.0743599534034729 0.008981943130493164 -0.007431983016431332
v 0.07391095161437988 0.009342968463897705 -0.007421969901770353
v 0.07358299940824509 0.00956797506660223 -0.007415949832648039
v 0.0743749663233757 0.00889897346496582 0.007439970038831234
v 0.07391095161437988 0.009342968463897705 -0.007421969901770353
v 0.07323300093412399 0.009319961071014404 0.007413982879370451
v 0.073527991771698 0.00883698370307684 0.022177990525960922
v 0.07508599013090134 0.00829994585365057 0.02075600065290928
v 0.07352995127439499 0.008833943866193295 0.022255949676036835
v 0.06887000054121017 0.010433970019221306 0.02674894966185093
v 0.07347296923398972 0.00845098402351141 0.023845970630645752
v 0.07347296923398972 0.00845098402351141 0.023845970630645752
v 0.06887000054121017 0.010433970019221306 0.02674894966185093
v 0.07325296849012375 0.007493971846997738 0.025074949488043785
v 0.07245098799467087 0.004220962058752775 0.026897959411144257
v 0.07242398709058762 0.003617942100390792 0.02715498022735119
v 0.07507698982954025 0.006270945072174072 0.024378949776291847
v 0.07242094725370407 0.0032979839015752077 0.027215000241994858
v 0.0724259614944458 0.003336966037750244 0.027209989726543427
v 0.07242398709058762 0.003617942100390792 0.02715498022735119
v 0.06845294684171677 0.010220999829471111 0.026900939643383026
v 0.06887000054121017 0.010433970019221306 0.02674894966185093
v 0.01456694956868887 0.010220999829471111 0.02690397948026657
v 0.07255297154188156 0.006788969039916992 -0.027100980281829834
v 0.01629096083343029 0.007185995113104582 -0.027077969163656235
v 0.015507989563047886 0.008694945834577084 -0.026995949447155
v 0.0725509524345398 0.010219990275800228 -0.02690695971250534
v 0.015507989563047886 0.008694945834577084 -0.026995949447155
v 0.014779980294406414 0.010220999829471111 -0.026898980140686035
v 0.060847990214824677 0.010441949591040611 -0.02672594040632248
v 0.0725509524345398 0.010437959805130959 -0.02674799971282482
v 0.014779980294406414 0.010433970019221306 -0.02674596942961216
v 0.048022981733083725 0.01047396007925272 0.02494698017835617
v 0.0417899414896965 0.01049994956701994 0.02022694982588291
v 0.018660960718989372 0.010494939982891083 0.02087496966123581
v 0.015356950461864471 -0.01430295966565609 0.026437990367412567
v 0.015187970362603664 -0.013358949683606625 0.02655898965895176
v 0.015356950461864471 -0.01430295966565609 0.02638298086822033
v 0.07291901111602783 -0.01408499013632536 -0.026497000828385353
v 0.07279098033905029 -0.00718998908996582 -0.027081960812211037
v 0.07496798038482666 0.0 -0.027369970455765724
v 0.07427597045898438 -0.024214979261159897 -0.02318095974624157
v 0.07291901111602783 -0.01408499013632536 -0.026497000828385353
v 0.07496798038482666 0.0 -0.027369970455765724
v 0.07427798956632614 -0.024451969191432 -0.02279496006667614
v 0.07427597045898438 -0.024214979261159897 -0.02318095974624157
v 0.07496798038482666 0.0 -0.027369970455765724
v 0.015356950461864471 -0.01430295966565609 0.02638298086822033
v 0.01619195006787777 -0.016788000240921974 0.025937970727682114
v 0.015356950461864471 -0.01430295966565609 0.026437990367412567
v 0.07568197697401047 0.0 0.02629994973540306
v 0.07568299025297165 -0.0019999740179628134 0.0262259803712368
v 0.07496798038482666 0.0 -0.027369970455765724
v 0.0751369521021843 0.003858983051031828 -0.005298972129821777
v 0.07512497156858444 0.003994940780103207 -0.005915998946875334
v 0.07495898008346558 0.00849997904151678 -0.00746494485065341
v 0.0725509524345398 0.010437959805130959 -0.02674799971282482
v 0.07495999336242676 0.0073659420013427734 -0.010122000239789486
v 0.07496798038482666 0.0 -0.027369970455765724
v 0.0725509524345398 0.010219990275800228 -0.02690695971250534
v 0.0725509524345398 0.010437959805130959 -0.02674799971282482
v 0.07496798038482666 0.0 -0.027369970455765724
v 0.07255297154188156 0.006788969039916992 -0.027100980281829834
v 0.0725509524345398 0.010219990275800228 -0.02690695971250534
v 0.07496798038482666 0.0 -0.027369970455765724
v 0.07496196031570435 -0.0006939999875612557 -0.026298990473151207
v 0.07496798038482666 0.0 -0.027369970455765724
v 0.07568299025297165 -0.0019999740179628134 0.0262259803712368
v 0.048022981733083725 0.01047396007925272 0.02494698017835617
v 0.014562959782779217 0.010437959805130959 0.026743939146399498
v 0.060847990214824677 0.010440940037369728 0.02672594040632248
v 0.06887000054121017 0.010433970019221306 0.02674894966185093
v 0.060847990214824677 0.010440940037369728 0.02672594040632248
v 0.014562959782779217 0.010437959805130959 0.026743939146399498
v 0.01456694956868887 0.010220999829471111 0.02690397948026657
v 0.06887000054121017 0.010433970019221306 0.02674894966185093
v 0.014562959782779217 0.010437959805130959 0.026743939146399498
v 0.07279098033905029 -0.00718998908996582 -0.027081960812211037
v 0.019695989787578583 -0.007200955878943205 -0.027076950296759605
v 0.020021969452500343 -0.003917992115020752 -0.02722495049238205
v 0.04134899005293846 0.0 0.027367940172553062
v 0.016111960634589195 0.0 0.02736896090209484
v 0.016595950350165367 -0.0037169449497014284 0.02721095085144043
v 0.018257969990372658 -0.01692396029829979 -0.025896960869431496
v 0.018773969262838364 -0.02007395029067993 -0.024962959811091423
v 0.007250964175909758 -0.028809959068894386 -0.027059970423579216
v 0.02044898085296154 -0.02417694963514805 -0.023168979212641716
v 0.07310497015714645 -0.020542969927191734 -0.02481894940137863
v 0.07322698086500168 -0.024060960859060287 -0.02329397015273571
v 0.015234939754009247 -0.011427990160882473 0.026807960122823715
v 0.015356950461864471 -0.01430295966565609 0.026437990367412567
v 0.0729469582438469 -0.01408499013632536 0.026497000828385353
v 0.020052960142493248 -0.001567958970554173 -0.027305960655212402
v 0.0741029903292656 0.0 -0.027369970455765724
v 0.07409799098968506 -2.499999936844688e-05 -0.02736896090209484
v 0.02044898085296154 -0.024187980219721794 0.023160990327596664
v 0.07315199822187424 -0.020542969927191734 0.02481894940137863
v 0.020045990124344826 -0.023465989157557487 0.023552950471639633
v 0.018231980502605438 0.0037889480590820312 -0.027217980474233627
v 0.01629096083343029 0.007185995113104582 -0.027077969163656235
v 0.07255297154188156 0.006788969039916992 -0.027100980281829834
v 0.019388969987630844 0.010498999617993832 -0.0231779795140028
v 0.0199469905346632 0.010481949895620346 -0.022778980433940887
v 0.02085297927260399 0.010482960380613804 -0.022131970152258873
v 0.020674999803304672 -0.024471990764141083 -0.022688979282975197
v 0.02044898085296154 -0.02417694963514805 -0.023168979212641716
v 0.07427597045898438 -0.024214979261159897 -0.02318095974624157
v 0.01964998058974743 -0.021852970123291016 -0.024222970008850098
v 0.07310497015714645 -0.020542969927191734 -0.02481894940137863
v 0.020055940374732018 -0.023464970290660858 -0.023552000522613525
v 0.025863999500870705 -0.024603959172964096 0.014816990122199059
v 0.02414095029234886 -0.029161980375647545 0.013937950134277344
v 0.027059970423579216 -0.028809959068894386 0.007250964175909758
v 0.018257969990372658 -0.01692396029829979 -0.025896960869431496
v 0.07291901111602783 -0.01408499013632536 -0.026497000828385353
v 0.07310497015714645 -0.020542969927191734 -0.02481894940137863
v 0.018773969262838364 -0.02007395029067993 -0.024962959811091423
v 0.018257969990372658 -0.01692396029829979 -0.025896960869431496
v 0.07310497015714645 -0.020542969927191734 -0.02481894940137863
v 0.01621996983885765 -0.007515965960919857 0.027055969461798668
v 0.0729469582438469 -0.01408499013632536 0.026497000828385353
v 0.0727989599108696 -0.00718998908996582 0.027081960812211037
v 0.027640990912914276 0.01050496008247137 -0.013216969557106495
v 0.020667970180511475 0.011482950299978256 -0.012952979654073715
v 0.022711990401148796 0.011482950299978256 -0.008893965743482113
v 0.027871960774064064 -0.024547990411520004 -0.009700953029096127
v 0.027728969231247902 -0.024526000022888184 -0.010069959796965122
v 0.027728969231247902 -0.024526000022888184 -0.010069959796965122
v 0.07007794827222824 0.010455960407853127 -0.026471970602869987
v 0.06891000270843506 0.010441949591040611 -0.026502959430217743
v 0.03534096106886864 0.010485939681529999 -0.022585980594158173
v 0.016348950564861298 -0.017158979550004005 0.02571099065244198
v 0.017832990735769272 -0.02006595954298973 0.02496498078107834
v 0.01619195006787777 -0.016788000240921974 0.025937970727682114
v 0.014779980294406414 0.010433970019221306 -0.02674596942961216
v 0.019378960132598877 0.010498999617993832 -0.023185959085822105
v 0.060847990214824677 0.010441949591040611 -0.02672594040632248
v 0.02860599011182785 -0.024591980502009392 0.0033869741018861532
v 0.01456694956868887 0.010220999829471111 0.02690397948026657
v 0.015382939949631691 0.008738993667066097 0.02699398063123226
v 0.06845294684171677 0.010220999829471111 0.026900939643383026
v 0.07438098639249802 -0.024629950523376465 0.02259998954832554
v 0.07438796013593674 -0.024629950523376465 0.02259998954832554
v 0.07438600063323975 -0.024626970291137695 0.022630980238318443
v 0.016595950350165367 -0.0037169449497014284 0.02721095085144043
v 0.01621793955564499 -0.0072019691579043865 0.027076000347733498
v 0.0727989599108696 -0.00718998908996582 0.027081960812211037
v 0.01619195006787777 -0.016788000240921974 0.025805950164794922
v 0.016348950564861298 -0.017158979550004005 0.02571099065244198
v 0.01619195006787777 -0.016788000240921974 0.025937970727682114
v 0.027861950919032097 -0.024598950520157814 0.009670971892774105
v 0.025863999500870705 -0.024603959172964096 0.014816990122199059
v 0.027059970423579216 -0.028809959068894386 0.007250964175909758
v 0.01874995045363903 -0.013404959812760353 -0.026554999873042107
v 0.07291901111602783 -0.01408499013632536 -0.026497000828385353
v 0.018490970134735107 -0.014267980121076107 -0.026443950831890106
v 0.01964895986020565 -0.0218539796769619 0.024222970008850098
v 0.07315199822187424 -0.020542969927191734 0.02481894940137863
v 0.018228940665721893 -0.020532960072159767 0.02477096952497959
v 0.016225989907979965 0.007283985149115324 0.02707194909453392
v 0.015382939949631691 0.008738993667066097 0.02699398063123226
v 0.004230976104736328 0.010261950083076954 0.029395990073680878
v 0.028637999668717384 -0.024589000269770622 0.0034009809605777264
v 0.028620000928640366 -0.024589000269770622 0.003392993938177824
v 0.02861594967544079 -0.0245849397033453 -0.0033909669145941734
v 0.04465394839644432 0.01049994956701994 0.01987498067319393
v 0.042195968329906464 0.01049994956701994 0.019176950678229332
v 0.05609995126724243 0.010468949563801289 0.02510696090757847
v 0.07440494745969772 -0.024626970291137695 0.022630980238318443
v 0.07550597190856934 -0.024629950523376465 0.02262997068464756
v 0.07469999045133591 -0.024368999525904655 0.023118970915675163
v 0.01785098947584629 -0.020114000886678696 0.024923980236053467
v 0.017991000786423683 -0.020310990512371063 0.024862999096512794
v 0.017832990735769272 -0.02006595954298973 0.02496498078107834
v 0.014075989834964275 0.011625939980149269 -0.019863959401845932
v 0.020667970180511475 0.011482950299978256 -0.012952979654073715
v 0.01790595054626465 0.011482950299978256 -0.016562990844249725
v 0.07560396194458008 -0.02046697959303856 0.0221560001373291
v 0.07560496777296066 -0.020362969487905502 0.02221697010099888
v 0.07626897096633911 -0.020461969077587128 0.022159989923238754
v 0.012850989587605 0.01177894975990057 0.017796989530324936
v 0.02016800083220005 0.011563950218260288 -0.008789955638349056
v 0.006772994063794613 0.011820970103144646 -0.020782940089702606
v 0.02085494063794613 0.011544999666512012 -0.007249950896948576
v 0.02203994058072567 0.011525980196893215 -0.0016749500064179301
v 0.024015959352254868 0.011482950299978256 -0.004265964031219482
v 0.00954294204711914 0.011834969744086266 0.02000999078154564
v 0.010791949927806854 0.011833960190415382 0.021866969764232635
v 0.012850989587605 0.01177894975990057 0.017796989530324936
v -0.021697990596294403 0.012068980373442173 0.002595961093902588
v -0.02406894974410534 0.01208799984306097 0.001453995006158948
v -0.021637970581650734 0.012070000171661377 0.00287794996984303
v -0.004728971980512142 0.011559960432350636 -0.02387499064207077
v -0.0057169790379703045 0.011520979925990105 -0.023708989843726158
v -0.009029983542859554 0.011482950299978256 -0.022659000009298325
v 0.008791983127593994 0.011750989593565464 -0.024956999346613884
v 0.008797942660748959 0.011751939542591572 -0.024931959807872772
v 0.010631970129907131 0.011738000437617302 -0.02194695919752121
v 0.010466990061104298 0.011743959970772266 -0.022018959745764732
v 0.008667944930493832 0.011808989569544792 -0.022852949798107147
v 0.020667970180511475 0.011482950299978256 -0.012952979654073715
v 0.0021869540214538574 0.011712959967553616 0.024261949583888054
v 0.002209960948675871 0.014508959837257862 0.024214979261159897
v 0.0020349619444459677 0.01455795019865036 0.02415895089507103
v 0.07464498281478882 -0.024506980553269386 -0.00922697689384222
v 0.07429897040128708 -0.024505969136953354 -0.013756990432739258
v 0.07452099770307541 -0.024505969136953354 -0.013807949610054493
v 0.07527697086334229 0.004883944056928158 0.009602962993085384
v 0.0752829909324646 0.0048059821128845215 0.009570956230163574
v 0.08308196067810059 0.004782973788678646 0.009600996039807796
v -0.0011719459434971213 0.01183598954230547 -0.02192199043929577
v -0.00130295695271343 0.013284980319440365 -0.02186495065689087
v -0.0020849700085818768 0.013284980319440365 -0.021709969267249107
v 0.07505500316619873 0.008272944949567318 0.012478940188884735
v 0.09493499249219894 0.00829994585365057 0.014652960002422333
v 0.07505898922681808 0.008274972438812256 0.013677950017154217
v 0.004606962203979492 0.011738000437617302 -0.026420950889587402
v 0.004376946948468685 0.01177894975990057 -0.02601896971464157
v 0.005171954166144133 0.01173597015440464 -0.026672950014472008
v -0.003074944019317627 0.01161396037787199 -0.02415096014738083
v 0.07462996244430542 0.008202970027923584 -0.011424950323998928
v 0.07457195967435837 0.008294998668134212 -0.011773999780416489
v 0.09339498728513718 0.008292973041534424 -0.011722980067133904
v 0.07493697851896286 0.0 0.02688097022473812
v 0.07504694908857346 0.005043982993811369 -0.009209989570081234
v 0.07504098862409592 0.005198955070227385 -0.009281991980969906
v 0.08663499355316162 0.005050957202911377 -0.009193955920636654
v -0.02192497067153454 0.011750989593565464 -0.010424969717860222
v -0.022038990631699562 0.014519980177283287 -0.010236970148980618
v -0.02187298983335495 0.014572969637811184 -0.010380979627370834
v -0.002262949012219906 0.01173298992216587 0.021705979481339455
v -0.0015629519475623965 0.014241989701986313 0.021791990846395493
v -0.0008869999437592924 0.011756000109016895 0.021978970617055893
v -0.004020988009870052 0.011692999862134457 0.021521979942917824
v -0.0031449790112674236 0.014966960065066814 0.021543970331549644
v -0.0022669429890811443 0.014524989761412144 0.021645959466695786
v 0.049998991191387177 0.0 0.02736896090209484
v 0.07131897658109665 -1.2000000424450263e-05 0.02736896090209484
v 0.07131797075271606 0.0 0.027370980009436607
v 0.006772994063794613 0.011849990114569664 0.0207819901406765
v 0.007474957965314388 0.013284980319440365 0.020600970834493637
v 0.007783948909491301 0.011850950308144093 0.020580939948558807
v -0.020150000229477882 0.011708970181643963 -0.01242494024336338
v -0.02008794993162155 0.015818949788808823 -0.012354959733784199
v -0.019899960607290268 0.017650960013270378 -0.013624959625303745
v 0.002533972030505538 0.011844989843666553 0.0218469500541687
v 0.006772994063794613 0.011849990114569664 0.0207819901406765
v -0.021286960691213608 0.012058969587087631 0.0045279860496521
v 0.0055849552154541016 0.011819000355899334 0.02379298023879528
v 0.010791949927806854 0.011833960190415382 0.021866969764232635
v 0.007783948909491301 0.011850950308144093 0.020580939948558807
v -0.0018599620088934898 0.011601979844272137 0.024169979616999626
v -0.0012639759806916118 0.011634940281510353 0.023912960663437843
v -0.0016979570500552654 0.01749294064939022 0.023980969563126564
v 0.01937996968626976 0.011604960076510906 0.010505969636142254
v 0.01657998003065586 0.01167398039251566 0.014702970162034035
v 0.017979970201849937 0.01681298017501831 0.013063959777355194
v -0.023310000076889992 0.011937970295548439 -0.007351994048804045
v -0.02336394041776657 0.013284980319440365 -0.007216989062726498
v -0.023284969851374626 0.011938979849219322 -0.007370947860181332
v 0.024388959631323814 0.011410949751734734 5.2999999752501026e-05
v 0.02415096014738083 0.025276949629187584 0.0
v 0.024388959631323814 0.011410949751734734 5.499999679159373e-05
v 0.0743979811668396 -0.021248990669846535 -0.021319979801774025
v 0.07627201080322266 -0.020663969218730927 -0.02204197086393833
v 0.0744059607386589 -0.02066498063504696 -0.02203500084578991
v 0.0017989870393648744 0.011708970181643963 0.024137970060110092
v 0.001208961009979248 0.014715960249304771 0.023826949298381805
v 0.000678999989759177 0.01170498039573431 0.023660000413656235
v 0.0744999572634697 0.0 0.02722197026014328
v 0.07464098185300827 0.0 0.027112960815429688
v 0.07465600222349167 -0.022299999371170998 -0.00989598035812378
v -0.016550950706005096 0.011759989894926548 -0.014267980121076107
v -0.015385979786515236 0.011690969578921795 -0.016014989465475082
v -0.014854960143566132 0.0168379507958889 -0.016497960314154625
v 0.004606962203979492 0.011738000437617302 -0.026420950889587402
v 0.004547953139990568 0.013285989873111248 -0.026264959946274757
v 0.004601954948157072 0.013286939822137356 -0.026365989819169044
v 0.0034979579504579306 0.011808989569544792 -0.024190960451960564
v 0.0029319520108401775 0.013284980319440365 -0.02417098917067051
v 0.0034519429318606853 0.013284980319440365 -0.024143990129232407
v 0.015660999342799187 0.011643939651548862 0.018234960734844208
v 0.012387990020215511 0.013776949606835842 0.020609969273209572
v 0.010791949927806854 0.011833960190415382 0.021866969764232635
v 0.0417899414896965 0.01049994956701994 0.02022694982588291
v 0.02263695001602173 0.010531960055232048 0.015282980166375637
v 0.021249940618872643 0.01049994956701994 0.017233960330486298
v 0.07378596067428589 0.00829994585365057 -0.019545970484614372
v 0.09493499249219894 0.00829994585365057 -0.019346950575709343
v 0.0710749626159668 0.01011394988745451 0.007406949065625668
v 0.07300698012113571 0.009402990341186523 0.007408976089209318
v 0.07210098952054977 0.010111980140209198 -0.007402956020087004
v 0.07210098952054977 0.010111980140209198 -0.007402956020087004
v 0.07293695211410522 0.009804964065551758 -0.0074099889025092125
v 0.07293599098920822 0.009807944297790527 -0.007481991779059172
v -0.01999294012784958 0.011590950191020966 0.013775999657809734
v -0.019882969558238983 0.01780897006392479 0.013731949962675571
v -0.019903000444173813 0.017613939940929413 0.013596950098872185
v 0.07491999119520187 -0.002058981917798519 -0.026279980316758156
v 0.07496196031570435 -0.0006939999875612557 -0.026298990473151207
v 0.07889997214078903 -0.0019999740179628134 -0.026355979964137077
v 0.010418949648737907 0.011819950304925442 0.022514989599585533
v 0.010383959859609604 0.013284980319440365 0.02289997972548008
v 0.010383959859609604 0.013284980319440365 0.02289997972548008
v 0.07501798123121262 0.00669097900390625 -0.007412970066070557
v 0.0750199481844902 0.006618976127356291 -0.007408976089209318
v 0.083297960460186 0.006620943080633879 -0.007405995856970549
v -0.02217596024274826 0.011757959611713886 -0.010132960043847561
v -0.022152960300445557 0.014409950003027916 -0.01008498016744852
v -0.022038990631699562 0.014519980177283287 -0.010236970148980618
v 0.07439500093460083 -0.022031959146261215 -0.0198819600045681
v 0.0743979811668396 -0.022096989676356316 -0.019573979079723358
v 0.07665199041366577 -0.02205996960401535 -0.019804000854492188
v 0.008639991283416748 0.011771970428526402 -0.024424970149993896
v 0.008783996105194092 0.01175296027213335 -0.024892980232834816
v 0.008385956287384033 0.013284980319440365 -0.023826949298381805
v 0.0743979811668396 -0.022096989676356316 -0.019573979079723358
v 0.07664400339126587 -0.022310970351099968 -0.018252959474921227
v 0.07665199041366577 -0.02205996960401535 -0.019804000854492188
v 0.07510297745466232 -0.022299999371170998 0.005146979819983244
v 0.07508599013090134 0.00829994585365057 0.02075600065290928
v 0.07508199661970139 0.00829994585365057 0.01983593963086605
v 0.015266000293195248 0.011659969575703144 -0.01587498001754284
v 0.014580960385501385 0.014988950453698635 -0.016184980049729347
v 0.014673939906060696 0.011675000190734863 -0.016270989552140236
v 0.07515496015548706 0.006533979903906584 0.007405995856970549
v 0.07515095919370651 0.006589949131011963 0.007431983016431332
v 0.08308196067810059 0.006589949131011963 0.007431983016431332
v 0.06891000270843506 0.010441949591040611 -0.026502959430217743
v 0.07007794827222824 0.010455960407853127 -0.026471970602869987
v 0.0725509524345398 0.010437959805130959 -0.02674799971282482
v -0.010885000228881836 0.011648950167000294 0.018883999437093735
v -0.002262949012219906 0.01173298992216587 0.021705979481339455
v -0.017610959708690643 0.011805949732661247 0.012806950137019157
v 0.0006409999914467335 0.01170498039573431 0.023643970489501953
v -0.0006219999631866813 0.011667960323393345 0.023644980043172836
v -0.0012639759806916118 0.011634940281510353 0.023912960663437843
v 0.006716966163367033 0.011759989894926548 0.025690969079732895
v 0.0067479610443115234 0.011757959611713886 0.02574199065566063
v 0.007329999934881926 0.011753969825804234 0.026105990633368492
v 0.006486951839178801 0.011784969829022884 0.024988939985632896
v 0.004188953898847103 0.011785980314016342 0.023987939581274986
v 0.006716966163367033 0.011759989894926548 0.025690969079732895
v 0.004188953898847103 0.011785980314016342 0.023987939581274986
v 0.002533972030505538 0.011844989843666553 0.0218469500541687
v 0.0013599989470094442 0.011814950034022331 0.02208000048995018
v 0.0013599989470094442 0.011814950034022331 0.02208000048995018
v -0.020799990743398666 0.012046989984810352 0.006967960856854916
v -0.020757969468832016 0.012039950117468834 0.0071639409288764
v -0.020757969468832016 0.012039950117468834 0.0071639409288764
v -0.020799990743398666 0.012046989984810352 0.006967960856854916
v -0.025364989414811134 0.012086980044841766 0.004056990146636963
v 0.014073959551751614 0.014882979914546013 0.01933497004210949
v 0.017854979261755943 0.011503989808261395 0.0166009608656168
v 0.017008960247039795 0.020969979465007782 0.017025940120220184
v 0.07557796686887741 -0.021253999322652817 0.0212209802120924
v 0.07626897096633911 -0.020461969077587128 0.022159989923238754
v 0.07628399133682251 -0.021267950534820557 0.02120297960937023
v 0.014671980403363705 0.011730959638953209 0.016268959268927574
v 0.020074959844350815 0.011587969958782196 0.008925974369049072
v 0.022038990631699562 0.011534979566931725 0.0016799559816718102
v 0.022038990631699562 0.011534979566931725 0.0016799559816718102
v 0.020966939628124237 0.011563950218260288 0.007075964938849211
v 0.024015959352254868 0.011482950299978256 0.004265964031219482
v -0.02351200021803379 0.011936959810554981 0.007210968993604183
v -0.02228998951613903 0.01178395003080368 0.00985497236251831
v -0.020843980833888054 0.011770959943532944 0.011229990050196648
v -0.020428000018000603 0.011959959752857685 0.008722960017621517
v -0.020129969343543053 0.013284980319440365 0.009192942641675472
v -0.019732950255274773 0.013284980319440365 0.009787975810468197
v 0.07450895756483078 -0.024501970037817955 -0.014249980449676514
v 0.07427798956632614 -0.024451969191432 -0.02279496006667614
v 0.07464498281478882 -0.024506980553269386 -0.00922697689384222
v 0.07427798956632614 -0.024451969191432 -0.02279496006667614
v 0.0742979571223259 -0.024501970037817955 -0.014199970290064812
v 0.02861594967544079 -0.0245849397033453 -0.0033909669145941734
v 0.07557696104049683 -0.021281950175762177 0.021182000637054443
v 0.07629799097776413 -0.02187298983335495 0.020364990457892418
v 0.07555395364761353 -0.02187298983335495 0.020362969487905502
v 0.0005489999894052744 0.011836940422654152 -0.022134000435471535
v -0.0009089999948628247 0.01183598954230547 -0.02197396010160446
v -0.0011719459434971213 0.01183598954230547 -0.02192199043929577
v 0.001818954013288021 0.011805949732661247 -0.024141959846019745
v 0.0017999409465119243 0.011805949732661247 -0.02413593977689743
v 0.0005489999894052744 0.011836940422654152 -0.022134000435471535
v 0.035200949758291245 0.010512939654290676 0.017192000523209572
v 0.03315097093582153 0.01049994956701994 0.01719795912504196
v 0.0357239805161953 0.01049994956701994 0.017340000718832016
v 0.017854979261755943 0.011503989808261395 0.0166009608656168
v 0.017908990383148193 0.011498980224132538 0.016558999195694923
v 0.020667970180511475 0.011482950299978256 0.012952979654073715
v 0.01602094992995262 0.010687939822673798 0.02345097064971924
v 0.01591699942946434 0.010669940151274204 0.023685989901423454
v 0.01553099974989891 0.010603959672152996 0.024556990712881088
v 0.014562959782779217 0.010437959805130959 0.026743939146399498
v 0.006219983100891113 0.011805949732661247 0.02417498081922531
v 0.006435989867895842 0.013284980319440365 0.02424997091293335
v 0.006176948081701994 0.013284980319440365 0.023959990590810776
v 0.05468194931745529 0.010472949594259262 -0.019821999594569206
v 0.05330996960401535 0.010472949594259262 -0.019000940024852753
v 0.04735796898603439 0.010468949563801289 -0.019156990572810173
v 0.05255597084760666 0.010469970293343067 -0.01869696006178856
v 0.04605894908308983 0.010466990061104298 -0.01608096994459629
v 0.05659794062376022 0.010461979545652866 -0.0120769701898098
v 0.038994960486888885 0.01049994956701994 -0.013236990198493004
v 0.02842199057340622 0.010507999919354916 -0.009642957709729671
v 0.028409000486135483 0.010508949868381023 -0.008974969387054443
v 0.04465394839644432 0.01049994956701994 0.01987498067319393
v 0.06887000054121017 0.010433970019221306 0.02674894966185093
v 0.0688929483294487 0.01044297032058239 0.02641195058822632
v 0.07504396885633469 0.006139993201941252 -0.0067989821545779705
v 0.07504498213529587 0.0061199660412967205 -0.006760953925549984
v 0.08324795216321945 0.006110966205596924 -0.0067109460942447186
v 0.0075559611432254314 0.013284980319440365 0.02057497948408127
v 0.009993970394134521 0.013284980319440365 0.019782960414886475
v 0.008305965922772884 0.011851959861814976 0.020410949364304543
v -0.022200999781489372 0.012071959674358368 6.699999357806519e-05
v -0.022210950031876564 0.013284980319440365 0.0
v -0.021825959905982018 0.013284980319440365 0.001933990977704525
v -0.022151939570903778 0.014440950006246567 0.01008498016744852
v -0.022707989439368248 0.013285989873111248 0.008703947067260742
v -0.023211950436234474 0.013284980319440365 0.007592976093292236
v -0.02351200021803379 0.011936959810554981 0.007210968993604183
v -0.023145969957113266 0.013284980319440365 0.0077349538914859295
v 0.0725509524345398 0.010437959805130959 -0.02674799971282482
v 0.07568197697401047 0.0 0.02629994973540306
v 0.08125095814466476 0.0 0.026643989607691765
v 0.024015959352254868 0.011482950299978256 0.004265964031219482
v 0.024388959631323814 0.011410949751734734 5.699999746866524e-05
v 0.023730989545583725 0.025276949629187584 0.004480957053601742
v 0.07504498213529587 0.0061199660412967205 -0.006760953925549984
v 0.07504796236753464 0.006111979018896818 -0.00657695485278964
v 0.08324795216321945 0.006110966205596924 -0.0067109460942447186
v 0.07517796009778976 0.006186962127685547 0.007238984107971191
v 0.08308196067810059 0.006589949131011963 0.007431983016431332
v 0.08308196067810059 0.006185947917401791 0.007237969897687435
v -0.0207249503582716 0.013284980319440365 -0.007115960121154785
v -0.020708970725536346 0.012041980400681496 -0.0073049659840762615
v -0.02066498063504696 0.012037989683449268 -0.007527946960180998
v 0.006225943099707365 0.011804989539086819 0.024191970005631447
v 0.006219983100891113 0.011805949732661247 0.02417498081922531
v 0.0055849552154541016 0.011819000355899334 0.02379298023879528
v 0.01042299997061491 0.011820970103144646 0.0224909707903862
v 0.010418949648737907 0.011819950304925442 0.022514989599585533
v 0.010420969687402248 0.011819950304925442 0.022520000115036964
v 0.004093945026397705 0.011799990199506283 -0.024640969932079315
v 0.004229961894452572 0.013284980319440365 -0.024625949561595917
v 0.004215954802930355 0.013284980319440365 -0.024894950911402702
v 0.010635970160365105 0.011790989898145199 0.023609990254044533
v 0.010461979545652866 0.013284980319440365 0.023073969408869743
v 0.010835940018296242 0.011753969825804234 0.024626970291137695
v 0.0002339999919058755 0.015067989937961102 0.023586979135870934
v -0.0006219999631866813 0.011667960323393345 0.023644980043172836
v 0.0006519999587908387 0.014808950014412403 0.02359098009765148
v 0.07557696104049683 -0.021281950175762177 0.021182000637054443
v 0.07557796686887741 -0.021253999322652817 0.0212209802120924
v 0.07628399133682251 -0.021267950534820557 0.02120297960937023
v -0.0006409999914467335 0.011745980009436607 -0.023642949759960175
v -0.0006489999359473586 0.014106979593634605 -0.023602960631251335
v 0.000299000006634742 0.013286939822137356 -0.023616960272192955
v 0.07504098862409592 0.005198955070227385 -0.009281991980969906
v 0.08657795190811157 0.005645989906042814 -0.00956499483436346
v 0.08663499355316162 0.005050957202911377 -0.009193955920636654
v 0.0753219723701477 0.004098950885236263 0.00919497013092041
v 0.08308196067810059 0.003799973987042904 0.008600950241088867
v 0.08308196067810059 0.004110991023480892 0.00927799940109253
v -0.0019209979800507426 0.011594950221478939 0.024194950237870216
v -0.0023269650992006063 0.011561979539692402 0.024277979508042336
v 0.007329999934881926 0.011753969825804234 0.026105990633368492
v -0.012397999875247478 0.011655979789793491 0.018010970205068588
v -0.010856980457901955 0.0168379507958889 0.018805980682373047
v -0.010885000228881836 0.011648950167000294 0.018883999437093735
v 0.07477395981550217 0.007945001125335693 -0.010607000440359116
v 0.09072499722242355 0.0076149702072143555 -0.010256939567625523
v 0.07484698295593262 0.007723987102508545 -0.010400949977338314
v 0.008365987800061703 0.01179599016904831 -0.023534949868917465
v 0.008667944930493832 0.011808989569544792 -0.022852949798107147
v 0.008639991283416748 0.011771970428526402 -0.024424970149993896
v 0.0034979579504579306 0.011808989569544792 -0.024190960451960564
v 0.004093945026397705 0.011799990199506283 -0.024640969932079315
v 0.004376946948468685 0.01177894975990057 -0.02601896971464157
v -0.0006719999946653843 0.011665989644825459 0.023657970130443573
v -0.0006549999816343188 0.01582998037338257 0.023573990911245346
v -0.0016979570500552654 0.01749294064939022 0.023980969563126564
v 0.010635970160365105 0.011790989898145199 0.023609990254044533
v 0.010835940018296242 0.011753969825804234 0.024626970291137695
v 0.010791949927806854 0.011833960190415382 0.021866969764232635
v -0.0019309519557282329 0.01166194025427103 -0.024199960753321648
v -0.0018499490106478333 0.01728600077331066 -0.02405094914138317
v -0.0014649620279669762 0.01616995967924595 -0.023907950147986412
v 0.0006949999369680882 0.011793970130383968 -0.02366494946181774
v 0.0017999409465119243 0.011805949732661247 -0.02413593977689743
v -0.0006859999848529696 0.011742940172553062 -0.023661969229578972
v -0.006097971927374601 0.011717969551682472 -0.020943989977240562
v -0.010885000228881836 0.01167398039251566 -0.018883999437093735
v -0.017610959708690643 0.011813989840447903 -0.012806950137019157
v 0.014673939906060696 0.011675000190734863 -0.016270989552140236
v 0.013353999704122543 0.011706939898431301 -0.017457960173487663
v 0.012837939895689487 0.011719999834895134 -0.017802949994802475
v 0.07507497072219849 0.00827097799628973 0.017457960173487663
v 0.08538097143173218 0.00829994585365057 0.019979000091552734
v 0.0750809907913208 0.00829994585365057 0.01956694945693016
v 0.004093945026397705 0.011799990199506283 -0.024640969932079315
v 0.004216969013214111 0.013284980319440365 -0.024899950250983238
v 0.004376946948468685 0.01177894975990057 -0.02601896971464157
v -0.026683980599045753 0.011834969744086266 0.00525397015735507
v -0.02633398026227951 0.011694960296154022 0.006572960875928402
v -0.025985000655055046 0.011729000136256218 0.00690799904987216
v -0.019862940534949303 0.011559960432350636 0.014150969684123993
v -0.0198739692568779 0.017837999388575554 0.013756990432739258
v -0.019882969558238983 0.01780897006392479 0.013731949962675571
v 0.07512497156858444 0.003994940780103207 -0.005915998946875334
v 0.0751369521021843 0.0038529629819095135 -0.005335986148566008
v 0.07496798038482666 0.0 -0.027369970455765724
v 0.010625950060784817 0.013286939822137356 0.019360950216650963
v 0.012426969595253468 0.013817960396409035 0.018184950575232506
v 0.012850989587605 0.01177894975990057 0.017796989530324936
v 0.07517998665571213 0.006159961223602295 0.007180987857282162
v 0.07517796009778976 0.006186962127685547 0.007238984107971191
v 0.006219983100891113 0.011805949732661247 0.02417498081922531
v 0.006018995773047209 0.013284980319440365 0.023864980787038803
v 0.0055849552154541016 0.011819000355899334 0.02379298023879528
v -0.002324997913092375 0.01163696963340044 -0.024276969954371452
v -0.002206980949267745 0.018180960789322853 -0.024146970361471176
v -0.0019409649539738894 0.011660990305244923 -0.024203000590205193
v 0.07377499341964722 0.008265972137451172 -0.01974296011030674
v 0.0737069770693779 0.008282959461212158 -0.020369939506053925
v 0.09548299759626389 0.008248983882367611 -0.019632989540696144
v -0.019861990585923195 0.011559960432350636 0.014155980199575424
v -0.0198739692568779 0.017837999388575554 0.013756990432739258
v -0.019862940534949303 0.011559960432350636 0.014150969684123993
v 0.03997498005628586 -0.02453397959470749 -0.011164960451424122
v 0.027728969231247902 -0.024526000022888184 -0.010069959796965122
v 0.006772994063794613 0.011820970103144646 -0.020782940089702606
v 0.007474957965314388 0.013284980319440365 -0.020600970834493637
v 0.006754993926733732 0.013284980319440365 -0.02074396051466465
v -0.0207819901406765 0.01176995038986206 0.011290960013866425
v -0.020631959661841393 0.014963979832828045 0.011441940441727638
v -0.020756950601935387 0.014811989851295948 0.011230939999222755
v 0.024388959631323814 0.011410949751734734 5.699999746866524e-05
v 0.024388959631323814 0.011410949751734734 5.499999679159373e-05
v 0.024388959631323814 0.011410949751734734 5.2999999752501026e-05
v 0.07532297819852829 0.004115997813642025 0.009269951842725277
v 0.0753219723701477 0.004098950885236263 0.00919497013092041
v 0.08308196067810059 0.004110991023480892 0.00927799940109253
v -0.005735992919653654 0.011482950299978256 0.023706970736384392
v -0.0023269650992006063 0.011561979539692402 0.024277979508042336
v -0.0022429819218814373 0.01827996037900448 0.024149000644683838
v 0.07514595240354538 0.006664990913122892 0.007432997226715088
v 0.08308196067810059 0.006589949131011963 0.007431983016431332
v 0.07419896125793457 0.008248983882367611 -0.015576950274407864
v 0.07405798882246017 0.00824797060340643 -0.016981950029730797
v 0.09459400177001953 0.008223949931561947 -0.016999950632452965
v 0.07501094788312912 0.0069119930267333984 -0.0074369898065924644
v 0.07501500099897385 0.006768940947949886 -0.007421969901770353
v 0.083297960460186 0.006620943080633879 -0.007405995856970549
v 0.07437396049499512 0.00829994585365057 -0.013723960146307945
v 0.09339498728513718 0.008292973041534424 -0.011722980067133904
v 0.07457195967435837 0.008294998668134212 -0.011773999780416489
v 0.07506299018859863 0.00829994585365057 0.015105959959328175
v 0.07505898922681808 0.008274972438812256 0.013677950017154217
v 0.09493499249219894 0.00829994585365057 0.014652960002422333
v 0.0017989870393648744 0.011708970181643963 0.024137970060110092
v 0.0020349619444459677 0.01455795019865036 0.02415895089507103
v 0.0018159740138798952 0.01461797021329403 0.02408795990049839
v 0.015359990298748016 0.011712959967553616 0.015786999836564064
v 0.01937996968626976 0.011604960076510906 0.010505969636142254
v 0.019454000517725945 0.011603949591517448 0.01033794041723013
v 0.07508199661970139 0.0060439701192080975 -0.004159986041486263
v 0.07508599013090134 0.006025969050824642 -0.0039059510454535484
v 0.08344297856092453 0.006030975840985775 -0.005774973891675472
v 0.012837939895689487 0.011719999834895134 -0.017802949994802475
v 0.012253990396857262 0.014209980145096779 -0.018319960683584213
v 0.010095000267028809 0.01360797043889761 -0.01973198913037777
v 0.015359990298748016 0.011712959967553616 0.015786999836564064
v 0.014854960143566132 0.014548949897289276 0.01602094992995262
v 0.01612197980284691 0.015010950155556202 0.014856990426778793
v -0.02584999054670334 0.011747949756681919 -0.006936966907233
v -0.023253969848155975 0.01193499006330967 -0.007437943946570158
v -0.022186990827322006 0.011757959611713886 -0.010119969956576824
v 0.006486951839178801 0.011784969829022884 0.024988939985632896
v 0.006716966163367033 0.011759989894926548 0.025690969079732895
v 0.006371974013745785 0.013285989873111248 0.024441950023174286
v 0.07533495873212814 0.0 0.026570970192551613
v 0.07538300007581711 0.0 0.026533959433436394
v 0.017908990383148193 0.011498980224132538 0.016558999195694923
v 0.020667970180511475 0.011482950299978256 0.012952979654073715
v 0.02046399936079979 0.025276949629187584 0.01282494980841875
v 0.07515095919370651 0.006589949131011963 0.007431983016431332
v 0.0006949999369680882 0.011793970130383968 -0.02366494946181774
v 0.00095699995290488 0.013284980319440365 -0.02374798059463501
v 0.001088976045139134 0.013284980319440365 -0.023803940042853355
v 0.016156969591975212 0.01049994956701994 0.024251990020275116
v 0.016326960176229477 0.01049994956701994 0.024021979421377182
v -0.01999294012784958 0.011590950191020966 0.013775999657809734
v -0.025664979591965675 0.011781989596784115 0.0069779749028384686
v -0.019884999841451645 0.011565979570150375 0.014087970368564129
v 0.07560496777296066 -0.020362969487905502 0.02221697010099888
v 0.07561098784208298 -0.019982989877462387 0.022438999265432358
v 0.07626897096633911 -0.020461969077587128 0.022159989923238754
v 0.07508999109268188 0.007635951042175293 0.010423949919641018
v 0.088779978454113 0.006618976127356291 0.009665966033935547
v 0.09074097126722336 0.007581948768347502 0.010383959859609604
v -0.02351200021803379 0.011936959810554981 0.007210968993604183
v -0.02349996007978916 0.013284980319440365 0.007095992099493742
v -0.023528989404439926 0.011937970295548439 0.007185995113104582
v 0.0067479610443115234 0.011757959611713886 0.02574199065566063
v 0.007329999934881926 0.011753969825804234 0.026105990633368492
v 0.0073699951171875 0.013286939822137356 0.026074999943375587
v -0.0019409649539738894 0.011660990305244923 -0.024203000590205193
v -0.0019309519557282329 0.01166194025427103 -0.024199960753321648
v 0.004376946948468685 0.01177894975990057 -0.02601896971464157
v 0.016566989943385124 0.01162797026336193 -0.014716980047523975
v 0.017979970201849937 0.01681298017501831 -0.013063959777355194
v 0.015131950378417969 0.01529895979911089 -0.01571797952055931
v 0.0737069770693779 0.008282959461212158 -0.020369939506053925
v 0.07368098944425583 0.008292973041534424 -0.02060496062040329
v 0.09548299759626389 0.008248983882367611 -0.019632989540696144
v -0.019861990585923195 0.011559960432350636 0.014155980199575424
v -0.017663000151515007 0.011482950299978256 0.016820959746837616
v -0.019740989431738853 0.018278950825333595 0.014122960157692432
v 0.01790595054626465 0.011482950299978256 -0.016562990844249725
v 0.01443296018987894 0.02004295028746128 -0.01947695016860962
v 0.015345989726483822 0.02149396948516369 -0.018624959513545036
v -0.016434960067272186 0.011738000437617302 0.014568979851901531
v -0.017587950453162193 0.014510979875922203 0.012783999554812908
v -0.0171470008790493 0.014941990375518799 0.0134349400177598
v 0.005011974833905697 0.011845939792692661 0.021353960037231445
v 0.004235981963574886 0.013284980319440365 0.021562989801168442
v 0.005969941150397062 0.013284980319440365 0.02099894918501377
v 0.01037800032645464 0.013284980319440365 0.022392980754375458
v 0.01030099019408226 0.013284980319440365 0.022511949762701988
v 0.01042299997061491 0.011820970103144646 0.0224909707903862
v -0.002206980949267745 0.018180960789322853 -0.024146970361471176
v -0.0022049539256840944 0.018180960789322853 -0.02414095029234886
v -0.0018499490106478333 0.01728600077331066 -0.02405094914138317
v 0.0751909613609314 0.006137967109680176 0.009672999382019043
v 0.07520394772291183 0.00595200015231967 0.009620963595807552
v 0.08670598268508911 0.005915998946875334 0.009619951248168945
v 0.008667944930493832 0.011808989569544792 -0.022852949798107147
v 0.008828996680676937 0.013284980319440365 -0.0227239690721035
v 0.008843958377838135 0.013284980319440365 -0.022716989740729332
v 0.07514195889234543 0.0038299560546875 -0.005035995971411467
v 0.08314698189496994 0.003834961913526058 -0.005339980125427246
v 0.08315198868513107 0.0038009879644960165 -0.005035995971411467
v 0.015660999342799187 0.011643939651548862 0.018234960734844208
v 0.020667970180511475 0.011482950299978256 0.012952979654073715
v 0.022711990401148796 0.011482950299978256 0.008893965743482113
v 0.07492297142744064 0.007499991916120052 -0.010176950134336948
v 0.07484698295593262 0.007723987102508545 -0.010400949977338314
v 0.09072499722242355 0.0076149702072143555 -0.010256939567625523
v -0.023859970271587372 0.01192294992506504 -0.007006943225860596
v -0.02584999054670334 0.011747949756681919 -0.006936966907233
v -0.02444899082183838 0.013284980319440365 -0.006950973998755217
v 0.028604980558156967 -0.024589000269770622 0.0033939480781555176
v 0.02860599011182785 -0.024591980502009392 0.0033869741018861532
v 0.02861296944320202 -0.024589000269770622 0.003389954101294279
v 0.017161959782242775 0.01157999038696289 0.01711595058441162
v 0.01721297949552536 0.01157497987151146 0.017077980563044548
v 0.020667970180511475 0.011482950299978256 0.012952979654073715
v -0.019862940534949303 0.011559960432350636 0.014150969684123993
v -0.017663000151515007 0.011482950299978256 0.016820959746837616
v -0.019884999841451645 0.011565979570150375 0.014087970368564129
v 0.07358098030090332 0.007758975028991699 -0.022852949798107147
v 0.006154953967779875 0.01182997040450573 -0.020986970514059067
v 0.0059279790148139 0.01183199044317007 -0.02106194943189621
v -0.021802959963679314 0.012067969888448715 -0.0019319650018587708
v 0.0059279790148139 0.01183199044317007 -0.02106194943189621
v 0.006154953967779875 0.01182997040450573 -0.020986970514059067
v 0.008667944930493832 0.011808989569544792 -0.022852949798107147
v -0.009388983249664307 0.011633990332484245 0.01988399028778076
v -0.010885000228881836 0.011648950167000294 0.018883999437093735
v -0.010856980457901955 0.0168379507958889 0.018805980682373047
v 0.06891000270843506 0.010441949591040611 -0.026502959430217743
v 0.0725509524345398 0.010437959805130959 -0.02674799971282482
v 0.060847990214824677 0.010441949591040611 -0.02672594040632248
v 0.07528995722532272 0.0 0.026605959981679916
v 0.07532799243927002 0.0 0.026575980708003044
v -0.02192497067153454 0.011750989593565464 -0.010424969717860222
v -0.021282970905303955 0.014681990258395672 -0.010835940018296242
v -0.020842960104346275 0.011766970157623291 -0.011230939999222755
v -0.013855990022420883 0.011690969578921795 -0.01689797081053257
v -0.010885000228881836 0.01167398039251566 -0.018883999437093735
v -0.010856980457901955 0.0168379507958889 -0.018805980682373047
v 0.019849000498652458 0.016825970262289047 0.00883698370307684
v 0.019837969914078712 0.0168379507958889 0.008831976912915707
v 0.019838979467749596 0.016824960708618164 0.008830963633954525
v 0.07501500099897385 0.006768940947949886 -0.007421969901770353
v 0.07501798123121262 0.00669097900390625 -0.007412970066070557
v 0.083297960460186 0.006620943080633879 -0.007405995856970549
v -0.021573960781097412 0.012065939605236053 -0.0030849569011479616
v 0.0059279790148139 0.01183199044317007 -0.02106194943189621
v 0.005612968932837248 0.011833960190415382 -0.021165959537029266
v 0.005612968932837248 0.011833960190415382 -0.021165959537029266
v 0.0059279790148139 0.01183199044317007 -0.02106194943189621
v 0.008667944930493832 0.011808989569544792 -0.022852949798107147
v -0.02001696079969406 0.011603949591517448 -0.013567980378866196
v -0.020150000229477882 0.011708970181643963 -0.01242494024336338
v -0.019899960607290268 0.017650960013270378 -0.013624959625303745
v 0.008791983127593994 0.011750989593565464 -0.024956999346613884
v 0.008752942085266113 0.013284980319440365 -0.02486198954284191
v 0.008797942660748959 0.011751939542591572 -0.024931959807872772
v 0.07516597956418991 0.0038299560546875 -0.0032069680746644735
v 0.07514195889234543 0.0038299560546875 -0.005035995971411467
v 0.08315198868513107 0.0038009879644960165 -0.005035995971411467
v 0.07368098944425583 0.008292973041534424 -0.02060496062040329
v 0.07734899967908859 0.00829994585365057 -0.020801959559321404
v 0.09548299759626389 0.008248983882367611 -0.019632989540696144
v -0.0012639759806916118 0.011634940281510353 0.023912960663437843
v -0.0018599620088934898 0.011601979844272137 0.024169979616999626
v 0.007329999934881926 0.011753969825804234 0.026105990633368492
v 0.07493895292282104 -0.022299999371170998 -0.000371000001905486
v 0.022038990631699562 0.011534979566931725 0.0016799559816718102
v 0.020966939628124237 0.011563950218260288 0.007075964938849211
v 0.02171497978270054 0.0168379507958889 0.004615962039679289
v 0.0751369521021843 0.0038529629819095135 -0.005335986148566008
v 0.07512497156858444 0.003994940780103207 -0.005915998946875334
v 0.08314698189496994 0.003834961913526058 -0.005339980125427246
v 0.07527101039886475 0.004982947837561369 0.00960397720336914
v 0.07527697086334229 0.004883944056928158 0.009602962993085384
v 0.08308196067810059 0.004782973788678646 0.009600996039807796
v -0.025664979591965675 0.011781989596784115 0.0069779749028384686
v -0.0236279908567667 0.011931000277400017 0.007171988021582365
v -0.02444899082183838 0.013284980319440365 0.006950973998755217
v -0.009363949298858643 0.01167398039251566 -0.01976197026669979
v -0.00788098480552435 0.011664980091154575 -0.020752960816025734
v -0.006859958171844482 0.0168379507958889 -0.021112969145178795
v 0.014671980403363705 0.011730959638953209 0.016268959268927574
v 0.014595979824662209 0.014463960193097591 0.016198990866541862
v 0.014743980020284653 0.014507940039038658 0.016096940264105797
v 0.07505898922681808 0.008140981197357178 0.01125096995383501
v 0.07506698369979858 0.00799095630645752 0.010783970355987549
v 0.07495898008346558 0.00849997904151678 -0.00746494485065341
v 0.07496798038482666 0.0 -0.027369970455765724
v 0.07491999119520187 -0.002058981917798519 -0.026279980316758156
v 0.07427798956632614 -0.024451969191432 -0.02279496006667614
v 0.0005489999894052744 0.011836940422654152 -0.022134000435471535
v -0.020708970725536346 0.012041980400681496 -0.0073049659840762615
v -0.02085994929075241 0.012049970217049122 -0.006544947158545256
v -0.02085994929075241 0.012049970217049122 -0.006544947158545256
v 0.07405798882246017 0.00824797060340643 -0.016981950029730797
v 0.09455697983503342 0.00829994585365057 -0.017937950789928436
v 0.09459400177001953 0.008223949931561947 -0.016999950632452965
v 0.016455940902233124 0.010599969886243343 -0.024842970073223114
v 0.01544295996427536 0.010580950416624546 -0.025648949667811394
v 0.00861894991248846 0.011743959970772266 -0.0255849901586771
v 0.07506096363067627 0.0060439701192080975 -0.005773961078375578
v 0.08324795216321945 0.006110966205596924 -0.0067109460942447186
v 0.07504796236753464 0.006111979018896818 -0.00657695485278964
v 0.014673939906060696 0.011675000190734863 -0.016270989552140236
v 0.01427495013922453 0.014824979938566685 -0.016468999907374382
v 0.01391397975385189 0.014699989929795265 -0.01680099032819271
v 0.010791949927806854 0.011833960190415382 0.021866969764232635
v 0.010524979792535305 0.013285989873111248 0.022165950387716293
v 0.01042299997061491 0.011820970103144646 0.0224909707903862
v -0.02001696079969406 0.011603949591517448 -0.013567980378866196
v -0.015107979997992516 0.011482950299978256 -0.019148999825119972
v -0.017663000151515007 0.011482950299978256 -0.016820959746837616
v 0.006018995773047209 0.013284980319440365 0.023864980787038803
v 0.006176948081701994 0.013284980319440365 0.023959990590810776
v 0.006162940990179777 0.01377295982092619 0.023888999596238136
v 0.010710950009524822 0.013286939822137356 0.02187996916472912
v 0.010679960250854492 0.013286939822137356 0.0219039898365736
v 0.010336989536881447 0.013284980319440365 0.019553950056433678
v 0.010625950060784817 0.013286939822137356 0.019360950216650963
v 0.008921979926526546 0.013284980319440365 -0.02013099007308483
v 0.008953987620770931 0.013284980319440365 -0.020120970904827118
v 0.008921979926526546 0.013284980319440365 -0.02013099007308483
v 0.008843958377838135 0.013284980319440365 -0.022716989740729332
v 0.008953987620770931 0.013284980319440365 -0.020120970904827118
v 0.008843958377838135 0.013284980319440365 -0.022716989740729332
v 0.008828996680676937 0.013284980319440365 -0.0227239690721035
v 0.008752942085266113 0.013284980319440365 -0.02486198954284191
v -0.0006549999816343188 0.01582998037338257 0.023573990911245346
v -0.0018359420355409384 0.018278950825333595 0.02402495965361595
v -0.0016979570500552654 0.01749294064939022 0.023980969563126564
v -0.0006859999848529696 0.011742940172553062 -0.023661969229578972
v -0.001073956023901701 0.01504599954932928 -0.0237649604678154
v -0.0007599999662488699 0.014265949837863445 -0.023646950721740723
v -0.010856980457901955 0.0168379507958889 -0.018805980682373047
v -0.010856980457901955 0.0168379507958889 -0.018805980682373047
v -0.014854960143566132 0.0168379507958889 -0.016497960314154625
v -0.021573960781097412 0.012065939605236053 -0.0030849569011479616
v -0.021286960691213608 0.012058969587087631 -0.0045279860496521
v -0.021326949819922447 0.013284980319440365 -0.004265964031219482
v -0.014958970248699188 0.025276949629187584 0.01895998977124691
v 0.0006929999799467623 0.013285989873111248 0.022072970867156982
v 0.0009180000051856041 0.011796950362622738 0.022166959941387177
v 0.00038499999209307134 0.013285989873111248 0.0220409594476223
v -0.020756950601935387 0.014763950370252132 -0.011231949552893639
v -0.020842960104346275 0.011766970157623291 -0.011230939999222755
v -0.021282970905303955 0.014681990258395672 -0.010835940018296242
v 0.003847955958917737 0.013284980319440365 0.021640000864863396
v 0.005011974833905697 0.011845939792692661 0.021353960037231445
v 0.002533972030505538 0.011844989843666553 0.0218469500541687
v 0.003662942908704281 0.013284980319440365 -0.024182969704270363
v 0.004126965068280697 0.013284980319440365 -0.02454995922744274
v 0.0034979579504579306 0.011808989569544792 -0.024190960451960564
v 0.0018159740138798952 0.01461797021329403 0.02408795990049839
v 0.0020349619444459677 0.01455795019865036 0.02415895089507103
v 0.0018359420355409384 0.018278950825333595 0.02402495965361595
v 0.002863943111151457 0.014006970450282097 0.02413295954465866
v -0.0022669429890811443 0.014524989761412144 0.021645959466695786
v -0.0015629519475623965 0.014241989701986313 0.021791990846395493
v 0.00675994111225009 0.013286939822137356 0.025722980499267578
v 0.00675994111225009 0.013285989873111248 0.025722980499267578
v 0.0073699951171875 0.013286939822137356 0.026074999943375587
v -0.021553989499807358 0.014663989655673504 0.0106349503621459
v -0.02199196070432663 0.014521949924528599 0.010251989588141441
v -0.019025979563593864 0.013285989873111248 0.01083099003881216
v -0.022151939570903778 0.014440950006246567 0.01008498016744852
v -0.025801949203014374 0.013285989873111248 0.006916998885571957
v -0.022707989439368248 0.013285989873111248 0.008703947067260742
v -0.021296970546245575 0.014710959978401661 0.01082598976790905
v -0.020631959661841393 0.014963979832828045 0.011441940441727638
v -0.021553989499807358 0.014663989655673504 0.0106349503621459
v 0.01030099019408226 0.013284980319440365 0.022511949762701988
v 0.010418949648737907 0.011819950304925442 0.022514989599585533
v 0.010415970347821712 0.011819950304925442 0.022501999512314796
v -0.002262949012219906 0.01181000005453825 -0.02170496992766857
v -0.0028449890669435263 0.013285989873111248 -0.02155797928571701
v -0.0029589529149234295 0.013286939822137356 -0.02153599075973034
v -0.01923798955976963 0.013284980319440365 -0.010389979928731918
v -0.022628959268331528 0.013285989873111248 -0.008943974040448666
v -0.018830949440598488 0.013284980319440365 -0.010948950424790382
v -0.0022649760358035564 0.013284980319440365 -0.02167396992444992
v -0.0020849700085818768 0.013284980319440365 -0.021709969267249107
v -0.018830949440598488 0.013284980319440365 -0.010948950424790382
v 0.0006249999860301614 0.013284980319440365 -0.02360795997083187
v 0.0006440000142902136 0.013284980319440365 -0.023620959371328354
v 0.00095699995290488 0.013284980319440365 -0.02374798059463501
v 0.0006440000142902136 0.013284980319440365 -0.023620959371328354
v 0.0006440000142902136 0.013284980319440365 -0.023620959371328354
v 0.004397987853735685 0.013284980319440365 -0.025987980887293816
v 0.01983696036040783 0.016824960708618164 0.008835971355438232
v 0.020074959844350815 0.011587969958782196 0.008925974369049072
v 0.019454000517725945 0.011603949591517448 0.01033794041723013
v -0.020938990637660027 0.013284980319440365 0.006214975845068693
v -0.021286960691213608 0.012058969587087631 0.0045279860496521
v -0.021274980157613754 0.013284980319440365 0.004524946212768555
v 0.011007959954440594 0.013942000456154346 -0.0216749906539917
v 0.01391397975385189 0.014699989929795265 -0.01680099032819271
v 0.010632989928126335 0.013799959793686867 -0.02192497067153454
v 0.01391397975385189 0.014699989929795265 -0.01680099032819271
v 0.01427495013922453 0.014824979938566685 -0.016468999907374382
v 0.02171497978270054 0.0168379507958889 -0.004615962039679289
v 0.010261950083076954 0.013683970086276531 -0.022071950137615204
v 0.010631970129907131 0.011738000437617302 -0.02194695919752121
v 0.010466990061104298 0.011743959970772266 -0.022018959745764732
v -0.021553989499807358 0.014663989655673504 0.0106349503621459
v -0.02190995030105114 0.011758980341255665 0.010434979572892189
v -0.020843980833888054 0.011770959943532944 0.011229990050196648
v 0.008244991302490234 0.013284980319440365 -0.023544959723949432
v 0.008365987800061703 0.01179599016904831 -0.023534949868917465
v 0.008383989334106445 0.013284980319440365 -0.023821940645575523
v 0.0038029549177736044 0.013285989873111248 0.024014940485358238
v 0.002863943111151457 0.014006970450282097 0.02413295954465866
v 0.002199946902692318 0.011712959967553616 0.02426600083708763
v 0.01612197980284691 0.015010950155556202 0.014856990426778793
v 0.01983696036040783 0.016824960708618164 0.008835971355438232
v 0.017979970201849937 0.01681298017501831 0.013063959777355194
v 0.013389999978244305 0.014118960127234459 0.01985895074903965
v 0.014073959551751614 0.014882979914546013 0.01933497004210949
v 0.010843990370631218 0.013286939822137356 0.024520989507436752
v -0.022617990151047707 0.013285989873111248 -0.008969961665570736
v -0.022614000365138054 0.013285989873111248 -0.00897896196693182
v -0.022186990827322006 0.011757959611713886 -0.010119969956576824
v 0.0020349619444459677 0.01455795019865036 0.02415895089507103
v 0.002209960948675871 0.014508959837257862 0.024214979261159897
v 0.0073699951171875 0.013286939822137356 0.026074999943375587
v -0.0031449790112674236 0.014966960065066814 0.021543970331549644
v -0.010856980457901955 0.0168379507958889 0.018805980682373047
v -0.014854960143566132 0.0168379507958889 0.016497960314154625
v -0.022614000365138054 0.013285989873111248 -0.00897896196693182
v -0.01832997053861618 0.013285989873111248 -0.011699969880282879
v -0.022617990151047707 0.013285989873111248 -0.008969961665570736
v -0.01832997053861618 0.013285989873111248 -0.011699969880282879
v -0.0029589529149234295 0.013286939822137356 -0.02153599075973034
v -0.0028449890669435263 0.013285989873111248 -0.02155797928571701
v -0.0028449890669435263 0.013285989873111248 -0.02155797928571701
v 0.000299000006634742 0.013286939822137356 -0.023616960272192955
v 0.00038800001493655145 0.013285989873111248 -0.023616960272192955
v 0.000299000006634742 0.013286939822137356 -0.023616960272192955
v 0.004547953139990568 0.013285989873111248 -0.026264959946274757
v 0.00038800001493655145 0.013285989873111248 -0.023616960272192955
v 0.004547953139990568 0.013285989873111248 -0.026264959946274757
v 0.004601954948157072 0.013286939822137356 -0.026365989819169044
v 0.005137979052960873 0.013285989873111248 -0.02664094977080822
v -0.0022639629896730185 0.018222980201244354 -0.02412199042737484
v -0.002209960948675871 0.018184950575232506 -0.024138979613780975
v -0.002206980949267745 0.018180960789322853 -0.024146970361471176
v -0.02060699090361595 0.014981980435550213 -0.011484979651868343
v -0.02029394917190075 0.015486950054764748 -0.012009969912469387
v -0.02016800083220005 0.01171397976577282 -0.012357950210571289
v -0.002209960948675871 0.018184950575232506 -0.024138979613780975
v -0.003074944019317627 0.01161396037787199 -0.02415096014738083
v -0.004728971980512142 0.011559960432350636 -0.02387499064207077
v -0.022210950031876564 0.013284980319440365 0.0
v -0.021802959963679314 0.012067969888448715 -0.0019319650018587708
v -0.0216599702835083 0.013284980319440365 -0.0025909540709108114
v 0.005539000034332275 0.013284980319440365 0.02375096082687378
v 0.004821956157684326 0.013285989873111248 0.023872969672083855
v 0.0055849552154541016 0.011819000355899334 0.02379298023879528
v 0.0006249999860301614 0.013284980319440365 -0.02360795997083187
v 0.0006409999914467335 0.011792950332164764 -0.023642949759960175
v 0.0006099999882280827 0.011792000383138657 -0.023642949759960175
v 0.0006440000142902136 0.013284980319440365 -0.023620959371328354
v 0.0006949999369680882 0.011793970130383968 -0.02366494946181774
v 0.0006409999914467335 0.011792950332164764 -0.023642949759960175
v -0.020129969343543053 0.013284980319440365 0.009192942641675472
v 0.005969941150397062 0.013284980319440365 0.02099894918501377
v 0.003847955958917737 0.013284980319440365 0.021640000864863396
v -0.02039599046111107 0.013284980319440365 0.008822976611554623
v -0.023211950436234474 0.013284980319440365 0.007592976093292236
v -0.023253969848155975 0.013284980319440365 0.0075029730796813965
v -0.023253969848155975 0.013284980319440365 0.0075029730796813965
v -0.023211950436234474 0.013284980319440365 0.007592976093292236
v 0.006018995773047209 0.013284980319440365 0.023864980787038803
v 0.005711971782147884 0.013284980319440365 0.02377294935286045
v 0.0055849552154541016 0.011819000355899334 0.02379298023879528
v 0.004216969013214111 0.013284980319440365 -0.024899950250983238
v 0.004397987853735685 0.013284980319440365 -0.025987980887293816
v 0.004376946948468685 0.01177894975990057 -0.02601896971464157
v -0.022151939570903778 0.014440950006246567 0.01008498016744852
v -0.02192096970975399 0.011759989894926548 0.010421990416944027
v -0.02199196070432663 0.014521949924528599 0.010251989588141441
v 0.010434979572892189 0.013284980319440365 0.022305959835648537
v 0.010050949640572071 0.013284980319440365 0.0197449903935194
v 0.010336989536881447 0.013284980319440365 0.019553950056433678
v 0.006754993926733732 0.013284980319440365 -0.02074396051466465
v 0.007474957965314388 0.013284980319440365 -0.020600970834493637
v 0.008921979926526546 0.013284980319440365 -0.02013099007308483
v 0.008244991302490234 0.013284980319440365 -0.023544959723949432
v 0.008301973342895508 0.013284980319440365 -0.023418959230184555
v 0.006754993926733732 0.013284980319440365 -0.02074396051466465
v 0.008383989334106445 0.013284980319440365 -0.023821940645575523
v 0.008385956287384033 0.013284980319440365 -0.023826949298381805
v 0.008752942085266113 0.013284980319440365 -0.02486198954284191
v -0.021282970905303955 0.014681990258395672 -0.010835940018296242
v -0.020756950601935387 0.014763950370252132 -0.011231949552893639
v -0.01831096038222313 0.013285989873111248 -0.011729000136256218
v -0.02060699090361595 0.014981980435550213 -0.011484979651868343
v -0.021282970905303955 0.014681990258395672 -0.010835940018296242
v -0.02187298983335495 0.014572969637811184 -0.010380979627370834
v -0.022038990631699562 0.014519980177283287 -0.010236970148980618
v -0.022152960300445557 0.014409950003027916 -0.01008498016744852
v -0.02586298994719982 0.013285989873111248 -0.006903945934027433
v -0.004320979118347168 0.014093990437686443 -0.021247979253530502
v -0.005667984019964933 0.015160970389842987 -0.021156959235668182
v -0.0007599999662488699 0.014265949837863445 -0.023646950721740723
v 0.000299000006634742 0.013286939822137356 -0.023616960272192955
v -0.0007599999662488699 0.014265949837863445 -0.023646950721740723
v 0.004601954948157072 0.013286939822137356 -0.026365989819169044
v 0.0006519999587908387 0.014808950014412403 0.02359098009765148
v 0.000678999989759177 0.01170498039573431 0.023660000413656235
v 0.001208961009979248 0.014715960249304771 0.023826949298381805
v 0.005711971782147884 0.013284980319440365 0.02377294935286045
v 0.005539000034332275 0.013284980319440365 0.02375096082687378
v 0.0055849552154541016 0.011819000355899334 0.02379298023879528
v -0.020387940108776093 0.013284980319440365 -0.008805990219116211
v -0.020428000018000603 0.01197099033743143 -0.008723974227905273
v -0.019318990409374237 0.011913949623703957 -0.010248949751257896
v 0.011915979906916618 0.01453595981001854 -0.021112969145178795
v 0.014775989577174187 0.015109949745237827 -0.016049979254603386
v 0.01427495013922453 0.014824979938566685 -0.016468999907374382
v 0.014580960385501385 0.014988950453698635 -0.016184980049729347
v 0.015131950378417969 0.01529895979911089 -0.01571797952055931
v 0.01983696036040783 0.016824960708618164 -0.008835971355438232
v 0.019838979467749596 0.016824960708618164 -0.008831976912915707
v 0.01983696036040783 0.016824960708618164 -0.008835971355438232
v 0.01983696036040783 0.016824960708618164 -0.008835971355438232
v -0.017610959708690643 0.011805949732661247 0.012806950137019157
v -0.01870495080947876 0.01186096016317606 0.011301989667117596
v -0.019025979563593864 0.013285989873111248 0.01083099003881216
v 0.010632989928126335 0.013799959793686867 -0.02192497067153454
v 0.01232600025832653 0.014229949563741684 -0.018254989758133888
v 0.01391397975385189 0.014699989929795265 -0.01680099032819271
v 0.022197959944605827 0.016839979216456413 0.0
v 0.01232600025832653 0.014229949563741684 -0.018254989758133888
v 0.006018995773047209 0.013284980319440365 0.023864980787038803
v 0.005711971782147884 0.013284980319440365 0.02377294935286045
v 0.003847955958917737 0.013284980319440365 0.021640000864863396
v -0.019732950255274773 0.013284980319440365 0.009787975810468197
v 0.003847955958917737 0.013284980319440365 0.021640000864863396
v 0.0006929999799467623 0.013285989873111248 0.022072970867156982
v -0.020129969343543053 0.013284980319440365 0.009192942641675472
v -0.023145969957113266 0.013284980319440365 0.0077349538914859295
v 0.004972993861883879 0.013284980319440365 -0.02133296988904476
v 0.005612968932837248 0.011833960190415382 -0.021165959537029266
v 0.0059279790148139 0.01183199044317007 -0.02106194943189621
v 0.017087990418076515 0.021227000281214714 0.016961989924311638
v 0.017728980630636215 0.025276949629187584 0.016398960724473
v 0.010465970262885094 0.013284980319440365 0.025074949488043785
v -0.02008794993162155 0.015834979712963104 0.012354959733784199
v -0.020150000229477882 0.011712959967553616 0.01242494024336338
v -0.019903000444173813 0.017613939940929413 0.013596950098872185
v 0.0018079869914799929 0.013284980319440365 -0.02411096915602684
v 0.001818954013288021 0.011805949732661247 -0.024141959846019745
v 0.0017999409465119243 0.011805949732661247 -0.02413593977689743
v -0.02586298994719982 0.013285989873111248 -0.006903945934027433
v -0.019740989431738853 0.018278950825333595 -0.014122960157692432
v -0.019880950450897217 0.017835969105362892 -0.013751979917287827
v -0.021274980157613754 0.013284980319440365 -0.004524946212768555
v -0.020878970623016357 0.012050979770720005 -0.006450951099395752
v -0.0207249503582716 0.013284980319440365 -0.007115960121154785
v -0.02199196070432663 0.014521949924528599 0.010251989588141441
v -0.02190995030105114 0.011758980341255665 0.010434979572892189
v -0.021881990134716034 0.014625960029661655 0.010390990413725376
v -0.0198739692568779 0.017837999388575554 0.013756990432739258
v -0.021553989499807358 0.014663989655673504 0.0106349503621459
v -0.021881990134716034 0.014625960029661655 0.010390990413725376
v -0.02199196070432663 0.014521949924528599 0.010251989588141441
v -0.023051969707012177 0.013284980319440365 -0.007872997783124447
v -0.023009000346064568 0.013284980319440365 -0.00799095630645752
v -0.023253969848155975 0.01193499006330967 -0.007437943946570158
v 0.012426969595253468 0.013817960396409035 0.018184950575232506
v 0.014595979824662209 0.014463960193097591 0.016198990866541862
v 0.012795980088412762 0.013897949829697609 0.020303960889577866
v 0.01232600025832653 0.014229949563741684 -0.018254989758133888
v 0.022197959944605827 0.016839979216456413 0.0
v 0.014595979824662209 0.014463960193097591 0.016198990866541862
v 0.008953987620770931 0.013284980319440365 -0.020120970904827118
v 0.00938498880714178 0.013436970300972462 -0.022459980100393295
v 0.010261950083076954 0.013683970086276531 -0.022071950137615204
v 0.00938498880714178 0.013436970300972462 -0.022459980100393295
v 0.008752942085266113 0.013284980319440365 -0.02486198954284191
v 0.010261950083076954 0.013683970086276531 -0.022071950137615204
v -0.0028039810713380575 0.018818970769643784 -0.023998970165848732
v -0.009029983542859554 0.011482950299978256 -0.022659000009298325
v -0.0045279860496521 0.020667970180511475 -0.023566959425807
v 0.0020349619444459677 0.01455795019865036 0.02415895089507103
v 0.0022239680401980877 0.01827996037900448 0.024146970361471176
v 0.0018359420355409384 0.018278950825333595 0.02402495965361595
v 0.013942950405180454 0.018692970275878906 -0.019801970571279526
v 0.01443296018987894 0.02004295028746128 -0.01947695016860962
v 0.014520999975502491 0.011599949561059475 -0.019594959914684296
v 0.019840950146317482 0.016824960708618164 0.00882798433303833
v 0.020966939628124237 0.011563950218260288 0.007075964938849211
v 0.02027595043182373 0.011581949889659882 0.008625984191894531
v 0.017008960247039795 0.020969979465007782 0.017025940120220184
v 0.010465970262885094 0.013284980319440365 0.025074949488043785
v 0.010843990370631218 0.013286939822137356 0.024520989507436752
v 0.01983696036040783 0.016824960708618164 -0.008835971355438232
v 0.019479990005493164 0.011573970317840576 -0.010354990139603615
v 0.02003997005522251 0.011566990055143833 -0.009080946445465088
v -0.00130295695271343 0.013284980319440365 -0.02186495065689087
v -0.0009089999948628247 0.01183598954230547 -0.02197396010160446
v 0.0005489999894052744 0.011836940422654152 -0.022134000435471535
v -0.022707989439368248 0.013285989873111248 0.008703947067260742
v -0.019025979563593864 0.013285989873111248 0.01083099003881216
v -0.019025979563593864 0.013285989873111248 0.01083099003881216
v 0.00038499999209307134 0.013285989873111248 0.0220409594476223
v 0.00038499999209307134 0.013286939822137356 0.0220409594476223
v 0.00038499999209307134 0.013286939822137356 0.0220409594476223
v 0.0038029549177736044 0.013285989873111248 0.024014940485358238
v 0.0038029549177736044 0.013286939822137356 0.024014940485358238
v 0.0038029549177736044 0.013285989873111248 0.024014940485358238
v 0.00675994111225009 0.013285989873111248 0.025722980499267578
v 0.00675994111225009 0.013285989873111248 0.025722980499267578
v -0.0002539999841246754 0.01548600010573864 0.023579949513077736
v -0.0006409999914467335 0.011667960323393345 0.023644980043172836
v -0.0006219999631866813 0.011667960323393345 0.023644980043172836
v -0.020756950601935387 0.014811989851295948 0.011230939999222755
v -0.020843980833888054 0.011770959943532944 0.011229990050196648
v -0.020795999094843864 0.011770959943532944 0.011266940273344517
v -0.02039599046111107 0.013284980319440365 0.008822976611554623
v -0.020428000018000603 0.011959959752857685 0.008722960017621517
v -0.020757969468832016 0.012039950117468834 0.0071639409288764
v -0.0002539999841246754 0.01548600010573864 0.023579949513077736
v 0.0006519999587908387 0.014808950014412403 0.02359098009765148
v 0.0006889999494887888 0.025276949629187584 0.023411979898810387
v 0.006435989867895842 0.013284980319440365 0.02424997091293335
v 0.006225943099707365 0.011804989539086819 0.024191970005631447
v 0.006369947921484709 0.013285989873111248 0.02443695068359375
v -0.022781960666179657 0.013285989873111248 0.008512972854077816
v -0.023145969957113266 0.013284980319440365 0.0077349538914859295
v -0.019732950255274773 0.013284980319440365 0.009787975810468197
v -0.019732950255274773 0.013284980319440365 0.009787975810468197
v 0.0006929999799467623 0.013285989873111248 0.022072970867156982
v 0.00038499999209307134 0.013285989873111248 0.0220409594476223
v 0.0006929999799467623 0.013285989873111248 0.022072970867156982
v 0.0038029549177736044 0.013285989873111248 0.024014940485358238
v 0.00038499999209307134 0.013285989873111248 0.0220409594476223
v 0.0038029549177736044 0.013285989873111248 0.024014940485358238
v 0.0038989780005067587 0.013285989873111248 0.0240019503980875
v 0.00675994111225009 0.013285989873111248 0.025722980499267578
v -0.001842975034378469 0.017726000398397446 0.024038970470428467
v -0.0016979570500552654 0.01749294064939022 0.023980969563126564
v -0.0018359420355409384 0.018278950825333595 0.02402495965361595
v 0.008752942085266113 0.013284980319440365 -0.02486198954284191
v 0.008783996105194092 0.01175296027213335 -0.024892980232834816
v 0.008797942660748959 0.011751939542591572 -0.024931959807872772
v -0.022617990151047707 0.013285989873111248 -0.008969961665570736
v -0.01838194951415062 0.013285989873111248 -0.011621950194239616
v -0.022628959268331528 0.013285989873111248 -0.008943974040448666
v -0.01838194951415062 0.013285989873111248 -0.011621950194239616
v -0.0028449890669435263 0.013285989873111248 -0.02155797928571701
v -0.002524971030652523 0.013284980319440365 -0.021622000262141228
v 0.00046599996858276427 0.013285989873111248 -0.023616960272192955
v -0.002524971030652523 0.013284980319440365 -0.021622000262141228
v 0.00038800001493655145 0.013285989873111248 -0.023616960272192955
v 0.0006440000142902136 0.013284980319440365 -0.023620959371328354
v 0.0006249999860301614 0.013284980319440365 -0.02360795997083187
v 0.00046599996858276427 0.013285989873111248 -0.023616960272192955
v 0.004397987853735685 0.013284980319440365 -0.025987980887293816
v 0.004547953139990568 0.013285989873111248 -0.026264959946274757
v 0.005137979052960873 0.013285989873111248 -0.02664094977080822
v -0.021496949717402458 0.013284980319440365 0.003478944068774581
v -0.021286960691213608 0.012058969587087631 0.0045279860496521
v -0.021637970581650734 0.012070000171661377 0.00287794996984303
v 0.002210973994806409 0.013284980319440365 -0.024237990379333496
v 0.0023299450986087322 0.011804989539086819 -0.024251990020275116
v 0.0022009611129760742 0.011803979985415936 -0.02426397055387497
v -0.0045279860496521 0.020667970180511475 -0.023566959425807
v 0.005137979052960873 0.013285989873111248 -0.02664094977080822
v -0.0028039810713380575 0.018818970769643784 -0.023998970165848732
v 0.008535981178283691 0.013284980319440365 -0.022915000095963478
v 0.008692978881299496 0.013284980319440365 -0.02278696931898594
v 0.008667944930493832 0.011808989569544792 -0.022852949798107147
v -0.0014649620279669762 0.01616995967924595 -0.023907950147986412
v -0.0018499490106478333 0.01728600077331066 -0.02405094914138317
v 0.004601954948157072 0.013286939822137356 -0.026365989819169044
v -0.001842975034378469 0.017726000398397446 0.024038970470428467
v -0.0018359420355409384 0.018278950825333595 0.02402495965361595
v -0.0022429819218814373 0.01827996037900448 0.024149000644683838
v 0.005969941150397062 0.013284980319440365 0.02099894918501377
v -0.020938990637660027 0.013284980319440365 0.006214975845068693
v -0.021274980157613754 0.013284980319440365 0.004524946212768555
v -0.020938990637660027 0.013284980319440365 0.006214975845068693
v -0.02333693951368332 0.013284980319440365 0.007326960097998381
v -0.02349996007978916 0.013284980319440365 0.007095992099493742
v -0.02349996007978916 0.013284980319440365 0.007095992099493742
v -0.02333693951368332 0.013284980319440365 0.007326960097998381
v -0.023839950561523438 0.013284980319440365 0.006904959212988615
v -0.017610959708690643 0.011813989840447903 -0.012806950137019157
v -0.01832997053861618 0.013285989873111248 -0.011699969880282879
v -0.01838194951415062 0.013285989873111248 -0.011621950194239616
v -0.017590990290045738 0.014116999693214893 -0.012786979787051678
v -0.017610959708690643 0.011813989840447903 -0.012806950137019157
v -0.016550950706005096 0.011759989894926548 -0.014267980121076107
v -0.005667984019964933 0.015160970389842987 -0.021156959235668182
v -0.001073956023901701 0.01504599954932928 -0.0237649604678154
v -0.0007599999662488699 0.014265949837863445 -0.023646950721740723
v -0.001073956023901701 0.01504599954932928 -0.0237649604678154
v 0.015345989726483822 0.02149396948516369 -0.018624959513545036
v 0.017728980630636215 0.025276949629187584 -0.016398960724473
v 0.02046399936079979 0.025276949629187584 -0.01282494980841875
v -0.0171470008790493 0.014941990375518799 0.0134349400177598
v -0.015385979786515236 0.011684950441122055 0.016013970598578453
v -0.016434960067272186 0.011738000437617302 0.014568979851901531
v 0.0019159909570589662 0.013284980319440365 -0.024143990129232407
v 0.0022009611129760742 0.011803979985415936 -0.02426397055387497
v 0.001818954013288021 0.011805949732661247 -0.024141959846019745
v -0.02029394917190075 0.015486950054764748 -0.012009969912469387
v -0.02015596069395542 0.011712959967553616 -0.012377969920635223
v -0.02016800083220005 0.01171397976577282 -0.012357950210571289
v -0.02349996007978916 0.013284980319440365 0.007095992099493742
v -0.023564990609884262 0.011936959810554981 0.007165967952460051
v -0.023528989404439926 0.011937970295548439 0.007185995113104582
v 0.001208961009979248 0.014715960249304771 0.023826949298381805
v 0.0018159740138798952 0.01461797021329403 0.02408795990049839
v 0.0018359420355409384 0.018278950825333595 0.02402495965361595
v 0.014595979824662209 0.014463960193097591 0.016198990866541862
v 0.013326999731361866 0.011766970157623291 0.017479000613093376
v 0.012426969595253468 0.013817960396409035 0.018184950575232506
v -0.023652970790863037 0.013284980319440365 -0.007006943225860596
v -0.023783979937434196 0.011929979547858238 -0.00700294878333807
v -0.02376996912062168 0.013284980319440365 -0.006920992862433195
v 0.014854960143566132 0.014548949897289276 0.01602094992995262
v 0.01612197980284691 0.015010950155556202 0.014856990426778793
v 0.013389999978244305 0.014118960127234459 0.01985895074903965
v 0.012795980088412762 0.013897949829697609 0.020303960889577866
v -0.023223990574479103 0.013284980319440365 -0.0074079628102481365
v -0.023284969851374626 0.011938979849219322 -0.007370947860181332
v -0.02336394041776657 0.013284980319440365 -0.007216989062726498
v 0.0042289490811526775 0.013284980319440365 -0.021578960120677948
v 0.0009319999371655285 0.01183598954230547 -0.02217596024274826
v 0.005013941787183285 0.011833960190415382 -0.021363969892263412
v 0.006176948081701994 0.013284980319440365 0.023959990590810776
v 0.006472945213317871 0.013550990261137486 0.024261949583888054
v 0.006162940990179777 0.01377295982092619 0.023888999596238136
v -0.02057497948408127 0.015054999850690365 0.011536950245499611
v -0.02015596069395542 0.011716959998011589 0.012377969920635223
v -0.02008794993162155 0.015834979712963104 0.012354959733784199
v 0.006369947921484709 0.013285989873111248 0.02443695068359375
v 0.006371974013745785 0.013285989873111248 0.024441950023174286
v 0.00637096120044589 0.01329100038856268 0.024437960237264633
v 0.01030099019408226 0.013284980319440365 0.022511949762701988
v 0.010383959859609604 0.013284980319440365 0.02289997972548008
v 0.0075559611432254314 0.013284980319440365 0.02057497948408127
v -0.0020849700085818768 0.013284980319440365 -0.021709969267249107
v 0.004972993861883879 0.013284980319440365 -0.02133296988904476
v 0.0075559611432254314 0.013284980319440365 0.02057497948408127
v 0.0034519429318606853 0.013284980319440365 -0.024143990129232407
v 0.003662942908704281 0.013284980319440365 -0.024182969704270363
v 0.0042289490811526775 0.013284980319440365 -0.021578960120677948
v 0.004397987853735685 0.013284980319440365 -0.025987980887293816
v 0.004215954802930355 0.013284980319440365 -0.024894950911402702
v 0.0029319520108401775 0.013284980319440365 -0.02417098917067051
v -0.023223990574479103 0.013284980319440365 -0.0074079628102481365
v -0.0207249503582716 0.013284980319440365 -0.007115960121154785
v -0.02336394041776657 0.013284980319440365 -0.007216989062726498
v -0.023223990574479103 0.013284980319440365 -0.0074079628102481365
v -0.023652970790863037 0.013284980319440365 -0.007006943225860596
v -0.02444899082183838 0.013284980319440365 -0.006950973998755217
v 0.008301973342895508 0.013284980319440365 -0.023418959230184555
v 0.008361995220184326 0.01179599016904831 -0.023526959121227264
v 0.008244991302490234 0.013284980319440365 -0.023544959723949432
v -0.019740989431738853 0.018278950825333595 0.014122960157692432
v -0.0016979570500552654 0.01749294064939022 0.023980969563126564
v -0.001842975034378469 0.017726000398397446 0.024038970470428467
v -0.006859958171844482 0.0168379507958889 0.021112969145178795
v 0.012996969744563103 0.016752950847148895 -0.020413989201188087
v 0.008587956428527832 0.013286939822137356 -0.025529980659484863
v 0.013942950405180454 0.018692970275878906 -0.019801970571279526
v 0.008921979926526546 0.013284980319440365 -0.02013099007308483
v 0.007792949210852385 0.011805949732661247 -0.0205799899995327
v 0.00952595379203558 0.01177894975990057 -0.020018989220261574
v 0.011915979906916618 0.01453595981001854 -0.021112969145178795
v 0.014075989834964275 0.011625939980149269 -0.019863959401845932
v 0.010631970129907131 0.011738000437617302 -0.02194695919752121
v -0.005667984019964933 0.015160970389842987 -0.021156959235668182
v -0.00788098480552435 0.011664980091154575 -0.020752960816025734
v -0.006097971927374601 0.011717969551682472 -0.020943989977240562
v -0.021496949717402458 0.013284980319440365 0.003478944068774581
v -0.021825959905982018 0.013284980319440365 0.001933990977704525
v -0.0216599702835083 0.013284980319440365 -0.0025909540709108114
v -0.021825959905982018 0.013284980319440365 0.001933990977704525
v -0.027170950546860695 0.013284980319440365 0.0
v -0.022210950031876564 0.013284980319440365 0.0
v 0.019343970343470573 0.0 -0.02736896090209484
v 0.01938498020172119 0.0010409950045868754 -0.027327949181199074
v 0.07255297154188156 0.006788969039916992 -0.027100980281829834
v 0.07131998986005783 9.000000318337698e-06 0.027369970455765724
v 0.07132195681333542 1.5999999959603883e-05 0.02736896090209484
v 0.06845294684171677 0.010220999829471111 0.026900939643383026
v 0.07448195666074753 -0.0242189709097147 0.023204980418086052
v 0.07454799860715866 -0.024236969649791718 0.02319495938718319
v 0.07431899756193161 -0.02452296018600464 -0.004753946792334318
v 0.07437998056411743 -0.02462898939847946 0.022004960104823112
v 0.02861594967544079 -0.0245849397033453 -0.0033909669145941734
v 0.07437998056411743 -0.02462898939847946 0.02247196063399315
v 0.07550597190856934 -0.024629950523376465 0.02262997068464756
v 0.07438796013593674 -0.02462898939847946 0.02259998954832554
v 0.0724259614944458 0.003336966037750244 0.027209989726543427
v 0.07242094725370407 0.0032979839015752077 0.027215000241994858
v 0.07263296097517014 0.002927958033978939 0.027240989729762077
v 0.07438796013593674 -0.024629950523376465 0.02259998954832554
v 0.07440298050642014 -0.024629950523376465 0.022600939497351646
v 0.07439099997282028 -0.024626970291137695 0.022630980238318443
v 0.07018399238586426 0.010437959805130959 0.007650970946997404
v 0.07315199822187424 -0.020542969927191734 0.02481894940137863
v 0.0745689794421196 -0.024230949580669403 0.02319793961942196
v 0.0745769664645195 -0.02423197031021118 0.02319698967039585
v 0.07133995741605759 0.0 0.027369970455765724
v 0.07132399082183838 -4.8000001697801054e-05 0.027367940172553062
v 0.07431095093488693 0.0 0.027369970455765724
v 0.07438796013593674 -0.02462898939847946 0.02259998954832554
v 0.07438796013593674 -0.02462898939847946 0.02259998954832554
v 0.07550597190856934 -0.024629950523376465 0.02262997068464756
v 0.07131797075271606 0.0 0.027370980009436607
v 0.07131797075271606 0.0 0.027369970455765724
v 0.07293599098920822 0.009807944297790527 -0.007481991779059172
v 0.07358299940824509 0.00956797506660223 -0.007415949832648039
v 0.0725509524345398 0.010437959805130959 -0.02674799971282482
v 0.07439099997282028 -0.024626970291137695 0.022630980238318443
v 0.07438497990369797 -0.02462095022201538 0.022640999406576157
v 0.07438497990369797 -0.02462095022201538 0.022640999406576157
v 0.07442598789930344 -0.024446960538625717 0.022969959303736687
v 0.07427798956632614 -0.02446799911558628 0.022753000259399414
v 0.07438497990369797 -0.02462095022201538 0.022640999406576157
v 0.07430899143218994 -0.02450799010694027 -0.009183943271636963
v 0.07450895756483078 -0.024501970037817955 -0.014249980449676514
v 0.07409799098968506 -2.499999936844688e-05 -0.02736896090209484
v 0.07496798038482666 0.0 -0.027369970455765724
v 0.07279098033905029 -0.00718998908996582 -0.027081960812211037
v 0.0742979571223259 -0.024501970037817955 -0.014199970290064812
v 0.07452099770307541 -0.024505969136953354 -0.013807949610054493
v 0.07429897040128708 -0.024505969136953354 -0.013756990432739258
v 0.07409799098968506 -2.499999936844688e-05 -0.02736896090209484
v 0.07409799098968506 -2.499999936844688e-05 -0.02736896090209484
v 0.07279098033905029 -0.00718998908996582 -0.027081960812211037
v 0.07245098799467087 0.004220962058752775 0.026897959411144257
v 0.07257299870252609 0.004783987067639828 0.026593979448080063
v 0.06887000054121017 0.010433970019221306 0.02674894966185093
v 0.07131797075271606 0.0 0.027369970455765724
v 0.07131797075271606 0.0 0.027370980009436607
v 0.07131797075271606 0.0 0.027369970455765724
v 0.07133995741605759 0.0 0.027369970455765724
v 0.07469999045133591 -0.024368999525904655 0.023118970915675163
v 0.075640968978405 -0.024371979758143425 0.023117950186133385
v 0.07458095997571945 -0.02423197031021118 0.02319698967039585
v 0.07448195666074753 -0.0242189709097147 0.023204980418086052
v 0.07454799860715866 -0.024236969649791718 0.02319495938718319
v 0.07458095997571945 -0.02423197031021118 0.02319698967039585
v 0.07437998056411743 -0.024629950523376465 0.022556960582733154
v 0.07437998056411743 -0.02462898939847946 0.02247196063399315
v 0.07437998056411743 -0.024629950523376465 0.0225329902023077
v 0.07417798042297363 0.008971989154815674 0.00743597699329257
v 0.0743749663233757 0.00889897346496582 0.007439970038831234
v 0.07358299940824509 0.00956797506660223 -0.007415949832648039
v 0.07430899143218994 -0.024505969136953354 -0.009183943271636963
v 0.0742979571223259 -0.024501970037817955 -0.014199970290064812
v 0.07430899143218994 -0.02450799010694027 -0.009183943271636963
v 0.07429897040128708 -0.024505969136953354 -0.013756990432739258
v 0.0742979571223259 -0.024501970037817955 -0.014199970290064812
v 0.07430899143218994 -0.02450799010694027 -0.009183943271636963
v 0.07635294646024704 0.013896999880671501 0.02692198008298874
v 0.07242398709058762 0.003617942100390792 0.02715498022735119
v 0.0724259614944458 0.003336966037750244 0.027209989726543427
v 0.11303000152111053 -7.79999973019585e-05 0.03299998864531517
v 0.2829959988594055 -0.017739949747920036 0.031235989183187485
v 0.28327399492263794 -0.014105970039963722 0.03217899054288864
v 0.2554419934749603 -0.014090949669480324 0.03220599144697189
v 0.25227901339530945 -0.021047940477728844 -0.03002995066344738
v 0.25287801027297974 -0.02742898091673851 -0.02606499008834362
v 0.1727990061044693 -0.026804979890584946 -0.02572399005293846
v 0.25380000472068787 -0.027538949623703957 0.02588099054992199
v 0.07255297154188156 0.006788969039916992 -0.027100980281829834
v 0.0741029903292656 0.0 -0.027369970455765724
v 0.07409799098968506 -2.499999936844688e-05 -0.02736896090209484
v 0.30744901299476624 -0.03689097985625267 0.01101296953856945
v 0.30758801102638245 -0.03649698942899704 0.010749990120530128
v 0.308694988489151 -0.03553897142410278 0.012635939754545689
v 0.11303000152111053 -7.79999973019585e-05 0.03299998864531517
v 0.07427597045898438 -0.024214979261159897 -0.02318095974624157
v 0.07310497015714645 -0.020542969927191734 -0.02481894940137863
v 0.10266599804162979 -0.020545000210404396 -0.0286289993673563
v 0.313275009393692 -0.030964970588684082 0.019753990694880486
v 0.3135240077972412 -0.03051798976957798 0.020169969648122787
v 0.3012079894542694 -0.029960980638861656 0.022386960685253143
v 0.09124796837568283 -0.03230898827314377 0.019122950732707977
v 0.08052700012922287 -0.03149700164794922 0.01809798926115036
v 0.08151798695325851 -0.03437494859099388 0.014587990008294582
v 0.07676196098327637 0.015680959448218346 0.02670096978545189
v 0.09931600093841553 0.01386397983878851 0.031414978206157684
v 0.09933798760175705 0.01739495061337948 0.030560970306396484
v 0.10389100015163422 0.026598980650305748 -0.026327960193157196
v 0.1031619980931282 0.02295093983411789 -0.02866196073591709
v 0.09604095667600632 0.024287989363074303 -0.02695493958890438
v 0.09604095667600632 0.024287989363074303 -0.02695493958890438
v 0.0784439966082573 0.02558100037276745 -0.0233149491250515
v 0.07895194739103317 0.0264699999243021 -0.022842999547719955
v 0.08053796738386154 0.03210299834609032 0.01832997053861618
v 0.08133900165557861 0.03389095887541771 0.01634299010038376
v 0.080889992415905 0.033582981675863266 0.0159449502825737
v 0.30744901299476624 -0.03689097985625267 0.01101296953856945
v 0.3085640072822571 -0.035923950374126434 0.012929970398545265
v 0.3083229959011078 -0.03605895861983299 0.013147950172424316
v 0.3106119930744171 0.03300594910979271 0.016472989693284035
v 0.31038200855255127 0.03354698047041893 0.016636960208415985
v 0.31207001209259033 0.03078394941985607 0.019865980371832848
v 0.09711599349975586 0.031057000160217285 -0.021646970883011818
v 0.08050096035003662 0.03183995932340622 -0.01865196041762829
v 0.08176100254058838 0.03457795828580856 -0.015571950003504753
v 0.25485700368881226 -0.02123796008527279 0.029875990003347397
v 0.13350899517536163 0.021463990211486816 -0.02992497943341732
v 0.1336580067873001 0.026668960228562355 -0.02677595056593418
v 0.25671398639678955 0.024356959387660027 -0.02826797030866146
v 0.11273899674415588 -0.02658098004758358 -0.02506398968398571
v 0.1727990061044693 -0.026804979890584946 -0.02572399005293846
v 0.17253099381923676 -0.03205393999814987 -0.020528970286250114
v 0.10451500117778778 0.0347059890627861 -0.017334990203380585
v 0.29552701115608215 0.01751995086669922 0.030806949362158775
v 0.2958050072193146 0.013938959687948227 0.03171598166227341
v 0.3162350058555603 0.015707960352301598 0.027850979939103127
v 0.27706098556518555 0.026800990104675293 -0.026072969660162926
v 0.0804249569773674 0.030937960371375084 -0.019599970430135727
v 0.08050096035003662 0.03183995932340622 -0.01865196041762829
v 0.09711599349975586 0.031057000160217285 -0.021646970883011818
v 0.28396499156951904 0.015839990228414536 -0.029852980747818947
v 0.28412801027297974 0.016901960596442223 -0.02959596924483776
v 0.2885949909687042 0.013133999891579151 -0.029029959812760353
v 0.28412801027297974 0.016901960596442223 -0.02959596924483776
v 0.2841219902038574 0.017625980079174042 -0.029421979561448097
v 0.2886750102043152 0.01319998037070036 -0.028986990451812744
v 0.2841219902038574 0.017625980079174042 -0.029421979561448097
v 0.2842330038547516 0.018751969560980797 -0.029063990339636803
v 0.28878098726272583 0.013304940424859524 -0.028918979689478874
v 0.2842330038547516 0.018751969560980797 -0.029063990339636803
v 0.2849310040473938 0.02076900005340576 -0.028160979971289635
v 0.2889679968357086 0.013520950451493263 -0.028776999562978745
v 0.2849310040473938 0.02076900005340576 -0.028160979971289635
v 0.28595200181007385 0.02393496036529541 -0.02639698050916195
v 0.2891710102558136 0.013867969624698162 -0.028533989563584328
v 0.10451789945363998 0.02660994976758957 -0.02638000063598156
v 0.11915600299835205 0.02664899080991745 -0.026690000668168068
v 0.11909099668264389 0.0214499793946743 -0.029851969331502914
v 0.28595200181007385 0.02393496036529541 -0.02639698050916195
v 0.2865149974822998 0.025785980746150017 -0.025276949629187584
v 0.2892780005931854 0.014017989858984947 -0.028404949232935905
v 0.1402599960565567 -0.036295950412750244 0.014530950225889683
v 0.14053000509738922 -0.03245598077774048 0.020821979269385338
v 0.1129549965262413 -0.03241698816418648 0.020825980231165886
v 0.2865149974822998 0.025785980746150017 -0.025276949629187584
v 0.2878659963607788 0.02875595912337303 -0.022855989634990692
v 0.28946998715400696 0.014315959997475147 -0.028116999194025993
v 0.09938894957304001 0.024035990238189697 0.027611970901489258
v 0.09941697120666504 0.027048999443650246 0.02556598000228405
v 0.07874000072479248 0.02645294927060604 0.022842999547719955
v 0.28946998715400696 0.014315959997475147 -0.028116999194025993
v 0.2878659963607788 0.02875595912337303 -0.022855989634990692
v 0.28953900933265686 0.014437969774007797 -0.0279959999024868
v 0.2878659963607788 0.02875595912337303 -0.022855989634990692
v 0.2893899977207184 0.03149997815489769 -0.020169969648122787
v 0.28966599702835083 0.014565999619662762 -0.027818970382213593
v 0.2893899977207184 0.03149997815489769 -0.020169969648122787
v 0.2895340025424957 0.03133897855877876 -0.02010994963347912
v 0.289683997631073 0.014582989737391472 -0.02779494971036911
v 0.07742296904325485 0.021067969501018524 -0.025304969400167465
v 0.09804397076368332 0.019023949280381203 -0.029802970588207245
v 0.09718494862318039 0.015751950442790985 -0.030629990622401237
v 0.2895340025424957 0.03133897855877876 -0.02010994963347912
v 0.29001298546791077 0.0322609506547451 -0.01914799027144909
v 0.28974300622940063 0.014647959731519222 -0.02769898995757103
v 0.29001298546791077 0.0322609506547451 -0.01914799027144909
v 0.29191601276397705 0.03433798998594284 -0.015905970707535744
v 0.28997600078582764 0.014915999956429005 -0.027294989675283432
v 0.28997600078582764 0.014915999956429005 -0.027294989675283432
v 0.29191601276397705 0.03433798998594284 -0.015905970707535744
v 0.2901819944381714 0.01516497042030096 -0.02690695971250534
v 0.29191601276397705 0.03433798998594284 -0.015905970707535744
v 0.293830007314682 0.036150988191366196 -0.012523939833045006
v 0.2902210056781769 0.015196969732642174 -0.02683996967971325
v 0.3106119930744171 0.03300594910979271 0.016472989693284035
v 0.31227800250053406 0.030259959399700165 0.019181959331035614
v 0.30114999413490295 0.02135597914457321 -0.004516959190368652
v 0.31227800250053406 0.030259959399700165 0.019181959331035614
v 0.3135719895362854 0.027803000062704086 0.021414989605545998
v 0.3097749948501587 0.02587698958814144 0.013494960032403469
v 0.3070659935474396 0.02447897009551525 0.007840991020202637
v 0.30114999413490295 0.02135597914457321 -0.004516959190368652
v 0.31227800250053406 0.030259959399700165 0.019181959331035614
v 0.2732200026512146 0.01049994956701994 -0.03248196095228195
v 0.27525898814201355 0.012848969548940659 -0.03203998878598213
v 0.27848100662231445 0.01049994956701994 -0.031822968274354935
v 0.28214800357818604 0.02430897019803524 0.02824597992002964
v 0.11298099905252457 -0.02724497951567173 0.026065999642014503
v 0.3005880117416382 -0.021097000688314438 0.028685979545116425
v 0.3134010136127472 -0.026734940707683563 0.023182980716228485
v 0.3136970102787018 -0.020623980090022087 0.026371950283646584
v 0.29008498787879944 0.006712973117828369 0.03283696994185448
v 0.2960279881954193 0.006753981113433838 0.03238397091627121
v 0.2958050072193146 0.013938959687948227 0.03171598166227341
v 0.2983269989490509 -0.03451097011566162 0.01720196008682251
v 0.29255300760269165 -0.03252093866467476 0.02042596973478794
v 0.29170000553131104 -0.03459798917174339 0.017449969425797462
v 0.07427798956632614 -0.02446799911558628 0.022753000259399414
v 0.07315199822187424 -0.020542969927191734 0.02481894940137863
v 0.07310497015714645 -0.020542969927191734 -0.02481894940137863
v 0.28396499156951904 0.015839990228414536 -0.029852980747818947
v 0.28841501474380493 0.013016990385949612 -0.029105959460139275
v 0.2859489917755127 0.011685959994792938 -0.029957950115203857
v 0.3009290099143982 -0.017684990540146828 0.029945960268378258
v 0.3136970102787018 -0.020623980090022087 0.026371950283646584
v 0.3139210045337677 -0.013964950107038021 0.028190970420837402
v 0.0824429914355278 -0.03581397980451584 0.012680940330028534
v 0.09226500242948532 -0.03557198867201805 0.014625960029661655
v 0.09199296683073044 -0.034402959048748016 0.016449980437755585
v 0.13382300734519958 0.03115396946668625 -0.022640999406576157
v 0.11922699958086014 0.031131979078054428 -0.022551000118255615
v 0.11929800361394882 0.034740980714559555 -0.017611980438232422
v 0.11275699734687805 -0.03181593865156174 -0.019909970462322235
v 0.10302399843931198 -0.03179299086332321 -0.01968996971845627
v 0.10288599878549576 -0.02656196989119053 -0.02476893924176693
v 0.2717350125312805 -0.027378970757126808 -0.02583198994398117
v 0.2724030017852783 -0.03257495164871216 -0.020505959168076515
v 0.253803014755249 -0.032628949731588364 -0.020715950056910515
v 0.07824897021055222 0.024532970041036606 -0.023882979527115822
v 0.0784439966082573 0.02558100037276745 -0.0233149491250515
v 0.09604095667600632 0.024287989363074303 -0.02695493958890438
v 0.2510559856891632 0.0363459512591362 0.01469695009291172
v 0.14003999531269073 0.0362280011177063 0.014928990043699741
v 0.14031299948692322 0.032344989478588104 0.02122396044433117
v 0.1190359964966774 0.015734970569610596 -0.03189396113157272
v 0.1333879977464676 0.015736989676952362 -0.031946949660778046
v 0.1296200007200241 0.01049994956701994 -0.03271697834134102
v 0.08264695852994919 -0.03735195845365524 -0.008863984607160091
v 0.08324497193098068 -0.037701960653066635 -0.009114979766309261
v 0.08352196216583252 -0.038627978414297104 -0.0062499637715518475
v 0.09927499294281006 -7.79999973019585e-05 0.03215897083282471
v 0.07131797075271606 0.0 0.027370980009436607
v 0.0727989599108696 -0.00718998908996582 0.027081960812211037
v 0.11141800135374069 0.01049994956701994 -0.0326569601893425
v 0.11682000011205673 0.0 -0.03309094160795212
v 0.10613299906253815 0.0 -0.033038970082998276
v 0.3046390116214752 -0.03855495899915695 0.00706899119541049
v 0.3070859909057617 -0.0370369516313076 0.011292990297079086
v 0.2966490089893341 -0.036265961825847626 0.014199970290064812
v 0.1339949071407318 0.03475797176361084 -0.017697980627417564
v 0.2494170069694519 0.034924980252981186 -0.017450980842113495
v 0.24799999594688416 0.03138798102736473 -0.02240896038711071
v 0.25236499309539795 -0.03266298025846481 0.02055995911359787
v 0.2531229853630066 -0.030263960361480713 0.023362990468740463
v 0.14065100252628326 -0.030025949701666832 0.023602960631251335
v 0.07742296904325485 0.021067969501018524 -0.025304969400167465
v 0.07824897021055222 0.024532970041036606 -0.023882979527115822
v 0.09679096192121506 0.021574970334768295 -0.028468960896134377
v 0.2896449863910675 0.032536979764699936 -0.019163960590958595
v 0.2782900035381317 0.03125493973493576 -0.021913999691605568
v 0.27972400188446045 0.03482197970151901 -0.017022959887981415
v 0.2947390079498291 -0.033303968608379364 -0.016782989725470543
v 0.2920840084552765 -0.035237960517406464 -0.015119959600269794
v 0.29330599308013916 -0.03243093937635422 -0.018184000626206398
v 0.2920840084552765 -0.035237960517406464 -0.015119959600269794
v 0.28998899459838867 -0.032239969819784164 -0.019213970750570297
v 0.29330599308013916 -0.03243093937635422 -0.018184000626206398
v 0.28998899459838867 -0.032239969819784164 -0.019213970750570297
v 0.2916660010814667 -0.030499989166855812 -0.020930999889969826
v 0.2926670014858246 -0.0318869911134243 -0.018999990075826645
v 0.10149899870157242 0.039038948714733124 0.005491971038281918
v 0.28343498706817627 0.03906095027923584 0.005410968791693449
v 0.28338998556137085 0.03918898105621338 0.004576981067657471
v 0.2510420083999634 0.03747396916151047 -0.011931950226426125
v 0.265953004360199 0.037461988627910614 -0.011853990145027637
v 0.2642599940299988 0.03490399941802025 -0.017355969175696373
v 0.30744901299476624 -0.03689097985625267 0.01101296953856945
v 0.30483999848365784 -0.03837496042251587 0.006783961784094572
v 0.3051849901676178 -0.037809960544109344 0.0065519800409674644
v 0.27972400188446045 0.03482197970151901 -0.017022959887981415
v 0.07129400223493576 0.0 0.02638298086822033
v 0.07131797075271606 0.0 0.027369970455765724
v 0.07131797075271606 0.0 0.027370980009436607
v 0.0725509524345398 0.010437959805130959 -0.02674799971282482
v 0.07131797075271606 0.0 0.027369970455765724
v 0.07131998986005783 9.000000318337698e-06 0.027369970455765724
v 0.07257299870252609 0.004783987067639828 0.026593979448080063
v 0.07257299870252609 0.004783987067639828 0.026593979448080063
v 0.07325296849012375 0.007493971846997738 0.025074949488043785
v 0.07334195822477341 0.00787895917892456 0.024580949917435646
v 0.07334195822477341 0.00787895917892456 0.024580949917435646
v 0.07347296923398972 0.00845098402351141 0.023845970630645752
v 0.07351397722959518 0.00872498657554388 0.02270895056426525
v 0.07351397722959518 0.00872498657554388 0.02270895056426525
v 0.07352995127439499 0.008833943866193295 0.022255949676036835
v 0.07131797075271606 0.0 0.027370980009436607
v 0.07352995127439499 0.008833943866193295 0.022255949676036835
v 0.07293599098920822 0.009807944297790527 -0.007481991779059172
v 0.07131797075271606 0.0 0.027370980009436607
v 0.07293599098920822 0.009807944297790527 -0.007481991779059172
v 0.0725509524345398 0.010437959805130959 -0.02674799971282482
v 0.07131797075271606 0.0 0.027370980009436607
v 0.07131797075271606 0.0 0.027369970455765724
v 0.07257299870252609 0.004783987067639828 0.026593979448080063
v 0.07351397722959518 0.00872498657554388 0.02270895056426525
v 0.07257299870252609 0.004783987067639828 0.026593979448080063
v 0.11296900361776352 -0.029982980340719223 0.023597950115799904
v 0.09411095827817917 -0.038995981216430664 0.005444942973554134
v 0.08342199772596359 -0.03854595869779587 0.006392954848706722
v 0.08359997719526291 -0.039198990911245346 0.0022949569392949343
v 0.27848100662231445 0.01049994956701994 -0.031822968274354935
v 0.2837100028991699 0.012872990220785141 -0.03042696975171566
v 0.28245100378990173 0.010227969847619534 -0.030876990407705307
v 0.2837100028991699 0.012872990220785141 -0.03042696975171566
v 0.2859489917755127 0.011685959994792938 -0.029957950115203857
v 0.28245100378990173 0.010227969847619534 -0.030876990407705307
v 0.2824470102787018 0.010225949808955193 -0.030877940356731415
v 0.28144198656082153 0.008008955977857113 -0.03124397061765194
v 0.27848100662231445 0.01049994956701994 -0.031822968274354935
v 0.27848100662231445 0.01049994956701994 -0.031822968274354935
v 0.28245100378990173 0.010227969847619534 -0.030876990407705307
v 0.28244999051094055 0.010227969847619534 -0.030876990407705307
v 0.07255297154188156 0.006788969039916992 -0.027100980281829834
v 0.0725509524345398 0.010219990275800228 -0.02690695971250534
v 0.09920697659254074 0.01049994956701994 -0.031802948564291
v 0.09950298070907593 0.0343889482319355 0.017542950809001923
v 0.09952998161315918 0.036170948296785355 0.014374970458447933
v 0.08232200145721436 0.0358879491686821 0.01354795042425394
v 0.07457797974348068 -0.024236969649791718 0.02319996990263462
v 0.09932196140289307 -0.024199960753321648 0.02751898020505905
v 0.07458095997571945 -0.02423197031021118 0.02319698967039585
v 0.09932196140289307 -0.024199960753321648 0.02751898020505905
v 0.09930896013975143 -0.020977970212697983 0.029213959351181984
v 0.07458095997571945 -0.02423197031021118 0.02319698967039585
v 0.09930896013975143 -0.020977970212697983 0.029213959351181984
v 0.07315199822187424 -0.020542969927191734 0.02481894940137863
v 0.07458095997571945 -0.02423197031021118 0.02319698967039585
v 0.07458095997571945 -0.02423197031021118 0.02319698967039585
v 0.0745769664645195 -0.02423197031021118 0.02319698967039585
v 0.0745769664645195 -0.02423197031021118 0.02319698967039585
v 0.0745689794421196 -0.024230949580669403 0.02319793961942196
v 0.07448195666074753 -0.0242189709097147 0.023204980418086052
v 0.07458095997571945 -0.02423197031021118 0.02319698967039585
v 0.0745769664645195 -0.02423197031021118 0.02319698967039585
v 0.07448195666074753 -0.0242189709097147 0.023204980418086052
v 0.07448195666074753 -0.0242189709097147 0.023204980418086052
v 0.07457797974348068 -0.024236969649791718 0.02319996990263462
v 0.07458095997571945 -0.02423197031021118 0.02319698967039585
v 0.29333800077438354 -0.03010999970138073 0.023155979812145233
v 0.14045000076293945 0.029891960322856903 0.023981979116797447
v 0.25350698828697205 0.030125970020890236 0.02376597933471203
v 0.2527720034122467 0.03254996985197067 0.020982980728149414
v 0.08268194645643234 -0.03674900159239769 0.011112979613244534
v 0.11302699893712997 -0.006861983798444271 0.03285098075866699
v 0.30758801102638245 -0.03649698942899704 0.010749990120530128
v 0.2968449890613556 -0.03353697061538696 -0.013092990033328533
v 0.30785199999809265 -0.03158700093626976 0.008796988986432552
v 0.3051849901676178 -0.037809960544109344 0.0065519800409674644
v 0.2963019907474518 -0.03362493962049484 -0.014162000268697739
v 0.2968449890613556 -0.03353697061538696 -0.013092990033328533
v 0.11300300061702728 -0.021001990884542465 0.029944000765681267
v 0.3026390075683594 -0.03875898942351341 0.0022439949680119753
v 0.2959020137786865 -0.033668991178274155 -0.014918980188667774
v 0.2963019907474518 -0.03362493962049484 -0.014162000268697739
v 0.30202698707580566 -0.038672979921102524 0.0011119840200990438
v 0.2958369851112366 -0.03366094082593918 -0.015037000179290771
v 0.2959020137786865 -0.033668991178274155 -0.014918980188667774
v 0.2993369996547699 -0.03870099037885666 -0.0034849639050662518
v 0.2955009937286377 -0.033603958785533905 -0.015678999945521355
v 0.2958369851112366 -0.03366094082593918 -0.015037000179290771
v 0.29895299673080444 -0.03920799121260643 -0.003320991061627865
v 0.29541799426078796 -0.033581968396902084 -0.015821989625692368
v 0.2955009937286377 -0.033603958785533905 -0.015678999945521355
v 0.2965970039367676 -0.03802895173430443 -0.008075951598584652
v 0.2952300012111664 -0.033529989421367645 -0.01614397019147873
v 0.29541799426078796 -0.033581968396902084 -0.015821989625692368
v 0.2963080108165741 -0.038313981145620346 -0.007992981933057308
v 0.29519298672676086 -0.033517949283123016 -0.016202980652451515
v 0.2952300012111664 -0.033529989421367645 -0.01614397019147873
v 0.2947629988193512 -0.037169989198446274 -0.01093900017440319
v 0.29505300521850586 -0.03346097096800804 -0.016396990045905113
v 0.29519298672676086 -0.033517949283123016 -0.016202980652451515
v 0.29505300521850586 -0.03346097096800804 -0.016396990045905113
v 0.2947629988193512 -0.037169989198446274 -0.01093900017440319
v 0.29231101274490356 -0.03544598072767258 -0.014705950394272804
v 0.29231101274490356 -0.03544598072767258 -0.014705950394272804
v 0.2947719991207123 -0.03332196921110153 -0.016740970313549042
v 0.29486599564552307 -0.03337198123335838 -0.01662098988890648
v 0.2920840084552765 -0.035237960517406464 -0.015119959600269794
v 0.2947390079498291 -0.033303968608379364 -0.016782989725470543
v 0.2947719991207123 -0.03332196921110153 -0.016740970313549042
v 0.28126099705696106 0.004964946769177914 -0.03141200169920921
v 0.278905987739563 0.0 -0.03216195106506348
v 0.27524998784065247 0.007249950896948576 -0.03243296965956688
v 0.27524998784065247 0.007249950896948576 -0.03243296965956688
v 0.27848100662231445 0.01049994956701994 -0.031822968274354935
v 0.2807610034942627 0.006983994971960783 -0.03138798102736473
v 0.27848100662231445 0.01049994956701994 -0.031822968274354935
v 0.28144198656082153 0.008008955977857113 -0.03124397061765194
v 0.28108999133110046 0.007635951042175293 -0.031309958547353745
v 0.27848100662231445 0.01049994956701994 -0.031822968274354935
v 0.28108999133110046 0.007635951042175293 -0.031309958547353745
v 0.2807610034942627 0.006983994971960783 -0.03138798102736473
v 0.2810109853744507 0.005695998203009367 -0.031415991485118866
v 0.28126099705696106 0.004964946769177914 -0.03141200169920921
v 0.27524998784065247 0.007249950896948576 -0.03243296965956688
v 0.2808060050010681 0.006445943843573332 -0.03141098842024803
v 0.2810109853744507 0.005695998203009367 -0.031415991485118866
v 0.27524998784065247 0.007249950896948576 -0.03243296965956688
v 0.27524998784065247 0.007249950896948576 -0.03243296965956688
v 0.2807610034942627 0.006983994971960783 -0.03138798102736473
v 0.2807610034942627 0.006982982158660889 -0.03138798102736473
v 0.2807759940624237 0.0066259498707950115 -0.0314059816300869
v 0.2808060050010681 0.006445943843573332 -0.03141098842024803
v 0.27524998784065247 0.007249950896948576 -0.03243296965956688
v 0.27524998784065247 0.007249950896948576 -0.03243296965956688
v 0.2807610034942627 0.006982982158660889 -0.03138798102736473
v 0.2807680070400238 0.006778954993933439 -0.0313989482820034
v 0.07826495170593262 0.02631497010588646 0.02235995978116989
v 0.07923901081085205 0.029296990483999252 0.020362969487905502
v 0.07892899960279465 0.02849894016981125 -0.020747000351548195
v 0.11299099773168564 0.027092989534139633 0.026253990828990936
v 0.07129698246717453 -0.0022499558981508017 0.02619796060025692
v 0.29081299901008606 0.0390319786965847 0.005439995788037777
v 0.27706098556518555 0.026800990104675293 -0.026072969660162926
v 0.29008498787879944 0.006712973117828369 0.03283696994185448
v 0.3098210096359253 0.03365099057555199 0.01705198921263218
v 0.29164400696754456 0.03450994938611984 0.01742595061659813
v 0.29249700903892517 0.03241097182035446 0.020407969132065773
v 0.278905987739563 0.0 -0.03216195106506348
v 0.28126099705696106 0.004964946769177914 -0.03141200169920921
v 0.28151899576187134 0.0030839440878480673 -0.03142796829342842
v 0.28130099177360535 0.03741598129272461 -0.011599949561059475
v 0.29319998621940613 0.03674900159239769 -0.012439959682524204
v 0.29117798805236816 0.034714989364147186 -0.01614397019147873
v 0.3085150122642517 0.03564196079969406 0.01376396045088768
v 0.30678999423980713 0.03700195997953415 0.010381990112364292
v 0.3062469959259033 0.03732895106077194 0.010838979855179787
v 0.30214399099349976 -0.03934096917510033 0.002585947047919035
v 0.3024689853191376 -0.039156969636678696 0.0023799529299139977
v 0.30483999848365784 -0.03837496042251587 0.006783961784094572
v 0.2908419966697693 -0.03920799121260643 0.004576981067657471
v 0.08337794989347458 0.03821396082639694 0.008074997924268246
v 0.08316498249769211 0.037335991859436035 0.01072597038000822
v 0.08952099084854126 0.03728795051574707 0.011230939999222755
v 0.2932850122451782 0.029977969825267792 0.02314697951078415
v 0.29249700903892517 0.03241097182035446 0.020407969132065773
v 0.2807539999485016 0.03008997067809105 0.02361195906996727
v 0.25521400570869446 -0.01774298958480358 0.03126697987318039
v 0.2554419934749603 -0.014090949669480324 0.03220599144697189
v 0.1410679966211319 -0.014015969820320606 0.03222696855664253
v 0.11922699958086014 0.031131979078054428 -0.022551000118255615
v 0.11915600299835205 0.02664899080991745 -0.026690000668168068
v 0.10451789945363998 0.02660994976758957 -0.02638000063598156
v 0.2966490089893341 -0.036265961825847626 0.014199970290064812
v 0.29815199971199036 -0.03474295139312744 0.016888970509171486
v 0.29170000553131104 -0.03459798917174339 0.017449969425797462
v 0.09941697120666504 0.027048999443650246 0.02556598000228405
v 0.09944599121809006 0.029802970588207245 0.02317994087934494
v 0.079708993434906 0.029472939670085907 0.020805949345231056
v 0.07129400223493576 0.0 0.02638298086822033
v 0.0725509524345398 0.010437959805130959 -0.02674799971282482
v 0.0712689682841301 0.0 -0.026270980015397072
v 0.28338998556137085 0.03918898105621338 0.004576981067657471
v 0.29056400060653687 0.039312951266765594 0.0032629959750920534
v 0.2898460030555725 0.039408981800079346 0.0023889539297670126
v 0.09920697659254074 0.01049994956701994 -0.031802948564291
v 0.0725509524345398 0.010219990275800228 -0.02690695971250534
v 0.07676196098327637 0.015781989321112633 -0.02670096978545189
v 0.14045000076293945 0.029891960322856903 0.023981979116797447
v 0.09936194866895676 0.020802969112992287 0.029286980628967285
v 0.0783659815788269 0.02439999021589756 0.024003980681300163
v 0.07744497060775757 0.02099597081542015 0.025346990674734116
v 0.10288599878549576 -0.02656196989119053 -0.02476893924176693
v 0.10266599804162979 -0.020545000210404396 -0.0286289993673563
v 0.11260200291872025 -0.020547980442643166 -0.028984960168600082
v 0.254146009683609 0.02737599052488804 0.02624898962676525
v 0.08336596935987473 -0.03835295885801315 0.007196961902081966
v 0.09326999634504318 -0.03797398880124092 0.009293973445892334
v 0.09308897703886032 -0.037173978984355927 0.011543979868292809
v 0.26638999581336975 0.0 -0.03309296816587448
v 0.2719930112361908 -0.006811975967139006 -0.032749950885772705
v 0.2521049976348877 -0.0066349501721560955 -0.03287297114729881
v 0.3150480091571808 0.02186495065689087 0.02593695931136608
v 0.09920697659254074 0.01049994956701994 -0.031802948564291
v 0.07895194739103317 0.0264699999243021 -0.022842999547719955
v 0.07947599142789841 0.02875095047056675 -0.02135496959090233
v 0.09608697146177292 0.02650194987654686 -0.025514960289001465
v 0.2829959988594055 -0.017739949747920036 0.031235989183187485
v 0.29608601331710815 -7.899999764049426e-05 0.032539959996938705
v 0.2960349917411804 -0.0069019789807498455 0.032389990985393524
v 0.3149299919605255 -0.00040499999886378646 0.02916097082197666
v 0.3013499975204468 -0.0069549670442938805 0.03138595074415207
v 0.3149070143699646 -0.0005659999442286789 0.029157990589737892
v 0.3149299919605255 -0.00040499999886378646 0.02916097082197666
v 0.3013499975204468 -0.0069549670442938805 0.03138595074415207
v 0.3140510022640228 -0.0071219801902771 0.028761979192495346
v 0.31422799825668335 -0.004964946769177914 0.028913969174027443
v 0.3145110011100769 -0.0019749989733099937 0.029115969315171242
v 0.3149070143699646 -0.0005659999442286789 0.029157990589737892
v 0.3013499975204468 -0.0069549670442938805 0.03138595074415207
v 0.10134699940681458 0.039285000413656235 0.0037619469221681356
v 0.28987398743629456 0.013925960287451744 0.032179951667785645
v 0.3026390075683594 -0.03875898942351341 0.0022439949680119753
v 0.3051849901676178 -0.037809960544109344 0.0065519800409674644
v 0.30483999848365784 -0.03837496042251587 0.006783961784094572
v 0.07801198214292526 0.024426989257335663 0.023864980787038803
v 0.07874000072479248 0.02645294927060604 0.022842999547719955
v 0.07826495170593262 0.02631497010588646 0.02235995978116989
v 0.2724030017852783 -0.03257495164871216 -0.020505959168076515
v 0.27348899841308594 -0.03639495000243187 -0.014189000241458416
v 0.25501200556755066 -0.0364300012588501 -0.014355950057506561
v 0.28998899459838867 -0.032239969819784164 -0.019213970750570297
v 0.2920840084552765 -0.035237960517406464 -0.015119959600269794
v 0.27348899841308594 -0.03639495000243187 -0.014189000241458416
v 0.08370500057935715 0.039122991263866425 9.999999974752427e-07
v 0.08429098129272461 0.039497971534729004 3.400000059627928e-05
v 0.08417295664548874 0.03928297013044357 -0.0035209651105105877
v 0.31300199031829834 0.027960000559687614 0.022500989958643913
v 0.29465198516845703 -0.024389980360865593 0.027715979143977165
v 0.2940410077571869 -0.027388980612158775 0.025599950924515724
v 0.3020530045032501 -0.028167959302663803 0.023920949548482895
v 0.08352696150541306 0.038830991834402084 -0.004702984821051359
v 0.08358298987150192 0.03891396149992943 -0.0034339420963078737
v 0.08417295664548874 0.03928297013044357 -0.0035209651105105877
v 0.09929894655942917 -0.017574960365891457 0.030509939417243004
v 0.09928995370864868 -0.014040940441191196 0.03138595074415207
v 0.0729469582438469 -0.01408499013632536 0.026497000828385353
v 0.09434199333190918 -0.03928595036268234 0.0035289519000798464
v 0.289588987827301 0.01753300055861473 0.03126299008727074
v 0.09199296683073044 -0.034402959048748016 0.016449980437755585
v 0.09938997030258179 -0.03447895869612694 0.017401989549398422
v 0.09937094897031784 -0.03236895054578781 0.020359989255666733
v 0.3020530045032501 -0.028167959302663803 0.023920949548482895
v 0.3135240077972412 -0.03051798976957798 0.020169969648122787
v 0.3134010136127472 -0.026734940707683563 0.023182980716228485
v 0.294173002243042 0.017582949250936508 -0.0189889594912529
v 0.2922990024089813 0.016566989943385124 -0.02281397022306919
v 0.3049730062484741 0.037911951541900635 0.00686597777530551
v 0.1031619980931282 0.02295093983411789 -0.02866196073591709
v 0.08342199772596359 -0.03854595869779587 0.006392954848706722
v 0.2951259911060333 0.020964980125427246 0.0294649600982666
v 0.3150480091571808 0.02186495065689087 0.02593695931136608
v 0.3140439987182617 0.025234989821910858 0.024262959137558937
v 0.08397495001554489 0.03891396149992943 -0.005547999870032072
v 0.10450699925422668 0.03896600008010864 -0.005981980822980404
v 0.10451199859380722 0.03735797852277756 -0.011845939792692661
v 0.278905987739563 0.0 -0.03216195106506348
v 0.2818489968776703 -0.006904959212988615 -0.031216969713568687
v 0.2719930112361908 -0.006811975967139006 -0.032749950885772705
v 0.08320999145507812 -0.03862994164228439 -0.001921950955875218
v 0.08291994780302048 -0.03816794976592064 0.006171940825879574
v 0.07438497990369797 -0.024636980146169662 0.022457949817180634
v 0.08291994780302048 -0.03816794976592064 0.006171940825879574
v 0.07438694685697556 -0.024641990661621094 0.02254294976592064
v 0.07438497990369797 -0.024636980146169662 0.022457949817180634
v 0.07438694685697556 -0.024641990661621094 0.02254294976592064
v 0.07437998056411743 -0.024629950523376465 0.022556960582733154
v 0.07437998056411743 -0.024629950523376465 0.0225329902023077
v 0.07437998056411743 -0.024629950523376465 0.0225329902023077
v 0.07437998056411743 -0.02462898939847946 0.02247196063399315
v 0.07438694685697556 -0.024641990661621094 0.02254294976592064
v 0.07437998056411743 -0.02462898939847946 0.02247196063399315
v 0.07427798956632614 -0.02446799911558628 0.022753000259399414
v 0.07437998056411743 -0.02462898939847946 0.022167980670928955
v 0.07427798956632614 -0.02446799911558628 0.022753000259399414
v 0.07427798956632614 -0.024451969191432 -0.02279496006667614
v 0.07430899143218994 -0.024505969136953354 -0.009183943271636963
v 0.07437998056411743 -0.02462898939847946 0.022167980670928955
v 0.07427798956632614 -0.02446799911558628 0.022753000259399414
v 0.07437998056411743 -0.02462898939847946 0.022004960104823112
v 0.0742979571223259 -0.024501970037817955 -0.014199970290064812
v 0.07429897040128708 -0.024505969136953354 -0.013756990432739258
v 0.07430899143218994 -0.024505969136953354 -0.009183943271636963
v 0.07431899756193161 -0.02452296018600464 -0.004753946792334318
v 0.07437998056411743 -0.02462898939847946 0.022004960104823112
v 0.07427798956632614 -0.02446799911558628 0.022753000259399414
v 0.07427798956632614 -0.024451969191432 -0.02279496006667614
v 0.0742979571223259 -0.024501970037817955 -0.014199970290064812
v 0.07430899143218994 -0.024505969136953354 -0.009183943271636963
v 0.13430799543857574 0.03897500038146973 -0.006159961223602295
v 0.252828985452652 0.038998961448669434 -0.006042956840246916
v 0.2510420083999634 0.03747396916151047 -0.011931950226426125
v 0.25509798526763916 0.02103894017636776 0.030133960768580437
v 0.3070859909057617 -0.0370369516313076 0.011292990297079086
v 0.30800700187683105 -0.03606896847486496 0.013306969776749611
v 0.29815199971199036 -0.03474295139312744 0.016888970509171486
v 0.3001370131969452 0.039445988833904266 4.8999998398358e-05
v 0.2995850145816803 0.03949999064207077 4.699999772128649e-05
v 0.3007650077342987 0.03894298896193504 0.00567698385566473
v 0.27573099732398987 0.01878100074827671 -0.03051297925412655
v 0.2841219902038574 0.017625980079174042 -0.029421979561448097
v 0.28412801027297974 0.016901960596442223 -0.02959596924483776
v 0.2642599940299988 0.03490399941802025 -0.017355969175696373
v 0.2939940094947815 0.027235979214310646 0.025596970692276955
v 0.31300199031829834 0.027960000559687614 0.022500989958643913
v 0.31159698963165283 0.030847959220409393 0.02010696940124035
v 0.2960279881954193 0.006753981113433838 0.03238397091627121
v 0.29608601331710815 -7.899999764049426e-05 0.032539959996938705
v 0.3149380087852478 -4.999999873689376e-06 0.029168959707021713
v 0.10451199859380722 0.03735797852277756 -0.011845939792692661
v 0.2901340126991272 -7.79999973019585e-05 0.03298496827483177
v 0.29608601331710815 -7.899999764049426e-05 0.032539959996938705
v 0.2960279881954193 0.006753981113433838 0.03238397091627121
v 0.2510420083999634 0.03747396916151047 -0.011931950226426125
v 0.09927897900342941 -0.00690799904987216 0.032014958560466766
v 0.14003999531269073 0.0362280011177063 0.014928990043699741
v 0.2510559856891632 0.0363459512591362 0.01469695009291172
v 0.24907399713993073 0.03867094963788986 0.007735967170447111
v 0.2962380051612854 0.018699999898672104 -0.014714949764311314
v 0.294173002243042 0.017582949250936508 -0.0189889594912529
v 0.3087620139122009 0.035167988389730453 0.013336949981749058
v 0.17280200123786926 -0.02063596062362194 -0.029582969844341278
v 0.1727990061044693 -0.026804979890584946 -0.02572399005293846
v 0.11273899674415588 -0.02658098004758358 -0.02506398968398571
v 0.10611099749803543 0.01739400066435337 0.031260959804058075
v 0.3101769983768463 -0.03352098912000656 0.017069989815354347
v 0.3109470009803772 -0.032378971576690674 0.01839900016784668
v 0.30096501111984253 -0.030816970393061638 0.021569959819316864
v 0.25485700368881226 -0.02123796008527279 0.029875990003347397
v 0.25521400570869446 -0.01774298958480358 0.03126697987318039
v 0.1410139948129654 -0.017591949552297592 0.03131996840238571
v 0.2555919885635376 0.006647943984717131 0.03288799151778221
v 0.30116501450538635 -0.0141329700127244 0.03079395927488804
v 0.3013499975204468 -0.0069549670442938805 0.03138595074415207
v 0.2960349917411804 -0.0069019789807498455 0.032389990985393524
v 0.2901340126991272 -7.79999973019585e-05 0.03298496827483177
v 0.10240200161933899 -0.014034979976713657 -0.031099969521164894
v 0.07291901111602783 -0.01408499013632536 -0.026497000828385353
v 0.07279098033905029 -0.00718998908996582 -0.027081960812211037
v 0.10215199738740921 -0.0070409770123660564 -0.03221594914793968
v 0.10266599804162979 -0.020545000210404396 -0.0286289993673563
v 0.07310497015714645 -0.020542969927191734 -0.02481894940137863
v 0.07291901111602783 -0.01408499013632536 -0.026497000828385353
v 0.07778196781873703 0.024487970396876335 -0.02353297919034958
v 0.07806795090436935 0.025521989911794662 -0.023003989830613136
v 0.0784439966082573 0.02558100037276745 -0.0233149491250515
v 0.1339949071407318 0.03475797176361084 -0.017697980627417564
v 0.11929800361394882 0.034740980714559555 -0.017611980438232422
v 0.11936300247907639 0.03737794980406761 -0.012066960334777832
v 0.1060980036854744 0.013850980438292027 0.032148949801921844
v 0.11302000284194946 0.013841980136930943 0.03225195035338402
v 0.11301399767398834 0.01739400066435337 0.03137999027967453
v 0.09928596019744873 0.006757974158972502 0.0320199690759182
v 0.09931600093841553 0.01386397983878851 0.031414978206157684
v 0.07635294646024704 0.013896999880671501 0.02692198008298874
v 0.07635294646024704 0.013896999880671501 0.02692198008298874
v 0.07131797075271606 0.0 0.027370980009436607
v 0.07134199142456055 6.000000212225132e-06 0.027374979108572006
v 0.08213496208190918 -0.03629397973418236 0.010704989545047283
v 0.07438098639249802 -0.024629950523376465 0.02259998954832554
v 0.07437998056411743 -0.024629950523376465 0.02256596088409424
v 0.08213496208190918 -0.03629397973418236 0.010704989545047283
v 0.08268194645643234 -0.03674900159239769 0.011112979613244534
v 0.07438796013593674 -0.02462898939847946 0.02259998954832554
v 0.08151798695325851 -0.03437494859099388 0.014587990008294582
v 0.07440298050642014 -0.024629950523376465 0.022600939497351646
v 0.07438796013593674 -0.02462898939847946 0.02259998954832554
v 0.08151798695325851 -0.03437494859099388 0.014587990008294582
v 0.07442598789930344 -0.024446960538625717 0.022969959303736687
v 0.07440494745969772 -0.024626970291137695 0.022630980238318443
v 0.08052700012922287 -0.03149700164794922 0.01809798926115036
v 0.07443398237228394 -0.02442096918821335 0.02301895059645176
v 0.07442598789930344 -0.024446960538625717 0.022969959303736687
v 0.07952696084976196 -0.02789396047592163 0.02111095003783703
v 0.07451295107603073 -0.024401960894465446 0.023054949939250946
v 0.07443398237228394 -0.02442096918821335 0.02301895059645176
v 0.07451295107603073 -0.024401960894465446 0.023054949939250946
v 0.07952696084976196 -0.02789396047592163 0.02111095003783703
v 0.07467596977949142 -0.024372989311814308 0.02310997061431408
v 0.07952696084976196 -0.02789396047592163 0.02111095003783703
v 0.09280598163604736 -0.027166960760951042 0.02426600083708763
v 0.07469999045133591 -0.024368999525904655 0.023118970915675163
v 0.07467596977949142 -0.024372989311814308 0.02310997061431408
v 0.07952696084976196 -0.02789396047592163 0.02111095003783703
v 0.07469999045133591 -0.024368999525904655 0.023118970915675163
v 0.09280598163604736 -0.027166960760951042 0.02426600083708763
v 0.09933698177337646 -0.027197949588298798 0.02545594982802868
v 0.07457195967435837 -0.02427195943892002 0.0231739804148674
v 0.09933698177337646 -0.027197949588298798 0.02545594982802868
v 0.09932196140289307 -0.024199960753321648 0.02751898020505905
v 0.07457797974348068 -0.024236969649791718 0.02319996990263462
v 0.09928596019744873 0.006757974158972502 0.0320199690759182
v 0.11301200091838837 -0.01757895015180111 0.03128498047590256
v 0.11301799863576889 -0.01402198988944292 0.032193951308727264
v 0.10607700049877167 -0.0140299703925848 0.032125938683748245
v 0.25539499521255493 0.017539970576763153 0.03145897015929222
v 0.1060980036854744 0.013850980438292027 0.032148949801921844
v 0.09931600093841553 0.01386397983878851 0.031414978206157684
v 0.09928596019744873 0.006757974158972502 0.0320199690759182
v 0.27706098556518555 0.026800990104675293 -0.026072969660162926
v 0.2854360044002533 0.02672100067138672 -0.02497296966612339
v 0.28471800684928894 0.02154296077787876 -0.027915000915527344
v 0.2907939851284027 -0.039069950580596924 0.005455969832837582
v 0.2908419966697693 -0.03920799121260643 0.004576981067657471
v 0.30214399099349976 -0.03934096917510033 0.002585947047919035
v 0.28130099177360535 0.03741598129272461 -0.011599949561059475
v 0.28396499156951904 0.015839990228414536 -0.029852980747818947
v 0.2837100028991699 0.012872990220785141 -0.03042696975171566
v 0.27848100662231445 0.01049994956701994 -0.031822968274354935
v 0.07131797075271606 0.0 0.027369970455765724
v 0.07129400223493576 0.0 0.02638298086822033
v 0.07635294646024704 0.013896999880671501 0.02692198008298874
v 0.0724259614944458 0.003336966037750244 0.027209989726543427
v 0.0724259614944458 0.0033149709925055504 0.027213990688323975
v 0.07242696732282639 0.003287971019744873 0.02721899002790451
v 0.07133597135543823 5.8999998145736754e-05 0.027366990223526955
v 0.07131797075271606 0.0 0.027369970455765724
v 0.07635294646024704 0.013896999880671501 0.02692198008298874
v 0.0724259614944458 0.0033149709925055504 0.027213990688323975
v 0.07242696732282639 0.003287971019744873 0.02721899002790451
v 0.07131797075271606 0.0 0.027369970455765724
v 0.07131797075271606 0.0 0.027370980009436607
v 0.07242696732282639 0.003287971019744873 0.02721899002790451
v 0.07655096054077148 0.017109990119934082 0.02628397010266781
v 0.07691395282745361 0.020842960104346275 0.02503298968076706
v 0.07245098799467087 0.004220962058752775 0.026897959411144257
v 0.07691395282745361 0.020842960104346275 0.02503298968076706
v 0.07769297808408737 0.024300990626215935 0.023425990715622902
v 0.07257299870252609 0.004783987067639828 0.026593979448080063
v 0.07131897658109665 -1.2000000424450263e-05 0.02736896090209484
v 0.07129698246717453 -0.0022499558981508017 0.02619796060025692
v 0.07131897658109665 -1.2000000424450263e-05 0.02736896090209484
v 0.07131797075271606 0.0 0.027369970455765724
v 0.07131797075271606 0.0 0.027369970455765724
v 0.07129698246717453 -0.0022499558981508017 0.02619796060025692
v 0.07315199822187424 -0.020542969927191734 0.02481894940137863
v 0.0729469582438469 -0.01408499013632536 0.026497000828385353
v 0.07132399082183838 -4.8000001697801054e-05 0.027367940172553062
v 0.09608697146177292 0.02650194987654686 -0.025514960289001465
v 0.07947599142789841 0.02875095047056675 -0.02135496959090233
v 0.0804249569773674 0.030937960371375084 -0.019599970430135727
v 0.09927499294281006 -7.79999973019585e-05 0.03215897083282471
v 0.09928596019744873 0.006757974158972502 0.0320199690759182
v 0.07134199142456055 6.000000212225132e-06 0.027374979108572006
v 0.30800700187683105 -0.03606896847486496 0.013306969776749611
v 0.3101769983768463 -0.03352098912000656 0.017069989815354347
v 0.2983269989490509 -0.03451097011566162 0.01720196008682251
v 0.2958250045776367 -0.014121940359473228 0.03172694891691208
v 0.2960349917411804 -0.0069019789807498455 0.032389990985393524
v 0.2900870144367218 -0.0068579912185668945 0.032831959426403046
v 0.3140510022640228 -0.0071219801902771 0.028761979192495346
v 0.1409440040588379 -0.021028989925980568 0.029974989593029022
v 0.2527720034122467 0.03254996985197067 0.020982980728149414
v 0.27990901470184326 0.032515998929739 0.02082997001707554
v 0.2779879868030548 0.036322951316833496 0.014561950229108334
v 0.3511419892311096 -0.007520973216742277 0.0270609799772501
v 0.3508169949054718 -0.0196529608219862 0.026366939768195152
v 0.35700199007987976 -0.0196529608219862 0.022462960332632065
v 0.3248080015182495 -0.042885951697826385 0.003426969051361084
v 0.35859400033950806 -0.035760991275310516 -0.016851959750056267
v 0.3600130081176758 -0.035760991275310516 -0.014999980106949806
v 0.3511419892311096 -0.007520973216742277 0.0270609799772501
v 0.35619398951530457 -0.030499989166855812 0.021481990814208984
v 0.35700199007987976 -0.0196529608219862 0.022462960332632065
v 0.3508169949054718 -0.0196529608219862 0.026366939768195152
v 0.32207098603248596 -0.04210298880934715 0.0069779749028384686
v 0.3213439881801605 -0.04210298880934715 0.004928946029394865
v 0.32485198974609375 -0.042928989976644516 0.0039009449537843466
v 0.34275001287460327 -0.03416895121335983 -0.026673970744013786
v 0.3429819941520691 -0.035760991275310516 -0.02583998069167137
v 0.3385480046272278 -0.03416895121335983 -0.027009960263967514
v 0.3248080015182495 -0.042885951697826385 0.003426969051361084
v 0.3241710066795349 -0.04278897866606712 0.0031549930572509766
v 0.3340359926223755 -0.035760991275310516 -0.02584194950759411
v 0.3648790121078491 0.0 -0.014562959782779217
v 0.3664320111274719 0.007520973216742277 -0.01058197021484375
v 0.3682059943675995 0.0 -0.005042970180511475
v 0.3295530080795288 -0.035760991275310516 0.0246499702334404
v 0.33406999707221985 -0.035760991275310516 0.025847969576716423
v 0.3337790071964264 -0.033172961324453354 0.027091970667243004
v 0.33664000034332275 -0.030499989166855812 0.027767950668931007
v 0.3139210045337677 -0.013964950107038021 0.028190970420837402
v 0.3136970102787018 -0.020623980090022087 0.026371950283646584
v 0.32136499881744385 -0.040881991386413574 0.013511000201106071
v 0.35236799716949463 0.009799957275390625 -0.026349959895014763
v 0.349918007850647 0.013049960136413574 -0.027265960350632668
v 0.3564079999923706 0.013049960136413574 -0.023555990308523178
v 0.3626349866390228 -0.007520973216742277 -0.01759600080549717
v 0.3620159924030304 -0.0196529608219862 -0.01714497059583664
v 0.356999009847641 -0.0196529608219862 -0.02246600016951561
v 0.35241299867630005 0.007520973216742277 0.02643096074461937
v 0.3516570031642914 0.0 0.026820000261068344
v 0.3585970103740692 0.0 0.022449970245361328
v 0.3614000082015991 0.01639300025999546 -0.015999969094991684
v 0.3647260069847107 -0.035760991275310516 0.0
v 0.364327996969223 -0.035760991275310516 -0.004551947116851807
v 0.36558300256729126 -0.033172961324453354 -0.004769979976117611
v 0.2814890146255493 -0.01390296034514904 -0.03065996989607811
v 0.2818489968776703 -0.006904959212988615 -0.031216969713568687
v 0.33649998903274536 -0.007520973216742277 -0.029801959171891212
v 0.3436180055141449 -0.030499989166855812 -0.02735595963895321
v 0.3438520133495331 -0.0196529608219862 -0.02860599011182785
v 0.35081401467323303 -0.0196529608219862 -0.02636796049773693
v 0.35163000226020813 -0.035760991275310516 0.022701969370245934
v 0.35227900743484497 -0.033172961324453354 0.023799000307917595
v 0.3479419946670532 -0.033172961324453354 0.025828000158071518
v 0.28134000301361084 -0.020946970209479332 -0.0285719595849514
v 0.2814890146255493 -0.01390296034514904 -0.03065996989607811
v 0.3365510106086731 -0.0196529608219862 -0.02903698943555355
v 0.36096200346946716 -0.03416895121335983 0.014999980106949806
v 0.35958001017570496 -0.033172961324453354 0.017659960314631462
v 0.35859501361846924 -0.035760991275310516 0.016850940883159637
v 0.3221440017223358 -0.04088598117232323 0.01444195955991745
v 0.3164690136909485 -0.03416895121335983 0.019062990322709084
v 0.31573599576950073 -0.03416895121335983 0.01828199066221714
v 0.3564240038394928 0.013049960136413574 0.023546990007162094
v 0.3581160008907318 0.01454996969550848 0.02135998010635376
v 0.35491999983787537 0.01639300025999546 0.022600939497351646
v 0.3600130081176758 -0.035760991275310516 -0.014999980106949806
v 0.3633109927177429 -0.035760991275310516 -0.00849997904151678
v 0.32830798625946045 -0.042928989976644516 0.009880959056317806
v 0.3516260087490082 -0.035760991275310516 -0.022703999653458595
v 0.34748101234436035 -0.035760991275310516 -0.02463895082473755
v 0.3479419946670532 -0.033172961324453354 -0.025828000158071518
v 0.3561910092830658 -0.030499989166855812 -0.021483950316905975
v 0.35227900743484497 -0.033172961324453354 -0.023799000307917595
v 0.35081401467323303 -0.0196529608219862 -0.02636796049773693
v 0.356999009847641 -0.0196529608219862 -0.02246600016951561
v 0.35081401467323303 -0.0196529608219862 -0.02636796049773693
v 0.35113900899887085 -0.007520973216742277 -0.027062950655817986
v 0.3149380087852478 -4.999999873689376e-06 0.029168959707021713
v 0.34023499488830566 0.0 0.030080970376729965
v 0.33855199813842773 0.007520973216742277 0.0298689603805542
v 0.33855199813842773 0.007520973216742277 0.0298689603805542
v 0.3133719861507416 0.009911954402923584 0.029012970626354218
v 0.31343498826026917 0.009765981696546078 0.029016969725489616
v 0.34992098808288574 -0.007520973216742277 0.02745394967496395
v 0.34399598836898804 -0.007520973216742277 0.02935897931456566
v 0.34385499358177185 -0.0196529608219862 0.028604980558156967
v 0.3576120138168335 -0.033172961324453354 -0.01963197998702526
v 0.356999009847641 -0.0196529608219862 -0.02246600016951561
v 0.3620159924030304 -0.0196529608219862 -0.01714497059583664
v 0.36136800050735474 0.01454996969550848 0.01783394068479538
v 0.3625830113887787 0.014699989929795265 0.015999969094991684
v 0.3614000082015991 0.01639300025999546 0.015999969094991684
v 0.3216690123081207 0.024926960468292236 0.0032249679788947105
v 0.2927030026912689 0.016299959272146225 -0.02672296017408371
v 0.3097749948501587 0.02587698958814144 0.013494960032403469
v 0.3216690123081207 0.024926960468292236 0.0032249679788947105
v 0.3097749948501587 0.02587698958814144 0.013494960032403469
v 0.3135719895362854 0.027803000062704086 0.021414989605545998
v 0.31358200311660767 0.02780997008085251 0.02144497074186802
v 0.3134720027446747 0.02795100025832653 0.022204989567399025
v 0.3216690123081207 0.024926960468292236 0.0032249679788947105
v 0.36136800050735474 0.01454996969550848 -0.01783394068479538
v 0.3604319989681244 0.01639300025999546 -0.017295949161052704
v 0.3614000082015991 0.01639300025999546 -0.015999969094991684
v 0.2927030026912689 0.016299959272146225 -0.02672296017408371
v 0.2919749915599823 0.016299959272146225 -0.025994950905442238
v 0.3070659935474396 0.02447897009551525 0.007840991020202637
v 0.2919749915599823 0.016299959272146225 -0.025994950905442238
v 0.29170799255371094 0.016299959272146225 -0.024999970570206642
v 0.30114999413490295 0.02135597914457321 -0.004516959190368652
v 0.33855000138282776 0.007520973216742277 -0.0298689603805542
v 0.3402329981327057 0.0 -0.030080970376729965
v 0.28210899233818054 0.0 -0.03140496835112572
v 0.28210899233818054 0.0 -0.03140496835112572
v 0.28151899576187134 0.0030839440878480673 -0.03142796829342842
v 0.33855000138282776 0.007520973216742277 -0.0298689603805542
v 0.28151899576187134 0.0030839440878480673 -0.03142796829342842
v 0.28126099705696106 0.004964946769177914 -0.03141200169920921
v 0.33855000138282776 0.007520973216742277 -0.0298689603805542
v 0.28126099705696106 0.004964946769177914 -0.03141200169920921
v 0.2810109853744507 0.005695998203009367 -0.031415991485118866
v 0.28076401352882385 0.00697898818179965 -0.031418971717357635
v 0.3365510106086731 -0.0196529608219862 -0.02903698943555355
v 0.3438520133495331 -0.0196529608219862 -0.02860599011182785
v 0.34019601345062256 -0.033172961324453354 -0.02735297940671444
v 0.3655489981174469 -0.0196529608219862 0.010737000033259392
v 0.349918007850647 0.013049960136413574 -0.027265960350632668
v 0.34562501311302185 0.013049960136413574 -0.028733959421515465
v 0.3462510108947754 0.01454996969550848 -0.027891989797353745
v 0.3576120138168335 -0.033172961324453354 0.01963197998702526
v 0.35958001017570496 -0.033172961324453354 0.017659960314631462
v 0.36201798915863037 -0.0196529608219862 0.01714199036359787
v 0.36813199520111084 -0.007520973216742277 0.003750978969037533
v 0.3287990093231201 -0.04280494898557663 0.010438970290124416
v 0.35163000226020813 -0.035760991275310516 0.022701969370245934
v 0.3474830090999603 -0.035760991275310516 0.024637989699840546
v 0.3474830090999603 -0.035760991275310516 0.024637989699840546
v 0.3479419946670532 -0.033172961324453354 0.025828000158071518
v 0.34331899881362915 -0.033172961324453354 0.027074990794062614
v 0.3500620126724243 0.0 -0.027824990451335907
v 0.34399300813674927 -0.007520973216742277 -0.02935897931456566
v 0.3402329981327057 0.0 -0.030080970376729965
v 0.3254309892654419 -0.041341960430145264 0.01594996079802513
v 0.322706013917923 -0.04108899086713791 0.014485949650406837
v 0.32565298676490784 -0.04210298880934715 0.012392990291118622
v 0.3287990093231201 -0.04280494898557663 0.010438970290124416
v 0.32830798625946045 -0.042928989976644516 0.009880959056317806
v 0.3647260069847107 -0.035760991275310516 0.0
v 0.2927030026912689 0.016299959272146225 -0.02672296017408371
v 0.2936980128288269 0.016299959272146225 -0.02698999084532261
v 0.28953900933265686 0.014437969774007797 -0.0279959999024868
v 0.2936980128288269 0.016299959272146225 -0.02698999084532261
v 0.2891710102558136 0.013867969624698162 -0.028533989563584328
v 0.2892780005931854 0.014017989858984947 -0.028404949232935905
v 0.2936980128288269 0.016299959272146225 -0.02698999084532261
v 0.2892780005931854 0.014017989858984947 -0.028404949232935905
v 0.28946998715400696 0.014315959997475147 -0.028116999194025993
v 0.28953900933265686 0.014437969774007797 -0.0279959999024868
v 0.2823750078678131 0.010221949778497219 -0.030879970639944077
v 0.28997600078582764 0.014915999956429005 -0.027294989675283432
v 0.2823750078678131 0.010221949778497219 -0.030879970639944077
v 0.2901819944381714 0.01516497042030096 -0.02690695971250534
v 0.28997600078582764 0.014915999956429005 -0.027294989675283432
v 0.28997600078582764 0.014915999956429005 -0.027294989675283432
v 0.28974300622940063 0.014647959731519222 -0.02769898995757103
v 0.28953900933265686 0.014437969774007797 -0.0279959999024868
v 0.28974300622940063 0.014647959731519222 -0.02769898995757103
v 0.289683997631073 0.014582989737391472 -0.02779494971036911
v 0.28966599702835083 0.014565999619662762 -0.027818970382213593
v 0.34275001287460327 0.01639300025999546 0.02761095017194748
v 0.31439799070358276 0.025270989164710045 0.02410995028913021
v 0.3150480091571808 0.02186495065689087 0.02593695931136608
v 0.280007004737854 0.008245944045484066 -0.022762000560760498
v 0.2807610034942627 0.006983994971960783 -0.03138798102736473
v 0.2807610034942627 0.006982982158660889 -0.03138798102736473
v 0.3241640031337738 -0.040948979556560516 0.016344960778951645
v 0.32540398836135864 -0.035760991275310516 0.02271896041929722
v 0.3164690136909485 -0.03416895121335983 0.019062990322709084
v 0.3620159924030304 -0.0196529608219862 -0.01714497059583664
v 0.3655470013618469 -0.0196529608219862 -0.010740989819169044
v 0.36436599493026733 -0.030499989166855812 -0.010270950384438038
v 0.35815098881721497 0.013049960136413574 -0.022141989320516586
v 0.3581160008907318 0.01454996969550848 -0.02135998010635376
v 0.36136800050735474 0.01454996969550848 -0.01783394068479538
v 0.3385480046272278 -0.03416895121335983 -0.027009960263967514
v 0.3340359926223755 -0.035760991275310516 -0.02584194950759411
v 0.33425000309944153 -0.03416895121335983 -0.026673970744013786
v 0.32698899507522583 -0.042928989976644516 0.008274972438812256
v 0.3242410123348236 -0.04210298880934715 0.0107379499822855
v 0.32304099202156067 -0.04210298880934715 0.00892496109008789
v 0.33649998903274536 -0.007520973216742277 -0.029801959171891212
v 0.2818489968776703 -0.006904959212988615 -0.031216969713568687
v 0.28210899233818054 0.0 -0.03140496835112572
v 0.36201798915863037 -0.0196529608219862 0.01714199036359787
v 0.362637996673584 -0.007520973216742277 0.017592959105968475
v 0.3583280146121979 -0.007520973216742277 0.022165950387716293
v 0.3655470013618469 -0.0196529608219862 -0.010740989819169044
v 0.354326993227005 0.01454996969550848 -0.024300990626215935
v 0.35370099544525146 0.01639300025999546 -0.02334696054458618
v 0.3568800091743469 0.01639300025999546 -0.021037990227341652
v 0.3213439881801605 -0.04210298880934715 0.004928946029394865
v 0.31818199157714844 -0.04108899086713791 0.006897985003888607
v 0.31745201349258423 -0.04108899086713791 0.00417095422744751
v 0.3647260069847107 -0.035760991275310516 0.0
v 0.3659999966621399 -0.033172961324453354 0.0
v 0.36558300256729126 -0.033172961324453354 0.004769979976117611
v 0.36096200346946716 -0.03416895121335983 -0.014999980106949806
v 0.3600130081176758 -0.035760991275310516 -0.014999980106949806
v 0.35859400033950806 -0.035760991275310516 -0.016851959750056267
v 0.354326993227005 0.01454996969550848 0.024300990626215935
v 0.3536989986896515 0.01639300025999546 0.023329969495534897
v 0.3506210148334503 0.01639300025999546 0.025168949738144875
v 0.3543570041656494 0.0 -0.02511996030807495
v 0.3524110019207001 0.007520973216742277 -0.02643096074461937
v 0.3564560115337372 0.009799957275390625 -0.023723000660538673
v 0.2911800146102905 0.01049994956701994 0.026259949430823326
v 0.2869360148906708 0.01049994956701994 0.02422099933028221
v 0.3100639879703522 -0.021364979445934296 0.023904969915747643
v 0.336093008518219 0.014616959728300571 -0.028856990858912468
v 0.28245100378990173 0.010227969847619534 -0.030876990407705307
v 0.2859489917755127 0.011685959994792938 -0.029957950115203857
v 0.336093008518219 0.014616959728300571 -0.028856990858912468
v 0.2859489917755127 0.011685959994792938 -0.029957950115203857
v 0.28841501474380493 0.013016990385949612 -0.029105959460139275
v 0.2891710102558136 0.013867969624698162 -0.028533989563584328
v 0.2936980128288269 0.016299959272146225 -0.02698999084532261
v 0.2889679968357086 0.013520950451493263 -0.028776999562978745
v 0.2885949909687042 0.013133999891579151 -0.029029959812760353
v 0.2889679968357086 0.013520950451493263 -0.028776999562978745
v 0.2936980128288269 0.016299959272146225 -0.02698999084532261
v 0.28878098726272583 0.013304940424859524 -0.028918979689478874
v 0.28878098726272583 0.013304940424859524 -0.028918979689478874
v 0.2936980128288269 0.016299959272146225 -0.02698999084532261
v 0.2886750102043152 0.01319998037070036 -0.028986990451812744
v 0.336093008518219 0.014616959728300571 -0.028856990858912468
v 0.28841501474380493 0.013016990385949612 -0.029105959460139275
v 0.2885949909687042 0.013133999891579151 -0.029029959812760353
v 0.33664000034332275 -0.030499989166855812 0.027767950668931007
v 0.3337790071964264 -0.033172961324453354 0.027091970667243004
v 0.33425000309944153 -0.03416895121335983 0.026673970744013786
v 0.336093008518219 0.014616959728300571 -0.028856990858912468
v 0.3408290147781372 0.014630969613790512 -0.028859969228506088
v 0.28244999051094055 0.010227969847619534 -0.030876990407705307
v 0.33855000138282776 0.013049960136413574 -0.029603950679302216
v 0.2824470102787018 0.010225949808955193 -0.030877940356731415
v 0.28244999051094055 0.010227969847619534 -0.030876990407705307
v 0.36831599473953247 0.008610962890088558 -0.0008420000085607171
v 0.36788201332092285 0.0152129502967 -0.00042399996891617775
v 0.3679650127887726 0.012590999715030193 0.003138958942145109
v 0.28151899576187134 0.0030839440878480673 -0.03142796829342842
v 0.28210899233818054 0.0 -0.03140496835112572
v 0.2818489968776703 -0.006904959212988615 -0.031216969713568687
v 0.2818489968776703 -0.006904959212988615 -0.031216969713568687
v 0.2808060050010681 0.006445943843573332 -0.03141098842024803
v 0.28151899576187134 0.0030839440878480673 -0.03142796829342842
v 0.2808060050010681 0.006445943843573332 -0.03141098842024803
v 0.28076401352882385 0.00697898818179965 -0.031418971717357635
v 0.2810109853744507 0.005695998203009367 -0.031415991485118866
v 0.2814890146255493 -0.01390296034514904 -0.03065996989607811
v 0.2807759940624237 0.0066259498707950115 -0.0314059816300869
v 0.2808060050010681 0.006445943843573332 -0.03141098842024803
v 0.28134000301361084 -0.020946970209479332 -0.0285719595849514
v 0.2807680070400238 0.006778954993933439 -0.0313989482820034
v 0.2807759940624237 0.0066259498707950115 -0.0314059816300869
v 0.364327996969223 -0.035760991275310516 0.004550992976874113
v 0.36558300256729126 -0.033172961324453354 0.004769979976117611
v 0.36413800716400146 -0.03416895121335983 0.00849997904151678
v 0.2916660010814667 -0.030499989166855812 -0.020930999889969826
v 0.2960459887981415 -0.03416895121335983 -0.018177980557084084
v 0.2926670014858246 -0.0318869911134243 -0.018999990075826645
v 0.2960459887981415 -0.03416895121335983 -0.018177980557084084
v 0.29572999477386475 -0.03416895121335983 -0.016999950632452965
v 0.29330599308013916 -0.03243093937635422 -0.018184000626206398
v 0.358364999294281 0.007520973216742277 -0.02229594998061657
v 0.35815098881721497 0.013049960136413574 -0.022141989320516586
v 0.36236798763275146 0.013049960136413574 -0.01737499050796032
v 0.2969079911708832 -0.03416895121335983 -0.019039979204535484
v 0.2916660010814667 -0.030499989166855812 -0.020930999889969826
v 0.288457989692688 -0.027117960155010223 -0.024002959951758385
v 0.2824470102787018 0.010225949808955193 -0.030877940356731415
v 0.33855000138282776 0.013049960136413574 -0.029603950679302216
v 0.33855000138282776 0.007520973216742277 -0.0298689603805542
v 0.33855000138282776 0.007520973216742277 -0.0298689603805542
v 0.28076401352882385 0.00697898818179965 -0.031418971717357635
v 0.28144198656082153 0.008008955977857113 -0.03124397061765194
v 0.28076401352882385 0.00697898818179965 -0.031418971717357635
v 0.28108999133110046 0.007635951042175293 -0.031309958547353745
v 0.28144198656082153 0.008008955977857113 -0.03124397061765194
v 0.34023499488830566 0.0 0.030080970376729965
v 0.34399598836898804 -0.007520973216742277 0.02935897931456566
v 0.3500629961490631 0.0 0.027823980897665024
v 0.34275001287460327 -0.03416895121335983 0.026673970744013786
v 0.34331899881362915 -0.033172961324453354 0.027074990794062614
v 0.3385489881038666 -0.033172961324453354 0.027499970048666
v 0.29330599308013916 -0.03243093937635422 -0.018184000626206398
v 0.29572999477386475 -0.03416895121335983 -0.016999950632452965
v 0.2947390079498291 -0.033303968608379364 -0.016782989725470543
v 0.29572999477386475 -0.03416895121335983 -0.016999950632452965
v 0.2960459887981415 -0.03416895121335983 -0.015821989625692368
v 0.29486599564552307 -0.03337198123335838 -0.01662098988890648
v 0.2947390079498291 -0.033303968608379364 -0.016782989725470543
v 0.29572999477386475 -0.03416895121335983 -0.016999950632452965
v 0.2947719991207123 -0.03332196921110153 -0.016740970313549042
v 0.29486599564552307 -0.03337198123335838 -0.01662098988890648
v 0.2960459887981415 -0.03416895121335983 -0.015821989625692368
v 0.29505300521850586 -0.03346097096800804 -0.016396990045905113
v 0.2960459887981415 -0.03416895121335983 -0.015821989625692368
v 0.2990959882736206 -0.03564995154738426 -0.012249940074980259
v 0.2958369851112366 -0.03366094082593918 -0.015037000179290771
v 0.29505300521850586 -0.03346097096800804 -0.016396990045905113
v 0.2960459887981415 -0.03416895121335983 -0.015821989625692368
v 0.29519298672676086 -0.033517949283123016 -0.016202980652451515
v 0.2958369851112366 -0.03366094082593918 -0.015037000179290771
v 0.2955009937286377 -0.033603958785533905 -0.015678999945521355
v 0.2960459887981415 -0.03416895121335983 -0.015821989625692368
v 0.2955009937286377 -0.033603958785533905 -0.015678999945521355
v 0.29541799426078796 -0.033581968396902084 -0.015821989625692368
v 0.2960459887981415 -0.03416895121335983 -0.015821989625692368
v 0.29519298672676086 -0.033517949283123016 -0.016202980652451515
v 0.2960459887981415 -0.03416895121335983 -0.015821989625692368
v 0.2952300012111664 -0.033529989421367645 -0.01614397019147873
v 0.3337799906730652 0.01639300025999546 -0.027531979605555534
v 0.3216690123081207 0.024926960468292236 0.0032249679788947105
v 0.32479700446128845 0.024914970621466637 0.0034489629324525595
v 0.2990959882736206 -0.03564995154738426 -0.012249940074980259
v 0.3135240077972412 -0.03051798976957798 0.020169969648122787
v 0.3131279945373535 -0.030602989718317986 0.019361969083547592
v 0.2990959882736206 -0.03564995154738426 -0.012249940074980259
v 0.3131279945373535 -0.030602989718317986 0.019361969083547592
v 0.30785199999809265 -0.03158700093626976 0.008796988986432552
v 0.2959020137786865 -0.033668991178274155 -0.014918980188667774
v 0.2958369851112366 -0.03366094082593918 -0.015037000179290771
v 0.2990959882736206 -0.03564995154738426 -0.012249940074980259
v 0.2963019907474518 -0.03362493962049484 -0.014162000268697739
v 0.2959020137786865 -0.033668991178274155 -0.014918980188667774
v 0.2990959882736206 -0.03564995154738426 -0.012249940074980259
v 0.2990959882736206 -0.03564995154738426 -0.012249940074980259
v 0.30785199999809265 -0.03158700093626976 0.008796988986432552
v 0.2968449890613556 -0.03353697061538696 -0.013092990033328533
v 0.35537800192832947 -0.035760991275310516 -0.02007395029067993
v 0.3516260087490082 -0.035760991275310516 -0.022703999653458595
v 0.35384601354599 -0.033172961324453354 -0.022698989138007164
v 0.2901819944381714 0.01516497042030096 -0.02690695971250534
v 0.2823750078678131 0.010221949778497219 -0.030879970639944077
v 0.27965301275253296 0.00829994585365057 -0.01997195929288864
v 0.27965301275253296 0.00829994585365057 -0.01997195929288864
v 0.29127201437950134 0.0160099808126688 -0.024817999452352524
v 0.29082000255584717 0.015698960050940514 -0.025715939700603485
v 0.29082000255584717 0.015698960050940514 -0.025715939700603485
v 0.2906709909439087 0.015571950003504753 -0.026006989181041718
v 0.27965301275253296 0.00829994585365057 -0.01997195929288864
v 0.2906709909439087 0.015571950003504753 -0.026006989181041718
v 0.290365993976593 0.015316960401833057 -0.026574959978461266
v 0.27965301275253296 0.00829994585365057 -0.01997195929288864
v 0.290365993976593 0.015316960401833057 -0.026574959978461266
v 0.2902210056781769 0.015196969732642174 -0.02683996967971325
v 0.2901819944381714 0.01516497042030096 -0.02690695971250534
v 0.3623239994049072 -0.033172961324453354 0.013735939748585224
v 0.3655489981174469 -0.0196529608219862 0.010737000033259392
v 0.36201798915863037 -0.0196529608219862 0.01714199036359787
v 0.36820700764656067 0.0 0.005041955970227718
v 0.3664320111274719 0.007520973216742277 0.010579999536275864
v 0.3648790121078491 0.0 0.014561950229108334
v 0.340828001499176 0.014642000198364258 0.02885298989713192
v 0.3150480091571808 0.02186495065689087 0.02593695931136608
v 0.31521299481391907 0.021281950175762177 0.026145989075303078
v 0.3365040123462677 -0.007520973216742277 0.029801959171891212
v 0.3145110011100769 -0.0019749989733099937 0.029115969315171242
v 0.31422799825668335 -0.004964946769177914 0.028913969174027443
v 0.3145110011100769 -0.0019749989733099937 0.029115969315171242
v 0.3365040123462677 -0.007520973216742277 0.029801959171891212
v 0.3149070143699646 -0.0005659999442286789 0.029157990589737892
v 0.3365040123462677 -0.007520973216742277 0.029801959171891212
v 0.34023499488830566 0.0 0.030080970376729965
v 0.3149380087852478 -4.999999873689376e-06 0.029168959707021713
v 0.3149070143699646 -0.0005659999442286789 0.029157990589737892
v 0.3365040123462677 -0.007520973216742277 0.029801959171891212
v 0.3149299919605255 -0.00040499999886378646 0.02916097082197666
v 0.36136800050735474 0.01454996969550848 0.01783394068479538
v 0.3604719936847687 0.01639300025999546 0.017132990062236786
v 0.3586919903755188 0.01639300025999546 0.019304990768432617
v 0.33855199813842773 0.013049960136413574 0.029603950679302216
v 0.3133719861507416 0.009911954402923584 0.029012970626354218
v 0.32565298676490784 -0.04210298880934715 0.012392990291118622
v 0.32830798625946045 -0.042928989976644516 0.009880959056317806
v 0.3287990093231201 -0.04280494898557663 0.010438970290124416
v 0.34385499358177185 -0.0196529608219862 0.028604980558156967
v 0.33655500411987305 -0.0196529608219862 0.02903698943555355
v 0.3385489881038666 -0.033172961324453354 0.027499970048666
v 0.33655500411987305 -0.0196529608219862 0.02903698943555355
v 0.3140510022640228 -0.0071219801902771 0.028761979192495346
v 0.3139210045337677 -0.013964950107038021 0.028190970420837402
v 0.34748101234436035 -0.035760991275310516 -0.02463895082473755
v 0.3429819941520691 -0.035760991275310516 -0.02583998069167137
v 0.34331899881362915 -0.033172961324453354 -0.027074990794062614
v 0.35236799716949463 0.009799957275390625 -0.026349959895014763
v 0.35642001032829285 0.0114209596067667 -0.023649990558624268
v 0.3564560115337372 0.009799957275390625 -0.023723000660538673
v 0.3501049876213074 0.01454996969550848 0.026576990261673927
v 0.3506210148334503 0.01639300025999546 0.025168949738144875
v 0.3459320068359375 0.01639300025999546 0.026928959414362907
v 0.35859599709510803 0.0 -0.02245097979903221
v 0.3581160008907318 0.01454996969550848 -0.02135998010635376
v 0.357356995344162 0.01639300025999546 -0.02053898014128208
v 0.3604319989681244 0.01639300025999546 -0.017295949161052704
v 0.36236700415611267 0.013049960136413574 0.01737499050796032
v 0.35815298557281494 0.013049960136413574 0.022140970453619957
v 0.3583660125732422 0.007520973216742277 0.022294990718364716
v 0.3564240038394928 0.013049960136413574 0.023546990007162094
v 0.3508169949054718 -0.0196529608219862 0.026366939768195152
v 0.34385499358177185 -0.0196529608219862 0.028604980558156967
v 0.34362098574638367 -0.030499989166855812 0.027354950085282326
v 0.29127201437950134 0.0160099808126688 -0.024817999452352524
v 0.27965301275253296 0.00829994585365057 -0.01997195929288864
v 0.2920989990234375 0.01645898073911667 -0.02321499027311802
v 0.27965301275253296 0.00829994585365057 -0.01997195929288864
v 0.2869360148906708 0.01049994956701994 0.02422099933028221
v 0.30114999413490295 0.02135597914457321 -0.004516959190368652
v 0.2920989990234375 0.01645898073911667 -0.02321499027311802
v 0.27965301275253296 0.00829994585365057 -0.01997195929288864
v 0.2922990024089813 0.016566989943385124 -0.02281397022306919
v 0.2869360148906708 0.01049994956701994 0.02422099933028221
v 0.3134720027446747 0.02795100025832653 0.022204989567399025
v 0.30114999413490295 0.02135597914457321 -0.004516959190368652
v 0.30114999413490295 0.02135597914457321 -0.004516959190368652
v 0.2962380051612854 0.018699999898672104 -0.014714949764311314
v 0.27965301275253296 0.00829994585365057 -0.01997195929288864
v 0.2962380051612854 0.018699999898672104 -0.014714949764311314
v 0.294173002243042 0.017582949250936508 -0.0189889594912529
v 0.27965301275253296 0.00829994585365057 -0.01997195929288864
v 0.3066810071468353 0.0 0.028871949762105942
v 0.3145110011100769 -0.0019749989733099937 0.029115969315171242
v 0.3149070143699646 -0.0005659999442286789 0.029157990589737892
v 0.3149070143699646 -0.0005659999442286789 0.029157990589737892
v 0.3149299919605255 -0.00040499999886378646 0.02916097082197666
v 0.3149380087852478 -4.999999873689376e-06 0.029168959707021713
v 0.2919749915599823 0.016299959272146225 -0.025994950905442238
v 0.2901819944381714 0.01516497042030096 -0.02690695971250534
v 0.2902210056781769 0.015196969732642174 -0.02683996967971325
v 0.2919749915599823 0.016299959272146225 -0.025994950905442238
v 0.2902210056781769 0.015196969732642174 -0.02683996967971325
v 0.290365993976593 0.015316960401833057 -0.026574959978461266
v 0.29127201437950134 0.0160099808126688 -0.024817999452352524
v 0.29170799255371094 0.016299959272146225 -0.024999970570206642
v 0.29082000255584717 0.015698960050940514 -0.025715939700603485
v 0.29170799255371094 0.016299959272146225 -0.024999970570206642
v 0.2919749915599823 0.016299959272146225 -0.025994950905442238
v 0.29082000255584717 0.015698960050940514 -0.025715939700603485
v 0.2919749915599823 0.016299959272146225 -0.025994950905442238
v 0.290365993976593 0.015316960401833057 -0.026574959978461266
v 0.2906709909439087 0.015571950003504753 -0.026006989181041718
v 0.29170799255371094 0.016299959272146225 -0.024999970570206642
v 0.29127201437950134 0.0160099808126688 -0.024817999452352524
v 0.2920989990234375 0.01645898073911667 -0.02321499027311802
v 0.29170799255371094 0.016299959272146225 -0.024999970570206642
v 0.2920989990234375 0.01645898073911667 -0.02321499027311802
v 0.2922990024089813 0.016566989943385124 -0.02281397022306919
v 0.2962380051612854 0.018699999898672104 -0.014714949764311314
v 0.30114999413490295 0.02135597914457321 -0.004516959190368652
v 0.29170799255371094 0.016299959272146225 -0.024999970570206642
v 0.29170799255371094 0.016299959272146225 -0.024999970570206642
v 0.2922990024089813 0.016566989943385124 -0.02281397022306919
v 0.294173002243042 0.017582949250936508 -0.0189889594912529
v 0.2906709909439087 0.015571950003504753 -0.026006989181041718
v 0.290365993976593 0.015316960401833057 -0.026574959978461266
v 0.2949950098991394 0.03715996816754341 -0.010369949974119663
v 0.28108999133110046 0.007635951042175293 -0.031309958547353745
v 0.2807610034942627 0.006983994971960783 -0.03138798102736473
v 0.280007004737854 0.008245944045484066 -0.022762000560760498
v 0.2960279881954193 0.006753981113433838 0.03238397091627121
v 0.31343498826026917 0.009765981696546078 0.029016969725489616
v 0.3133719861507416 0.009911954402923584 0.029012970626354218
v 0.31309399008750916 0.010979950428009033 0.02895396016538143
v 0.3162350058555603 0.015707960352301598 0.027850979939103127
v 0.2958050072193146 0.013938959687948227 0.03171598166227341
v 0.2960279881954193 0.006753981113433838 0.03238397091627121
v 0.3133719861507416 0.009911954402923584 0.029012970626354218
v 0.31309399008750916 0.010979950428009033 0.02895396016538143
v 0.28144198656082153 0.008008955977857113 -0.03124397061765194
v 0.28108999133110046 0.007635951042175293 -0.031309958547353745
v 0.2823750078678131 0.010221949778497219 -0.030879970639944077
v 0.2926670014858246 -0.0318869911134243 -0.018999990075826645
v 0.29330599308013916 -0.03243093937635422 -0.018184000626206398
v 0.29061201214790344 -0.030499989166855812 -0.019499950110912323
v 0.29061201214790344 -0.030499989166855812 -0.019499950110912323
v 0.29330599308013916 -0.03243093937635422 -0.018184000626206398
v 0.29486599564552307 -0.03337198123335838 -0.01662098988890648
v 0.29330599308013916 -0.03243093937635422 -0.018184000626206398
v 0.2947390079498291 -0.033303968608379364 -0.016782989725470543
v 0.29486599564552307 -0.03337198123335838 -0.01662098988890648
v 0.30430901050567627 0.03818397969007492 0.005718945991247892
v 0.2920989990234375 0.01645898073911667 -0.02321499027311802
v 0.29802200198173523 0.03829997032880783 -0.0052289958111941814
v 0.2920989990234375 0.01645898073911667 -0.02321499027311802
v 0.29127201437950134 0.0160099808126688 -0.024817999452352524
v 0.29802200198173523 0.03829997032880783 -0.0052289958111941814
v 0.3134720027446747 0.02795100025832653 0.022204989567399025
v 0.31358200311660767 0.02780997008085251 0.02144497074186802
v 0.3135719895362854 0.027803000062704086 0.021414989605545998
v 0.3135719895362854 0.027803000062704086 0.021414989605545998
v 0.31227800250053406 0.030259959399700165 0.019181959331035614
v 0.3123210072517395 0.030524959787726402 0.01943998970091343
v 0.29061201214790344 -0.030499989166855812 -0.019499950110912323
v 0.2958369851112366 -0.03366094082593918 -0.015037000179290771
v 0.2963019907474518 -0.03362493962049484 -0.014162000268697739
v 0.2958369851112366 -0.03366094082593918 -0.015037000179290771
v 0.2959020137786865 -0.033668991178274155 -0.014918980188667774
v 0.2963019907474518 -0.03362493962049484 -0.014162000268697739
v 0.2963019907474518 -0.03362493962049484 -0.014162000268697739
v 0.2968449890613556 -0.03353697061538696 -0.013092990033328533
v 0.29061201214790344 -0.030499989166855812 -0.019499950110912323
v 0.2968449890613556 -0.03353697061538696 -0.013092990033328533
v 0.30785199999809265 -0.03158700093626976 0.008796988986432552
v 0.29061201214790344 -0.030499989166855812 -0.019499950110912323
v 0.30785199999809265 -0.03158700093626976 0.008796988986432552
v 0.3131279945373535 -0.030602989718317986 0.019361969083547592
v 0.29061201214790344 -0.030499989166855812 -0.019499950110912323
v 0.28151899576187134 0.0030839440878480673 -0.03142796829342842
v 0.28210899233818054 0.0 -0.03140496835112572
v 0.28151899576187134 0.0030839440878480673 -0.03142796829342842
v 0.28126099705696106 0.004964946769177914 -0.03141200169920921
v 0.29082000255584717 0.015698960050940514 -0.025715939700603485
v 0.2906709909439087 0.015571950003504753 -0.026006989181041718
v 0.2971299886703491 0.03813999146223068 -0.00672799302265048
v 0.2922990024089813 0.016566989943385124 -0.02281397022306919
v 0.2920989990234375 0.01645898073911667 -0.02321499027311802
v 0.30430901050567627 0.03818397969007492 0.005718945991247892
v 0.29061201214790344 -0.030499989166855812 -0.019499950110912323
v 0.29486599564552307 -0.03337198123335838 -0.01662098988890648
v 0.2958369851112366 -0.03366094082593918 -0.015037000179290771
v 0.29486599564552307 -0.03337198123335838 -0.01662098988890648
v 0.29505300521850586 -0.03346097096800804 -0.016396990045905113
v 0.2952300012111664 -0.033529989421367645 -0.01614397019147873
v 0.29505300521850586 -0.03346097096800804 -0.016396990045905113
v 0.29519298672676086 -0.033517949283123016 -0.016202980652451515
v 0.2952300012111664 -0.033529989421367645 -0.01614397019147873
v 0.2952300012111664 -0.033529989421367645 -0.01614397019147873
v 0.29541799426078796 -0.033581968396902084 -0.015821989625692368
v 0.29486599564552307 -0.03337198123335838 -0.01662098988890648
v 0.29541799426078796 -0.033581968396902084 -0.015821989625692368
v 0.2955009937286377 -0.033603958785533905 -0.015678999945521355
v 0.29486599564552307 -0.03337198123335838 -0.01662098988890648
v 0.290365993976593 0.015316960401833057 -0.026574959978461266
v 0.2902210056781769 0.015196969732642174 -0.02683996967971325
v 0.293830007314682 0.036150988191366196 -0.012523939833045006
v 0.2807680070400238 0.006778954993933439 -0.0313989482820034
v 0.2927030026912689 0.016299959272146225 -0.02672296017408371
v 0.28953900933265686 0.014437969774007797 -0.0279959999024868
v 0.28966599702835083 0.014565999619662762 -0.027818970382213593
v 0.2927030026912689 0.016299959272146225 -0.02672296017408371
v 0.28966599702835083 0.014565999619662762 -0.027818970382213593
v 0.289683997631073 0.014582989737391472 -0.02779494971036911
v 0.2901819944381714 0.01516497042030096 -0.02690695971250534
v 0.2919749915599823 0.016299959272146225 -0.025994950905442238
v 0.2927030026912689 0.016299959272146225 -0.02672296017408371
v 0.28997600078582764 0.014915999956429005 -0.027294989675283432
v 0.2901819944381714 0.01516497042030096 -0.02690695971250534
v 0.2927030026912689 0.016299959272146225 -0.02672296017408371
v 0.2927030026912689 0.016299959272146225 -0.02672296017408371
v 0.289683997631073 0.014582989737391472 -0.02779494971036911
v 0.28974300622940063 0.014647959731519222 -0.02769898995757103
v 0.2823750078678131 0.010221949778497219 -0.030879970639944077
v 0.2891710102558136 0.013867969624698162 -0.028533989563584328
v 0.2859489917755127 0.011685959994792938 -0.029957950115203857
v 0.2891710102558136 0.013867969624698162 -0.028533989563584328
v 0.2889679968357086 0.013520950451493263 -0.028776999562978745
v 0.28841501474380493 0.013016990385949612 -0.029105959460139275
v 0.2859489917755127 0.011685959994792938 -0.029957950115203857
v 0.2891710102558136 0.013867969624698162 -0.028533989563584328
v 0.28841501474380493 0.013016990385949612 -0.029105959460139275
v 0.2889679968357086 0.013520950451493263 -0.028776999562978745
v 0.28878098726272583 0.013304940424859524 -0.028918979689478874
v 0.28841501474380493 0.013016990385949612 -0.029105959460139275
v 0.28878098726272583 0.013304940424859524 -0.028918979689478874
v 0.2886750102043152 0.01319998037070036 -0.028986990451812744
v 0.28841501474380493 0.013016990385949612 -0.029105959460139275
v 0.2886750102043152 0.01319998037070036 -0.028986990451812744
v 0.2885949909687042 0.013133999891579151 -0.029029959812760353
v 0.28841501474380493 0.013016990385949612 -0.029105959460139275
v 0.2823750078678131 0.010221949778497219 -0.030879970639944077
v 0.28953900933265686 0.014437969774007797 -0.0279959999024868
v 0.2891710102558136 0.013867969624698162 -0.028533989563584328
v 0.28953900933265686 0.014437969774007797 -0.0279959999024868
v 0.28946998715400696 0.014315959997475147 -0.028116999194025993
v 0.2891710102558136 0.013867969624698162 -0.028533989563584328
v 0.3066810071468353 0.0 0.028871949762105942
v 0.3149380087852478 -4.999999873689376e-06 0.029168959707021713
v 0.31343498826026917 0.009765981696546078 0.029016969725489616
v 0.31343498826026917 0.009765981696546078 0.029016969725489616
v 0.3133719861507416 0.009911954402923584 0.029012970626354218
v 0.30718401074409485 0.01049994956701994 0.028802990913391113
v 0.07427597045898438 -0.024236969649791718 0.02314697951078415
v 0.07451295107603073 -0.024401960894465446 0.023054949939250946
v 0.07458894699811935 -0.02428697980940342 0.023166000843048096
v 0.07451295107603073 -0.024401960894465446 0.023054949939250946
v 0.07467596977949142 -0.024372989311814308 0.02310997061431408
v 0.07458894699811935 -0.02428697980940342 0.023166000843048096
v 0.07448195666074753 -0.0242189709097147 0.023204980418086052
v 0.07454799860715866 -0.024236969649791718 0.02319495938718319
v 0.07457797974348068 -0.024236969649791718 0.02319996990263462
v 0.07133597135543823 5.8999998145736754e-05 0.027366990223526955
v 0.07242696732282639 0.003287971019744873 0.02721899002790451
v 0.0724259614944458 0.0033149709925055504 0.027213990688323975
v 0.0724259614944458 0.003336966037750244 0.027209989726543427
v 0.07242398709058762 0.003617942100390792 0.02715498022735119
v 0.07133597135543823 5.8999998145736754e-05 0.027366990223526955
v 0.07438497990369797 -0.024636980146169662 0.022457949817180634
v 0.07437998056411743 -0.02462898939847946 0.02247196063399315
v 0.07437998056411743 -0.02462898939847946 0.022167980670928955
v 0.07437998056411743 -0.02462898939847946 0.022004960104823112
v 0.07431899756193161 -0.02452296018600464 -0.004753946792334318
v 0.08320999145507812 -0.03862994164228439 -0.001921950955875218
v 0.07431899756193161 -0.02452296018600464 -0.004753946792334318
v 0.07430899143218994 -0.024505969136953354 -0.009183943271636963
v 0.07430899143218994 -0.02450799010694027 -0.009183943271636963
v 0.07438497990369797 -0.024636980146169662 0.022457949817180634
v 0.07437998056411743 -0.02462898939847946 0.022167980670928955
v 0.07437998056411743 -0.02462898939847946 0.022004960104823112
v 0.0742979571223259 -0.024501970037817955 -0.014199970290064812
v 0.07427798956632614 -0.024451969191432 -0.02279496006667614
v 0.07429897040128708 -0.024505969136953354 -0.013756990432739258
v 0.0742979571223259 -0.024501970037817955 -0.014199970290064812
v 0.08320999145507812 -0.03862994164228439 -0.001921950955875218
v 0.0742979571223259 -0.024501970037817955 -0.014199970290064812
v 0.07427798956632614 -0.024451969191432 -0.02279496006667614
v 0.08320999145507812 -0.03862994164228439 -0.001921950955875218
v 0.08320999145507812 -0.03862994164228439 -0.001921950955875218
v 0.07438497990369797 -0.024636980146169662 0.022457949817180634
v 0.07437998056411743 -0.02462898939847946 0.022004960104823112
v 0.07430899143218994 -0.02450799010694027 -0.009183943271636963
v 0.08288799971342087 -0.038039978593587875 0.007029950153082609
v 0.07437998056411743 -0.024629950523376465 0.02256596088409424
v 0.07438694685697556 -0.024641990661621094 0.02254294976592064
v 0.07437998056411743 -0.024629950523376465 0.02256596088409424
v 0.07437998056411743 -0.024629950523376465 0.022556960582733154
v 0.07438694685697556 -0.024641990661621094 0.02254294976592064
v 0.0741029903292656 0.0 -0.027369970455765724
v 0.07255297154188156 0.006788969039916992 -0.027100980281829834
v 0.09978096932172775 0.0 -0.03235094994306564
v 0.09978096932172775 0.0 -0.03235094994306564
v 0.10215199738740921 -0.0070409770123660564 -0.03221594914793968
v 0.07279098033905029 -0.00718998908996582 -0.027081960812211037
v 0.07409799098968506 -2.499999936844688e-05 -0.02736896090209484
v 0.0741029903292656 0.0 -0.027369970455765724
v 0.09978096932172775 0.0 -0.03235094994306564
v 0.07245098799467087 0.004220962058752775 0.026897959411144257
v 0.07132195681333542 1.5999999959603883e-05 0.02736896090209484
v 0.07133597135543823 5.8999998145736754e-05 0.027366990223526955
v 0.07769297808408737 0.024300990626215935 0.023425990715622902
v 0.07352995127439499 0.008833943866193295 0.022255949676036835
v 0.07351397722959518 0.00872498657554388 0.02270895056426525
v 0.07769297808408737 0.024300990626215935 0.023425990715622902
v 0.07351397722959518 0.00872498657554388 0.02270895056426525
v 0.07347296923398972 0.00845098402351141 0.023845970630645752
v 0.07769297808408737 0.024300990626215935 0.023425990715622902
v 0.07769297808408737 0.024300990626215935 0.023425990715622902
v 0.07293599098920822 0.009807944297790527 -0.007481991779059172
v 0.07352995127439499 0.008833943866193295 0.022255949676036835
v 0.07325296849012375 0.007493971846997738 0.025074949488043785
v 0.07257299870252609 0.004783987067639828 0.026593979448080063
v 0.07769297808408737 0.024300990626215935 0.023425990715622902
v 0.07347296923398972 0.00845098402351141 0.023845970630645752
v 0.07334195822477341 0.00787895917892456 0.024580949917435646
v 0.07769297808408737 0.024300990626215935 0.023425990715622902
v 0.07458095997571945 -0.02423197031021118 0.02319698967039585
v 0.07257299870252609 0.004783987067639828 0.026593979448080063
v 0.07131998986005783 9.000000318337698e-06 0.027369970455765724
v 0.07132195681333542 1.5999999959603883e-05 0.02736896090209484
v 0.07427597045898438 -0.024236969649791718 0.02314697951078415
v 0.07454799860715866 -0.024236969649791718 0.02319495938718319
v 0.07448195666074753 -0.0242189709097147 0.023204980418086052
v 0.07448195666074753 -0.0242189709097147 0.023204980418086052
v 0.07315199822187424 -0.020542969927191734 0.02481894940137863
v 0.07427597045898438 -0.024236969649791718 0.02314697951078415
v 0.07438796013593674 -0.02462898939847946 0.02259998954832554
v 0.07438796013593674 -0.024629950523376465 0.02259998954832554
v 0.07438600063323975 -0.024626970291137695 0.022630980238318443
v 0.07438600063323975 -0.024626970291137695 0.022630980238318443
v 0.07438497990369797 -0.02462095022201538 0.022640999406576157
v 0.07438796013593674 -0.02462898939847946 0.02259998954832554
v 0.0022539489436894655 0.025874970480799675 0.023657970130443573
v 0.006531952880322933 0.02567099966108799 0.023133989423513412
v 0.006199955008924007 0.03060799092054367 0.019081950187683105
v 0.019482970237731934 0.030751999467611313 0.004140973091125488
v 0.018195979297161102 0.030751999467611313 0.008100985549390316
v 0.02224797010421753 0.025814950466156006 0.008711992762982845
v -0.009958981536328793 0.030751999467611313 -0.017248980700969696
v -0.006199955008924007 0.03060799092054367 -0.019081950187683105
v -0.00889897346496582 0.02567099966108799 -0.022330990061163902
v -0.018109969794750214 0.02066998928785324 0.015778949484229088
v -0.019740989431738853 0.018278950825333595 0.014122960157692432
v -0.012074939906597137 0.025276949629187584 0.020914969965815544
v -0.019614990800619125 0.025276949629187584 0.014088979922235012
v -0.019740989431738853 0.018278950825333595 0.014122960157692432
v -0.018109969794750214 0.02066998928785324 0.015778949484229088
v -0.002081990009173751 0.030751999467611313 0.019808940589427948
v -0.0022619960363954306 0.025870969519019127 0.023663990199565887
v 0.0022539489436894655 0.025874970480799675 0.023657970130443573
v 0.013206950388848782 0.030833950266242027 -0.014667980372905731
v 0.017539970576763153 0.025814950466156006 -0.016223959624767303
v 0.014224939979612827 0.025814950466156006 -0.019196979701519012
v 0.006199955008924007 0.03060799092054367 -0.019081950187683105
v 0.01003198977559805 0.03060799092054367 -0.017376000061631203
v 0.010415970347821712 0.025814950466156006 -0.021502969786524773
v -0.019757980480790138 0.030824949964880943 0.0
v -0.023711970075964928 0.025896960869431496 0.0
v -0.023481959477066994 0.025884980335831642 0.003413975005969405
v -0.014743980020284653 0.03200000151991844 0.0065649738535285
v -0.015727989375591278 0.03200000151991844 0.0025749800261110067
v -0.01895195059478283 0.03099994920194149 0.00402796221897006
v -0.004327951930463314 0.03200000151991844 -0.01534998044371605
v -0.006109951995313168 0.030894989147782326 -0.018803950399160385
v -0.009687960147857666 0.03099994920194149 -0.016779949888586998
v 0.002064943080767989 0.030824949964880943 -0.01964998058974743
v 0.006199955008924007 0.03060799092054367 -0.019081950187683105
v 0.006531952880322933 0.02567099966108799 -0.023133989423513412
v -0.002268970012664795 0.025276949629187584 -0.024022990837693214
v -0.0020249478984624147 0.03099994920194149 0.019269999116659164
v 0.0020629758946597576 0.030833950266242027 0.01962899975478649
v 0.0025749800261110067 0.03200000151991844 0.015690980479121208
v -0.023898949846625328 0.025276949629187584 -0.0034749500919133425
v -0.02629196085035801 0.013285989873111248 -0.0065669408068060875
v -0.027170950546860695 0.013284980319440365 0.0
v -0.014656960032880306 0.031808968633413315 -0.0076929922215640545
v -0.01248496025800705 0.03200000151991844 -0.009864985011518002
v -0.015849940478801727 0.030942970886826515 -0.011515970341861248
v 0.023730989545583725 0.025276949629187584 -0.004480957053601742
v 0.02415096014738083 0.025276949629187584 0.0
v 0.022197959944605827 0.016839979216456413 0.0
v -0.012074939906597137 0.025276949629187584 0.020914969965815544
v -0.014854960143566132 0.0168379507958889 0.016497960314154625
v -0.010856980457901955 0.0168379507958889 0.018805980682373047
v 0.01567493937909603 0.03099994920194149 0.011388950049877167
v 0.01770097017288208 0.03099994920194149 0.00788098480552435
v 0.01449596043676138 0.03200000151991844 0.0065649738535285
v -0.0198739692568779 0.017837999388575554 0.013756990432739258
v -0.019740989431738853 0.018278950825333595 0.014122960157692432
v -0.025801949203014374 0.013285989873111248 0.006916998885571957
v -0.025801949203014374 0.013285989873111248 0.006916998885571957
v -0.02199196070432663 0.014521949924528599 0.010251989588141441
v -0.021881990134716034 0.014625960029661655 0.010390990413725376
v -0.021881990134716034 0.014625960029661655 0.010390990413725376
v -0.021553989499807358 0.014663989655673504 0.0106349503621459
v -0.02008794993162155 0.015834979712963104 0.012354959733784199
v -0.021553989499807358 0.014663989655673504 0.0106349503621459
v -0.020631959661841393 0.014963979832828045 0.011441940441727638
v -0.02057497948408127 0.015054999850690365 0.011536950245499611
v -0.02057497948408127 0.015054999850690365 0.011536950245499611
v -0.02008794993162155 0.015834979712963104 0.012354959733784199
v -0.021553989499807358 0.014663989655673504 0.0106349503621459
v -0.02008794993162155 0.015834979712963104 0.012354959733784199
v -0.019903000444173813 0.017613939940929413 0.013596950098872185
v -0.021881990134716034 0.014625960029661655 0.010390990413725376
v -0.0198739692568779 0.017837999388575554 0.013756990432739258
v -0.025801949203014374 0.013285989873111248 0.006916998885571957
v -0.019882969558238983 0.01780897006392479 0.013731949962675571
v -0.025801949203014374 0.013285989873111248 0.006916998885571957
v -0.021881990134716034 0.014625960029661655 0.010390990413725376
v -0.019882969558238983 0.01780897006392479 0.013731949962675571
v 0.0025749800261110067 0.03200000151991844 0.015690980479121208
v 0.0020629758946597576 0.030833950266242027 0.01962899975478649
v 0.00605398416519165 0.030942970886826515 0.018632939085364342
v -0.014743980020284653 0.03200000151991844 0.0065649738535285
v -0.018061989918351173 0.030894989147782326 0.00804197695106268
v -0.015836000442504883 0.030947979539632797 0.011504939757287502
v -0.023898949846625328 0.025276949629187584 0.0034749500919133425
v -0.02415096014738083 0.025276949629187584 0.0
v -0.027170950546860695 0.013284980319440365 0.0
v 0.00604897690936923 0.030947979539632797 -0.018615959212183952
v 0.002064943080767989 0.030824949964880943 -0.01964998058974743
v 0.0025749800261110067 0.03200000151991844 -0.015690980479121208
v -0.0025749800261110067 0.03200000151991844 -0.016014989465475082
v -0.0020249478984624147 0.03099994920194149 -0.019269999116659164
v -0.006109951995313168 0.030894989147782326 -0.018803950399160385
v 0.016113990917801857 0.030751999467611313 -0.011706939898431301
v 0.02024495042860508 0.025814950466156006 -0.012687980197370052
v 0.017539970576763153 0.025814950466156006 -0.016223959624767303
v 0.014224939979612827 0.025814950466156006 0.019196979701519012
v 0.01033794041723013 0.025896960869431496 0.02133994922041893
v 0.010528979822993279 0.025276949629187584 0.021734949201345444
v 0.005137979052960873 0.013285989873111248 -0.02664094977080822
v 0.008587956428527832 0.013286939822137356 -0.025529980659484863
v 0.008752942085266113 0.013284980319440365 -0.02486198954284191
v 0.02024495042860508 0.025814950466156006 0.012687980197370052
v 0.02224797010421753 0.025814950466156006 0.008711992762982845
v 0.018195979297161102 0.030751999467611313 0.008100985549390316
v 0.02024495042860508 0.025814950466156006 -0.012687980197370052
v 0.02046399936079979 0.025276949629187584 -0.01282494980841875
v 0.017728980630636215 0.025276949629187584 -0.016398960724473
v 0.023730989545583725 0.025276949629187584 0.004480957053601742
v 0.02171497978270054 0.0168379507958889 0.004615962039679289
v 0.022197959944605827 0.016839979216456413 0.0
v -0.009958981536328793 0.030751999467611313 -0.017248980700969696
v -0.011855949647724628 0.025896960869431496 -0.02053499035537243
v -0.014697959646582603 0.025884980335831642 -0.01862894929945469
v 0.017539970576763153 0.025814950466156006 -0.016223959624767303
v 0.017728980630636215 0.025276949629187584 -0.016398960724473
v 0.014378960244357586 0.025276949629187584 -0.019403990358114243
v -0.006199955008924007 0.03060799092054367 0.019081950187683105
v -0.008848965167999268 0.025803979486227036 0.022205939516425133
v -0.0022619960363954306 0.025870969519019127 0.023663990199565887
v 0.022197959944605827 0.016839979216456413 0.0
v 0.02171497978270054 0.0168379507958889 0.004615962039679289
v 0.01612197980284691 0.015010950155556202 0.014856990426778793
v 0.01612197980284691 0.015010950155556202 0.014856990426778793
v 0.014854960143566132 0.014548949897289276 0.01602094992995262
v 0.014743980020284653 0.014507940039038658 0.016096940264105797
v -0.019757980480790138 0.030824949964880943 0.0
v -0.019482970237731934 0.030751999467611313 -0.004140973091125488
v -0.023482970893383026 0.025888970121741295 -0.003413975005969405
v 0.010843990370631218 0.013286939822137356 0.024520989507436752
v 0.010731990449130535 0.013286939822137356 0.021863989531993866
v 0.012387990020215511 0.013776949606835842 0.020609969273209572
v 0.019482970237731934 0.030751999467611313 -0.004140973091125488
v 0.02347796969115734 0.025814950466156006 -0.00443297578021884
v 0.02224797010421753 0.025814950466156006 -0.008711992762982845
v -0.019482970237731934 0.030751999467611313 0.004140973091125488
v -0.023481959477066994 0.025884980335831642 0.003413975005969405
v -0.021599939092993736 0.02590297907590866 0.009838998317718506
v 0.02046399936079979 0.025276949629187584 0.01282494980841875
v 0.02248799055814743 0.025276949629187584 0.008805990219116211
v 0.02224797010421753 0.025814950466156006 0.008711992762982845
v 0.02347796969115734 0.025814950466156006 0.00443297578021884
v 0.024038970470428467 0.02567099966108799 0.0
v 0.020063990727066994 0.03060799092054367 0.0
v -0.009687960147857666 0.03099994920194149 0.016779949888586998
v -0.006109951995313168 0.030894989147782326 0.018803950399160385
v -0.004327951930463314 0.03200000151991844 0.01534998044371605
v -0.009958981536328793 0.030751999467611313 0.017248980700969696
v -0.011855949647724628 0.025896960869431496 0.02053499035537243
v -0.008848965167999268 0.025803979486227036 0.022205939516425133
v 0.009864985011518002 0.03200000151991844 -0.012493959628045559
v 0.013206950388848782 0.030833950266242027 -0.014667980372905731
v 0.009885965846478939 0.030894989147782326 -0.01712298020720482
v 0.01983696036040783 0.016824960708618164 -0.008835971355438232
v 0.017979970201849937 0.01681298017501831 -0.013063959777355194
v 0.02046399936079979 0.025276949629187584 -0.01282494980841875
v 0.02046399936079979 0.025276949629187584 -0.01282494980841875
v 0.02248799055814743 0.025276949629187584 -0.008805990219116211
v 0.01983696036040783 0.016824960708618164 -0.008835971355438232
v 0.014073959551751614 0.014882979914546013 0.01933497004210949
v 0.013389999978244305 0.014118960127234459 0.01985895074903965
v 0.01612197980284691 0.015010950155556202 0.014856990426778793
v 0.02248799055814743 0.025276949629187584 0.008805990219116211
v 0.02046399936079979 0.025276949629187584 0.01282494980841875
v 0.01983696036040783 0.016824960708618164 0.008835971355438232
v 0.02046399936079979 0.025276949629187584 0.01282494980841875
v 0.017979970201849937 0.01681298017501831 0.013063959777355194
v 0.01983696036040783 0.016824960708618164 0.008835971355438232
v 0.010843990370631218 0.013286939822137356 0.024520989507436752
v 0.010461979545652866 0.013284980319440365 0.023073969408869743
v 0.010731990449130535 0.013286939822137356 0.021863989531993866
v 0.010524979792535305 0.013285989873111248 0.022165950387716293
v 0.010524979792535305 0.013285989873111248 0.022165950387716293
v 0.010679960250854492 0.013286939822137356 0.0219039898365736
v 0.010710950009524822 0.013286939822137356 0.02187996916472912
v 0.010461979545652866 0.013284980319440365 0.023073969408869743
v 0.010524979792535305 0.013285989873111248 0.022165950387716293
v 0.010731990449130535 0.013286939822137356 0.021863989531993866
v 0.017979970201849937 0.01681298017501831 0.013063959777355194
v 0.02046399936079979 0.025276949629187584 0.01282494980841875
v 0.017008960247039795 0.020969979465007782 0.017025940120220184
v 0.009864985011518002 0.03200000151991844 0.012493959628045559
v 0.009885965846478939 0.030894989147782326 0.01712298020720482
v 0.013220960274338722 0.030824949964880943 0.01468294020742178
v -0.002230942016467452 0.025276949629187584 0.02401994913816452
v 0.002257942920550704 0.025276949629187584 0.024021979421377182
v 0.0019349450012668967 0.025668969377875328 0.02381098084151745
v -0.01248496025800705 0.03200000151991844 0.009864985011518002
v -0.015836000442504883 0.030947979539632797 0.011504939757287502
v -0.012964960187673569 0.03099994920194149 0.014398990198969841
v 0.011007959954440594 0.013942000456154346 -0.0216749906539917
v 0.010632989928126335 0.013799959793686867 -0.02192497067153454
v 0.008752942085266113 0.013284980319440365 -0.02486198954284191
v 0.005969941150397062 0.013284980319440365 0.02099894918501377
v 0.010465970262885094 0.013284980319440365 0.025074949488043785
v 0.010465970262885094 0.013284980319440365 0.025074949488043785
v 0.003847955958917737 0.013284980319440365 0.021640000864863396
v 0.004235981963574886 0.013284980319440365 0.021562989801168442
v -0.012964960187673569 0.03099994920194149 -0.014398990198969841
v -0.015849940478801727 0.030942970886826515 -0.011515970341861248
v -0.01248496025800705 0.03200000151991844 -0.009864985011518002
v 0.006754993926733732 0.013284980319440365 0.02074396051466465
v 0.007474957965314388 0.013284980319440365 0.020600970834493637
v 0.0075559611432254314 0.013284980319440365 0.02057497948408127
v 0.010461979545652866 0.013284980319440365 0.023073969408869743
v 0.01037800032645464 0.013284980319440365 0.022392980754375458
v 0.010383959859609604 0.013284980319440365 0.02289997972548008
v 0.010383959859609604 0.013284980319440365 0.02289997972548008
v 0.01037800032645464 0.013284980319440365 0.022392980754375458
v 0.012763969600200653 0.03200000151991844 -0.009864985011518002
v 0.015886960551142693 0.03200000151991844 -0.003915965091437101
v 0.018061989918351173 0.030894989147782326 -0.00804197695106268
v 0.006531952880322933 0.02567099966108799 -0.023133989423513412
v 0.010415970347821712 0.025814950466156006 -0.021502969786524773
v 0.010528979822993279 0.025276949629187584 -0.021734949201345444
v -0.01895195059478283 0.03099994920194149 -0.00402796221897006
v -0.019757980480790138 0.030824949964880943 0.0
v -0.016546960920095444 0.03181498870253563 0.0
v 0.006562948226928711 0.025276949629187584 -0.023241989314556122
v 0.008587956428527832 0.013286939822137356 -0.025529980659484863
v 0.005137979052960873 0.013285989873111248 -0.02664094977080822
v 0.006199955008924007 0.03060799092054367 0.019081950187683105
v 0.006531952880322933 0.02567099966108799 0.023133989423513412
v 0.01033794041723013 0.025896960869431496 0.02133994922041893
v -0.013327949680387974 0.030751999467611313 -0.01480196975171566
v -0.014697959646582603 0.025884980335831642 -0.01862894929945469
v -0.01946597918868065 0.02580999955534935 -0.013773970305919647
v 0.0025749800261110067 0.03200000151991844 -0.015690980479121208
v 0.002064943080767989 0.030824949964880943 -0.01964998058974743
v -0.0020249478984624147 0.03099994920194149 -0.019269999116659164
v 0.009885965846478939 0.030894989147782326 0.01712298020720482
v 0.00605398416519165 0.030942970886826515 0.018632939085364342
v 0.006199955008924007 0.03060799092054367 0.019081950187683105
v -0.01529597956687212 0.03200000151991844 -0.004327951930463314
v -0.014656960032880306 0.031808968633413315 -0.0076929922215640545
v -0.017881980165839195 0.030947979539632797 -0.007960975170135498
v 0.006562948226928711 0.025276949629187584 -0.023241989314556122
v 0.002230942016467452 0.025276949629187584 -0.02401994913816452
v 0.002260982058942318 0.025867989286780357 -0.02367197908461094
v -0.0216669999063015 0.025667959824204445 0.010172960348427296
v -0.019524989649653435 0.025668969377875328 0.014023950323462486
v -0.016231950372457504 0.03060799092054367 0.011792950332164764
v 0.020063990727066994 0.03060799092054367 0.0
v 0.024038970470428467 0.02567099966108799 0.0
v 0.02347796969115734 0.025814950466156006 -0.00443297578021884
v 0.006371974013745785 0.013285989873111248 0.024441950023174286
v 0.00675994111225009 0.013285989873111248 0.025722980499267578
v 0.004821956157684326 0.013285989873111248 0.023872969672083855
v 0.00675994111225009 0.013285989873111248 0.025722980499267578
v 0.004821956157684326 0.013285989873111248 0.023872969672083855
v 0.004821956157684326 0.013285989873111248 0.023872969672083855
v 0.005539000034332275 0.013284980319440365 0.02375096082687378
v 0.006369947921484709 0.013285989873111248 0.02443695068359375
v 0.005539000034332275 0.013284980319440365 0.02375096082687378
v 0.005711971782147884 0.013284980319440365 0.02377294935286045
v 0.006369947921484709 0.013285989873111248 0.02443695068359375
v 0.006176948081701994 0.013284980319440365 0.023959990590810776
v 0.006435989867895842 0.013284980319440365 0.02424997091293335
v 0.006369947921484709 0.013285989873111248 0.02443695068359375
v 0.006369947921484709 0.013285989873111248 0.02443695068359375
v 0.006371974013745785 0.013285989873111248 0.024441950023174286
v 0.004821956157684326 0.013285989873111248 0.023872969672083855
v 0.005711971782147884 0.013284980319440365 0.02377294935286045
v 0.006018995773047209 0.013284980319440365 0.023864980787038803
v 0.006369947921484709 0.013285989873111248 0.02443695068359375
v -0.023051969707012177 0.013284980319440365 -0.007872997783124447
v -0.02444899082183838 0.013284980319440365 -0.006950973998755217
v -0.023009000346064568 0.013284980319440365 -0.00799095630645752
v -0.02444899082183838 0.013284980319440365 -0.006950973998755217
v -0.02586298994719982 0.013285989873111248 -0.006903945934027433
v -0.022628959268331528 0.013285989873111248 -0.008943974040448666
v -0.006199955008924007 0.03060799092054367 -0.019081950187683105
v -0.002081990009173751 0.030751999467611313 -0.019808940589427948
v -0.0022549619898200035 0.025878960266709328 -0.02364896982908249
v 0.005137979052960873 0.013285989873111248 -0.02664094977080822
v 0.004601954948157072 0.013286939822137356 -0.026365989819169044
v -0.002206980949267745 0.018180960789322853 -0.024146970361471176
v 0.004601954948157072 0.013286939822137356 -0.026365989819169044
v -0.0022049539256840944 0.018180960789322853 -0.02414095029234886
v -0.002206980949267745 0.018180960789322853 -0.024146970361471176
v -0.002206980949267745 0.018180960789322853 -0.024146970361471176
v -0.002209960948675871 0.018184950575232506 -0.024138979613780975
v -0.002246974967420101 0.018209990113973618 -0.02414095029234886
v -0.002246974967420101 0.018209990113973618 -0.02414095029234886
v -0.0022639629896730185 0.018222980201244354 -0.02412199042737484
v -0.0028039810713380575 0.018818970769643784 -0.023998970165848732
v 0.005137979052960873 0.013285989873111248 -0.02664094977080822
v -0.002206980949267745 0.018180960789322853 -0.024146970361471176
v -0.0028039810713380575 0.018818970769643784 -0.023998970165848732
v -0.012074939906597137 0.025276949629187584 -0.020914969965815544
v -0.008939981460571289 0.025276949629187584 -0.022434940561652184
v -0.0045279860496521 0.020667970180511475 -0.023566959425807
v 0.008587956428527832 0.013286939822137356 -0.025529980659484863
v 0.017728980630636215 0.025276949629187584 -0.016398960724473
v 0.015345989726483822 0.02149396948516369 -0.018624959513545036
v 0.01443296018987894 0.02004295028746128 -0.01947695016860962
v 0.013942950405180454 0.018692970275878906 -0.019801970571279526
v 0.008587956428527832 0.013286939822137356 -0.025529980659484863
v 0.013942950405180454 0.018692970275878906 -0.019801970571279526
v 0.02046399936079979 0.025276949629187584 -0.01282494980841875
v 0.017979970201849937 0.01681298017501831 -0.013063959777355194
v 0.017979970201849937 0.01681298017501831 -0.013063959777355194
v 0.011915979906916618 0.01453595981001854 -0.021112969145178795
v 0.012996969744563103 0.016752950847148895 -0.020413989201188087
v -0.002081990009173751 0.030751999467611313 -0.019808940589427948
v 0.002064943080767989 0.030824949964880943 -0.01964998058974743
v 0.002260982058942318 0.025867989286780357 -0.02367197908461094
v -0.006109951995313168 0.030894989147782326 0.018803950399160385
v -0.0020249478984624147 0.03099994920194149 0.019269999116659164
v -0.0025749800261110067 0.03200000151991844 0.016014989465475082
v 0.014224939979612827 0.025814950466156006 0.019196979701519012
v 0.017539970576763153 0.025814950466156006 0.016223959624767303
v 0.013220960274338722 0.030824949964880943 0.01468294020742178
v 0.0073699951171875 0.013286939822137356 0.026074999943375587
v -0.0022429819218814373 0.01827996037900448 0.024149000644683838
v -0.001842975034378469 0.017726000398397446 0.024038970470428467
v -0.001842975034378469 0.017726000398397446 0.024038970470428467
v -0.0016979570500552654 0.01749294064939022 0.023980969563126564
v 0.0073699951171875 0.013286939822137356 0.026074999943375587
v -0.0016979570500552654 0.01749294064939022 0.023980969563126564
v -0.0006549999816343188 0.01582998037338257 0.023573990911245346
v -0.0002539999841246754 0.01548600010573864 0.023579949513077736
v -0.0002539999841246754 0.01548600010573864 0.023579949513077736
v 0.0002339999919058755 0.015067989937961102 0.023586979135870934
v -0.0016979570500552654 0.01749294064939022 0.023980969563126564
v 0.0002339999919058755 0.015067989937961102 0.023586979135870934
v -0.006859958171844482 0.0168379507958889 0.021112969145178795
v -0.0031449790112674236 0.014966960065066814 0.021543970331549644
v -0.0031449790112674236 0.014966960065066814 0.021543970331549644
v 0.002863943111151457 0.014006970450282097 0.02413295954465866
v 0.0006519999587908387 0.014808950014412403 0.02359098009765148
v 0.002863943111151457 0.014006970450282097 0.02413295954465866
v 0.002209960948675871 0.014508959837257862 0.024214979261159897
v 0.0020349619444459677 0.01455795019865036 0.02415895089507103
v 0.0006519999587908387 0.014808950014412403 0.02359098009765148
v 0.002863943111151457 0.014006970450282097 0.02413295954465866
v 0.001208961009979248 0.014715960249304771 0.023826949298381805
v 0.0020349619444459677 0.01455795019865036 0.02415895089507103
v 0.0018159740138798952 0.01461797021329403 0.02408795990049839
v 0.002863943111151457 0.014006970450282097 0.02413295954465866
v 0.0018159740138798952 0.01461797021329403 0.02408795990049839
v 0.001208961009979248 0.014715960249304771 0.023826949298381805
v 0.002863943111151457 0.014006970450282097 0.02413295954465866
v -0.0031449790112674236 0.014966960065066814 0.021543970331549644
v -0.0171470008790493 0.014941990375518799 0.0134349400177598
v -0.017587950453162193 0.014510979875922203 0.012783999554812908
v -0.019025979563593864 0.013285989873111248 0.01083099003881216
v -0.0022669429890811443 0.014524989761412144 0.021645959466695786
v -0.019025979563593864 0.013285989873111248 0.01083099003881216
v 0.00038499999209307134 0.013286939822137356 0.0220409594476223
v -0.0022669429890811443 0.014524989761412144 0.021645959466695786
v -0.0031449790112674236 0.014966960065066814 0.021543970331549644
v -0.0171470008790493 0.014941990375518799 0.0134349400177598
v -0.017587950453162193 0.014510979875922203 0.012783999554812908
v 0.00038499999209307134 0.013286939822137356 0.0220409594476223
v -0.0015629519475623965 0.014241989701986313 0.021791990846395493
v -0.0022669429890811443 0.014524989761412144 0.021645959466695786
v -0.022707989439368248 0.013285989873111248 0.008703947067260742
v -0.025801949203014374 0.013285989873111248 0.006916998885571957
v -0.022781960666179657 0.013285989873111248 0.008512972854077816
v -0.025801949203014374 0.013285989873111248 0.006916998885571957
v -0.02444899082183838 0.013284980319440365 0.006950973998755217
v -0.022781960666179657 0.013285989873111248 0.008512972854077816
v -0.012074939906597137 0.025276949629187584 0.020914969965815544
v -0.008939981460571289 0.025276949629187584 0.022434940561652184
v -0.008848965167999268 0.025803979486227036 0.022205939516425133
v 0.016113990917801857 0.030751999467611313 0.011706939898431301
v 0.018195979297161102 0.030751999467611313 0.008100985549390316
v 0.01770097017288208 0.03099994920194149 0.00788098480552435
v -0.019880950450897217 0.017835969105362892 -0.013751979917287827
v -0.019740989431738853 0.018278950825333595 -0.014122960157692432
v -0.019899960607290268 0.017650960013270378 -0.013624959625303745
v -0.019899960607290268 0.017650960013270378 -0.013624959625303745
v -0.014854960143566132 0.0168379507958889 -0.016497960314154625
v -0.02060699090361595 0.014981980435550213 -0.011484979651868343
v -0.02029394917190075 0.015486950054764748 -0.012009969912469387
v -0.014854960143566132 0.0168379507958889 -0.016497960314154625
v -0.02029394917190075 0.015486950054764748 -0.012009969912469387
v -0.02008794993162155 0.015818949788808823 -0.012354959733784199
v -0.019482970237731934 0.030751999467611313 -0.004140973091125488
v -0.018328959122300148 0.03060799092054367 -0.008160947822034359
v -0.02158897928893566 0.025907989591360092 -0.0098419776186347
v -0.017117969691753387 0.014587990008294582 -0.013429990038275719
v -0.014854960143566132 0.0168379507958889 -0.016497960314154625
v -0.005667984019964933 0.015160970389842987 -0.021156959235668182
v -0.004320979118347168 0.014093990437686443 -0.021247979253530502
v -0.0029589529149234295 0.013286939822137356 -0.02153599075973034
v -0.01831096038222313 0.013285989873111248 -0.011729000136256218
v -0.017117969691753387 0.014587990008294582 -0.013429990038275719
v -0.005667984019964933 0.015160970389842987 -0.021156959235668182
v -0.004320979118347168 0.014093990437686443 -0.021247979253530502
v -0.01831096038222313 0.013285989873111248 -0.011729000136256218
v -0.017590990290045738 0.014116999693214893 -0.012786979787051678
v -0.004320979118347168 0.014093990437686443 -0.021247979253530502
v 0.012763969600200653 0.03200000151991844 -0.009864985011518002
v 0.01567493937909603 0.03099994920194149 -0.011388950049877167
v 0.013206950388848782 0.030833950266242027 -0.014667980372905731
v -0.014697959646582603 0.025884980335831642 -0.01862894929945469
v -0.011855949647724628 0.025896960869431496 -0.02053499035537243
v -0.012074939906597137 0.025276949629187584 -0.020914969965815544
v -0.018328959122300148 0.03060799092054367 -0.008160947822034359
v -0.016231950372457504 0.03060799092054367 -0.011792950332164764
v -0.01946597918868065 0.02580999955534935 -0.013773970305919647
v 0.01770097017288208 0.03099994920194149 0.00788098480552435
v 0.01895195059478283 0.03099994920194149 0.00402796221897006
v 0.015886960551142693 0.03200000151991844 0.003915965091437101
v -0.0022549619898200035 0.025878960266709328 -0.02364896982908249
v -0.002268970012664795 0.025276949629187584 -0.024022990837693214
v -0.008939981460571289 0.025276949629187584 -0.022434940561652184
v -0.014698980376124382 0.025888970121741295 0.01862996071577072
v -0.011855949647724628 0.025896960869431496 0.02053499035537243
v -0.009958981536328793 0.030751999467611313 0.017248980700969696
v 0.023730989545583725 0.025276949629187584 0.004480957053601742
v 0.02415096014738083 0.025276949629187584 0.0
v 0.024038970470428467 0.02567099966108799 0.0
v -0.010856980457901955 0.0168379507958889 -0.018805980682373047
v -0.006859958171844482 0.0168379507958889 -0.021112969145178795
v -0.005667984019964933 0.015160970389842987 -0.021156959235668182
v -0.001073956023901701 0.01504599954932928 -0.0237649604678154
v -0.006859958171844482 0.0168379507958889 -0.021112969145178795
v -0.0014649620279669762 0.01616995967924595 -0.023907950147986412
v -0.006859958171844482 0.0168379507958889 -0.021112969145178795
v -0.012074939906597137 0.025276949629187584 -0.020914969965815544
v -0.0022049539256840944 0.018180960789322853 -0.02414095029234886
v -0.0014649620279669762 0.01616995967924595 -0.023907950147986412
v -0.006859958171844482 0.0168379507958889 -0.021112969145178795
v -0.0018499490106478333 0.01728600077331066 -0.02405094914138317
v -0.012074939906597137 0.025276949629187584 -0.020914969965815544
v -0.002206980949267745 0.018180960789322853 -0.024146970361471176
v -0.0022049539256840944 0.018180960789322853 -0.02414095029234886
v -0.010856980457901955 0.0168379507958889 -0.018805980682373047
v -0.014854960143566132 0.0168379507958889 -0.016497960314154625
v -0.012074939906597137 0.025276949629187584 -0.020914969965815544
v 0.016113990917801857 0.030751999467611313 0.011706939898431301
v 0.013220960274338722 0.030824949964880943 0.01468294020742178
v 0.017539970576763153 0.025814950466156006 0.016223959624767303
v -0.023481959477066994 0.025884980335831642 0.003413975005969405
v -0.023711970075964928 0.025896960869431496 0.0
v -0.02415096014738083 0.025276949629187584 0.0
v -0.019757980480790138 0.030824949964880943 0.0
v 0.02224797010421753 0.025814950466156006 -0.008711992762982845
v 0.02347796969115734 0.025814950466156006 -0.00443297578021884
v 0.023730989545583725 0.025276949629187584 -0.004480957053601742
v 0.006562948226928711 0.025276949629187584 0.023241989314556122
v 0.0073829879984259605 0.013433990068733692 0.026034949347376823
v 0.010465970262885094 0.013284980319440365 0.025074949488043785
v 0.002257942920550704 0.025276949629187584 0.024021979421377182
v 0.006562948226928711 0.025276949629187584 0.023241989314556122
v 0.006531952880322933 0.02567099966108799 0.023133989423513412
v -0.023482970893383026 0.025888970121741295 -0.003413975005969405
v -0.021661989390850067 0.025667959824204445 -0.01017600018531084
v -0.022008949890732765 0.025276949629187584 -0.009942947886884212
v -0.008939981460571289 0.025276949629187584 0.022434940561652184
v -0.002230942016467452 0.025276949629187584 0.02401994913816452
v -0.0022619960363954306 0.025870969519019127 0.023663990199565887
v 0.02024495042860508 0.025814950466156006 -0.012687980197370052
v 0.016113990917801857 0.030751999467611313 -0.011706939898431301
v 0.018328959122300148 0.03060799092054367 -0.008160947822034359
v -0.013327949680387974 0.030751999467611313 0.01480196975171566
v -0.016231950372457504 0.03060799092054367 0.011792950332164764
v -0.019524989649653435 0.025668969377875328 0.014023950323462486
v 0.024388959631323814 0.011410949751734734 5.699999746866524e-05
v 0.024388959631323814 0.011410949751734734 5.499999679159373e-05
v 0.02415096014738083 0.025276949629187584 0.0
v 0.0006519999587908387 0.014808950014412403 0.02359098009765148
v 0.001208961009979248 0.014715960249304771 0.023826949298381805
v 0.0018359420355409384 0.018278950825333595 0.02402495965361595
v 0.004126965068280697 0.013284980319440365 -0.02454995922744274
v 0.004229961894452572 0.013284980319440365 -0.024625949561595917
v 0.004093945026397705 0.011799990199506283 -0.02463299036026001
v 0.07522296160459518 0.0 0.026657989248633385
v 0.08125095814466476 0.0 0.026643989607691765
v 0.022197959944605827 0.016839979216456413 0.0
v 0.022214939817786217 0.011530989781022072 0.0
v 0.022038990631699562 0.011534979566931725 0.0016799559816718102
v 0.07507497072219849 0.007867990992963314 0.010492979548871517
v 0.07508999109268188 0.007635951042175293 0.010423949919641018
v 0.09074097126722336 0.007581948768347502 0.010383959859609604
v 0.017728980630636215 0.025276949629187584 0.016398960724473
v 0.01790595054626465 0.011498980224132538 0.016562990844249725
v 0.017908990383148193 0.011498980224132538 0.016558999195694923
v -0.0022639629896730185 0.018222980201244354 -0.02412199042737484
v -0.002246974967420101 0.018209990113973618 -0.02414095029234886
v -0.0057169790379703045 0.011520979925990105 -0.023708989843726158
v 0.09493499249219894 0.00829994585365057 -0.014652960002422333
v 0.00637096120044589 0.01329100038856268 0.024437960237264633
v 0.006472945213317871 0.013550990261137486 0.024261949583888054
v 0.006435989867895842 0.013284980319440365 0.02424997091293335
v 0.004821956157684326 0.013285989873111248 0.023872969672083855
v 0.0022239680401980877 0.01827996037900448 0.024146970361471176
v 0.002863943111151457 0.014006970450282097 0.02413295954465866
v 0.0022239680401980877 0.01827996037900448 0.024146970361471176
v 0.002209960948675871 0.014508959837257862 0.024214979261159897
v 0.002863943111151457 0.014006970450282097 0.02413295954465866
v 0.002863943111151457 0.014006970450282097 0.02413295954465866
v 0.0038029549177736044 0.013286939822137356 0.024014940485358238
v 0.0038989780005067587 0.013285989873111248 0.0240019503980875
v 0.0038029549177736044 0.013286939822137356 0.024014940485358238
v 0.0038029549177736044 0.013285989873111248 0.024014940485358238
v 0.0038989780005067587 0.013285989873111248 0.0240019503980875
v 0.0055019850842654705 0.0144729595631361 0.02371698059141636
v 0.0022239680401980877 0.01827996037900448 0.024146970361471176
v 0.004821956157684326 0.013285989873111248 0.023872969672083855
v 0.09072499722242355 0.0076149702072143555 -0.010256939567625523
v 0.08963798731565475 0.007140994071960449 -0.010059949941933155
v 0.07492297142744064 0.007499991916120052 -0.010176950134336948
v 0.08963798731565475 0.007140994071960449 -0.010059949941933155
v 0.07496798038482666 0.007155953906476498 -0.010035989806056023
v 0.07495999336242676 0.0073659420013427734 -0.010122000239789486
v 0.08335196226835251 0.0062839980237185955 -0.0072119832038879395
v 0.07734899967908859 0.00829994585365057 -0.020801959559321404
v 0.07366198301315308 0.00829994585365057 -0.020776979625225067
v 0.07362394779920578 0.00804197695106268 -0.02176498994231224
v 0.022214939817786217 0.011530989781022072 0.0
v 0.022197959944605827 0.016839979216456413 0.0
v 0.02215396985411644 0.01153193973004818 -0.0005859999801032245
v 0.022197959944605827 0.016839979216456413 0.0
v 0.02171497978270054 0.0168379507958889 -0.004615962039679289
v 0.02203994058072567 0.011525980196893215 -0.0016749500064179301
v 0.09184496849775314 0.00791996717453003 -0.010537980124354362
v 0.07477395981550217 0.007945001125335693 -0.010607000440359116
v 0.07462996244430542 0.008202970027923584 -0.011424950323998928
v 0.0772019624710083 0.006270945072174072 -0.02442198060452938
v 0.07726495712995529 0.007757960818707943 -0.02287697046995163
v 0.07368295639753342 0.006991981994360685 -0.02365100011229515
v 0.09493499249219894 0.00829994585365057 -0.019346950575709343
v 0.07378596067428589 0.00829994585365057 -0.019545970484614372
v 0.07377499341964722 0.008265972137451172 -0.01974296011030674
v 0.09455496072769165 0.00825798511505127 0.017340950667858124
v 0.0750729963183403 0.00827097799628973 0.016972949728369713
v 0.07506299018859863 0.00829994585365057 0.015105959959328175
v 0.07505500316619873 0.008272944949567318 0.012478940188884735
v 0.07505196332931519 0.008269964717328548 0.01167398039251566
v 0.09338200092315674 0.008291958831250668 0.011716959998011589
v 0.08657795190811157 0.005645989906042814 -0.00956499483436346
v 0.07501094788312912 0.005984961055219173 -0.009652972221374512
v 0.07496798038482666 0.007155953906476498 -0.010035989806056023
v 0.07508199661970139 0.00829994585365057 0.01983593963086605
v 0.0750809907913208 0.00829994585365057 0.01956694945693016
v 0.006728947162628174 0.011757959611713886 0.025731980800628662
v 0.00675994111225009 0.013285989873111248 0.025722980499267578
v 0.00675994111225009 0.013286939822137356 0.025722980499267578
v 0.00675994111225009 0.013286939822137356 0.025722980499267578
v 0.00637096120044589 0.01329100038856268 0.024437960237264633
v 0.006371974013745785 0.013285989873111248 0.024441950023174286
v 0.006371974013745785 0.013285989873111248 0.024441950023174286
v 0.006716966163367033 0.011759989894926548 0.025690969079732895
v 0.00675994111225009 0.013286939822137356 0.025722980499267578
v 0.08670598268508911 0.005915998946875334 0.009619951248168945
v 0.088779978454113 0.006618976127356291 0.009665966033935547
v 0.0751519724726677 0.006702959071844816 0.0097159743309021
v -0.023839950561523438 0.013284980319440365 0.006904959212988615
v -0.02444899082183838 0.013284980319440365 0.006950973998755217
v -0.0236279908567667 0.011931000277400017 0.007171988021582365
v -0.0236279908567667 0.011931000277400017 0.007171988021582365
v -0.023564990609884262 0.011936959810554981 0.007165967952460051
v -0.023826949298381805 0.013284980319440365 0.006903945934027433
v 0.07518898695707321 0.005999981891363859 0.006831943057477474
v 0.08308196067810059 0.005999981891363859 0.006831943057477474
v 0.07517098635435104 0.006010949146002531 0.002422987949103117
v 0.08308196067810059 0.005999981891363859 0.006831943057477474
v 0.08344297856092453 0.006030975840985775 -0.005774973891675472
v 0.07517098635435104 0.006010949146002531 0.002422987949103117
v 0.08314698189496994 0.003834961913526058 -0.005339980125427246
v 0.07512497156858444 0.003994940780103207 -0.005915998946875334
v 0.07505898922681808 0.004834949038922787 -0.008830963633954525
v 0.08308196067810059 0.003799973987042904 0.008600950241088867
v 0.07532297819852829 0.003827989101409912 0.00860595703125
v 0.07516597956418991 0.0038299560546875 -0.0032069680746644735
v 0.07520394772291183 0.00595200015231967 0.009620963595807552
v 0.07527101039886475 0.004982947837561369 0.00960397720336914
v 0.08308196067810059 0.004782973788678646 0.009600996039807796
v 0.07555395364761353 -0.02187298983335495 0.020362969487905502
v -0.02376996912062168 0.013284980319440365 -0.006920992862433195
v -0.023783979937434196 0.011929979547858238 -0.00700294878333807
v -0.023859970271587372 0.01192294992506504 -0.007006943225860596
v -0.0006549999816343188 0.01582998037338257 0.023573990911245346
v -0.0002539999841246754 0.01548600010573864 0.023579949513077736
v 0.0006889999494887888 0.025276949629187584 0.023411979898810387
v 0.08652298897504807 0.004837988875806332 -0.008813977241516113
v 0.07505594938993454 0.004877984058111906 -0.008911967277526855
v 0.07504694908857346 0.005043982993811369 -0.009209989570081234
v 0.07505196332931519 0.008269964717328548 0.01167398039251566
v 0.07505898922681808 0.008140981197357178 0.01125096995383501
v 0.09237699955701828 0.008108972571790218 0.011121979914605618
v 0.07505898922681808 0.008140981197357178 0.01125096995383501
v 0.07506698369979858 0.00799095630645752 0.010783970355987549
v 0.09185200184583664 0.00790095329284668 0.010475990362465382
v 0.07532297819852829 0.004115997813642025 0.009269951842725277
v 0.08308196067810059 0.004110991023480892 0.00927799940109253
v 0.07531899213790894 0.004268943797796965 0.009343980811536312
v 0.08308196067810059 0.004110991023480892 0.00927799940109253
v 0.08308196067810059 0.004782973788678646 0.009600996039807796
v 0.07531899213790894 0.004268943797796965 0.009343980811536312
v 0.07632899284362793 -0.022299999371170998 0.018342969939112663
v 0.07549499720335007 -0.022299999371170998 0.018340999260544777
v 0.07553797215223312 -0.021986959502100945 0.019822949543595314
v -0.0019209979800507426 0.011594950221478939 0.024194950237870216
v -0.00191497802734375 0.011594950221478939 0.02419297955930233
v -0.001842975034378469 0.017726000398397446 0.024038970470428467
v 0.019837969914078712 0.0168379507958889 0.008831976912915707
v 0.02171497978270054 0.0168379507958889 0.004615962039679289
v 0.019840950146317482 0.016824960708618164 0.00882798433303833
v 0.005711971782147884 0.013284980319440365 0.02377294935286045
v 0.006018995773047209 0.013284980319440365 0.023864980787038803
v 0.006162940990179777 0.01377295982092619 0.023888999596238136
v 0.083297960460186 0.006620943080633879 -0.007405995856970549
v 0.0750199481844902 0.006618976127356291 -0.007408976089209318
v 0.07503198832273483 0.006338953040540218 -0.007247983943670988
v 0.004622994922101498 0.011736979708075523 -0.026434950530529022
v 0.00461196806281805 0.011736979708075523 -0.026429949328303337
v 0.004601954948157072 0.013286939822137356 -0.026365989819169044
v 0.00675994111225009 0.013285989873111248 0.025722980499267578
v 0.006728947162628174 0.011757959611713886 0.025731980800628662
v 0.0067479610443115234 0.011757959611713886 0.02574199065566063
v 0.005539000034332275 0.013284980319440365 0.02375096082687378
v 0.005711971782147884 0.013284980319440365 0.02377294935286045
v 0.005778967868536711 0.014060970395803452 0.02376299910247326
v -0.01999294012784958 0.011584989726543427 -0.013762949965894222
v -0.01999497041106224 0.011585949920117855 -0.013756990432739258
v -0.019880950450897217 0.017835969105362892 -0.013751979917287827
v 0.07769495248794556 -0.0019999740179628134 -0.025331970304250717
v 0.07492899149656296 -0.002047955058515072 -0.025663970038294792
v 0.07491999119520187 -0.002058981917798519 -0.026279980316758156
v 0.02085494063794613 0.011544999666512012 -0.007249950896948576
v 0.02171497978270054 0.0168379507958889 -0.004615962039679289
v 0.019840950146317482 0.016824960708618164 -0.00882798433303833
v 0.019840950146317482 0.016824960708618164 -0.00882798433303833
v 0.019838979467749596 0.016824960708618164 -0.008831976912915707
v 0.02016800083220005 0.011563950218260288 -0.008789955638349056
v 0.019837969914078712 0.0168379507958889 0.008831976912915707
v 0.019849000498652458 0.016825970262289047 0.00883698370307684
v 0.01983696036040783 0.016824960708618164 0.008835971355438232
v -0.006859958171844482 0.0168379507958889 0.021112969145178795
v -0.00788795854896307 0.011626950465142727 0.020750990137457848
v -0.009388983249664307 0.011633990332484245 0.01988399028778076
v -0.014854960143566132 0.0168379507958889 -0.016497960314154625
v -0.015385979786515236 0.011690969578921795 -0.016014989465475082
v -0.013855990022420883 0.011690969578921795 -0.01689797081053257
v -0.010856980457901955 0.0168379507958889 -0.018805980682373047
v -0.010885000228881836 0.01167398039251566 -0.018883999437093735
v -0.009363949298858643 0.01167398039251566 -0.01976197026669979
v 0.07664400339126587 -0.022310970351099968 -0.018252959474921227
v 0.07440996170043945 -0.02230899967253208 -0.01826000027358532
v 0.07457994669675827 -0.022299999371170998 -0.012453969568014145
v 0.07629799097776413 -0.02187298983335495 -0.020364990457892418
v 0.07439296692609787 -0.02187298983335495 -0.02035796083509922
v 0.07439500093460083 -0.022031959146261215 -0.0198819600045681
v 0.0766260027885437 -0.02135198935866356 -0.02120094932615757
v 0.0744059607386589 -0.02066498063504696 -0.02203500084578991
v -0.026683980599045753 0.011834969744086266 0.00525397015735507
v -0.02719198912382126 0.01208799984306097 0.0
v -0.029565980657935143 0.010448990389704704 0.0
v 0.004686951171606779 0.007328987121582031 0.02950197085738182
v 0.01648998074233532 0.002280950080603361 0.02727496065199375
v 0.01635395921766758 0.0070829978212714195 0.02707999013364315
v -0.029872000217437744 0.007328987121582031 0.0
v -0.029751000925898552 0.010214979760348797 0.0
v -0.028817949816584587 0.010273990221321583 -0.007202981971204281
v 0.020045990124344826 -0.023465989157557487 0.023552950471639633
v 0.007137953769415617 -0.029347000643610954 0.026638979092240334
v 0.007250964175909758 -0.028809959068894386 0.027059970423579216
v 0.0 -0.028809959068894386 0.02801400050520897
v 0.022711990401148796 0.011482950299978256 -0.008893965743482113
v 0.024015959352254868 0.011482950299978256 -0.004265964031219482
v 0.02841394953429699 0.010507999919354916 -0.009791970252990723
v 0.016595950350165367 -0.0037169449497014284 0.02721095085144043
v 0.005596994888037443 -0.007328987121582031 0.02934294007718563
v 0.01621793955564499 -0.0072019691579043865 0.027076000347733498
v 0.005596994888037443 -0.007328987121582031 0.02934294007718563
v 0.0054749841801822186 -0.018092980608344078 0.028701959177851677
v 0.01621996983885765 -0.007515965960919857 0.027055969461798668
v 0.0031499860342592 0.010271959938108921 0.02957295998930931
v 0.004230976104736328 0.010261950083076954 0.029395990073680878
v 0.004035948775708675 0.01047694031149149 0.029263969510793686
v -0.028817949816584587 0.010273990221321583 -0.007202981971204281
v -0.02863997034728527 0.010483980178833008 -0.007129967212677002
v -0.02699296921491623 0.010483980178833008 -0.011946969665586948
v 0.016111960634589195 0.0 0.02736896090209484
v 0.01648998074233532 0.002280950080603361 0.02727496065199375
v 0.004686951171606779 0.007328987121582031 0.02950197085738182
v -0.022044949233531952 0.007328987121582031 0.020157989114522934
v -0.023239970207214355 0.0 0.019171949476003647
v -0.016255969181656837 0.0 0.02532196044921875
v 0.0040339818224310875 0.010480989702045918 -0.029247989878058434
v 0.00422698212787509 0.010267970152199268 -0.029392000287771225
v 0.0031499860342592 0.01026999019086361 -0.029573969542980194
v -0.02197498083114624 0.01047694031149149 -0.01974296011030674
v -0.017663000151515007 0.011482950299978256 -0.016820959746837616
v -0.015107979997992516 0.011482950299978256 -0.019148999825119972
v 0.010502990335226059 0.011753969825804234 0.025087950751185417
v 0.017908990383148193 0.011498980224132538 0.016558999195694923
v 0.01602094992995262 0.010687939822673798 0.02345097064971924
v 0.020667970180511475 0.011482950299978256 0.012952979654073715
v 0.017908990383148193 0.011498980224132538 0.016558999195694923
v 0.01721297949552536 0.01157497987151146 0.017077980563044548
v 0.010502990335226059 0.011753969825804234 0.025087950751185417
v 0.014807989820837975 0.010753979906439781 0.024715960025787354
v 0.01790595054626465 0.011498980224132538 0.016562990844249725
v 0.017854979261755943 0.011503989808261395 0.0166009608656168
v 0.014807989820837975 0.010753979906439781 0.024715960025787354
v 0.017854979261755943 0.011503989808261395 0.0166009608656168
v 0.01721297949552536 0.01157497987151146 0.017077980563044548
v 0.014807989820837975 0.010753979906439781 0.024715960025787354
v 0.017908990383148193 0.011498980224132538 0.016558999195694923
v 0.01790595054626465 0.011498980224132538 0.016562990844249725
v 0.014807989820837975 0.010753979906439781 0.024715960025787354
v 0.010835940018296242 0.011753969825804234 0.024626970291137695
v 0.010502990335226059 0.011753969825804234 0.025087950751185417
v 0.01721297949552536 0.01157497987151146 0.017077980563044548
v -0.021573960781097412 0.012065939605236053 -0.0030849569011479616
v -0.02406894974410534 0.012086980044841766 -0.001453995006158948
v -0.021802959963679314 0.012067969888448715 -0.0019319650018587708
v -0.02406894974410534 0.012086980044841766 -0.001453995006158948
v -0.02406894974410534 0.01208799984306097 0.001453995006158948
v -0.02221398986876011 0.012071959674358368 0.0
v -0.02406894974410534 0.01208799984306097 0.001453995006158948
v -0.022200999781489372 0.012071959674358368 6.699999357806519e-05
v -0.02221398986876011 0.012071959674358368 0.0
v -0.02085994929075241 0.012049970217049122 -0.006544947158545256
v -0.025364989414811134 0.012086980044841766 -0.004056990146636963
v -0.020878970623016357 0.012050979770720005 -0.006450951099395752
v -0.025364989414811134 0.012086980044841766 -0.004056990146636963
v -0.02406894974410534 0.012086980044841766 -0.001453995006158948
v -0.021573960781097412 0.012065939605236053 -0.0030849569011479616
v -0.021286960691213608 0.012058969587087631 -0.0045279860496521
v -0.025364989414811134 0.012086980044841766 -0.004056990146636963
v -0.021573960781097412 0.012065939605236053 -0.0030849569011479616
v 0.019808940589427948 -0.028809959068894386 -0.019808940589427948
v 0.013937950134277344 -0.029161980375647545 -0.02414095029234886
v 0.014006970450282097 -0.028809959068894386 -0.0242609903216362
v 0.0034979579504579306 0.011808989569544792 -0.024190960451960564
v 0.0005489999894052744 0.011836940422654152 -0.022134000435471535
v 0.0009319999371655285 0.01183598954230547 -0.02217596024274826
v 0.005013941787183285 0.011833960190415382 -0.021363969892263412
v 0.005612968932837248 0.011833960190415382 -0.021165959537029266
v 0.0034979579504579306 0.011808989569544792 -0.024190960451960564
v 0.005612968932837248 0.011833960190415382 -0.021165959537029266
v 0.008667944930493832 0.011808989569544792 -0.022852949798107147
v 0.0034979579504579306 0.011808989569544792 -0.024190960451960564
v 0.006772994063794613 0.011820970103144646 -0.020782940089702606
v 0.008667944930493832 0.011808989569544792 -0.022852949798107147
v 0.006772994063794613 0.011820970103144646 -0.020782940089702606
v 0.007792949210852385 0.011805949732661247 -0.0205799899995327
v 0.00952595379203558 0.01177894975990057 -0.020018989220261574
v 0.012837939895689487 0.011719999834895134 -0.017802949994802475
v 0.008667944930493832 0.011808989569544792 -0.022852949798107147
v 0.015660999342799187 0.011643939651548862 0.018234960734844208
v 0.022711990401148796 0.011482950299978256 0.008893965743482113
v 0.010791949927806854 0.011833960190415382 0.021866969764232635
v 0.014779980294406414 0.010433970019221306 -0.02674596942961216
v 0.014779980294406414 0.010220999829471111 -0.026898980140686035
v 0.00422698212787509 0.010267970152199268 -0.029392000287771225
v 0.016325950622558594 -0.02949994057416916 0.011861969716846943
v 0.023748990148305893 -0.029450949281454086 0.013710970059037209
v 0.013710970059037209 -0.029450949281454086 0.023748990148305893
v 0.008791983127593994 0.011750989593565464 -0.024956999346613884
v 0.00861894991248846 0.011743959970772266 -0.0255849901586771
v 0.008783996105194092 0.01175296027213335 -0.024892980232834816
v 0.00861894991248846 0.011743959970772266 -0.0255849901586771
v 0.008639991283416748 0.011771970428526402 -0.024424970149993896
v 0.008783996105194092 0.01175296027213335 -0.024892980232834816
v 0.014520999975502491 0.011599949561059475 -0.019594959914684296
v 0.00861894991248846 0.011743959970772266 -0.0255849901586771
v 0.014075989834964275 0.011625939980149269 -0.019863959401845932
v 0.0144879799336195 0.011601979844272137 -0.019614990800619125
v 0.007250964175909758 -0.028809959068894386 -0.027059970423579216
v 0.01964998058974743 -0.021852970123291016 -0.024222970008850098
v 0.020055940374732018 -0.023464970290660858 -0.023552000522613525
v 0.019808940589427948 -0.028809959068894386 0.019808940589427948
v 0.02414095029234886 -0.029161980375647545 0.013937950134277344
v 0.024457989260554314 -0.02460700087249279 0.01822095923125744
v 0.019808940589427948 -0.028809959068894386 0.019808940589427948
v 0.024457989260554314 -0.02460700087249279 0.01822095923125744
v 0.0220409594476223 -0.02460997924208641 0.021209949627518654
v 0.02066498063504696 -0.024471990764141083 0.02270095981657505
v 0.02044898085296154 -0.024187980219721794 0.023160990327596664
v 0.019808940589427948 -0.028809959068894386 0.019808940589427948
v 0.02414095029234886 -0.029161980375647545 -0.013937950134277344
v 0.02446597069501877 -0.024497980251908302 -0.018323950469493866
v 0.02583896927535534 -0.024516990408301353 -0.014972980134189129
v -0.0018759960075840354 -0.007328987121582031 -0.029812989756464958
v -0.0035409920383244753 0.0 -0.029918959364295006
v 0.0038899770006537437 0.0 -0.029875990003347397
v -0.013111939653754234 0.007534979842603207 -0.029080979526042938
v -0.010013990104198456 0.00792699959129095 -0.02943396009504795
v -0.010013990104198456 0.0 -0.029850000515580177
v 0.00861894991248846 0.011743959970772266 -0.0255849901586771
v 0.004376946948468685 0.01177894975990057 -0.02601896971464157
v 0.004093945026397705 0.011799990199506283 -0.024640969932079315
v 0.004093945026397705 0.011799990199506283 -0.02463299036026001
v 0.00861894991248846 0.011743959970772266 -0.0255849901586771
v 0.004093945026397705 0.011799990199506283 -0.024640969932079315
v 0.004093945026397705 0.011799990199506283 -0.02463299036026001
v 0.008365987800061703 0.01179599016904831 -0.023534949868917465
v 0.008639991283416748 0.011771970428526402 -0.024424970149993896
v 0.004093945026397705 0.011799990199506283 -0.02463299036026001
v 0.008639991283416748 0.011771970428526402 -0.024424970149993896
v 0.00861894991248846 0.011743959970772266 -0.0255849901586771
v 0.004093945026397705 0.011799990199506283 -0.02463299036026001
v 0.004093945026397705 0.011799990199506283 -0.02463299036026001
v 0.008667944930493832 0.011808989569544792 -0.022852949798107147
v 0.008361995220184326 0.01179599016904831 -0.023526959121227264
v -0.02090197056531906 -0.007534979842603207 -0.02280597947537899
v -0.015886960551142693 -0.007534979842603207 -0.02761596068739891
v -0.014006970450282097 -0.028809959068894386 -0.0242609903216362
v -0.013937950134277344 -0.029161980375647545 0.02414095029234886
v -0.007180987857282162 -0.029276959598064423 0.026797950267791748
v -0.007250964175909758 -0.028809959068894386 0.027059970423579216
v -0.027059970423579216 -0.028809959068894386 0.007250964175909758
v -0.026638979092240334 -0.029347000643610954 0.007137953769415617
v -0.02414095029234886 -0.029161980375647545 0.013937950134277344
v -0.016045980155467987 0.0 -0.02782594971358776
v -0.013194969855248928 0.0 -0.029330959543585777
v -0.013111939653754234 -0.007534979842603207 -0.029080979526042938
v 0.026638979092240334 -0.029347000643610954 0.007137953769415617
v 0.027578940615057945 -0.029347000643610954 0.0
v 0.02801400050520897 -0.028809959068894386 0.0
v -0.028301000595092773 -0.018092980608344078 0.007265985012054443
v -0.029218969866633415 -0.018092980608344078 0.0
v -0.02801400050520897 -0.028809959068894386 0.0
v 0.026797950267791748 -0.029276959598064423 -0.007180987857282162
v 0.027059970423579216 -0.028809959068894386 -0.007250964175909758
v 0.02801400050520897 -0.028809959068894386 0.0
v -0.015107979997992516 0.011482950299978256 -0.019148999825119972
v -0.02001696079969406 0.011603949591517448 -0.013567980378866196
v -0.020150000229477882 0.011708970181643963 -0.01242494024336338
v -0.02015596069395542 0.011712959967553616 -0.012377969920635223
v -0.02016800083220005 0.01171397976577282 -0.012357950210571289
v -0.015107979997992516 0.011482950299978256 -0.019148999825119972
v -0.02016800083220005 0.01171397976577282 -0.012357950210571289
v -0.020795999094843864 0.011767979711294174 -0.011266940273344517
v -0.015107979997992516 0.011482950299978256 -0.019148999825119972
v -0.015107979997992516 0.011482950299978256 -0.019148999825119972
v -0.020150000229477882 0.011708970181643963 -0.01242494024336338
v -0.02015596069395542 0.011712959967553616 -0.012377969920635223
v -0.023859970271587372 0.01192294992506504 -0.007006943225860596
v -0.02584999054670334 0.011747949756681919 -0.006936966907233
v -0.025364989414811134 0.012086980044841766 -0.004056990146636963
v -0.023284969851374626 0.011938979849219322 -0.007370947860181332
v -0.023310000076889992 0.011937970295548439 -0.007351994048804045
v -0.025364989414811134 0.012086980044841766 -0.004056990146636963
v -0.023310000076889992 0.011937970295548439 -0.007351994048804045
v -0.023783979937434196 0.011929979547858238 -0.00700294878333807
v -0.025364989414811134 0.012086980044841766 -0.004056990146636963
v -0.023783979937434196 0.011929979547858238 -0.00700294878333807
v -0.023859970271587372 0.01192294992506504 -0.007006943225860596
v -0.025364989414811134 0.012086980044841766 -0.004056990146636963
v -0.020842960104346275 0.011766970157623291 -0.011230939999222755
v -0.02192497067153454 0.011750989593565464 -0.010424969717860222
v -0.02217596024274826 0.011757959611713886 -0.010132960043847561
v -0.025364989414811134 0.012086980044841766 -0.004056990146636963
v -0.015107979997992516 0.011482950299978256 -0.019148999825119972
v -0.023271970450878143 0.011937970295548439 -0.007387994788587093
v -0.015107979997992516 0.011482950299978256 -0.019148999825119972
v -0.020795999094843864 0.011767979711294174 -0.011266940273344517
v -0.023271970450878143 0.011937970295548439 -0.007387994788587093
v -0.020795999094843864 0.011767979711294174 -0.011266940273344517
v -0.020842960104346275 0.011766970157623291 -0.011230939999222755
v -0.023253969848155975 0.01193499006330967 -0.007437943946570158
v -0.020842960104346275 0.011766970157623291 -0.011230939999222755
v -0.02217596024274826 0.011757959611713886 -0.010132960043847561
v -0.023253969848155975 0.01193499006330967 -0.007437943946570158
v -0.02217596024274826 0.011757959611713886 -0.010132960043847561
v -0.022186990827322006 0.011757959611713886 -0.010119969956576824
v -0.023253969848155975 0.01193499006330967 -0.007437943946570158
v -0.023253969848155975 0.01193499006330967 -0.007437943946570158
v -0.023271970450878143 0.011937970295548439 -0.007387994788587093
v -0.020795999094843864 0.011767979711294174 -0.011266940273344517
v -0.028301000595092773 -0.018092980608344078 0.007265985012054443
v -0.028934000059962273 -0.007328987121582031 0.007428944110870361
v -0.029872000217437744 -0.007328987121582031 0.0
v -0.007045983802527189 -0.02949994057416916 -0.026293989270925522
v -0.020428000018000603 0.01197099033743143 -0.008723974227905273
v -0.020428000018000603 0.01197099033743143 -0.008723974227905273
v -0.019318990409374237 0.011913949623703957 -0.010248949751257896
v -0.025364989414811134 0.012086980044841766 -0.004056990146636963
v -0.019318990409374237 0.011913949623703957 -0.010248949751257896
v -0.017610959708690643 0.011813989840447903 -0.012806950137019157
v -0.025364989414811134 0.012086980044841766 -0.004056990146636963
v -0.017610959708690643 0.011813989840447903 -0.012806950137019157
v -0.016550950706005096 0.011759989894926548 -0.014267980121076107
v -0.015385979786515236 0.011690969578921795 -0.016014989465475082
v -0.015385979786515236 0.011690969578921795 -0.016014989465475082
v -0.013855990022420883 0.011690969578921795 -0.01689797081053257
v -0.01219599973410368 0.011482950299978256 -0.02112399972975254
v -0.013855990022420883 0.011690969578921795 -0.01689797081053257
v -0.010885000228881836 0.01167398039251566 -0.018883999437093735
v -0.01219599973410368 0.011482950299978256 -0.02112399972975254
v -0.010885000228881836 0.01167398039251566 -0.018883999437093735
v -0.009363949298858643 0.01167398039251566 -0.01976197026669979
v -0.01219599973410368 0.011482950299978256 -0.02112399972975254
v -0.009363949298858643 0.01167398039251566 -0.01976197026669979
v -0.00788098480552435 0.011664980091154575 -0.020752960816025734
v -0.01219599973410368 0.011482950299978256 -0.02112399972975254
v -0.00788098480552435 0.011664980091154575 -0.020752960816025734
v -0.006097971927374601 0.011717969551682472 -0.020943989977240562
v -0.0018699760548770428 0.011666949838399887 -0.02417396940290928
v -0.006097971927374601 0.011717969551682472 -0.020943989977240562
v -0.002262949012219906 0.01181000005453825 -0.02170496992766857
v -0.0018699760548770428 0.011666949838399887 -0.02417396940290928
v -0.0018699760548770428 0.011666949838399887 -0.02417396940290928
v -0.0011719459434971213 0.01183598954230547 -0.02192199043929577
v -0.0006859999848529696 0.011742940172553062 -0.023661969229578972
v -0.002262949012219906 0.01181000005453825 -0.02170496992766857
v -0.0011719459434971213 0.01183598954230547 -0.02192199043929577
v -0.0018699760548770428 0.011666949838399887 -0.02417396940290928
v -0.0011719459434971213 0.01183598954230547 -0.02192199043929577
v 0.0017999409465119243 0.011805949732661247 -0.02413593977689743
v 0.0006949999369680882 0.011793970130383968 -0.02366494946181774
v -0.0011719459434971213 0.01183598954230547 -0.02192199043929577
v 0.0006949999369680882 0.011793970130383968 -0.02366494946181774
v 0.0006409999914467335 0.011792950332164764 -0.023642949759960175
v -0.0011719459434971213 0.01183598954230547 -0.02192199043929577
v 0.0006409999914467335 0.011792950332164764 -0.023642949759960175
v 0.0006099999882280827 0.011792000383138657 -0.023642949759960175
v -0.0006409999914467335 0.011745980009436607 -0.023642949759960175
v -0.0011719459434971213 0.01183598954230547 -0.02192199043929577
v 0.0006099999882280827 0.011792000383138657 -0.023642949759960175
v -0.0018699760548770428 0.011666949838399887 -0.02417396940290928
v -0.01219599973410368 0.011482950299978256 -0.02112399972975254
v -0.00788098480552435 0.011664980091154575 -0.020752960816025734
v -0.0011719459434971213 0.01183598954230547 -0.02192199043929577
v -0.0006409999914467335 0.011745980009436607 -0.023642949759960175
v -0.0006859999848529696 0.011742940172553062 -0.023661969229578972
v -0.01219599973410368 0.011482950299978256 -0.02112399972975254
v -0.025364989414811134 0.012086980044841766 -0.004056990146636963
v -0.015385979786515236 0.011690969578921795 -0.016014989465475082
v -0.003074944019317627 0.01161396037787199 -0.02415096014738083
v -0.009029983542859554 0.011482950299978256 -0.022659000009298325
v -0.0018699760548770428 0.011666949838399887 -0.02417396940290928
v -0.009029983542859554 0.011482950299978256 -0.022659000009298325
v -0.01219599973410368 0.011482950299978256 -0.02112399972975254
v -0.0018699760548770428 0.011666949838399887 -0.02417396940290928
v -0.0018699760548770428 0.011666949838399887 -0.02417396940290928
v -0.0019309519557282329 0.01166194025427103 -0.024199960753321648
v -0.002324997913092375 0.01163696963340044 -0.024276969954371452
v -0.003074944019317627 0.01161396037787199 -0.02415096014738083
v -0.0018699760548770428 0.011666949838399887 -0.02417396940290928
v -0.002324997913092375 0.01163696963340044 -0.024276969954371452
v 0.004622994922101498 0.011736979708075523 -0.026434950530529022
v 0.005171954166144133 0.01173597015440464 -0.026672950014472008
v -0.004728971980512142 0.011559960432350636 -0.02387499064207077
v -0.004728971980512142 0.011559960432350636 -0.02387499064207077
v -0.003074944019317627 0.01161396037787199 -0.02415096014738083
v 0.00461196806281805 0.011736979708075523 -0.026429949328303337
v -0.003074944019317627 0.01161396037787199 -0.02415096014738083
v 0.00461196806281805 0.011736979708075523 -0.026429949328303337
v 0.004376946948468685 0.01177894975990057 -0.02601896971464157
v 0.004606962203979492 0.011738000437617302 -0.026420950889587402
v 0.00461196806281805 0.011736979708075523 -0.026429949328303337
v -0.009230971336364746 -0.007328987121582031 0.02840995043516159
v 0.00422698212787509 0.010267970152199268 -0.029392000287771225
v 0.014779980294406414 0.010220999829471111 -0.026898980140686035
v 0.015507989563047886 0.008694945834577084 -0.026995949447155
v 0.00422698212787509 0.010267970152199268 -0.029392000287771225
v 0.015507989563047886 0.008694945834577084 -0.026995949447155
v 0.01629096083343029 0.007185995113104582 -0.027077969163656235
v 0.018231980502605438 0.0037889480590820312 -0.027217980474233627
v 0.019241979345679283 0.00204199505969882 -0.027287960052490234
v 0.00422698212787509 0.010267970152199268 -0.029392000287771225
v 0.004686951171606779 0.007328987121582031 -0.02950197085738182
v 0.00422698212787509 0.010267970152199268 -0.029392000287771225
v 0.019241979345679283 0.00204199505969882 -0.027287960052490234
v 0.020052960142493248 -0.001567958970554173 -0.027305960655212402
v 0.0038899770006537437 0.0 -0.029875990003347397
v 0.019343970343470573 0.0 -0.02736896090209484
v 0.0038899770006537437 0.0 -0.029875990003347397
v 0.004686951171606779 0.007328987121582031 -0.02950197085738182
v 0.01938498020172119 0.0010409950045868754 -0.027327949181199074
v 0.005596994888037443 -0.007328987121582031 -0.02934294007718563
v 0.0038899770006537437 0.0 -0.029875990003347397
v 0.020052960142493248 -0.001567958970554173 -0.027305960655212402
v 0.019701950252056122 -0.0076589579693973064 -0.027047989889979362
v 0.0054749841801822186 -0.018092980608344078 -0.028701959177851677
v 0.005596994888037443 -0.007328987121582031 -0.02934294007718563
v 0.005596994888037443 -0.007328987121582031 -0.02934294007718563
v 0.020021969452500343 -0.003917992115020752 -0.02722495049238205
v 0.019695989787578583 -0.007200955878943205 -0.027076950296759605
v 0.01874995045363903 -0.013404959812760353 -0.026554999873042107
v 0.007250964175909758 -0.028809959068894386 -0.027059970423579216
v 0.0054749841801822186 -0.018092980608344078 -0.028701959177851677
v 0.0054749841801822186 -0.018092980608344078 -0.028701959177851677
v 0.019701950252056122 -0.0076589579693973064 -0.027047989889979362
v 0.018666980788111687 -0.011585949920117855 -0.026788940653204918
v -0.020845940336585045 0.00777697516605258 -0.022758960723876953
v -0.015842970460653305 0.00777697516605258 -0.027557959780097008
v -0.015965990722179413 -0.007328987121582031 0.025240950286388397
v -0.009230971336364746 -0.007328987121582031 0.02840995043516159
v -0.012939980253577232 0.0 0.026820000261068344
v 0.02860599011182785 -0.024591980502009392 0.0033869741018861532
v 0.028604980558156967 -0.024589000269770622 0.0033939480781555176
v 0.028198949992656708 -0.024595970287919044 0.007114945910871029
v 0.027059970423579216 -0.028809959068894386 0.007250964175909758
v 0.02801400050520897 -0.028809959068894386 0.0
v 0.028198949992656708 -0.024595970287919044 0.007114945910871029
v -0.013937950134277344 -0.029161980375647545 -0.02414095029234886
v -0.014006970450282097 -0.028809959068894386 -0.0242609903216362
v -0.007250964175909758 -0.028809959068894386 -0.027059970423579216
v 0.02263695001602173 0.010531960055232048 0.015282980166375637
v 0.020667970180511475 0.011482950299978256 0.012952979654073715
v 0.021249940618872643 0.01049994956701994 0.017233960330486298
v 0.018660960718989372 0.010494939982891083 0.02087496966123581
v 0.016155950725078583 0.01049994956701994 0.024253960698843002
v 0.016120970249176025 0.010496970266103745 0.024316959083080292
v 0.020667970180511475 0.011482950299978256 0.012952979654073715
v 0.018660960718989372 0.010494939982891083 0.02087496966123581
v 0.021232960745692253 0.01051895972341299 0.017256969586014748
v 0.018660960718989372 0.010494939982891083 0.02087496966123581
v 0.016036979854106903 0.010494939982891083 0.024441000074148178
v 0.021232960745692253 0.01051895972341299 0.017256969586014748
v 0.021249940618872643 0.01049994956701994 0.017233960330486298
v 0.020667970180511475 0.011482950299978256 0.012952979654073715
v 0.014562959782779217 0.010437959805130959 0.026743939146399498
v 0.020667970180511475 0.011482950299978256 0.012952979654073715
v 0.02263695001602173 0.010531960055232048 0.015282980166375637
v 0.023325970396399498 0.010540960356593132 0.013929960317909718
v 0.020667970180511475 0.011482950299978256 0.012952979654073715
v 0.023325970396399498 0.010540960356593132 0.013929960317909718
v 0.023374969139695168 0.010540960356593132 0.01383494958281517
v 0.023773960769176483 0.010539939627051353 0.013089950196444988
v 0.026423990726470947 0.010533980093896389 0.008144973777234554
v 0.020667970180511475 0.011482950299978256 0.012952979654073715
v 0.020667970180511475 0.011482950299978256 0.012952979654073715
v 0.023374969139695168 0.010540960356593132 0.01383494958281517
v 0.02367197908461094 0.010544950142502785 0.013279969803988934
v 0.022711990401148796 0.011482950299978256 0.008893965743482113
v 0.020667970180511475 0.011482950299978256 0.012952979654073715
v 0.026423990726470947 0.010533980093896389 0.008144973777234554
v 0.022711990401148796 0.011482950299978256 0.008893965743482113
v 0.026613950729370117 0.010532969608902931 0.007770955096930265
v 0.026734940707683563 0.010531960055232048 0.007351994048804045
v 0.022711990401148796 0.011482950299978256 0.008893965743482113
v 0.024015959352254868 0.011482950299978256 0.004265964031219482
v 0.019454000517725945 0.011603949591517448 0.01033794041723013
v 0.022711990401148796 0.011482950299978256 0.008893965743482113
v 0.019454000517725945 0.011603949591517448 0.01033794041723013
v 0.01937996968626976 0.011604960076510906 0.010505969636142254
v 0.01657998003065586 0.01167398039251566 0.014702970162034035
v 0.015359990298748016 0.011712959967553616 0.015786999836564064
v 0.010791949927806854 0.011833960190415382 0.021866969764232635
v 0.022711990401148796 0.011482950299978256 0.008893965743482113
v 0.01937996968626976 0.011604960076510906 0.010505969636142254
v 0.01657998003065586 0.01167398039251566 0.014702970162034035
v 0.013353999704122543 0.011706939898431301 -0.017457960173487663
v 0.013353999704122543 0.011706939898431301 -0.017457960173487663
v 0.014673939906060696 0.011675000190734863 -0.016270989552140236
v 0.015266000293195248 0.011659969575703144 -0.01587498001754284
v 0.008667944930493832 0.011808989569544792 -0.022852949798107147
v 0.013353999704122543 0.011706939898431301 -0.017457960173487663
v 0.015266000293195248 0.011659969575703144 -0.01587498001754284
v 0.02003997005522251 0.011566990055143833 -0.009080946445465088
v 0.024015959352254868 0.011482950299978256 -0.004265964031219482
v 0.022711990401148796 0.011482950299978256 -0.008893965743482113
v 0.019479990005493164 0.011573970317840576 -0.010354990139603615
v 0.02003997005522251 0.011566990055143833 -0.009080946445465088
v 0.022711990401148796 0.011482950299978256 -0.008893965743482113
v 0.008667944930493832 0.011808989569544792 -0.022852949798107147
v 0.015266000293195248 0.011659969575703144 -0.01587498001754284
v 0.016566989943385124 0.01162797026336193 -0.014716980047523975
v 0.016566989943385124 0.01162797026336193 -0.014716980047523975
v 0.019479990005493164 0.011573970317840576 -0.010354990139603615
v 0.022711990401148796 0.011482950299978256 -0.008893965743482113
v 0.010791949927806854 0.011833960190415382 0.021866969764232635
v 0.015359990298748016 0.011712959967553616 0.015786999836564064
v 0.015257949940860271 0.011714990250766277 0.01587796024978161
v 0.015257949940860271 0.011714990250766277 0.01587796024978161
v 0.014671980403363705 0.011730959638953209 0.016268959268927574
v 0.013326999731361866 0.011766970157623291 0.017479000613093376
v 0.013326999731361866 0.011766970157623291 0.017479000613093376
v -0.007180987857282162 -0.029276959598064423 -0.026797950267791748
v -0.007250964175909758 -0.028809959068894386 -0.027059970423579216
v 0.0 -0.028809959068894386 -0.02801400050520897
v 0.027059970423579216 -0.028809959068894386 -0.007250964175909758
v 0.027871960774064064 -0.024547990411520004 -0.009700953029096127
v 0.02820098027586937 -0.024562949314713478 -0.007171988021582365
v 0.019808940589427948 -0.028809959068894386 -0.019808940589427948
v 0.02044898085296154 -0.02417694963514805 -0.023168979212641716
v 0.020674999803304672 -0.024471990764141083 -0.022688979282975197
v 0.02067594975233078 -0.024472950026392937 -0.022686950862407684
v 0.02446597069501877 -0.024497980251908302 -0.018323950469493866
v 0.019808940589427948 -0.028809959068894386 -0.019808940589427948
v 0.02446597069501877 -0.024497980251908302 -0.018323950469493866
v 0.02414095029234886 -0.029161980375647545 -0.013937950134277344
v 0.019808940589427948 -0.028809959068894386 -0.019808940589427948
v 0.027871960774064064 -0.024547990411520004 -0.009700953029096127
v 0.027059970423579216 -0.028809959068894386 -0.007250964175909758
v 0.027728969231247902 -0.024526000022888184 -0.010069959796965122
v 0.027059970423579216 -0.028809959068894386 -0.007250964175909758
v 0.02583896927535534 -0.024516990408301353 -0.014972980134189129
v 0.027689989656209946 -0.024524979293346405 -0.010171939618885517
v -0.0018599620088934898 0.011601979844272137 0.024169979616999626
v -0.009029983542859554 0.011482950299978256 0.022659000009298325
v -0.005735992919653654 0.011482950299978256 0.023706970736384392
v -0.005735992919653654 0.011482950299978256 0.023706970736384392
v -0.0023269650992006063 0.011561979539692402 0.024277979508042336
v -0.0018599620088934898 0.011601979844272137 0.024169979616999626
v -0.0023269650992006063 0.011561979539692402 0.024277979508042336
v -0.0019209979800507426 0.011594950221478939 0.024194950237870216
v -0.0018599620088934898 0.011601979844272137 0.024169979616999626
v 0.0022239680401980877 0.0 0.03004598058760166
v -0.0026659960858523846 0.007328987121582031 0.029752960428595543
v -0.0074609508737921715 0.0 0.02915995940566063
v 0.02842199057340622 0.010507999919354916 -0.009642957709729671
v 0.02422194927930832 0.011458990164101124 -0.002875983016565442
v 0.024388959631323814 0.011410949751734734 5.2999999752501026e-05
v 0.024388959631323814 0.011410949751734734 5.499999679159373e-05
v 0.024388959631323814 0.011410949751734734 5.699999746866524e-05
v 0.024015959352254868 0.011482950299978256 0.004265964031219482
v 0.02842199057340622 0.010507999919354916 -0.009642957709729671
v 0.024388959631323814 0.011410949751734734 5.2999999752501026e-05
v 0.024388959631323814 0.011410949751734734 5.499999679159373e-05
v 0.028409000486135483 0.010508949868381023 -0.008974969387054443
v 0.024388959631323814 0.011410949751734734 5.499999679159373e-05
v 0.024015959352254868 0.011482950299978256 -0.004265964031219482
v 0.02422194927930832 0.011458990164101124 -0.002875983016565442
v 0.02842199057340622 0.010507999919354916 -0.009642957709729671
v 0.019808940589427948 -0.028809959068894386 0.019808940589427948
v 0.02044898085296154 -0.024187980219721794 0.023160990327596664
v 0.014006970450282097 -0.028809959068894386 0.0242609903216362
v -0.021963000297546387 0.010480989702045918 0.01973198913037777
v -0.016566989943385124 0.010448990389704704 0.024483969435095787
v -0.015107979997992516 0.011482950299978256 0.019148999825119972
v -0.02403998002409935 0.010261950083076954 0.01751697063446045
v -0.023909980431199074 0.010440940037369728 0.01744198054075241
v -0.026277950033545494 0.010231969878077507 0.013946950435638428
v -0.019861990585923195 0.011553999967873096 -0.014155980199575424
v -0.017663000151515007 0.011482950299978256 -0.016820959746837616
v -0.019861990585923195 0.011553999967873096 -0.014155980199575424
v -0.02584999054670334 0.011747949756681919 -0.006936966907233
v -0.02001696079969406 0.011603949591517448 -0.013567980378866196
v -0.01999497041106224 0.011585949920117855 -0.013756990432739258
v -0.01999294012784958 0.011584989726543427 -0.013762949965894222
v -0.019861990585923195 0.011553999967873096 -0.014155980199575424
v -0.019861990585923195 0.011553999967873096 -0.014155980199575424
v -0.02584999054670334 0.011747949756681919 -0.006936966907233
v -0.01999497041106224 0.011585949920117855 -0.013756990432739258
v -0.010174980387091637 0.010434979572892189 0.02779597043991089
v -0.009029983542859554 0.011482950299978256 0.022659000009298325
v -0.01219599973410368 0.011482950299978256 0.02112399972975254
v 0.004230976104736328 0.010261950083076954 0.029395990073680878
v 0.01456694956868887 0.010220999829471111 0.02690397948026657
v 0.014562959782779217 0.010437959805130959 0.026743939146399498
v -0.02197498083114624 0.01047694031149149 -0.01974296011030674
v -0.02584999054670334 0.011747949756681919 -0.006936966907233
v -0.019861990585923195 0.011553999967873096 -0.014155980199575424
v -0.0031549930572509766 0.010437959805130959 0.02942699007689953
v -0.0031569600105285645 0.010255989618599415 0.029575999826192856
v 0.0031499860342592 0.010271959938108921 0.02957295998930931
v -0.025604959577322006 -0.018092980608344078 -0.014075989834964275
v -0.024372989311814308 -0.028809959068894386 -0.013737970031797886
v -0.027059970423579216 -0.028809959068894386 -0.007250964175909758
v -0.010173969902098179 0.010434979572892189 -0.02779597043991089
v -0.009029983542859554 0.011482950299978256 -0.022659000009298325
v -0.0057169790379703045 0.011520979925990105 -0.023708989843726158
v -0.0057169790379703045 0.011520979925990105 -0.023708989843726158
v -0.004728971980512142 0.011559960432350636 -0.02387499064207077
v -0.010173969902098179 0.010434979572892189 -0.02779597043991089
v 0.013937950134277344 -0.029161980375647545 0.02414095029234886
v 0.014006970450282097 -0.028809959068894386 0.0242609903216362
v 0.007250964175909758 -0.028809959068894386 0.027059970423579216
v -0.003153979079797864 0.010438970290124416 -0.02942699007689953
v 0.0031499860342592 0.010450949892401695 -0.02940499037504196
v 0.0031499860342592 0.01026999019086361 -0.029573969542980194
v -0.028301000595092773 -0.018092980608344078 -0.007265985012054443
v -0.029218969866633415 -0.018092980608344078 0.0
v -0.029872000217437744 -0.007328987121582031 0.0
v -0.019808940589427948 -0.028809959068894386 0.019808940589427948
v -0.0195009708404541 -0.029347000643610954 0.0195009708404541
v -0.013937950134277344 -0.029161980375647545 0.02414095029234886
v -0.013111939653754234 -0.007534979842603207 -0.029080979526042938
v -0.007250964175909758 -0.028809959068894386 -0.027059970423579216
v -0.014006970450282097 -0.028809959068894386 -0.0242609903216362
v -0.02406894974410534 0.01208799984306097 0.001453995006158948
v -0.025364989414811134 0.012086980044841766 0.004056990146636963
v -0.021637970581650734 0.012070000171661377 0.00287794996984303
v -0.025364989414811134 0.012086980044841766 0.004056990146636963
v -0.020799990743398666 0.012046989984810352 0.006967960856854916
v -0.02083395980298519 0.01204793993383646 0.006806969176977873
v -0.02083395980298519 0.01204793993383646 0.006806969176977873
v -0.021286960691213608 0.012058969587087631 0.0045279860496521
v -0.025364989414811134 0.012086980044841766 0.004056990146636963
v -0.009028971195220947 -0.018092980608344078 0.02778898924589157
v -0.0018349880119785666 -0.018092980608344078 0.02916097082197666
v -0.0018759960075840354 -0.007328987121582031 0.029812989756464958
v -0.02807294949889183 0.0 0.010935960337519646
v -0.02896595001220703 0.007328987121582031 0.007300972007215023
v -0.030084960162639618 0.0 0.0016009799437597394
v -0.023909980431199074 0.010440940037369728 0.01744198054075241
v -0.025985000655055046 0.011729000136256218 0.00690799904987216
v -0.02633398026227951 0.011694960296154022 0.006572960875928402
v 0.006486951839178801 0.011784969829022884 0.024988939985632896
v 0.007329999934881926 0.011753969825804234 0.026105990633368492
v 0.010502990335226059 0.011753969825804234 0.025087950751185417
v 0.010502990335226059 0.011753969825804234 0.025087950751185417
v 0.010635970160365105 0.011790989898145199 0.023609990254044533
v 0.006486951839178801 0.011784969829022884 0.024988939985632896
v 0.010635970160365105 0.011790989898145199 0.023609990254044533
v 0.010420969687402248 0.011819950304925442 0.022520000115036964
v 0.010418949648737907 0.011819950304925442 0.022514989599585533
v 0.010635970160365105 0.011790989898145199 0.023609990254044533
v 0.010418949648737907 0.011819950304925442 0.022514989599585533
v 0.006227970123291016 0.011804989539086819 0.024184999987483025
v 0.006225943099707365 0.011804989539086819 0.024191970005631447
v 0.006486951839178801 0.011784969829022884 0.024988939985632896
v 0.006227970123291016 0.011804989539086819 0.024184999987483025
v 0.006227970123291016 0.011804989539086819 0.024184999987483025
v 0.006486951839178801 0.011784969829022884 0.024988939985632896
v 0.010635970160365105 0.011790989898145199 0.023609990254044533
v 0.010418949648737907 0.011819950304925442 0.022514989599585533
v 0.010415970347821712 0.011819950304925442 0.022501999512314796
v 0.006219983100891113 0.011805949732661247 0.02417498081922531
v 0.010415970347821712 0.011819950304925442 0.022501999512314796
v 0.01042299997061491 0.011820970103144646 0.0224909707903862
v 0.010791949927806854 0.011833960190415382 0.021866969764232635
v 0.010791949927806854 0.011833960190415382 0.021866969764232635
v 0.0055849552154541016 0.011819000355899334 0.02379298023879528
v 0.010415970347821712 0.011819950304925442 0.022501999512314796
v 0.0055849552154541016 0.011819000355899334 0.02379298023879528
v 0.006219983100891113 0.011805949732661247 0.02417498081922531
v 0.010415970347821712 0.011819950304925442 0.022501999512314796
v 0.0054749841801822186 -0.018092980608344078 0.028701959177851677
v 0.007250964175909758 -0.028809959068894386 0.027059970423579216
v 0.01785098947584629 -0.020114000886678696 0.024923980236053467
v 0.007250964175909758 -0.028809959068894386 0.027059970423579216
v 0.01964895986020565 -0.0218539796769619 0.024222970008850098
v 0.018228940665721893 -0.020532960072159767 0.02477096952497959
v 0.007250964175909758 -0.028809959068894386 0.027059970423579216
v 0.018228940665721893 -0.020532960072159767 0.02477096952497959
v 0.017991000786423683 -0.020310990512371063 0.024862999096512794
v 0.015234939754009247 -0.011427990160882473 0.026807960122823715
v 0.01621996983885765 -0.007515965960919857 0.027055969461798668
v 0.0054749841801822186 -0.018092980608344078 0.028701959177851677
v 0.015187970362603664 -0.013358949683606625 0.02655898965895176
v 0.015234939754009247 -0.011427990160882473 0.026807960122823715
v 0.0054749841801822186 -0.018092980608344078 0.028701959177851677
v 0.007250964175909758 -0.028809959068894386 0.027059970423579216
v 0.017991000786423683 -0.020310990512371063 0.024862999096512794
v 0.01785098947584629 -0.020114000886678696 0.024923980236053467
v 0.015356950461864471 -0.01430295966565609 0.02638298086822033
v 0.015187970362603664 -0.013358949683606625 0.02655898965895176
v 0.0054749841801822186 -0.018092980608344078 0.028701959177851677
v 0.01619195006787777 -0.016788000240921974 0.025805950164794922
v 0.015356950461864471 -0.01430295966565609 0.02638298086822033
v 0.0054749841801822186 -0.018092980608344078 0.028701959177851677
v 0.0054749841801822186 -0.018092980608344078 0.028701959177851677
v 0.01785098947584629 -0.020114000886678696 0.024923980236053467
v 0.016348950564861298 -0.017158979550004005 0.02571099065244198
v -0.01219599973410368 0.011482950299978256 0.02112399972975254
v -0.0012639759806916118 0.011634940281510353 0.023912960663437843
v -0.00788795854896307 0.011626950465142727 0.020750990137457848
v -0.0012639759806916118 0.011634940281510353 0.023912960663437843
v -0.0006719999946653843 0.011665989644825459 0.023657970130443573
v -0.0008869999437592924 0.011756000109016895 0.021978970617055893
v -0.00788795854896307 0.011626950465142727 0.020750990137457848
v -0.0012639759806916118 0.011634940281510353 0.023912960663437843
v -0.004020988009870052 0.011692999862134457 0.021521979942917824
v -0.0006719999946653843 0.011665989644825459 0.023657970130443573
v -0.0006409999914467335 0.011667960323393345 0.023644980043172836
v -0.0008869999437592924 0.011756000109016895 0.021978970617055893
v -0.020428000018000603 0.011959959752857685 0.008722960017621517
v -0.016434960067272186 0.011738000437617302 0.014568979851901531
v -0.017610959708690643 0.011805949732661247 0.012806950137019157
v -0.01870495080947876 0.01186096016317606 0.011301989667117596
v -0.01870495080947876 0.01186096016317606 0.011301989667117596
v -0.020428000018000603 0.011959959752857685 0.008722960017621517
v -0.025364989414811134 0.012086980044841766 0.004056990146636963
v -0.004020988009870052 0.011692999862134457 0.021521979942917824
v -0.0012639759806916118 0.011634940281510353 0.023912960663437843
v -0.002262949012219906 0.01173298992216587 0.021705979481339455
v -0.0006409999914467335 0.011667960323393345 0.023644980043172836
v -0.0006219999631866813 0.011667960323393345 0.023644980043172836
v -0.0008869999437592924 0.011756000109016895 0.021978970617055893
v -0.002262949012219906 0.01173298992216587 0.021705979481339455
v -0.0012639759806916118 0.011634940281510353 0.023912960663437843
v -0.0008869999437592924 0.011756000109016895 0.021978970617055893
v -0.0006219999631866813 0.011667960323393345 0.023644980043172836
v 0.0006409999914467335 0.01170498039573431 0.023643970489501953
v 0.0009180000051856041 0.011796950362622738 0.022166959941387177
v -0.01870495080947876 0.01186096016317606 0.011301989667117596
v -0.025364989414811134 0.012086980044841766 0.004056990146636963
v -0.016434960067272186 0.011738000437617302 0.014568979851901531
v -0.016434960067272186 0.011738000437617302 0.014568979851901531
v -0.015385979786515236 0.011684950441122055 0.016013970598578453
v -0.016434960067272186 0.011738000437617302 0.014568979851901531
v -0.01219599973410368 0.011482950299978256 0.02112399972975254
v -0.009388983249664307 0.011633990332484245 0.01988399028778076
v -0.010885000228881836 0.011648950167000294 0.018883999437093735
v -0.01219599973410368 0.011482950299978256 0.02112399972975254
v -0.010885000228881836 0.011648950167000294 0.018883999437093735
v -0.012397999875247478 0.011655979789793491 0.018010970205068588
v -0.01219599973410368 0.011482950299978256 0.02112399972975254
v -0.012397999875247478 0.011655979789793491 0.018010970205068588
v -0.015385979786515236 0.011684950441122055 0.016013970598578453
v -0.01219599973410368 0.011482950299978256 0.02112399972975254
v -0.00788795854896307 0.011626950465142727 0.020750990137457848
v -0.009388983249664307 0.011633990332484245 0.01988399028778076
v -0.01219599973410368 0.011482950299978256 0.02112399972975254
v -0.0006219999631866813 0.011667960323393345 0.023644980043172836
v 0.0009180000051856041 0.011796950362622738 0.022166959941387177
v -0.0008869999437592924 0.011756000109016895 0.021978970617055893
v 0.000678999989759177 0.01170498039573431 0.023660000413656235
v 0.0017989870393648744 0.011708970181643963 0.024137970060110092
v 0.0013599989470094442 0.011814950034022331 0.02208000048995018
v 0.0017989870393648744 0.011708970181643963 0.024137970060110092
v 0.0021869540214538574 0.011712959967553616 0.024261949583888054
v 0.0013599989470094442 0.011814950034022331 0.02208000048995018
v 0.0006409999914467335 0.01170498039573431 0.023643970489501953
v 0.000678999989759177 0.01170498039573431 0.023660000413656235
v 0.0009180000051856041 0.011796950362622738 0.022166959941387177
v 0.0021869540214538574 0.011712959967553616 0.024261949583888054
v 0.002199946902692318 0.011712959967553616 0.02426600083708763
v 0.0013599989470094442 0.011814950034022331 0.02208000048995018
v 0.002199946902692318 0.011712959967553616 0.02426600083708763
v 0.004188953898847103 0.011785980314016342 0.023987939581274986
v 0.0013599989470094442 0.011814950034022331 0.02208000048995018
v -0.02758198045194149 -0.029348960146307945 0.0
v -0.026638979092240334 -0.029347000643610954 0.007137953769415617
v -0.027098000049591064 -0.028809959068894386 0.006961940787732601
v -0.02414095029234886 -0.029161980375647545 0.013937950134277344
v -0.0195009708404541 -0.029347000643610954 0.0195009708404541
v -0.019808940589427948 -0.028809959068894386 0.019808940589427948
v 0.013937950134277344 -0.029161980375647545 -0.02414095029234886
v 0.007137953769415617 -0.029347000643610954 -0.026638979092240334
v 0.007250964175909758 -0.028809959068894386 -0.027059970423579216
v 0.005596994888037443 -0.007328987121582031 0.02934294007718563
v 0.016595950350165367 -0.0037169449497014284 0.02721095085144043
v 0.016111960634589195 0.0 0.02736896090209484
v 0.01790595054626465 0.011482950299978256 -0.016562990844249725
v 0.020667970180511475 0.011482950299978256 -0.012952979654073715
v 0.026042990386486053 0.010502990335226059 -0.01559894997626543
v -0.029565980657935143 0.010448990389704704 0.0
v -0.02719198912382126 0.01208799984306097 0.0
v -0.026683980599045753 0.011834969744086266 -0.00525397015735507
v -0.021963000297546387 0.010480989702045918 0.01973198913037777
v -0.017663000151515007 0.011482950299978256 0.016820959746837616
v -0.019861990585923195 0.011559960432350636 0.014155980199575424
v -0.019861990585923195 0.011559960432350636 0.014155980199575424
v -0.019862940534949303 0.011559960432350636 0.014150969684123993
v -0.021963000297546387 0.010480989702045918 0.01973198913037777
v -0.019862940534949303 0.011559960432350636 0.014150969684123993
v -0.019884999841451645 0.011565979570150375 0.014087970368564129
v -0.021963000297546387 0.010480989702045918 0.01973198913037777
v -0.018866950646042824 0.0 -0.02511996030807495
v -0.016045980155467987 0.0 -0.02782594971358776
v -0.015886960551142693 -0.007534979842603207 -0.02761596068739891
v -0.007180987857282162 -0.029276959598064423 0.026797950267791748
v 0.0 -0.029347000643610954 0.027578940615057945
v 0.0 -0.028809959068894386 0.02801400050520897
v -0.010013990104198456 0.00792699959129095 -0.02943396009504795
v -0.0026659960858523846 0.007328987121582031 -0.029752960428595543
v -0.0035409920383244753 0.0 -0.029918959364295006
v -0.025664979591965675 0.011781989596784115 0.0069779749028384686
v -0.020027989521622658 0.011621950194239616 0.013476960361003876
v -0.022186990827322006 0.011766970157623291 0.010119969956576824
v -0.020027989521622658 0.011621950194239616 0.013476960361003876
v -0.020150000229477882 0.011712959967553616 0.01242494024336338
v -0.020843980833888054 0.011770959943532944 0.011229990050196648
v -0.02190995030105114 0.011758980341255665 0.010434979572892189
v -0.020027989521622658 0.011621950194239616 0.013476960361003876
v -0.020843980833888054 0.011770959943532944 0.011229990050196648
v -0.020150000229477882 0.011712959967553616 0.01242494024336338
v -0.02015596069395542 0.011716959998011589 0.012377969920635223
v -0.0207819901406765 0.01176995038986206 0.011290960013866425
v -0.0207819901406765 0.01176995038986206 0.011290960013866425
v -0.020795999094843864 0.011770959943532944 0.011266940273344517
v -0.020843980833888054 0.011770959943532944 0.011229990050196648
v -0.02190995030105114 0.011758980341255665 0.010434979572892189
v -0.02192096970975399 0.011759989894926548 0.010421990416944027
v -0.022186990827322006 0.011766970157623291 0.010119969956576824
v -0.0207819901406765 0.01176995038986206 0.011290960013866425
v -0.020843980833888054 0.011770959943532944 0.011229990050196648
v -0.020150000229477882 0.011712959967553616 0.01242494024336338
v -0.023528989404439926 0.011937970295548439 0.007185995113104582
v -0.023564990609884262 0.011936959810554981 0.007165967952460051
v -0.0236279908567667 0.011931000277400017 0.007171988021582365
v -0.02228998951613903 0.01178395003080368 0.00985497236251831
v -0.02351200021803379 0.011936959810554981 0.007210968993604183
v -0.0236279908567667 0.011931000277400017 0.007171988021582365
v -0.02351200021803379 0.011936959810554981 0.007210968993604183
v -0.023528989404439926 0.011937970295548439 0.007185995113104582
v -0.0236279908567667 0.011931000277400017 0.007171988021582365
v -0.022186990827322006 0.011766970157623291 0.010119969956576824
v -0.02228998951613903 0.01178395003080368 0.00985497236251831
v -0.025664979591965675 0.011781989596784115 0.0069779749028384686
v -0.025664979591965675 0.011781989596784115 0.0069779749028384686
v -0.02228998951613903 0.01178395003080368 0.00985497236251831
v -0.0236279908567667 0.011931000277400017 0.007171988021582365
v -0.023893950507044792 0.010448990389704704 -0.017431970685720444
v -0.02197498083114624 0.01047694031149149 -0.01974296011030674
v -0.02213096059858799 0.010214979760348797 -0.019882969558238983
v -0.024633999913930893 0.007328987121582031 -0.017040960490703583
v -0.026302989572286606 0.007328987121582031 -0.014158960431814194
v -0.026277000084519386 0.010233989916741848 -0.013946950435638428
v -0.026176979765295982 -0.007328987121582031 0.014391000382602215
v -0.025604959577322006 -0.018092980608344078 0.014075989834964275
v -0.021299950778484344 -0.018092980608344078 0.020001940429210663
v -0.019884999841451645 0.011565979570150375 0.014087970368564129
v -0.017663000151515007 0.011482950299978256 0.016820959746837616
v -0.020027989521622658 0.011621950194239616 0.013476960361003876
v -0.017663000151515007 0.011482950299978256 0.016820959746837616
v -0.015107979997992516 0.011482950299978256 0.019148999825119972
v -0.020027989521622658 0.011621950194239616 0.013476960361003876
v 0.0 -0.028809959068894386 -0.02801400050520897
v -0.0018349880119785666 -0.018092980608344078 -0.02916097082197666
v 0.0054749841801822186 -0.018092980608344078 -0.028701959177851677
v -0.026302989572286606 0.007328987121582031 0.014158960431814194
v -0.027182990685105324 0.010281980037689209 0.012056940235197544
v -0.02896595001220703 0.007328987121582031 0.007300972007215023
v -0.010013990104198456 0.0 -0.029850000515580177
v -0.0035409920383244753 0.0 -0.029918959364295006
v -0.0018759960075840354 -0.007328987121582031 -0.029812989756464958
v -0.010013990104198456 -0.007534979842603207 -0.029586970806121826
v -0.009029983542859554 0.011482950299978256 0.022659000009298325
v -0.0018599620088934898 0.011601979844272137 0.024169979616999626
v -0.0012639759806916118 0.011634940281510353 0.023912960663437843
v -0.007250964175909758 -0.028809959068894386 -0.027059970423579216
v -0.013111939653754234 -0.007534979842603207 -0.029080979526042938
v -0.010013990104198456 -0.007534979842603207 -0.029586970806121826
v -0.023239970207214355 0.0 0.019171949476003647
v -0.026302989572286606 0.007328987121582031 0.014158960431814194
v -0.02807294949889183 0.0 0.010935960337519646
v -0.010173969902098179 0.010434979572892189 -0.02779597043991089
v -0.016566989943385124 0.010448990389704704 -0.024483969435095787
v -0.01219599973410368 0.011482950299978256 -0.02112399972975254
v 0.07279098033905029 -0.00718998908996582 -0.027081960812211037
v 0.07291901111602783 -0.01408499013632536 -0.026497000828385353
v 0.019701950252056122 -0.0076589579693973064 -0.027047989889979362
v 0.07291901111602783 -0.01408499013632536 -0.026497000828385353
v 0.018666980788111687 -0.011585949920117855 -0.026788940653204918
v 0.019701950252056122 -0.0076589579693973064 -0.027047989889979362
v 0.017832990735769272 -0.02006595954298973 0.02496498078107834
v 0.017991000786423683 -0.020310990512371063 0.024862999096512794
v 0.018228940665721893 -0.020532960072159767 0.02477096952497959
v 0.07133995741605759 0.0 0.027369970455765724
v 0.07431095093488693 0.0 0.027369970455765724
v 0.07133597135543823 5.8999998145736754e-05 0.027366990223526955
v 0.07431095093488693 0.0 0.027369970455765724
v 0.07263296097517014 0.002927958033978939 0.027240989729762077
v 0.07133597135543823 5.8999998145736754e-05 0.027366990223526955
v 0.07263296097517014 0.002927958033978939 0.027240989729762077
v 0.07242094725370407 0.0032979839015752077 0.027215000241994858
v 0.07133597135543823 5.8999998145736754e-05 0.027366990223526955
v 0.01619195006787777 -0.016788000240921974 0.025937970727682114
v 0.07315199822187424 -0.020542969927191734 0.02481894940137863
v 0.0729469582438469 -0.01408499013632536 0.026497000828385353
v 0.014779980294406414 0.010220999829471111 -0.026898980140686035
v 0.014779980294406414 0.010433970019221306 -0.02674596942961216
v 0.0725509524345398 0.010437959805130959 -0.02674799971282482
v 0.07437998056411743 -0.02462898939847946 0.022004960104823112
v 0.07431899756193161 -0.02452296018600464 -0.004753946792334318
v 0.07476495951414108 -0.02450799010694027 -0.004767000209540129
v 0.07448195666074753 -0.0242189709097147 0.023204980418086052
v 0.07328294962644577 -0.024060960859060287 0.02329397015273571
v 0.07458894699811935 -0.02428697980940342 0.023166000843048096
v 0.07328294962644577 -0.024060960859060287 0.02329397015273571
v 0.02044898085296154 -0.024187980219721794 0.023160990327596664
v 0.07469999045133591 -0.024368999525904655 0.023118970915675163
v 0.07448195666074753 -0.0242189709097147 0.023204980418086052
v 0.07458894699811935 -0.02428697980940342 0.023166000843048096
v 0.07457195967435837 -0.02427195943892002 0.0231739804148674
v 0.07469999045133591 -0.024368999525904655 0.023118970915675163
v 0.07458894699811935 -0.02428697980940342 0.023166000843048096
v 0.07328294962644577 -0.024060960859060287 0.02329397015273571
v 0.07315199822187424 -0.020542969927191734 0.02481894940137863
v 0.07328294962644577 -0.024060960859060287 0.02329397015273571
v 0.07448195666074753 -0.0242189709097147 0.023204980418086052
v 0.07448195666074753 -0.0242189709097147 0.023204980418086052
v 0.075640968978405 -0.024371979758143425 0.023117950186133385
v 0.07315199822187424 -0.020542969927191734 0.02481894940137863
v 0.075640968978405 -0.024371979758143425 0.023117950186133385
v 0.07550597190856934 -0.024629950523376465 0.02262997068464756
v 0.07476495951414108 -0.02450799010694027 -0.004767000209540129
v 0.07476495951414108 -0.02450799010694027 -0.004767000209540129
v 0.07464498281478882 -0.024506980553269386 -0.00922697689384222
v 0.075640968978405 -0.024371979758143425 0.023117950186133385
v 0.07507698982954025 0.006270945072174072 0.024378949776291847
v 0.07431095093488693 0.0 0.027369970455765724
v 0.07548797130584717 0.0 0.026451999321579933
v 0.07568299025297165 -0.0019999740179628134 0.0262259803712368
v 0.07568197697401047 0.0 0.02629994973540306
v 0.07548797130584717 0.0 0.026451999321579933
v 0.07508199661970139 0.00829994585365057 0.01983593963086605
v 0.07508599013090134 0.00829994585365057 0.02075600065290928
v 0.07568197697401047 0.0 0.02629994973540306
v 0.07568197697401047 0.0 0.02629994973540306
v 0.07531899213790894 0.004268943797796965 0.009343980811536312
v 0.0750729963183403 0.00827097799628973 0.016972949728369713
v 0.07531899213790894 0.004268943797796965 0.009343980811536312
v 0.07528995722532272 0.004698990844190121 0.009550987742841244
v 0.07506299018859863 0.00829994585365057 0.015105959959328175
v 0.0750729963183403 0.00827097799628973 0.016972949728369713
v 0.07531899213790894 0.004268943797796965 0.009343980811536312
v 0.07506299018859863 0.00829994585365057 0.015105959959328175
v 0.07528995722532272 0.004698990844190121 0.009550987742841244
v 0.0752829909324646 0.0048059821128845215 0.009570956230163574
v 0.07527697086334229 0.004883944056928158 0.009602962993085384
v 0.07527101039886475 0.004982947837561369 0.00960397720336914
v 0.07520394772291183 0.00595200015231967 0.009620963595807552
v 0.0751909613609314 0.006137967109680176 0.009672999382019043
v 0.07528995722532272 0.004698990844190121 0.009550987742841244
v 0.07527697086334229 0.004883944056928158 0.009602962993085384
v 0.07506299018859863 0.00829994585365057 0.015105959959328175
v 0.07527697086334229 0.004883944056928158 0.009602962993085384
v 0.07527101039886475 0.004982947837561369 0.00960397720336914
v 0.07505500316619873 0.008272944949567318 0.012478940188884735
v 0.07527101039886475 0.004982947837561369 0.00960397720336914
v 0.0751909613609314 0.006137967109680176 0.009672999382019043
v 0.07505500316619873 0.008272944949567318 0.012478940188884735
v 0.0751909613609314 0.006137967109680176 0.009672999382019043
v 0.0751519724726677 0.006702959071844816 0.0097159743309021
v 0.07513897866010666 0.006899951957166195 0.009874998591840267
v 0.07508999109268188 0.007635951042175293 0.010423949919641018
v 0.07507497072219849 0.007867990992963314 0.010492979548871517
v 0.07506698369979858 0.00799095630645752 0.010783970355987549
v 0.0751909613609314 0.006137967109680176 0.009672999382019043
v 0.07513897866010666 0.006899951957166195 0.009874998591840267
v 0.07508999109268188 0.007635951042175293 0.010423949919641018
v 0.0750809907913208 0.00829994585365057 0.01956694945693016
v 0.07508199661970139 0.00829994585365057 0.01983593963086605
v 0.07568197697401047 0.0 0.02629994973540306
v 0.07507497072219849 0.00827097799628973 0.017457960173487663
v 0.0750809907913208 0.00829994585365057 0.01956694945693016
v 0.07568197697401047 0.0 0.02629994973540306
v 0.0751909613609314 0.006137967109680176 0.009672999382019043
v 0.07508999109268188 0.007635951042175293 0.010423949919641018
v 0.07505898922681808 0.008140981197357178 0.01125096995383501
v 0.07508999109268188 0.007635951042175293 0.010423949919641018
v 0.07506698369979858 0.00799095630645752 0.010783970355987549
v 0.07505898922681808 0.008140981197357178 0.01125096995383501
v 0.07505898922681808 0.008140981197357178 0.01125096995383501
v 0.07505196332931519 0.008269964717328548 0.01167398039251566
v 0.07505500316619873 0.008272944949567318 0.012478940188884735
v 0.07505898922681808 0.008274972438812256 0.013677950017154217
v 0.07506299018859863 0.00829994585365057 0.015105959959328175
v 0.07527697086334229 0.004883944056928158 0.009602962993085384
v 0.07505898922681808 0.008140981197357178 0.01125096995383501
v 0.07505500316619873 0.008272944949567318 0.012478940188884735
v 0.0751909613609314 0.006137967109680176 0.009672999382019043
v 0.07505500316619873 0.008272944949567318 0.012478940188884735
v 0.07505898922681808 0.008274972438812256 0.013677950017154217
v 0.07527697086334229 0.004883944056928158 0.009602962993085384
v 0.07495898008346558 0.00849997904151678 -0.00746494485065341
v 0.07495898008346558 0.00849997904151678 0.00746494485065341
v 0.07508199661970139 0.00829994585365057 0.01983593963086605
v 0.07495898008346558 0.00849997904151678 0.00746494485065341
v 0.07507698982954025 0.008313952945172787 0.01983593963086605
v 0.07508199661970139 0.00829994585365057 0.01983593963086605
v 0.060847990214824677 0.010441949591040611 -0.02672594040632248
v 0.019378960132598877 0.010498999617993832 -0.023185959085822105
v 0.019388969987630844 0.010498999617993832 -0.0231779795140028
v 0.07495898008346558 0.00849997904151678 -0.00746494485065341
v 0.0743749663233757 0.00889897346496582 0.007439970038831234
v 0.07508599013090134 0.00829994585365057 0.02075600065290928
v 0.07507698982954025 0.008313952945172787 0.01983593963086605
v 0.07507698982954025 0.008313952945172787 0.01983593963086605
v 0.07495898008346558 0.00849997904151678 0.00746494485065341
v 0.0743749663233757 0.00889897346496582 0.007439970038831234
v 0.07495898008346558 0.00849997904151678 0.00746494485065341
v 0.07391095161437988 0.009342968463897705 -0.007421969901770353
v 0.0743749663233757 0.00889897346496582 0.007439970038831234
v 0.07391095161437988 0.009342968463897705 -0.007421969901770353
v 0.0725509524345398 0.010437959805130959 -0.02674799971282482
v 0.07358299940824509 0.00956797506660223 -0.007415949832648039
v 0.07352995127439499 0.008833943866193295 0.022255949676036835
v 0.07508599013090134 0.00829994585365057 0.02075600065290928
v 0.073527991771698 0.00883698370307684 0.022177990525960922
v 0.07508599013090134 0.00829994585365057 0.02075600065290928
v 0.07417798042297363 0.008971989154815674 0.00743597699329257
v 0.07323300093412399 0.009319961071014404 0.007413982879370451
v 0.07508599013090134 0.00829994585365057 0.02075600065290928
v 0.07347296923398972 0.00845098402351141 0.023845970630645752
v 0.0750809907913208 0.007757960818707943 0.02283197082579136
v 0.07352995127439499 0.008833943866193295 0.022255949676036835
v 0.0750809907913208 0.007757960818707943 0.02283197082579136
v 0.07508599013090134 0.00829994585365057 0.02075600065290928
v 0.07352995127439499 0.008833943866193295 0.022255949676036835
v 0.07325296849012375 0.007493971846997738 0.025074949488043785
v 0.07507698982954025 0.006270945072174072 0.024378949776291847
v 0.07347296923398972 0.00845098402351141 0.023845970630645752
v 0.07507698982954025 0.006270945072174072 0.024378949776291847
v 0.0750809907913208 0.007757960818707943 0.02283197082579136
v 0.07347296923398972 0.00845098402351141 0.023845970630645752
v 0.07242398709058762 0.003617942100390792 0.02715498022735119
v 0.07431095093488693 0.0 0.027369970455765724
v 0.07507698982954025 0.006270945072174072 0.024378949776291847
v 0.07507698982954025 0.006270945072174072 0.024378949776291847
v 0.07325296849012375 0.007493971846997738 0.025074949488043785
v 0.07257299870252609 0.004783987067639828 0.026593979448080063
v 0.07257299870252609 0.004783987067639828 0.026593979448080063
v 0.07245098799467087 0.004220962058752775 0.026897959411144257
v 0.07507698982954025 0.006270945072174072 0.024378949776291847
v 0.06887000054121017 0.010433970019221306 0.02674894966185093
v 0.06845294684171677 0.010220999829471111 0.026900939643383026
v 0.07242398709058762 0.003617942100390792 0.02715498022735119
v 0.06845294684171677 0.010220999829471111 0.026900939643383026
v 0.07242094725370407 0.0032979839015752077 0.027215000241994858
v 0.07242398709058762 0.003617942100390792 0.02715498022735119
v 0.0725509524345398 0.010219990275800228 -0.02690695971250534
v 0.07255297154188156 0.006788969039916992 -0.027100980281829834
v 0.015507989563047886 0.008694945834577084 -0.026995949447155
v 0.060847990214824677 0.010440940037369728 0.02672594040632248
v 0.05609995126724243 0.010468949563801289 0.02510696090757847
v 0.0417899414896965 0.01049994956701994 0.02022694982588291
v 0.019024960696697235 0.010498999617993832 0.020362969487905502
v 0.018660960718989372 0.010494939982891083 0.02087496966123581
v 0.015356950461864471 -0.01430295966565609 0.02638298086822033
v 0.01619195006787777 -0.016788000240921974 0.025805950164794922
v 0.01619195006787777 -0.016788000240921974 0.025937970727682114
v 0.07495999336242676 0.0073659420013427734 -0.010122000239789486
v 0.07495898008346558 0.00849997904151678 -0.00746494485065341
v 0.07496798038482666 0.007155953906476498 -0.010035989806056023
v 0.07495898008346558 0.00849997904151678 -0.00746494485065341
v 0.07517098635435104 0.006010949146002531 0.002422987949103117
v 0.07516597956418991 0.0038299560546875 -0.0032069680746644735
v 0.07496798038482666 0.007155953906476498 -0.010035989806056023
v 0.07495898008346558 0.00849997904151678 -0.00746494485065341
v 0.07501094788312912 0.005984961055219173 -0.009652972221374512
v 0.07517098635435104 0.006010949146002531 0.002422987949103117
v 0.07531899213790894 0.004268943797796965 0.009343980811536312
v 0.07532297819852829 0.003827989101409912 0.00860595703125
v 0.07531899213790894 0.004268943797796965 0.009343980811536312
v 0.07532297819852829 0.004115997813642025 0.009269951842725277
v 0.0753219723701477 0.004098950885236263 0.00919497013092041
v 0.0753219723701477 0.004098950885236263 0.00919497013092041
v 0.07532297819852829 0.003827989101409912 0.00860595703125
v 0.07531899213790894 0.004268943797796965 0.009343980811536312
v 0.07532297819852829 0.003827989101409912 0.00860595703125
v 0.07516597956418991 0.0038299560546875 -0.0032069680746644735
v 0.07517098635435104 0.006010949146002531 0.002422987949103117
v 0.07501094788312912 0.005984961055219173 -0.009652972221374512
v 0.07495898008346558 0.00849997904151678 -0.00746494485065341
v 0.07505898922681808 0.004834949038922787 -0.008830963633954525
v 0.07504098862409592 0.005198955070227385 -0.009281991980969906
v 0.07502198219299316 0.005663990043103695 -0.009571968577802181
v 0.07501094788312912 0.005984961055219173 -0.009652972221374512
v 0.07505898922681808 0.004834949038922787 -0.008830963633954525
v 0.07504098862409592 0.005198955070227385 -0.009281991980969906
v 0.07501094788312912 0.005984961055219173 -0.009652972221374512
v 0.07516597956418991 0.0038299560546875 -0.0032069680746644735
v 0.07514195889234543 0.0038299560546875 -0.005035995971411467
v 0.07495898008346558 0.00849997904151678 -0.00746494485065341
v 0.07514195889234543 0.0038299560546875 -0.005035995971411467
v 0.0751369521021843 0.003858983051031828 -0.005298972129821777
v 0.07495898008346558 0.00849997904151678 -0.00746494485065341
v 0.0751369521021843 0.003858983051031828 -0.005298972129821777
v 0.0751369521021843 0.0038529629819095135 -0.005335986148566008
v 0.07512497156858444 0.003994940780103207 -0.005915998946875334
v 0.07512497156858444 0.003994940780103207 -0.005915998946875334
v 0.07505898922681808 0.004834949038922787 -0.008830963633954525
v 0.07495898008346558 0.00849997904151678 -0.00746494485065341
v 0.07505898922681808 0.004834949038922787 -0.008830963633954525
v 0.07505594938993454 0.004877984058111906 -0.008911967277526855
v 0.07504098862409592 0.005198955070227385 -0.009281991980969906
v 0.07505594938993454 0.004877984058111906 -0.008911967277526855
v 0.07504694908857346 0.005043982993811369 -0.009209989570081234
v 0.07504098862409592 0.005198955070227385 -0.009281991980969906
v 0.0725509524345398 0.010437959805130959 -0.02674799971282482
v 0.07495898008346558 0.00849997904151678 -0.00746494485065341
v 0.07495999336242676 0.0073659420013427734 -0.010122000239789486
v 0.07568299025297165 -0.0019999740179628134 0.0262259803712368
v 0.075640968978405 -0.024371979758143425 0.023117950186133385
v 0.07427798956632614 -0.024451969191432 -0.02279496006667614
v 0.07427798956632614 -0.024451969191432 -0.02279496006667614
v 0.07491999119520187 -0.002058981917798519 -0.026279980316758156
v 0.07568299025297165 -0.0019999740179628134 0.0262259803712368
v 0.07491999119520187 -0.002058981917798519 -0.026279980316758156
v 0.07496196031570435 -0.0006939999875612557 -0.026298990473151207
v 0.07568299025297165 -0.0019999740179628134 0.0262259803712368
v 0.0436059795320034 0.010466990061104298 -0.019808940589427948
v 0.02226400002837181 0.01049994956701994 -0.021122990176081657
v 0.026042990386486053 0.010502990335226059 -0.01559894997626543
v 0.026042990386486053 0.010502990335226059 -0.01559894997626543
v 0.027640990912914276 0.01050496008247137 -0.013216969557106495
v 0.027668949216604233 0.01049994956701994 -0.013224950060248375
v 0.027668949216604233 0.01049994956701994 -0.013224950060248375
v 0.027707990258932114 0.01049994956701994 -0.013236990198493004
v 0.026042990386486053 0.010502990335226059 -0.01559894997626543
v 0.027707990258932114 0.01049994956701994 -0.013236990198493004
v 0.027713000774383545 0.010503940284252167 -0.013238959945738316
v 0.026042990386486053 0.010502990335226059 -0.01559894997626543
v 0.027713000774383545 0.010503940284252167 -0.013238959945738316
v 0.038994960486888885 0.01049994956701994 -0.013236990198493004
v 0.026042990386486053 0.010502990335226059 -0.01559894997626543
v 0.038994960486888885 0.01049994956701994 -0.013236990198493004
v 0.0400349386036396 0.010490000247955322 -0.013655959628522396
v 0.0436059795320034 0.010466990061104298 -0.019808940589427948
v 0.026042990386486053 0.010502990335226059 -0.01559894997626543
v 0.045175958424806595 0.010465970262885094 -0.01572597026824951
v 0.04534995183348656 0.010465970262885094 -0.015796000137925148
v 0.04558097943663597 0.010481949895620346 -0.01588897965848446
v 0.04605894908308983 0.010466990061104298 -0.01608096994459629
v 0.0436059795320034 0.010466990061104298 -0.019808940589427948
v 0.0436059795320034 0.010466990061104298 -0.019808940589427948
v 0.04534995183348656 0.010465970262885094 -0.015796000137925148
v 0.04558097943663597 0.010481949895620346 -0.01588897965848446
v 0.0436059795320034 0.010466990061104298 -0.019808940589427948
v 0.05255597084760666 0.010469970293343067 -0.01869696006178856
v 0.05330996960401535 0.010472949594259262 -0.019000940024852753
v 0.05468194931745529 0.010472949594259262 -0.019821999594569206
v 0.05468194931745529 0.010472949594259262 -0.019821999594569206
v 0.014562959782779217 0.010437959805130959 0.026743939146399498
v 0.04134899005293846 0.0 0.027367940172553062
v 0.0727989599108696 -0.00718998908996582 0.027081960812211037
v 0.049998991191387177 0.0 0.02736896090209484
v 0.04134899005293846 0.0 0.027367940172553062
v 0.007250964175909758 -0.028809959068894386 -0.027059970423579216
v 0.01874995045363903 -0.013404959812760353 -0.026554999873042107
v 0.018490970134735107 -0.014267980121076107 -0.026443950831890106
v 0.007250964175909758 -0.028809959068894386 -0.027059970423579216
v 0.018490970134735107 -0.014267980121076107 -0.026443950831890106
v 0.018257969990372658 -0.01692396029829979 -0.025896960869431496
v 0.018773969262838364 -0.02007395029067993 -0.024962959811091423
v 0.01964998058974743 -0.021852970123291016 -0.024222970008850098
v 0.007250964175909758 -0.028809959068894386 -0.027059970423579216
v 0.02044898085296154 -0.02417694963514805 -0.023168979212641716
v 0.020055940374732018 -0.023464970290660858 -0.023552000522613525
v 0.07310497015714645 -0.020542969927191734 -0.02481894940137863
v 0.015234939754009247 -0.011427990160882473 0.026807960122823715
v 0.015187970362603664 -0.013358949683606625 0.02655898965895176
v 0.015356950461864471 -0.01430295966565609 0.026437990367412567
v 0.07279098033905029 -0.00718998908996582 -0.027081960812211037
v 0.020021969452500343 -0.003917992115020752 -0.02722495049238205
v 0.020052960142493248 -0.001567958970554173 -0.027305960655212402
v 0.020052960142493248 -0.001567958970554173 -0.027305960655212402
v 0.019343970343470573 0.0 -0.02736896090209484
v 0.0741029903292656 0.0 -0.027369970455765724
v 0.07409799098968506 -2.499999936844688e-05 -0.02736896090209484
v 0.07279098033905029 -0.00718998908996582 -0.027081960812211037
v 0.020052960142493248 -0.001567958970554173 -0.027305960655212402
v 0.02044898085296154 -0.024187980219721794 0.023160990327596664
v 0.07328294962644577 -0.024060960859060287 0.02329397015273571
v 0.07315199822187424 -0.020542969927191734 0.02481894940137863
v 0.02085297927260399 0.010482960380613804 -0.022131970152258873
v 0.02226400002837181 0.01049994956701994 -0.021122990176081657
v 0.02085297927260399 0.010482960380613804 -0.022131970152258873
v 0.019388969987630844 0.010498999617993832 -0.0231779795140028
v 0.019378960132598877 0.010498999617993832 -0.023185959085822105
v 0.014779980294406414 0.010433970019221306 -0.02674596942961216
v 0.01503795012831688 0.01049994956701994 -0.026281949132680893
v 0.014779980294406414 0.010433970019221306 -0.02674596942961216
v 0.01495795976370573 0.010493990033864975 -0.026365989819169044
v 0.01503795012831688 0.01049994956701994 -0.026281949132680893
v 0.019388969987630844 0.010498999617993832 -0.0231779795140028
v 0.019378960132598877 0.010498999617993832 -0.023185959085822105
v 0.016567999497056007 0.010599969886243343 -0.02476399950683117
v 0.016569970175623894 0.010600980371236801 -0.024760959669947624
v 0.01942198909819126 0.01049994956701994 -0.023153960704803467
v 0.016567999497056007 0.010599969886243343 -0.02476399950683117
v 0.01942198909819126 0.01049994956701994 -0.023153960704803467
v 0.019388969987630844 0.010498999617993832 -0.0231779795140028
v 0.019388969987630844 0.010498999617993832 -0.0231779795140028
v 0.01942198909819126 0.01049994956701994 -0.023153960704803467
v 0.0199469905346632 0.010481949895620346 -0.022778980433940887
v 0.07427798956632614 -0.024451969191432 -0.02279496006667614
v 0.02067594975233078 -0.024472950026392937 -0.022686950862407684
v 0.07427597045898438 -0.024214979261159897 -0.02318095974624157
v 0.02067594975233078 -0.024472950026392937 -0.022686950862407684
v 0.020674999803304672 -0.024471990764141083 -0.022688979282975197
v 0.07427597045898438 -0.024214979261159897 -0.02318095974624157
v 0.01964998058974743 -0.021852970123291016 -0.024222970008850098
v 0.018773969262838364 -0.02007395029067993 -0.024962959811091423
v 0.07310497015714645 -0.020542969927191734 -0.02481894940137863
v 0.025863999500870705 -0.024603959172964096 0.014816990122199059
v 0.024457989260554314 -0.02460700087249279 0.01822095923125744
v 0.02414095029234886 -0.029161980375647545 0.013937950134277344
v 0.018257969990372658 -0.01692396029829979 -0.025896960869431496
v 0.018490970134735107 -0.014267980121076107 -0.026443950831890106
v 0.07291901111602783 -0.01408499013632536 -0.026497000828385353
v 0.0727989599108696 -0.00718998908996582 0.027081960812211037
v 0.01621793955564499 -0.0072019691579043865 0.027076000347733498
v 0.01621996983885765 -0.007515965960919857 0.027055969461798668
v 0.01621996983885765 -0.007515965960919857 0.027055969461798668
v 0.015234939754009247 -0.011427990160882473 0.026807960122823715
v 0.0729469582438469 -0.01408499013632536 0.026497000828385353
v 0.027640990912914276 0.01050496008247137 -0.013216969557106495
v 0.026042990386486053 0.010502990335226059 -0.01559894997626543
v 0.020667970180511475 0.011482950299978256 -0.012952979654073715
v 0.02446597069501877 -0.024497980251908302 -0.018323950469493866
v 0.02067594975233078 -0.024472950026392937 -0.022686950862407684
v 0.07427798956632614 -0.024451969191432 -0.02279496006667614
v 0.02583896927535534 -0.024516990408301353 -0.014972980134189129
v 0.02446597069501877 -0.024497980251908302 -0.018323950469493866
v 0.07427798956632614 -0.024451969191432 -0.02279496006667614
v 0.027689989656209946 -0.024524979293346405 -0.010171939618885517
v 0.02583896927535534 -0.024516990408301353 -0.014972980134189129
v 0.07427798956632614 -0.024451969191432 -0.02279496006667614
v 0.02820098027586937 -0.024562949314713478 -0.007171988021582365
v 0.03997498005628586 -0.02453397959470749 -0.011164960451424122
v 0.02820098027586937 -0.024562949314713478 -0.007171988021582365
v 0.027871960774064064 -0.024547990411520004 -0.009700953029096127
v 0.027728969231247902 -0.024526000022888184 -0.010069959796965122
v 0.027689989656209946 -0.024524979293346405 -0.010171939618885517
v 0.07427798956632614 -0.024451969191432 -0.02279496006667614
v 0.027728969231247902 -0.024526000022888184 -0.010069959796965122
v 0.03997498005628586 -0.02453397959470749 -0.011164960451424122
v 0.027871960774064064 -0.024547990411520004 -0.009700953029096127
v 0.027728969231247902 -0.024526000022888184 -0.010069959796965122
v 0.07427798956632614 -0.024451969191432 -0.02279496006667614
v 0.06891000270843506 0.010441949591040611 -0.026502959430217743
v 0.019388969987630844 0.010498999617993832 -0.0231779795140028
v 0.03534096106886864 0.010485939681529999 -0.022585980594158173
v 0.019388969987630844 0.010498999617993832 -0.0231779795140028
v 0.02085297927260399 0.01049994956701994 -0.022131970152258873
v 0.03534096106886864 0.010485939681529999 -0.022585980594158173
v 0.03534096106886864 0.010485939681529999 -0.022585980594158173
v 0.0725509524345398 0.010437959805130959 -0.02674799971282482
v 0.07007794827222824 0.010455960407853127 -0.026471970602869987
v 0.016348950564861298 -0.017158979550004005 0.02571099065244198
v 0.01785098947584629 -0.020114000886678696 0.024923980236053467
v 0.017832990735769272 -0.02006595954298973 0.02496498078107834
v 0.07438600063323975 -0.024626970291137695 0.022630980238318443
v 0.02066498063504696 -0.024471990764141083 0.02270095981657505
v 0.0220409594476223 -0.02460997924208641 0.021209949627518654
v 0.07438098639249802 -0.024629950523376465 0.02259998954832554
v 0.07438796013593674 -0.02462898939847946 0.02259998954832554
v 0.07438796013593674 -0.024629950523376465 0.02259998954832554
v 0.07438600063323975 -0.024626970291137695 0.022630980238318443
v 0.0220409594476223 -0.02460997924208641 0.021209949627518654
v 0.07438098639249802 -0.024629950523376465 0.02259998954832554
v 0.01874995045363903 -0.013404959812760353 -0.026554999873042107
v 0.018666980788111687 -0.011585949920117855 -0.026788940653204918
v 0.07291901111602783 -0.01408499013632536 -0.026497000828385353
v 0.01964895986020565 -0.0218539796769619 0.024222970008850098
v 0.020045990124344826 -0.023465989157557487 0.023552950471639633
v 0.07315199822187424 -0.020542969927191734 0.02481894940137863
v 0.004230976104736328 0.010261950083076954 0.029395990073680878
v 0.01635395921766758 0.0070829978212714195 0.02707999013364315
v 0.016225989907979965 0.007283985149115324 0.02707194909453392
v 0.015382939949631691 0.008738993667066097 0.02699398063123226
v 0.01456694956868887 0.010220999829471111 0.02690397948026657
v 0.004230976104736328 0.010261950083076954 0.029395990073680878
v 0.07438098639249802 -0.024629950523376465 0.02259998954832554
v 0.0220409594476223 -0.02460997924208641 0.021209949627518654
v 0.024457989260554314 -0.02460700087249279 0.01822095923125744
v 0.07438098639249802 -0.024629950523376465 0.02259998954832554
v 0.024457989260554314 -0.02460700087249279 0.01822095923125744
v 0.025863999500870705 -0.024603959172964096 0.014816990122199059
v 0.07437998056411743 -0.024629950523376465 0.022556960582733154
v 0.07437998056411743 -0.024629950523376465 0.02256596088409424
v 0.07438098639249802 -0.024629950523376465 0.02259998954832554
v 0.02861594967544079 -0.0245849397033453 -0.0033909669145941734
v 0.07437998056411743 -0.02462898939847946 0.022004960104823112
v 0.028637999668717384 -0.024589000269770622 0.0034009809605777264
v 0.07437998056411743 -0.02462898939847946 0.022004960104823112
v 0.07437998056411743 -0.02462898939847946 0.02247196063399315
v 0.028198949992656708 -0.024595970287919044 0.007114945910871029
v 0.028637999668717384 -0.024589000269770622 0.0034009809605777264
v 0.07437998056411743 -0.02462898939847946 0.022004960104823112
v 0.028198949992656708 -0.024595970287919044 0.007114945910871029
v 0.07437998056411743 -0.024629950523376465 0.022556960582733154
v 0.07438098639249802 -0.024629950523376465 0.02259998954832554
v 0.025863999500870705 -0.024603959172964096 0.014816990122199059
v 0.07437998056411743 -0.02462898939847946 0.02247196063399315
v 0.07437998056411743 -0.024629950523376465 0.022556960582733154
v 0.028198949992656708 -0.024595970287919044 0.007114945910871029
v 0.028614990413188934 -0.024589000269770622 0.0033909669145941734
v 0.02861296944320202 -0.024589000269770622 0.003389954101294279
v 0.02861594967544079 -0.0245849397033453 -0.0033909669145941734
v 0.028620000928640366 -0.024589000269770622 0.003392993938177824
v 0.028614990413188934 -0.024589000269770622 0.0033909669145941734
v 0.02861594967544079 -0.0245849397033453 -0.0033909669145941734
v 0.07437998056411743 -0.024629950523376465 0.022556960582733154
v 0.025863999500870705 -0.024603959172964096 0.014816990122199059
v 0.027861950919032097 -0.024598950520157814 0.009670971892774105
v 0.028198949992656708 -0.024595970287919044 0.007114945910871029
v 0.028604980558156967 -0.024589000269770622 0.0033939480781555176
v 0.028637999668717384 -0.024589000269770622 0.0034009809605777264
v 0.07437998056411743 -0.024629950523376465 0.022556960582733154
v 0.027861950919032097 -0.024598950520157814 0.009670971892774105
v 0.028198949992656708 -0.024595970287919044 0.007114945910871029
v 0.035200949758291245 0.010512939654290676 0.017192000523209572
v 0.023374969139695168 0.010540960356593132 0.01383494958281517
v 0.03315097093582153 0.01049994956701994 0.01719795912504196
v 0.023374969139695168 0.010540960356593132 0.01383494958281517
v 0.023325970396399498 0.010540960356593132 0.013929960317909718
v 0.03315097093582153 0.01049994956701994 0.01719795912504196
v 0.023325970396399498 0.010540960356593132 0.013929960317909718
v 0.05609995126724243 0.010468949563801289 0.02510696090757847
v 0.03315097093582153 0.01049994956701994 0.01719795912504196
v 0.05609995126724243 0.010468949563801289 0.02510696090757847
v 0.060847990214824677 0.010440940037369728 0.02672594040632248
v 0.06887000054121017 0.010433970019221306 0.02674894966185093
v 0.03315097093582153 0.01049994956701994 0.01719795912504196
v 0.06887000054121017 0.010433970019221306 0.02674894966185093
v 0.04465394839644432 0.01049994956701994 0.01987498067319393
v 0.05609995126724243 0.010468949563801289 0.02510696090757847
v 0.0357239805161953 0.01049994956701994 0.017340000718832016
v 0.07469999045133591 -0.024368999525904655 0.023118970915675163
v 0.02044898085296154 -0.024187980219721794 0.023160990327596664
v 0.07438600063323975 -0.024626970291137695 0.022630980238318443
v 0.02044898085296154 -0.024187980219721794 0.023160990327596664
v 0.02066498063504696 -0.024471990764141083 0.02270095981657505
v 0.07438600063323975 -0.024626970291137695 0.022630980238318443
v 0.07438600063323975 -0.024626970291137695 0.022630980238318443
v 0.07439099997282028 -0.024626970291137695 0.022630980238318443
v 0.07469999045133591 -0.024368999525904655 0.023118970915675163
v 0.07439099997282028 -0.024626970291137695 0.022630980238318443
v 0.07440494745969772 -0.024626970291137695 0.022630980238318443
v 0.07469999045133591 -0.024368999525904655 0.023118970915675163
v 0.07550597190856934 -0.024629950523376465 0.02262997068464756
v 0.075640968978405 -0.024371979758143425 0.023117950186133385
v 0.07469999045133591 -0.024368999525904655 0.023118970915675163
v 0.01790595054626465 0.011482950299978256 -0.016562990844249725
v 0.014520999975502491 0.011599949561059475 -0.019594959914684296
v 0.0144879799336195 0.011601979844272137 -0.019614990800619125
v 0.0144879799336195 0.011601979844272137 -0.019614990800619125
v 0.014075989834964275 0.011625939980149269 -0.019863959401845932
v 0.01790595054626465 0.011482950299978256 -0.016562990844249725
v 0.02003997005522251 0.011566990055143833 -0.009080946445465088
v 0.012837939895689487 0.011719999834895134 -0.017802949994802475
v 0.006772994063794613 0.011820970103144646 -0.020782940089702606
v 0.012837939895689487 0.011719999834895134 -0.017802949994802475
v 0.00952595379203558 0.01177894975990057 -0.020018989220261574
v 0.007792949210852385 0.011805949732661247 -0.0205799899995327
v 0.006772994063794613 0.011820970103144646 -0.020782940089702606
v 0.012837939895689487 0.011719999834895134 -0.017802949994802475
v 0.007792949210852385 0.011805949732661247 -0.0205799899995327
v 0.006772994063794613 0.011820970103144646 -0.020782940089702606
v 0.006154953967779875 0.01182997040450573 -0.020986970514059067
v -0.021697990596294403 0.012068980373442173 0.002595961093902588
v 0.006154953967779875 0.01182997040450573 -0.020986970514059067
v -0.022200999781489372 0.012071959674358368 6.699999357806519e-05
v -0.021697990596294403 0.012068980373442173 0.002595961093902588
v -0.021697990596294403 0.012068980373442173 0.002595961093902588
v -0.021637970581650734 0.012070000171661377 0.00287794996984303
v 0.006772994063794613 0.011820970103144646 -0.020782940089702606
v -0.021637970581650734 0.012070000171661377 0.00287794996984303
v 0.008305965922772884 0.011851959861814976 0.020410949364304543
v 0.012850989587605 0.01177894975990057 0.017796989530324936
v 0.008305965922772884 0.011851959861814976 0.020410949364304543
v 0.00954294204711914 0.011834969744086266 0.02000999078154564
v 0.012850989587605 0.01177894975990057 0.017796989530324936
v 0.012850989587605 0.01177894975990057 0.017796989530324936
v 0.02215396985411644 0.01153193973004818 -0.0005859999801032245
v 0.02203994058072567 0.011525980196893215 -0.0016749500064179301
v -0.021637970581650734 0.012070000171661377 0.00287794996984303
v 0.012850989587605 0.01177894975990057 0.017796989530324936
v 0.006772994063794613 0.011820970103144646 -0.020782940089702606
v 0.02203994058072567 0.011525980196893215 -0.0016749500064179301
v 0.02085494063794613 0.011544999666512012 -0.007249950896948576
v 0.02016800083220005 0.011563950218260288 -0.008789955638349056
v 0.02016800083220005 0.011563950218260288 -0.008789955638349056
v 0.02003997005522251 0.011566990055143833 -0.009080946445465088
v 0.006772994063794613 0.011820970103144646 -0.020782940089702606
v 0.02203994058072567 0.011525980196893215 -0.0016749500064179301
v 0.02016800083220005 0.011563950218260288 -0.008789955638349056
v 0.012850989587605 0.01177894975990057 0.017796989530324936
v 0.024015959352254868 0.011482950299978256 -0.004265964031219482
v 0.02003997005522251 0.011566990055143833 -0.009080946445465088
v 0.02016800083220005 0.011563950218260288 -0.008789955638349056
v 0.024015959352254868 0.011482950299978256 -0.004265964031219482
v 0.02016800083220005 0.011563950218260288 -0.008789955638349056
v 0.02085494063794613 0.011544999666512012 -0.007249950896948576
v 0.02203994058072567 0.011525980196893215 -0.0016749500064179301
v 0.02215396985411644 0.01153193973004818 -0.0005859999801032245
v 0.024015959352254868 0.011482950299978256 -0.004265964031219482
v 0.00954294204711914 0.011834969744086266 0.02000999078154564
v 0.008305965922772884 0.011851959861814976 0.020410949364304543
v 0.010791949927806854 0.011833960190415382 0.021866969764232635
v -0.021697990596294403 0.012068980373442173 0.002595961093902588
v 0.008797942660748959 0.011751939542591572 -0.024931959807872772
v 0.008783996105194092 0.01175296027213335 -0.024892980232834816
v 0.010466990061104298 0.011743959970772266 -0.022018959745764732
v 0.008783996105194092 0.01175296027213335 -0.024892980232834816
v 0.008639991283416748 0.011771970428526402 -0.024424970149993896
v 0.010466990061104298 0.011743959970772266 -0.022018959745764732
v 0.008639991283416748 0.011771970428526402 -0.024424970149993896
v 0.008667944930493832 0.011808989569544792 -0.022852949798107147
v 0.010466990061104298 0.011743959970772266 -0.022018959745764732
v 0.010631970129907131 0.011738000437617302 -0.02194695919752121
v 0.010466990061104298 0.011743959970772266 -0.022018959745764732
v 0.010631970129907131 0.011738000437617302 -0.02194695919752121
v 0.008797942660748959 0.011751939542591572 -0.024931959807872772
v 0.010631970129907131 0.011738000437617302 -0.02194695919752121
v 0.00861894991248846 0.011743959970772266 -0.0255849901586771
v 0.008791983127593994 0.011750989593565464 -0.024956999346613884
v 0.020667970180511475 0.011482950299978256 -0.012952979654073715
v 0.014075989834964275 0.011625939980149269 -0.019863959401845932
v 0.010466990061104298 0.011743959970772266 -0.022018959745764732
v 0.014075989834964275 0.011625939980149269 -0.019863959401845932
v 0.010631970129907131 0.011738000437617302 -0.02194695919752121
v 0.010466990061104298 0.011743959970772266 -0.022018959745764732
v 0.0021869540214538574 0.011712959967553616 0.024261949583888054
v 0.002199946902692318 0.011712959967553616 0.02426600083708763
v 0.002209960948675871 0.014508959837257862 0.024214979261159897
v 0.07464498281478882 -0.024506980553269386 -0.00922697689384222
v 0.07430899143218994 -0.024505969136953354 -0.009183943271636963
v 0.07429897040128708 -0.024505969136953354 -0.013756990432739258
v -0.0022649760358035564 0.013284980319440365 -0.02167396992444992
v -0.002262949012219906 0.01181000005453825 -0.02170496992766857
v -0.0020849700085818768 0.013284980319440365 -0.021709969267249107
v -0.002262949012219906 0.01181000005453825 -0.02170496992766857
v -0.0011719459434971213 0.01183598954230547 -0.02192199043929577
v -0.0020849700085818768 0.013284980319440365 -0.021709969267249107
v -0.0011719459434971213 0.01183598954230547 -0.02192199043929577
v -0.0009089999948628247 0.01183598954230547 -0.02197396010160446
v -0.00130295695271343 0.013284980319440365 -0.02186495065689087
v 0.07505500316619873 0.008272944949567318 0.012478940188884735
v 0.09665297716856003 0.00829994585365057 0.012934979982674122
v 0.09493499249219894 0.00829994585365057 0.014652960002422333
v 0.005171954166144133 0.01173597015440464 -0.026672950014472008
v 0.004622994922101498 0.011736979708075523 -0.026434950530529022
v 0.004606962203979492 0.011738000437617302 -0.026420950889587402
v 0.004622994922101498 0.011736979708075523 -0.026434950530529022
v 0.00461196806281805 0.011736979708075523 -0.026429949328303337
v 0.004606962203979492 0.011738000437617302 -0.026420950889587402
v -0.02192497067153454 0.011750989593565464 -0.010424969717860222
v -0.02217596024274826 0.011757959611713886 -0.010132960043847561
v -0.022038990631699562 0.014519980177283287 -0.010236970148980618
v -0.002262949012219906 0.01173298992216587 0.021705979481339455
v -0.0022669429890811443 0.014524989761412144 0.021645959466695786
v -0.0015629519475623965 0.014241989701986313 0.021791990846395493
v -0.0022669429890811443 0.014524989761412144 0.021645959466695786
v -0.002262949012219906 0.01173298992216587 0.021705979481339455
v -0.004020988009870052 0.011692999862134457 0.021521979942917824
v -0.004020988009870052 0.011692999862134457 0.021521979942917824
v -0.006859958171844482 0.0168379507958889 0.021112969145178795
v -0.0031449790112674236 0.014966960065066814 0.021543970331549644
v 0.016111960634589195 0.0 0.02736896090209484
v 0.04134899005293846 0.0 0.027367940172553062
v 0.049998991191387177 0.0 0.02736896090209484
v 0.049998991191387177 0.0 0.02736896090209484
v 0.0727989599108696 -0.00718998908996582 0.027081960812211037
v 0.07132399082183838 -4.8000001697801054e-05 0.027367940172553062
v 0.049998991191387177 0.0 0.02736896090209484
v 0.07132399082183838 -4.8000001697801054e-05 0.027367940172553062
v 0.07131897658109665 -1.2000000424450263e-05 0.02736896090209484
v 0.07131797075271606 0.0 0.027370980009436607
v 0.016111960634589195 0.0 0.02736896090209484
v 0.049998991191387177 0.0 0.02736896090209484
v 0.006772994063794613 0.011849990114569664 0.0207819901406765
v 0.006754993926733732 0.013284980319440365 0.02074396051466465
v 0.007474957965314388 0.013284980319440365 0.020600970834493637
v -0.020150000229477882 0.011708970181643963 -0.01242494024336338
v -0.02015596069395542 0.011712959967553616 -0.012377969920635223
v -0.02008794993162155 0.015818949788808823 -0.012354959733784199
v 0.008305965922772884 0.011851959861814976 0.020410949364304543
v -0.021637970581650734 0.012070000171661377 0.00287794996984303
v 0.006772994063794613 0.011849990114569664 0.0207819901406765
v -0.021637970581650734 0.012070000171661377 0.00287794996984303
v -0.021286960691213608 0.012058969587087631 0.0045279860496521
v 0.006772994063794613 0.011849990114569664 0.0207819901406765
v -0.021286960691213608 0.012058969587087631 0.0045279860496521
v -0.02083395980298519 0.01204793993383646 0.006806969176977873
v 0.002533972030505538 0.011844989843666553 0.0218469500541687
v -0.02083395980298519 0.01204793993383646 0.006806969176977873
v -0.020799990743398666 0.012046989984810352 0.006967960856854916
v 0.002533972030505538 0.011844989843666553 0.0218469500541687
v 0.002533972030505538 0.011844989843666553 0.0218469500541687
v 0.005011974833905697 0.011845939792692661 0.021353960037231445
v 0.006772994063794613 0.011849990114569664 0.0207819901406765
v 0.006772994063794613 0.011849990114569664 0.0207819901406765
v 0.007783948909491301 0.011850950308144093 0.020580939948558807
v 0.008305965922772884 0.011851959861814976 0.020410949364304543
v 0.010791949927806854 0.011833960190415382 0.021866969764232635
v 0.008305965922772884 0.011851959861814976 0.020410949364304543
v 0.007783948909491301 0.011850950308144093 0.020580939948558807
v 0.007783948909491301 0.011850950308144093 0.020580939948558807
v 0.006772994063794613 0.011849990114569664 0.0207819901406765
v 0.0055849552154541016 0.011819000355899334 0.02379298023879528
v 0.006772994063794613 0.011849990114569664 0.0207819901406765
v 0.005011974833905697 0.011845939792692661 0.021353960037231445
v 0.0055849552154541016 0.011819000355899334 0.02379298023879528
v 0.005011974833905697 0.011845939792692661 0.021353960037231445
v 0.002533972030505538 0.011844989843666553 0.0218469500541687
v 0.0055849552154541016 0.011819000355899334 0.02379298023879528
v -0.001842975034378469 0.017726000398397446 0.024038970470428467
v -0.00191497802734375 0.011594950221478939 0.02419297955930233
v -0.0018599620088934898 0.011601979844272137 0.024169979616999626
v -0.0012639759806916118 0.011634940281510353 0.023912960663437843
v -0.0006719999946653843 0.011665989644825459 0.023657970130443573
v -0.0016979570500552654 0.01749294064939022 0.023980969563126564
v -0.001842975034378469 0.017726000398397446 0.024038970470428467
v -0.0018599620088934898 0.011601979844272137 0.024169979616999626
v -0.0016979570500552654 0.01749294064939022 0.023980969563126564
v -0.023310000076889992 0.011937970295548439 -0.007351994048804045
v -0.023652970790863037 0.013284980319440365 -0.007006943225860596
v -0.02336394041776657 0.013284980319440365 -0.007216989062726498
v 0.024388959631323814 0.011410949751734734 5.2999999752501026e-05
v 0.023730989545583725 0.025276949629187584 -0.004480957053601742
v 0.02415096014738083 0.025276949629187584 0.0
v 0.0743979811668396 -0.021248990669846535 -0.021319979801774025
v 0.0766260027885437 -0.02135198935866356 -0.02120094932615757
v 0.07627201080322266 -0.020663969218730927 -0.02204197086393833
v 0.0017989870393648744 0.011708970181643963 0.024137970060110092
v 0.0018159740138798952 0.01461797021329403 0.02408795990049839
v 0.001208961009979248 0.014715960249304771 0.023826949298381805
v 0.004601954948157072 0.013286939822137356 -0.026365989819169044
v 0.00461196806281805 0.011736979708075523 -0.026429949328303337
v 0.004606962203979492 0.011738000437617302 -0.026420950889587402
v 0.004606962203979492 0.011738000437617302 -0.026420950889587402
v 0.004397987853735685 0.013284980319440365 -0.025987980887293816
v 0.004547953139990568 0.013285989873111248 -0.026264959946274757
v 0.0034979579504579306 0.011808989569544792 -0.024190960451960564
v 0.0023299450986087322 0.011804989539086819 -0.024251990020275116
v 0.0029319520108401775 0.013284980319440365 -0.02417098917067051
v 0.01721297949552536 0.01157497987151146 0.017077980563044548
v 0.017854979261755943 0.011503989808261395 0.0166009608656168
v 0.012387990020215511 0.013776949606835842 0.020609969273209572
v 0.010731990449130535 0.013286939822137356 0.021863989531993866
v 0.010710950009524822 0.013286939822137356 0.02187996916472912
v 0.010791949927806854 0.011833960190415382 0.021866969764232635
v 0.01721297949552536 0.01157497987151146 0.017077980563044548
v 0.012387990020215511 0.013776949606835842 0.020609969273209572
v 0.017161959782242775 0.01157999038696289 0.01711595058441162
v 0.012387990020215511 0.013776949606835842 0.020609969273209572
v 0.010731990449130535 0.013286939822137356 0.021863989531993866
v 0.010791949927806854 0.011833960190415382 0.021866969764232635
v 0.017161959782242775 0.01157999038696289 0.01711595058441162
v 0.012387990020215511 0.013776949606835842 0.020609969273209572
v 0.015660999342799187 0.011643939651548862 0.018234960734844208
v 0.021232960745692253 0.01051895972341299 0.017256969586014748
v 0.018660960718989372 0.010494939982891083 0.02087496966123581
v 0.019024960696697235 0.010498999617993832 0.020362969487905502
v 0.0417899414896965 0.01049994956701994 0.02022694982588291
v 0.05609995126724243 0.010468949563801289 0.02510696090757847
v 0.023325970396399498 0.010540960356593132 0.013929960317909718
v 0.021232960745692253 0.01051895972341299 0.017256969586014748
v 0.021249940618872643 0.01049994956701994 0.017233960330486298
v 0.021232960745692253 0.01051895972341299 0.017256969586014748
v 0.0417899414896965 0.01049994956701994 0.02022694982588291
v 0.0417899414896965 0.01049994956701994 0.02022694982588291
v 0.023325970396399498 0.010540960356593132 0.013929960317909718
v 0.02263695001602173 0.010531960055232048 0.015282980166375637
v 0.07123696058988571 0.010440940037369728 -0.007655978202819824
v 0.07018399238586426 0.010437959805130959 0.007650970946997404
v 0.070872962474823 0.010186970233917236 0.007457971107214689
v 0.07143700122833252 0.010361960157752037 -0.007599948905408382
v 0.07143700122833252 0.010361960157752037 -0.007599948905408382
v 0.07123696058988571 0.010440940037369728 -0.007655978202819824
v 0.0710749626159668 0.01011394988745451 0.007406949065625668
v 0.07293695211410522 0.009804964065551758 -0.0074099889025092125
v 0.07123696058988571 0.010440940037369728 -0.007655978202819824
v 0.07123696058988571 0.010440940037369728 -0.007655978202819824
v 0.07143700122833252 0.010361960157752037 -0.007599948905408382
v 0.07293599098920822 0.009807944297790527 -0.007481991779059172
v 0.07293599098920822 0.009807944297790527 -0.007481991779059172
v -0.019903000444173813 0.017613939940929413 0.013596950098872185
v -0.020150000229477882 0.011712959967553616 0.01242494024336338
v -0.020027989521622658 0.011621950194239616 0.013476960361003876
v -0.020027989521622658 0.011621950194239616 0.013476960361003876
v -0.01999294012784958 0.011590950191020966 0.013775999657809734
v -0.019903000444173813 0.017613939940929413 0.013596950098872185
v 0.010461979545652866 0.013284980319440365 0.023073969408869743
v 0.010420969687402248 0.011819950304925442 0.022520000115036964
v 0.010383959859609604 0.013284980319440365 0.02289997972548008
v 0.010420969687402248 0.011819950304925442 0.022520000115036964
v 0.010418949648737907 0.011819950304925442 0.022514989599585533
v 0.010383959859609604 0.013284980319440365 0.02289997972548008
v -0.02217596024274826 0.011757959611713886 -0.010132960043847561
v -0.022186990827322006 0.011757959611713886 -0.010119969956576824
v -0.022152960300445557 0.014409950003027916 -0.01008498016744852
v 0.008383989334106445 0.013284980319440365 -0.023821940645575523
v 0.008365987800061703 0.01179599016904831 -0.023534949868917465
v 0.008385956287384033 0.013284980319440365 -0.023826949298381805
v 0.008365987800061703 0.01179599016904831 -0.023534949868917465
v 0.008639991283416748 0.011771970428526402 -0.024424970149993896
v 0.008385956287384033 0.013284980319440365 -0.023826949298381805
v 0.07440996170043945 -0.02230899967253208 -0.01826000027358532
v 0.015266000293195248 0.011659969575703144 -0.01587498001754284
v 0.014775989577174187 0.015109949745237827 -0.016049979254603386
v 0.014580960385501385 0.014988950453698635 -0.016184980049729347
v 0.0013599989470094442 0.011814950034022331 0.02208000048995018
v -0.020757969468832016 0.012039950117468834 0.0071639409288764
v -0.002262949012219906 0.01173298992216587 0.021705979481339455
v -0.020757969468832016 0.012039950117468834 0.0071639409288764
v -0.020428000018000603 0.011959959752857685 0.008722960017621517
v -0.01870495080947876 0.01186096016317606 0.011301989667117596
v -0.01870495080947876 0.01186096016317606 0.011301989667117596
v -0.017610959708690643 0.011805949732661247 0.012806950137019157
v -0.020757969468832016 0.012039950117468834 0.0071639409288764
v 0.0013599989470094442 0.011814950034022331 0.02208000048995018
v -0.002262949012219906 0.01173298992216587 0.021705979481339455
v -0.0008869999437592924 0.011756000109016895 0.021978970617055893
v -0.017610959708690643 0.011805949732661247 0.012806950137019157
v -0.016434960067272186 0.011738000437617302 0.014568979851901531
v -0.012397999875247478 0.011655979789793491 0.018010970205068588
v -0.016434960067272186 0.011738000437617302 0.014568979851901531
v -0.015385979786515236 0.011684950441122055 0.016013970598578453
v -0.012397999875247478 0.011655979789793491 0.018010970205068588
v -0.012397999875247478 0.011655979789793491 0.018010970205068588
v -0.010885000228881836 0.011648950167000294 0.018883999437093735
v -0.017610959708690643 0.011805949732661247 0.012806950137019157
v -0.010885000228881836 0.011648950167000294 0.018883999437093735
v -0.009388983249664307 0.011633990332484245 0.01988399028778076
v -0.004020988009870052 0.011692999862134457 0.021521979942917824
v -0.009388983249664307 0.011633990332484245 0.01988399028778076
v -0.00788795854896307 0.011626950465142727 0.020750990137457848
v -0.004020988009870052 0.011692999862134457 0.021521979942917824
v -0.004020988009870052 0.011692999862134457 0.021521979942917824
v -0.002262949012219906 0.01173298992216587 0.021705979481339455
v -0.010885000228881836 0.011648950167000294 0.018883999437093735
v -0.0008869999437592924 0.011756000109016895 0.021978970617055893
v 0.0009180000051856041 0.011796950362622738 0.022166959941387177
v 0.0013599989470094442 0.011814950034022331 0.02208000048995018
v -0.002262949012219906 0.01173298992216587 0.021705979481339455
v -0.020757969468832016 0.012039950117468834 0.0071639409288764
v -0.017610959708690643 0.011805949732661247 0.012806950137019157
v 0.006716966163367033 0.011759989894926548 0.025690969079732895
v 0.004188953898847103 0.011785980314016342 0.023987939581274986
v 0.006728947162628174 0.011757959611713886 0.025731980800628662
v 0.004188953898847103 0.011785980314016342 0.023987939581274986
v 0.002199946902692318 0.011712959967553616 0.02426600083708763
v 0.006728947162628174 0.011757959611713886 0.025731980800628662
v 0.002199946902692318 0.011712959967553616 0.02426600083708763
v 0.0021869540214538574 0.011712959967553616 0.024261949583888054
v 0.006728947162628174 0.011757959611713886 0.025731980800628662
v 0.007329999934881926 0.011753969825804234 0.026105990633368492
v 0.0067479610443115234 0.011757959611713886 0.02574199065566063
v 0.006728947162628174 0.011757959611713886 0.025731980800628662
v 0.0017989870393648744 0.011708970181643963 0.024137970060110092
v 0.000678999989759177 0.01170498039573431 0.023660000413656235
v -0.0012639759806916118 0.011634940281510353 0.023912960663437843
v 0.000678999989759177 0.01170498039573431 0.023660000413656235
v 0.0006409999914467335 0.01170498039573431 0.023643970489501953
v -0.0012639759806916118 0.011634940281510353 0.023912960663437843
v 0.006728947162628174 0.011757959611713886 0.025731980800628662
v 0.0021869540214538574 0.011712959967553616 0.024261949583888054
v 0.007329999934881926 0.011753969825804234 0.026105990633368492
v 0.0021869540214538574 0.011712959967553616 0.024261949583888054
v 0.0017989870393648744 0.011708970181643963 0.024137970060110092
v -0.0012639759806916118 0.011634940281510353 0.023912960663437843
v -0.0012639759806916118 0.011634940281510353 0.023912960663437843
v 0.007329999934881926 0.011753969825804234 0.026105990633368492
v 0.0021869540214538574 0.011712959967553616 0.024261949583888054
v -0.0006409999914467335 0.011667960323393345 0.023644980043172836
v -0.0006719999946653843 0.011665989644825459 0.023657970130443573
v -0.0006219999631866813 0.011667960323393345 0.023644980043172836
v -0.0006719999946653843 0.011665989644825459 0.023657970130443573
v -0.0012639759806916118 0.011634940281510353 0.023912960663437843
v -0.0006219999631866813 0.011667960323393345 0.023644980043172836
v 0.006716966163367033 0.011759989894926548 0.025690969079732895
v 0.006728947162628174 0.011757959611713886 0.025731980800628662
v 0.0067479610443115234 0.011757959611713886 0.02574199065566063
v 0.006486951839178801 0.011784969829022884 0.024988939985632896
v 0.0055849552154541016 0.011819000355899334 0.02379298023879528
v 0.004188953898847103 0.011785980314016342 0.023987939581274986
v 0.004188953898847103 0.011785980314016342 0.023987939581274986
v 0.0055849552154541016 0.011819000355899334 0.02379298023879528
v 0.002533972030505538 0.011844989843666553 0.0218469500541687
v 0.0013599989470094442 0.011814950034022331 0.02208000048995018
v 0.002533972030505538 0.011844989843666553 0.0218469500541687
v -0.020799990743398666 0.012046989984810352 0.006967960856854916
v 0.012387990020215511 0.013776949606835842 0.020609969273209572
v 0.017854979261755943 0.011503989808261395 0.0166009608656168
v 0.012795980088412762 0.013897949829697609 0.020303960889577866
v 0.017854979261755943 0.011503989808261395 0.0166009608656168
v 0.01790595054626465 0.011498980224132538 0.016562990844249725
v 0.017008960247039795 0.020969979465007782 0.017025940120220184
v 0.012795980088412762 0.013897949829697609 0.020303960889577866
v 0.017854979261755943 0.011503989808261395 0.0166009608656168
v 0.013389999978244305 0.014118960127234459 0.01985895074903965
v 0.01790595054626465 0.011498980224132538 0.016562990844249725
v 0.017728980630636215 0.025276949629187584 0.016398960724473
v 0.017087990418076515 0.021227000281214714 0.016961989924311638
v 0.01790595054626465 0.011498980224132538 0.016562990844249725
v 0.017087990418076515 0.021227000281214714 0.016961989924311638
v 0.017008960247039795 0.020969979465007782 0.017025940120220184
v 0.013389999978244305 0.014118960127234459 0.01985895074903965
v 0.017854979261755943 0.011503989808261395 0.0166009608656168
v 0.014073959551751614 0.014882979914546013 0.01933497004210949
v 0.07557796686887741 -0.021253999322652817 0.0212209802120924
v 0.07560396194458008 -0.02046697959303856 0.0221560001373291
v 0.07626897096633911 -0.020461969077587128 0.022159989923238754
v 0.02215396985411644 0.01153193973004818 -0.0005859999801032245
v 0.012850989587605 0.01177894975990057 0.017796989530324936
v 0.014671980403363705 0.011730959638953209 0.016268959268927574
v 0.012850989587605 0.01177894975990057 0.017796989530324936
v 0.013326999731361866 0.011766970157623291 0.017479000613093376
v 0.014671980403363705 0.011730959638953209 0.016268959268927574
v 0.014671980403363705 0.011730959638953209 0.016268959268927574
v 0.015257949940860271 0.011714990250766277 0.01587796024978161
v 0.015359990298748016 0.011712959967553616 0.015786999836564064
v 0.022038990631699562 0.011534979566931725 0.0016799559816718102
v 0.022214939817786217 0.011530989781022072 0.0
v 0.02215396985411644 0.01153193973004818 -0.0005859999801032245
v 0.02027595043182373 0.011581949889659882 0.008625984191894531
v 0.020966939628124237 0.011563950218260288 0.007075964938849211
v 0.020074959844350815 0.011587969958782196 0.008925974369049072
v 0.020966939628124237 0.011563950218260288 0.007075964938849211
v 0.022038990631699562 0.011534979566931725 0.0016799559816718102
v 0.020074959844350815 0.011587969958782196 0.008925974369049072
v 0.015359990298748016 0.011712959967553616 0.015786999836564064
v 0.019454000517725945 0.011603949591517448 0.01033794041723013
v 0.014671980403363705 0.011730959638953209 0.016268959268927574
v 0.019454000517725945 0.011603949591517448 0.01033794041723013
v 0.020074959844350815 0.011587969958782196 0.008925974369049072
v 0.014671980403363705 0.011730959638953209 0.016268959268927574
v 0.022038990631699562 0.011534979566931725 0.0016799559816718102
v 0.02215396985411644 0.01153193973004818 -0.0005859999801032245
v 0.014671980403363705 0.011730959638953209 0.016268959268927574
v 0.024015959352254868 0.011482950299978256 -0.004265964031219482
v 0.02215396985411644 0.01153193973004818 -0.0005859999801032245
v 0.022214939817786217 0.011530989781022072 0.0
v 0.024015959352254868 0.011482950299978256 -0.004265964031219482
v 0.022214939817786217 0.011530989781022072 0.0
v 0.024015959352254868 0.011482950299978256 0.004265964031219482
v 0.022214939817786217 0.011530989781022072 0.0
v 0.022038990631699562 0.011534979566931725 0.0016799559816718102
v 0.024015959352254868 0.011482950299978256 0.004265964031219482
v 0.020074959844350815 0.011587969958782196 0.008925974369049072
v 0.019454000517725945 0.011603949591517448 0.01033794041723013
v 0.02027595043182373 0.011581949889659882 0.008625984191894531
v 0.019454000517725945 0.011603949591517448 0.01033794041723013
v 0.024015959352254868 0.011482950299978256 0.004265964031219482
v 0.02027595043182373 0.011581949889659882 0.008625984191894531
v 0.020966939628124237 0.011563950218260288 0.007075964938849211
v 0.02027595043182373 0.011581949889659882 0.008625984191894531
v 0.024015959352254868 0.011482950299978256 0.004265964031219482
v -0.025664979591965675 0.011781989596784115 0.0069779749028384686
v -0.0236279908567667 0.011931000277400017 0.007171988021582365
v -0.025364989414811134 0.012086980044841766 0.004056990146636963
v -0.0236279908567667 0.011931000277400017 0.007171988021582365
v -0.023564990609884262 0.011936959810554981 0.007165967952460051
v -0.025364989414811134 0.012086980044841766 0.004056990146636963
v -0.020150000229477882 0.011712959967553616 0.01242494024336338
v -0.020027989521622658 0.011621950194239616 0.013476960361003876
v -0.015107979997992516 0.011482950299978256 0.019148999825119972
v -0.020795999094843864 0.011770959943532944 0.011266940273344517
v -0.0207819901406765 0.01176995038986206 0.011290960013866425
v -0.015107979997992516 0.011482950299978256 0.019148999825119972
v -0.0207819901406765 0.01176995038986206 0.011290960013866425
v -0.02015596069395542 0.011716959998011589 0.012377969920635223
v -0.015107979997992516 0.011482950299978256 0.019148999825119972
v -0.02015596069395542 0.011716959998011589 0.012377969920635223
v -0.020150000229477882 0.011712959967553616 0.01242494024336338
v -0.015107979997992516 0.011482950299978256 0.019148999825119972
v -0.025364989414811134 0.012086980044841766 0.004056990146636963
v -0.023564990609884262 0.011936959810554981 0.007165967952460051
v -0.023528989404439926 0.011937970295548439 0.007185995113104582
v -0.025364989414811134 0.012086980044841766 0.004056990146636963
v -0.023528989404439926 0.011937970295548439 0.007185995113104582
v -0.02351200021803379 0.011936959810554981 0.007210968993604183
v -0.02192096970975399 0.011759989894926548 0.010421990416944027
v -0.02190995030105114 0.011758980341255665 0.010434979572892189
v -0.020843980833888054 0.011770959943532944 0.011229990050196648
v -0.020795999094843864 0.011770959943532944 0.011266940273344517
v -0.015107979997992516 0.011482950299978256 0.019148999825119972
v -0.025364989414811134 0.012086980044841766 0.004056990146636963
v -0.022186990827322006 0.011766970157623291 0.010119969956576824
v -0.02192096970975399 0.011759989894926548 0.010421990416944027
v -0.02228998951613903 0.01178395003080368 0.00985497236251831
v -0.02192096970975399 0.011759989894926548 0.010421990416944027
v -0.020843980833888054 0.011770959943532944 0.011229990050196648
v -0.02228998951613903 0.01178395003080368 0.00985497236251831
v -0.020843980833888054 0.011770959943532944 0.011229990050196648
v -0.020795999094843864 0.011770959943532944 0.011266940273344517
v -0.02351200021803379 0.011936959810554981 0.007210968993604183
v -0.020795999094843864 0.011770959943532944 0.011266940273344517
v -0.025364989414811134 0.012086980044841766 0.004056990146636963
v -0.02351200021803379 0.011936959810554981 0.007210968993604183
v -0.019155969843268394 0.013285989873111248 0.010650989599525928
v -0.01870495080947876 0.01186096016317606 0.011301989667117596
v -0.019732950255274773 0.013284980319440365 0.009787975810468197
v -0.01870495080947876 0.01186096016317606 0.011301989667117596
v -0.020428000018000603 0.011959959752857685 0.008722960017621517
v -0.019732950255274773 0.013284980319440365 0.009787975810468197
v -0.020428000018000603 0.011959959752857685 0.008722960017621517
v -0.02039599046111107 0.013284980319440365 0.008822976611554623
v -0.020129969343543053 0.013284980319440365 0.009192942641675472
v 0.07464498281478882 -0.024506980553269386 -0.00922697689384222
v 0.07476495951414108 -0.02450799010694027 -0.004767000209540129
v 0.07430899143218994 -0.02450799010694027 -0.009183943271636963
v 0.07476495951414108 -0.02450799010694027 -0.004767000209540129
v 0.07431899756193161 -0.02452296018600464 -0.004753946792334318
v 0.07430899143218994 -0.02450799010694027 -0.009183943271636963
v 0.07430899143218994 -0.02450799010694027 -0.009183943271636963
v 0.0742979571223259 -0.024501970037817955 -0.014199970290064812
v 0.07464498281478882 -0.024506980553269386 -0.00922697689384222
v 0.0742979571223259 -0.024501970037817955 -0.014199970290064812
v 0.07450895756483078 -0.024501970037817955 -0.014249980449676514
v 0.07464498281478882 -0.024506980553269386 -0.00922697689384222
v 0.07629799097776413 -0.02187298983335495 0.020364990457892418
v -0.0011719459434971213 0.01183598954230547 -0.02192199043929577
v -0.02066498063504696 0.012037989683449268 -0.007527946960180998
v -0.020708970725536346 0.012041980400681496 -0.0073049659840762615
v -0.020708970725536346 0.012041980400681496 -0.0073049659840762615
v 0.0005489999894052744 0.011836940422654152 -0.022134000435471535
v -0.0011719459434971213 0.01183598954230547 -0.02192199043929577
v 0.0017999409465119243 0.011805949732661247 -0.02413593977689743
v -0.0011719459434971213 0.01183598954230547 -0.02192199043929577
v -0.0009089999948628247 0.01183598954230547 -0.02197396010160446
v -0.0009089999948628247 0.01183598954230547 -0.02197396010160446
v 0.0005489999894052744 0.011836940422654152 -0.022134000435471535
v 0.0017999409465119243 0.011805949732661247 -0.02413593977689743
v 0.0005489999894052744 0.011836940422654152 -0.022134000435471535
v 0.0034979579504579306 0.011808989569544792 -0.024190960451960564
v 0.001818954013288021 0.011805949732661247 -0.024141959846019745
v 0.001818954013288021 0.011805949732661247 -0.024141959846019745
v 0.020667970180511475 0.011482950299978256 0.012952979654073715
v 0.01721297949552536 0.01157497987151146 0.017077980563044548
v 0.017854979261755943 0.011503989808261395 0.0166009608656168
v 0.017854979261755943 0.011503989808261395 0.0166009608656168
v 0.01790595054626465 0.011498980224132538 0.016562990844249725
v 0.017908990383148193 0.011498980224132538 0.016558999195694923
v 0.006219983100891113 0.011805949732661247 0.02417498081922531
v 0.006227970123291016 0.011804989539086819 0.024184999987483025
v 0.006435989867895842 0.013284980319440365 0.02424997091293335
v 0.041525948792696 0.010465970262885094 -0.019310949370265007
v 0.0436059795320034 0.010466990061104298 -0.019808940589427948
v 0.04735796898603439 0.010468949563801289 -0.019156990572810173
v 0.0436059795320034 0.010466990061104298 -0.019808940589427948
v 0.05468194931745529 0.010472949594259262 -0.019821999594569206
v 0.04735796898603439 0.010468949563801289 -0.019156990572810173
v 0.05468194931745529 0.010472949594259262 -0.019821999594569206
v 0.055350951850414276 0.010465970262885094 -0.019822949543595314
v 0.05330996960401535 0.010472949594259262 -0.019000940024852753
v 0.05330996960401535 0.010472949594259262 -0.019000940024852753
v 0.05255597084760666 0.010469970293343067 -0.01869696006178856
v 0.04735796898603439 0.010468949563801289 -0.019156990572810173
v 0.0436059795320034 0.010466990061104298 -0.019808940589427948
v 0.04735796898603439 0.010468949563801289 -0.019156990572810173
v 0.0725509524345398 0.010437959805130959 -0.02674799971282482
v 0.04735796898603439 0.010468949563801289 -0.019156990572810173
v 0.05255597084760666 0.010469970293343067 -0.01869696006178856
v 0.0725509524345398 0.010437959805130959 -0.02674799971282482
v 0.05759197100996971 0.01045995019376278 -0.009640990756452084
v 0.07123696058988571 0.010440940037369728 -0.007655978202819824
v 0.05659794062376022 0.010461979545652866 -0.0120769701898098
v 0.07123696058988571 0.010440940037369728 -0.007655978202819824
v 0.0725509524345398 0.010437959805130959 -0.02674799971282482
v 0.05659794062376022 0.010461979545652866 -0.0120769701898098
v 0.0400349386036396 0.010490000247955322 -0.013655959628522396
v 0.038994960486888885 0.01049994956701994 -0.013236990198493004
v 0.05659794062376022 0.010461979545652866 -0.0120769701898098
v 0.0725509524345398 0.010437959805130959 -0.02674799971282482
v 0.05659794062376022 0.010461979545652866 -0.0120769701898098
v 0.04605894908308983 0.010466990061104298 -0.01608096994459629
v 0.04558097943663597 0.010481949895620346 -0.01588897965848446
v 0.05659794062376022 0.010461979545652866 -0.0120769701898098
v 0.04558097943663597 0.010481949895620346 -0.01588897965848446
v 0.04534995183348656 0.010465970262885094 -0.015796000137925148
v 0.05659794062376022 0.010461979545652866 -0.0120769701898098
v 0.05659794062376022 0.010461979545652866 -0.0120769701898098
v 0.0725509524345398 0.010437959805130959 -0.02674799971282482
v 0.07018399238586426 0.010437959805130959 0.007650970946997404
v 0.07123696058988571 0.010440940037369728 -0.007655978202819824
v 0.05759197100996971 0.01045995019376278 -0.009640990756452084
v 0.038994960486888885 0.01049994956701994 -0.013236990198493004
v 0.02841394953429699 0.010507999919354916 -0.009791970252990723
v 0.027713000774383545 0.010503940284252167 -0.013238959945738316
v 0.027707990258932114 0.01049994956701994 -0.013236990198493004
v 0.02841394953429699 0.010507999919354916 -0.009791970252990723
v 0.02841394953429699 0.010507999919354916 -0.009791970252990723
v 0.027668949216604233 0.01049994956701994 -0.013224950060248375
v 0.027640990912914276 0.01050496008247137 -0.013216969557106495
v 0.02841394953429699 0.010507999919354916 -0.009791970252990723
v 0.036881979554891586 0.01052193995565176 0.012022970244288445
v 0.028409000486135483 0.010508949868381023 -0.008974969387054443
v 0.07018399238586426 0.010437959805130959 0.007650970946997404
v 0.026423990726470947 0.010533980093896389 0.008144973777234554
v 0.023773960769176483 0.010539939627051353 0.013089950196444988
v 0.036881979554891586 0.01052193995565176 0.012022970244288445
v 0.026613950729370117 0.010532969608902931 0.007770955096930265
v 0.026423990726470947 0.010533980093896389 0.008144973777234554
v 0.036881979554891586 0.01052193995565176 0.012022970244288445
v 0.038994960486888885 0.01049994956701994 -0.013236990198493004
v 0.02841394953429699 0.010507999919354916 -0.009791970252990723
v 0.02842199057340622 0.010507999919354916 -0.009642957709729671
v 0.026734940707683563 0.010531960055232048 0.007351994048804045
v 0.026613950729370117 0.010532969608902931 0.007770955096930265
v 0.036881979554891586 0.01052193995565176 0.012022970244288445
v 0.028409000486135483 0.010508949868381023 -0.008974969387054443
v 0.026734940707683563 0.010531960055232048 0.007351994048804045
v 0.036881979554891586 0.01052193995565176 0.012022970244288445
v 0.0688929483294487 0.01044297032058239 0.02641195058822632
v 0.07018399238586426 0.010437959805130959 0.007650970946997404
v 0.04465394839644432 0.01049994956701994 0.01987498067319393
v 0.07018399238586426 0.010437959805130959 0.007650970946997404
v 0.036881979554891586 0.01052193995565176 0.012022970244288445
v 0.036881979554891586 0.01052193995565176 0.012022970244288445
v 0.023773960769176483 0.010539939627051353 0.013089950196444988
v 0.035200949758291245 0.010512939654290676 0.017192000523209572
v 0.023773960769176483 0.010539939627051353 0.013089950196444988
v 0.02367197908461094 0.010544950142502785 0.013279969803988934
v 0.035200949758291245 0.010512939654290676 0.017192000523209572
v 0.02367197908461094 0.010544950142502785 0.013279969803988934
v 0.023374969139695168 0.010540960356593132 0.01383494958281517
v 0.035200949758291245 0.010512939654290676 0.017192000523209572
v 0.035200949758291245 0.010512939654290676 0.017192000523209572
v 0.0357239805161953 0.01049994956701994 0.017340000718832016
v 0.036881979554891586 0.01052193995565176 0.012022970244288445
v 0.0357239805161953 0.01049994956701994 0.017340000718832016
v 0.009993970394134521 0.013284980319440365 0.019782960414886475
v 0.00954294204711914 0.011834969744086266 0.02000999078154564
v 0.008305965922772884 0.011851959861814976 0.020410949364304543
v 0.008305965922772884 0.011851959861814976 0.020410949364304543
v 0.007783948909491301 0.011850950308144093 0.020580939948558807
v 0.0075559611432254314 0.013284980319440365 0.02057497948408127
v 0.007783948909491301 0.011850950308144093 0.020580939948558807
v 0.007474957965314388 0.013284980319440365 0.020600970834493637
v 0.0075559611432254314 0.013284980319440365 0.02057497948408127
v -0.021825959905982018 0.013284980319440365 0.001933990977704525
v -0.021697990596294403 0.012068980373442173 0.002595961093902588
v -0.022200999781489372 0.012071959674358368 6.699999357806519e-05
v -0.022200999781489372 0.012071959674358368 6.699999357806519e-05
v -0.02221398986876011 0.012071959674358368 0.0
v -0.022210950031876564 0.013284980319440365 0.0
v -0.022781960666179657 0.013285989873111248 0.008512972854077816
v -0.02228998951613903 0.01178395003080368 0.00985497236251831
v -0.022707989439368248 0.013285989873111248 0.008703947067260742
v -0.02228998951613903 0.01178395003080368 0.00985497236251831
v -0.022186990827322006 0.011766970157623291 0.010119969956576824
v -0.022151939570903778 0.014440950006246567 0.01008498016744852
v -0.022707989439368248 0.013285989873111248 0.008703947067260742
v -0.02228998951613903 0.01178395003080368 0.00985497236251831
v -0.022151939570903778 0.014440950006246567 0.01008498016744852
v -0.02333693951368332 0.013284980319440365 0.007326960097998381
v -0.02351200021803379 0.011936959810554981 0.007210968993604183
v -0.023253969848155975 0.013284980319440365 0.0075029730796813965
v -0.02351200021803379 0.011936959810554981 0.007210968993604183
v -0.02228998951613903 0.01178395003080368 0.00985497236251831
v -0.022781960666179657 0.013285989873111248 0.008512972854077816
v -0.023253969848155975 0.013284980319440365 0.0075029730796813965
v -0.02351200021803379 0.011936959810554981 0.007210968993604183
v -0.023211950436234474 0.013284980319440365 0.007592976093292236
v -0.022781960666179657 0.013285989873111248 0.008512972854077816
v -0.023145969957113266 0.013284980319440365 0.0077349538914859295
v -0.02351200021803379 0.011936959810554981 0.007210968993604183
v 0.07517796009778976 0.006186962127685547 0.007238984107971191
v -0.0207249503582716 0.013284980319440365 -0.007115960121154785
v -0.020878970623016357 0.012050979770720005 -0.006450951099395752
v -0.02085994929075241 0.012049970217049122 -0.006544947158545256
v -0.0207249503582716 0.013284980319440365 -0.007115960121154785
v -0.02085994929075241 0.012049970217049122 -0.006544947158545256
v -0.020708970725536346 0.012041980400681496 -0.0073049659840762615
v -0.020428000018000603 0.01197099033743143 -0.008723974227905273
v -0.020387940108776093 0.013284980319440365 -0.008805990219116211
v -0.02066498063504696 0.012037989683449268 -0.007527946960180998
v -0.020387940108776093 0.013284980319440365 -0.008805990219116211
v -0.0207249503582716 0.013284980319440365 -0.007115960121154785
v -0.02066498063504696 0.012037989683449268 -0.007527946960180998
v 0.0055849552154541016 0.011819000355899334 0.02379298023879528
v 0.006486951839178801 0.011784969829022884 0.024988939985632896
v 0.006225943099707365 0.011804989539086819 0.024191970005631447
v 0.006225943099707365 0.011804989539086819 0.024191970005631447
v 0.006227970123291016 0.011804989539086819 0.024184999987483025
v 0.006219983100891113 0.011805949732661247 0.02417498081922531
v 0.010635970160365105 0.011790989898145199 0.023609990254044533
v 0.010791949927806854 0.011833960190415382 0.021866969764232635
v 0.010420969687402248 0.011819950304925442 0.022520000115036964
v 0.010791949927806854 0.011833960190415382 0.021866969764232635
v 0.01042299997061491 0.011820970103144646 0.0224909707903862
v 0.010420969687402248 0.011819950304925442 0.022520000115036964
v 0.01042299997061491 0.011820970103144646 0.0224909707903862
v 0.010415970347821712 0.011819950304925442 0.022501999512314796
v 0.010418949648737907 0.011819950304925442 0.022514989599585533
v 0.004093945026397705 0.011799990199506283 -0.024640969932079315
v 0.004093945026397705 0.011799990199506283 -0.02463299036026001
v 0.004229961894452572 0.013284980319440365 -0.024625949561595917
v 0.010635970160365105 0.011790989898145199 0.023609990254044533
v 0.010420969687402248 0.011819950304925442 0.022520000115036964
v 0.010461979545652866 0.013284980319440365 0.023073969408869743
v -0.0006219999631866813 0.011667960323393345 0.023644980043172836
v 0.0002339999919058755 0.015067989937961102 0.023586979135870934
v -0.0006219999631866813 0.011667960323393345 0.023644980043172836
v 0.0006409999914467335 0.01170498039573431 0.023643970489501953
v 0.0006519999587908387 0.014808950014412403 0.02359098009765148
v 0.00046599996858276427 0.013285989873111248 -0.023616960272192955
v 0.0006099999882280827 0.011792000383138657 -0.023642949759960175
v 0.00038800001493655145 0.013285989873111248 -0.023616960272192955
v 0.0006099999882280827 0.011792000383138657 -0.023642949759960175
v -0.0006409999914467335 0.011745980009436607 -0.023642949759960175
v 0.000299000006634742 0.013286939822137356 -0.023616960272192955
v 0.00038800001493655145 0.013285989873111248 -0.023616960272192955
v 0.0006099999882280827 0.011792000383138657 -0.023642949759960175
v 0.000299000006634742 0.013286939822137356 -0.023616960272192955
v 0.07504098862409592 0.005198955070227385 -0.009281991980969906
v 0.07502198219299316 0.005663990043103695 -0.009571968577802181
v 0.08657795190811157 0.005645989906042814 -0.00956499483436346
v 0.0753219723701477 0.004098950885236263 0.00919497013092041
v 0.07532297819852829 0.003827989101409912 0.00860595703125
v 0.08308196067810059 0.003799973987042904 0.008600950241088867
v 0.007329999934881926 0.011753969825804234 0.026105990633368492
v -0.0018599620088934898 0.011601979844272137 0.024169979616999626
v -0.00191497802734375 0.011594950221478939 0.02419297955930233
v 0.007329999934881926 0.011753969825804234 0.026105990633368492
v -0.00191497802734375 0.011594950221478939 0.02419297955930233
v -0.0019209979800507426 0.011594950221478939 0.024194950237870216
v -0.0023269650992006063 0.011561979539692402 0.024277979508042336
v -0.005735992919653654 0.011482950299978256 0.023706970736384392
v 0.007329999934881926 0.011753969825804234 0.026105990633368492
v -0.012397999875247478 0.011655979789793491 0.018010970205068588
v -0.014854960143566132 0.0168379507958889 0.016497960314154625
v -0.010856980457901955 0.0168379507958889 0.018805980682373047
v 0.07477395981550217 0.007945001125335693 -0.010607000440359116
v 0.09184496849775314 0.00791996717453003 -0.010537980124354362
v 0.09072499722242355 0.0076149702072143555 -0.010256939567625523
v 0.008365987800061703 0.01179599016904831 -0.023534949868917465
v 0.008361995220184326 0.01179599016904831 -0.023526959121227264
v 0.008667944930493832 0.011808989569544792 -0.022852949798107147
v 0.0034979579504579306 0.011808989569544792 -0.024190960451960564
v 0.004093945026397705 0.011799990199506283 -0.02463299036026001
v 0.004093945026397705 0.011799990199506283 -0.024640969932079315
v -0.0006719999946653843 0.011665989644825459 0.023657970130443573
v -0.0006409999914467335 0.011667960323393345 0.023644980043172836
v -0.0006549999816343188 0.01582998037338257 0.023573990911245346
v -0.0014649620279669762 0.01616995967924595 -0.023907950147986412
v -0.0006859999848529696 0.011742940172553062 -0.023661969229578972
v -0.0018699760548770428 0.011666949838399887 -0.02417396940290928
v -0.0018699760548770428 0.011666949838399887 -0.02417396940290928
v -0.0019309519557282329 0.01166194025427103 -0.024199960753321648
v -0.0014649620279669762 0.01616995967924595 -0.023907950147986412
v 0.004376946948468685 0.01177894975990057 -0.02601896971464157
v -0.0018699760548770428 0.011666949838399887 -0.02417396940290928
v 0.0017999409465119243 0.011805949732661247 -0.02413593977689743
v -0.0018699760548770428 0.011666949838399887 -0.02417396940290928
v -0.0006859999848529696 0.011742940172553062 -0.023661969229578972
v 0.0017999409465119243 0.011805949732661247 -0.02413593977689743
v -0.0006859999848529696 0.011742940172553062 -0.023661969229578972
v -0.0006409999914467335 0.011745980009436607 -0.023642949759960175
v 0.0006099999882280827 0.011792000383138657 -0.023642949759960175
v 0.0006099999882280827 0.011792000383138657 -0.023642949759960175
v 0.0006409999914467335 0.011792950332164764 -0.023642949759960175
v 0.0006949999369680882 0.011793970130383968 -0.02366494946181774
v 0.0017999409465119243 0.011805949732661247 -0.02413593977689743
v 0.001818954013288021 0.011805949732661247 -0.024141959846019745
v 0.004376946948468685 0.01177894975990057 -0.02601896971464157
v 0.0006099999882280827 0.011792000383138657 -0.023642949759960175
v 0.0006949999369680882 0.011793970130383968 -0.02366494946181774
v -0.0006859999848529696 0.011742940172553062 -0.023661969229578972
v -0.02066498063504696 0.012037989683449268 -0.007527946960180998
v -0.0011719459434971213 0.01183598954230547 -0.02192199043929577
v -0.002262949012219906 0.01181000005453825 -0.02170496992766857
v -0.006097971927374601 0.011717969551682472 -0.020943989977240562
v -0.00788098480552435 0.011664980091154575 -0.020752960816025734
v -0.009363949298858643 0.01167398039251566 -0.01976197026669979
v -0.02066498063504696 0.012037989683449268 -0.007527946960180998
v -0.002262949012219906 0.01181000005453825 -0.02170496992766857
v -0.019318990409374237 0.011913949623703957 -0.010248949751257896
v -0.002262949012219906 0.01181000005453825 -0.02170496992766857
v -0.006097971927374601 0.011717969551682472 -0.020943989977240562
v -0.017610959708690643 0.011813989840447903 -0.012806950137019157
v -0.019318990409374237 0.011913949623703957 -0.010248949751257896
v -0.002262949012219906 0.01181000005453825 -0.02170496992766857
v -0.017610959708690643 0.011813989840447903 -0.012806950137019157
v -0.019318990409374237 0.011913949623703957 -0.010248949751257896
v -0.020428000018000603 0.01197099033743143 -0.008723974227905273
v -0.02066498063504696 0.012037989683449268 -0.007527946960180998
v -0.016550950706005096 0.011759989894926548 -0.014267980121076107
v -0.017610959708690643 0.011813989840447903 -0.012806950137019157
v -0.013855990022420883 0.011690969578921795 -0.01689797081053257
v -0.010885000228881836 0.01167398039251566 -0.018883999437093735
v -0.006097971927374601 0.011717969551682472 -0.020943989977240562
v -0.009363949298858643 0.01167398039251566 -0.01976197026669979
v -0.013855990022420883 0.011690969578921795 -0.01689797081053257
v -0.015385979786515236 0.011690969578921795 -0.016014989465475082
v -0.016550950706005096 0.011759989894926548 -0.014267980121076107
v -0.010885000228881836 0.01167398039251566 -0.018883999437093735
v -0.013855990022420883 0.011690969578921795 -0.01689797081053257
v -0.017610959708690643 0.011813989840447903 -0.012806950137019157
v 0.012837939895689487 0.011719999834895134 -0.017802949994802475
v 0.02003997005522251 0.011566990055143833 -0.009080946445465088
v 0.014673939906060696 0.011675000190734863 -0.016270989552140236
v 0.02003997005522251 0.011566990055143833 -0.009080946445465088
v 0.019479990005493164 0.011573970317840576 -0.010354990139603615
v 0.014673939906060696 0.011675000190734863 -0.016270989552140236
v 0.019479990005493164 0.011573970317840576 -0.010354990139603615
v 0.016566989943385124 0.01162797026336193 -0.014716980047523975
v 0.014673939906060696 0.011675000190734863 -0.016270989552140236
v 0.016566989943385124 0.01162797026336193 -0.014716980047523975
v 0.015266000293195248 0.011659969575703144 -0.01587498001754284
v 0.014673939906060696 0.011675000190734863 -0.016270989552140236
v 0.07507497072219849 0.00827097799628973 0.017457960173487663
v 0.09455496072769165 0.00825798511505127 0.017340950667858124
v 0.08538097143173218 0.00829994585365057 0.019979000091552734
v 0.004093945026397705 0.011799990199506283 -0.024640969932079315
v 0.004215954802930355 0.013284980319440365 -0.024894950911402702
v 0.004216969013214111 0.013284980319440365 -0.024899950250983238
v -0.019882969558238983 0.01780897006392479 0.013731949962675571
v -0.01999294012784958 0.011590950191020966 0.013775999657809734
v -0.019884999841451645 0.011565979570150375 0.014087970368564129
v -0.019884999841451645 0.011565979570150375 0.014087970368564129
v -0.019862940534949303 0.011559960432350636 0.014150969684123993
v -0.019882969558238983 0.01780897006392479 0.013731949962675571
v 0.07496798038482666 0.0 -0.027369970455765724
v 0.07495999336242676 0.0073659420013427734 -0.010122000239789486
v 0.07496798038482666 0.007155953906476498 -0.010035989806056023
v 0.07496798038482666 0.007155953906476498 -0.010035989806056023
v 0.07501094788312912 0.005984961055219173 -0.009652972221374512
v 0.07496798038482666 0.0 -0.027369970455765724
v 0.07501094788312912 0.005984961055219173 -0.009652972221374512
v 0.07502198219299316 0.005663990043103695 -0.009571968577802181
v 0.07496798038482666 0.0 -0.027369970455765724
v 0.07502198219299316 0.005663990043103695 -0.009571968577802181
v 0.07504098862409592 0.005198955070227385 -0.009281991980969906
v 0.07504694908857346 0.005043982993811369 -0.009209989570081234
v 0.07532297819852829 0.004115997813642025 0.009269951842725277
v 0.07531899213790894 0.004268943797796965 0.009343980811536312
v 0.07568197697401047 0.0 0.02629994973540306
v 0.07532297819852829 0.003827989101409912 0.00860595703125
v 0.0753219723701477 0.004098950885236263 0.00919497013092041
v 0.07532297819852829 0.004115997813642025 0.009269951842725277
v 0.07514195889234543 0.0038299560546875 -0.005035995971411467
v 0.07516597956418991 0.0038299560546875 -0.0032069680746644735
v 0.07496798038482666 0.0 -0.027369970455765724
v 0.07516597956418991 0.0038299560546875 -0.0032069680746644735
v 0.07532297819852829 0.003827989101409912 0.00860595703125
v 0.07568197697401047 0.0 0.02629994973540306
v 0.0751369521021843 0.0038529629819095135 -0.005335986148566008
v 0.0751369521021843 0.003858983051031828 -0.005298972129821777
v 0.07514195889234543 0.0038299560546875 -0.005035995971411467
v 0.07532297819852829 0.003827989101409912 0.00860595703125
v 0.07532297819852829 0.004115997813642025 0.009269951842725277
v 0.07568197697401047 0.0 0.02629994973540306
v 0.07496798038482666 0.0 -0.027369970455765724
v 0.07502198219299316 0.005663990043103695 -0.009571968577802181
v 0.07504694908857346 0.005043982993811369 -0.009209989570081234
v 0.07496798038482666 0.0 -0.027369970455765724
v 0.07504694908857346 0.005043982993811369 -0.009209989570081234
v 0.07505594938993454 0.004877984058111906 -0.008911967277526855
v 0.07568197697401047 0.0 0.02629994973540306
v 0.07496798038482666 0.0 -0.027369970455765724
v 0.07516597956418991 0.0038299560546875 -0.0032069680746644735
v 0.07496798038482666 0.0 -0.027369970455765724
v 0.07505594938993454 0.004877984058111906 -0.008911967277526855
v 0.07505898922681808 0.004834949038922787 -0.008830963633954525
v 0.07496798038482666 0.0 -0.027369970455765724
v 0.07505898922681808 0.004834949038922787 -0.008830963633954525
v 0.07512497156858444 0.003994940780103207 -0.005915998946875334
v 0.0751369521021843 0.0038529629819095135 -0.005335986148566008
v 0.07514195889234543 0.0038299560546875 -0.005035995971411467
v 0.07496798038482666 0.0 -0.027369970455765724
v 0.012426969595253468 0.013817960396409035 0.018184950575232506
v 0.013326999731361866 0.011766970157623291 0.017479000613093376
v 0.012850989587605 0.01177894975990057 0.017796989530324936
v 0.012850989587605 0.01177894975990057 0.017796989530324936
v 0.00954294204711914 0.011834969744086266 0.02000999078154564
v 0.010625950060784817 0.013286939822137356 0.019360950216650963
v 0.00954294204711914 0.011834969744086266 0.02000999078154564
v 0.009993970394134521 0.013284980319440365 0.019782960414886475
v 0.010050949640572071 0.013284980319440365 0.0197449903935194
v 0.010050949640572071 0.013284980319440365 0.0197449903935194
v 0.010336989536881447 0.013284980319440365 0.019553950056433678
v 0.00954294204711914 0.011834969744086266 0.02000999078154564
v 0.00954294204711914 0.011834969744086266 0.02000999078154564
v 0.010336989536881447 0.013284980319440365 0.019553950056433678
v 0.010625950060784817 0.013286939822137356 0.019360950216650963
v 0.006219983100891113 0.011805949732661247 0.02417498081922531
v 0.006176948081701994 0.013284980319440365 0.023959990590810776
v 0.006018995773047209 0.013284980319440365 0.023864980787038803
v -0.002324997913092375 0.01163696963340044 -0.024276969954371452
v -0.002209960948675871 0.018184950575232506 -0.024138979613780975
v -0.002206980949267745 0.018180960789322853 -0.024146970361471176
v -0.019861990585923195 0.011559960432350636 0.014155980199575424
v -0.019740989431738853 0.018278950825333595 0.014122960157692432
v -0.0198739692568779 0.017837999388575554 0.013756990432739258
v 0.006772994063794613 0.011820970103144646 -0.020782940089702606
v 0.007792949210852385 0.011805949732661247 -0.0205799899995327
v 0.007474957965314388 0.013284980319440365 -0.020600970834493637
v -0.020756950601935387 0.014811989851295948 0.011230939999222755
v -0.020795999094843864 0.011770959943532944 0.011266940273344517
v -0.0207819901406765 0.01176995038986206 0.011290960013866425
v -0.0207819901406765 0.01176995038986206 0.011290960013866425
v -0.02057497948408127 0.015054999850690365 0.011536950245499611
v -0.020631959661841393 0.014963979832828045 0.011441940441727638
v 0.024015959352254868 0.011482950299978256 0.004265964031219482
v 0.024388959631323814 0.011410949751734734 5.2999999752501026e-05
v 0.024015959352254868 0.011482950299978256 0.004265964031219482
v 0.024388959631323814 0.011410949751734734 5.699999746866524e-05
v 0.024388959631323814 0.011410949751734734 5.2999999752501026e-05
v 0.09339498728513718 0.008292973041534424 -0.011722980067133904
v 0.0017989870393648744 0.011708970181643963 0.024137970060110092
v 0.0021869540214538574 0.011712959967553616 0.024261949583888054
v 0.0020349619444459677 0.01455795019865036 0.02415895089507103
v 0.015359990298748016 0.011712959967553616 0.015786999836564064
v 0.01657998003065586 0.01167398039251566 0.014702970162034035
v 0.01937996968626976 0.011604960076510906 0.010505969636142254
v 0.010095000267028809 0.01360797043889761 -0.01973198913037777
v 0.00952595379203558 0.01177894975990057 -0.020018989220261574
v 0.012837939895689487 0.011719999834895134 -0.017802949994802475
v 0.012837939895689487 0.011719999834895134 -0.017802949994802475
v 0.013353999704122543 0.011706939898431301 -0.017457960173487663
v 0.012253990396857262 0.014209980145096779 -0.018319960683584213
v 0.017979970201849937 0.01681298017501831 0.013063959777355194
v 0.01657998003065586 0.01167398039251566 0.014702970162034035
v 0.01612197980284691 0.015010950155556202 0.014856990426778793
v 0.01657998003065586 0.01167398039251566 0.014702970162034035
v 0.015359990298748016 0.011712959967553616 0.015786999836564064
v 0.01612197980284691 0.015010950155556202 0.014856990426778793
v 0.015359990298748016 0.011712959967553616 0.015786999836564064
v 0.015257949940860271 0.011714990250766277 0.01587796024978161
v 0.014854960143566132 0.014548949897289276 0.01602094992995262
v -0.023859970271587372 0.01192294992506504 -0.007006943225860596
v -0.023783979937434196 0.011929979547858238 -0.00700294878333807
v -0.023310000076889992 0.011937970295548439 -0.007351994048804045
v -0.023310000076889992 0.011937970295548439 -0.007351994048804045
v -0.023284969851374626 0.011938979849219322 -0.007370947860181332
v -0.023271970450878143 0.011937970295548439 -0.007387994788587093
v -0.023310000076889992 0.011937970295548439 -0.007351994048804045
v -0.023271970450878143 0.011937970295548439 -0.007387994788587093
v -0.023253969848155975 0.01193499006330967 -0.007437943946570158
v -0.02584999054670334 0.011747949756681919 -0.006936966907233
v -0.023859970271587372 0.01192294992506504 -0.007006943225860596
v -0.023253969848155975 0.01193499006330967 -0.007437943946570158
v -0.023859970271587372 0.01192294992506504 -0.007006943225860596
v -0.023310000076889992 0.011937970295548439 -0.007351994048804045
v -0.023253969848155975 0.01193499006330967 -0.007437943946570158
v -0.020150000229477882 0.011708970181643963 -0.01242494024336338
v -0.02001696079969406 0.011603949591517448 -0.013567980378866196
v -0.020842960104346275 0.011766970157623291 -0.011230939999222755
v -0.02001696079969406 0.011603949591517448 -0.013567980378866196
v -0.02584999054670334 0.011747949756681919 -0.006936966907233
v -0.022186990827322006 0.011757959611713886 -0.010119969956576824
v -0.02192497067153454 0.011750989593565464 -0.010424969717860222
v -0.02001696079969406 0.011603949591517448 -0.013567980378866196
v -0.022186990827322006 0.011757959611713886 -0.010119969956576824
v -0.02016800083220005 0.01171397976577282 -0.012357950210571289
v -0.02015596069395542 0.011712959967553616 -0.012377969920635223
v -0.020150000229477882 0.011708970181643963 -0.01242494024336338
v -0.020842960104346275 0.011766970157623291 -0.011230939999222755
v -0.020795999094843864 0.011767979711294174 -0.011266940273344517
v -0.02016800083220005 0.01171397976577282 -0.012357950210571289
v -0.022186990827322006 0.011757959611713886 -0.010119969956576824
v -0.02217596024274826 0.011757959611713886 -0.010132960043847561
v -0.02192497067153454 0.011750989593565464 -0.010424969717860222
v -0.02192497067153454 0.011750989593565464 -0.010424969717860222
v -0.020842960104346275 0.011766970157623291 -0.011230939999222755
v -0.02001696079969406 0.011603949591517448 -0.013567980378866196
v -0.020842960104346275 0.011766970157623291 -0.011230939999222755
v -0.02016800083220005 0.01171397976577282 -0.012357950210571289
v -0.020150000229477882 0.011708970181643963 -0.01242494024336338
v 0.006369947921484709 0.013285989873111248 0.02443695068359375
v 0.006225943099707365 0.011804989539086819 0.024191970005631447
v 0.006371974013745785 0.013285989873111248 0.024441950023174286
v 0.006225943099707365 0.011804989539086819 0.024191970005631447
v 0.006486951839178801 0.011784969829022884 0.024988939985632896
v 0.006371974013745785 0.013285989873111248 0.024441950023174286
v 0.0018079869914799929 0.013284980319440365 -0.02411096915602684
v 0.0017999409465119243 0.011805949732661247 -0.02413593977689743
v 0.001088976045139134 0.013284980319440365 -0.023803940042853355
v 0.0017999409465119243 0.011805949732661247 -0.02413593977689743
v 0.0006949999369680882 0.011793970130383968 -0.02366494946181774
v 0.001088976045139134 0.013284980319440365 -0.023803940042853355
v -0.01999294012784958 0.011590950191020966 0.013775999657809734
v -0.020027989521622658 0.011621950194239616 0.013476960361003876
v -0.025664979591965675 0.011781989596784115 0.0069779749028384686
v 0.07508999109268188 0.007635951042175293 0.010423949919641018
v 0.07513897866010666 0.006899951957166195 0.009874998591840267
v 0.088779978454113 0.006618976127356291 0.009665966033935547
v -0.02351200021803379 0.011936959810554981 0.007210968993604183
v -0.02333693951368332 0.013284980319440365 0.007326960097998381
v -0.02349996007978916 0.013284980319440365 0.007095992099493742
v 0.004376946948468685 0.01177894975990057 -0.02601896971464157
v -0.003074944019317627 0.01161396037787199 -0.02415096014738083
v -0.002324997913092375 0.01163696963340044 -0.024276969954371452
v 0.004376946948468685 0.01177894975990057 -0.02601896971464157
v -0.002324997913092375 0.01163696963340044 -0.024276969954371452
v -0.0019409649539738894 0.011660990305244923 -0.024203000590205193
v -0.0019309519557282329 0.01166194025427103 -0.024199960753321648
v -0.0018699760548770428 0.011666949838399887 -0.02417396940290928
v 0.004376946948468685 0.01177894975990057 -0.02601896971464157
v 0.014775989577174187 0.015109949745237827 -0.016049979254603386
v 0.015266000293195248 0.011659969575703144 -0.01587498001754284
v 0.015131950378417969 0.01529895979911089 -0.01571797952055931
v 0.015266000293195248 0.011659969575703144 -0.01587498001754284
v 0.016566989943385124 0.01162797026336193 -0.014716980047523975
v 0.015131950378417969 0.01529895979911089 -0.01571797952055931
v 0.01790595054626465 0.011482950299978256 -0.016562990844249725
v 0.014520999975502491 0.011599949561059475 -0.019594959914684296
v 0.01443296018987894 0.02004295028746128 -0.01947695016860962
v -0.016434960067272186 0.011738000437617302 0.014568979851901531
v -0.017610959708690643 0.011805949732661247 0.012806950137019157
v -0.017587950453162193 0.014510979875922203 0.012783999554812908
v 0.006754993926733732 0.013284980319440365 0.02074396051466465
v 0.006772994063794613 0.011849990114569664 0.0207819901406765
v 0.006694972049444914 0.013284980319440365 0.02076398953795433
v 0.006772994063794613 0.011849990114569664 0.0207819901406765
v 0.005011974833905697 0.011845939792692661 0.021353960037231445
v 0.005969941150397062 0.013284980319440365 0.02099894918501377
v 0.006694972049444914 0.013284980319440365 0.02076398953795433
v 0.006772994063794613 0.011849990114569664 0.0207819901406765
v 0.005969941150397062 0.013284980319440365 0.02099894918501377
v 0.01030099019408226 0.013284980319440365 0.022511949762701988
v 0.010415970347821712 0.011819950304925442 0.022501999512314796
v 0.01042299997061491 0.011820970103144646 0.0224909707903862
v 0.01042299997061491 0.011820970103144646 0.0224909707903862
v 0.010524979792535305 0.013285989873111248 0.022165950387716293
v 0.010434979572892189 0.013284980319440365 0.022305959835648537
v 0.010434979572892189 0.013284980319440365 0.022305959835648537
v 0.01037800032645464 0.013284980319440365 0.022392980754375458
v 0.01042299997061491 0.011820970103144646 0.0224909707903862
v -0.0018499490106478333 0.01728600077331066 -0.02405094914138317
v -0.0019309519557282329 0.01166194025427103 -0.024199960753321648
v -0.0019409649539738894 0.011660990305244923 -0.024203000590205193
v -0.0019409649539738894 0.011660990305244923 -0.024203000590205193
v -0.002206980949267745 0.018180960789322853 -0.024146970361471176
v -0.0018499490106478333 0.01728600077331066 -0.02405094914138317
v 0.00938498880714178 0.013436970300972462 -0.022459980100393295
v 0.010466990061104298 0.011743959970772266 -0.022018959745764732
v 0.008667944930493832 0.011808989569544792 -0.022852949798107147
v 0.008667944930493832 0.011808989569544792 -0.022852949798107147
v 0.008692978881299496 0.013284980319440365 -0.02278696931898594
v 0.008828996680676937 0.013284980319440365 -0.0227239690721035
v 0.008843958377838135 0.013284980319440365 -0.022716989740729332
v 0.00938498880714178 0.013436970300972462 -0.022459980100393295
v 0.008667944930493832 0.011808989569544792 -0.022852949798107147
v 0.07514195889234543 0.0038299560546875 -0.005035995971411467
v 0.0751369521021843 0.003858983051031828 -0.005298972129821777
v 0.08314698189496994 0.003834961913526058 -0.005339980125427246
v 0.015660999342799187 0.011643939651548862 0.018234960734844208
v 0.017161959782242775 0.01157999038696289 0.01711595058441162
v 0.020667970180511475 0.011482950299978256 0.012952979654073715
v 0.02860599011182785 -0.024591980502009392 0.0033869741018861532
v 0.02861594967544079 -0.0245849397033453 -0.0033909669145941734
v 0.02861296944320202 -0.024589000269770622 0.003389954101294279
v 0.02861296944320202 -0.024589000269770622 0.003389954101294279
v 0.028614990413188934 -0.024589000269770622 0.0033909669145941734
v 0.028604980558156967 -0.024589000269770622 0.0033939480781555176
v 0.028614990413188934 -0.024589000269770622 0.0033909669145941734
v 0.028620000928640366 -0.024589000269770622 0.003392993938177824
v 0.028604980558156967 -0.024589000269770622 0.0033939480781555176
v 0.028620000928640366 -0.024589000269770622 0.003392993938177824
v 0.028637999668717384 -0.024589000269770622 0.0034009809605777264
v 0.028604980558156967 -0.024589000269770622 0.0033939480781555176
v -0.019862940534949303 0.011559960432350636 0.014150969684123993
v -0.019861990585923195 0.011559960432350636 0.014155980199575424
v -0.017663000151515007 0.011482950299978256 0.016820959746837616
v 0.0059279790148139 0.01183199044317007 -0.02106194943189621
v -0.021573960781097412 0.012065939605236053 -0.0030849569011479616
v -0.021802959963679314 0.012067969888448715 -0.0019319650018587708
v -0.021802959963679314 0.012067969888448715 -0.0019319650018587708
v -0.02221398986876011 0.012071959674358368 0.0
v -0.022200999781489372 0.012071959674358368 6.699999357806519e-05
v -0.022200999781489372 0.012071959674358368 6.699999357806519e-05
v 0.006154953967779875 0.01182997040450573 -0.020986970514059067
v -0.021802959963679314 0.012067969888448715 -0.0019319650018587708
v 0.04134899005293846 0.0 0.027367940172553062
v 0.01648998074233532 0.002280950080603361 0.02727496065199375
v 0.016111960634589195 0.0 0.02736896090209484
v -0.02192497067153454 0.011750989593565464 -0.010424969717860222
v -0.02187298983335495 0.014572969637811184 -0.010380979627370834
v -0.021282970905303955 0.014681990258395672 -0.010835940018296242
v 0.019838979467749596 0.016824960708618164 0.008830963633954525
v 0.02027595043182373 0.011581949889659882 0.008625984191894531
v 0.020074959844350815 0.011587969958782196 0.008925974369049072
v 0.019838979467749596 0.016824960708618164 0.008830963633954525
v 0.020074959844350815 0.011587969958782196 0.008925974369049072
v 0.019849000498652458 0.016825970262289047 0.00883698370307684
v 0.005612968932837248 0.011833960190415382 -0.021165959537029266
v -0.02085994929075241 0.012049970217049122 -0.006544947158545256
v -0.020878970623016357 0.012050979770720005 -0.006450951099395752
v -0.020878970623016357 0.012050979770720005 -0.006450951099395752
v -0.021286960691213608 0.012058969587087631 -0.0045279860496521
v 0.005612968932837248 0.011833960190415382 -0.021165959537029266
v -0.021286960691213608 0.012058969587087631 -0.0045279860496521
v -0.021573960781097412 0.012065939605236053 -0.0030849569011479616
v 0.005612968932837248 0.011833960190415382 -0.021165959537029266
v -0.019880950450897217 0.017835969105362892 -0.013751979917287827
v -0.01999497041106224 0.011585949920117855 -0.013756990432739258
v -0.019899960607290268 0.017650960013270378 -0.013624959625303745
v -0.01999497041106224 0.011585949920117855 -0.013756990432739258
v -0.02001696079969406 0.011603949591517448 -0.013567980378866196
v -0.019899960607290268 0.017650960013270378 -0.013624959625303745
v 0.008791983127593994 0.011750989593565464 -0.024956999346613884
v 0.008587956428527832 0.013286939822137356 -0.025529980659484863
v 0.008752942085266113 0.013284980319440365 -0.02486198954284191
v 0.07368098944425583 0.008292973041534424 -0.02060496062040329
v 0.07366198301315308 0.00829994585365057 -0.020776979625225067
v 0.07734899967908859 0.00829994585365057 -0.020801959559321404
v 0.014854960143566132 0.014548949897289276 0.01602094992995262
v 0.015257949940860271 0.011714990250766277 0.01587796024978161
v 0.014743980020284653 0.014507940039038658 0.016096940264105797
v 0.015257949940860271 0.011714990250766277 0.01587796024978161
v 0.014671980403363705 0.011730959638953209 0.016268959268927574
v 0.014743980020284653 0.014507940039038658 0.016096940264105797
v 0.0750809907913208 0.00829994585365057 0.01956694945693016
v 0.07507497072219849 0.00827097799628973 0.017457960173487663
v 0.07506299018859863 0.00829994585365057 0.015105959959328175
v 0.07507497072219849 0.00827097799628973 0.017457960173487663
v 0.0750729963183403 0.00827097799628973 0.016972949728369713
v 0.07506299018859863 0.00829994585365057 0.015105959959328175
v 0.07506299018859863 0.00829994585365057 0.015105959959328175
v 0.07505898922681808 0.008274972438812256 0.013677950017154217
v 0.07505500316619873 0.008272944949567318 0.012478940188884735
v 0.07508199661970139 0.00829994585365057 0.01983593963086605
v 0.07508599013090134 0.00829994585365057 0.02075600065290928
v 0.07528995722532272 0.004698990844190121 0.009550987742841244
v 0.07531899213790894 0.004268943797796965 0.009343980811536312
v 0.0752829909324646 0.0048059821128845215 0.009570956230163574
v 0.07531899213790894 0.004268943797796965 0.009343980811536312
v 0.07517098635435104 0.006010949146002531 0.002422987949103117
v 0.07520394772291183 0.00595200015231967 0.009620963595807552
v 0.0752829909324646 0.0048059821128845215 0.009570956230163574
v 0.07531899213790894 0.004268943797796965 0.009343980811536312
v 0.07527101039886475 0.004982947837561369 0.00960397720336914
v 0.07527101039886475 0.004982947837561369 0.00960397720336914
v 0.07527697086334229 0.004883944056928158 0.009602962993085384
v 0.0752829909324646 0.0048059821128845215 0.009570956230163574
v 0.07495898008346558 0.00849997904151678 -0.00746494485065341
v 0.07495898008346558 0.00849997904151678 -0.00746494485065341
v 0.07508199661970139 0.00829994585365057 0.01983593963086605
v 0.0750809907913208 0.00829994585365057 0.01956694945693016
v 0.07531899213790894 0.004268943797796965 0.009343980811536312
v 0.07520394772291183 0.00595200015231967 0.009620963595807552
v 0.07527101039886475 0.004982947837561369 0.00960397720336914
v 0.07517098635435104 0.006010949146002531 0.002422987949103117
v 0.07495898008346558 0.00849997904151678 -0.00746494485065341
v 0.07507497072219849 0.007867990992963314 0.010492979548871517
v 0.07520394772291183 0.00595200015231967 0.009620963595807552
v 0.07517098635435104 0.006010949146002531 0.002422987949103117
v 0.0751519724726677 0.006702959071844816 0.0097159743309021
v 0.0751519724726677 0.006702959071844816 0.0097159743309021
v 0.0751909613609314 0.006137967109680176 0.009672999382019043
v 0.07520394772291183 0.00595200015231967 0.009620963595807552
v 0.07508999109268188 0.007635951042175293 0.010423949919641018
v 0.07513897866010666 0.006899951957166195 0.009874998591840267
v 0.07507497072219849 0.007867990992963314 0.010492979548871517
v 0.07513897866010666 0.006899951957166195 0.009874998591840267
v 0.0751519724726677 0.006702959071844816 0.0097159743309021
v 0.07517098635435104 0.006010949146002531 0.002422987949103117
v 0.07507497072219849 0.007867990992963314 0.010492979548871517
v 0.07513897866010666 0.006899951957166195 0.009874998591840267
v 0.07517098635435104 0.006010949146002531 0.002422987949103117
v 0.07495898008346558 0.00849997904151678 -0.00746494485065341
v 0.0750809907913208 0.00829994585365057 0.01956694945693016
v 0.07506299018859863 0.00829994585365057 0.015105959959328175
v 0.07506299018859863 0.00829994585365057 0.015105959959328175
v 0.07505500316619873 0.008272944949567318 0.012478940188884735
v 0.07505196332931519 0.008269964717328548 0.01167398039251566
v 0.07495898008346558 0.00849997904151678 -0.00746494485065341
v 0.07506299018859863 0.00829994585365057 0.015105959959328175
v 0.07505196332931519 0.008269964717328548 0.01167398039251566
v 0.07506698369979858 0.00799095630645752 0.010783970355987549
v 0.07507497072219849 0.007867990992963314 0.010492979548871517
v 0.07495898008346558 0.00849997904151678 -0.00746494485065341
v 0.07495898008346558 0.00849997904151678 -0.00746494485065341
v 0.07505196332931519 0.008269964717328548 0.01167398039251566
v 0.07505898922681808 0.008140981197357178 0.01125096995383501
v 0.07496798038482666 0.0 -0.027369970455765724
v 0.07496196031570435 -0.0006939999875612557 -0.026298990473151207
v 0.07491999119520187 -0.002058981917798519 -0.026279980316758156
v -0.02085994929075241 0.012049970217049122 -0.006544947158545256
v 0.005612968932837248 0.011833960190415382 -0.021165959537029266
v 0.0005489999894052744 0.011836940422654152 -0.022134000435471535
v 0.005612968932837248 0.011833960190415382 -0.021165959537029266
v 0.005013941787183285 0.011833960190415382 -0.021363969892263412
v 0.0005489999894052744 0.011836940422654152 -0.022134000435471535
v 0.005013941787183285 0.011833960190415382 -0.021363969892263412
v 0.0009319999371655285 0.01183598954230547 -0.02217596024274826
v 0.0005489999894052744 0.011836940422654152 -0.022134000435471535
v 0.07405798882246017 0.00824797060340643 -0.016981950029730797
v 0.07398097962141037 0.00829994585365057 -0.017618950456380844
v 0.09455697983503342 0.00829994585365057 -0.017937950789928436
v 0.02226400002837181 0.01049994956701994 -0.021122990176081657
v 0.02085297927260399 0.010482960380613804 -0.022131970152258873
v 0.00861894991248846 0.011743959970772266 -0.0255849901586771
v 0.02085297927260399 0.010482960380613804 -0.022131970152258873
v 0.0199469905346632 0.010481949895620346 -0.022778980433940887
v 0.00861894991248846 0.011743959970772266 -0.0255849901586771
v 0.0199469905346632 0.010481949895620346 -0.022778980433940887
v 0.01942198909819126 0.01049994956701994 -0.023153960704803467
v 0.00861894991248846 0.011743959970772266 -0.0255849901586771
v 0.00861894991248846 0.011743959970772266 -0.0255849901586771
v 0.014779980294406414 0.010433970019221306 -0.02674596942961216
v 0.00861894991248846 0.011743959970772266 -0.0255849901586771
v 0.00861894991248846 0.011743959970772266 -0.0255849901586771
v 0.07506096363067627 0.0060439701192080975 -0.005773961078375578
v 0.08344297856092453 0.006030975840985775 -0.005774973891675472
v 0.08324795216321945 0.006110966205596924 -0.0067109460942447186
v 0.012253990396857262 0.014209980145096779 -0.018319960683584213
v 0.013353999704122543 0.011706939898431301 -0.017457960173487663
v 0.01232600025832653 0.014229949563741684 -0.018254989758133888
v 0.013353999704122543 0.011706939898431301 -0.017457960173487663
v 0.014673939906060696 0.011675000190734863 -0.016270989552140236
v 0.01391397975385189 0.014699989929795265 -0.01680099032819271
v 0.01232600025832653 0.014229949563741684 -0.018254989758133888
v 0.013353999704122543 0.011706939898431301 -0.017457960173487663
v 0.01391397975385189 0.014699989929795265 -0.01680099032819271
v 0.014673939906060696 0.011675000190734863 -0.016270989552140236
v 0.014580960385501385 0.014988950453698635 -0.016184980049729347
v 0.01427495013922453 0.014824979938566685 -0.016468999907374382
v 0.010791949927806854 0.011833960190415382 0.021866969764232635
v 0.010679960250854492 0.013286939822137356 0.0219039898365736
v 0.010524979792535305 0.013285989873111248 0.022165950387716293
v -0.017663000151515007 0.011482950299978256 -0.016820959746837616
v -0.019861990585923195 0.011553999967873096 -0.014155980199575424
v -0.02001696079969406 0.011603949591517448 -0.013567980378866196
v -0.019861990585923195 0.011553999967873096 -0.014155980199575424
v -0.01999294012784958 0.011584989726543427 -0.013762949965894222
v -0.02001696079969406 0.011603949591517448 -0.013567980378866196
v -0.01999294012784958 0.011584989726543427 -0.013762949965894222
v -0.01999497041106224 0.011585949920117855 -0.013756990432739258
v -0.02001696079969406 0.011603949591517448 -0.013567980378866196
v 0.010625950060784817 0.013286939822137356 0.019360950216650963
v 0.010731990449130535 0.013286939822137356 0.021863989531993866
v 0.010336989536881447 0.013284980319440365 0.019553950056433678
v 0.010731990449130535 0.013286939822137356 0.021863989531993866
v 0.010710950009524822 0.013286939822137356 0.02187996916472912
v 0.010336989536881447 0.013284980319440365 0.019553950056433678
v 0.010679960250854492 0.013286939822137356 0.0219039898365736
v 0.010524979792535305 0.013285989873111248 0.022165950387716293
v 0.010336989536881447 0.013284980319440365 0.019553950056433678
v 0.010524979792535305 0.013285989873111248 0.022165950387716293
v 0.010336989536881447 0.013284980319440365 0.019553950056433678
v 0.010625950060784817 0.013286939822137356 0.019360950216650963
v 0.010336989536881447 0.013284980319440365 0.019553950056433678
v 0.008921979926526546 0.013284980319440365 -0.02013099007308483
v 0.008921979926526546 0.013284980319440365 -0.02013099007308483
v 0.008843958377838135 0.013284980319440365 -0.022716989740729332
v -0.0006549999816343188 0.01582998037338257 0.023573990911245346
v -0.0006889999494887888 0.025276949629187584 0.023411979898810387
v -0.0018359420355409384 0.018278950825333595 0.02402495965361595
v -0.0006859999848529696 0.011742940172553062 -0.023661969229578972
v -0.0014649620279669762 0.01616995967924595 -0.023907950147986412
v -0.001073956023901701 0.01504599954932928 -0.0237649604678154
v -0.0007599999662488699 0.014265949837863445 -0.023646950721740723
v -0.0006489999359473586 0.014106979593634605 -0.023602960631251335
v -0.0006859999848529696 0.011742940172553062 -0.023661969229578972
v -0.0006489999359473586 0.014106979593634605 -0.023602960631251335
v -0.0006409999914467335 0.011745980009436607 -0.023642949759960175
v -0.0006859999848529696 0.011742940172553062 -0.023661969229578972
v -0.010856980457901955 0.0168379507958889 -0.018805980682373047
v -0.006859958171844482 0.0168379507958889 -0.021112969145178795
v -0.010856980457901955 0.0168379507958889 -0.018805980682373047
v -0.021286960691213608 0.012058969587087631 -0.0045279860496521
v -0.021274980157613754 0.013284980319440365 -0.004524946212768555
v -0.021326949819922447 0.013284980319440365 -0.004265964031219482
v -0.021326949819922447 0.013284980319440365 -0.004265964031219482
v -0.0216599702835083 0.013284980319440365 -0.0025909540709108114
v -0.021573960781097412 0.012065939605236053 -0.0030849569011479616
v -0.0216599702835083 0.013284980319440365 -0.0025909540709108114
v -0.021802959963679314 0.012067969888448715 -0.0019319650018587708
v -0.021573960781097412 0.012065939605236053 -0.0030849569011479616
v -0.0008869999437592924 0.011756000109016895 0.021978970617055893
v -0.0015629519475623965 0.014241989701986313 0.021791990846395493
v 0.00038499999209307134 0.013285989873111248 0.0220409594476223
v -0.0015629519475623965 0.014241989701986313 0.021791990846395493
v 0.00038499999209307134 0.013286939822137356 0.0220409594476223
v 0.00038499999209307134 0.013285989873111248 0.0220409594476223
v 0.0013319839490577579 0.013285989873111248 0.022140970453619957
v 0.0009180000051856041 0.011796950362622738 0.022166959941387177
v 0.0006929999799467623 0.013285989873111248 0.022072970867156982
v 0.0009180000051856041 0.011796950362622738 0.022166959941387177
v -0.0008869999437592924 0.011756000109016895 0.021978970617055893
v 0.00038499999209307134 0.013285989873111248 0.0220409594476223
v -0.020756950601935387 0.014763950370252132 -0.011231949552893639
v -0.020795999094843864 0.011767979711294174 -0.011266940273344517
v -0.020842960104346275 0.011766970157623291 -0.011230939999222755
v 0.0009180000051856041 0.011796950362622738 0.022166959941387177
v 0.0013319839490577579 0.013285989873111248 0.022140970453619957
v 0.0013599989470094442 0.011814950034022331 0.02208000048995018
v 0.0013319839490577579 0.013285989873111248 0.022140970453619957
v 0.003847955958917737 0.013284980319440365 0.021640000864863396
v 0.002533972030505538 0.011844989843666553 0.0218469500541687
v 0.0013599989470094442 0.011814950034022331 0.02208000048995018
v 0.0013319839490577579 0.013285989873111248 0.022140970453619957
v 0.002533972030505538 0.011844989843666553 0.0218469500541687
v 0.003847955958917737 0.013284980319440365 0.021640000864863396
v 0.004235981963574886 0.013284980319440365 0.021562989801168442
v 0.005011974833905697 0.011845939792692661 0.021353960037231445
v 0.002863943111151457 0.014006970450282097 0.02413295954465866
v -0.0031449790112674236 0.014966960065066814 0.021543970331549644
v -0.0022669429890811443 0.014524989761412144 0.021645959466695786
v -0.0015629519475623965 0.014241989701986313 0.021791990846395493
v 0.00038499999209307134 0.013286939822137356 0.0220409594476223
v 0.002863943111151457 0.014006970450282097 0.02413295954465866
v 0.00038499999209307134 0.013286939822137356 0.0220409594476223
v 0.0038029549177736044 0.013286939822137356 0.024014940485358238
v 0.002863943111151457 0.014006970450282097 0.02413295954465866
v 0.0073699951171875 0.013286939822137356 0.026074999943375587
v 0.002863943111151457 0.014006970450282097 0.02413295954465866
v 0.00675994111225009 0.013286939822137356 0.025722980499267578
v 0.002863943111151457 0.014006970450282097 0.02413295954465866
v 0.0038029549177736044 0.013286939822137356 0.024014940485358238
v 0.00675994111225009 0.013286939822137356 0.025722980499267578
v -0.022707989439368248 0.013285989873111248 0.008703947067260742
v -0.019025979563593864 0.013285989873111248 0.01083099003881216
v -0.022151939570903778 0.014440950006246567 0.01008498016744852
v -0.019025979563593864 0.013285989873111248 0.01083099003881216
v -0.017587950453162193 0.014510979875922203 0.012783999554812908
v -0.020631959661841393 0.014963979832828045 0.011441940441727638
v -0.020756950601935387 0.014811989851295948 0.011230939999222755
v -0.019025979563593864 0.013285989873111248 0.01083099003881216
v -0.020631959661841393 0.014963979832828045 0.011441940441727638
v -0.0171470008790493 0.014941990375518799 0.0134349400177598
v -0.014854960143566132 0.0168379507958889 0.016497960314154625
v -0.020631959661841393 0.014963979832828045 0.011441940441727638
v -0.019025979563593864 0.013285989873111248 0.01083099003881216
v -0.020756950601935387 0.014811989851295948 0.011230939999222755
v -0.021296970546245575 0.014710959978401661 0.01082598976790905
v -0.017587950453162193 0.014510979875922203 0.012783999554812908
v -0.0171470008790493 0.014941990375518799 0.0134349400177598
v -0.020631959661841393 0.014963979832828045 0.011441940441727638
v -0.02199196070432663 0.014521949924528599 0.010251989588141441
v -0.022151939570903778 0.014440950006246567 0.01008498016744852
v -0.019025979563593864 0.013285989873111248 0.01083099003881216
v -0.021296970546245575 0.014710959978401661 0.01082598976790905
v -0.021553989499807358 0.014663989655673504 0.0106349503621459
v -0.019025979563593864 0.013285989873111248 0.01083099003881216
v -0.022151939570903778 0.014440950006246567 0.01008498016744852
v -0.02199196070432663 0.014521949924528599 0.010251989588141441
v -0.025801949203014374 0.013285989873111248 0.006916998885571957
v -0.021296970546245575 0.014710959978401661 0.01082598976790905
v -0.020756950601935387 0.014811989851295948 0.011230939999222755
v -0.020631959661841393 0.014963979832828045 0.011441940441727638
v 0.01030099019408226 0.013284980319440365 0.022511949762701988
v 0.010383959859609604 0.013284980319440365 0.02289997972548008
v 0.010418949648737907 0.011819950304925442 0.022514989599585533
v -0.002262949012219906 0.01181000005453825 -0.02170496992766857
v -0.0022649760358035564 0.013284980319440365 -0.02167396992444992
v -0.002524971030652523 0.013284980319440365 -0.021622000262141228
v -0.002262949012219906 0.01181000005453825 -0.02170496992766857
v -0.002524971030652523 0.013284980319440365 -0.021622000262141228
v -0.0028449890669435263 0.013285989873111248 -0.02155797928571701
v -0.004320979118347168 0.014093990437686443 -0.021247979253530502
v -0.006097971927374601 0.011717969551682472 -0.020943989977240562
v -0.0029589529149234295 0.013286939822137356 -0.02153599075973034
v -0.006097971927374601 0.011717969551682472 -0.020943989977240562
v -0.002262949012219906 0.01181000005453825 -0.02170496992766857
v -0.0029589529149234295 0.013286939822137356 -0.02153599075973034
v -0.01923798955976963 0.013284980319440365 -0.010389979928731918
v -0.023009000346064568 0.013284980319440365 -0.00799095630645752
v -0.023009000346064568 0.013284980319440365 -0.00799095630645752
v -0.022628959268331528 0.013285989873111248 -0.008943974040448666
v -0.01923798955976963 0.013284980319440365 -0.010389979928731918
v -0.022628959268331528 0.013285989873111248 -0.008943974040448666
v -0.01838194951415062 0.013285989873111248 -0.011621950194239616
v -0.018830949440598488 0.013284980319440365 -0.010948950424790382
v -0.0020849700085818768 0.013284980319440365 -0.021709969267249107
v -0.01923798955976963 0.013284980319440365 -0.010389979928731918
v -0.018830949440598488 0.013284980319440365 -0.010948950424790382
v -0.018830949440598488 0.013284980319440365 -0.010948950424790382
v -0.01838194951415062 0.013285989873111248 -0.011621950194239616
v -0.002524971030652523 0.013284980319440365 -0.021622000262141228
v -0.002524971030652523 0.013284980319440365 -0.021622000262141228
v -0.0022649760358035564 0.013284980319440365 -0.02167396992444992
v -0.018830949440598488 0.013284980319440365 -0.010948950424790382
v 0.001088976045139134 0.013284980319440365 -0.023803940042853355
v -0.0020849700085818768 0.013284980319440365 -0.021709969267249107
v 0.00095699995290488 0.013284980319440365 -0.02374798059463501
v -0.0020849700085818768 0.013284980319440365 -0.021709969267249107
v -0.0022649760358035564 0.013284980319440365 -0.02167396992444992
v 0.0006249999860301614 0.013284980319440365 -0.02360795997083187
v 0.00095699995290488 0.013284980319440365 -0.02374798059463501
v -0.0020849700085818768 0.013284980319440365 -0.021709969267249107
v 0.0006249999860301614 0.013284980319440365 -0.02360795997083187
v -0.0022649760358035564 0.013284980319440365 -0.02167396992444992
v -0.002524971030652523 0.013284980319440365 -0.021622000262141228
v 0.0006249999860301614 0.013284980319440365 -0.02360795997083187
v 0.004397987853735685 0.013284980319440365 -0.025987980887293816
v 0.001088976045139134 0.013284980319440365 -0.023803940042853355
v 0.00095699995290488 0.013284980319440365 -0.02374798059463501
v 0.0006440000142902136 0.013284980319440365 -0.023620959371328354
v 0.0006249999860301614 0.013284980319440365 -0.02360795997083187
v 0.004397987853735685 0.013284980319440365 -0.025987980887293816
v 0.00095699995290488 0.013284980319440365 -0.02374798059463501
v 0.0006440000142902136 0.013284980319440365 -0.023620959371328354
v 0.01937996968626976 0.011604960076510906 0.010505969636142254
v 0.017979970201849937 0.01681298017501831 0.013063959777355194
v 0.01983696036040783 0.016824960708618164 0.008835971355438232
v 0.01983696036040783 0.016824960708618164 0.008835971355438232
v 0.019849000498652458 0.016825970262289047 0.00883698370307684
v 0.020074959844350815 0.011587969958782196 0.008925974369049072
v 0.019454000517725945 0.011603949591517448 0.01033794041723013
v 0.01937996968626976 0.011604960076510906 0.010505969636142254
v 0.01983696036040783 0.016824960708618164 0.008835971355438232
v -0.020938990637660027 0.013284980319440365 0.006214975845068693
v -0.02083395980298519 0.01204793993383646 0.006806969176977873
v -0.021286960691213608 0.012058969587087631 0.0045279860496521
v 0.011007959954440594 0.013942000456154346 -0.0216749906539917
v 0.01391397975385189 0.014699989929795265 -0.01680099032819271
v 0.010466990061104298 0.011743959970772266 -0.022018959745764732
v 0.00938498880714178 0.013436970300972462 -0.022459980100393295
v 0.010261950083076954 0.013683970086276531 -0.022071950137615204
v 0.010261950083076954 0.013683970086276531 -0.022071950137615204
v 0.010632989928126335 0.013799959793686867 -0.02192497067153454
v 0.010631970129907131 0.011738000437617302 -0.02194695919752121
v -0.020843980833888054 0.011770959943532944 0.011229990050196648
v -0.021296970546245575 0.014710959978401661 0.01082598976790905
v -0.021553989499807358 0.014663989655673504 0.0106349503621459
v -0.021553989499807358 0.014663989655673504 0.0106349503621459
v -0.021881990134716034 0.014625960029661655 0.010390990413725376
v -0.02190995030105114 0.011758980341255665 0.010434979572892189
v 0.008244991302490234 0.013284980319440365 -0.023544959723949432
v 0.008361995220184326 0.01179599016904831 -0.023526959121227264
v 0.008365987800061703 0.01179599016904831 -0.023534949868917465
v 0.0055849552154541016 0.011819000355899334 0.02379298023879528
v 0.004821956157684326 0.013285989873111248 0.023872969672083855
v 0.004188953898847103 0.011785980314016342 0.023987939581274986
v 0.004821956157684326 0.013285989873111248 0.023872969672083855
v 0.0038989780005067587 0.013285989873111248 0.0240019503980875
v 0.004188953898847103 0.011785980314016342 0.023987939581274986
v 0.0038029549177736044 0.013285989873111248 0.024014940485358238
v 0.0038029549177736044 0.013286939822137356 0.024014940485358238
v 0.002863943111151457 0.014006970450282097 0.02413295954465866
v 0.0038989780005067587 0.013285989873111248 0.0240019503980875
v 0.0038029549177736044 0.013285989873111248 0.024014940485358238
v 0.004188953898847103 0.011785980314016342 0.023987939581274986
v 0.002209960948675871 0.014508959837257862 0.024214979261159897
v 0.002199946902692318 0.011712959967553616 0.02426600083708763
v 0.002863943111151457 0.014006970450282097 0.02413295954465866
v 0.002199946902692318 0.011712959967553616 0.02426600083708763
v 0.004188953898847103 0.011785980314016342 0.023987939581274986
v 0.0038029549177736044 0.013285989873111248 0.024014940485358238
v 0.01612197980284691 0.015010950155556202 0.014856990426778793
v 0.02171497978270054 0.0168379507958889 0.004615962039679289
v 0.01983696036040783 0.016824960708618164 0.008835971355438232
v -0.023253969848155975 0.01193499006330967 -0.007437943946570158
v -0.023009000346064568 0.013284980319440365 -0.00799095630645752
v -0.022628959268331528 0.013285989873111248 -0.008943974040448666
v -0.023253969848155975 0.01193499006330967 -0.007437943946570158
v -0.022628959268331528 0.013285989873111248 -0.008943974040448666
v -0.022186990827322006 0.011757959611713886 -0.010119969956576824
v -0.022628959268331528 0.013285989873111248 -0.008943974040448666
v -0.022617990151047707 0.013285989873111248 -0.008969961665570736
v -0.022186990827322006 0.011757959611713886 -0.010119969956576824
v -0.022614000365138054 0.013285989873111248 -0.00897896196693182
v -0.022152960300445557 0.014409950003027916 -0.01008498016744852
v -0.022186990827322006 0.011757959611713886 -0.010119969956576824
v 0.0002339999919058755 0.015067989937961102 0.023586979135870934
v 0.0006519999587908387 0.014808950014412403 0.02359098009765148
v 0.001208961009979248 0.014715960249304771 0.023826949298381805
v 0.0002339999919058755 0.015067989937961102 0.023586979135870934
v 0.001208961009979248 0.014715960249304771 0.023826949298381805
v 0.0018159740138798952 0.01461797021329403 0.02408795990049839
v 0.002209960948675871 0.014508959837257862 0.024214979261159897
v 0.002863943111151457 0.014006970450282097 0.02413295954465866
v 0.0073699951171875 0.013286939822137356 0.026074999943375587
v 0.0002339999919058755 0.015067989937961102 0.023586979135870934
v 0.0018159740138798952 0.01461797021329403 0.02408795990049839
v 0.0073699951171875 0.013286939822137356 0.026074999943375587
v 0.0018159740138798952 0.01461797021329403 0.02408795990049839
v 0.0020349619444459677 0.01455795019865036 0.02415895089507103
v 0.0073699951171875 0.013286939822137356 0.026074999943375587
v -0.0031449790112674236 0.014966960065066814 0.021543970331549644
v -0.006859958171844482 0.0168379507958889 0.021112969145178795
v -0.010856980457901955 0.0168379507958889 0.018805980682373047
v -0.022614000365138054 0.013285989873111248 -0.00897896196693182
v -0.01831096038222313 0.013285989873111248 -0.011729000136256218
v -0.01832997053861618 0.013285989873111248 -0.011699969880282879
v -0.01832997053861618 0.013285989873111248 -0.011699969880282879
v -0.01831096038222313 0.013285989873111248 -0.011729000136256218
v -0.0029589529149234295 0.013286939822137356 -0.02153599075973034
v -0.0028449890669435263 0.013285989873111248 -0.02155797928571701
v -0.0029589529149234295 0.013286939822137356 -0.02153599075973034
v 0.000299000006634742 0.013286939822137356 -0.023616960272192955
v 0.000299000006634742 0.013286939822137356 -0.023616960272192955
v 0.004601954948157072 0.013286939822137356 -0.026365989819169044
v 0.004547953139990568 0.013285989873111248 -0.026264959946274757
v -0.012074939906597137 0.025276949629187584 -0.020914969965815544
v -0.0028039810713380575 0.018818970769643784 -0.023998970165848732
v -0.0022639629896730185 0.018222980201244354 -0.02412199042737484
v -0.0022639629896730185 0.018222980201244354 -0.02412199042737484
v -0.002246974967420101 0.018209990113973618 -0.02414095029234886
v -0.002209960948675871 0.018184950575232506 -0.024138979613780975
v -0.002206980949267745 0.018180960789322853 -0.024146970361471176
v -0.0022049539256840944 0.018180960789322853 -0.02414095029234886
v -0.002206980949267745 0.018180960789322853 -0.024146970361471176
v -0.002206980949267745 0.018180960789322853 -0.024146970361471176
v -0.012074939906597137 0.025276949629187584 -0.020914969965815544
v -0.0022639629896730185 0.018222980201244354 -0.02412199042737484
v -0.002209960948675871 0.018184950575232506 -0.024138979613780975
v -0.002206980949267745 0.018180960789322853 -0.024146970361471176
v -0.020795999094843864 0.011767979711294174 -0.011266940273344517
v -0.020756950601935387 0.014763950370252132 -0.011231949552893639
v -0.02016800083220005 0.01171397976577282 -0.012357950210571289
v -0.020756950601935387 0.014763950370252132 -0.011231949552893639
v -0.02060699090361595 0.014981980435550213 -0.011484979651868343
v -0.02016800083220005 0.01171397976577282 -0.012357950210571289
v -0.0057169790379703045 0.011520979925990105 -0.023708989843726158
v -0.002246974967420101 0.018209990113973618 -0.02414095029234886
v -0.004728971980512142 0.011559960432350636 -0.02387499064207077
v -0.002246974967420101 0.018209990113973618 -0.02414095029234886
v -0.002209960948675871 0.018184950575232506 -0.024138979613780975
v -0.004728971980512142 0.011559960432350636 -0.02387499064207077
v -0.002209960948675871 0.018184950575232506 -0.024138979613780975
v -0.002324997913092375 0.01163696963340044 -0.024276969954371452
v -0.003074944019317627 0.01161396037787199 -0.02415096014738083
v -0.022210950031876564 0.013284980319440365 0.0
v -0.02221398986876011 0.012071959674358368 0.0
v -0.021802959963679314 0.012067969888448715 -0.0019319650018587708
v 0.0006099999882280827 0.011792000383138657 -0.023642949759960175
v 0.00046599996858276427 0.013285989873111248 -0.023616960272192955
v 0.0006249999860301614 0.013284980319440365 -0.02360795997083187
v 0.0006249999860301614 0.013284980319440365 -0.02360795997083187
v 0.0006440000142902136 0.013284980319440365 -0.023620959371328354
v 0.0006409999914467335 0.011792950332164764 -0.023642949759960175
v 0.0006440000142902136 0.013284980319440365 -0.023620959371328354
v 0.00095699995290488 0.013284980319440365 -0.02374798059463501
v 0.0006949999369680882 0.011793970130383968 -0.02366494946181774
v -0.02039599046111107 0.013284980319440365 0.008822976611554623
v 0.005969941150397062 0.013284980319440365 0.02099894918501377
v -0.020129969343543053 0.013284980319440365 0.009192942641675472
v 0.005969941150397062 0.013284980319440365 0.02099894918501377
v 0.004235981963574886 0.013284980319440365 0.021562989801168442
v 0.003847955958917737 0.013284980319440365 0.021640000864863396
v -0.02039599046111107 0.013284980319440365 0.008822976611554623
v -0.020129969343543053 0.013284980319440365 0.009192942641675472
v -0.023211950436234474 0.013284980319440365 0.007592976093292236
v -0.022151939570903778 0.014440950006246567 0.01008498016744852
v -0.022186990827322006 0.011766970157623291 0.010119969956576824
v -0.02192096970975399 0.011759989894926548 0.010421990416944027
v 0.010434979572892189 0.013284980319440365 0.022305959835648537
v 0.01037800032645464 0.013284980319440365 0.022392980754375458
v 0.010050949640572071 0.013284980319440365 0.0197449903935194
v 0.008921979926526546 0.013284980319440365 -0.02013099007308483
v 0.010336989536881447 0.013284980319440365 0.019553950056433678
v 0.006754993926733732 0.013284980319440365 -0.02074396051466465
v 0.010336989536881447 0.013284980319440365 0.019553950056433678
v 0.010050949640572071 0.013284980319440365 0.0197449903935194
v 0.006754993926733732 0.013284980319440365 -0.02074396051466465
v 0.010050949640572071 0.013284980319440365 0.0197449903935194
v 0.004972993861883879 0.013284980319440365 -0.02133296988904476
v 0.006754993926733732 0.013284980319440365 -0.02074396051466465
v 0.008828996680676937 0.013284980319440365 -0.0227239690721035
v 0.008921979926526546 0.013284980319440365 -0.02013099007308483
v 0.007474957965314388 0.013284980319440365 -0.020600970834493637
v 0.007474957965314388 0.013284980319440365 -0.020600970834493637
v 0.006754993926733732 0.013284980319440365 -0.02074396051466465
v 0.008535981178283691 0.013284980319440365 -0.022915000095963478
v 0.006754993926733732 0.013284980319440365 -0.02074396051466465
v 0.004972993861883879 0.013284980319440365 -0.02133296988904476
v 0.008244991302490234 0.013284980319440365 -0.023544959723949432
v 0.007474957965314388 0.013284980319440365 -0.020600970834493637
v 0.008692978881299496 0.013284980319440365 -0.02278696931898594
v 0.008828996680676937 0.013284980319440365 -0.0227239690721035
v 0.004972993861883879 0.013284980319440365 -0.02133296988904476
v 0.004397987853735685 0.013284980319440365 -0.025987980887293816
v 0.008244991302490234 0.013284980319440365 -0.023544959723949432
v 0.004397987853735685 0.013284980319440365 -0.025987980887293816
v 0.008752942085266113 0.013284980319440365 -0.02486198954284191
v 0.008385956287384033 0.013284980319440365 -0.023826949298381805
v 0.008385956287384033 0.013284980319440365 -0.023826949298381805
v 0.008383989334106445 0.013284980319440365 -0.023821940645575523
v 0.008244991302490234 0.013284980319440365 -0.023544959723949432
v 0.004397987853735685 0.013284980319440365 -0.025987980887293816
v 0.008385956287384033 0.013284980319440365 -0.023826949298381805
v 0.008244991302490234 0.013284980319440365 -0.023544959723949432
v 0.008692978881299496 0.013284980319440365 -0.02278696931898594
v 0.007474957965314388 0.013284980319440365 -0.020600970834493637
v 0.008535981178283691 0.013284980319440365 -0.022915000095963478
v 0.008535981178283691 0.013284980319440365 -0.022915000095963478
v 0.006754993926733732 0.013284980319440365 -0.02074396051466465
v 0.008301973342895508 0.013284980319440365 -0.023418959230184555
v 0.008828996680676937 0.013284980319440365 -0.0227239690721035
v 0.008383989334106445 0.013284980319440365 -0.023821940645575523
v 0.008828996680676937 0.013284980319440365 -0.0227239690721035
v 0.008692978881299496 0.013284980319440365 -0.02278696931898594
v 0.008535981178283691 0.013284980319440365 -0.022915000095963478
v 0.008383989334106445 0.013284980319440365 -0.023821940645575523
v 0.008828996680676937 0.013284980319440365 -0.0227239690721035
v 0.008535981178283691 0.013284980319440365 -0.022915000095963478
v 0.008535981178283691 0.013284980319440365 -0.022915000095963478
v 0.008301973342895508 0.013284980319440365 -0.023418959230184555
v 0.008383989334106445 0.013284980319440365 -0.023821940645575523
v 0.008301973342895508 0.013284980319440365 -0.023418959230184555
v 0.008244991302490234 0.013284980319440365 -0.023544959723949432
v 0.008383989334106445 0.013284980319440365 -0.023821940645575523
v -0.017117969691753387 0.014587990008294582 -0.013429990038275719
v -0.02060699090361595 0.014981980435550213 -0.011484979651868343
v -0.017117969691753387 0.014587990008294582 -0.013429990038275719
v -0.017590990290045738 0.014116999693214893 -0.012786979787051678
v -0.02060699090361595 0.014981980435550213 -0.011484979651868343
v -0.02060699090361595 0.014981980435550213 -0.011484979651868343
v -0.017590990290045738 0.014116999693214893 -0.012786979787051678
v -0.01831096038222313 0.013285989873111248 -0.011729000136256218
v -0.01831096038222313 0.013285989873111248 -0.011729000136256218
v -0.022614000365138054 0.013285989873111248 -0.00897896196693182
v -0.021282970905303955 0.014681990258395672 -0.010835940018296242
v -0.021282970905303955 0.014681990258395672 -0.010835940018296242
v -0.022614000365138054 0.013285989873111248 -0.00897896196693182
v -0.022152960300445557 0.014409950003027916 -0.01008498016744852
v -0.022152960300445557 0.014409950003027916 -0.01008498016744852
v -0.022038990631699562 0.014519980177283287 -0.010236970148980618
v -0.02187298983335495 0.014572969637811184 -0.010380979627370834
v -0.021282970905303955 0.014681990258395672 -0.010835940018296242
v -0.022152960300445557 0.014409950003027916 -0.01008498016744852
v -0.02187298983335495 0.014572969637811184 -0.010380979627370834
v -0.020756950601935387 0.014763950370252132 -0.011231949552893639
v -0.02060699090361595 0.014981980435550213 -0.011484979651868343
v -0.01831096038222313 0.013285989873111248 -0.011729000136256218
v -0.02060699090361595 0.014981980435550213 -0.011484979651868343
v -0.020756950601935387 0.014763950370252132 -0.011231949552893639
v -0.021282970905303955 0.014681990258395672 -0.010835940018296242
v -0.022038990631699562 0.014519980177283287 -0.010236970148980618
v -0.02187298983335495 0.014572969637811184 -0.010380979627370834
v -0.022038990631699562 0.014519980177283287 -0.010236970148980618
v -0.022152960300445557 0.014409950003027916 -0.01008498016744852
v -0.02586298994719982 0.013285989873111248 -0.006903945934027433
v -0.022038990631699562 0.014519980177283287 -0.010236970148980618
v 0.000299000006634742 0.013286939822137356 -0.023616960272192955
v -0.0029589529149234295 0.013286939822137356 -0.02153599075973034
v -0.0006489999359473586 0.014106979593634605 -0.023602960631251335
v -0.0029589529149234295 0.013286939822137356 -0.02153599075973034
v -0.004320979118347168 0.014093990437686443 -0.021247979253530502
v -0.0007599999662488699 0.014265949837863445 -0.023646950721740723
v -0.0006489999359473586 0.014106979593634605 -0.023602960631251335
v -0.0029589529149234295 0.013286939822137356 -0.02153599075973034
v -0.0007599999662488699 0.014265949837863445 -0.023646950721740723
v 0.000299000006634742 0.013286939822137356 -0.023616960272192955
v -0.0006489999359473586 0.014106979593634605 -0.023602960631251335
v -0.0007599999662488699 0.014265949837863445 -0.023646950721740723
v 0.0006519999587908387 0.014808950014412403 0.02359098009765148
v 0.0006409999914467335 0.01170498039573431 0.023643970489501953
v 0.000678999989759177 0.01170498039573431 0.023660000413656235
v -0.019318990409374237 0.011913949623703957 -0.010248949751257896
v -0.018830949440598488 0.013284980319440365 -0.010948950424790382
v -0.01923798955976963 0.013284980319440365 -0.010389979928731918
v -0.01923798955976963 0.013284980319440365 -0.010389979928731918
v -0.020387940108776093 0.013284980319440365 -0.008805990219116211
v -0.019318990409374237 0.011913949623703957 -0.010248949751257896
v 0.01427495013922453 0.014824979938566685 -0.016468999907374382
v 0.011007959954440594 0.013942000456154346 -0.0216749906539917
v 0.011915979906916618 0.01453595981001854 -0.021112969145178795
v 0.011915979906916618 0.01453595981001854 -0.021112969145178795
v 0.017979970201849937 0.01681298017501831 -0.013063959777355194
v 0.015131950378417969 0.01529895979911089 -0.01571797952055931
v 0.014775989577174187 0.015109949745237827 -0.016049979254603386
v 0.014580960385501385 0.014988950453698635 -0.016184980049729347
v 0.01427495013922453 0.014824979938566685 -0.016468999907374382
v 0.011915979906916618 0.01453595981001854 -0.021112969145178795
v 0.015131950378417969 0.01529895979911089 -0.01571797952055931
v 0.014775989577174187 0.015109949745237827 -0.016049979254603386
v 0.02171497978270054 0.0168379507958889 -0.004615962039679289
v 0.01427495013922453 0.014824979938566685 -0.016468999907374382
v 0.019840950146317482 0.016824960708618164 -0.00882798433303833
v 0.01427495013922453 0.014824979938566685 -0.016468999907374382
v 0.014580960385501385 0.014988950453698635 -0.016184980049729347
v 0.019840950146317482 0.016824960708618164 -0.00882798433303833
v 0.014580960385501385 0.014988950453698635 -0.016184980049729347
v 0.014775989577174187 0.015109949745237827 -0.016049979254603386
v 0.015131950378417969 0.01529895979911089 -0.01571797952055931
v 0.015131950378417969 0.01529895979911089 -0.01571797952055931
v 0.017979970201849937 0.01681298017501831 -0.013063959777355194
v 0.01983696036040783 0.016824960708618164 -0.008835971355438232
v 0.01983696036040783 0.016824960708618164 -0.008835971355438232
v 0.019838979467749596 0.016824960708618164 -0.008831976912915707
v 0.014580960385501385 0.014988950453698635 -0.016184980049729347
v 0.019838979467749596 0.016824960708618164 -0.008831976912915707
v 0.019840950146317482 0.016824960708618164 -0.00882798433303833
v 0.014580960385501385 0.014988950453698635 -0.016184980049729347
v 0.01983696036040783 0.016824960708618164 -0.008835971355438232
v 0.02171497978270054 0.0168379507958889 -0.004615962039679289
v 0.019838979467749596 0.016824960708618164 -0.008831976912915707
v 0.02171497978270054 0.0168379507958889 -0.004615962039679289
v 0.019840950146317482 0.016824960708618164 -0.00882798433303833
v 0.019838979467749596 0.016824960708618164 -0.008831976912915707
v 0.01983696036040783 0.016824960708618164 -0.008835971355438232
v 0.017979970201849937 0.01681298017501831 -0.013063959777355194
v -0.01870495080947876 0.01186096016317606 0.011301989667117596
v -0.019155969843268394 0.013285989873111248 0.010650989599525928
v -0.019025979563593864 0.013285989873111248 0.01083099003881216
v -0.019025979563593864 0.013285989873111248 0.01083099003881216
v -0.019025979563593864 0.013285989873111248 0.01083099003881216
v -0.017587950453162193 0.014510979875922203 0.012783999554812908
v -0.017587950453162193 0.014510979875922203 0.012783999554812908
v -0.017610959708690643 0.011805949732661247 0.012806950137019157
v -0.019025979563593864 0.013285989873111248 0.01083099003881216
v 0.010632989928126335 0.013799959793686867 -0.02192497067153454
v 0.01391397975385189 0.014699989929795265 -0.01680099032819271
v 0.01232600025832653 0.014229949563741684 -0.018254989758133888
v 0.01391397975385189 0.014699989929795265 -0.01680099032819271
v 0.02171497978270054 0.0168379507958889 -0.004615962039679289
v 0.022197959944605827 0.016839979216456413 0.0
v 0.006371974013745785 0.013285989873111248 0.024441950023174286
v 0.006369947921484709 0.013285989873111248 0.02443695068359375
v 0.006435989867895842 0.013284980319440365 0.02424997091293335
v 0.00675994111225009 0.013285989873111248 0.025722980499267578
v 0.006371974013745785 0.013285989873111248 0.024441950023174286
v 0.006435989867895842 0.013284980319440365 0.02424997091293335
v 0.0013319839490577579 0.013285989873111248 0.022140970453619957
v 0.003847955958917737 0.013284980319440365 0.021640000864863396
v 0.0038989780005067587 0.013285989873111248 0.0240019503980875
v 0.003847955958917737 0.013284980319440365 0.021640000864863396
v 0.010465970262885094 0.013284980319440365 0.025074949488043785
v 0.006176948081701994 0.013284980319440365 0.023959990590810776
v 0.006018995773047209 0.013284980319440365 0.023864980787038803
v 0.003847955958917737 0.013284980319440365 0.021640000864863396
v 0.006176948081701994 0.013284980319440365 0.023959990590810776
v 0.0038989780005067587 0.013285989873111248 0.0240019503980875
v 0.0006929999799467623 0.013285989873111248 0.022072970867156982
v 0.0013319839490577579 0.013285989873111248 0.022140970453619957
v 0.005539000034332275 0.013284980319440365 0.02375096082687378
v 0.004821956157684326 0.013285989873111248 0.023872969672083855
v 0.003847955958917737 0.013284980319440365 0.021640000864863396
v 0.004821956157684326 0.013285989873111248 0.023872969672083855
v 0.0038989780005067587 0.013285989873111248 0.0240019503980875
v 0.003847955958917737 0.013284980319440365 0.021640000864863396
v 0.010465970262885094 0.013284980319440365 0.025074949488043785
v 0.00675994111225009 0.013285989873111248 0.025722980499267578
v 0.006435989867895842 0.013284980319440365 0.02424997091293335
v 0.010465970262885094 0.013284980319440365 0.025074949488043785
v 0.006435989867895842 0.013284980319440365 0.02424997091293335
v 0.006176948081701994 0.013284980319440365 0.023959990590810776
v 0.005711971782147884 0.013284980319440365 0.02377294935286045
v 0.005539000034332275 0.013284980319440365 0.02375096082687378
v 0.003847955958917737 0.013284980319440365 0.021640000864863396
v -0.020129969343543053 0.013284980319440365 0.009192942641675472
v 0.003847955958917737 0.013284980319440365 0.021640000864863396
v -0.019732950255274773 0.013284980319440365 0.009787975810468197
v 0.003847955958917737 0.013284980319440365 0.021640000864863396
v 0.0013319839490577579 0.013285989873111248 0.022140970453619957
v 0.0006929999799467623 0.013285989873111248 0.022072970867156982
v -0.020129969343543053 0.013284980319440365 0.009192942641675472
v -0.019732950255274773 0.013284980319440365 0.009787975810468197
v -0.023145969957113266 0.013284980319440365 0.0077349538914859295
v 0.006772994063794613 0.011820970103144646 -0.020782940089702606
v 0.006754993926733732 0.013284980319440365 -0.02074396051466465
v 0.006154953967779875 0.01182997040450573 -0.020986970514059067
v 0.006754993926733732 0.013284980319440365 -0.02074396051466465
v 0.004972993861883879 0.013284980319440365 -0.02133296988904476
v 0.0059279790148139 0.01183199044317007 -0.02106194943189621
v 0.006154953967779875 0.01182997040450573 -0.020986970514059067
v 0.006754993926733732 0.013284980319440365 -0.02074396051466465
v 0.0059279790148139 0.01183199044317007 -0.02106194943189621
v 0.004972993861883879 0.013284980319440365 -0.02133296988904476
v 0.0042289490811526775 0.013284980319440365 -0.021578960120677948
v 0.005013941787183285 0.011833960190415382 -0.021363969892263412
v 0.004972993861883879 0.013284980319440365 -0.02133296988904476
v 0.005013941787183285 0.011833960190415382 -0.021363969892263412
v 0.005612968932837248 0.011833960190415382 -0.021165959537029266
v -0.02008794993162155 0.015834979712963104 0.012354959733784199
v -0.02015596069395542 0.011716959998011589 0.012377969920635223
v -0.020150000229477882 0.011712959967553616 0.01242494024336338
v 0.0018079869914799929 0.013284980319440365 -0.02411096915602684
v 0.0019159909570589662 0.013284980319440365 -0.024143990129232407
v 0.001818954013288021 0.011805949732661247 -0.024141959846019745
v -0.019880950450897217 0.017835969105362892 -0.013751979917287827
v -0.019899960607290268 0.017650960013270378 -0.013624959625303745
v -0.022038990631699562 0.014519980177283287 -0.010236970148980618
v -0.019899960607290268 0.017650960013270378 -0.013624959625303745
v -0.02008794993162155 0.015818949788808823 -0.012354959733784199
v -0.02029394917190075 0.015486950054764748 -0.012009969912469387
v -0.022038990631699562 0.014519980177283287 -0.010236970148980618
v -0.019899960607290268 0.017650960013270378 -0.013624959625303745
v -0.02187298983335495 0.014572969637811184 -0.010380979627370834
v -0.02029394917190075 0.015486950054764748 -0.012009969912469387
v -0.02187298983335495 0.014572969637811184 -0.010380979627370834
v -0.02029394917190075 0.015486950054764748 -0.012009969912469387
v -0.02187298983335495 0.014572969637811184 -0.010380979627370834
v -0.019899960607290268 0.017650960013270378 -0.013624959625303745
v -0.022038990631699562 0.014519980177283287 -0.010236970148980618
v -0.02586298994719982 0.013285989873111248 -0.006903945934027433
v -0.019880950450897217 0.017835969105362892 -0.013751979917287827
v -0.021274980157613754 0.013284980319440365 -0.004524946212768555
v -0.021286960691213608 0.012058969587087631 -0.0045279860496521
v -0.020878970623016357 0.012050979770720005 -0.006450951099395752
v -0.02199196070432663 0.014521949924528599 0.010251989588141441
v -0.02192096970975399 0.011759989894926548 0.010421990416944027
v -0.02190995030105114 0.011758980341255665 0.010434979572892189
v -0.0198739692568779 0.017837999388575554 0.013756990432739258
v -0.019882969558238983 0.01780897006392479 0.013731949962675571
v -0.019903000444173813 0.017613939940929413 0.013596950098872185
v -0.02008794993162155 0.015834979712963104 0.012354959733784199
v -0.02057497948408127 0.015054999850690365 0.011536950245499611
v -0.014854960143566132 0.0168379507958889 0.016497960314154625
v -0.02057497948408127 0.015054999850690365 0.011536950245499611
v -0.020631959661841393 0.014963979832828045 0.011441940441727638
v -0.014854960143566132 0.0168379507958889 0.016497960314154625
v -0.0198739692568779 0.017837999388575554 0.013756990432739258
v -0.019903000444173813 0.017613939940929413 0.013596950098872185
v -0.014854960143566132 0.0168379507958889 0.016497960314154625
v -0.019903000444173813 0.017613939940929413 0.013596950098872185
v -0.02008794993162155 0.015834979712963104 0.012354959733784199
v -0.014854960143566132 0.0168379507958889 0.016497960314154625
v -0.023271970450878143 0.011937970295548439 -0.007387994788587093
v -0.023223990574479103 0.013284980319440365 -0.0074079628102481365
v -0.023253969848155975 0.01193499006330967 -0.007437943946570158
v -0.023223990574479103 0.013284980319440365 -0.0074079628102481365
v -0.023051969707012177 0.013284980319440365 -0.007872997783124447
v -0.023253969848155975 0.01193499006330967 -0.007437943946570158
v 0.014743980020284653 0.014507940039038658 0.016096940264105797
v 0.012795980088412762 0.013897949829697609 0.020303960889577866
v 0.014595979824662209 0.014463960193097591 0.016198990866541862
v 0.012795980088412762 0.013897949829697609 0.020303960889577866
v 0.012387990020215511 0.013776949606835842 0.020609969273209572
v 0.010625950060784817 0.013286939822137356 0.019360950216650963
v 0.012426969595253468 0.013817960396409035 0.018184950575232506
v 0.012795980088412762 0.013897949829697609 0.020303960889577866
v 0.010625950060784817 0.013286939822137356 0.019360950216650963
v 0.012387990020215511 0.013776949606835842 0.020609969273209572
v 0.010625950060784817 0.013286939822137356 0.019360950216650963
v 0.022197959944605827 0.016839979216456413 0.0
v 0.014743980020284653 0.014507940039038658 0.016096940264105797
v 0.014595979824662209 0.014463960193097591 0.016198990866541862
v 0.014595979824662209 0.014463960193097591 0.016198990866541862
v 0.012426969595253468 0.013817960396409035 0.018184950575232506
v 0.010625950060784817 0.013286939822137356 0.019360950216650963
v 0.010625950060784817 0.013286939822137356 0.019360950216650963
v 0.008953987620770931 0.013284980319440365 -0.020120970904827118
v 0.014595979824662209 0.014463960193097591 0.016198990866541862
v 0.008953987620770931 0.013284980319440365 -0.020120970904827118
v 0.010095000267028809 0.01360797043889761 -0.01973198913037777
v 0.01232600025832653 0.014229949563741684 -0.018254989758133888
v 0.014595979824662209 0.014463960193097591 0.016198990866541862
v 0.008953987620770931 0.013284980319440365 -0.020120970904827118
v 0.01232600025832653 0.014229949563741684 -0.018254989758133888
v 0.010095000267028809 0.01360797043889761 -0.01973198913037777
v 0.012253990396857262 0.014209980145096779 -0.018319960683584213
v 0.01232600025832653 0.014229949563741684 -0.018254989758133888
v 0.010261950083076954 0.013683970086276531 -0.022071950137615204
v 0.01232600025832653 0.014229949563741684 -0.018254989758133888
v 0.012253990396857262 0.014209980145096779 -0.018319960683584213
v 0.010095000267028809 0.01360797043889761 -0.01973198913037777
v 0.008953987620770931 0.013284980319440365 -0.020120970904827118
v 0.010261950083076954 0.013683970086276531 -0.022071950137615204
v 0.008953987620770931 0.013284980319440365 -0.020120970904827118
v 0.00938498880714178 0.013436970300972462 -0.022459980100393295
v 0.010261950083076954 0.013683970086276531 -0.022071950137615204
v 0.012253990396857262 0.014209980145096779 -0.018319960683584213
v 0.010095000267028809 0.01360797043889761 -0.01973198913037777
v 0.00938498880714178 0.013436970300972462 -0.022459980100393295
v -0.0028039810713380575 0.018818970769643784 -0.023998970165848732
v -0.0022639629896730185 0.018222980201244354 -0.02412199042737484
v -0.009029983542859554 0.011482950299978256 -0.022659000009298325
v 0.0020349619444459677 0.01455795019865036 0.02415895089507103
v 0.002209960948675871 0.014508959837257862 0.024214979261159897
v 0.0022239680401980877 0.01827996037900448 0.024146970361471176
v 0.0144879799336195 0.011601979844272137 -0.019614990800619125
v 0.012996969744563103 0.016752950847148895 -0.020413989201188087
v 0.014520999975502491 0.011599949561059475 -0.019594959914684296
v 0.012996969744563103 0.016752950847148895 -0.020413989201188087
v 0.013942950405180454 0.018692970275878906 -0.019801970571279526
v 0.014520999975502491 0.011599949561059475 -0.019594959914684296
v 0.02027595043182373 0.011581949889659882 0.008625984191894531
v 0.019838979467749596 0.016824960708618164 0.008830963633954525
v 0.019840950146317482 0.016824960708618164 0.00882798433303833
v 0.019840950146317482 0.016824960708618164 0.00882798433303833
v 0.02171497978270054 0.0168379507958889 0.004615962039679289
v 0.020966939628124237 0.011563950218260288 0.007075964938849211
v 0.017008960247039795 0.020969979465007782 0.017025940120220184
v 0.017087990418076515 0.021227000281214714 0.016961989924311638
v 0.010465970262885094 0.013284980319440365 0.025074949488043785
v 0.02016800083220005 0.011563950218260288 -0.008789955638349056
v 0.019838979467749596 0.016824960708618164 -0.008831976912915707
v 0.02003997005522251 0.011566990055143833 -0.009080946445465088
v 0.019838979467749596 0.016824960708618164 -0.008831976912915707
v 0.01983696036040783 0.016824960708618164 -0.008835971355438232
v 0.02003997005522251 0.011566990055143833 -0.009080946445465088
v 0.01983696036040783 0.016824960708618164 -0.008835971355438232
v 0.017979970201849937 0.01681298017501831 -0.013063959777355194
v 0.019479990005493164 0.011573970317840576 -0.010354990139603615
v 0.0009319999371655285 0.01183598954230547 -0.02217596024274826
v 0.0013369909720495343 0.013284980319440365 -0.022154979407787323
v 0.0005489999894052744 0.011836940422654152 -0.022134000435471535
v 0.0013369909720495343 0.013284980319440365 -0.022154979407787323
v -0.00130295695271343 0.013284980319440365 -0.02186495065689087
v 0.0005489999894052744 0.011836940422654152 -0.022134000435471535
v -0.022707989439368248 0.013285989873111248 0.008703947067260742
v -0.019025979563593864 0.013285989873111248 0.01083099003881216
v -0.019025979563593864 0.013285989873111248 0.01083099003881216
v 0.00038499999209307134 0.013285989873111248 0.0220409594476223
v 0.00038499999209307134 0.013286939822137356 0.0220409594476223
v 0.00038499999209307134 0.013285989873111248 0.0220409594476223
v 0.0038029549177736044 0.013285989873111248 0.024014940485358238
v 0.00675994111225009 0.013286939822137356 0.025722980499267578
v 0.0038029549177736044 0.013286939822137356 0.024014940485358238
v 0.00675994111225009 0.013285989873111248 0.025722980499267578
v 0.0038029549177736044 0.013286939822137356 0.024014940485358238
v 0.0038029549177736044 0.013285989873111248 0.024014940485358238
v 0.00675994111225009 0.013285989873111248 0.025722980499267578
v 0.00675994111225009 0.013285989873111248 0.025722980499267578
v 0.0073699951171875 0.013286939822137356 0.026074999943375587
v -0.0002539999841246754 0.01548600010573864 0.023579949513077736
v -0.0006549999816343188 0.01582998037338257 0.023573990911245346
v -0.0006409999914467335 0.011667960323393345 0.023644980043172836
v -0.020756950601935387 0.014811989851295948 0.011230939999222755
v -0.021296970546245575 0.014710959978401661 0.01082598976790905
v -0.020843980833888054 0.011770959943532944 0.011229990050196648
v -0.02083395980298519 0.01204793993383646 0.006806969176977873
v -0.020938990637660027 0.013284980319440365 0.006214975845068693
v -0.020799990743398666 0.012046989984810352 0.006967960856854916
v -0.020938990637660027 0.013284980319440365 0.006214975845068693
v -0.02039599046111107 0.013284980319440365 0.008822976611554623
v -0.020757969468832016 0.012039950117468834 0.0071639409288764
v -0.020799990743398666 0.012046989984810352 0.006967960856854916
v -0.020938990637660027 0.013284980319440365 0.006214975845068693
v -0.020757969468832016 0.012039950117468834 0.0071639409288764
v -0.0002539999841246754 0.01548600010573864 0.023579949513077736
v 0.0002339999919058755 0.015067989937961102 0.023586979135870934
v 0.0006519999587908387 0.014808950014412403 0.02359098009765148
v 0.006435989867895842 0.013284980319440365 0.02424997091293335
v 0.006227970123291016 0.011804989539086819 0.024184999987483025
v 0.006225943099707365 0.011804989539086819 0.024191970005631447
v -0.019025979563593864 0.013285989873111248 0.01083099003881216
v -0.022707989439368248 0.013285989873111248 0.008703947067260742
v -0.019155969843268394 0.013285989873111248 0.010650989599525928
v -0.022707989439368248 0.013285989873111248 0.008703947067260742
v -0.022781960666179657 0.013285989873111248 0.008512972854077816
v -0.019732950255274773 0.013284980319440365 0.009787975810468197
v -0.019155969843268394 0.013285989873111248 0.010650989599525928
v -0.022707989439368248 0.013285989873111248 0.008703947067260742
v -0.019732950255274773 0.013284980319440365 0.009787975810468197
v 0.00038499999209307134 0.013285989873111248 0.0220409594476223
v -0.019025979563593864 0.013285989873111248 0.01083099003881216
v -0.019732950255274773 0.013284980319440365 0.009787975810468197
v -0.019025979563593864 0.013285989873111248 0.01083099003881216
v -0.019155969843268394 0.013285989873111248 0.010650989599525928
v -0.019732950255274773 0.013284980319440365 0.009787975810468197
v 0.0006929999799467623 0.013285989873111248 0.022072970867156982
v 0.0038989780005067587 0.013285989873111248 0.0240019503980875
v 0.0038029549177736044 0.013285989873111248 0.024014940485358238
v 0.008752942085266113 0.013284980319440365 -0.02486198954284191
v 0.008385956287384033 0.013284980319440365 -0.023826949298381805
v 0.008783996105194092 0.01175296027213335 -0.024892980232834816
v -0.022617990151047707 0.013285989873111248 -0.008969961665570736
v -0.01832997053861618 0.013285989873111248 -0.011699969880282879
v -0.01838194951415062 0.013285989873111248 -0.011621950194239616
v -0.01838194951415062 0.013285989873111248 -0.011621950194239616
v -0.01832997053861618 0.013285989873111248 -0.011699969880282879
v -0.0028449890669435263 0.013285989873111248 -0.02155797928571701
v 0.0006249999860301614 0.013284980319440365 -0.02360795997083187
v -0.002524971030652523 0.013284980319440365 -0.021622000262141228
v 0.00046599996858276427 0.013285989873111248 -0.023616960272192955
v -0.002524971030652523 0.013284980319440365 -0.021622000262141228
v -0.0028449890669435263 0.013285989873111248 -0.02155797928571701
v 0.00038800001493655145 0.013285989873111248 -0.023616960272192955
v 0.00046599996858276427 0.013285989873111248 -0.023616960272192955
v 0.00046599996858276427 0.013285989873111248 -0.023616960272192955
v 0.004397987853735685 0.013284980319440365 -0.025987980887293816
v 0.0006440000142902136 0.013284980319440365 -0.023620959371328354
v 0.00046599996858276427 0.013285989873111248 -0.023616960272192955
v -0.021697990596294403 0.012068980373442173 0.002595961093902588
v -0.021825959905982018 0.013284980319440365 0.001933990977704525
v -0.021496949717402458 0.013284980319440365 0.003478944068774581
v -0.021496949717402458 0.013284980319440365 0.003478944068774581
v -0.021274980157613754 0.013284980319440365 0.004524946212768555
v -0.021286960691213608 0.012058969587087631 0.0045279860496521
v -0.021637970581650734 0.012070000171661377 0.00287794996984303
v -0.021697990596294403 0.012068980373442173 0.002595961093902588
v -0.021496949717402458 0.013284980319440365 0.003478944068774581
v 0.002210973994806409 0.013284980319440365 -0.024237990379333496
v 0.0029319520108401775 0.013284980319440365 -0.02417098917067051
v 0.0023299450986087322 0.011804989539086819 -0.024251990020275116
v -0.0045279860496521 0.020667970180511475 -0.023566959425807
v -0.008939981460571289 0.025276949629187584 -0.022434940561652184
v 0.005137979052960873 0.013285989873111248 -0.02664094977080822
v 0.004601954948157072 0.013286939822137356 -0.026365989819169044
v -0.001073956023901701 0.01504599954932928 -0.0237649604678154
v -0.0014649620279669762 0.01616995967924595 -0.023907950147986412
v -0.0018499490106478333 0.01728600077331066 -0.02405094914138317
v -0.0022049539256840944 0.018180960789322853 -0.02414095029234886
v 0.004601954948157072 0.013286939822137356 -0.026365989819169044
v -0.021496949717402458 0.013284980319440365 0.003478944068774581
v 0.006694972049444914 0.013284980319440365 0.02076398953795433
v -0.021274980157613754 0.013284980319440365 0.004524946212768555
v 0.006694972049444914 0.013284980319440365 0.02076398953795433
v 0.005969941150397062 0.013284980319440365 0.02099894918501377
v -0.021274980157613754 0.013284980319440365 0.004524946212768555
v -0.020938990637660027 0.013284980319440365 0.006214975845068693
v -0.027170950546860695 0.013284980319440365 0.0
v -0.021496949717402458 0.013284980319440365 0.003478944068774581
v -0.02444899082183838 0.013284980319440365 0.006950973998755217
v -0.021496949717402458 0.013284980319440365 0.003478944068774581
v -0.021274980157613754 0.013284980319440365 0.004524946212768555
v -0.023826949298381805 0.013284980319440365 0.006903945934027433
v -0.023826949298381805 0.013284980319440365 0.006903945934027433
v -0.021274980157613754 0.013284980319440365 0.004524946212768555
v -0.02349996007978916 0.013284980319440365 0.007095992099493742
v -0.020938990637660027 0.013284980319440365 0.006214975845068693
v -0.02039599046111107 0.013284980319440365 0.008822976611554623
v -0.023253969848155975 0.013284980319440365 0.0075029730796813965
v -0.021274980157613754 0.013284980319440365 0.004524946212768555
v -0.020938990637660027 0.013284980319440365 0.006214975845068693
v -0.02349996007978916 0.013284980319440365 0.007095992099493742
v -0.023839950561523438 0.013284980319440365 0.006904959212988615
v -0.021496949717402458 0.013284980319440365 0.003478944068774581
v -0.023826949298381805 0.013284980319440365 0.006903945934027433
v -0.023839950561523438 0.013284980319440365 0.006904959212988615
v -0.021496949717402458 0.013284980319440365 0.003478944068774581
v -0.020938990637660027 0.013284980319440365 0.006214975845068693
v -0.023253969848155975 0.013284980319440365 0.0075029730796813965
v -0.02333693951368332 0.013284980319440365 0.007326960097998381
v -0.02333693951368332 0.013284980319440365 0.007326960097998381
v -0.02444899082183838 0.013284980319440365 0.006950973998755217
v -0.023839950561523438 0.013284980319440365 0.006904959212988615
v -0.02333693951368332 0.013284980319440365 0.007326960097998381
v -0.023839950561523438 0.013284980319440365 0.006904959212988615
v -0.023826949298381805 0.013284980319440365 0.006903945934027433
v -0.02349996007978916 0.013284980319440365 0.007095992099493742
v -0.017610959708690643 0.011813989840447903 -0.012806950137019157
v -0.017590990290045738 0.014116999693214893 -0.012786979787051678
v -0.01831096038222313 0.013285989873111248 -0.011729000136256218
v -0.017610959708690643 0.011813989840447903 -0.012806950137019157
v -0.01831096038222313 0.013285989873111248 -0.011729000136256218
v -0.01832997053861618 0.013285989873111248 -0.011699969880282879
v -0.018830949440598488 0.013284980319440365 -0.010948950424790382
v -0.019318990409374237 0.011913949623703957 -0.010248949751257896
v -0.01838194951415062 0.013285989873111248 -0.011621950194239616
v -0.019318990409374237 0.011913949623703957 -0.010248949751257896
v -0.017610959708690643 0.011813989840447903 -0.012806950137019157
v -0.01838194951415062 0.013285989873111248 -0.011621950194239616
v -0.014854960143566132 0.0168379507958889 -0.016497960314154625
v -0.017117969691753387 0.014587990008294582 -0.013429990038275719
v -0.016550950706005096 0.011759989894926548 -0.014267980121076107
v -0.017117969691753387 0.014587990008294582 -0.013429990038275719
v -0.017590990290045738 0.014116999693214893 -0.012786979787051678
v -0.016550950706005096 0.011759989894926548 -0.014267980121076107
v -0.005667984019964933 0.015160970389842987 -0.021156959235668182
v -0.006859958171844482 0.0168379507958889 -0.021112969145178795
v -0.001073956023901701 0.01504599954932928 -0.0237649604678154
v 0.02046399936079979 0.025276949629187584 -0.01282494980841875
v 0.013942950405180454 0.018692970275878906 -0.019801970571279526
v 0.015345989726483822 0.02149396948516369 -0.018624959513545036
v 0.013942950405180454 0.018692970275878906 -0.019801970571279526
v 0.01443296018987894 0.02004295028746128 -0.01947695016860962
v 0.015345989726483822 0.02149396948516369 -0.018624959513545036
v -0.0171470008790493 0.014941990375518799 0.0134349400177598
v -0.014854960143566132 0.0168379507958889 0.016497960314154625
v -0.015385979786515236 0.011684950441122055 0.016013970598578453
v 0.0019159909570589662 0.013284980319440365 -0.024143990129232407
v 0.002210973994806409 0.013284980319440365 -0.024237990379333496
v 0.0022009611129760742 0.011803979985415936 -0.02426397055387497
v -0.02029394917190075 0.015486950054764748 -0.012009969912469387
v -0.02008794993162155 0.015818949788808823 -0.012354959733784199
v -0.02015596069395542 0.011712959967553616 -0.012377969920635223
v -0.02349996007978916 0.013284980319440365 0.007095992099493742
v -0.023826949298381805 0.013284980319440365 0.006903945934027433
v -0.023564990609884262 0.011936959810554981 0.007165967952460051
v 0.014595979824662209 0.014463960193097591 0.016198990866541862
v 0.014671980403363705 0.011730959638953209 0.016268959268927574
v 0.013326999731361866 0.011766970157623291 0.017479000613093376
v -0.023652970790863037 0.013284980319440365 -0.007006943225860596
v -0.023310000076889992 0.011937970295548439 -0.007351994048804045
v -0.023783979937434196 0.011929979547858238 -0.00700294878333807
v 0.012795980088412762 0.013897949829697609 0.020303960889577866
v 0.014743980020284653 0.014507940039038658 0.016096940264105797
v 0.013389999978244305 0.014118960127234459 0.01985895074903965
v 0.014743980020284653 0.014507940039038658 0.016096940264105797
v 0.014854960143566132 0.014548949897289276 0.01602094992995262
v 0.013389999978244305 0.014118960127234459 0.01985895074903965
v -0.023223990574479103 0.013284980319440365 -0.0074079628102481365
v -0.023271970450878143 0.011937970295548439 -0.007387994788587093
v -0.023284969851374626 0.011938979849219322 -0.007370947860181332
v 0.0042289490811526775 0.013284980319440365 -0.021578960120677948
v 0.0013369909720495343 0.013284980319440365 -0.022154979407787323
v 0.0009319999371655285 0.01183598954230547 -0.02217596024274826
v 0.006176948081701994 0.013284980319440365 0.023959990590810776
v 0.006435989867895842 0.013284980319440365 0.02424997091293335
v 0.006472945213317871 0.013550990261137486 0.024261949583888054
v -0.02057497948408127 0.015054999850690365 0.011536950245499611
v -0.0207819901406765 0.01176995038986206 0.011290960013866425
v -0.02015596069395542 0.011716959998011589 0.012377969920635223
v 0.010050949640572071 0.013284980319440365 0.0197449903935194
v 0.01037800032645464 0.013284980319440365 0.022392980754375458
v 0.009993970394134521 0.013284980319440365 0.019782960414886475
v 0.01037800032645464 0.013284980319440365 0.022392980754375458
v 0.01030099019408226 0.013284980319440365 0.022511949762701988
v 0.0075559611432254314 0.013284980319440365 0.02057497948408127
v 0.009993970394134521 0.013284980319440365 0.019782960414886475
v 0.01037800032645464 0.013284980319440365 0.022392980754375458
v 0.0075559611432254314 0.013284980319440365 0.02057497948408127
v 0.010383959859609604 0.013284980319440365 0.02289997972548008
v 0.010383959859609604 0.013284980319440365 0.02289997972548008
v 0.0075559611432254314 0.013284980319440365 0.02057497948408127
v 0.010383959859609604 0.013284980319440365 0.02289997972548008
v 0.0075559611432254314 0.013284980319440365 0.02057497948408127
v 0.004972993861883879 0.013284980319440365 -0.02133296988904476
v 0.010050949640572071 0.013284980319440365 0.0197449903935194
v 0.0075559611432254314 0.013284980319440365 0.02057497948408127
v 0.010050949640572071 0.013284980319440365 0.0197449903935194
v 0.009993970394134521 0.013284980319440365 0.019782960414886475
v 0.0075559611432254314 0.013284980319440365 0.02057497948408127
v 0.0075559611432254314 0.013284980319440365 0.02057497948408127
v -0.021326949819922447 0.013284980319440365 -0.004265964031219482
v -0.0020849700085818768 0.013284980319440365 -0.021709969267249107
v 0.004972993861883879 0.013284980319440365 -0.02133296988904476
v -0.0020849700085818768 0.013284980319440365 -0.021709969267249107
v -0.00130295695271343 0.013284980319440365 -0.02186495065689087
v -0.021326949819922447 0.013284980319440365 -0.004265964031219482
v -0.021274980157613754 0.013284980319440365 -0.004524946212768555
v -0.0020849700085818768 0.013284980319440365 -0.021709969267249107
v -0.021274980157613754 0.013284980319440365 -0.004524946212768555
v -0.0207249503582716 0.013284980319440365 -0.007115960121154785
v -0.01923798955976963 0.013284980319440365 -0.010389979928731918
v -0.0207249503582716 0.013284980319440365 -0.007115960121154785
v -0.020387940108776093 0.013284980319440365 -0.008805990219116211
v -0.01923798955976963 0.013284980319440365 -0.010389979928731918
v -0.01923798955976963 0.013284980319440365 -0.010389979928731918
v -0.0020849700085818768 0.013284980319440365 -0.021709969267249107
v -0.021274980157613754 0.013284980319440365 -0.004524946212768555
v -0.00130295695271343 0.013284980319440365 -0.02186495065689087
v 0.0013369909720495343 0.013284980319440365 -0.022154979407787323
v 0.0042289490811526775 0.013284980319440365 -0.021578960120677948
v 0.0042289490811526775 0.013284980319440365 -0.021578960120677948
v 0.004972993861883879 0.013284980319440365 -0.02133296988904476
v -0.00130295695271343 0.013284980319440365 -0.02186495065689087
v 0.004397987853735685 0.013284980319440365 -0.025987980887293816
v 0.004972993861883879 0.013284980319440365 -0.02133296988904476
v 0.004229961894452572 0.013284980319440365 -0.024625949561595917
v 0.004972993861883879 0.013284980319440365 -0.02133296988904476
v 0.0042289490811526775 0.013284980319440365 -0.021578960120677948
v 0.004229961894452572 0.013284980319440365 -0.024625949561595917
v 0.004229961894452572 0.013284980319440365 -0.024625949561595917
v 0.004215954802930355 0.013284980319440365 -0.024894950911402702
v 0.004216969013214111 0.013284980319440365 -0.024899950250983238
v 0.003662942908704281 0.013284980319440365 -0.024182969704270363
v 0.004126965068280697 0.013284980319440365 -0.02454995922744274
v 0.0042289490811526775 0.013284980319440365 -0.021578960120677948
v 0.004126965068280697 0.013284980319440365 -0.02454995922744274
v 0.004229961894452572 0.013284980319440365 -0.024625949561595917
v 0.0042289490811526775 0.013284980319440365 -0.021578960120677948
v 0.004229961894452572 0.013284980319440365 -0.024625949561595917
v 0.004216969013214111 0.013284980319440365 -0.024899950250983238
v 0.004397987853735685 0.013284980319440365 -0.025987980887293816
v -0.00130295695271343 0.013284980319440365 -0.02186495065689087
v -0.0020849700085818768 0.013284980319440365 -0.021709969267249107
v 0.001088976045139134 0.013284980319440365 -0.023803940042853355
v 0.001088976045139134 0.013284980319440365 -0.023803940042853355
v 0.0018079869914799929 0.013284980319440365 -0.02411096915602684
v 0.0013369909720495343 0.013284980319440365 -0.022154979407787323
v 0.0018079869914799929 0.013284980319440365 -0.02411096915602684
v 0.0019159909570589662 0.013284980319440365 -0.024143990129232407
v 0.0013369909720495343 0.013284980319440365 -0.022154979407787323
v 0.0019159909570589662 0.013284980319440365 -0.024143990129232407
v 0.002210973994806409 0.013284980319440365 -0.024237990379333496
v 0.0029319520108401775 0.013284980319440365 -0.02417098917067051
v 0.0019159909570589662 0.013284980319440365 -0.024143990129232407
v 0.0029319520108401775 0.013284980319440365 -0.02417098917067051
v 0.0013369909720495343 0.013284980319440365 -0.022154979407787323
v 0.0029319520108401775 0.013284980319440365 -0.02417098917067051
v 0.0034519429318606853 0.013284980319440365 -0.024143990129232407
v 0.0042289490811526775 0.013284980319440365 -0.021578960120677948
v 0.0013369909720495343 0.013284980319440365 -0.022154979407787323
v 0.0029319520108401775 0.013284980319440365 -0.02417098917067051
v 0.0042289490811526775 0.013284980319440365 -0.021578960120677948
v -0.00130295695271343 0.013284980319440365 -0.02186495065689087
v 0.001088976045139134 0.013284980319440365 -0.023803940042853355
v 0.0013369909720495343 0.013284980319440365 -0.022154979407787323
v 0.004397987853735685 0.013284980319440365 -0.025987980887293816
v 0.004216969013214111 0.013284980319440365 -0.024899950250983238
v 0.004215954802930355 0.013284980319440365 -0.024894950911402702
v 0.004215954802930355 0.013284980319440365 -0.024894950911402702
v 0.004229961894452572 0.013284980319440365 -0.024625949561595917
v 0.004126965068280697 0.013284980319440365 -0.02454995922744274
v 0.004126965068280697 0.013284980319440365 -0.02454995922744274
v 0.003662942908704281 0.013284980319440365 -0.024182969704270363
v 0.004215954802930355 0.013284980319440365 -0.024894950911402702
v 0.003662942908704281 0.013284980319440365 -0.024182969704270363
v 0.0034519429318606853 0.013284980319440365 -0.024143990129232407
v 0.004215954802930355 0.013284980319440365 -0.024894950911402702
v 0.0034519429318606853 0.013284980319440365 -0.024143990129232407
v 0.0029319520108401775 0.013284980319440365 -0.02417098917067051
v 0.004215954802930355 0.013284980319440365 -0.024894950911402702
v 0.0029319520108401775 0.013284980319440365 -0.02417098917067051
v 0.002210973994806409 0.013284980319440365 -0.024237990379333496
v 0.002210973994806409 0.013284980319440365 -0.024237990379333496
v 0.0019159909570589662 0.013284980319440365 -0.024143990129232407
v 0.004397987853735685 0.013284980319440365 -0.025987980887293816
v 0.0019159909570589662 0.013284980319440365 -0.024143990129232407
v 0.0018079869914799929 0.013284980319440365 -0.02411096915602684
v 0.004397987853735685 0.013284980319440365 -0.025987980887293816
v 0.0018079869914799929 0.013284980319440365 -0.02411096915602684
v -0.023051969707012177 0.013284980319440365 -0.007872997783124447
v -0.01923798955976963 0.013284980319440365 -0.010389979928731918
v -0.020387940108776093 0.013284980319440365 -0.008805990219116211
v -0.020387940108776093 0.013284980319440365 -0.008805990219116211
v -0.0207249503582716 0.013284980319440365 -0.007115960121154785
v -0.023051969707012177 0.013284980319440365 -0.007872997783124447
v -0.0207249503582716 0.013284980319440365 -0.007115960121154785
v -0.021274980157613754 0.013284980319440365 -0.004524946212768555
v -0.02336394041776657 0.013284980319440365 -0.007216989062726498
v -0.023051969707012177 0.013284980319440365 -0.007872997783124447
v -0.0207249503582716 0.013284980319440365 -0.007115960121154785
v -0.023223990574479103 0.013284980319440365 -0.0074079628102481365
v -0.021274980157613754 0.013284980319440365 -0.004524946212768555
v -0.021326949819922447 0.013284980319440365 -0.004265964031219482
v -0.02376996912062168 0.013284980319440365 -0.006920992862433195
v -0.021326949819922447 0.013284980319440365 -0.004265964031219482
v -0.02444899082183838 0.013284980319440365 -0.006950973998755217
v -0.02376996912062168 0.013284980319440365 -0.006920992862433195
v -0.02376996912062168 0.013284980319440365 -0.006920992862433195
v -0.023652970790863037 0.013284980319440365 -0.007006943225860596
v -0.021274980157613754 0.013284980319440365 -0.004524946212768555
v -0.023652970790863037 0.013284980319440365 -0.007006943225860596
v -0.02336394041776657 0.013284980319440365 -0.007216989062726498
v -0.021274980157613754 0.013284980319440365 -0.004524946212768555
v -0.023223990574479103 0.013284980319440365 -0.0074079628102481365
v -0.023223990574479103 0.013284980319440365 -0.0074079628102481365
v -0.02336394041776657 0.013284980319440365 -0.007216989062726498
v -0.023652970790863037 0.013284980319440365 -0.007006943225860596
v -0.023652970790863037 0.013284980319440365 -0.007006943225860596
v -0.02376996912062168 0.013284980319440365 -0.006920992862433195
v -0.02444899082183838 0.013284980319440365 -0.006950973998755217
v 0.008301973342895508 0.013284980319440365 -0.023418959230184555
v 0.008667944930493832 0.011808989569544792 -0.022852949798107147
v 0.008361995220184326 0.01179599016904831 -0.023526959121227264
v -0.006859958171844482 0.0168379507958889 0.021112969145178795
v 0.0002339999919058755 0.015067989937961102 0.023586979135870934
v -0.0002539999841246754 0.01548600010573864 0.023579949513077736
v -0.006859958171844482 0.0168379507958889 0.021112969145178795
v -0.0002539999841246754 0.01548600010573864 0.023579949513077736
v -0.0006549999816343188 0.01582998037338257 0.023573990911245346
v -0.001842975034378469 0.017726000398397446 0.024038970470428467
v -0.006859958171844482 0.0168379507958889 0.021112969145178795
v -0.006859958171844482 0.0168379507958889 0.021112969145178795
v -0.0006549999816343188 0.01582998037338257 0.023573990911245346
v -0.0016979570500552654 0.01749294064939022 0.023980969563126564
v 0.012996969744563103 0.016752950847148895 -0.020413989201188087
v 0.011915979906916618 0.01453595981001854 -0.021112969145178795
v 0.008587956428527832 0.013286939822137356 -0.025529980659484863
v 0.00952595379203558 0.01177894975990057 -0.020018989220261574
v 0.010095000267028809 0.01360797043889761 -0.01973198913037777
v 0.008953987620770931 0.013284980319440365 -0.020120970904827118
v 0.008921979926526546 0.013284980319440365 -0.02013099007308483
v 0.007474957965314388 0.013284980319440365 -0.020600970834493637
v 0.007792949210852385 0.011805949732661247 -0.0205799899995327
v 0.00952595379203558 0.01177894975990057 -0.020018989220261574
v 0.008953987620770931 0.013284980319440365 -0.020120970904827118
v 0.008921979926526546 0.013284980319440365 -0.02013099007308483
v 0.010631970129907131 0.011738000437617302 -0.02194695919752121
v 0.010632989928126335 0.013799959793686867 -0.02192497067153454
v 0.011007959954440594 0.013942000456154346 -0.0216749906539917
v 0.011915979906916618 0.01453595981001854 -0.021112969145178795
v 0.012996969744563103 0.016752950847148895 -0.020413989201188087
v 0.014075989834964275 0.011625939980149269 -0.019863959401845932
v 0.012996969744563103 0.016752950847148895 -0.020413989201188087
v 0.0144879799336195 0.011601979844272137 -0.019614990800619125
v 0.014075989834964275 0.011625939980149269 -0.019863959401845932
v 0.010631970129907131 0.011738000437617302 -0.02194695919752121
v 0.011007959954440594 0.013942000456154346 -0.0216749906539917
v 0.011915979906916618 0.01453595981001854 -0.021112969145178795
v -0.006097971927374601 0.011717969551682472 -0.020943989977240562
v -0.004320979118347168 0.014093990437686443 -0.021247979253530502
v -0.005667984019964933 0.015160970389842987 -0.021156959235668182
v -0.005667984019964933 0.015160970389842987 -0.021156959235668182
v -0.006859958171844482 0.0168379507958889 -0.021112969145178795
v -0.00788098480552435 0.011664980091154575 -0.020752960816025734
v -0.021326949819922447 0.013284980319440365 -0.004265964031219482
v 0.0075559611432254314 0.013284980319440365 0.02057497948408127
v 0.006754993926733732 0.013284980319440365 0.02074396051466465
v 0.0075559611432254314 0.013284980319440365 0.02057497948408127
v 0.007474957965314388 0.013284980319440365 0.020600970834493637
v 0.006754993926733732 0.013284980319440365 0.02074396051466465
v 0.006754993926733732 0.013284980319440365 0.02074396051466465
v 0.006694972049444914 0.013284980319440365 0.02076398953795433
v -0.021496949717402458 0.013284980319440365 0.003478944068774581
v -0.021825959905982018 0.013284980319440365 0.001933990977704525
v -0.022210950031876564 0.013284980319440365 0.0
v -0.0216599702835083 0.013284980319440365 -0.0025909540709108114
v -0.0216599702835083 0.013284980319440365 -0.0025909540709108114
v -0.021326949819922447 0.013284980319440365 -0.004265964031219482
v -0.021496949717402458 0.013284980319440365 0.003478944068774581
v -0.021326949819922447 0.013284980319440365 -0.004265964031219482
v 0.006754993926733732 0.013284980319440365 0.02074396051466465
v -0.021496949717402458 0.013284980319440365 0.003478944068774581
v -0.02444899082183838 0.013284980319440365 -0.006950973998755217
v -0.021326949819922447 0.013284980319440365 -0.004265964031219482
v -0.0216599702835083 0.013284980319440365 -0.0025909540709108114
v -0.0216599702835083 0.013284980319440365 -0.0025909540709108114
v -0.027170950546860695 0.013284980319440365 0.0
v -0.0216599702835083 0.013284980319440365 -0.0025909540709108114
v -0.022210950031876564 0.013284980319440365 0.0
v -0.027170950546860695 0.013284980319440365 0.0
v -0.027170950546860695 0.013284980319440365 0.0
v -0.021825959905982018 0.013284980319440365 0.001933990977704525
v 0.018231980502605438 0.0037889480590820312 -0.027217980474233627
v 0.07255297154188156 0.006788969039916992 -0.027100980281829834
v 0.019241979345679283 0.00204199505969882 -0.027287960052490234
v 0.07255297154188156 0.006788969039916992 -0.027100980281829834
v 0.0741029903292656 0.0 -0.027369970455765724
v 0.019343970343470573 0.0 -0.02736896090209484
v 0.019241979345679283 0.00204199505969882 -0.027287960052490234
v 0.07255297154188156 0.006788969039916992 -0.027100980281829834
v 0.01938498020172119 0.0010409950045868754 -0.027327949181199074
v 0.07133597135543823 5.8999998145736754e-05 0.027366990223526955
v 0.07242094725370407 0.0032979839015752077 0.027215000241994858
v 0.06845294684171677 0.010220999829471111 0.026900939643383026
v 0.06845294684171677 0.010220999829471111 0.026900939643383026
v 0.016225989907979965 0.007283985149115324 0.02707194909453392
v 0.04134899005293846 0.0 0.027367940172553062
v 0.016225989907979965 0.007283985149115324 0.02707194909453392
v 0.01635395921766758 0.0070829978212714195 0.02707999013364315
v 0.04134899005293846 0.0 0.027367940172553062
v 0.01635395921766758 0.0070829978212714195 0.02707999013364315
v 0.01648998074233532 0.002280950080603361 0.02727496065199375
v 0.04134899005293846 0.0 0.027367940172553062
v 0.04134899005293846 0.0 0.027367940172553062
v 0.049998991191387177 0.0 0.02736896090209484
v 0.06845294684171677 0.010220999829471111 0.026900939643383026
v 0.049998991191387177 0.0 0.02736896090209484
v 0.07131797075271606 0.0 0.027370980009436607
v 0.07131998986005783 9.000000318337698e-06 0.027369970455765724
v 0.049998991191387177 0.0 0.02736896090209484
v 0.07131998986005783 9.000000318337698e-06 0.027369970455765724
v 0.06845294684171677 0.010220999829471111 0.026900939643383026
v 0.07132195681333542 1.5999999959603883e-05 0.02736896090209484
v 0.07133597135543823 5.8999998145736754e-05 0.027366990223526955
v 0.06845294684171677 0.010220999829471111 0.026900939643383026
v 0.07437998056411743 -0.024629950523376465 0.02256596088409424
v 0.07437998056411743 -0.024629950523376465 0.022556960582733154
v 0.07438796013593674 -0.02462898939847946 0.02259998954832554
v 0.07437998056411743 -0.024629950523376465 0.022556960582733154
v 0.07437998056411743 -0.02462898939847946 0.02247196063399315
v 0.07438796013593674 -0.02462898939847946 0.02259998954832554
v 0.07437998056411743 -0.02462898939847946 0.02247196063399315
v 0.07438796013593674 -0.02462898939847946 0.02259998954832554
v 0.07438098639249802 -0.024629950523376465 0.02259998954832554
v 0.07437998056411743 -0.024629950523376465 0.02256596088409424
v 0.07431095093488693 0.0 0.027369970455765724
v 0.07242398709058762 0.003617942100390792 0.02715498022735119
v 0.07263296097517014 0.002927958033978939 0.027240989729762077
v 0.07242398709058762 0.003617942100390792 0.02715498022735119
v 0.0724259614944458 0.003336966037750244 0.027209989726543427
v 0.07263296097517014 0.002927958033978939 0.027240989729762077
v 0.07439099997282028 -0.024626970291137695 0.022630980238318443
v 0.07438497990369797 -0.02462095022201538 0.022640999406576157
v 0.07438600063323975 -0.024626970291137695 0.022630980238318443
v 0.06887000054121017 0.010433970019221306 0.02674894966185093
v 0.07352995127439499 0.008833943866193295 0.022255949676036835
v 0.0688929483294487 0.01044297032058239 0.02641195058822632
v 0.07352995127439499 0.008833943866193295 0.022255949676036835
v 0.073527991771698 0.00883698370307684 0.022177990525960922
v 0.0688929483294487 0.01044297032058239 0.02641195058822632
v 0.07018399238586426 0.010437959805130959 0.007650970946997404
v 0.07018399238586426 0.010437959805130959 0.007650970946997404
v 0.0688929483294487 0.01044297032058239 0.02641195058822632
v 0.073527991771698 0.00883698370307684 0.022177990525960922
v 0.07315199822187424 -0.020542969927191734 0.02481894940137863
v 0.07448195666074753 -0.0242189709097147 0.023204980418086052
v 0.0745689794421196 -0.024230949580669403 0.02319793961942196
v 0.07133995741605759 0.0 0.027369970455765724
v 0.07131797075271606 0.0 0.027370980009436607
v 0.07131897658109665 -1.2000000424450263e-05 0.02736896090209484
v 0.07131897658109665 -1.2000000424450263e-05 0.02736896090209484
v 0.07132399082183838 -4.8000001697801054e-05 0.027367940172553062
v 0.07133995741605759 0.0 0.027369970455765724
v 0.07132399082183838 -4.8000001697801054e-05 0.027367940172553062
v 0.0727989599108696 -0.00718998908996582 0.027081960812211037
v 0.07431095093488693 0.0 0.027369970455765724
v 0.07439099997282028 -0.024626970291137695 0.022630980238318443
v 0.07438600063323975 -0.024626970291137695 0.022630980238318443
v 0.07438796013593674 -0.024629950523376465 0.02259998954832554
v 0.07438796013593674 -0.02462898939847946 0.02259998954832554
v 0.07438098639249802 -0.024629950523376465 0.02259998954832554
v 0.07439099997282028 -0.024626970291137695 0.022630980238318443
v 0.07438796013593674 -0.024629950523376465 0.02259998954832554
v 0.07440494745969772 -0.024626970291137695 0.022630980238318443
v 0.07438796013593674 -0.024629950523376465 0.02259998954832554
v 0.07438796013593674 -0.02462898939847946 0.02259998954832554
v 0.07550597190856934 -0.024629950523376465 0.02262997068464756
v 0.07550597190856934 -0.024629950523376465 0.02262997068464756
v 0.07440494745969772 -0.024626970291137695 0.022630980238318443
v 0.07438796013593674 -0.024629950523376465 0.02259998954832554
v 0.07131797075271606 0.0 0.027370980009436607
v 0.0727989599108696 -0.00718998908996582 0.027081960812211037
v 0.07131797075271606 0.0 0.027370980009436607
v 0.07358299940824509 0.00956797506660223 -0.007415949832648039
v 0.07438497990369797 -0.02462095022201538 0.022640999406576157
v 0.07438497990369797 -0.02462095022201538 0.022640999406576157
v 0.07442598789930344 -0.024446960538625717 0.022969959303736687
v 0.07442598789930344 -0.024446960538625717 0.022969959303736687
v 0.07427597045898438 -0.024236969649791718 0.02314697951078415
v 0.07427798956632614 -0.02446799911558628 0.022753000259399414
v 0.07430899143218994 -0.02450799010694027 -0.009183943271636963
v 0.07409799098968506 -2.499999936844688e-05 -0.02736896090209484
v 0.0741029903292656 0.0 -0.027369970455765724
v 0.07496798038482666 0.0 -0.027369970455765724
v 0.0742979571223259 -0.024501970037817955 -0.014199970290064812
v 0.07450895756483078 -0.024501970037817955 -0.014249980449676514
v 0.07452099770307541 -0.024505969136953354 -0.013807949610054493
v 0.07409799098968506 -2.499999936844688e-05 -0.02736896090209484
v 0.0741029903292656 0.0 -0.027369970455765724
v 0.06887000054121017 0.010433970019221306 0.02674894966185093
v 0.07242398709058762 0.003617942100390792 0.02715498022735119
v 0.07245098799467087 0.004220962058752775 0.026897959411144257
v 0.07257299870252609 0.004783987067639828 0.026593979448080063
v 0.07325296849012375 0.007493971846997738 0.025074949488043785
v 0.06887000054121017 0.010433970019221306 0.02674894966185093
v 0.07458095997571945 -0.02423197031021118 0.02319698967039585
v 0.07454799860715866 -0.024236969649791718 0.02319495938718319
v 0.07457195967435837 -0.02427195943892002 0.0231739804148674
v 0.07457195967435837 -0.02427195943892002 0.0231739804148674
v 0.07458894699811935 -0.02428697980940342 0.023166000843048096
v 0.07458095997571945 -0.02423197031021118 0.02319698967039585
v 0.07458894699811935 -0.02428697980940342 0.023166000843048096
v 0.07469999045133591 -0.024368999525904655 0.023118970915675163
v 0.07458095997571945 -0.02423197031021118 0.02319698967039585
v 0.07458095997571945 -0.02423197031021118 0.02319698967039585
v 0.075640968978405 -0.024371979758143425 0.023117950186133385
v 0.07448195666074753 -0.0242189709097147 0.023204980418086052
v 0.07448195666074753 -0.0242189709097147 0.023204980418086052
v 0.07454799860715866 -0.024236969649791718 0.02319495938718319
v 0.07358299940824509 0.00956797506660223 -0.007415949832648039
v 0.07358299940824509 0.00956797506660223 -0.007415949832648039
v 0.07430899143218994 -0.024505969136953354 -0.009183943271636963
v 0.07429897040128708 -0.024505969136953354 -0.013756990432739258
v 0.0742979571223259 -0.024501970037817955 -0.014199970290064812
v 0.07429897040128708 -0.024505969136953354 -0.013756990432739258
v 0.0724259614944458 0.003336966037750244 0.027209989726543427
v 0.0724259614944458 0.0033149709925055504 0.027213990688323975
v 0.07635294646024704 0.013896999880671501 0.02692198008298874
v 0.07655096054077148 0.017109990119934082 0.02628397010266781
v 0.07242398709058762 0.003617942100390792 0.02715498022735119
v 0.0724259614944458 0.003336966037750244 0.027209989726543427
v 0.07635294646024704 0.013896999880671501 0.02692198008298874
usemtl material_black_004
f 1 2 3
f 4 5 6
f 7 8 9
f 10 11 12
f 13 14 15
f 16 17 18
f 19 20 21
f 22 23 24
f 25 26 27
f 28 29 30
f 31 32 33
f 34 35 36
f 37 38 39
f 40 41 42
f 43 44 45
f 46 47 48
f 49 50 51
f 52 53 54
f 55 56 57
f 58 59 60
f 61 62 63
f 64 65 66
f 67 68 69
f 70 71 72
f 73 74 75
f 76 77 78
f 79 80 81
f 82 83 84
f 85 86 87
f 88 89 90
f 91 92 93
f 94 95 96
f 97 98 99
f 100 101 102
f 103 104 105
f 106 107 108
f 109 110 111
f 112 113 114
f 115 116 117
f 118 119 120
f 121 122 123
f 124 125 126
f 127 128 129
f 130 73 75
f 131 132 133
f 134 135 136
f 137 138 139
f 140 141 142
f 143 144 145
f 146 147 148
f 95 94 149
f 150 151 152
f 153 154 155
f 156 157 158
f 159 160 161
f 162 163 164
f 165 166 167
f 168 169 170
f 171 172 173
f 174 175 176
f 177 178 179
f 180 181 182
f 183 184 185
f 186 187 188
f 189 190 191
f 192 193 194
f 195 196 197
f 198 199 200
f 201 202 203
f 204 205 206
f 207 208 209
f 210 211 212
f 213 214 215
f 216 217 218
f 219 220 221
f 222 223 224
f 225 226 227
f 228 229 230
f 231 232 233
f 234 235 236
f 237 238 239
f 240 241 242
f 243 244 245
f 246 247 248
f 249 250 251
f 252 253 254
f 255 256 257
f 258 259 260
f 261 262 263
f 264 265 266
f 267 268 269
f 270 271 272
f 273 274 275
f 276 277 278
f 279 280 281
f 282 283 284
f 285 286 287
f 288 289 290
f 291 292 293
f 294 295 296
f 297 298 299
f 300 301 302
f 303 304 305
f 306 307 308
f 309 310 311
f 312 313 314
f 315 316 317
f 318 319 320
f 321 322 323
f 324 325 326
f 327 328 329
f 330 331 332
f 333 334 335
f 336 337 338
f 339 340 341
f 342 343 344
f 345 346 347
f 348 349 350
f 351 352 353
f 354 222 224
f 355 356 357
f 358 359 360
f 361 362 363
f 364 365 366
f 367 368 369
f 370 371 372
f 373 374 375
f 376 377 378
f 379 380 381
f 382 383 384
f 385 386 387
f 388 389 390
f 391 392 393
f 394 395 396
f 397 398 399
f 400 401 402
f 403 404 405
f 406 407 408
f 409 410 411
f 412 413 414
f 415 416 417
f 418 419 420
f 421 422 423
f 424 425 426
f 427 428 429
f 430 431 432
f 433 434 435
f 436 437 438
f 439 440 441
f 442 443 444
f 445 446 447
f 448 449 450
f 451 452 453
f 454 455 456
f 457 458 459
f 460 461 462
f 463 464 465
f 466 467 468
f 469 470 471
f 472 473 474
f 406 475 407
f 246 248 476
f 79 81 477
f 65 478 66
f 479 480 481
f 482 483 484
f 485 486 487
f 488 489 490
f 491 492 493
f 494 495 496
f 497 498 499
f 500 501 502
f 503 504 505
f 506 507 508
f 509 510 511
f 512 513 514
f 515 516 517
f 518 519 520
f 521 522 523
f 524 525 526
f 527 528 529
f 530 531 532
f 533 534 535
f 536 537 538
f 539 540 541
f 542 543 544
f 545 546 547
f 548 549 550
f 551 552 553
f 554 555 556
f 557 558 559
f 169 560 170
f 561 562 563
f 564 565 566
f 567 568 569
f 570 571 572
f 573 574 575
f 576 577 578
f 579 580 581
f 582 583 584
f 585 586 587
f 588 589 590
f 591 592 593
f 594 595 596
f 597 598 599
f 600 601 602
f 603 604 605
f 606 607 608
f 609 610 611
f 612 613 614
f 615 616 617
f 618 619 620
f 621 622 623
f 624 625 626
f 627 127 129
f 628 629 630
f 631 632 633
f 634 635 636
f 637 175 174
f 638 639 640
f 641 642 643
f 644 645 646
f 647 648 649
f 650 651 652
f 653 415 654
f 655 656 657
f 658 659 660
f 661 662 663
f 664 665 666
f 667 668 669
f 670 671 672
f 673 674 675
f 676 677 678
f 679 132 131
f 680 241 240
f 681 397 399
f 682 352 351
f 388 683 389
f 684 685 686
f 687 684 686
f 688 198 200
f 689 491 493
f 690 691 692
f 693 694 695
f 696 697 698
f 699 700 701
f 702 82 84
f 703 704 705
f 704 706 705
f 707 708 709
f 710 711 712
f 713 714 715
f 716 717 718
f 719 720 721
f 722 723 724
f 723 725 724
f 726 727 728
f 727 726 729
f 730 731 732
f 731 733 732
f 734 735 736
f 737 738 739
f 740 741 742
f 743 744 745
f 746 747 748
f 749 750 751
f 752 753 754
f 755 756 757
f 758 759 760
f 761 762 763
f 764 765 766
f 767 768 769
f 770 771 772
f 773 774 775
f 776 777 778
f 779 780 781
f 782 783 784
f 785 786 787
f 788 789 790
f 791 792 793
f 794 795 796
f 91 93 797
f 798 799 800
f 801 802 803
f 804 805 806
f 807 31 33
f 808 809 810
f 811 812 813
f 814 815 816
f 817 818 819
f 820 821 822
f 823 824 825
f 826 244 243
f 827 828 829
f 180 830 181
f 831 832 833
f 834 835 836
f 837 838 839
f 840 841 842
f 843 844 845
f 846 847 848
f 849 850 851
f 852 853 854
f 855 856 857
f 858 859 860
f 861 862 863
f 864 865 866
f 867 868 869
f 870 871 872
f 873 874 875
f 876 639 638
f 877 878 879
f 880 881 882
f 883 884 885
f 886 887 888
f 889 890 891
f 892 893 894
f 895 896 897
f 898 899 900
f 901 902 903
f 904 905 906
f 907 908 909
f 910 911 912
f 913 914 915
f 916 661 917
f 918 919 920
f 921 922 923
f 924 925 926
f 927 928 929
f 930 931 932
f 711 933 712
f 816 934 814
f 935 493 492
f 936 937 938
f 939 940 941
f 942 943 944
f 945 946 947
f 948 949 950
f 951 952 953
f 954 955 956
f 955 957 956
f 957 958 956
f 959 960 961
f 962 963 964
f 963 965 964
f 966 967 968
f 969 970 971
f 970 972 973
f 974 975 976
f 970 969 977
f 969 978 979
f 980 981 982
f 983 984 985
f 986 987 988
f 987 989 988
f 990 991 992
f 993 994 995
f 996 997 998
f 999 1000 1001
f 1002 1003 1004
f 1005 1006 1007
f 1006 1008 1009
f 1010 1011 1012
f 1013 1014 1015
f 1016 1017 1018
f 1019 1020 1021
f 1022 1023 1024
f 1025 1026 1027
f 1028 1029 1030
f 1031 1032 1033
f 1034 1035 1036
f 395 1037 396
f 1038 1039 1040
f 1041 1042 1043
f 1044 1045 1046
f 1047 1048 1049
f 1050 1051 1052
f 1053 1054 1055
f 1056 1057 1058
f 1059 1060 1061
f 1060 1062 1061
f 1062 1063 1061
f 1064 1065 1066
f 1067 1068 1069
f 1070 1071 1072
f 1073 1074 1075
f 1076 1077 1078
f 1079 1080 1081
f 1082 1083 1084
f 1085 1086 1087
f 1088 1089 1090
f 1091 1092 1093
f 1092 1094 1093
f 1095 8 7
f 87 1096 85
f 1097 1098 1099
f 1100 1101 1102
f 1103 1104 1105
f 1106 1107 1108
f 1109 1110 1111
f 1112 1113 1114
f 1109 1115 1110
f 1116 1117 1118
f 1119 1120 1121
f 1122 1123 1124
f 1125 1126 1127
f 1128 1129 1130
f 1131 1132 1133
f 1134 1135 1136
f 1137 1138 1139
f 1140 1141 1142
f 1143 1144 1145
f 1146 1147 1148
f 1149 1150 1151
f 1152 1153 1154
f 1155 1156 1157
f 1158 1159 1160
f 1161 1162 1163
f 1164 1165 1166
f 1167 1168 1169
f 1170 1171 1172
f 1173 1174 1175
f 1176 1177 1178
f 1179 1180 1181
f 1182 1183 1184
f 1185 1186 1187
f 1188 1189 1190
f 1191 1192 1193
f 131 830 180
f 1194 1195 1044
f 1196 1197 1198
f 1199 1200 1201
f 1202 1203 1204
f 1205 1206 1207
f 1208 1209 1210
f 1211 1212 1213
f 1214 1215 1216
f 1217 1218 1219
f 1220 1221 1222
f 1223 1224 1225
f 1055 1226 1053
f 1227 1228 1229
f 1230 1231 1232
f 1233 1234 1235
f 1236 1237 1238
f 1239 1240 1241
f 1242 1243 1244
f 1245 1246 1247
f 1248 1249 1250
f 1251 1252 1253
f 1254 1255 1256
f 1257 1258 1259
f 1260 1261 1262
f 28 30 1263
f 1264 1265 1266
f 1267 1268 1269
f 1270 1271 1272
f 1273 1274 1275
f 1276 1277 1278
f 1279 1280 1281
f 1282 1283 1284
f 1285 1286 1287
f 1288 1289 1290
f 1291 1292 1293
f 1289 1294 1290
f 1292 1295 1293
f 1296 1297 1298
f 1299 1300 1301
f 1274 1302 1303
f 1304 1305 955
f 1302 1289 1303
f 1305 1306 955
f 1307 1308 1309
f 1306 957 955
f 1306 1310 957
f 1310 958 957
f 1310 962 958
f 1311 1312 1313
f 1310 1306 962
f 1306 1314 962
f 1315 1316 1317
f 1318 1319 1320
f 1321 1322 1323
f 1324 245 244
f 1325 1326 1327
f 1328 1329 1330
f 1331 1332 1333
f 1332 1334 1333
f 1335 1336 1337
f 1338 1339 1340
f 1341 1342 1343
f 1332 1344 1345
f 1346 1347 1348
f 1349 1350 1351
f 1352 1353 1354
f 1355 1356 1357
f 1358 1359 1360
f 1361 1362 1363
f 1364 1365 1366
f 1367 1368 1369
f 1370 1371 1372
f 1373 1374 1375
f 1289 1302 1376
f 1302 1274 1376
f 1377 1378 1379
f 1274 1380 1376
f 1381 1382 1383
f 1384 1289 1376
f 1385 1386 1387
f 1388 1389 1390
f 1391 1392 1393
f 1394 1395 1396
f 1397 1398 1399
f 1400 1401 1402
f 1403 1404 1405
f 1406 1407 1408
f 1409 1410 1411
f 1412 1413 1414
f 1415 1416 1417
f 1418 1419 1420
f 1421 1422 1423
f 1424 1425 1426
f 1427 1428 1429
f 1430 1431 1432
f 1433 1434 1435
f 1436 1437 1438
f 1439 1440 1441
f 1442 1443 1444
f 1445 1446 1447
f 1448 1449 1450
f 1451 1452 1453
f 1454 1455 1456
f 1457 1458 1459
f 1460 1461 1462
f 1463 1464 1465
f 1466 1467 1468
f 799 798 1469
f 1470 1471 1472
f 1473 1474 1475
f 1476 1477 1478
f 1479 1480 1481
f 1482 1483 1484
f 1485 1486 1487
f 1488 1489 1490
f 1491 1492 1493
f 1494 1495 1496
f 1497 1498 1499
f 1500 1501 1502
f 1503 1504 1505
f 1506 1507 1508
f 1509 1510 1511
f 1512 1513 1514
f 1515 1516 1517
f 1518 1519 1520
f 1521 1522 1523
f 1524 1525 1526
f 1527 1528 1529
f 1530 1531 1532
f 1533 1534 1535
f 1536 1537 1538
f 1539 1540 1541
f 923 1542 1543
f 1544 1545 1546
f 1547 1548 1549
f 1548 1550 1549
f 1551 1552 1553
f 1554 1555 1556
f 1557 1558 1559
f 1560 1561 1562
f 1563 1564 1565
f 1566 1567 1568
f 1569 1570 1571
f 1572 1573 1574
f 1575 1576 1577
f 1578 1579 1580
f 1581 1582 1583
f 1584 1585 1586
f 1587 1588 1589
f 1590 1591 1592
f 1593 1594 1595
f 1384 1294 1289
f 1596 1597 1598
f 1599 1600 1601
f 1602 1603 1604
f 1605 1606 1607
f 1608 1609 1610
f 1611 1612 1613
f 1614 1615 1616
f 1615 1617 1616
f 1618 1619 1620
f 1621 1622 1623
f 1624 1625 1626
f 1627 1628 1629
f 1630 1631 1632
f 1633 1634 1635
f 1636 1637 1638
f 1639 1640 1641
f 1642 1643 1644
f 1645 1646 1647
f 1648 1649 1650
f 1651 1652 1653
f 1654 1655 1656
f 1657 1658 1659
f 1660 1661 1662
f 1663 1664 1665
f 1666 1667 1668
f 1669 1670 1671
f 1672 1673 1674
f 1675 1676 1677
f 1678 1679 1680
f 1681 1682 1683
f 1684 1685 1686
f 1687 1688 1689
f 1690 1691 1692
f 1693 1694 1695
f 1696 1697 1698
f 1699 1700 1701
f 1702 1703 1704
f 1705 1706 1707
f 1708 1709 1710
f 965 963 1711
f 1712 1713 1714
f 1715 1716 1717
f 1718 1719 1720
f 1721 1722 1723
f 1724 1725 1726
f 1727 1728 1729
f 1730 1731 1732
f 1733 1734 1735
f 1736 1737 1738
f 1739 1740 1741
f 458 457 1742
f 1743 1744 1745
f 1743 1746 1744
f 1747 1748 1749
f 1750 1751 1752
f 1753 1754 1755
f 1756 1757 1758
f 1759 1760 1761
f 1762 1763 1764
f 1763 1765 1764
f 1765 1766 1764
f 1767 1768 1769
f 1770 1771 1772
f 1773 1774 1775
f 1776 1777 1778
f 1779 1780 1781
f 1782 1783 1784
f 1785 1786 1787
f 1788 1789 1790
f 1791 1792 1793
f 1792 1794 1793
f 1794 1795 1793
f 1796 1797 1798
f 1799 1762 1764
f 1800 1801 1802
f 1765 1763 1803
f 1799 1804 1762
f 1805 1806 1807
f 1804 1808 1762
f 1808 1809 1762
f 1810 1811 1812
f 1808 1813 1812
f 1813 1810 1812
f 1814 1815 1816
f 1817 1818 1819
f 1820 1771 1770
f 1821 1822 1823
f 1824 1825 1826
f 1827 1828 1829
f 1830 1831 1832
f 1833 1666 1668
f 1831 1834 1832
f 1835 1836 1837
f 1834 1838 1839
f 1840 1841 1842
f 1843 1844 1845
f 1846 1847 1848
f 1849 1850 1851
f 1852 1853 1854
f 1855 1856 1857
f 1858 1859 1860
f 1861 1862 1863
f 1864 1865 1866
f 1867 1868 1869
f 1870 1871 1872
f 1873 1874 1875
f 1876 1877 1878
f 1879 1880 1881
f 1882 1786 1785
f 1882 1883 1786
f 1884 1885 1792
f 1885 1794 1792
f 1885 1795 1794
f 1886 1887 1888
f 1889 1890 1891
f 1890 1892 1891
f 1893 1894 1895
f 1896 1897 1898
f 1899 1900 1901
f 1902 1903 1904
f 1905 1906 1907
f 1908 1909 1910
f 1911 1912 1913
f 1914 1915 1916
f 1917 1918 1919
f 1920 1921 1922
f 1918 1923 1919
f 1813 1808 1799
f 1924 1925 1926
f 1808 1804 1799
f 1909 1927 1928
f 1929 1815 1814
f 1930 1931 1932
f 1908 1927 1909
f 1933 1130 1934
f 1130 1935 1934
f 1936 1937 1938
f 1935 1939 1934
f 1940 1941 1942
f 1943 1944 1945
f 1946 1947 1948
f 1949 1950 1951
f 1952 1953 1954
f 1955 1956 1957
f 1958 1959 1960
f 1959 1961 1960
f 416 415 1962
f 415 653 1962
f 655 1955 656
f 1838 1834 1831
f 655 1956 1955
f 1963 1964 1965
f 1966 1967 1968
f 1969 1970 1971
f 1972 1973 1974
f 1975 1976 1977
f 1978 1979 1980
f 1981 1982 1983
f 1984 1985 1986
f 1987 1988 1989
f 1990 1991 1992
f 1993 1994 1995
f 1996 1997 1998
f 1999 2000 2001
f 2002 2003 2004
f 2005 2006 2007
f 2008 2009 2010
f 2006 2011 2007
f 2012 2013 2014
f 2015 2016 2017
f 2018 2019 2020
f 2021 2022 2023
f 2024 2025 2026
f 2027 2028 2029
f 2030 1885 1884
f 2031 2032 2033
f 2034 2035 2036
f 2037 2038 2039
f 2040 2041 2042
f 2043 2044 2045
f 2046 2047 2048
f 2049 2050 2051
f 2052 2053 2054
f 2055 2056 2057
f 2058 2059 2060
f 2061 2062 2063
f 2064 2065 2066
f 2067 2068 2069
f 2070 2071 2072
f 2073 2074 2075
f 2074 2076 2075
f 2076 1908 2075
f 2076 1927 1908
f 2076 2074 1927
f 2077 2078 2079
f 2080 2081 2082
f 2083 2084 2085
f 2086 2087 2088
f 998 2089 996
f 2090 2091 1961
f 2092 2093 2094
f 2095 2096 2097
f 2098 2099 2100
f 2101 2102 2103
f 2104 2105 2106
f 2107 2108 2109
f 2110 2111 2112
f 2113 2114 2115
f 2116 2117 2118
f 2119 2120 2121
f 2122 2123 2124
f 2125 2126 2127
f 2122 2128 2123
f 2129 2130 2131
f 2132 2133 2134
f 2135 2136 2137
f 2138 2139 2140
f 2141 2142 2143
f 2144 2145 2146
f 2147 2148 2149
f 2150 2151 2152
f 2153 2154 2155
f 2151 2156 2152
f 2154 2157 2155
f 2158 417 416
f 2157 2159 2155
f 2160 2161 2162
f 2163 2164 2165
f 2166 2167 2168
f 2169 2170 2171
f 2172 2173 2174
f 2175 2176 2177
f 2178 2179 2180
f 2181 2182 2183
f 2181 2184 2182
f 2185 2186 2187
f 2188 2189 2190
f 2191 2192 2193
f 2188 2178 2189
f 2194 2195 2196
f 2197 2198 2199
f 2200 2201 2202
f 2203 2204 2205
f 2206 2207 2208
f 2209 2210 2211
f 2212 2213 2214
f 2215 2216 2217
f 2218 2219 2220
f 2221 2222 2223
f 2224 2225 2226
f 2227 2228 2229
f 2230 2231 2232
f 2233 2234 2235
f 2236 2237 2238
f 2239 2240 2241
f 2242 2243 2244
f 2245 2246 2247
f 2248 2249 2250
f 2251 2252 2253
f 2254 2047 2046
f 2255 2256 2257
f 2254 2258 2047
f 2259 2260 2261
f 2262 2263 2264
f 2265 2266 2267
f 2268 2269 2270
f 2271 2272 2102
f 2273 2274 2275
f 2276 2277 2278
f 2279 1568 1567
f 2280 2281 2282
f 2283 2284 2285
f 2286 2287 2288
f 2289 2290 2291
f 2287 2292 2288
f 2293 2294 2295
f 2292 2296 2288
f 2296 2071 2288
f 2297 2298 2299
f 2300 2301 2302
f 2303 2304 2305
f 2306 2307 2308
f 2309 2310 2311
f 2312 2313 2314
f 2315 2316 2317
f 2318 2319 2320
f 2321 2322 2323
f 2324 2325 2326
f 2327 2328 2329
f 2325 2330 2326
f 2331 2332 2333
f 2334 2335 2336
f 2337 2338 2339
f 1343 1342 2340
f 2341 2342 2343
f 2344 2345 2346
f 2347 2348 2349
f 2350 2351 2352
f 2353 2354 2355
f 2356 2357 2358
f 2359 2360 2361
f 2362 2363 2364
f 2365 2366 2367
f 2368 2369 2370
f 2371 2372 2373
f 2374 2375 2376
f 2377 2378 2379
f 2380 2381 2382
f 2383 2384 2385
f 2386 2387 2388
f 2389 2390 2391
f 2392 2393 931
f 2394 2395 2396
f 2397 2398 1183
f 2399 2400 2401
f 2402 2403 2404
f 2405 933 711
f 2406 2407 2408
f 2409 2410 2411
f 2406 2412 2407
f 712 2413 710
f 2414 2415 2416
f 2417 2418 2419
f 2420 2421 2422
f 2423 2424 2425
f 2426 2427 2428
f 2429 2430 2431
f 2432 2433 2434
f 2435 2436 2437
f 2438 2439 2440
f 2441 1860 2442
f 2443 2444 2445
f 2446 2447 2448
f 2346 2449 2344
f 2450 2451 2452
f 2453 2454 2455
f 2456 2457 2458
f 2459 2460 1091
f 659 1296 660
f 2460 2461 1091
f 2461 1092 1091
f 2462 2463 2464
f 2465 2466 2467
f 2188 2179 2178
f 2461 86 1092
f 2461 87 86
f 2468 2469 2470
f 2469 2471 2470
f 2472 2473 2474
f 2475 2476 2477
f 2478 2479 2480
f 2481 2482 2483
f 2484 2485 2486
f 2487 2488 2489
f 2490 2491 2492
f 2493 2494 2495
f 2496 2497 2498
f 2499 2500 2501
f 2502 2503 2504
f 2499 2505 2500
f 2506 2507 2508
f 2507 2509 2508
f 2510 2511 2512
f 2513 2514 2515
f 2514 2516 2515
f 2516 2517 2515
f 2518 2519 2520
f 2521 2522 2523
f 2524 2525 2526
f 2527 2528 2529
f 2530 2531 2532
f 2533 2534 2535
f 2536 2537 2538
f 2539 2540 2541
f 2542 2543 2544
f 2545 2546 2547
f 2548 2549 2550
f 2551 2552 2553
f 2554 2555 2556
f 2557 2558 2559
f 2560 2561 2562
f 2563 2564 2565
f 2566 2567 2568
f 2569 2570 2571
f 2572 2573 2574
f 2575 2576 2577
f 2578 2579 2580
f 2581 2582 2583
f 2584 2585 2586
f 2587 2588 2589
f 2590 2591 2592
f 2593 2594 2595
f 2576 2575 2596
f 2597 2598 2596
f 2599 2600 2601
f 2602 2603 2604
f 2603 2605 2604
f 2605 2606 2604
f 2127 2126 2607
f 2608 2609 2610
f 2609 2611 2610
f 2609 2612 2611
f 2613 2614 2430
f 2615 2616 2617
f 1292 1291 2618
f 2208 2207 2619
f 2620 1299 2621
f 1295 1292 2622
f 2620 2623 1299
f 2623 1300 1299
f 2624 2625 2626
f 2627 1306 2628
f 1306 1305 1304
f 2627 1314 1306
f 2629 2630 2631
f 2632 2633 2634
f 2635 2636 2637
f 2638 2639 2640
f 2641 2642 2643
f 2644 2645 2646
f 2647 2648 2649
f 2650 2651 2652
f 2653 2654 2655
f 2656 2657 2658
f 2659 2660 2661
f 2662 2663 2664
f 2665 2666 2667
f 2668 2669 2670
f 2671 2672 2673
f 2674 2675 2676
f 2677 2678 2679
f 2680 2681 2682
f 2683 2684 2685
f 2686 2687 2688
f 2689 2690 2691
f 924 926 2692
f 2693 2694 2695
f 2696 2697 2698
f 2279 1567 2699
f 2700 2701 2702
f 2703 2704 2705
f 2706 2707 2708
f 2709 2710 2711
f 2712 2713 2714
f 2715 2716 2717
f 2718 2719 2720
f 1382 2721 1383
f 2722 2723 2724
f 2725 2726 2727
f 2728 2729 2730
f 2731 2732 2733
f 2734 2103 2735
f 2736 2737 2738
f 2739 2740 2741
f 2742 2743 2744
f 2745 2746 2747
f 2748 2749 2750
f 2751 2752 2753
f 2754 2755 2756
f 2757 2758 2759
f 2760 2761 2762
f 2763 2764 2765
f 2766 2767 2768
f 2769 2770 2771
f 2772 2773 2774
f 2775 2776 2777
f 2778 2779 2780
f 2781 2782 2783
f 2784 2785 2786
f 2787 2788 2789
f 2790 2791 2792
f 2793 2794 2795
f 2796 2797 2798
f 2799 2800 2801
f 2802 2803 2804
f 2805 2806 2807
f 2808 2809 2810
f 2811 2812 2813
f 2814 2815 2816
f 2817 2818 2819
f 2820 2821 2822
f 2823 2824 2825
f 2826 2827 2828
f 2829 2830 2831
f 2832 2833 2834
f 2835 2836 2837
f 2838 2839 2840
f 2841 2842 2843
f 2844 2845 2846
f 2847 2848 2849
f 2850 2851 2852
f 2853 2854 2855
f 2856 2857 2858
f 2859 2860 2861
f 2862 2863 2864
f 2865 2866 2867
f 2868 2869 2870
f 2871 2872 2873
f 2874 2875 2876
f 2877 2878 2879
f 2880 2881 2882
f 2883 2884 2885
f 2886 2887 2888
f 2889 2890 2891
f 2892 2814 2816
f 2893 2894 2895
f 2896 2897 2898
f 2899 2900 2901
f 2902 2903 2904
f 2905 2906 2907
f 2908 2909 2910
f 2911 2912 2913
f 2914 2915 2916
f 2917 2918 2919
f 2920 2921 2922
f 2923 2924 2925
f 2926 2927 2928
f 2929 2930 2931
f 2932 2933 2934
f 2935 2936 2937
f 2881 2938 2939
f 2839 2940 2840
f 2839 2941 2940
f 2882 2881 2939
f 2942 2943 2944
f 2945 2946 2947
f 2948 2949 2950
f 2951 2952 2953
f 2954 2955 2956
f 2957 2958 2959
f 2960 2961 2962
f 2963 2964 2965
f 2966 2967 2968
f 2969 2970 2971
f 2970 2969 2972
f 2973 2974 2975
f 2976 2977 2978
f 2979 2980 2981
f 2982 2983 2984
f 2985 2986 2987
f 2988 2989 2990
f 2991 2992 2993
f 2994 2926 2928
f 2995 2996 2997
f 2998 2999 3000
f 3001 3002 3003
f 3004 3005 3006
f 3007 3008 3009
f 3010 3011 3012
f 3013 3014 3015
f 3016 3017 3018
f 3019 3020 3021
f 3022 3023 3024
f 3025 3026 3027
f 3028 3029 3030
f 3031 3032 3033
f 3034 3035 3036
f 3037 3038 3039
f 3040 3041 3042
f 3043 3044 3045
f 3046 3047 3048
f 3049 3050 3051
f 3052 3053 3054
f 3055 3056 3057
f 3056 3058 3057
f 3059 3060 3061
f 3062 3063 3064
f 3065 3066 3067
f 3068 3069 3070
f 3071 3072 3073
f 2771 3074 2769
f 3075 3076 3077
f 3078 2803 2802
f 3079 3080 3081
f 3082 3083 3084
f 3085 3086 3087
f 3088 3089 3090
f 3091 3092 3093
f 3094 3095 3096
f 3097 3098 3099
f 3100 3101 3102
f 3103 3104 3105
f 3106 3107 3108
f 3109 3110 3111
f 3112 3113 3114
f 3115 3116 3117
f 2934 3118 2932
f 3119 3120 3121
f 3122 3123 3124
f 3125 3126 3127
f 3128 3129 3130
f 3131 3132 3133
f 3134 3135 3136
f 3137 3138 3139
f 3140 3141 3142
f 3143 3144 3145
f 3146 3147 3148
f 3149 3150 3151
f 3152 3153 3154
f 3155 3156 3157
f 3158 3159 3160
f 3161 3162 3163
f 3164 3165 3166
f 3167 3168 3169
f 3170 3171 3172
f 3173 3174 3175
f 3176 3177 3178
f 3179 3180 3181
f 3179 3181 3182
f 3179 3182 3183
f 3179 3183 3184
f 3185 3186 3187
f 3188 3189 3190
f 3191 3192 3193
f 3194 3195 3196
f 3197 3198 3199
f 3200 3201 3202
f 3203 3204 3205
f 3206 3207 3208
f 3209 3210 3211
f 3212 3213 3214
f 3215 3216 3217
f 3218 3219 3220
f 3221 3222 3223
f 3224 3225 3226
f 3227 3228 3229
f 3230 3231 3232
f 3233 3234 3235
f 3236 3237 3238
f 3239 3240 3241
f 3242 3243 3244
f 3245 3246 3247
f 3248 3249 3250
f 3251 3252 3253
f 3254 3255 3256
f 3257 3258 3259
f 3258 3260 3259
f 3261 3262 3263
f 3264 3265 3266
f 3260 3267 3259
f 3268 3269 3270
f 3271 3272 3273
f 3274 3275 3276
f 3277 3278 3279
f 3280 3281 3282
f 3283 3284 3285
f 3286 3287 3288
f 3289 3290 3291
f 3292 3293 3294
f 3295 3296 3297
f 3298 3299 3300
f 3301 3302 3303
f 3295 3304 3296
f 3305 3306 3307
f 3308 3309 3310
f 3311 3312 3313
f 3314 3315 3316
f 3317 3318 3319
f 3320 3321 3322
f 3323 3324 3325
f 3326 3327 3328
f 3327 3329 3328
f 3330 3331 3332
f 3333 3334 3335
f 3336 3337 3338
f 3339 3340 3341
f 3337 3342 3338
f 3343 3344 3345
f 3346 3347 3348
f 3349 3350 3351
f 3347 3352 3348
f 3353 3354 3355
f 3356 3357 3358
f 3359 3360 3361
f 3362 3363 3319
f 3364 3365 3366
f 3367 3368 3369
f 2874 2876 3370
f 3371 3372 3373
f 3374 3257 3259
f 3260 3258 3257
f 3375 3376 3377
f 3378 3379 3380
f 3381 3382 3383
f 3384 3385 3386
f 3387 3388 3389
f 3385 3390 3386
f 3391 3392 3393
f 3394 3395 3396
f 3397 3398 3399
f 3400 3401 3402
f 3403 3404 3405
f 3406 3407 3408
f 3409 3410 3411
f 3412 3413 3414
f 3415 3416 3417
f 3344 3343 3418
f 3416 3419 3417
f 3420 3421 3422
f 3423 3424 3425
f 3426 3427 3428
f 3429 3430 3431
f 3432 3156 3155
f 3433 3434 3435
f 3436 3437 3438
f 3437 3439 3438
f 3440 3441 3442
f 3443 3444 3445
f 3444 3446 3445
f 3447 3448 3449
f 3450 3451 3452
f 3453 3454 3455
f 3456 3457 3458
f 3459 3460 3461
f 3457 3462 3458
f 3463 3464 3465
f 3466 3467 3468
f 3469 3470 3471
f 3472 3473 3474
f 3475 3476 3477
f 3478 3479 3480
f 3481 3482 3483
f 3484 3485 3486
f 3487 3488 3489
f 3490 3491 3492
f 3493 3494 3495
f 3496 3497 3498
f 3499 3500 3501
f 3502 3503 3504
f 3505 3506 3507
f 3321 3320 3508
f 3315 3314 3509
f 3510 3511 3512
f 3513 3514 3515
f 3513 3516 3514
f 3516 3517 3514
f 3518 3519 3520
f 3517 3521 3514
f 3522 3523 3524
f 3525 3526 3527
f 3528 3529 3530
f 3529 3531 3530
f 3531 3532 3530
f 3533 3534 3535
f 3532 3536 3530
f 3536 3537 3538
f 3388 3387 3539
f 3540 3541 3542
f 3543 3544 3545
f 3546 3547 3548
f 3549 3550 3551
f 3552 3553 3554
f 3555 3556 3557
f 3558 3559 3560
f 3561 3562 3563
f 3422 3421 3564
f 3565 3566 3567
f 3565 3568 3566
f 3569 3570 3571
f 3572 3573 3574
f 3575 3576 3577
f 3578 3579 3580
f 3579 3581 3580
f 3582 3583 3584
f 3585 3586 3587
f 3588 3589 3590
f 3591 3592 3593
f 3594 3363 3362
f 3595 3596 3597
f 3598 3599 3600
f 2920 2922 3601
f 3602 3603 3604
f 3605 3606 3607
f 3608 3609 3610
f 3611 3612 3613
f 3579 3578 3614
f 3615 3616 3617
f 3618 3619 3620
f 3621 3622 3623
f 3624 3625 3626
f 3627 3628 3629
f 3630 3631 3632
f 3633 3634 3635
f 3636 3637 3638
f 3639 3640 3641
f 3642 3643 3644
f 3645 3646 3647
f 3648 3649 3650
f 3642 3651 3643
f 3652 3653 3654
f 3655 3656 3657
f 3658 3659 3660
f 3661 3662 3663
f 3664 3665 3666
f 2777 2776 3667
f 3668 3669 3670
f 3671 3672 3673
f 3674 3675 3676
f 3634 3633 3677
f 3678 3679 3680
f 3681 3682 3683
f 3684 3685 3686
f 3687 3688 3689
f 3690 3691 3692
f 3693 3694 3695
f 3693 3696 3697
f 3698 3699 3700
f 3701 3702 3703
f 3704 3705 3706
f 3707 3708 3709
f 3710 3711 3712
f 3713 3714 3715
f 3711 3716 3712
f 3717 3718 3719
f 3720 3721 3722
f 3723 3724 3725
f 3726 3727 3728
f 3729 3730 3731
f 3732 3733 3734
f 3735 3736 3737
f 3738 3739 3740
f 3741 3742 3743
f 3744 3745 3746
f 3747 3748 3749
f 3750 3751 3752
f 3753 3754 3755
f 3756 3757 3758
f 3759 3760 3761
f 3762 3475 3763
f 3475 3762 3476
f 3756 3764 3757
f 3765 3766 3767
f 3768 3769 3770
f 3510 3771 3772
f 3773 3774 3775
f 3776 3777 3778
f 3779 3780 3781
f 3782 3783 3784
f 3785 3786 3787
f 3788 3789 3790
f 3791 3792 3793
f 3794 3795 3796
f 3797 3798 3799
f 3800 3801 3802
f 3803 3804 3805
f 3806 3807 3808
f 3809 3810 3811
f 3812 3813 3814
f 3815 3816 3817
f 3818 3819 3820
f 3821 3822 3823
f 3824 3825 3826
f 3827 3828 3829
f 3830 3831 3832
f 3833 3834 3835
f 3836 3837 3838
f 3839 3840 3841
f 3842 3843 3844
f 3845 3818 3820
f 3846 3847 3848
f 3849 3850 3851
f 3852 3853 3854
f 3855 3856 3857
f 3856 3858 3857
f 3859 3860 3861
f 3862 3863 3864
f 3865 3866 3867
f 3868 3869 3870
f 3871 3872 3873
f 3874 3875 3876
f 3877 3878 3824
f 3879 3880 3881
f 3882 3883 3884
f 3878 3825 3824
f 3885 3090 3089
f 3886 3887 3888
f 3889 3890 3873
f 3891 3892 3893
f 3894 3895 3896
f 3897 3898 3899
f 3900 3901 3902
f 3903 3904 3905
f 3906 3907 3908
f 3909 3910 3911
f 3912 3276 3275
f 2863 2862 3913
f 3914 3915 3916
f 3917 3918 3919
f 3920 3921 3922
f 3923 3924 3925
f 3878 3877 3926
f 3914 3927 3928
f 3929 3930 3931
f 3877 3932 3926
f 3933 3934 3935
f 3936 3937 3938
f 3939 3940 3941
f 3942 3943 3944
f 3945 3946 3947
f 3948 3949 3950
f 3951 3952 3953
f 3954 3955 3956
f 3955 3957 3956
f 3958 3959 3960
f 3961 3962 3963
f 3964 3965 3966
f 3967 3968 3969
f 3970 3971 3972
f 3973 3974 3975
f 3976 3977 3978
f 3979 3980 3981
f 3982 3983 3984
f 3985 3986 3987
f 3988 3989 3990
f 3991 3992 3993
f 3994 3995 3996
f 3997 3998 3999
f 3970 4000 4001
f 4002 4003 4004
f 4005 4006 4007
f 4008 4009 4010
f 4011 4012 4013
f 4014 4015 4016
f 4017 4018 4019
f 4020 4021 4022
f 4023 4024 4025
f 4026 4027 4028
f 4029 4030 4031
f 4032 4033 4034
f 4035 4036 4037
f 4038 4039 4040
f 4038 4041 4039
f 4042 4043 4044
f 4045 4046 4047
f 4048 4049 4050
f 4051 4052 4053
f 4054 4055 4056
f 4057 4058 4059
f 4060 4061 4062
f 4063 4064 3594
f 4065 4066 4067
f 4068 4069 4070
f 4071 4072 4073
f 4074 4075 4076
f 4077 4078 4079
f 4080 4081 4082
f 4083 4084 4085
f 4086 4087 4088
f 4089 3949 3948
f 4090 4091 4092
f 4093 4094 4095
f 4096 4097 4098
f 4099 4100 4101
f 4102 4103 4104
f 4105 4106 4107
f 4108 4109 4110
f 4111 4112 4113
f 4114 4115 4116
f 4117 4118 4119
f 4120 4121 4122
f 2781 4123 2782
f 4123 4124 2782
f 4125 4126 4127
f 4128 4129 4130
f 4131 4132 4133
f 4134 4135 4064
f 4136 4137 4138
f 4139 4140 4141
f 4142 4143 4144
f 4145 4146 4147
f 4148 4149 4150
f 4151 4152 4153
f 4154 4155 4156
f 4157 4158 4159
f 4160 4161 4162
f 4163 4164 4165
f 4166 4167 4168
f 4169 4170 4171
f 4172 4173 4174
f 4175 4176 4177
f 4178 4179 4180
f 4181 4182 4183
f 4184 4185 4186
f 4187 4188 4189
f 4190 4191 4192
f 4193 4194 4195
f 4196 4197 4198
f 4199 4200 4201
f 4202 4203 4204
f 4205 4206 4207
f 4208 4209 4210
f 4211 4212 4213
f 4214 4215 4216
f 4217 4218 4219
f 4220 4221 4222
f 4223 4224 4225
f 4226 4227 4228
f 4229 4230 4231
f 4232 4233 4234
f 4235 4236 4237
f 4238 4239 4240
f 4241 4242 4243
f 4244 4245 4246
f 4247 4248 4249
f 4250 4251 4252
f 4253 4254 4255
f 4256 4257 4258
f 4259 4260 4261
f 4262 4263 4264
f 4265 4266 4267
f 3972 3971 3532
f 4268 4269 4270
f 4271 4272 4273
f 4274 4275 4276
f 4277 4278 4279
f 4280 4281 4282
f 4283 4284 4285
f 4286 4287 4288
f 4289 4290 4291
f 4292 4293 4294
f 4295 4296 4297
f 4298 4299 4300
f 4301 4302 4303
f 4304 4305 4306
f 4307 4308 4309
f 4310 4311 4312
f 3512 3771 3510
f 4313 4314 4315
f 4316 4317 4318
f 4319 4320 4321
f 3928 3915 3914
f 4322 4323 4324
f 4325 4326 4327
f 4328 4329 4330
f 4331 4332 4333
f 4334 4335 4336
f 4337 4338 4339
f 4299 4340 4300
f 4341 4342 4343
f 4344 4345 4346
f 4347 4348 4349
f 4350 4351 4352
f 4353 4354 4355
f 4356 4357 4358
f 4359 4360 4361
f 4362 4363 4364
f 4365 4366 4367
f 4368 4369 4370
f 4371 4372 4373
f 4374 4375 4376
f 4377 4378 4379
f 4380 4381 4382
f 4383 4384 4385
f 4386 4387 4388
f 4389 4390 4391
f 4392 4393 4394
f 4395 4396 4397
f 4398 4399 4400
f 4401 4402 4403
f 4404 4405 4406
f 4407 4408 4409
f 4410 4411 4381
f 4412 4413 4414
f 4415 4416 4417
f 4418 4419 4420
f 4421 4422 4423
f 1443 4424 4425
f 4426 4427 4428
f 4429 4430 4431
f 4432 4433 4434
f 4435 4436 4437
f 4438 4439 4440
f 4441 4442 4443
f 4444 4445 4446
f 4447 4448 4449
f 4450 4451 4452
f 4453 4454 4455
f 4456 4457 4458
f 4459 4460 4461
f 4462 4463 4464
f 4465 4466 4467
f 4468 4469 4470
f 4471 4472 4473
f 4474 4475 4476
f 4477 4478 4479
f 4480 4481 4482
f 4483 4484 4485
f 4486 4487 4488
f 4489 4490 4491
f 4492 4493 4494
f 4495 4496 4497
f 4498 4499 4500
f 4501 4502 4503
f 4504 4505 4506
f 4507 4508 4509
f 4510 4511 4512
f 4513 4514 4515
f 4516 4517 4518
f 4519 4520 4521
f 4522 4523 4524
f 4525 4526 4527
f 4528 4529 4530
f 4531 4532 4533
f 4534 4535 4536
f 4448 4537 4449
f 4538 4539 4540
f 4541 4542 4543
f 4544 4545 4546
f 4547 4548 4549
f 4550 4551 4552
f 4553 4554 4555
f 4556 4557 4558
f 4559 4560 4561
f 4562 4563 4564
f 4565 4566 4567
f 4568 4569 4570
f 4571 4572 4573
f 4574 4575 4576
f 4577 4578 4579
f 4580 4581 4582
f 4583 4584 4585
f 4586 4587 4588
f 4589 4590 4591
f 4592 4593 4594
f 4595 4596 4597
f 4598 4599 4600
f 4601 4602 4603
f 4604 4605 4606
f 4607 4608 4609
f 4610 4611 4612
f 4613 4614 4615
f 4616 4617 4618
f 4619 4620 4621
f 4622 4623 4624
f 4625 4626 4627
f 4628 4629 4630
f 4631 4632 4633
f 4634 4635 4636
f 4637 4638 4639
f 4640 4641 4642
f 4643 4644 4645
f 4646 4647 4648
f 4649 4650 4651
f 4652 4653 4654
f 4655 4656 4657
f 4658 4659 4660
f 4655 4657 4661
f 4662 4663 4664
f 4655 4665 4666
f 4655 4667 4668
f 4655 4669 4670
f 4655 4671 4672
f 4673 4674 4675
f 4655 4676 4677
f 4678 4679 4680
f 4655 4681 4682
f 4683 4684 4685
f 4655 4686 4687
f 4655 4688 4689
f 4690 4691 4692
f 4655 4693 4694
f 4695 4696 4697
f 4655 4698 4699
f 4655 4700 4701
f 4655 4702 4703
f 4704 4705 4706
f 4655 4703 4707
f 4708 4709 4710
f 4708 4710 4711
f 4655 4712 4713
f 4714 4715 4716
f 4655 4717 4718
f 4719 4720 4721
f 4722 4723 4724
f 4725 4726 4727
f 4728 4729 4730
f 4731 4732 4733
f 4734 4735 4736
f 4737 4738 4739
f 4740 4741 4742
f 4743 4744 4745
f 4746 4747 4748
f 4749 4750 4751
f 4752 4753 4754
f 4755 4756 4757
f 4758 4759 4760
f 4761 4762 4763
f 4764 4765 4766
f 4767 4768 4769
f 4770 4771 4772
f 4773 4774 4775
f 4776 4777 4778
f 4779 4780 4781
f 4782 4783 4784
f 4785 4786 4787
f 4788 4789 4790
f 4791 4684 4792
f 4793 4794 4795
f 4796 4797 4798
f 4799 4800 4801
f 4802 4803 4804
f 4805 4806 4807
f 4808 4809 4810
f 4811 4812 4813
f 4814 4815 4816
f 4817 4818 4819
f 4820 4821 4822
f 4823 4824 4825
f 4826 4827 4828
f 4829 4830 4831
f 4832 4833 4834
f 4835 4836 4837
f 4838 4839 4840
f 4841 4842 4843
f 4844 4845 4846
f 4847 4848 4849
f 4850 4851 4852
f 4853 4854 4855
f 4856 4857 4858
f 4859 4860 4861
f 4862 4863 4864
f 4865 4866 4867
f 4868 4869 4870
f 4871 4872 4873
f 4874 4875 4876
f 4877 4878 4879
f 4880 4881 4882
f 4883 4884 4885
f 4886 4887 4888
f 4889 4890 4891
f 4892 4893 4894
f 4895 4896 4897
f 4898 4899 4900
f 4901 4902 4903
f 4904 4905 4906
f 4907 4908 4909
f 4910 4911 4912
f 4913 4914 4915
f 4916 4917 4918
f 4919 4920 4921
f 4922 4923 4924
f 4925 4926 4927
f 4928 4929 4930
f 4931 4932 4933
f 4934 4935 4936
f 4937 4938 4939
f 4940 4941 4942
f 4943 4944 4945
f 4946 4947 4948
f 4949 4950 4951
f 4952 4953 4954
f 4955 4956 4957
f 4958 4959 4960
f 4961 4962 4963
f 4964 4965 4966
f 4967 4968 4969
f 4970 4971 4972
f 4973 4974 4975
f 4976 4977 4978
f 4979 4980 4981
f 4982 4983 4984
f 4985 4986 4987
f 4988 4989 4990
f 4991 4992 4993
f 4994 4995 4996
f 4997 4998 4999
f 5000 5001 5002
f 5003 5004 5005
f 5006 5007 5008
f 5009 5010 5011
f 5012 5013 5014
f 5015 5016 5017
f 5018 5019 5020
f 5021 5022 5023
f 5024 5025 5026
f 5027 5028 5029
f 5030 5031 5032
f 5021 5033 5022
f 5034 5035 5036
f 5037 5038 5039
f 5040 5041 5042
f 5043 5044 5045
f 5046 5047 5048
f 5049 5050 5051
f 5052 5053 5054
f 5055 5056 5057
f 5058 5059 5060
f 5061 5062 5063
f 5064 5065 5066
f 5067 5068 5069
f 5070 5071 5072
f 5073 5074 5075
f 5076 5077 5078
f 5079 5080 5081
f 5082 5083 5084
f 5085 5086 5087
f 5088 5089 5090
f 5091 5092 5093
f 5094 5095 5096
f 5097 5098 5099
f 5100 5101 5102
f 5103 5104 5105
f 5106 5107 5108
f 5109 5110 5111
f 5112 5113 5114
f 5115 5116 5117
f 5118 5119 5120
f 5121 5122 5123
f 5124 5125 5126
f 5127 5128 5129
f 5130 5131 5132
f 5133 5134 5135
f 5136 5137 5138
f 5139 5140 5141
f 5142 5143 5144
f 5145 5146 5147
f 5148 5149 5150
f 5151 5152 5153
f 5154 5155 5156
f 5157 5158 5159
f 5160 5161 5162
f 5163 5164 5165
f 5166 5167 5168
f 5169 5170 5171
f 5172 5173 5174
f 5175 5176 5177
f 5178 5179 5180
f 5181 5182 5183
f 5184 5185 5186
f 5187 5188 5189
f 5190 5191 5192
f 5193 5194 5195
f 5196 5197 5198
f 5199 5200 5201
f 5202 5203 5204
f 5205 5206 5207
f 5208 5209 5210
f 5211 5212 5213
f 5214 5215 5216
f 5217 5218 5219
f 5220 5221 5222
f 5223 5224 5225
f 5226 5227 5228
f 5229 5230 5231
f 5229 5231 5232
f 5233 5234 5235
f 5236 5237 5238
f 5239 5240 5241
f 5242 5243 5244
f 5245 5246 5247
f 5248 5249 5250
f 5251 5252 5253
f 5254 5255 5256
f 5257 5258 5259
f 5260 5261 5262
f 5263 5264 5265
f 5266 5267 5268
f 5269 5270 5271
f 5272 5273 5274
f 5275 5276 5277
f 5278 5279 5280
f 5281 5282 5283
f 5284 5285 5286
f 5287 5288 5289
f 5290 5291 5292
f 5293 5294 5295
f 5296 5297 5298
f 5299 5300 5301
f 5302 5303 5304
f 5305 5306 5307
f 5308 5309 5310
f 5311 5312 5313
f 5314 5315 5316
f 5317 5318 5319
f 5320 5321 5322
f 5323 5324 5325
f 5326 5327 5328
f 5329 5330 5331
f 5332 5333 5334
f 5335 5336 5337
f 5338 5339 5340
f 5341 5342 5343
f 5344 5345 5346
f 5347 5348 5349
f 5350 5351 5352
f 5353 5302 5354
f 5355 5356 5357
f 5358 5359 5360
f 5361 5362 5363
f 5364 5365 5366
f 5367 5368 5369
f 5370 5371 5372
f 5373 5374 5375
f 5376 5377 5378
f 5379 5380 5381
f 5382 5383 5384
f 5385 5386 5387
f 5388 5389 5390
f 5391 5392 5393
f 5394 5395 5396
f 5397 5398 5399
f 5400 5401 5402
f 5403 5404 5405
f 5406 5407 5408
f 5409 5410 5411
f 5412 5413 5414
f 5415 5416 5417
f 5418 5419 5420
f 5421 5422 5423
f 5424 5425 5426
f 5427 5428 5429
f 5430 5431 5432
f 5433 5434 5435
f 5436 5437 5438
f 5439 5440 5441
f 5442 5443 5444
f 5445 5446 5447
f 5448 5449 5450
f 5451 5452 5453
f 5454 5455 5456
f 5457 5458 5459
f 5460 5461 5462
f 5463 5464 5465
f 5466 5467 5468
f 5469 5470 5471
f 5472 5473 5474
f 5475 5476 5477
f 5478 5479 5480
f 5481 5482 5483
f 5484 5485 5486
f 5487 5488 5489
f 5490 5491 5492
f 5493 5494 5495
f 5496 5497 5498
f 5499 5500 5501
f 5502 5503 5504
f 5505 5506 5507
f 5508 5509 5510
f 5511 5512 5513
f 5514 5515 5516
f 5517 5518 5519
f 5520 5521 5522
f 5523 5524 5525
f 5526 5527 5528
f 5529 5530 5531
f 5532 5533 5534
f 5535 5536 5537
f 5538 5539 5540
f 5541 5542 5543
f 5544 5545 5546
f 5547 5548 5549
f 5550 5551 5552
f 5553 5554 5555
f 5556 5557 5558
f 5559 5560 5561
f 5562 5243 5242
f 5563 5564 5565
f 5566 5567 5568
f 5569 5570 5571
f 5572 5573 5574
f 5575 5576 5577
f 5578 5579 5580
f 5581 5582 5583
f 5584 5585 5586
f 5587 5588 5589
f 5590 5591 5592
f 5593 5594 5595
f 5596 5597 5598
f 5599 5600 5601
f 5602 5603 5604
f 5605 5606 5607
f 5608 5609 5610
f 5611 5612 5613
f 5614 5615 5616
f 5617 5618 5619
f 5620 5621 5622
f 5623 5624 5625
f 5626 5627 5628
f 5629 5630 5631
f 5632 5633 5634
f 5635 5636 5637
f 5638 5639 5640
f 5641 5642 5643
f 5644 5645 5646
f 5647 5648 5626
f 5649 5650 5651
f 5652 5653 5533
f 5654 5655 5656
f 5657 5658 5659
f 5660 5661 5662
f 5659 5663 5657
f 5664 5665 5666
f 5667 5668 5669
f 5670 5671 5672
f 5673 5674 5675
f 5676 5677 5678
f 5679 5680 5681
f 5682 5683 5684
f 5685 5686 5687
f 5688 5689 5690
f 5691 5692 5693
f 5694 5695 5696
f 5697 5698 5699
f 5700 5701 5702
f 5703 5704 5705
f 5706 5707 5708
f 5709 5710 5711
f 5712 5713 5714
f 5715 5716 5717
f 5718 5719 5720
f 5721 5722 5723
f 5724 5725 5726
f 5727 5728 5729
f 5730 5731 5732
f 5733 5734 5735
f 5736 5737 5738
f 5739 5740 5741
f 5742 5743 5744
f 5745 5746 5747
f 5748 5749 5750
f 5751 5752 5753
f 5754 5755 5756
f 5757 5758 5759
f 5760 5761 5762
f 5763 5764 5765
f 5766 5767 5768
f 5769 5770 5771
f 5772 5773 5774
f 5775 5776 5777
f 5778 5779 5780
f 5781 5782 5783
f 5784 5785 5786
f 5787 5788 5789
f 5790 5791 5792
f 5793 5794 5795
f 5796 5797 5798
f 5799 5800 5801
f 5802 5803 5804
f 5805 5806 5807
f 5808 5809 5810
f 5811 5812 5813
f 5814 5815 5816
f 5817 5818 5819
f 5820 5821 5822
f 5823 5824 5825
f 5826 5827 5828
f 5829 5830 5831
f 5832 5833 5834
f 5835 5836 5837
f 5838 5839 5840
f 5841 5842 5843
f 5844 5845 5846
f 5847 5848 5849
f 5850 5851 5852
f 5853 5854 5855
f 5856 5857 5858
f 5859 5860 5861
f 5862 5863 5864
f 5865 5866 5867
f 5868 5869 5870
f 5871 5872 5873
f 5874 5875 5876
f 5877 5878 5879
f 5880 5881 5882
f 5883 5884 5885
f 5886 5887 5888
f 5889 5890 5891
f 5892 5893 5894
f 5895 5896 5897
f 5898 5899 5900
f 5901 5902 5903
f 5904 5905 5906
f 5907 5908 5909
f 5910 5911 5912
f 5913 5914 5915
f 5916 5917 5918
f 5919 5920 5921
f 5922 5923 5924
f 5925 5926 5927
f 5928 5929 5930
f 5931 5932 5933
f 5934 5935 5936
f 5937 5938 5939
f 5940 5941 5942
f 5943 5944 5945
f 5946 5947 5948
f 5949 5950 5951
f 5952 5953 5954
f 5955 5956 5957
f 5958 5959 5960
f 5961 5962 5963
f 5964 5965 5966
f 5967 5968 5969
f 5970 5971 5972
f 5973 5974 5975
f 5976 5977 5978
f 5979 5980 5981
f 5982 5983 5913
f 5984 5985 5986
f 5987 5988 5989
f 5990 5991 5992
f 5993 5994 5995
f 5996 5997 5998
f 5999 6000 6001
f 6002 6003 6004
f 6005 6006 6007
f 6008 6009 6010
f 6011 6012 6013
f 6014 6015 6016
f 6017 6018 6019
f 6020 6021 6022
f 6023 6024 6025
f 6026 6027 6028
f 6029 6030 6031
f 6032 6033 6034
f 6035 6036 6037
f 6038 6039 6040
f 6041 6042 6043
f 6044 6045 6046
f 6047 6048 6049
f 6050 6051 6052
f 6053 6054 6055
f 5682 6056 5683
f 6057 6058 6059
f 6060 6061 6062
f 6063 6064 6065
f 6066 6067 6068
f 6069 6070 6071
f 6072 6073 6074
f 6075 6076 6077
f 6078 6079 6080
f 6081 6082 6083
f 6084 6085 6086
f 6087 6088 6089
f 6090 6091 6092
f 6093 6094 6095
f 6096 6097 6098
f 6099 6100 6101
f 6102 6103 6104
f 5844 5846 6105
f 6106 6107 6108
f 6109 6110 6111
f 6112 6113 6114
f 6115 6116 6117
f 6118 6119 6120
f 5982 5913 6121
f 6122 6123 6124
f 6125 6126 6127
f 6128 6129 6130
f 6131 6132 6133
f 6134 6135 6136
f 6137 6138 6139
f 5983 5914 5913
f 6140 6141 6142
f 6143 6144 6145
f 6146 6147 6148
f 6149 6150 6151
f 6152 6153 6154
f 6155 6156 6157
f 6158 5796 5798
f 6159 6160 6161
f 6162 6163 6164
f 6165 6166 6167
f 5913 5915 6168
f 6169 6170 6171
f 6172 6173 6174
f 6175 6176 6177
f 6178 6179 6180
f 6181 6182 6183
f 6184 6185 6186
f 6187 6188 6189
f 6190 6191 6192
f 6193 6194 6195
f 6196 6197 6198
f 6199 6200 6201
f 6202 6203 6204
f 6205 6206 6207
f 6208 6209 6210
f 6211 6212 6213
f 6214 6215 6216
f 6217 6218 6219
f 6220 6221 6222
f 6223 6224 6225
f 6226 6227 6228
f 6229 6230 6231
f 6232 6233 6234
f 6235 6236 6237
f 6238 6239 6240
f 6241 6242 6243
f 6244 6245 6246
f 6247 6248 6249
f 6250 6251 6252
f 6253 6254 6255
f 6256 6257 6258
f 6259 6260 6261
f 6262 6263 6264
f 6265 6266 6267
f 6268 6269 6270
f 6271 6272 6273
f 5972 6274 6275
f 6276 6277 6278
f 6279 6280 6281
f 6282 6283 6284
f 6285 6286 6287
f 6288 6289 6290
f 6291 6292 6293
f 6294 6295 6296
f 6297 6298 6299
f 6300 6301 6302
f 6303 6304 6305
f 6306 6307 6308
f 6309 6310 6311
f 6312 6313 6314
f 6315 6316 6317
f 6318 6319 6320
f 6321 6322 6323
f 6324 6325 6326
f 6327 6328 6329
f 6330 6331 6332
f 6333 6334 6335
f 6336 6337 6338
f 6339 6340 6341
f 6342 6343 6344
f 6345 6346 6347
f 6342 6344 6348
f 6349 6350 6351
f 6352 6353 6354
f 5700 5702 6355
f 6356 6357 6358
f 6359 6360 6361
f 6362 6363 6364
f 6365 6366 6367
f 6259 6368 6369
f 6370 6371 6372
f 6373 6374 6375
f 6376 6377 6378
f 6379 6380 6381
f 6382 6383 6384
f 6385 6386 6387
f 6388 6389 6390
f 6391 6392 6393
f 6394 6395 6396
f 6397 6398 6399
f 6139 6138 6400
f 6401 6402 6403
f 6404 6405 6406
f 6407 6328 6408
f 6409 6410 6411
f 6412 6413 6414
f 6415 6416 6417
f 6418 6419 6420
f 6421 6422 6423
f 6424 6425 6426
f 6427 6428 6429
f 6430 6431 6432
f 6433 6434 6435
f 6436 6437 6438
f 6439 6440 6441
f 6442 6443 6444
f 6445 6446 6447
f 6448 6449 6450
f 6451 6452 6453
f 6454 6455 6456
f 6457 6458 6459
f 6460 6461 6462
f 6259 6463 6368
f 6464 6465 6466
f 6467 6468 6469
f 6470 6471 6472
f 6473 6474 6475
f 6476 6477 6478
f 6479 6480 6481
f 5992 5991 6482
f 6483 6484 6485
f 6486 6487 6488
f 6489 6490 6491
f 6492 6493 6494
f 6495 6496 6497
f 6498 6499 6500
f 6393 6392 6501
f 6502 6503 6504
f 6505 6506 6507
f 6508 6509 6510
f 6511 6512 6513
f 6514 6515 6516
f 6517 6518 6519
f 6520 6521 6522
f 6523 6524 6525
f 6526 6527 6528
f 6529 6530 6531
f 6532 6533 6534
f 6535 6536 6537
f 6538 6539 6540
f 6541 6542 6543
f 6544 6545 6546
f 6547 6548 6549
f 6550 6551 6552
f 6553 6554 6555
f 6556 6557 6558
f 6559 6560 6561
f 6562 6563 6564
f 6565 6566 6567
f 6568 6569 6570
f 6571 6572 6573
f 6574 6575 6576
f 6577 6578 6579
f 6580 6581 6582
f 6583 6584 6585
f 6586 6587 6588
f 6589 6590 6591
f 6592 6593 6594
f 6595 6596 6597
f 6598 6599 6600
f 6601 6602 6603
f 6604 6605 6606
f 6607 6608 6609
f 6610 6611 6612
f 6613 6614 6615
f 6616 6617 6618
f 6619 6620 6621
f 6622 6623 6624
f 6625 6626 6627
f 6628 6629 6630
f 6631 6632 6633
f 6634 6635 6636
f 6637 6638 6639
f 6640 6641 6642
f 6643 6644 6645
f 6646 6647 6648
f 6649 6650 6651
f 6652 6653 6654
f 6655 6656 6657
f 6658 6659 6660
f 6661 6662 6663
f 6664 6665 6666
f 6667 6668 6669
f 6670 6671 6672
f 6673 6674 6675
f 6676 6677 6678
f 6679 6680 6681
f 6682 6683 6684
f 6685 6686 6687
f 6688 6689 6690
f 6691 6692 6693
f 6694 6695 6696
f 6697 6698 6699
f 6700 6701 6702
f 6703 6704 6705
f 6706 6707 6708
f 6709 6710 6711
f 6712 6713 6714
f 6715 6716 6717
f 6657 6718 6719
f 5958 5960 6720
f 6721 6722 6723
f 6724 6725 6726
f 6727 6728 6729
f 6730 6731 6732
f 6733 6734 6735
f 6736 6737 6738
f 6739 6740 6741
f 6742 6743 6744
f 6745 6746 6747
f 6748 6749 6750
f 6751 6752 6753
f 6754 6755 6756
f 6757 6758 6759
f 6760 6761 6762
f 6763 6764 6765
f 6766 6767 6768
f 6769 6770 6771
f 6772 6773 6774
f 6775 6776 6777
f 6778 6779 6780
f 6781 6782 6783
f 6784 6785 6786
f 6787 6788 6789
f 6790 6791 6792
f 6793 6794 6795
f 6796 6797 6798
f 6799 6800 6801
f 6802 6803 6804
f 6805 6806 6807
f 6808 6809 6810
f 6811 6812 6813
f 6814 4381 6815
f 6816 6817 6818
f 6819 6820 6821
f 6822 6823 6824
f 6825 6822 6824
f 6826 6827 6828
f 6829 6830 6831
f 6832 6833 6834
f 6835 6836 6837
f 6838 6839 6840
f 6841 6842 6843
f 6844 6845 6846
f 6847 6848 6849
f 6850 6851 6852
f 6853 6854 6855
f 6856 6857 6858
f 6859 6860 6861
f 6862 6863 6864
f 6865 6866 6867
f 6868 6869 6870
f 6871 6872 6873
f 6874 6875 6876
f 6877 6878 6879
f 6880 6881 6882
f 6883 6884 6885
f 6886 6887 6888
f 6889 6890 6891
f 6892 6893 6894
f 6895 6896 6897
f 6898 6899 6900
f 6901 6902 6903
f 6904 6905 6906
f 6907 6908 6909
f 6910 6911 6912
f 6913 6914 6915
f 6916 6917 6918
f 6919 6920 6921
f 6922 6923 6924
f 6925 6926 6927
f 6928 6929 6930
f 6931 6932 6933
f 6934 6935 6936
f 6937 6938 6939
f 6940 6941 6942
f 6943 6944 6945
f 6946 6947 6948
f 6949 6950 6951
f 6952 6953 6954
f 6955 6956 6957
f 6958 6959 6960
f 6961 6962 6963
f 6964 6965 6966
f 6967 6968 6969
f 6970 6971 6972
f 6973 6974 6975
f 6976 6977 6978
f 6979 6980 6981
f 6982 6983 6984
f 6290 6985 6288
f 6986 6987 6988
f 6989 6990 6991
f 6992 6993 6994
f 6995 6996 6997
f 6998 6999 7000
f 7001 7002 7003
f 7004 7005 7006
f 7007 7008 7009
f 7010 7011 7012
f 7013 7014 7015
f 7016 7017 7018
f 7019 7020 7021
f 7022 7023 7024
f 7025 7026 7027
f 7028 7029 7030
f 7031 7032 7033
f 7034 7035 7036
f 7037 7038 7039
f 7040 7041 7042
f 7043 7044 7045
f 7046 7047 7048
f 7049 7050 7051
f 7052 7053 7054
f 7055 7056 7057
f 7058 7059 7060
f 7061 7062 7063
f 7064 7065 7066
f 7067 7040 7042
f 7068 7069 7070
f 7071 5275 5277
f 7072 7073 7074
f 7075 7076 7077
f 7078 7079 7080
f 7081 7082 7083
f 7084 7085 7086
f 7087 7088 7089
f 7090 7091 7092
f 7093 7094 7095
f 7096 7097 7098
f 7099 7100 7101
f 7102 7103 7104
f 7105 7106 7107
f 7108 7109 7110
f 7111 7112 7113
f 7114 7115 7116
f 7117 7118 5277
f 5648 7119 5626
f 7120 7121 7122
f 7123 7124 7125
f 7126 7127 7128
f 7129 7130 7131
f 7132 7133 7134
f 5398 7135 7136
f 7137 7138 7139
f 7140 7141 7142
f 7143 7144 7145
f 7146 7147 7148
f 7149 7150 7151
f 7152 7153 7154
f 7155 7156 7157
f 7158 7159 7160
f 7161 7162 7163
f 7164 7165 7166
f 5653 5310 7167
f 7168 7169 5487
f 7170 7171 7172
f 7173 7174 7175
f 7176 7177 7178
f 7179 7180 7181
f 7182 7183 7184
f 7185 7186 7187
f 7188 7189 7190
f 7191 7192 7193
f 7194 7195 7196
f 7197 7198 7199
f 7200 7201 7202
f 7203 7204 7205
f 7206 7207 7208
f 7209 7210 7211
f 7212 7213 7214
f 7215 7216 7217
f 7218 7219 7220
f 7221 7222 7223
f 7224 7225 7226
f 7227 7228 7229
f 7230 7231 7232
f 7233 7234 7235
f 7236 7237 7238
f 7239 5908 7240
f 7241 5907 7242
f 7243 7244 7245
f 7246 7247 7248
f 7249 7250 7251
f 7252 7253 7254
f 7255 7256 7257
f 7258 7259 7260
f 7261 7262 7263
f 7264 7265 7266
f 7267 5095 7268
f 7269 7270 7271
f 6848 7272 6849
f 5283 7273 7274
f 7275 7276 7277
f 7278 7279 7280
f 7281 7282 7283
f 7284 7285 7286
f 7287 7288 7289
f 7290 7291 7292
f 7293 7294 7295
f 7296 7297 7298
f 7299 7300 7301
f 7302 7303 7304
f 7305 7306 7307
f 7308 7309 7310
f 7311 7312 7313
f 7314 7315 7316
f 7317 7318 7319
f 7320 7321 7322
f 7323 7324 7325
f 7326 7327 7328
f 7329 7330 7331
f 7332 7333 7334
f 7118 7071 5277
f 7335 7336 7337
f 7338 7339 7340
f 7341 7342 7343
f 7344 7345 7346
f 7347 7348 7349
f 7350 7351 7352
f 7353 7354 7355
f 7356 7357 7358
f 7359 7360 7361
f 7362 7363 7364
f 7365 7366 5567
f 7367 7368 7369
f 7370 7371 7372
f 7373 7374 7375
f 7376 7377 7378
f 7223 7379 7221
f 7379 7380 7221
f 7381 7382 7383
f 7384 7385 7386
f 7387 7388 7389
f 7390 7391 7392
f 7393 7394 7395
f 7396 5237 7397
f 7398 7399 7400
f 7401 7402 7403
f 7404 7405 7406
f 7407 7408 7409
f 7410 7411 7412
f 7413 7414 7415
f 7416 7417 7418
f 7419 7420 7421
f 7422 7423 7424
f 7425 7426 7427
f 7428 7429 7430
f 7431 7432 5281
f 7433 7434 7435
f 7436 7396 7397
f 7437 7438 7439
f 7440 7441 7240
f 7442 7443 7444
f 7445 7446 7447
f 7448 7449 7450
f 7451 7452 7453
f 7454 7455 7456
f 7457 7458 7459
f 7460 7461 7462
f 7463 7464 7465
f 7466 7467 7468
f 7469 7470 7471
f 7472 7473 7474
f 7475 7476 7477
f 7478 7479 7480
f 7481 7482 7483
f 7484 7485 7486
f 7487 7488 7489
f 7490 7491 7492
f 7493 7494 7495
f 7496 7497 7498
f 7499 7500 7501
f 7502 7503 7504
f 7505 7506 7507
f 7508 7509 7510
f 5407 7511 5408
f 7512 7513 7514
f 7515 7516 7517
f 7518 7519 7520
f 7521 7522 7523
f 7432 5282 5281
f 7524 7525 5281
f 7526 7527 7528
f 7529 7530 7531
f 7532 7533 7534
f 7535 7536 7537
f 7538 7539 7540
f 7541 7542 7543
f 7544 7545 7546
f 7547 7548 7549
f 7550 7551 7552
f 7553 7554 7555
f 7556 7557 7558
f 7559 5628 5627
f 7560 7561 7562
f 7563 7564 7565
f 7566 7567 7568
f 7569 7570 7571
f 7572 7573 7574
f 7575 7576 7577
f 5309 7167 5310
f 7578 7579 7580
f 7581 7582 7583
f 7584 7585 7586
f 7587 6088 6087
f 7588 7589 7590
f 7591 7592 7593
f 7525 7431 5281
f 7594 7595 7596
f 7597 7598 7599
f 7600 7601 7602
f 7603 7604 7605
f 7606 7607 7608
f 7609 7610 7611
f 7612 7613 7614
f 7615 7616 7617
f 7618 7619 7620
f 7621 7622 7623
f 7624 7625 7626
f 7627 7628 7629
f 7630 7631 7632
f 7633 5437 5436
f 7634 7635 7636
f 7637 7638 7639
f 7640 7641 7642
f 7643 7644 7645
f 7646 7647 7648
f 7649 7650 7651
f 7652 7653 7654
f 7655 7656 7657
f 7658 7659 7660
f 7661 7662 7663
f 7664 7665 7666
f 7667 7668 7669
f 7670 7671 7672
f 7673 7674 7675
f 7676 7677 7678
f 7679 7680 7681
f 7682 7683 7684
f 7685 7686 7687
f 7688 7689 7690
f 7691 7692 7693
f 7694 7695 7696
f 7697 7698 7699
f 7700 7701 7702
f 7703 7704 7705
f 7706 7707 7708
f 7709 7710 7711
f 7712 7713 7714
f 7715 7716 7717
f 7718 7719 7720
f 7721 7722 7723
f 7724 7725 7726
f 7727 7728 7729
f 7730 7731 7732
f 7733 7734 7735
f 7736 7737 7738
f 7739 7740 7741
f 7742 7743 7744
f 7745 7746 7747
f 7748 7749 7750
f 7751 7752 7753
f 7754 7755 7756
f 7757 7758 7759
f 7760 7761 7762
f 7763 7764 5097
f 7765 7766 7767
f 7768 7769 7770
f 7771 7772 7773
f 7774 7775 7776
f 7777 7778 7779
f 7780 7781 7782
f 7783 7784 7785
f 7786 7787 7788
f 7789 7790 7791
f 7792 7793 7794
f 7795 7796 7797
f 7798 7799 7800
f 7801 7802 7803
f 7804 7805 7806
f 7807 7808 7809
f 7810 7811 7812
f 7813 7814 7815
f 7816 7817 7818
f 7819 7820 7821
f 7822 7823 4864
f 7824 7825 7826
f 7827 7828 7829
f 7830 7831 7832
f 7833 7834 7764
f 7764 5098 5097
f 7835 7836 7837
f 7838 7839 7840
f 7841 7842 7843
f 7844 7845 7846
f 7847 7848 7849
f 7850 7851 7852
f 7853 7854 7855
f 4778 4777 7856
f 7857 7858 7859
f 7860 7861 7862
f 7710 4924 7711
f 7863 7864 7865
f 7866 7867 7868
f 7869 7870 7871
f 7872 7873 7874
f 7875 7876 7877
f 7878 7879 7880
f 7881 7882 7883
f 7884 7885 7886
f 7887 7888 7889
f 7890 7891 7892
f 7893 7894 7895
f 7896 7897 5095
f 7898 7899 7900
f 7901 7902 7903
f 7904 7905 7906
f 7907 7908 7909
f 7910 7911 7912
f 7913 7914 7915
f 7916 7917 7918
f 7919 7920 7921
f 7922 7923 7924
f 7925 7926 7927
f 7928 7929 7930
f 7931 7932 7933
f 7934 7935 7936
f 7937 7938 7939
f 7940 7941 7942
f 7943 7944 7945
f 7946 7947 7948
f 7949 7950 7951
f 7952 7953 7954
f 7955 7956 7957
f 7958 7959 7960
f 7961 7962 7963
f 7964 7965 7966
f 7967 7968 7969
f 7970 7971 7972
f 7973 7974 7975
f 7976 7977 7978
f 7979 7980 7981
f 7982 7983 7984
f 7985 7986 7987
f 7988 7989 7990
f 7799 7991 7800
f 7992 7993 7994
f 7995 7996 7997
f 7998 7999 8000
f 8001 8002 8003
f 8004 8005 8006
f 8007 8008 8009
f 8010 8011 8012
f 8013 8014 8015
f 8016 8017 8018
f 8019 7709 7711
f 8020 8021 8022
f 8023 8024 8025
f 8026 8027 8028
f 8029 8030 8031
f 8032 8033 8034
f 8035 8036 8037
f 8038 8039 8040
f 8041 8042 8043
f 8044 8045 8046
f 8047 8048 8049
f 8050 8051 8052
f 8053 8054 8055
f 8056 5330 5329
f 8057 8058 8059
f 8060 8061 8062
f 8063 8064 8065
f 8066 8067 8068
f 8069 8070 8071
f 8072 8073 8074
f 8075 8076 8077
f 8078 8079 8080
f 8081 8082 8083
f 4381 8084 8085
f 8086 8087 8088
f 8089 8090 8091
f 8092 8093 8094
f 8095 8096 8097
f 6854 7138 8098
f 8099 8100 8101
f 8102 8103 8104
f 8105 8106 8107
f 8108 8108 8109
f 8110 8111 8112
f 8113 8114 8115
f 8116 8117 8118
f 8119 7223 7222
f 7222 7221 8120
f 8121 8122 8123
f 8124 8125 8126
f 8127 8128 8129
f 8130 8131 8132
f 8109 8133 8134
f 8133 8135 8134
f 8135 8136 8134
f 8137 8138 8139
f 8140 8141 8142
f 8143 8144 8145
f 8146 8147 8148
f 8149 8150 8151
f 8152 8153 8154
f 8155 8156 8157
f 907 8158 908
f 8159 8160 8161
f 8162 8163 8164
f 916 662 661
f 921 8165 922
f 8166 8167 8168
f 8169 8170 8171
f 930 2392 931
f 8172 933 2405
f 8173 8174 8175
f 8176 8177 8178
f 8179 8180 8181
f 8182 8183 8184
f 8185 8186 8187
f 8188 8189 8190
f 8191 8192 8193
f 8194 8195 8196
f 8197 8198 8199
f 8200 8201 8202
f 1044 1195 1045
f 1047 8203 1048
f 8204 8205 8206
f 8207 8208 8209
f 1056 8210 1057
f 8211 8212 8213
f 1085 8214 1086
f 8215 8216 8217
f 8218 8219 8220
f 8221 8222 8223
f 8224 8225 8226
f 8227 8228 8229
f 8230 8231 8232
f 8233 8234 8235
f 8236 8237 8238
f 8239 8240 8241
f 8242 8243 8244
f 8245 8246 8247
f 8248 8249 8250
f 8251 8252 8253
f 8254 8255 8256
f 8257 8258 8259
f 8260 8261 8262
f 8263 8264 8265
f 1173 2451 1174
f 8266 8267 8268
f 8269 8270 8271
f 8272 8273 8274
f 1182 2397 1183
f 8275 8276 8277
f 8278 8279 8280
f 8281 8282 8283
f 1191 8284 1192
f 131 133 830
f 1194 8285 1195
f 8286 8287 8288
f 8289 8290 8291
f 8292 8293 8294
f 8295 8296 8297
f 8298 8299 8300
f 8301 8302 8303
f 8304 8305 8306
f 8307 8308 8309
f 8310 8311 8312
f 8313 8314 8315
f 8316 8317 8318
f 8319 8320 8321
f 8322 8323 8324
f 8325 8326 8327
f 8328 8329 8330
f 8331 8332 8333
f 8334 8335 8336
f 8337 8338 8339
f 8340 8341 8342
f 8343 8344 8345
f 8346 8347 8348
f 8349 8350 8351
f 8352 8353 8354
f 8355 8356 8357
f 8358 8359 8360
f 8361 8362 8363
f 8364 8365 8366
f 1406 8367 1407
f 8368 2713 2713
f 8369 8370 8371
f 8372 8373 8374
f 8375 8376 8377
f 8378 8379 8380
f 8381 8382 8383
f 8384 8385 8386
f 8387 8388 8389
f 8390 8391 8392
f 8393 8378 8380
f 1415 8394 1416
f 8395 8396 8397
f 8398 8399 8400
f 8401 8402 8403
f 8404 8405 8406
f 8407 8408 8409
f 8410 8411 8412
f 8413 8414 8415
f 8416 8417 8418
f 8419 8420 8421
f 8422 8423 8424
f 8425 4414 8426
f 8427 8428 8429
f 8430 8431 8432
f 8433 8434 8435
f 1445 8436 1446
f 8437 8438 8439
f 8440 385 387
f 1470 8441 1471
f 8442 8443 8444
f 8445 8446 8447
f 1482 8448 1483
f 8449 8450 8451
f 8452 8453 8454
f 8455 8456 8457
f 8458 8459 8460
f 8461 8462 8463
f 8464 8465 8466
f 8467 8468 8469
f 8470 8471 8472
f 8473 8474 8475
f 8476 8477 8478
f 8479 8480 8481
f 8482 8483 8484
f 8485 8486 8487
f 8488 8489 8490
f 8491 8492 8493
f 8494 8495 8496
f 8497 8498 8499
f 8500 8501 8502
f 8503 8504 8505
f 8506 8507 8508
f 923 922 1542
f 1544 8509 1545
f 8510 2699 1567
f 8360 8359 8511
f 1599 8512 1600
f 1602 8513 1603
f 8514 8515 8516
f 8517 8518 8519
f 8520 8521 8522
f 8523 8524 8525
f 8526 8527 8528
f 1657 8529 1658
f 8530 8531 8532
f 8533 8534 8535
f 8536 8537 8538
f 8539 8540 8541
f 8542 8543 8544
f 8545 8546 8547
f 8548 8549 8550
f 8551 8552 8553
f 8554 8555 8556
f 1835 8557 1836
f 8558 8559 8560
f 8561 8562 8563
f 1858 8564 1859
f 8565 8566 8567
f 1886 2393 1887
f 8568 8569 8570
f 1940 8571 1941
f 1943 8572 1944
f 8573 8574 8575
f 1963 8576 1964
f 8577 8578 8579
f 8580 8581 8582
f 8583 8584 8585
f 8586 8587 8588
f 8589 1773 1775
f 1987 8590 1988
f 8591 8592 8593
f 8594 8595 8596
f 8597 8598 8599
f 8600 8601 8602
f 8603 8604 8605
f 1952 1954 8606
f 8607 8608 8609
f 8610 8611 8612
f 8613 8614 8615
f 8616 1657 1659
f 2083 8617 2084
f 8618 8619 8620
f 2101 2271 2102
f 8621 8622 8623
f 8624 8625 8626
f 1235 1234 8627
f 2200 8628 2201
f 8629 8630 8631
f 8632 8633 8634
f 8635 8636 8637
f 8638 8639 8640
f 8641 8642 8643
f 8644 8645 8646
f 8647 8648 8649
f 8650 8651 8652
f 8653 8654 8655
f 8656 8657 8658
f 8659 8660 8661
f 8662 8663 8664
f 8665 8666 8667
f 8668 8669 8670
f 2271 8671 2272
f 8672 8673 8674
f 8675 8676 8677
f 8678 8679 8680
f 2309 8681 2310
f 8682 8683 8684
f 8685 8686 8687
f 2331 8688 2332
f 8689 8690 8691
f 2344 8692 2345
f 2347 8693 2348
f 8694 8695 8696
f 8697 8698 8699
f 8700 8701 8702
f 8703 2429 2431
f 8704 8705 8706
f 8707 8708 8709
f 2392 1887 2393
f 2397 8710 2398
f 8711 8712 8713
f 712 8714 2413
f 2423 8715 2424
f 8716 8717 8718
f 2429 2613 2430
f 8719 8720 8721
f 2441 1858 1860
f 8722 8723 8724
f 8725 8726 8727
f 2450 1174 2451
f 659 1297 1296
f 8728 8729 8730
f 8731 8732 8733
f 8734 8735 8736
f 8737 8738 8739
f 8740 8741 8742
f 8743 8744 8745
f 8746 8747 8748
f 8749 8750 8751
f 8752 8753 8754
f 8755 8756 8757
f 8758 8759 8760
f 8761 8762 8763
f 8764 8765 8766
f 8767 8768 8769
f 2593 8770 2594
f 8771 8772 8773
f 2613 8774 2614
f 8775 8776 8777
f 8778 8779 8780
f 8781 8782 8783
f 2674 8784 2675
f 8785 8786 8787
f 2713 2713 2713
f 8133 8788 8789
f 8790 8791 8792
f 8793 8794 8795
f 8796 8797 8798
f 8799 8800 8801
f 8802 8803 8804
f 8805 8806 8807
f 1566 1568 8808
f 8809 8810 8811
f 2713 8812 8813
f 8814 8815 8816
f 8817 8818 8819
f 8820 8821 8822
f 8823 8824 8825
f 8826 8827 8828
f 2734 2101 2103
f 2736 8829 2737
f 2751 8830 2752
f 8831 8832 8833
f 8834 8835 8836
f 8837 8838 8839
f 3065 8840 3066
f 8841 8842 8843
f 8844 8845 8846
f 8847 8848 8849
f 8850 8851 8852
f 8853 8854 8855
f 8856 8857 8858
f 8859 8860 8861
f 8862 3872 3871
f 8863 8864 8865
f 8866 8867 8868
f 8869 8870 8871
f 8872 3260 3257
f 8873 8874 8875
f 8876 8877 8878
f 8879 8880 8881
f 8882 8883 8884
f 8885 8886 8887
f 8888 8889 8890
f 8891 8892 8893
f 8894 8895 8896
f 8897 8898 8899
f 8900 8901 8902
f 8903 8904 8905
f 8906 8907 8908
f 8909 8910 8911
f 8912 8913 8914
f 8915 8916 8917
f 8918 8919 8920
f 8921 8922 8923
f 8924 8925 8926
f 8927 8928 8929
f 8930 8931 8932
f 8933 8934 8935
f 8936 8937 8938
f 8939 8940 8941
f 8942 8943 8944
f 8945 8946 8947
f 8948 8949 8950
f 8951 8952 8953
f 8954 8955 8956
f 3333 8957 3334
f 8958 8959 8960
f 8961 8962 8963
f 8964 2937 2936
f 8965 8966 8967
f 8968 8969 8970
f 8971 8972 8973
f 8974 8975 8976
f 8977 8978 8979
f 8980 8981 8982
f 8983 8984 8985
f 8986 8987 8988
f 8989 8990 8991
f 8992 8993 8994
f 8995 8996 8997
f 8998 8999 9000
f 9001 9002 9003
f 9004 9005 9006
f 9007 9008 9009
f 9010 9011 9012
f 9013 9014 9015
f 9016 9017 9018
f 9019 9020 9021
f 9022 9023 9024
f 9025 9026 9027
f 3582 9028 3583
f 9029 9030 9031
f 9032 9033 9034
f 9035 9036 9037
f 9038 9039 9040
f 9041 9042 9043
f 9044 9045 9046
f 9047 9048 9049
f 9050 9051 9052
f 9053 9054 9055
f 9056 9057 9058
f 3476 3762 9059
f 9060 9061 9062
f 9063 9064 9065
f 9066 9067 9068
f 9069 9070 9071
f 9072 9073 9074
f 9075 9076 9077
f 9078 9079 9080
f 9081 9082 9083
f 9084 9085 9086
f 9087 9088 9089
f 9090 9091 9092
f 9093 9094 9095
f 9096 9097 9098
f 9099 9100 9101
f 9102 9103 9104
f 9105 9106 9107
f 9108 9109 9110
f 9111 9112 9113
f 9114 9115 9116
f 9117 9118 9119
f 9120 9121 9122
f 9123 9124 9125
f 9126 9127 9128
f 9129 9130 9131
f 9132 9133 9134
f 9135 9136 9137
f 9138 9139 9140
f 9141 9142 9143
f 9144 9145 9146
f 9147 9148 9149
f 9150 9151 9152
f 9153 9154 9155
f 9156 9157 9158
f 9159 9160 9161
f 9162 9163 9164
f 9165 9166 9167
f 9168 9169 9170
f 9171 9172 9173
f 9174 9175 9176
f 9177 9178 9179
f 9180 9181 9182
f 9183 9184 9185
f 9186 9187 9188
f 9189 9190 9191
f 9192 9193 9194
f 9195 9196 9197
f 9198 9199 9200
f 9201 9202 9203
f 9204 9205 9206
f 9207 9208 9209
f 9210 9211 9212
f 9213 4345 9214
f 9215 9216 9217
f 9218 9219 9220
f 9221 9222 9223
f 9224 9225 9226
f 9227 9228 9229
f 9230 9231 9232
f 4120 9233 4121
f 9234 9235 9236
f 9237 9238 9239
f 3084 3083 9240
f 9241 9242 9243
f 9244 9245 9246
f 9247 9248 9249
f 9250 9251 9252
f 9253 9254 9255
f 9256 9257 9258
f 9259 9260 9261
f 9262 9263 9264
f 9265 9266 9267
f 9268 9269 9270
f 9271 9272 9273
f 9274 9275 9276
f 9277 9278 9279
f 9280 9281 9282
f 9283 9284 9285
f 9286 9287 9288
f 9289 9290 9291
f 9292 9293 9294
f 9295 9296 9297
f 9298 9299 9300
f 9301 9302 9303
f 9304 9305 9306
f 9307 9308 9309
f 9310 9311 9312
f 9313 9314 9315
f 9316 9317 9318
f 9319 9320 9321
f 9322 9323 9324
f 9325 9326 9327
f 9328 9329 9330
f 9331 9332 9333
f 9334 9335 9336
f 9337 9338 9339
f 9340 9341 9342
f 9343 9344 9345
f 9346 9347 9348
f 9349 9350 9351
f 9352 9351 9351
f 9353 9354 9355
f 9356 9357 9358
f 9359 9360 9361
f 9362 9363 9364
f 9365 9366 9367
f 9368 9369 9370
f 9371 9372 9373
f 9374 9375 9376
f 9377 3513 3515
f 9378 9379 9380
f 9381 9382 9383
f 9384 9385 9386
f 9387 9388 9389
f 9390 9391 9392
f 9393 9394 9395
f 9396 9397 9398
f 9399 9400 9401
f 9402 9403 9404
f 9405 9406 9407
f 9408 9409 9410
f 9411 9412 9413
f 9414 9415 9416
f 9417 9418 9419
f 9420 9421 9422
f 9423 9424 9425
f 9426 9427 9428
f 4381 4381 4381
f 9429 9430 9431
f 9432 9433 9434
f 9435 9436 9437
f 9438 9439 9440
f 9441 9442 9443
f 9444 9445 9446
f 9447 9448 9449
f 9450 9450 9451
f 9452 9453 9454
f 9455 9456 9457
f 9458 9459 9460
f 9442 9461 9443
f 9462 9463 9464
f 9465 9466 9467
f 9468 9469 9470
f 9471 9472 9473
f 9474 9475 9476
f 9477 9478 9479
f 9480 8388 8387
f 9481 9482 9483
f 9484 9485 9486
f 9487 9488 9489
f 9490 9491 9492
f 9493 9494 9495
f 4412 9496 4413
f 9497 9498 9499
f 9500 9501 9502
f 4381 4381 4381
f 9503 9504 9505
f 9506 9507 9508
f 9509 9510 9511
f 9512 9513 9514
f 9515 9516 9517
f 9518 9519 9520
f 9521 9522 9523
f 9524 9525 9526
f 9527 9528 9529
f 9530 9531 9532
f 9533 9534 9535
f 9536 9537 9538
f 9539 9540 9541
f 9542 9543 9544
f 9545 9546 9547
f 4749 9548 4750
f 9549 9550 9551
f 9552 9553 9554
f 9555 9556 9557
f 9558 9559 9560
f 9561 9562 9563
f 9564 9565 9566
f 9567 9568 9569
f 9570 9571 9572
f 9573 9574 9575
f 9576 9577 9578
f 9579 9580 9581
f 9582 9583 9584
f 9585 9586 9587
f 9588 9589 9590
f 9591 9592 9593
f 9594 9595 9596
f 9597 9598 9599
f 9600 9601 9602
f 9603 9604 9605
f 9606 9607 9608
f 9609 9610 9611
f 9612 9613 9614
f 9615 9616 9617
f 9618 9619 9620
f 9621 9622 9623
f 9624 9625 9626
f 9627 9628 9629
f 9630 9631 9632
f 9633 9634 9635
f 9636 9637 9638
f 9639 9640 9641
f 9642 9643 9644
f 9645 9646 9647
f 9648 9649 9650
f 9651 9652 9653
f 9654 9655 9656
f 9657 9658 9659
f 9660 9661 9662
f 9663 9664 9665
f 9666 9667 9668
f 9669 9670 9671
f 9672 9673 9674
f 9675 9676 9677
f 9678 9679 9680
f 9681 9682 9683
f 4952 4954 9684
f 9685 9686 9687
f 9688 9689 9690
f 9691 9692 9693
f 9694 9695 9696
f 9697 9698 9699
f 9700 9701 9702
f 9703 9704 9705
f 9706 4946 9707
f 9708 9709 9710
f 9711 9712 9713
f 4940 4942 9714
f 9715 9716 9717
f 9718 4946 9719
f 9720 9720 9721
f 9722 9723 9724
f 9725 9726 9727
f 9728 9729 9730
f 9731 9732 9733
f 9734 9735 9736
f 9737 9738 9739
f 9740 9741 9742
f 9743 9744 9745
f 9746 9747 9748
f 9749 9750 9751
f 9752 9753 9754
f 9755 9756 9757
f 9758 9759 9760
f 9761 7932 9762
f 9763 9764 9765
f 9766 9767 9768
f 9769 9770 9771
f 9772 9773 9774
f 9775 9776 9777
f 9778 9779 9780
f 9781 9782 9783
f 9784 9785 9786
f 9787 9788 9789
f 9790 9791 9792
f 9793 9794 9795
f 9796 9797 9798
f 9799 9800 9801
f 9802 9803 9804
f 9805 9806 9807
f 9808 9809 9810
f 9811 9812 9813
f 9814 9815 9816
f 9817 9818 9819
f 9820 9821 9822
f 9823 9824 9825
f 9826 9827 9828
f 9829 9830 9831
f 9832 9833 9834
f 9835 9836 9837
f 9838 9839 9840
f 9841 9842 9843
f 9844 9845 9846
f 9847 9848 9849
f 9850 9851 9852
f 9853 9854 9855
f 9856 7720 9857
f 9858 9859 9860
f 9861 9862 9863
f 9864 9865 9866
f 9867 9868 9869
f 9870 9871 9872
f 9873 9874 9875
f 9876 9877 9878
f 9879 9880 9881
f 9882 9883 9884
f 5182 5181 9885
f 9886 9887 9888
f 9889 9890 9891
f 9892 9893 9894
f 9895 9896 9897
f 9898 9899 9900
f 9901 9902 9903
f 9904 9905 9906
f 9907 9908 9909
f 9910 9911 9912
f 9913 9914 9915
f 9916 9917 9918
f 9919 9920 9921
f 9922 9923 9924
f 9925 9926 9927
f 9928 9929 9930
f 9931 9932 9933
f 9934 9935 9936
f 9937 9938 9939
f 9940 9941 9942
f 9943 9944 9945
f 9946 9947 9948
f 9949 9950 9951
f 5193 9952 5194
f 9953 9954 9955
f 9956 9957 9958
f 9959 9960 9961
f 9962 9963 9964
f 9965 9966 9967
f 9968 9969 9970
f 9971 9972 9973
f 9974 9975 9976
f 9977 9978 9979
f 9980 9981 9982
f 5275 9983 9984
f 5308 7559 5309
f 9985 9986 9987
f 9988 9989 9990
f 9991 9992 9993
f 9994 9995 9996
f 5335 9997 5336
f 9998 9999 10000
f 10001 10002 10003
f 10004 10005 10006
f 10007 10008 10009
f 10010 10011 10012
f 10013 10014 10015
f 10016 10017 10018
f 10019 10020 10021
f 5388 10022 5389
f 5400 5402 5398
f 10023 10024 10025
f 10026 10027 10028
f 10029 10030 10031
f 10032 10033 10034
f 10035 10036 10037
f 10038 10039 10040
f 10041 10042 10043
f 10044 10045 10046
f 10047 10048 10049
f 5487 10050 10051
f 10052 10053 10054
f 10055 10056 10057
f 10058 10059 10060
f 10061 10062 10063
f 10064 10065 10066
f 10067 10068 10069
f 10070 10071 10072
f 10073 10074 10075
f 10076 10077 10078
f 10079 10080 10081
f 10082 10083 10084
f 5242 5244 10085
f 10086 10087 10088
f 5532 5652 5533
f 10089 10090 10091
f 10092 10093 10094
f 10095 10096 10097
f 10098 10099 10100
f 10101 10102 10103
f 10104 10105 10106
f 10107 10108 10109
f 10110 10111 10112
f 5566 7365 5567
f 10113 10114 10115
f 10116 10117 10118
f 10119 10120 10121
f 10122 10123 10124
f 10125 10126 10127
f 10128 10129 10130
f 10131 10132 10133
f 10134 10135 10136
f 5626 7119 5627
f 10137 10138 10139
f 10140 10141 10142
f 10143 10144 10145
f 10146 10147 10148
f 10149 10150 10151
f 10152 10153 10154
f 10155 10156 10157
f 10158 10159 10160
f 5660 10161 5661
f 5659 10162 5663
f 10163 10164 10165
f 10166 10167 10168
f 10169 10170 10171
f 6022 6021 10172
f 10173 10174 10175
f 10176 10177 10178
f 10179 10180 10181
f 10182 10183 10184
f 10185 10186 10187
f 10188 10189 10190
f 10191 10192 10193
f 10194 10195 10196
f 10197 10198 10199
f 10200 10201 10202
f 10203 7242 5907
f 5907 7241 5908
f 7241 7240 5908
f 5908 7239 10204
f 10205 10206 10207
f 10208 10209 10210
f 10211 10212 10213
f 10214 10215 10216
f 10217 10218 10219
f 10220 10221 10222
f 10223 10224 10225
f 10226 10227 10228
f 10229 10230 10231
f 10232 10233 10234
f 10235 10236 10237
f 10238 10239 10240
f 10241 10242 10243
f 10244 10245 10246
f 10247 10248 10249
f 10250 10251 10252
f 7517 7516 10253
f 10254 10255 10256
f 10257 10258 10259
f 10260 10261 10262
f 10263 10264 10265
f 10266 10267 10268
f 10269 10270 10271
f 10272 10273 10274
f 10275 5668 5667
f 10276 10277 10278
f 10279 10280 10281
f 10282 10283 10284
f 10285 10286 10287
f 10288 10289 10290
f 10291 10292 10293
f 10294 10295 10296
f 10297 10298 10299
f 10300 10301 10302
f 10303 10252 10251
f 10304 10305 10306
f 10307 10308 10309
f 10310 10311 10312
f 10313 10314 10315
f 10316 10317 10318
f 10319 10320 10321
f 10322 10323 10324
f 10325 10326 10327
f 10328 10329 10330
f 10331 10332 10333
f 10334 10335 10336
f 10337 10338 10339
f 10340 10341 10342
f 10343 10344 10345
f 10346 10347 10348
f 10349 10350 10351
f 10352 10353 10354
f 10355 10356 10357
f 10358 10359 10360
f 10361 10362 10363
f 10364 10365 10366
f 10367 10368 10369
f 10370 10371 10372
f 10373 10374 10375
f 10376 10377 10378
f 10379 10380 10381
f 10382 10383 10384
f 10385 6259 6261
f 6087 6089 10386
f 10387 10388 10389
f 10390 10391 10392
f 10393 10394 10395
f 10396 10397 10398
f 10399 10400 10401
f 10402 10403 10404
f 10405 10406 10407
f 10408 10409 10410
f 10411 10412 10413
f 10414 10415 10416
f 10417 10418 10419
f 10420 10421 10422
f 10423 10424 10425
f 10426 10427 10428
f 10429 10430 10431
f 10432 10433 10434
f 10435 10436 10437
f 10438 10439 10440
f 10441 10442 10443
f 10444 10445 10446
f 10447 10448 10449
f 10450 10451 10452
f 10453 10454 10455
f 10456 10457 10458
f 10459 7065 10460
f 10461 10462 10463
f 6202 10464 6203
f 10465 10466 10467
f 10468 10469 10470
f 10471 10472 10473
f 10474 10475 10476
f 10477 10478 10479
f 10480 10481 10482
f 10483 10484 10485
f 10486 10487 10488
f 10489 10490 10491
f 10492 10493 10494
f 10495 10496 10497
f 6226 10498 10499
f 10500 10501 10502
f 10503 10504 10505
f 10506 10507 10508
f 10509 10510 10511
f 10512 10513 10514
f 10206 10205 10515
f 7239 7240 7441
f 7440 10516 10517
f 10518 10519 10520
f 7239 7441 10521
f 7441 7440 10517
f 10522 7241 7242
f 7441 10517 10522
f 10523 10524 10525
f 10522 10526 7441
f 10527 10528 10529
f 10530 10531 10532
f 10533 10534 10535
f 10536 10537 10538
f 10539 10540 10541
f 10542 10543 10544
f 10545 10546 10547
f 10548 10549 10550
f 10551 10552 10553
f 10554 10555 10556
f 10259 10258 10557
f 10558 10559 10560
f 10561 10562 10563
f 10564 10565 10566
f 10567 10568 10569
f 10570 10571 10572
f 10573 10574 10575
f 10576 10577 10578
f 10579 10580 10581
f 10582 7036 7035
f 10583 10584 10585
f 10586 10587 10588
f 10589 10590 10591
f 10592 10593 10594
f 10595 10596 10597
f 10598 10599 10600
f 10601 10602 10603
f 10604 10605 10606
f 10607 10608 10609
f 10610 10611 10612
f 10613 10614 10615
f 10616 10617 10618
f 10619 10620 10621
f 10622 10623 10624
f 6306 10625 10626
f 10627 10628 10629
f 10630 10631 10632
f 10633 10634 10635
f 10636 10637 10638
f 10639 10640 10641
f 10642 10643 10644
f 10645 10641 10646
f 10647 10648 10649
f 10650 10651 10652
f 10653 10654 10655
f 10656 10657 10658
f 10659 10660 10661
f 10662 10663 10664
f 10665 10666 10667
f 10668 10669 10670
f 10671 10672 10673
f 10674 10675 10676
f 10677 10678 10679
f 10680 10681 10682
f 10683 10684 10685
f 10686 10687 10688
f 10689 10690 10691
f 10692 10693 10694
f 10695 10696 10697
f 10698 10699 10700
f 10701 10702 10703
f 10704 10705 10706
f 10707 10708 10709
f 10710 10711 10712
f 10713 10714 10715
f 10716 10717 10718
f 10719 10720 10721
f 10722 10723 10724
f 10725 10726 10727
f 10728 10729 10730
f 10731 10732 10733
f 10734 10735 10736
f 10737 10738 10739
f 10740 10741 10742
f 10743 10744 10745
f 10746 10747 10748
f 10749 10750 10751
f 10752 10753 10754
f 10755 10756 10757
f 10758 10759 10760
f 10761 10762 10763
f 10764 10765 10766
f 10767 10768 10769
f 10770 10771 10772
f 10773 7197 7199
f 10774 10775 10776
f 10777 10778 10779
f 10780 10781 10782
f 10783 10784 10785
f 10786 10787 10788
f 10789 10790 10791
f 10792 10793 10794
f 6219 6218 10795
f 10796 10797 10798
f 10799 10800 10801
f 10802 10803 10804
f 10805 10806 10807
f 10808 10809 10810
f 10811 10812 10813
f 10814 10815 10816
f 10817 10818 10819
f 10820 10821 10822
f 10823 10824 10825
f 10826 10827 10828
f 10829 10830 10831
f 10832 10833 10834
f 10835 10836 10837
f 10838 10839 10840
f 10841 10842 10843
f 10844 10845 10846
f 10847 10848 10849
f 10850 10851 10852
f 10853 10854 10855
f 10856 10857 10858
f 10859 10860 10861
f 10862 10863 10864
f 10865 10866 10867
f 10868 10869 10870
f 10871 10872 10873
f 10874 10875 10876
f 10877 10878 10879
f 10880 10881 10882
f 10883 10884 10885
f 10886 10887 10888
f 10889 10890 10891
f 10892 10893 10894
f 10895 10896 10897
f 10898 10899 10900
f 10901 10902 10903
f 10904 10905 10906
f 10907 10908 10909
f 10910 10911 10912
f 10913 10914 10915
f 10916 10917 10918
f 10919 10920 10921
f 6688 10922 6689
f 10923 10924 10925
f 10926 10927 10928
f 10929 10930 10931
f 10932 10933 10934
f 10935 10936 10937
f 10938 10939 10940
f 10941 10942 10943
f 10944 10945 10946
f 10947 10948 10949
f 10950 10951 10952
f 10953 10954 10955
f 10956 10957 10958
f 10959 10960 10961
f 10962 10963 10964
f 10965 10966 10967
f 10968 10969 10970
f 10971 10972 10973
f 10974 10975 10976
f 10977 10978 10979
f 10980 10981 10982
f 10983 10984 10985
f 10986 10987 10988
f 10989 10990 10991
f 10992 10993 10994
f 10995 10996 10997
f 10998 10999 11000
f 11001 11002 11003
f 11004 11005 11006
f 11007 11008 11009
f 11010 11011 11012
f 11013 11014 11015
f 11016 11017 11018
f 11019 11020 11021
f 11022 11023 11024
f 11025 11026 11027
f 11028 11029 11030
f 11031 11032 11033
f 11034 11035 11036
f 11037 11038 11039
f 11040 11041 11042
f 11043 11044 11045
f 11046 11047 11048
f 11049 11050 11051
f 11052 11053 11054
f 11055 11056 11057
f 11058 11059 11060
f 11061 11062 11063
f 6847 11064 6848
f 11065 11066 11067
f 11068 11069 11070
f 11071 11072 11073
f 11074 11075 11076
f 11077 11078 11079
f 11080 8147 8146
f 11081 11082 11083
f 11084 11085 11086
f 11087 11088 11089
f 11090 11091 11092
f 11093 11094 11095
f 11096 11097 11098
f 11099 11100 11101
f 11102 11103 11104
f 11105 11106 11107
f 11108 11109 11110
f 11111 11112 11113
f 6880 11114 11115
f 11115 6881 6880
f 11116 11117 11118
f 11119 11120 11121
f 11122 11123 11124
f 11125 11126 11127
f 11128 11129 11130
f 11131 11132 11133
f 11134 11135 11136
f 11137 11138 11139
f 11140 11141 11142
f 11143 11144 11145
f 11146 11147 11148
f 11149 11150 11151
f 11152 11153 11154
f 11155 11156 11157
f 11158 11159 11160
f 11161 11162 11163
f 11164 11165 11166
f 11167 11168 11169
f 11170 11171 11172
f 11173 11174 11175
f 11176 11177 11178
f 11179 11180 11181
f 11182 11183 11184
f 11185 11186 11187
f 11188 11189 11190
f 11191 11192 11193
f 11194 11195 11196
f 11197 11198 11199
f 11200 11197 11199
f 11198 11201 11199
f 11201 11202 11199
f 11203 11204 11205
f 7250 7249 11206
f 11207 11208 11209
f 11210 11211 11212
f 11206 7249 11213
f 6880 6882 11214
f 6992 6994 11215
f 11216 11217 11218
f 11219 11220 11221
f 11222 11223 11224
f 11225 11226 11227
f 11228 11229 11230
f 11231 11232 11233
f 11234 11235 11236
f 11237 11238 11239
f 11240 11241 11242
f 11243 11244 11245
f 11246 11247 11248
f 11246 11248 11249
f 11250 11251 11252
f 11253 11254 11255
f 11255 7592 7591
f 11256 11257 11255
f 11255 7591 11258
f 11258 11259 11260
f 11255 11258 11256
f 11261 11262 11263
f 11264 11265 11266
f 11267 11268 11269
f 11270 11271 11272
f 11273 11274 11275
f 11276 11277 11278
f 11279 11280 11281
f 11282 11283 11284
f 11285 11286 11287
f 11288 11289 11290
f 11291 11292 11293
f 11294 11295 11296
f 11297 11298 11299
f 7379 7223 11300
f 11301 11302 11303
f 11304 11305 11306
f 11307 11308 11309
f 11310 11311 6974
f 11312 11313 11314
f 11315 11316 11317
f 11316 11183 11317
f 11318 11319 11320
f 11321 11322 11323
f 11324 11325 11326
f 11327 11328 11329
f 11330 11331 11332
f 11333 11334 11335
f 11336 11337 11338
f 11339 11340 11341
f 11342 11343 11344
f 11345 11346 11347
f 11348 11349 11350
f 11351 11352 11353
f 11354 11355 11356
f 11357 11358 11359
f 11360 11361 11362
f 11363 11364 11365
f 11366 11367 11368
f 11369 11370 11371
f 11372 11373 11374
f 11375 11376 11377
f 11378 11379 11380
f 11381 11382 11383
f 11384 11385 11386
f 11387 11388 11389
f 11390 11391 11392
f 11393 11394 11395
f 11396 7015 7014
f 11397 11398 11399
f 7014 11400 11396
f 11401 11402 11403
f 11404 11405 11406
f 11407 11408 11409
f 11410 11411 11412
f 11413 11414 11415
f 11416 11417 11418
f 11419 11420 11421
f 11422 11423 11424
f 11425 11426 11427
f 11428 11429 11430
f 11431 11432 11433
f 11434 11435 11436
f 11437 11438 11439
f 11440 11441 11442
f 11443 11444 11445
f 11446 11447 11448
f 11449 11450 11451
f 11452 11453 11454
f 11455 11456 11457
f 11458 11459 11460
f 11461 11462 11463
f 11464 11465 11466
f 11467 11468 11469
f 11470 11471 11472
f 11473 10230 10229
f 11474 11475 11476
f 11477 11478 11479
f 11480 11481 11482
f 11483 10277 10276
f 11484 11485 11486
f 11487 11488 11489
f 11490 11491 11492
f 11493 11494 11495
f 11496 11497 11498
f 11499 11500 11501
f 11502 11503 11504
f 11505 11506 11507
f 11508 11509 11510
f 11511 11512 11513
f 11514 11515 11516
f 11517 11518 11519
f 11520 11521 11522
f 11523 11524 11525
f 11526 11527 11528
f 11529 11530 11531
f 11532 11533 11534
f 11535 11536 11537
f 11538 11539 11540
f 11541 11542 11543
f 11544 11545 11546
f 11547 11548 11549
f 11550 11551 11552
f 11553 11554 11555
f 11556 11557 11558
f 11559 11560 11561
f 11562 11563 11564
f 11565 11566 11567
f 11568 11569 11570
f 11571 11572 11573
f 11574 11575 11576
f 11577 11578 11579
f 11580 11581 11582
f 11583 11584 11585
f 11586 11587 11588
f 11589 11590 11591
f 11592 11593 11594
f 11595 11596 11597
f 11598 11599 11600
f 11601 11602 11603
f 11604 11605 11606
f 11607 11608 11609
f 11610 11611 11612
f 11613 11614 11615
f 11616 11617 11618
f 11619 11620 11621
f 11622 11623 11624
f 11625 11626 11627
f 11628 11629 11630
f 11631 11117 11116
f 11632 11633 11634
f 11635 11636 11637
f 11638 11639 11640
f 11638 11640 7137
f 7139 11641 7137
f 11642 11643 11644
f 6853 11645 7138
f 11645 7139 7138
f 8112 11646 8110
f 11647 11648 11649
f 11641 7139 11650
f 11651 11652 11653
f 11654 11655 11656
f 11657 11658 11659
f 11660 11661 11662
f 11663 11664 11665
f 11666 11667 11668
f 11669 11670 11671
f 7164 11672 7165
f 5653 5652 5310
f 11673 11674 11675
f 11676 11677 11678
f 11679 11680 11681
f 11682 11683 11684
f 11685 11686 11687
f 11688 11689 11690
f 11691 11692 11693
f 11694 11695 11696
f 11697 11698 11699
f 11700 11701 11702
f 11703 11704 11705
f 11706 11707 11708
f 11709 11710 11711
f 11712 11713 11714
f 11715 11716 11717
f 11718 11719 11720
f 11721 11722 11723
f 11724 11725 11726
f 11727 11728 11729
f 11730 11731 11732
f 11733 11734 11735
f 11736 11737 11738
f 11739 11740 11741
f 11742 11743 11744
f 11745 11746 11747
f 11748 11749 11750
f 11751 11752 11753
f 11754 11755 11756
f 11757 11758 11759
f 11760 11761 11762
f 11763 11764 11765
f 11766 11767 11768
f 11769 11770 11771
f 11772 11773 11774
f 11775 11776 11777
f 11778 11779 11780
f 11781 11782 11783
f 11784 11785 11786
f 11787 11788 11789
f 11790 11791 11792
f 11793 11794 11795
f 11796 11797 11798
f 11799 11800 11801
f 11802 11803 11804
f 11805 11806 11807
f 11808 11809 11810
f 11811 11812 11813
f 11814 11815 11816
f 11817 11818 11819
f 11820 11821 11822
f 11823 11824 11825
f 11826 11827 11828
f 11829 11830 11831
f 11832 11833 11834
f 11835 11836 11837
f 11838 11839 11840
f 11841 11842 11843
f 11844 11845 11846
f 11847 11848 11849
f 11850 11851 11852
f 11853 11854 11855
f 11856 11857 11858
f 11859 11860 11861
f 11862 11863 11864
f 11865 11866 11867
f 11868 11869 11870
f 11871 11872 11873
f 11874 11875 11876
f 11877 11878 11879
f 11880 11881 11882
f 11883 11884 11885
f 7302 7304 11886
f 11887 11888 11889
f 11890 11891 11892
f 11893 11894 11895
f 11896 11897 11898
f 11899 11900 11901
f 7326 7328 11902
f 11903 11904 11905
f 11906 11907 11908
f 11909 11910 11911
f 11912 11913 11914
f 11915 11916 11917
f 11918 11919 11920
f 11921 11922 11923
f 11924 11925 11926
f 11927 11928 11929
f 11317 11183 11182
f 11930 11931 11932
f 11933 11934 11935
f 11936 11937 11938
f 11939 11317 11182
f 11201 11198 11940
f 11941 11942 11943
f 11944 11945 11946
f 11202 11201 11947
f 7251 11948 7249
f 11949 11950 11951
f 11930 11932 11952
f 11195 11194 11953
f 11954 11955 11956
f 11189 11188 11957
f 11958 11959 11960
f 11930 11952 11961
f 11961 11952 11962
f 11961 11963 11930
f 11964 11965 11966
f 11967 11968 11969
f 11970 11971 11972
f 11973 11974 11975
f 11976 11977 11978
f 11979 11980 11981
f 11982 11983 7013
f 7013 11983 7014
f 11984 11985 11986
f 11987 11988 11989
f 11990 11991 11992
f 11993 11994 11995
f 7014 11983 11996
f 11997 11998 11999
f 12000 12001 12002
f 12003 12004 12005
f 12006 12007 12008
f 12009 12010 12011
f 12012 12013 12014
f 12015 12016 12017
f 12018 12019 12020
f 12021 12022 12023
f 12024 12025 12026
f 12027 12028 12029
f 12030 12031 12032
f 6848 11064 7272
f 12033 7173 7175
f 12034 12035 12036
f 12037 12038 12039
f 12040 12041 12042
f 12043 12044 12045
f 12046 12047 12048
f 12049 12050 12051
f 12052 12053 12054
f 12055 12056 12057
f 12058 12059 12060
f 12061 12062 12063
f 12064 12065 12066
f 10090 12067 12068
f 12069 12070 12071
f 12072 12073 12074
f 12075 12076 12077
f 12078 12079 12080
f 12081 12082 12083
f 12084 12085 12086
f 12087 12088 12089
f 12090 12091 12092
f 12093 12094 12095
f 12096 12097 12098
f 12099 12100 12101
f 12102 12103 12104
f 12105 12106 12107
f 12108 12109 12110
f 12111 12112 12113
f 12114 12115 12116
f 12117 12118 12119
f 12120 12121 12122
f 12123 12124 12125
f 12126 12127 12128
f 12129 12130 12131
f 12132 12133 12134
f 12135 12136 12137
f 12138 12139 12140
f 12141 12142 12143
f 12144 12145 12146
f 12147 12148 12149
f 12150 12151 12152
f 12153 12154 12155
f 12156 12157 12158
f 12159 12160 12161
f 12162 12163 12164
f 12165 12166 12167
f 12168 12169 12170
f 12171 12172 12173
f 12174 12175 12176
f 12177 12178 12179
f 12180 12181 12182
f 12183 12184 12185
f 12186 12187 12188
f 12189 12190 12191
f 12192 12193 12194
f 12195 12196 12197
f 12198 12199 12200
f 12201 12202 12203
f 12204 12205 12206
f 12207 12208 12209
f 12210 12211 12212
f 12213 12214 12215
f 12216 12217 12218
f 12219 12220 12221
f 12222 12223 12224
f 12225 12226 12227
f 12228 12229 12230
f 12231 12232 12233
f 12234 12235 12236
f 12237 12238 12239
f 12240 12241 12242
f 12243 12244 12245
f 12246 12247 12248
f 12249 12250 12251
f 12252 12253 12254
f 12255 12256 12257
f 12258 12259 12260
f 12261 12262 12263
f 12264 12265 12266
f 12267 12268 12269
f 10617 12270 12271
f 12272 12273 12274
f 5470 5469 12275
f 12276 12277 12278
f 12279 12280 12281
f 12282 12283 12284
f 12285 12286 12287
f 12288 12289 12290
f 12291 12292 12293
f 12294 12295 12296
f 12297 12298 12299
f 12300 12301 12302
f 12303 12304 12305
f 12306 12307 12308
f 12309 12310 12311
f 12312 12313 12314
f 12315 12316 12317
f 12318 12319 12320
f 12321 12322 12323
f 12324 12325 12326
f 12327 12328 12329
f 12330 12331 12332
f 12333 12334 12335
f 12336 12337 12338
f 12339 12340 12341
f 12342 12343 12344
f 12345 12346 12347
f 7240 7241 10517
f 7241 10522 10517
f 10517 10516 7240
f 10516 7440 7240
f 12348 12349 12350
f 12351 12352 12353
f 12354 12355 12356
f 12357 12358 12359
f 12360 12361 12362
f 12363 12364 12365
f 12366 12367 12368
f 12369 12370 12371
f 12372 12373 12374
f 12375 12376 12377
f 12378 12379 12380
f 12381 12382 12383
f 12384 12385 12386
f 12387 12388 12389
f 12390 12391 12392
f 12393 12394 12395
f 12396 12397 12398
f 12399 12400 12401
f 12402 12403 12404
f 12405 12406 12407
f 12408 12409 12410
f 12411 12412 12413
f 12414 12415 12416
f 12417 12418 12419
f 12420 12421 12422
f 12423 12424 12425
f 12426 12427 12428
f 12429 12430 12431
f 12432 12433 12434
f 12435 12436 12437
f 12438 12439 12440
f 12441 12442 12443
f 12444 12445 12446
f 12447 12448 12449
f 12450 12451 12452
f 12453 12454 12455
f 12456 12457 12458
f 12459 12460 12461
f 12462 12463 12464
f 12465 12466 12467
f 12468 12469 12470
f 12471 12472 12473
f 7559 5308 5628
f 12474 12475 12476
f 12477 12478 12479
f 12480 12481 12482
f 12483 12484 12485
f 12486 12487 12488
f 12489 12490 12489
f 12491 12492 12493
f 12494 12495 12496
f 12497 12498 12499
f 12500 12501 12502
f 12503 12489 12489
f 12504 12505 12506
f 12507 12508 12509
f 12510 12511 12512
f 12513 12514 12515
f 12516 12517 12518
f 12519 12520 12521
f 12522 12523 12524
f 12525 12526 12527
f 12528 12529 12530
f 12531 12532 12533
f 12534 12535 12536
f 12537 12538 12539
f 12540 12541 12542
f 12543 12544 12545
f 12546 12547 12548
f 12549 12550 12551
f 12552 12553 12554
f 12555 12556 12557
f 12558 12559 12560
f 12561 12562 12563
f 12564 12565 12566
f 11260 11259 12567
f 11259 11258 7591
f 7592 11255 11254
f 11254 12568 12569
f 7592 11254 12569
f 12570 11259 7591
f 12571 12572 12573
f 12574 12575 12576
f 12577 12578 12579
f 12580 12581 12582
f 12583 12584 12585
f 12586 12587 12588
f 12589 12590 12591
f 12592 12593 12594
f 12595 12596 12597
f 12598 12599 12600
f 12601 12602 12603
f 12604 12605 12606
f 12607 4954 12608
f 12609 12610 12611
f 12612 7619 12613
f 12614 12615 12616
f 12617 12618 12619
f 12620 12621 12622
f 12623 12624 12625
f 12626 12627 12628
f 12629 12630 12631
f 12632 12633 12634
f 12635 12636 12637
f 12638 12639 12640
f 12641 12642 12643
f 12644 12645 12646
f 12647 12648 12649
f 12650 12651 12652
f 12653 12654 12655
f 12656 12657 12658
f 12659 12660 12661
f 12662 12663 12664
f 12665 12666 12667
f 12668 12669 12670
f 12671 12672 12673
f 12674 12675 12676
f 12677 12678 12679
f 12680 12681 12682
f 12683 12684 12685
f 12686 12687 12688
f 12689 12690 12691
f 12692 12693 12694
f 12695 12696 12697
f 12698 12699 12700
f 12701 12702 12703
f 12704 12705 12706
f 12707 12708 12709
f 12710 12711 12712
f 12713 12714 12715
f 12716 12717 12718
f 12719 12720 12721
f 12722 12723 12724
f 12725 9778 12726
f 12727 12728 12729
f 12730 12731 12732
f 12733 12734 12735
f 12736 12737 12738
f 12739 12740 12741
f 12742 12743 12744
f 12745 12746 12747
f 12748 12749 12750
f 12751 12752 12753
f 12754 12755 12756
f 12757 12758 7679
f 12759 12760 12761
f 12762 12763 12764
f 12765 12766 12767
f 12768 12769 12770
f 12771 12772 12773
f 12774 7692 12775
f 12776 12777 12778
f 12779 12780 12781
f 12782 12783 12784
f 12785 12786 12787
f 12788 12789 12790
f 12791 12792 12793
f 12794 12795 12796
f 12797 12798 12799
f 12800 12801 12802
f 12803 12804 12805
f 12806 12807 12808
f 12809 12810 12811
f 12812 12813 12814
f 12815 12816 12817
f 12818 12819 12820
f 12821 12822 12823
f 12824 12825 12826
f 12827 12828 12829
f 12830 12831 12832
f 12833 12834 12835
f 12836 12837 12838
f 12839 12840 12841
f 12842 12843 12844
f 12845 12846 12847
f 12848 12849 12850
f 12851 12852 12853
f 12854 12855 12856
f 12857 12858 12859
f 12860 12861 12862
f 12863 12864 12865
f 12866 12862 12867
f 12868 12869 12870
f 12871 12872 12873
f 12874 12875 12876
f 12877 12878 12879
f 12880 12881 12882
f 12883 12884 12885
f 12886 12887 12888
f 12889 12890 12891
f 12892 12893 12894
f 12895 12896 12897
f 12898 12899 12900
f 12901 12902 12903
f 12904 12905 12906
f 12907 12908 12909
f 12910 12911 12912
f 12913 12914 12915
f 12916 12917 12918
f 12919 12920 12921
f 12922 12923 12924
f 12925 12926 12927
f 12928 12929 12930
f 12931 12932 12933
f 12934 12935 12936
f 12937 12938 12939
f 12940 12941 12942
f 12943 12944 12945
f 12946 12947 12948
f 12935 12949 12950
f 12951 12952 12953
f 12954 12955 12956
f 12957 12958 12959
f 12960 12961 12962
f 9896 12963 12964
f 12965 12966 12967
f 12968 12969 12970
f 12971 12972 12973
f 12974 12975 12976
f 12977 12978 12979
f 12980 12981 12982
f 12983 12984 12985
f 12986 12987 12988
f 12989 12990 12991
f 12992 5033 5021
f 12993 12991 12994
f 12995 12996 12997
f 12998 12999 13000
f 13001 13002 13003
f 13004 13005 13006
f 13007 13008 13009
f 13010 13011 13012
f 13013 13014 13015
f 13016 13017 13018
f 13019 13020 13021
f 13022 13023 13024
f 13025 13026 13027
f 13028 13029 13030
f 13031 13032 13033
f 13034 13035 13036
f 13037 13038 13039
f 13040 13041 13042
f 13043 13044 13045
f 13046 13047 13048
f 13049 13050 13051
f 13052 13053 7817
f 13054 13055 13056
f 13057 13058 13059
f 13060 13061 13062
f 13063 13064 13065
f 13066 13067 13068
f 13069 13070 13071
f 13072 13073 13074
f 13075 13076 13077
f 13078 13079 13080
f 13081 13082 13083
f 13084 13085 13086
f 13087 13088 13089
f 13090 13091 13092
f 13093 13094 13095
f 13096 13097 13098
f 13099 13100 13101
f 13102 13103 13104
f 13105 13106 13107
f 13108 13109 13110
f 13111 13112 13113
f 13114 13115 13116
f 13117 13118 13119
f 13120 13121 13122
f 13123 13124 13125
f 13126 13127 13128
f 13129 13130 13131
f 13132 13133 13134
f 13135 13136 13137
f 13138 13139 13140
f 13141 9887 13142
f 13143 13144 13145
f 13146 13147 13148
f 13149 13150 13151
f 13152 13153 13154
f 13155 13156 13157
f 13158 13159 13160
f 13161 13162 13163
f 13164 13165 13166
f 13167 13168 13169
f 13170 13171 13172
f 13173 13174 13175
f 13176 13177 13178
f 13179 13180 13181
f 13182 13183 13184
f 13185 9643 13186
f 13187 13188 13189
f 13190 13191 13192
f 13193 13194 13195
f 13196 13197 13198
f 13199 13200 13201
f 13202 13203 13204
f 13205 13206 13207
f 13208 13209 13210
f 13211 7618 13212
f 13213 13214 13215
f 13216 7618 7620
f 13217 13218 13219
f 13220 13221 13222
f 13223 13224 13225
f 13226 13227 13228
f 13229 13230 13231
f 13232 13233 13234
f 13235 13236 13237
f 13238 13239 13240
f 13241 13242 13243
f 13244 13245 13246
f 13247 13248 13249
f 13250 13251 13252
f 13253 13057 13254
f 13057 13255 13256
f 13257 13258 13259
f 13260 13261 13262
f 13263 13264 13265
f 13266 13267 7905
f 13268 13269 13270
f 13271 13272 13273
f 13274 13275 13276
f 13277 13278 13279
f 13280 13281 13282
f 13283 13284 13285
f 13286 13287 13288
f 13289 13290 13291
f 13292 13293 13294
f 13295 13296 13297
f 13298 13299 13300
f 13301 13302 13303
f 13304 13305 13306
f 13307 13308 13309
f 13310 13311 13312
f 13313 13314 13315
f 13316 13317 13318
f 13319 13320 13321
f 13322 7732 7731
f 7953 7952 13323
f 13324 13325 13326
f 13327 13328 13329
f 13330 13331 13332
f 13333 13334 13335
f 13336 13337 13338
f 13339 13340 13341
f 13342 13343 13344
f 13345 13346 13347
f 13348 13349 13350
f 13351 13352 13353
f 12896 12895 13354
f 13355 13356 13357
f 13358 13359 13360
f 13361 13362 13363
f 13364 13365 13366
f 13367 13368 13369
f 13370 13357 13371
f 13372 13373 13374
f 13375 13376 13377
f 7763 5097 13378
f 13379 13380 13381
f 13382 13383 13384
f 13385 13386 13387
f 13388 13389 13390
f 13391 13392 13393
f 13394 13395 13396
f 13397 13398 13399
f 13400 13401 13402
f 13403 13404 13405
f 13406 13407 13408
f 13409 13410 13411
f 13412 13413 13414
f 13415 13416 13417
f 13418 13419 13420
f 13421 13422 13423
f 13424 13425 13426
f 13427 13428 13429
f 13430 13431 13432
f 13433 13434 13435
f 13436 13437 13438
f 13439 13440 13441
f 13442 13443 13444
f 13445 13446 13447
f 13448 13449 13450
f 13451 13452 13453
f 13454 13455 13456
f 13457 13458 13459
f 13460 4946 13461
f 13462 13463 13464
f 13465 13466 13467
f 13468 13469 13470
f 13471 13472 13473
f 13474 13475 13476
f 13477 13478 13479
f 13480 13481 13482
f 13483 13484 13485
f 13486 13487 13488
f 13489 13490 13491
f 13492 13493 13494
f 13495 13496 13497
f 13498 13499 13500
f 13501 13502 13503
f 13504 13505 13506
f 13507 13508 13509
f 13510 13511 13512
f 13513 13514 13515
f 13516 13517 13518
f 13519 13520 13521
f 13522 13523 13524
f 13525 13526 13527
f 13528 13529 13530
f 13531 13532 13533
f 13534 13535 13536
f 13537 13538 13539
f 13540 13541 13542
f 13543 13544 13545
f 13546 13547 13548
f 13549 13550 13509
f 13551 13552 13553
f 13554 13555 13556
f 13557 12755 12754
f 13558 13559 13560
f 13561 13562 13563
f 13564 13565 13566
f 13567 13568 13569
f 13570 13571 13572
f 13573 13574 13575
f 13576 13577 13578
f 13579 13580 13581
f 9779 9778 13582
f 13583 13584 13585
f 13586 13587 13588
f 13589 13590 13591
f 13592 13593 13594
f 13595 13596 13597
f 13598 4769 13599
f 13600 13601 13602
f 13603 13604 13605
f 13606 13607 13608
f 13609 13610 13611
f 13612 13613 13614
f 13615 13616 13617
f 13618 13619 13620
f 13621 13622 13623
f 13624 13625 13626
f 13627 13628 13629
f 13630 13631 13632
f 13633 13634 13635
f 13636 13637 13638
f 13639 13640 13641
f 13642 13643 13644
f 13645 13646 13647
f 13648 13649 13650
f 13651 13652 13653
f 8052 13654 13655
f 13656 13657 13658
f 13348 13659 13660
f 13661 13662 13663
f 13664 13665 13666
f 13667 13668 13669
f 13670 13671 13672
f 13673 13674 13675
f 13676 13677 13678
f 13679 13680 13681
f 13682 13683 13684
f 13685 13686 13687
f 13688 13689 13690
f 13691 13692 13693
f 4381 4381 4381
f 13694 13695 13696
f 13697 13698 13699
f 13700 6805 6807
f 13701 13702 13703
f 13704 13705 13706
f 13707 13708 13709
f 13710 13711 13712
f 13713 13714 13715
f 13716 13717 13718
f 6854 6853 7138
f 7138 7137 11640
f 11640 13719 7138
f 13720 13721 13722
f 13723 13724 13725
f 13726 13727 13728
f 13729 13730 13731
f 13732 13733 13734
f 13735 13736 13737
f 13738 13739 8105
f 13740 13741 13742
f 13743 13744 13745
f 13746 13747 13748
f 13749 13750 13751
f 7142 7141 13752
f 4420 4419 13753
f 13754 13755 8114
f 13756 13757 13758
f 13759 8086 8088
f 13760 13761 13762
f 13763 13764 13765
f 13766 13767 8127
f 13768 13769 13770
f 13771 13772 13773
f 2713 2713 2713
f 13774 13775 13776
f 13777 13778 13779
f 13780 13781 13782
f 13783 13784 13785
f 4381 13786 13787
f 13788 11645 6853
f 11082 11081 13789
f 13790 13791 13792
f 13793 9450 9450
f 13794 13795 13794
f 13796 13797 13798
f 13794 13799 13800
