v 0.037968989461660385 0.03836696967482567 -0.026010990142822266
v 0.04196995124220848 0.03911697119474411 -0.027208980172872543
v 0.04149299114942551 0.03876398876309395 -0.02665298990905285
v 0.04125797003507614 0.03823094815015793 -0.025895949453115463
v 0.04127198085188866 0.037383969873189926 -0.024883979931473732
v 0.03989297151565552 0.03642195090651512 -0.02375096082687378
v 0.041589971631765366 0.036606959998607635 -0.0241539403796196
v 0.042539000511169434 0.0355219803750515 -0.02344398945569992
v 0.0420529805123806 0.034249961376190186 -0.022530969232320786
v 0.043824970722198486 0.034249961376190186 -0.02290295995771885
v 0.042511988431215286 -0.03924797847867012 -0.027419980615377426
v 0.04510295018553734 -0.03925596922636032 -0.02747195027768612
v 0.047465980052948 -0.04024498909711838 -0.02901500090956688
v 0.04785095900297165 -0.03925495967268944 -0.027622990310192108
v 0.04991798847913742 -0.04021697863936424 -0.029006950557231903
v 0.050357989966869354 -0.039222948253154755 -0.027803000062704086
v 0.08068597316741943 -0.03270798176527023 -0.036482978612184525
v 0.07951294630765915 -0.03401397913694382 -0.03701698035001755
v 0.07370095700025558 -0.03473997116088867 -0.03331594914197922
v 0.07377099245786667 -0.0356859490275383 -0.03419898822903633
v 0.08247797936201096 -0.03211795911192894 -0.037310950458049774
v 0.08678895235061646 -0.030698949471116066 -0.03930395096540451
v 0.08525097370147705 -0.03218894824385643 -0.039925988763570786
v 0.09098999947309494 -0.03021395020186901 -0.04292595013976097
v 0.09225296229124069 -0.028874989598989487 -0.041836969554424286
v 0.0949629470705986 -0.028423959389328957 -0.04415899142622948
v 0.09112197160720825 -0.029271960258483887 -0.04130696877837181
v 0.11939000338315964 -0.017421960830688477 -0.05173999071121216
v 0.11819899827241898 -0.018285980448126793 -0.05214595049619675
v 0.11882899701595306 -0.016919970512390137 -0.05014996975660324
v 0.12017399817705154 -0.015381990000605583 -0.04924594983458519
v 0.11930199712514877 -0.015462989918887615 -0.04866600036621094
v 0.1198439970612526 -0.012957990169525146 -0.04695795848965645
v 0.12078200280666351 -0.012659960426390171 -0.047313980758190155
v 0.11956000328063965 -0.014457999728620052 -0.04785298928618431
v 0.12001290172338486 -0.011742940172553062 -0.0464249812066555
v 0.12116800248622894 -0.009451985359191895 -0.04608500003814697
v 0.12019400298595428 -0.01006799004971981 -0.04585497826337814
v 0.1203249990940094 -0.007694959174841642 -0.045448001474142075
v 0.12130700051784515 -0.005987942218780518 -0.04564499109983444
v 0.07633495330810547 -0.0010019539622589946 -0.03145693987607956
v 0.07633399218320847 -0.00142496800981462 -0.031459979712963104
v 0.04894398897886276 -0.028734980151057243 -0.023096969351172447
v 0.07538700103759766 -0.0009999870089814067 -0.03115897998213768
v 0.04896795004606247 -0.02734093926846981 -0.02309197001159191
v 0.12035799771547318 -0.005987942218780518 -0.04534697160124779
v 0.12132000178098679 -0.0009999870089814067 -0.04560399055480957
v 0.12037099897861481 0.0 -0.04530495032668114
v 0.052123960107564926 -0.04008597135543823 -0.029057970270514488
v 0.05293697118759155 -0.03905694931745529 -0.028010960668325424
v 0.054589979350566864 -0.03985195979475975 -0.029163949191570282
v 0.05391298979520798 -0.038938991725444794 -0.02810996025800705
v 0.05781298130750656 -0.039309971034526825 -0.029429970309138298
v 0.05839097127318382 -0.0391729399561882 -0.02949994057416916
v 0.05578695982694626 -0.03871297091245651 -0.028299979865550995
v 0.058402951806783676 -0.038221001625061035 -0.028638949617743492
v 0.06037395820021629 -0.03870099037885666 -0.02974097989499569
v 0.0613669715821743 -0.0374789796769619 -0.02911394089460373
v 0.06103198975324631 -0.03854399174451828 -0.029820969328284264
v 0.07034497708082199 -0.03650099039077759 -0.03262798860669136
v 0.07189594954252243 -0.03519194945693016 -0.03252499923110008
v 0.06383597105741501 -0.037817951291799545 -0.030353959649801254
v 0.06496994942426682 -0.03657596930861473 -0.029946979135274887
v 0.06498395651578903 -0.03756098821759224 -0.03068297915160656
v 0.06689298152923584 -0.03714495152235031 -0.03125596046447754
v 0.06705296039581299 -0.036135971546173096 -0.030602989718317986
v 0.06881499290466309 -0.03678493946790695 -0.031977951526641846
v 0.06950396299362183 -0.0356859490275383 -0.03152893856167793
v 0.043824970722198486 -0.034249961376190186 -0.02290295995771885
v 0.042515989392995834 -0.03554397076368332 -0.023456990718841553
v 0.0420529805123806 -0.034249961376190186 -0.022530969232320786
v 0.03989297151565552 -0.03642195090651512 -0.02375096082687378
v 0.04148494824767113 -0.03678994998335838 -0.024307960644364357
v 0.04122595861554146 -0.0377039909362793 -0.02524000033736229
v 0.04133296012878418 -0.038481950759887695 -0.026239989325404167
v 0.037968989461660385 -0.03836696967482567 -0.026010990142822266
v 0.0418509803712368 -0.03903995826840401 -0.02708696946501732
v 0.09306097030639648 -0.029473960399627686 -0.0440250001847744
v 0.11701600253582001 -0.020364990457892418 -0.055439941585063934
v 0.11807999759912491 -0.019942989572882652 -0.05590498074889183
v 0.116177998483181 -0.02117794007062912 -0.056211940944194794
v 0.11707600206136703 -0.021232960745692253 -0.057578980922698975
v 0.09966695308685303 -0.028050949797034264 -0.04975198954343796
v 0.09903495758771896 -0.029100950807332993 -0.051366981118917465
v 0.0984010100364685 -0.028275959193706512 -0.04854093864560127
v 0.09789495915174484 -0.02926498092710972 -0.050184961408376694
v 0.11736900359392166 -0.019882969558238983 -0.05478595942258835
v 0.11350099742412567 -0.022958990186452866 -0.05674396827816963
v 0.1133280023932457 -0.023890970274806023 -0.058709971606731415
v 0.1111529991030693 -0.024852989241480827 -0.057994961738586426
v 0.11211799830198288 -0.0236239992082119 -0.0564119815826416
v 0.10037299990653992 -0.02870500087738037 -0.0522729717195034
v 0.10058999806642532 -0.027767950668931007 -0.05035196989774704
v 0.11136999726295471 -0.023916000500321388 -0.05607295036315918
v 0.11540800333023071 -0.022619960829615593 -0.05856394022703171
v 0.11499399691820145 -0.022066950798034668 -0.05668497085571289
v 0.0960339903831482 -0.028378959745168686 -0.045526981353759766
v 0.07538700103759766 0.0009999870089814067 -0.03115897998213768
v 0.07633495330810547 0.0010019539622589946 -0.03145693987607956
v 0.12132000178098679 0.0009999870089814067 -0.04560399055480957
v 0.04837995022535324 -0.02772497944533825 -0.0014829629799351096
v 0.04892396181821823 -0.02894699014723301 -0.02247196063399315
v 0.0489189587533474 -0.029049990698695183 -0.022384999319911003
v 0.0489269383251667 -0.028889000415802002 -0.022574959322810173
v 0.04891597852110863 -0.02918398007750511 -0.022325990721583366
v 0.04891198128461838 -0.029326969757676125 -0.022305959835648537
v 0.04827195033431053 -0.0338670015335083 -0.0014859429793432355
v 0.04890697821974754 -0.029615990817546844 -0.02230696938931942
v 0.048681970685720444 -0.034128960222005844 -0.01686798967421055
v 0.04885493963956833 -0.03368394821882248 -0.02299397997558117
v 0.048850949853658676 -0.03423595055937767 -0.02319495938718319
v 0.04436599835753441 -0.03385496139526367 4.400000034365803e-05
v 0.04383599013090134 -0.03386294096708298 -0.000299000006634742
v 0.042239960283041 -0.033833980560302734 0.001705943956039846
v 0.04346299171447754 -0.03387295827269554 -0.0008069999748840928
v 0.04330097883939743 -0.033880941569805145 -0.0012299410300329328
v 0.04453498125076294 -0.03409396857023239 -0.013934959657490253
v 0.043283991515636444 -0.03389095887541771 -0.001817940967157483
v 0.04344397038221359 -0.033898938447237015 -0.002318978076800704
v 0.0438079796731472 -0.03390597924590111 -0.0028359880670905113
v 0.044337980449199677 -0.03390996903181076 -0.003180979983881116
v 0.04512196034193039 -0.03408997878432274 -0.013824990019202232
v 0.044247981160879135 -0.034097958356142044 -0.01410198025405407
v 0.04378097876906395 -0.03410695865750313 -0.01451896969228983
v 0.04354900121688843 -0.03411399945616722 -0.014927979558706284
v 0.04343497008085251 -0.03411995992064476 -0.01522499043494463
v 0.043289948254823685 -0.03388696163892746 -0.0015969870146363974
v 0.043422989547252655 -0.034125979989767075 -0.015591969713568687
v 0.04341595992445946 -0.03412996977567673 -0.015812989324331284
v 0.0435749813914299 -0.03413796052336693 -0.01631397008895874
v 0.04393798112869263 -0.03414595127105713 -0.01683199033141136
v 0.04446696862578392 -0.03415000066161156 -0.01717895083129406
v 0.04407399147748947 -0.034238990396261215 -0.022320980206131935
v 0.04446696862578392 -0.03423500061035156 -0.022182999178767204
v 0.04508494958281517 -0.03415000066161156 -0.01730995997786522
v 0.04570697993040085 -0.03414595127105713 -0.01721400022506714
v 0.046669960021972656 -0.03412795066833496 -0.016389960423111916
v 0.04625397175550461 -0.03413897007703781 -0.016902979463338852
v 0.04688495025038719 -0.03411494940519333 -0.01564699038863182
v 0.04684799164533615 -0.034105949103832245 -0.015151970088481903
v 0.04667495936155319 -0.034099988639354706 -0.014754950068891048
v 0.04628496989607811 -0.03409295901656151 -0.014260940253734589
v 0.0455779992043972 -0.03390698879957199 -0.0032129879109561443
v 0.045743998140096664 -0.03408997878432274 -0.013936989940702915
v 0.044955961406230927 -0.03390996903181076 -0.0033109779469668865
v 0.04599595069885254 -0.03390197828412056 -0.003023982048034668
v 0.04633694142103195 -0.03389494866132736 -0.0026979439426213503
v 0.046704940497875214 -0.03387999162077904 -0.0018989440286532044
v 0.04771900177001953 -0.03384000062942505 0.00024500000290572643
v 0.04780000075697899 -0.03384196013212204 0.00011399999493733048
v 0.04653995856642723 -0.033860981464385986 -0.0007519999635405838
v 0.04818397015333176 -0.033855970948934555 -0.0008169999928213656
v 0.046714961528778076 -0.0338670015335083 -0.0011489980388432741
v 0.046931978315114975 -0.0338289700448513 0.0010419479804113507
v 0.04614996165037155 -0.03385394066572189 -0.0002589999930933118
v 0.04605495184659958 -0.03382395952939987 0.0015129439998418093
v 0.04560798034071922 -0.03384995087981224 6.399999983841553e-05
v 0.04498498886823654 -0.033850960433483124 0.0001740000006975606
v 0.045042991638183594 -0.03382498025894165 0.0016839499585330486
v 0.11953700333833694 0.014550980180501938 -0.04792499169707298
v 0.11915300041437149 0.0159869696944952 -0.049132999032735825
v 0.12017399817705154 0.015381990000605583 -0.04924594983458519
v 0.12130700051784515 0.005987942218780518 -0.04564499109983444
v 0.12035699933767319 0.006279944907873869 -0.04534899815917015
v 0.12116800248622894 0.009451985359191895 -0.04608500003814697
v 0.12029799818992615 0.008604942820966244 -0.045529961585998535
v 0.12015300244092941 0.010527960024774075 -0.04598294943571091
v 0.12078200280666351 0.012659960426390171 -0.047313980758190155
v 0.11985299736261368 0.012890989892184734 -0.046929001808166504
v 0.11883299797773361 0.01689296029508114 -0.05013798922300339
v 0.11939000338315964 0.017421960830688477 -0.05173999071121216
v 0.11782100051641464 0.0190119706094265 -0.053345970809459686
v 0.09098999947309494 0.03021395020186901 -0.04292595013976097
v 0.0949629470705986 0.028423959389328957 -0.04415899142622948
v 0.09334695339202881 0.028489939868450165 -0.04234898090362549
v 0.09168796986341476 0.02907394990324974 -0.0415719710290432
v 0.08525097370147705 0.03218894824385643 -0.039925988763570786
v 0.08669698238372803 0.030762970447540283 -0.039256978780031204
v 0.07951294630765915 0.03401397913694382 -0.03701698035001755
v 0.08429098129272461 0.03157395124435425 -0.03814297169446945
v 0.08247697353363037 0.03211598843336105 -0.037315960973501205
v 0.07377099245786667 0.0356859490275383 -0.03419898822903633
v 0.07370095700025558 0.03473997116088867 -0.03331594914197922
v 0.04896795004606247 0.02734093926846981 -0.02309197001159191
v 0.04894398897886276 0.028734980151057243 -0.023096969351172447
v 0.07633399218320847 0.00142496800981462 -0.031459979712963104
v 0.07034497708082199 0.03650099039077759 -0.03262798860669136
v 0.07130300253629684 0.03532999008893967 -0.03227096050977707
v 0.06881499290466309 0.03678596019744873 -0.03197896108031273
v 0.06823395937681198 0.03591996058821678 -0.031039949506521225
v 0.06717997044324875 0.03709094971418381 -0.03136396035552025
v 0.06660699099302292 0.037197940051555634 -0.031147949397563934
v 0.06497800350189209 0.03657393902540207 -0.029948940500617027
v 0.06498395651578903 0.03756098821759224 -0.03068297915160656
v 0.06383597105741501 0.037817951291799545 -0.030353959649801254
v 0.06298696249723434 0.03705494850873947 -0.029437949880957603
v 0.06103198975324631 0.03854399174451828 -0.029820969328284264
v 0.06076794117689133 0.03763997182250023 -0.029006000608205795
v 0.06037395820021629 0.03870099037885666 -0.02974097989499569
v 0.05813198909163475 0.0392339788377285 -0.029468949884176254
v 0.05926197022199631 0.03802597150206566 -0.028764959424734116
v 0.05582195147871971 0.03870797157287598 -0.028303980827331543
v 0.05396097153425217 0.03894798830151558 -0.028108950704336166
v 0.05035495012998581 0.039223961532115936 -0.027803000062704086
v 0.04991798847913742 0.04021697863936424 -0.029006950557231903
v 0.052123960107564926 0.04008597135543823 -0.029057970270514488
v 0.05326896160840988 0.039036981761455536 -0.028036950156092644
v 0.054589979350566864 0.03985195979475975 -0.029163949191570282
v 0.04662400111556053 0.03925596922636032 -0.027552960440516472
v 0.04249399155378342 0.039244938641786575 -0.02741396054625511
v 0.047465980052948 0.04024498909711838 -0.02901500090956688
v 0.09600596874952316 0.02837996929883957 -0.04549098014831543
v 0.09306097030639648 0.029473960399627686 -0.0440250001847744
v 0.11621800065040588 0.021133000031113625 -0.05615996941924095
v 0.11707600206136703 0.021232960745692253 -0.057578980922698975
v 0.11702600121498108 0.020343950018286705 -0.0554039403796196
v 0.11807999759912491 0.019942989572882652 -0.05590498074889183
v 0.11505000293254852 0.022030940279364586 -0.05667597055435181
v 0.11540800333023071 0.022619960829615593 -0.05856394022703171
v 0.09789495915174484 0.02926498092710972 -0.050184961408376694
v 0.09903495758771896 0.029100950807332993 -0.051366981118917465
v 0.0991249606013298 0.02817499078810215 -0.049299001693725586
v 0.11376500129699707 0.02280597947537899 -0.05674295872449875
v 0.1133280023932457 0.023890970274806023 -0.058709971606731415
v 0.09833698719739914 0.02827996015548706 -0.04846297949552536
v 0.11252500116825104 0.023444950580596924 -0.056549958884716034
v 0.1111529991030693 0.024852989241480827 -0.057994961738586426
v 0.11136999726295471 0.023916000500321388 -0.05607295036315918
v 0.10037299990653992 0.02870500087738037 -0.0522729717195034
v 0.10058999806642532 0.027767950668931007 -0.05035196989774704
v 0.04891597852110863 0.02918398007750511 -0.022325990721583366
v 0.0489189587533474 0.029049990698695183 -0.022384999319911003
v 0.04837995022535324 0.02772497944533825 -0.0014829629799351096
v 0.04892396181821823 0.02894699014723301 -0.02247196063399315
v 0.0489269383251667 0.028889000415802002 -0.022574959322810173
v 0.048850949853658676 0.03423595055937767 -0.02319495938718319
v 0.04885493963956833 0.03368299826979637 -0.02299295924603939
v 0.048681970685720444 0.034128960222005844 -0.01686798967421055
v 0.04890697821974754 0.029615990817546844 -0.02230696938931942
v 0.04827195033431053 0.0338670015335083 -0.0014859429793432355
v 0.04891198128461838 0.029326969757676125 -0.022305959835648537
v 0.044182948768138885 0.03423798084259033 -0.02227199077606201
v 0.04446696862578392 0.03415000066161156 -0.01717895083129406
v 0.04393798112869263 0.03414595127105713 -0.01683199033141136
v 0.0435749813914299 0.03413796052336693 -0.01631397008895874
v 0.0438079796731472 0.03390597924590111 -0.0028359880670905113
v 0.04344397038221359 0.033898938447237015 -0.002318978076800704
v 0.04341595992445946 0.03412996977567673 -0.015812989324331284
v 0.043422989547252655 0.034125979989767075 -0.015591969713568687
v 0.04343497008085251 0.03411995992064476 -0.01522499043494463
v 0.044337980449199677 0.03390996903181076 -0.003180979983881116
v 0.04354900121688843 0.03411399945616722 -0.014927979558706284
v 0.04364597052335739 0.03410995006561279 -0.014677999541163445
v 0.043970998376607895 0.03410195931792259 -0.014295989647507668
v 0.04487495869398117 0.033910978585481644 -0.003317951923236251
v 0.04642099142074585 0.033892981708049774 -0.0026179549749940634
v 0.04453498125076294 0.03409396857023239 -0.013934959657490253
v 0.0466269813477993 0.03388594835996628 -0.0022149679716676474
v 0.046686939895153046 0.03388297185301781 -0.0020949840545654297
v 0.046252958476543427 0.033896978944540024 -0.0027779929805547
v 0.04599595069885254 0.03390197828412056 -0.003023982048034668
v 0.0455779992043972 0.03390698879957199 -0.0032129879109561443
v 0.04503697156906128 0.03390996903181076 -0.0033039450645446777
v 0.044468991458415985 0.03409498184919357 -0.013972990214824677
v 0.043283991515636444 0.03389095887541771 -0.001817940967157483
v 0.042239960283041 0.033833980560302734 0.001705943956039846
v 0.043295968323946 0.03388398140668869 -0.001413941034115851
v 0.04346299171447754 0.03387295827269554 -0.0008069999748840928
v 0.04383599013090134 0.03386294096708298 -0.000299000006634742
v 0.04436599835753441 0.03385496139526367 4.400000034365803e-05
v 0.045042991638183594 0.03382498025894165 0.0016839499585330486
v 0.04571199044585228 0.033850960433483124 9.999999747378752e-06
v 0.04679197072982788 0.03382796049118042 0.0011299840407446027
v 0.04605495184659958 0.03382395952939987 0.0015129439998418093
v 0.04498498886823654 0.033850960433483124 0.0001740000006975606
v 0.04634999856352806 0.03385698050260544 -0.0004739999712910503
v 0.04775898903608322 0.03384095057845116 0.00017999998817685992
v 0.047070980072021484 0.033829979598522186 0.0009539999882690609
v 0.04675893858075142 0.03387695178389549 -0.0017349720001220703
v 0.046701960265636444 0.03386998176574707 -0.001286983024328947
v 0.04818397015333176 0.033855970948934555 -0.0008169999928213656
v 0.04512196034193039 0.03408997878432274 -0.013824990019202232
v 0.045743998140096664 0.03408997878432274 -0.013936989940702915
v 0.046212971210479736 0.03409193828701973 -0.014182980172336102
v 0.046485960483551025 0.03409599885344505 -0.01447600033134222
v 0.046792980283498764 0.03410397842526436 -0.015024960041046143
v 0.046836968511343 0.03411895036697388 -0.015902990475296974
v 0.04646693915128708 0.034133970737457275 -0.016700979322195053
v 0.04612499102950096 0.03414100036025047 -0.017025940120220184
v 0.04570697993040085 0.03414595127105713 -0.01721400022506714
v 0.04508494958281517 0.03415000066161156 -0.01730995997786522
v 0.04446696862578392 0.03423500061035156 -0.022182999178767204
v 0.037023961544036865 -0.04212098941206932 0.0063599939458072186
v 0.03704499825835228 -0.040861960500478745 0.006749987136572599
v 0.037034980952739716 -0.041244979947805405 0.004173994064331055
v 0.03435695171356201 -0.04199998825788498 -0.028175950050354004
v 0.039314981549978256 -0.04199998825788498 -0.025357959792017937
v 0.03847998008131981 -0.04199998825788498 -0.024729959666728973
v 0.04131995886564255 -0.04199998825788498 -0.025874970480799675
v 0.05217998847365379 -0.04199998825788498 -0.02800697088241577
v 0.05079596862196922 -0.041998978704214096 -0.025784960016608238
v 0.037836961448192596 -0.04199998825788498 -0.023907950147986412
v 0.03728199005126953 -0.04199998825788498 -0.021912990137934685
v 0.03411895036697388 -0.04199998825788498 -0.003140985034406185
v 0.037144001573324203 -0.04199998825788498 -0.007315992843359709
v 0.06545895338058472 -0.040259949862957 -0.029157990589737892
v 0.06890100240707397 -0.03943895921111107 -0.03043198026716709
v 0.06686896085739136 -0.03934698924422264 -0.027260949835181236
v 0.05606197938323021 -0.041837990283966064 -0.02805900014936924
v 0.05580699071288109 -0.041694991290569305 -0.025738950818777084
v 0.05224800109863281 -0.04196900129318237 -0.02577096037566662
v 0.06147497147321701 -0.041103001683950424 -0.028411980718374252
v 0.061098989099264145 -0.040797941386699677 -0.026016950607299805
v 0.060029979795217514 -0.041354950517416 -0.028286989778280258
v 0.05786699056625366 -0.041401978582143784 -0.025775959715247154
v 0.06552296131849289 -0.03971695154905319 -0.0268589798361063
v 0.0634949803352356 -0.04069596156477928 -0.028696950525045395
v 0.06249796971678734 -0.04048699140548706 -0.026204999536275864
v 0.07927697151899338 -0.0363609716296196 -0.0355219803750515
v 0.0763930007815361 -0.0363609716296196 -0.031550999730825424
v 0.07433897256851196 -0.037979960441589355 -0.032989971339702606
v 0.0740959569811821 -0.037173978984355927 -0.030414989218115807
v 0.06931000202894211 -0.03934197872877121 -0.030583970248699188
v 0.06977497786283493 -0.03852295130491257 -0.02837699092924595
v 0.0400959812104702 -0.03915797919034958 0.010306949727237225
v 0.03978598117828369 -0.038495950400829315 0.012999949976801872
v 0.03668694943189621 -0.03944795951247215 0.013927989639341831
v 0.04159098118543625 -0.038541968911886215 0.010353979654610157
v 0.04280095919966698 -0.0374639593064785 0.011897980235517025
v 0.04283696040511131 -0.03810596093535423 0.010008989833295345
v 0.04578696936368942 -0.0363609716296196 0.010587990283966064
v 0.045041970908641815 -0.03738600015640259 0.009023964405059814
v 0.04787695035338402 -0.03640997037291527 0.007592976093292236
v 0.03467195853590965 -0.041354950517416 0.006626963149756193
v 0.03716497868299484 -0.040703948587179184 0.00750696612522006
v 0.035406939685344696 -0.04058295115828514 0.0105929896235466
v 0.0376809798181057 -0.040356989949941635 0.008607982657849789
v 0.0364379808306694 -0.03951894864439964 0.01399397011846304
v 0.03855996951460838 -0.039880990982055664 0.009588955901563168
v 0.03914796933531761 -0.03959697112441063 0.00993198063224554
v 0.037094950675964355 -0.0418509803712368 -0.002157985931262374
v 0.03423196077346802 -0.041837990283966064 0.001995980041101575
v 0.03707795962691307 -0.041697971522808075 -0.0003809999907389283
v 0.03704797849059105 -0.041426949203014374 0.0027539730072021484
v 0.07836394757032394 -0.03563898056745529 -0.032554980367422104
v 0.08035796135663986 -0.034919969737529755 -0.03359793871641159
v 0.09338098019361496 -0.03132098168134689 -0.04300795868039131
v 0.11056499928236008 -0.02412598952651024 -0.049630988389253616
v 0.12186499685049057 -0.011038949713110924 -0.03420494869351387
v 0.12191499769687653 -0.011646980419754982 -0.035711999982595444
v 0.12431100010871887 -0.009772956371307373 -0.03457396849989891
v 0.12412499636411667 -0.010770970024168491 -0.036681950092315674
v 0.11946800351142883 -0.01603800058364868 -0.04274100065231323
v 0.11963199824094772 -0.016090979799628258 -0.04309099167585373
v 0.12159500271081924 -0.012284990400075912 -0.03678195923566818
v 0.12084999680519104 -0.01061295997351408 -0.03179800137877464
v 0.12224400043487549 -0.009192942641675472 -0.03035598061978817
v 0.11979199945926666 -0.010771979577839375 -0.030716950073838234
v 0.12030600011348724 -0.009700953029096127 -0.028889000415802002
v 0.12147700041532516 -0.010714939795434475 -0.032902948558330536
v 0.12364999949932098 -0.009218989871442318 -0.03235197067260742
v 0.11845199763774872 -0.018457939848303795 -0.047069959342479706
v 0.11772699654102325 -0.01935099996626377 -0.048184990882873535
v 0.11840000003576279 -0.02178996056318283 -0.05488795042037964
v 0.11862099915742874 -0.018180960789322853 -0.04664599150419235
v 0.11364699900150299 -0.025738000869750977 -0.057691991329193115
v 0.11236800253391266 -0.02333098091185093 -0.05023198947310448
v 0.11147300153970718 -0.02670096978545189 -0.05697697028517723
v 0.11167500168085098 -0.023669950664043427 -0.05008000135421753
v 0.1006930023431778 -0.030552979558706284 -0.051256000995635986
v 0.09935498237609863 -0.030947979539632797 -0.05034898966550827
v 0.04854195937514305 -0.03534495085477829 0.009199975989758968
v 0.04893897846341133 -0.03603094071149826 0.007029950153082609
v 0.11890900135040283 -0.011027989909052849 -0.030106959864497185
v 0.09821497648954391 -0.031111950054764748 -0.04916799068450928
v 0.11965390294790268 -0.016187960281968117 -0.0433499813079834
v 0.11960890144109726 -0.016322970390319824 -0.043606989085674286
v 0.11877299845218658 -0.017931990325450897 -0.04626594856381416
v 0.11710599809885025 -0.01998995989561081 -0.04884396865963936
v 0.11609300225973129 -0.020881950855255127 -0.04956299066543579
v 0.115727998316288 -0.024466989561915398 -0.05754594877362251
v 0.11391600221395493 -0.022441979497671127 -0.05025899037718773
v 0.1154009997844696 -0.02142493985593319 -0.0498960018157959
v 0.11739590018987656 -0.023079989477992058 -0.05656193941831589
v 0.036119990050792694 -0.04024498909711838 -0.029122939333319664
v 0.047465980052948 -0.04024498909711838 -0.02901500090956688
v 0.04000794142484665 -0.035968948155641556 0.011870980262756348
v 0.04340695962309837 -0.03259598836302757 0.009151995182037354
v 0.07528095692396164 -0.0009999870089814067 -0.01999497041106224
v 0.11879900097846985 -0.0009999870089814067 -0.03367995843291283
v 0.11998700350522995 -0.0009999870089814067 -0.03422600030899048
v 0.12072200328111649 -0.0009999870089814067 -0.03499298915266991
v 0.12189199775457382 -0.0009999870089814067 -0.03621494024991989
v 0.12211599946022034 -0.0009999870089814067 -0.03693199157714844
v 0.12276600301265717 -0.0009999870089814067 -0.03901296108961105
v 0.12272299826145172 -0.0009999870089814067 -0.03940296173095703
v 0.12243299931287766 -0.0009999870089814067 -0.04206299036741257
v 0.12412499636411667 0.010770970024168491 -0.036681950092315674
v 0.11840000003576279 0.02178996056318283 -0.05488795042037964
v 0.12132000178098679 -0.0009999870089814067 -0.04560399055480957
v 0.12243299931287766 0.0009999870089814067 -0.04206299036741257
v 0.12132000178098679 0.0009999870089814067 -0.04560399055480957
v 0.036119990050792694 -0.04024498909711838 -0.029122939333319664
v 0.04824494943022728 -0.027850979939103127 -0.0006360000115819275
v 0.04789698123931885 -0.028191979974508286 0.00014899999951012433
v 0.04667394980788231 -0.02940398082137108 0.0013199440436437726
v 0.045042991638183594 -0.031029989942908287 0.0017329449765384197
v 0.11879900097846985 0.0009999870089814067 -0.03367995843291283
v 0.12272299826145172 0.0009999870089814067 -0.03940296173095703
v 0.12276600301265717 0.0009999870089814067 -0.03901296108961105
v 0.12211599946022034 0.0009999870089814067 -0.03693199157714844
v 0.12189199775457382 0.0009999870089814067 -0.03621494024991989
v 0.12072200328111649 0.0009999870089814067 -0.03499298915266991
v 0.11998700350522995 0.0009999870089814067 -0.03422600030899048
v 0.07528095692396164 0.0009999870089814067 -0.01999497041106224
v 0.04677695035934448 -0.0367499515414238 -0.0016479489859193563
v 0.048140998929739 -0.0367499515414238 -0.0015439980197697878
v 0.04737298935651779 -0.0367499515414238 0.0002699999895412475
v 0.04623496159911156 -0.0367499515414238 -0.0003129999968223274
v 0.04668295010924339 -0.0367499515414238 -0.0010169739834964275
v 0.04478596895933151 -0.0367499515414238 0.0014689560048282146
v 0.044988978654146194 -0.0367499515414238 0.00019999999494757503
v 0.04561996087431908 -0.0367499515414238 8.699999307282269e-05
v 0.046814970672130585 -0.0367499515414238 -0.015018990263342857
v 0.04690796136856079 -0.0367499515414238 -0.015648959204554558
v 0.04827398061752319 -0.0367499515414238 -0.015542980283498764
v 0.04753993824124336 -0.0367499515414238 -0.017371950671076775
v 0.046769969165325165 -0.0367499515414238 -0.016273969784379005
v 0.046417951583862305 -0.0367499515414238 -0.016809990629553795
v 0.04663997143507004 -0.0367499515414238 -0.0022739761043339968
v 0.04622900113463402 -0.0367499515414238 -0.014165990054607391
v 0.04523897171020508 -0.0367499515414238 -0.0033339851070195436
v 0.045753948390483856 -0.0367499515414238 -0.013914999552071095
v 0.044494979083538055 -0.0367499515414238 -0.013931980356574059
v 0.04512298107147217 -0.0367499515414238 -0.013800970278680325
v 0.04503995180130005 -0.0367499515414238 -0.0033259980846196413
v 0.04650396108627319 -0.0367499515414238 -0.014462940394878387
v 0.048140998929739 -0.0367499515414238 -0.0015439980197697878
v 0.04341398924589157 -0.0367499515414238 -0.0008669999660924077
v 0.04382096976041794 -0.0367499515414238 -0.0002789999998640269
v 0.044359978288412094 -0.0367499515414238 6.900000153109431e-05
v 0.04628895968198776 -0.0367499515414238 -0.002810955047607422
v 0.04576098173856735 -0.0367499515414238 -0.0031759729608893394
v 0.044505950063467026 -0.0367499515414238 -0.0032529830932617188
v 0.044089969247579575 -0.0367499515414238 -0.003086983924731612
v 0.04371695965528488 -0.0367499515414238 -0.0027619600296020508
v 0.0433729812502861 -0.0367499515414238 -0.002221941016614437
v 0.04324299097061157 -0.0367499515414238 -0.0015929930377751589
v 0.04357796162366867 -0.0367499515414238 -0.01479095034301281
v 0.04395699128508568 -0.0367499515414238 -0.014277989976108074
v 0.04589097946882248 -0.0367499515414238 -0.017173999920487404
v 0.045269958674907684 -0.0367499515414238 -0.017326949164271355
v 0.044429950416088104 -0.0367499515414238 -0.017166970297694206
v 0.04385000094771385 -0.0367499515414238 -0.016757959499955177
v 0.04350696876645088 -0.0367499515414238 -0.016218960285186768
v 0.04339497908949852 -0.0367499515414238 -0.015403980389237404
v 0.037224940955638885 -0.04201196879148483 0.007564960978925228
v 0.0374719500541687 -0.04071395844221115 0.008274972438812256
v 0.038773950189352036 -0.04072194918990135 0.009727001190185547
v 0.11981700360774994 -0.0015839929692447186 -0.04434996098279953
v 0.12161500006914139 -0.0017259710002690554 -0.03741598129272461
v 0.11958400160074234 -0.0014199609868228436 -0.04427497833967209
v 0.12145800143480301 -0.001554965041577816 -0.03702700138092041
v 0.12161990255117416 -0.001964986091479659 -0.037814971059560776
v 0.12144000083208084 -0.008823989890515804 -0.038037948310375214
v 0.04155099019408226 -0.03686999902129173 -0.015606990084052086
v 0.04141794890165329 -0.03686999902129173 -0.0016079540364444256
v 0.04118996113538742 -0.037199970334768295 -0.015609970316290855
v 0.04105699062347412 -0.037199970334768295 -0.0016109939897432923
v 0.04102896898984909 -0.03766297921538353 -0.015611940063536167
v 0.042338959872722626 -0.03686999902129173 -0.017771949991583824
v 0.042424969375133514 -0.0367499515414238 -0.01694595068693161
v 0.04150794818997383 -0.037034980952739716 -0.016586000099778175
v 0.04205799102783203 -0.037199970334768295 -0.017991960048675537
v 0.041179951280355453 -0.03766297921538353 -0.01667696051299572
v 0.03728199005126953 0.04199998825788498 -0.021912990137934685
v 0.037836961448192596 0.04199998825788498 -0.023907950147986412
v 0.03435695171356201 0.04199998825788498 -0.028175950050354004
v 0.03847998008131981 0.04199998825788498 -0.024729959666728973
v 0.037144001573324203 0.04199998825788498 -0.007315992843359709
v 0.03411895036697388 0.04199998825788498 -0.003140985034406185
v 0.05079596862196922 0.041998978704214096 -0.025784960016608238
v 0.05217998847365379 0.04199998825788498 -0.02800697088241577
v 0.04131995886564255 0.04199998825788498 -0.025874970480799675
v 0.039314981549978256 0.04199998825788498 -0.025357959792017937
v 0.05606197938323021 0.041837990283966064 -0.02805900014936924
v 0.05786699056625366 0.041401978582143784 -0.025775959715247154
v 0.060029979795217514 0.041354950517416 -0.028286989778280258
v 0.05224800109863281 0.04196900129318237 -0.02577096037566662
v 0.05580699071288109 0.041694991290569305 -0.025738950818777084
v 0.06890100240707397 0.03943895921111107 -0.03043198026716709
v 0.06545895338058472 0.040259949862957 -0.029157990589737892
v 0.06612098217010498 0.03955297917127609 -0.027036959305405617
v 0.061098989099264145 0.040797941386699677 -0.026016950607299805
v 0.06147497147321701 0.041103001683950424 -0.028411980718374252
v 0.0634949803352356 0.04069596156477928 -0.028696950525045395
v 0.06249796971678734 0.04048699140548706 -0.026204999536275864
v 0.06532800197601318 0.03977096080780029 -0.026799969375133514
v 0.0740959569811821 0.037173978984355927 -0.030414989218115807
v 0.07927697151899338 0.0363609716296196 -0.0355219803750515
v 0.07433897256851196 0.037979960441589355 -0.032989971339702606
v 0.06977497786283493 0.03852295130491257 -0.02837699092924595
v 0.06931000202894211 0.03934197872877121 -0.030583970248699188
v 0.0672149583697319 0.03925197944045067 -0.02736395038664341
v 0.04578696936368942 0.0363609716296196 0.010587990283966064
v 0.04787695035338402 0.03640997037291527 0.007592976093292236
v 0.045041970908641815 0.03738600015640259 0.009023964405059814
v 0.04280095919966698 0.0374639593064785 0.011897980235517025
v 0.04267596825957298 0.03815697878599167 0.010074970312416553
v 0.041517969220876694 0.038560979068279266 0.010405000299215317
v 0.03978598117828369 0.038495950400829315 0.012999949976801872
v 0.040498968213796616 0.03898400068283081 0.010369949974119663
v 0.03668694943189621 0.03944795951247215 0.013927989639341831
v 0.039653949439525604 0.03935796022415161 0.010172960348427296
v 0.0364379808306694 0.03951894864439964 0.01399397011846304
v 0.03869098052382469 0.039815958589315414 0.009681998752057552
v 0.03759700059890747 0.04040896147489548 0.008463977836072445
v 0.035406939685344696 0.04058295115828514 0.0105929896235466
v 0.037120990455150604 0.040748000144958496 0.007315992843359709
v 0.03467195853590965 0.041354950517416 0.006626963149756193
v 0.03701996058225632 0.04103595018386841 0.0056809778325259686
v 0.03704499825835228 0.04138797149062157 0.0030569429509341717
v 0.03423196077346802 0.041837990283966064 0.001995980041101575
v 0.03707795962691307 0.041697971522808075 -0.0003809999907389283
v 0.037094950675964355 0.0418509803712368 -0.002157985931262374
v 0.08035796135663986 0.034919969737529755 -0.03359793871641159
v 0.09338098019361496 0.03132098168134689 -0.04300795868039131
v 0.11056499928236008 0.02412598952651024 -0.049630988389253616
v 0.11946800351142883 0.01603800058364868 -0.04274100065231323
v 0.11963199824094772 0.016090979799628258 -0.04309099167585373
v 0.12197200208902359 0.011343000456690788 -0.035071961581707
v 0.12431100010871887 0.009772956371307373 -0.03457396849989891
v 0.121799997985363 0.012039950117468834 -0.0364839993417263
v 0.12144800275564194 0.012440970167517662 -0.036947958171367645
v 0.12186499685049057 0.011038949713110924 -0.03420494869351387
v 0.12364999949932098 0.009218989871442318 -0.03235197067260742
v 0.11147300153970718 0.02670096978545189 -0.05697697028517723
v 0.1006930023431778 0.030552979558706284 -0.051256000995635986
v 0.12084999680519104 0.01061295997351408 -0.03179800137877464
v 0.12224400043487549 0.009192942641675472 -0.03035598061978817
v 0.12147700041532516 0.010714939795434475 -0.032902948558330536
v 0.11979199945926666 0.010771979577839375 -0.030716950073838234
v 0.12030600011348724 0.009700953029096127 -0.028889000415802002
v 0.09935498237609863 0.030947979539632797 -0.05034898966550827
v 0.09821497648954391 0.031111950054764748 -0.04916799068450928
v 0.04893897846341133 0.03603094071149826 0.007029950153082609
v 0.04854195937514305 0.03534495085477829 0.009199975989758968
v 0.11890900135040283 0.011027989909052849 -0.030106959864497185
v 0.11202199757099152 0.02349996007978916 -0.050155989825725555
v 0.11364699900150299 0.025738000869750977 -0.057691991329193115
v 0.115727998316288 0.024466989561915398 -0.05754594877362251
v 0.11574699729681015 0.021153980866074562 -0.04972897842526436
v 0.11710599809885025 0.01998995989561081 -0.04884396865963936
v 0.11772699654102325 0.01935099996626377 -0.048184990882873535
v 0.11845199763774872 0.018457939848303795 -0.047069959342479706
v 0.11862099915742874 0.018180960789322853 -0.04664599150419235
v 0.11877299845218658 0.017931990325450897 -0.04626594856381416
v 0.11960890144109726 0.016322970390319824 -0.043606989085674286
v 0.11965390294790268 0.016187960281968117 -0.0433499813079834
v 0.11391600221395493 0.022441979497671127 -0.05025899037718773
v 0.11739590018987656 0.023079989477992058 -0.05656193941831589
v 0.036119990050792694 0.04024498909711838 -0.029122939333319664
v 0.047465980052948 0.04024498909711838 -0.02901500090956688
v 0.04000794142484665 0.035968948155641556 0.011870980262756348
v 0.04340695962309837 0.03259598836302757 0.009151995182037354
v 0.036119990050792694 0.04024498909711838 -0.029122939333319664
v 0.04789698123931885 0.028191979974508286 0.00014899999951012433
v 0.04667394980788231 0.02940398082137108 0.0013199440436437726
v 0.045042991638183594 0.031029989942908287 0.0017329449765384197
v 0.04824494943022728 0.027850979939103127 -0.0006360000115819275
v 0.043753981590270996 0.0367499515414238 -0.00035799999022856355
v 0.044359978288412094 0.0367499515414238 6.900000153109431e-05
v 0.044988978654146194 0.0367499515414238 0.00019999999494757503
v 0.04561996087431908 0.0367499515414238 8.699999307282269e-05
v 0.0461689792573452 0.0367499515414238 -0.00024199999461416155
v 0.04665194824337959 0.0367499515414238 -0.0009459999855607748
v 0.04677695035934448 0.0367499515414238 -0.0016479489859193563
v 0.04663997143507004 0.0367499515414238 -0.0022739761043339968
v 0.04628895968198776 0.0367499515414238 -0.002810955047607422
v 0.04576098173856735 0.0367499515414238 -0.0031759729608893394
v 0.04523897171020508 0.0367499515414238 -0.0033339851070195436
v 0.04503995180130005 0.0367499515414238 -0.0033259980846196413
v 0.044505950063467026 0.0367499515414238 -0.0032529830932617188
v 0.044089969247579575 0.0367499515414238 -0.003086983924731612
v 0.04371695965528488 0.0367499515414238 -0.0027619600296020508
v 0.0433729812502861 0.0367499515414238 -0.002221941016614437
v 0.04324299097061157 0.0367499515414238 -0.0015929930377751589
v 0.0433349609375 0.0367499515414238 -0.0010699620470404625
v 0.04376399144530296 0.0367499515414238 -0.014503950253129005
v 0.04423695057630539 0.0367499515414238 -0.014081000350415707
v 0.044528961181640625 0.0367499515414238 -0.01391195971518755
v 0.04512298107147217 0.0367499515414238 -0.013800970278680325
v 0.045753948390483856 0.0367499515414238 -0.013914999552071095
v 0.046301960945129395 0.0367499515414238 -0.014244969934225082
v 0.04669594019651413 0.0367499515414238 -0.014745949767529964
v 0.046888940036296844 0.0367499515414238 -0.015398969873785973
v 0.046769969165325165 0.0367499515414238 -0.016273969784379005
v 0.046417951583862305 0.0367499515414238 -0.016809990629553795
v 0.04589097946882248 0.0367499515414238 -0.017173999920487404
v 0.045269958674907684 0.0367499515414238 -0.017326949164271355
v 0.044429950416088104 0.0367499515414238 -0.017166970297694206
v 0.04385000094771385 0.0367499515414238 -0.016757959499955177
v 0.04350696876645088 0.0367499515414238 -0.016218960285186768
v 0.04337697848677635 0.0367499515414238 -0.015590960159897804
v 0.043470971286296844 0.0367499515414238 -0.01506893988698721
v 0.037539951503276825 0.04119199141860008 0.008358955383300781
v 0.03719896078109741 0.04196900129318237 0.0075199599377810955
v 0.11997099965810776 0.001827955013141036 -0.04440099000930786
v 0.12162300199270248 0.0017449849983677268 -0.03745298832654953
v 0.12161990255117416 0.001964986091479659 -0.037814971059560776
v 0.12161599844694138 0.0022249810863286257 -0.03824298828840256
v 0.12144000083208084 0.008823989890515804 -0.038037948310375214
v 0.04137599095702171 0.037199970334768295 -0.00010599999222904444
v 0.04170798882842064 0.03686999902129173 -0.00023899998632259667
v 0.04105699062347412 0.037199970334768295 -0.0016109939897432923
v 0.04141794890165329 0.03686999902129173 -0.0016079540364444256
v 0.0408969484269619 0.03766297921538353 -0.0016129609430208802
v 0.04118996113538742 0.037199970334768295 -0.015609970316290855
v 0.04155099019408226 0.03686999902129173 -0.015606990084052086
v 0.042024970054626465 0.0367499515414238 -0.015602939762175083
v 0.04150794818997383 0.037034980952739716 -0.016586000099778175
v 0.042424969375133514 0.0367499515414238 -0.01694595068693161
v 0.042338959872722626 0.03686999902129173 -0.017771949991583824
v 0.04205799102783203 0.037199970334768295 -0.017991960048675537
v 0.041179951280355453 0.03766297921538353 -0.01667696051299572
v 0.04160099849104881 0.03766297921538353 -0.01766698993742466
v 0.09943895787000656 -0.02818094938993454 -0.047642938792705536
v 0.09878498315811157 -0.028259990736842155 -0.04692196100950241
v 0.09991896152496338 -0.028083980083465576 -0.04804794862866402
v 0.11179500073194504 -0.023901989683508873 -0.05452096089720726
v 0.10101500153541565 -0.027753939852118492 -0.04879897087812424
v 0.11271999776363373 -0.02353297919034958 -0.054889969527721405
v 0.11363600194454193 -0.023100970312952995 -0.05515497177839279
v 0.11490000039339066 -0.022370990365743637 -0.05517797917127609
v 0.11584900319576263 -0.021750979125499725 -0.055028971284627914
v 0.07646995037794113 -0.0014269939856603742 -0.03098594956099987
v 0.04327797144651413 -0.03508995845913887 -0.02259998954832554
v 0.053494978696107864 -0.03052300028502941 -0.023757990449666977
v 0.052794989198446274 -0.03367995843291283 -0.023998970165848732
v 0.04333597049117088 -0.035396989434957504 -0.022580979391932487
v 0.04420899972319603 -0.03450495004653931 -0.022257979959249496
v 0.05138396844267845 -0.03786395862698555 -0.02584296092391014
v 0.05257600173354149 -0.03439395874738693 -0.024243950843811035
v 0.07678496092557907 -0.0015359519748017192 -0.030816970393061638
v 0.07646995037794113 0.0014269939856603742 -0.03098594956099987
v 0.043473951518535614 0.03484100103378296 -0.022534960880875587
v 0.04420899972319603 0.03450495004653931 -0.022257979959249496
v 0.09967797249555588 -0.02810698002576828 -0.04771298170089722
v 0.11181899905204773 -0.023890970274806023 -0.05446796864271164
v 0.11649499833583832 -0.02117495983839035 -0.05446099862456322
v 0.11376400291919708 -0.023005960509181023 -0.05503999814391136
v 0.07651495188474655 0.0014349810080602765 -0.030897969380021095
v 0.07668595761060715 0.0014949439791962504 -0.030805999413132668
v 0.07659196108579636 0.0014589419588446617 -0.030834969133138657
v 0.07668595761060715 -0.0014949439791962504 -0.030805999413132668
v 0.07659094780683517 -0.0014589419588446617 -0.030834969133138657
v 0.07651495188474655 -0.0014349810080602765 -0.030897969380021095
v 0.12132000178098679 -0.0009999870089814067 -0.04560399055480957
v 0.12132000178098679 0.0009999870089814067 -0.04560399055480957
v 0.12011200189590454 0.0009979999158531427 -0.04522395133972168
v 0.12011200189590454 -0.0009979999158531427 -0.04522395133972168
v 0.07358700037002563 0.0009739999659359455 -0.036881979554891586
v 0.07358700037002563 -0.0009739999659359455 -0.036881979554891586
v 0.07538700103759766 0.0009999870089814067 -0.03115897998213768
v 0.11980299651622772 0.005944966804236174 -0.05042694881558418
v 0.12130700051784515 0.005987942218780518 -0.04564499109983444
v 0.11981990188360214 0.000977999996393919 -0.05037295073270798
v 0.12132000178098679 0.0009999870089814067 -0.04560399055480957
v 0.11981990188360214 -0.000977999996393919 -0.05037295073270798
v 0.12132000178098679 -0.0009999870089814067 -0.04560399055480957
v 0.11980299651622772 -0.005944966804236174 -0.05042694881558418
v 0.12130700051784515 -0.005987942218780518 -0.04564499109983444
v 0.11856599897146225 0.0009739999659359455 -0.05102698877453804
v 0.11856599897146225 -0.0009739999659359455 -0.05102698877453804
v 0.07656096667051315 0.0 -0.031527988612651825
v 0.11895400285720825 0.0 -0.05106896162033081
v 0.11963199824094772 0.0 -0.05071597918868065
v 0.12009800225496292 -0.006341992877423763 -0.045267991721630096
v 0.1212410032749176 -0.007625997066497803 -0.04585295170545578
v 0.1200530007481575 -0.007892966270446777 -0.04533594101667404
v 0.12117700278759003 -0.009247957728803158 -0.04605894908308983
v 0.11993999779224396 -0.009576976299285889 -0.04559998959302902
v 0.12116800248622894 -0.009451985359191895 -0.04608500003814697
v 0.11988499760627747 -0.010197989642620087 -0.04573899134993553
v 0.12101200222969055 -0.01074897963553667 -0.04658197984099388
v 0.11919590085744858 -0.014510979875922203 -0.04766397923231125
v 0.12033800035715103 -0.01464897021651268 -0.0487249381840229
v 0.12059900164604187 -0.013478989712893963 -0.04789596050977707
v 0.1196449026465416 -0.012144980020821095 -0.04638797044754028
v 0.12083800137042999 -0.012196949683129787 -0.04713695868849754
v 0.12078200280666351 -0.012659960426390171 -0.047313980758190155
v 0.11941199749708176 -0.013487990014255047 -0.04704694822430611
v 0.11793799698352814 -0.018109969794750214 -0.05137097090482712
v 0.11939000338315964 -0.017421960830688477 -0.05173999071121216
v 0.11837700009346008 -0.01714598946273327 -0.05004996061325073
v 0.11969000101089478 -0.016640959307551384 -0.05078595131635666
v 0.1188339963555336 -0.01587098091840744 -0.04871499165892601
v 0.12017399817705154 -0.015381990000605583 -0.04924594983458519
v 0.1200300008058548 -0.0157579705119133 -0.049704961478710175
v 0.11702699959278107 -0.013358949683606625 -0.05345594137907028
v 0.11710900068283081 -0.013229959644377232 -0.05328898876905441
v 0.11961399763822556 -0.0067209601402282715 -0.05041896924376488
v 0.11953499913215637 -0.007009983062744141 -0.0504409596323967
v 0.1189429983496666 -0.009042978286743164 -0.050731949508190155
v 0.11923900246620178 -0.008100985549390316 -0.05052797868847847
v 0.1175910010933876 -0.012396990321576595 -0.052404988557100296
v 0.11798200011253357 -0.011573970317840576 -0.05180596932768822
v 0.11810799688100815 -0.011302939616143703 -0.05161594972014427
v 0.11830200254917145 -0.010817999951541424 -0.0513799712061882
v 0.1185469999909401 -0.010203000158071518 -0.05107998102903366
v 0.11862900108098984 -0.009971976280212402 -0.05099999159574509
v 0.11880090087652206 -0.009489952586591244 -0.05083196982741356
v 0.1173119992017746 -0.01288496982306242 -0.05291295051574707
v 0.11571899801492691 -0.01588195003569126 -0.057619981467723846
v 0.11807999759912491 -0.019942989572882652 -0.05590498074889183
v 0.1118599995970726 -0.01933096908032894 -0.06046998128294945
v 0.11267390102148056 -0.018813960254192352 -0.06036895141005516
v 0.11498399823904037 -0.022909989580512047 -0.05866897106170654
v 0.11544100195169449 -0.016330000013113022 -0.05829799175262451
v 0.11504390090703964 -0.016824960708618164 -0.05892198905348778
v 0.11692500114440918 -0.02138197049498558 -0.05772196874022484
v 0.11445590108633041 -0.017416000366210938 -0.059510938823223114
v 0.11367099732160568 -0.018092980608344078 -0.060034990310668945
v 0.1107650026679039 -0.01993495039641857 -0.060393981635570526
v 0.11261899769306183 -0.024243950843811035 -0.05856996029615402
v 0.11025889962911606 -0.02017693966627121 -0.06026899069547653
v 0.10989899933338165 -0.020347949117422104 -0.0601799413561821
v 0.1111529991030693 -0.024852989241480827 -0.057994961738586426
v 0.10879199951887131 -0.02079295925796032 -0.05970894917845726
v 0.09801197052001953 -0.024644970893859863 -0.05398796871304512
v 0.10037299990653992 -0.02870500087738037 -0.0522729717195034
v 0.0971369668841362 -0.024923980236053467 -0.053442951291799545
v 0.09639096260070801 -0.025098970159888268 -0.05283099040389061
v 0.09825295209884644 -0.029235949739813805 -0.050610948354005814
v 0.0959089919924736 -0.025157980620861053 -0.05230795964598656
v 0.09789495915174484 -0.02926498092710972 -0.050184961408376694
v 0.09553395956754684 -0.02520494908094406 -0.05189995840191841
v 0.09099595993757248 -0.02540099062025547 -0.046116940677165985
v 0.09337394684553146 -0.02945994958281517 -0.044423989951610565
v 0.08983396738767624 -0.025689000263810158 -0.045300960540771484
v 0.09263496845960617 -0.029625950381159782 -0.04379897937178612
v 0.09098999947309494 -0.03021395020186901 -0.04292595013976097
v 0.08859699219465256 -0.026097949594259262 -0.04466497153043747
v 0.07480800151824951 -0.03338795155286789 -0.03679895028471947
v 0.07601796835660934 -0.035038940608501434 -0.0352969691157341
v 0.07377099245786667 -0.0356859490275383 -0.03419898822903633
v 0.07954400032758713 -0.029577970504760742 -0.040775950998067856
v 0.08075498789548874 -0.03140395134687424 -0.03952300176024437
v 0.07989095896482468 -0.02945196069777012 -0.04092096909880638
v 0.08561897277832031 -0.027243969962000847 -0.043384961783885956
v 0.08682996034622192 -0.02924196980893612 -0.042381998151540756
v 0.07359694689512253 -0.031729988753795624 -0.038294970989227295
v 0.07101500034332275 -0.03265500068664551 -0.03721797093749046
v 0.08803396672010422 -0.03122699074447155 -0.041383981704711914
v 0.08455300331115723 -0.032418958842754364 -0.03956698998808861
v 0.08196800202131271 -0.03322898969054222 -0.038263969123363495
v 0.07812798023223877 -0.03443098068237305 -0.03632897138595581
v 0.07133995741605759 -0.036291949450969696 -0.03306800127029419
v 0.06881499290466309 -0.03678493946790695 -0.031977951526641846
v 0.06686096638441086 -0.033790938556194305 -0.03557293862104416
v 0.06816195696592331 -0.033484991639852524 -0.03607194870710373
v 0.06944900006055832 -0.03313899040222168 -0.0365789495408535
v 0.06103198975324631 -0.03854399174451828 -0.029820969328284264
v 0.059640999883413315 -0.0353129506111145 -0.03347200155258179
v 0.0625559613108635 -0.038147978484630585 -0.030107969418168068
v 0.061840951442718506 -0.03486096113920212 -0.03398197144269943
v 0.06401199102401733 -0.0344039686024189 -0.034596968442201614
v 0.06640297174453735 -0.037239961326122284 -0.031080959364771843
v 0.06327395886182785 -0.03455895185470581 -0.03438793867826462
v 0.06498897075653076 -0.03755896911025047 -0.03068297915160656
v 0.06373196095228195 -0.03784298151731491 -0.030328979715704918
v 0.0594559907913208 -0.03888100013136864 -0.029649969190359116
v 0.05727696046233177 -0.03569895029067993 -0.033022988587617874
v 0.05839699134230614 -0.039107970893383026 -0.029535939916968346
v 0.05658400058746338 -0.03581196069717407 -0.032891981303691864
v 0.05580997094511986 -0.0396609902381897 -0.029256990179419518
v 0.054915960878133774 -0.03595596179366112 -0.032622989267110825
v 0.051021989434957504 -0.0401189886033535 -0.029051000252366066
v 0.050572991371154785 -0.03609799966216087 -0.03201394900679588
v 0.052847981452941895 -0.036082979291677475 -0.032309938222169876
v 0.05340396985411644 -0.03990697115659714 -0.029145000502467155
v 0.05348794907331467 -0.03607897832989693 -0.032392971217632294
v 0.05556093901395798 -0.0397149883210659 -0.029229989275336266
v 0.04993598908185959 -0.036081958562135696 -0.03193997964262962
v 0.04991798847913742 -0.04021697863936424 -0.029006950557231903
v 0.04867994040250778 -0.035999950021505356 -0.0317869707942009
v 0.047465980052948 -0.04024498909711838 -0.02901500090956688
v 0.04748499020934105 -0.035943981260061264 -0.031624969094991684
v 0.03614497184753418 -0.03597097843885422 -0.03171699866652489
v 0.036119990050792694 -0.04024498909711838 -0.029122939333319664
v 0.03629796952009201 -0.03521496057510376 -0.03183196857571602
v 0.03618596866726875 -0.03560495004057884 -0.03184998035430908
v 0.036464981734752655 -0.03486096113920212 -0.03166598081588745
v 0.03666096180677414 -0.034596968442201614 -0.03137600049376488
v 0.03799897059798241 -0.033237989991903305 -0.029124969616532326
v 0.037968989461660385 -0.03836696967482567 -0.026010990142822266
v 0.04171197861433029 -0.03265798091888428 -0.0250659491866827
v 0.0433419905602932 -0.0329589806497097 -0.022313950583338737
v 0.04268395155668259 -0.03188794106245041 -0.02492797002196312
v 0.044429000467061996 -0.03187096118927002 -0.02212296985089779
v 0.043753981590270996 -0.031054969877004623 -0.024921000003814697
v 0.04572397097945213 -0.030577000230550766 -0.02230994962155819
v 0.04490596055984497 -0.030171990394592285 -0.02505999058485031
v 0.047021981328725815 -0.02928096055984497 -0.02249795012176037
v 0.0461229607462883 -0.029254969209432602 -0.02535896934568882
v 0.03887695074081421 -0.03744899854063988 -0.024906989187002182
v 0.03904597833752632 -0.03251795843243599 -0.02828299067914486
v 0.0386429987847805 -0.03277796134352684 -0.028516940772533417
v 0.04032193869352341 -0.03599094972014427 -0.023539960384368896
v 0.041241999715566635 -0.035065941512584686 -0.022979969158768654
v 0.040770940482616425 -0.033416979014873505 -0.02533995918929577
v 0.04206395149230957 -0.034238990396261215 -0.02256298065185547
v 0.03951596841216087 -0.03680294007062912 -0.02413100004196167
v 0.039678990840911865 -0.03663795813918114 -0.023932989686727524
v 0.039647988975048065 -0.03213994950056076 -0.027981989085674286
v 0.042180001735687256 -0.030731970444321632 -0.02765697054564953
v 0.0420379601418972 -0.030808979645371437 -0.027661969885230064
v 0.04116398096084595 -0.03127896040678024 -0.027691960334777832
v 0.04083799943327904 -0.03145295009016991 -0.02770400047302246
v 0.04033594951033592 -0.031742990016937256 -0.02781796082854271
v 0.043013978749513626 -0.030308960005640984 -0.02775496058166027
v 0.04365700110793114 -0.029982980340719223 -0.027830950915813446
v 0.04407893866300583 -0.02977997064590454 -0.027935979887843132
v 0.045222990214824677 -0.029228979721665382 -0.028220949694514275
v 0.07356095314025879 -0.0009739999659359455 -0.036873988807201385
v 0.11574500054121017 -0.012896000407636166 -0.053476981818675995
v 0.11440499871969223 -0.015370960347354412 -0.05751597136259079
v 0.11563099920749664 -0.012966989539563656 -0.053510960191488266
v 0.09673594683408737 -0.023644980043172836 -0.052779968827962875
v 0.09569095820188522 -0.02380996011197567 -0.05172896012663841
v 0.09114395827054977 -0.024005940183997154 -0.045934971421957016
v 0.1138719990849495 -0.01608395017683506 -0.0584709607064724
v 0.1105400025844574 -0.01858198083937168 -0.059796981513500214
v 0.10858000069856644 -0.019480999559164047 -0.05922596901655197
v 0.09779994934797287 -0.023332949727773666 -0.05350499972701073
v 0.11231490224599838 -0.0174859706312418 -0.05964595079421997
v 0.11583299934864044 -0.012667950242757797 -0.05313795059919357
v 0.09058897942304611 -0.02410799078643322 -0.04543900117278099
v 0.11625699698925018 -0.011942979879677296 -0.0524599514901638
v 0.0896979495882988 -0.024396950379014015 -0.04494994133710861
v 0.11656899750232697 -0.011314979754388332 -0.05205696076154709
v 0.11638589948415756 -0.011697939597070217 -0.052277978509664536
v 0.08834099024534225 -0.024865979328751564 -0.04428594931960106
v 0.11728200316429138 -0.00970297958701849 -0.05133599042892456
v 0.11683490127325058 -0.010757979936897755 -0.05173498019576073
v 0.07053499668836594 -0.03020000085234642 -0.03666393831372261
v 0.07075899094343185 -0.03135894984006882 -0.0373229905962944
v 0.07065694779157639 -0.030560970306396484 -0.036794960498809814
v 0.07726997137069702 -0.029018990695476532 -0.039857979863882065
v 0.0795239806175232 -0.028207000344991684 -0.04073493927717209
v 0.06988798826932907 -0.028284959495067596 -0.035968948155641556
v 0.11841700226068497 -0.006426990032196045 -0.051029980182647705
v 0.11840000003576279 -0.006481945049017668 -0.05102597922086716
v 0.11798600107431412 -0.007780969142913818 -0.051009949296712875
v 0.11754199862480164 -0.009028971195220947 -0.05116897076368332
v 0.11753100156784058 -0.009057997725903988 -0.05117594823241234
v 0.05097699165344238 -0.032460980117321014 -0.030508989468216896
v 0.05146998167037964 -0.030463989824056625 -0.030196959152817726
v 0.053599949926137924 -0.030806949362158775 -0.03086996078491211
v 0.05340396985411644 -0.03476899117231369 -0.032374970614910126
v 0.05143195018172264 -0.034777991473674774 -0.03204797953367233
v 0.05317097157239914 -0.033194951713085175 -0.031286951154470444
v 0.06260298937559128 -0.0333780013024807 -0.03447699174284935
v 0.05907595157623291 -0.03337496146559715 -0.03314298018813133
v 0.06494896858930588 -0.0324929915368557 -0.03499298915266991
v 0.059166960418224335 -0.03407096117734909 -0.03357100114226341
v 0.05638694018125534 -0.03451596945524216 -0.03295797109603882
v 0.06748700141906738 -0.03229599818587303 -0.03609298914670944
v 0.06497298926115036 -0.03287196159362793 -0.035222940146923065
v 0.050343990325927734 -0.03417598828673363 -0.031436968594789505
v 0.05088299140334129 -0.03283696994185448 -0.030567999929189682
v 0.06457298249006271 -0.030133960768580437 -0.03431396931409836
v 0.059099968522787094 -0.030978970229625702 -0.03260099142789841
v 0.04317694157361984 -0.034262001514434814 -0.030762970447540283
v 0.04363398998975754 -0.03431694954633713 -0.030848970636725426
v 0.04596893861889839 -0.034596968442201614 -0.03128796070814133
v 0.04876196011900902 -0.03469996899366379 -0.03161197155714035
v 0.11855199933052063 -0.006188988219946623 -0.05107098072767258
v 0.11723800003528595 -0.019457990303635597 -0.05359797924757004
v 0.116737000644207 -0.020076990127563477 -0.05437396839261055
v 0.11541800200939178 -0.021182000637054443 -0.05517398938536644
v 0.11362600326538086 -0.02229594998061657 -0.05534499138593674
v 0.111626997590065 -0.023204980418086052 -0.05474495142698288
v 0.10070300102233887 -0.0271109901368618 -0.04895197972655296
v 0.09952598065137863 -0.027460990473628044 -0.048159949481487274
v 0.09850995987653732 -0.02761000022292137 -0.047114960849285126
v 0.09657496213912964 -0.0276939794421196 -0.04464900121092796
v 0.09506695717573166 -0.027782969176769257 -0.04299895837903023
v 0.09337598085403442 -0.02787899039685726 -0.04146498069167137
v 0.09018296003341675 -0.028995990753173828 -0.04007500037550926
v 0.09224294871091843 -0.02827996015548706 -0.04096895083785057
v 0.09110599011182785 -0.028681989759206772 -0.04047495126724243
v 0.0843389630317688 -0.0309829693287611 -0.03753596171736717
v 0.08242297172546387 -0.03156596049666405 -0.03670698031783104
v 0.07362698763608932 -0.03423798084259033 -0.03290199860930443
v 0.056113000959157944 -0.03893594816327095 -0.028584949672222137
v 0.07125096768140793 -0.034833960235118866 -0.03190796822309494
v 0.0687670111656189 -0.03532695025205612 -0.03092700056731701
v 0.06564599275588989 -0.03594499081373215 -0.02986598014831543
v 0.06325697153806686 -0.03649698942899704 -0.029208000749349594
v 0.060969941318035126 -0.03708194941282272 -0.028696000576019287
v 0.05994796007871628 -0.03734498843550682 -0.028510980308055878
v 0.05303096026182175 -0.03847295045852661 -0.027493949979543686
v 0.05069594830274582 -0.038795940577983856 -0.027434999123215675
v 0.05099999159574509 -0.03859895095229149 -0.02725999988615513
v 0.036119990050792694 -0.04024498909711838 -0.029122939333319664
v 0.047465980052948 -0.04024498909711838 -0.02901500090956688
v 0.04297798126935959 -0.0385969802737236 -0.026471970602869987
v 0.042639970779418945 -0.0385509692132473 -0.026392990723252296
v 0.04555594176054001 -0.03861498087644577 -0.0266720000654459
v 0.04951696842908859 -0.03863298147916794 -0.02709393948316574
v 0.04809999093413353 -0.03863298147916794 -0.026933960616588593
v 0.04209195822477341 -0.03828096017241478 -0.026009969413280487
v 0.04169296845793724 -0.03765897825360298 -0.025228969752788544
v 0.04169695824384689 -0.036955948919057846 -0.02449296973645687
v 0.041994981467723846 -0.036261968314647675 -0.023909980431199074
v 0.04282796010375023 -0.03536897152662277 -0.023390939459204674
v 0.04400699958205223 -0.03422999009490013 -0.022940989583730698
v 0.04510599002242088 -0.03310399875044823 -0.022686950862407684
v 0.04844497889280319 -0.02956199087202549 -0.022946950048208237
v 0.04719895124435425 -0.03077799081802368 -0.022656969726085663
v 0.04595094174146652 -0.03218400105834007 -0.02259998954832554
v 0.07655996084213257 -0.0015299910446628928 -0.03153197839856148
v 0.04346495121717453 -0.03526699170470238 -0.022526970133185387
v 0.043838970363140106 -0.03488193824887276 -0.02239798940718174
v 0.04508494958281517 -0.0335649810731411 -0.022043999284505844
v 0.04446696862578392 -0.03423500061035156 -0.022182999178767204
v 0.04405694827437401 -0.034657951444387436 -0.02232295088469982
v 0.04626594856381416 -0.032224949449300766 -0.021889980882406235
v 0.04652994126081467 -0.03191297873854637 -0.021892959251999855
v 0.04692196100950241 -0.03144996985793114 -0.0218959990888834
v 0.0477069616317749 -0.03051297925412655 -0.02198898047208786
v 0.04866999015212059 -0.029568970203399658 -0.022231990471482277
v 0.052907999604940414 -0.03317099064588547 -0.023959990590810776
v 0.052794989198446274 -0.03367995843291283 -0.023998970165848732
v 0.05201596021652222 -0.036221981048583984 -0.024872949346899986
v 0.09055399149656296 -0.025465959683060646 -0.045702990144491196
v 0.046619951725006104 -0.034738000482320786 -0.031462959945201874
v 0.04688096046447754 -0.03489594906568527 -0.03158599138259888
v 0.04714696854352951 -0.03520696982741356 -0.03172599896788597
v 0.04725896939635277 -0.03544098138809204 -0.03174196928739548
v 0.04732596129179001 -0.035580988973379135 -0.03174399957060814
v 0.049409981817007065 -0.03560196980834007 -0.03204195946455002
v 0.04934798926115036 -0.03518097847700119 -0.031982000917196274
v 0.05339597910642624 -0.03518693894147873 -0.03259598836302757
v 0.05342596024274826 -0.03565996140241623 -0.03260194882750511
v 0.05641096085309982 -0.03494697064161301 -0.033149950206279755
v 0.05648194998502731 -0.03541398048400879 -0.03312598913908005
v 0.059394948184490204 -0.03448199853301048 -0.0337749682366848
v 0.060598958283662796 -0.03471999987959862 -0.03398596867918968
v 0.0675320029258728 -0.032738979905843735 -0.03624897822737694
v 0.061577968299388885 -0.03404694050550461 -0.03431098908185959
v 0.06385397166013718 -0.03404897078871727 -0.03486394137144089
v 0.0637359619140625 -0.03359793871641159 -0.03493398055434227
v 0.06819695234298706 -0.03302793949842453 -0.03641097992658615
v 0.07082200050354004 -0.031785961240530014 -0.03751295059919357
v 0.07116299122571945 -0.032168980687856674 -0.037577979266643524
v 0.07955794781446457 -0.028600990772247314 -0.040993981063365936
v 0.08845894783735275 -0.02579795941710472 -0.04473400115966797
v 0.07968997210264206 -0.029048969969153404 -0.041060980409383774
v 0.08841896057128906 -0.02566598914563656 -0.044719990342855453
v 0.08836299180984497 -0.025477999821305275 -0.044699959456920624
v 0.0883219763636589 -0.02519899047911167 -0.0445779487490654
v 0.08833795040845871 -0.0248789694160223 -0.04430394992232323
v 0.08964996784925461 -0.025243990123271942 -0.04536895826458931
v 0.09016697853803635 -0.024746950715780258 -0.04563295096158981
v 0.09096497297286987 -0.02428996004164219 -0.0461379811167717
v 0.09087996929883957 -0.025044970214366913 -0.046230971813201904
v 0.09086400270462036 -0.02465498074889183 -0.046230971813201904
v 0.09540098160505295 -0.02478097938001156 -0.05198996886610985
v 0.09541100263595581 -0.024464959278702736 -0.0519709512591362
v 0.09547095745801926 -0.024159960448741913 -0.051913969218730927
v 0.09786099195480347 -0.02428996004164219 -0.05403399094939232
v 0.09658794850111008 -0.024530939757823944 -0.05321495980024338
v 0.09774898737668991 -0.023602960631251335 -0.053780969232320786
v 0.09773296117782593 -0.023691950365900993 -0.05387198179960251
v 0.0965769812464714 -0.024030979722738266 -0.05308394879102707
v 0.09777200222015381 -0.02393198013305664 -0.053959958255290985
v 0.09781098365783691 -0.024171939119696617 -0.05404895171523094
v 0.10864099860191345 -0.020437000319361687 -0.05975496023893356
v 0.1085909977555275 -0.020319990813732147 -0.05976998060941696
v 0.1085520014166832 -0.020079970359802246 -0.05968194827437401
v 0.10851290076971054 -0.019840000197291374 -0.05959295853972435
v 0.10852999985218048 -0.01975095085799694 -0.059502001851797104
v 0.11490490287542343 -0.016194989904761314 -0.05869799107313156
v 0.11524999886751175 -0.015469959937036037 -0.05772196874022484
v 0.11545690149068832 -0.015606990084052086 -0.05770396813750267
v 0.11473199725151062 -0.015535949729382992 -0.05799096077680588
v 0.11404599994421005 -0.01710497960448265 -0.059668950736522675
v 0.11290799826383591 -0.01801197975873947 -0.06024998053908348
v 0.1110600009560585 -0.019182980060577393 -0.06047898158431053
v 0.10967600345611572 -0.01988399028778076 -0.06023197993636131
v 0.11396300047636032 -0.016500940546393394 -0.05919098109006882
v 0.11258400231599808 -0.017663950100541115 -0.06004798039793968
v 0.11084499955177307 -0.018765980377793312 -0.06026297062635422
v 0.1095379963517189 -0.0194279495626688 -0.06002897024154663
v 0.11659800261259079 -0.012926990166306496 -0.0535389706492424
v 0.11679200083017349 -0.013094959780573845 -0.05356096848845482
v 0.11623500287532806 -0.01274895016103983 -0.05345195159316063
v 0.11957100033760071 -0.0059739938005805016 -0.05078994855284691
v 0.11912400275468826 -0.007356940768659115 -0.050870951265096664
v 0.11921600252389908 -0.0059909820556640625 -0.051029980182647705
v 0.11701499670743942 -0.011967949569225311 -0.0525849387049675
v 0.11752600222826004 -0.010324000380933285 -0.05170195922255516
v 0.11776400357484818 -0.01103794015944004 -0.05187695845961571
v 0.11801700294017792 -0.009142993949353695 -0.05129294842481613
v 0.11834400147199631 -0.009649991057813168 -0.05128097161650658
v 0.11846700310707092 -0.00790095329284668 -0.0510859414935112
v 0.11887200176715851 -0.0063109989278018475 -0.051077958196401596
v 0.11932799965143204 0.0 -0.0509600006043911
v 0.11939000338315964 0.017421960830688477 -0.05173999071121216
v 0.11793799698352814 0.018109969794750214 -0.05137097090482712
v 0.11834199726581573 0.01724695973098278 -0.05014996975660324
v 0.11969000101089478 0.016640959307551384 -0.05078595131635666
v 0.1200300008058548 0.0157579705119133 -0.049704961478710175
v 0.1186939999461174 0.01627998985350132 -0.04912196844816208
v 0.12017399817705154 0.015381990000605583 -0.04924594983458519
v 0.11903499811887741 0.01513397041708231 -0.048131998628377914
v 0.12033800035715103 0.01464897021651268 -0.0487249381840229
v 0.12059900164604187 0.013478989712893963 -0.04789596050977707
v 0.11941199749708176 0.013487990014255047 -0.04704694822430611
v 0.12078200280666351 0.012659960426390171 -0.047313980758190155
v 0.12083800137042999 0.012196949683129787 -0.04713695868849754
v 0.11993300169706345 0.009647965431213379 -0.04561799019575119
v 0.12116800248622894 0.009451985359191895 -0.04608500003814697
v 0.11986800283193588 0.01037495955824852 -0.04578197002410889
v 0.12101200222969055 0.01074897963553667 -0.04658197984099388
v 0.1196449026465416 0.012144980020821095 -0.04638797044754028
v 0.1200530007481575 0.007892966270446777 -0.04533594101667404
v 0.12009800225496292 0.006341992877423763 -0.045267991721630096
v 0.12117700278759003 0.009247957728803158 -0.04605894908308983
v 0.1212410032749176 0.007625997066497803 -0.04585295170545578
v 0.11957500129938126 0.00686597777530551 -0.05042998865246773
v 0.11710900068283081 0.013229959644377232 -0.05328898876905441
v 0.11702699959278107 0.013358949683606625 -0.05345594137907028
v 0.1173119992017746 0.01288496982306242 -0.05291295051574707
v 0.11753199994564056 0.012509999796748161 -0.05250399932265282
v 0.11804500222206116 0.011438960209488869 -0.051710959523916245
v 0.11765000224113464 0.012283979915082455 -0.05230598896741867
v 0.11830200254917145 0.010817999951541424 -0.0513799712061882
v 0.1185469999909401 0.010203000158071518 -0.05107998102903366
v 0.11862900108098984 0.009971976280212402 -0.05099999159574509
v 0.11880090087652206 0.009489952586591244 -0.05083196982741356
v 0.1189429983496666 0.009042978286743164 -0.050731949508190155
v 0.11922699958086014 0.008147954009473324 -0.050530970096588135
v 0.11925199627876282 0.008053958415985107 -0.05052398890256882
v 0.11807999759912491 0.019942989572882652 -0.05590498074889183
v 0.11571899801492691 0.01588195003569126 -0.057619981467723846
v 0.10879199951887131 0.02079295925796032 -0.05970894917845726
v 0.1111529991030693 0.024852989241480827 -0.057994961738586426
v 0.10989899933338165 0.020347949117422104 -0.0601799413561821
v 0.11261899769306183 0.024243950843811035 -0.05856996029615402
v 0.11267390102148056 0.018813960254192352 -0.06036895141005516
v 0.1118599995970726 0.01933096908032894 -0.06046998128294945
v 0.11498399823904037 0.022909989580512047 -0.05866897106170654
v 0.1107650026679039 0.01993495039641857 -0.060393981635570526
v 0.11025889962911606 0.02017693966627121 -0.06026899069547653
v 0.11367099732160568 0.018092980608344078 -0.060034990310668945
v 0.11692500114440918 0.02138197049498558 -0.05772196874022484
v 0.11445590108633041 0.017416000366210938 -0.059510938823223114
v 0.11544100195169449 0.016330000013113022 -0.05829799175262451
v 0.11504390090703964 0.016824960708618164 -0.05892198905348778
v 0.10037299990653992 0.02870500087738037 -0.0522729717195034
v 0.09801197052001953 0.024644970893859863 -0.05398796871304512
v 0.09553395956754684 0.02520494908094406 -0.05189995840191841
v 0.09789495915174484 0.02926498092710972 -0.050184961408376694
v 0.09825295209884644 0.029235949739813805 -0.050610948354005814
v 0.0971369668841362 0.024923980236053467 -0.053442951291799545
v 0.09639096260070801 0.025098970159888268 -0.05283099040389061
v 0.0959089919924736 0.025157980620861053 -0.05230795964598656
v 0.09337394684553146 0.02945994958281517 -0.044423989951610565
v 0.09099595993757248 0.02540099062025547 -0.046116940677165985
v 0.09263496845960617 0.029625950381159782 -0.04379897937178612
v 0.08983396738767624 0.025689000263810158 -0.045300960540771484
v 0.09098999947309494 0.03021395020186901 -0.04292595013976097
v 0.08859597891569138 0.026095980778336525 -0.04466497153043747
v 0.08075498789548874 0.03140395134687424 -0.03952300176024437
v 0.07359694689512253 0.031729988753795624 -0.038294970989227295
v 0.07480800151824951 0.03338795155286789 -0.03679895028471947
v 0.07130897045135498 0.03255695104598999 -0.03733998164534569
v 0.07377099245786667 0.0356859490275383 -0.03419898822903633
v 0.08561897277832031 0.027243969962000847 -0.043384961783885956
v 0.07971698045730591 0.029514959082007408 -0.04084794968366623
v 0.08682996034622192 0.02924196980893612 -0.042381998151540756
v 0.08803396672010422 0.03122699074447155 -0.041383981704711914
v 0.08455300331115723 0.032418958842754364 -0.03956698998808861
v 0.07601796835660934 0.035038940608501434 -0.0352969691157341
v 0.07812798023223877 0.03443098068237305 -0.03632897138595581
v 0.08196800202131271 0.03322898969054222 -0.038263969123363495
v 0.07071994990110397 0.03275196999311447 -0.037094950675964355
v 0.07048898190259933 0.036471959203481674 -0.032690998166799545
v 0.06686096638441086 0.033790938556194305 -0.03557293862104416
v 0.06881499290466309 0.03678596019744873 -0.03197896108031273
v 0.06816195696592331 0.033484991639852524 -0.03607194870710373
v 0.06944900006055832 0.03313899040222168 -0.0365789495408535
v 0.06401199102401733 0.0344039686024189 -0.034596968442201614
v 0.0649939700961113 0.03754495829343796 -0.030653949826955795
v 0.06327395886182785 0.03455895185470581 -0.03438793867826462
v 0.06254500150680542 0.03816293925046921 -0.030138960108160973
v 0.061840951442718506 0.03486096113920212 -0.03398197144269943
v 0.06103198975324631 0.03854399174451828 -0.029820969328284264
v 0.059640999883413315 0.0353129506111145 -0.03347200155258179
v 0.04993598908185959 0.036081958562135696 -0.03193997964262962
v 0.04991798847913742 0.04021697863936424 -0.029006950557231903
v 0.05037295073270798 0.03609894961118698 -0.031988970935344696
v 0.05102794989943504 0.04017096012830734 -0.0290219709277153
v 0.05077195167541504 0.03609699010848999 -0.03203998878598213
v 0.05143100023269653 0.040154989808797836 -0.029026979580521584
v 0.052847981452941895 0.036082979291677475 -0.032309938222169876
v 0.05341093987226486 0.03996795043349266 -0.02911096066236496
v 0.05348794907331467 0.03607897832989693 -0.032392971217632294
v 0.05446296185255051 0.039868950843811035 -0.02915596030652523
v 0.054915960878133774 0.03595596179366112 -0.032622989267110825
v 0.05580699071288109 0.039647988975048065 -0.029263969510793686
v 0.05658400058746338 0.03581196069717407 -0.032891981303691864
v 0.05756795033812523 0.03935997933149338 -0.029405949637293816
v 0.05727696046233177 0.03569895029067993 -0.033022988587617874
v 0.05940394848585129 0.038926951587200165 -0.029625950381159782
v 0.058410998433828354 0.03916095942258835 -0.029506979510188103
v 0.04867994040250778 0.035999950021505356 -0.0317869707942009
v 0.04747796058654785 0.035917989909648895 -0.03163998946547508
v 0.04749095067381859 0.03597097843885422 -0.031609948724508286
v 0.047465980052948 0.04024498909711838 -0.02901500090956688
v 0.036119990050792694 0.04024498909711838 -0.029122939333319664
v 0.03614497184753418 0.03597097843885422 -0.03171699866652489
v 0.03666096180677414 0.034596968442201614 -0.03137600049376488
v 0.03799897059798241 0.033237989991903305 -0.029124969616532326
v 0.037968989461660385 0.03836696967482567 -0.026010990142822266
v 0.03618596866726875 0.03560495004057884 -0.03184998035430908
v 0.03629796952009201 0.03521496057510376 -0.03183196857571602
v 0.036464981734752655 0.03486096113920212 -0.03166598081588745
v 0.040770940482616425 0.033416979014873505 -0.02533995918929577
v 0.041241999715566635 0.035065941512584686 -0.022979969158768654
v 0.04032193869352341 0.03599094972014427 -0.023539960384368896
v 0.04206395149230957 0.034238990396261215 -0.02256298065185547
v 0.039647988975048065 0.03213994950056076 -0.027981989085674286
v 0.039678990840911865 0.03663795813918114 -0.023932989686727524
v 0.04033594951033592 0.031742990016937256 -0.02781796082854271
v 0.04083799943327904 0.03145295009016991 -0.02770400047302246
v 0.04171197861433029 0.03265798091888428 -0.0250659491866827
v 0.0433419905602932 0.0329589806497097 -0.022313950583338737
v 0.04268395155668259 0.03188794106245041 -0.02492797002196312
v 0.044429000467061996 0.03187096118927002 -0.02212296985089779
v 0.043753981590270996 0.031054969877004623 -0.024921000003814697
v 0.04490596055984497 0.030171990394592285 -0.02505999058485031
v 0.04572397097945213 0.030577000230550766 -0.02230994962155819
v 0.04386800155043602 0.029881000518798828 -0.02788298949599266
v 0.045222990214824677 0.029228979721665382 -0.028220949694514275
v 0.0461229607462883 0.029254969209432602 -0.02535896934568882
v 0.047021981328725815 0.02928096055984497 -0.02249795012176037
v 0.03904597833752632 0.03251795843243599 -0.02828299067914486
v 0.03951596841216087 0.03680294007062912 -0.02413100004196167
v 0.038715001195669174 0.0327259786427021 -0.028448989614844322
v 0.03887695074081421 0.03744899854063988 -0.024906989187002182
v 0.03856997936964035 0.032828979194164276 -0.028585970401763916
v 0.04116398096084595 0.03127896040678024 -0.027691960334777832
v 0.0420379601418972 0.030808979645371437 -0.027661969885230064
v 0.042180001735687256 0.030731970444321632 -0.02765697054564953
v 0.043013978749513626 0.030308960005640984 -0.02775496058166027
v 0.07356095314025879 0.0009739999659359455 -0.036873988807201385
v 0.11563099920749664 0.012966989539563656 -0.053510960191488266
v 0.11440499871969223 0.015370960347354412 -0.05751597136259079
v 0.1157659962773323 0.012880980037152767 -0.05346899852156639
v 0.09559594839811325 0.023959990590810776 -0.05180894955992699
v 0.09641796350479126 0.02371996082365513 -0.05251896008849144
v 0.09114395827054977 0.024005940183997154 -0.045934971421957016
v 0.09705399721860886 0.023570949211716652 -0.05303996056318283
v 0.09779994934797287 0.023332949727773666 -0.05350499972701073
v 0.10858000069856644 0.019480999559164047 -0.05922596901655197
v 0.11350599676370621 0.0164489708840847 -0.058829959481954575
v 0.1104229986667633 0.018617980182170868 -0.05971996858716011
v 0.0896979495882988 0.024396950379014015 -0.04494994133710861
v 0.11656899750232697 0.011314979754388332 -0.05205696076154709
v 0.08834099024534225 0.024865979328751564 -0.04428594931960106
v 0.09058897942304611 0.02410799078643322 -0.04543900117278099
v 0.11583299934864044 0.012667950242757797 -0.05313795059919357
v 0.11625699698925018 0.011942979879677296 -0.0524599514901638
v 0.11638589948415756 0.011697939597070217 -0.052277978509664536
v 0.07065694779157639 0.030560970306396484 -0.036794960498809814
v 0.07088898867368698 0.03131597861647606 -0.03737293928861618
v 0.07726997137069702 0.029018990695476532 -0.039857979863882065
v 0.07053499668836594 0.03020000085234642 -0.03666393831372261
v 0.11683490127325058 0.010757979936897755 -0.05173498019576073
v 0.0795239806175232 0.028207000344991684 -0.04073493927717209
v 0.11728200316429138 0.00970297958701849 -0.05133599042892456
v 0.11753100156784058 0.009057997725903988 -0.05117594823241234
v 0.06988798826932907 0.028284959495067596 -0.035968948155641556
v 0.11754199862480164 0.009028971195220947 -0.05116897076368332
v 0.11798600107431412 0.007780969142913818 -0.051009949296712875
v 0.11840000003576279 0.006481945049017668 -0.05102597922086716
v 0.11841700226068497 0.006426990032196045 -0.051029980182647705
v 0.06717199087142944 0.03238195180892944 -0.03597598895430565
v 0.06969194859266281 0.031696971505880356 -0.03691297024488449
v 0.059166960418224335 0.03407096117734909 -0.03357100114226341
v 0.06260298937559128 0.0333780013024807 -0.03447699174284935
v 0.05907595157623291 0.03337496146559715 -0.03314298018813133
v 0.06494896858930588 0.0324929915368557 -0.03499298915266991
v 0.06497298926115036 0.03287196159362793 -0.035222940146923065
v 0.052666958421468735 0.03477400168776512 -0.0322529599070549
v 0.05340396985411644 0.03476899117231369 -0.032374970614910126
v 0.05317097157239914 0.033194951713085175 -0.031286951154470444
v 0.05638694018125534 0.03451596945524216 -0.03295797109603882
v 0.050343990325927734 0.03417598828673363 -0.031436968594789505
v 0.05019700154662132 0.034781988710165024 -0.03184293955564499
v 0.05088299140334129 0.03283696994185448 -0.030567999929189682
v 0.05097699165344238 0.032460980117321014 -0.030508989468216896
v 0.053599949926137924 0.030806949362158775 -0.03086996078491211
v 0.05146998167037964 0.030463989824056625 -0.030196959152817726
v 0.059099968522787094 0.030978970229625702 -0.03260099142789841
v 0.06457298249006271 0.030133960768580437 -0.03431396931409836
v 0.04596893861889839 0.034596968442201614 -0.03128796070814133
v 0.04363398998975754 0.03431694954633713 -0.030848970636725426
v 0.04317694157361984 0.034262001514434814 -0.030762970447540283
v 0.04876196011900902 0.03469996899366379 -0.03161197155714035
v 0.11855199933052063 0.006188988219946623 -0.05107098072767258
v 0.11362600326538086 0.02229594998061657 -0.05534499138593674
v 0.11541800200939178 0.021182000637054443 -0.05517398938536644
v 0.116737000644207 0.020076990127563477 -0.05437396839261055
v 0.11723800003528595 0.019457990303635597 -0.05359797924757004
v 0.09657496213912964 0.0276939794421196 -0.04464900121092796
v 0.09850995987653732 0.02761000022292137 -0.047114960849285126
v 0.09952598065137863 0.027460990473628044 -0.048159949481487274
v 0.10070300102233887 0.0271109901368618 -0.04895197972655296
v 0.111626997590065 0.023204980418086052 -0.05474495142698288
v 0.09018296003341675 0.028995990753173828 -0.04007500037550926
v 0.09167397022247314 0.02848093956708908 -0.04072194918990135
v 0.09506695717573166 0.027782969176769257 -0.04299895837903023
v 0.0843389630317688 0.0309829693287611 -0.03753596171736717
v 0.08242297172546387 0.03156596049666405 -0.03670698031783104
v 0.07362698763608932 0.03423798084259033 -0.03290199860930443
v 0.07125096768140793 0.034833960235118866 -0.03190796822309494
v 0.0687670111656189 0.03532695025205612 -0.03092700056731701
v 0.06634794920682907 0.03578697890043259 -0.030070960521697998
v 0.06183499097824097 0.03686099871993065 -0.02888995036482811
v 0.05994796007871628 0.03734498843550682 -0.028510980308055878
v 0.05644797906279564 0.03805797919631004 -0.027946939691901207
v 0.05069594830274582 0.038795940577983856 -0.027434999123215675
v 0.05183500051498413 0.03854994848370552 -0.02735595963895321
v 0.056113000959157944 0.03893594816327095 -0.028584949672222137
v 0.047465980052948 0.04024498909711838 -0.02901500090956688
v 0.036119990050792694 0.04024498909711838 -0.029122939333319664
v 0.04169296845793724 0.03765897825360298 -0.025228969752788544
v 0.04209195822477341 0.03828096017241478 -0.026009969413280487
v 0.04280893877148628 0.0385739803314209 -0.026431970298290253
v 0.04555594176054001 0.03861498087644577 -0.0266720000654459
v 0.04809999093413353 0.03863298147916794 -0.026933960616588593
v 0.05022894963622093 0.038623981177806854 -0.02717399038374424
v 0.043448980897665024 0.03477894887328148 -0.023121949285268784
v 0.04169296845793724 0.03698598966002464 -0.024522000923752785
v 0.04218196123838425 0.03603196144104004 -0.023755960166454315
v 0.04471193999052048 0.03351198881864548 -0.02276694029569626
v 0.04844497889280319 0.02956199087202549 -0.022946950048208237
v 0.04719895124435425 0.03077799081802368 -0.022656969726085663
v 0.04595094174146652 0.03218400105834007 -0.02259998954832554
v 0.07655996084213257 0.0015299910446628928 -0.03153197839856148
v 0.045203980058431625 0.03342998027801514 -0.022028980776667595
v 0.044966988265514374 0.03369896858930588 -0.02205996960401535
v 0.04626594856381416 0.032224949449300766 -0.021889980882406235
v 0.04652994126081467 0.03191297873854637 -0.021892959251999855
v 0.04692196100950241 0.03144996985793114 -0.0218959990888834
v 0.0477069616317749 0.03051297925412655 -0.02198898047208786
v 0.04446696862578392 0.03423500061035156 -0.022182999178767204
v 0.0440559908747673 0.03466194123029709 -0.022312989458441734
v 0.07678496092557907 0.0015359519748017192 -0.030816970393061638
v 0.04866999015212059 0.029568970203399658 -0.022231990471482277
v 0.053494978696107864 0.03052300028502941 -0.023757990449666977
v 0.052907999604940414 0.03317099064588547 -0.023959990590810776
v 0.05201596021652222 0.036221981048583984 -0.024872949346899986
v 0.052794989198446274 0.03367995843291283 -0.023998970165848732
v 0.09055399149656296 0.025465959683060646 -0.045702990144491196
v 0.046619951725006104 0.034738000482320786 -0.031462959945201874
v 0.04714696854352951 0.03520696982741356 -0.03172599896788597
v 0.04688096046447754 0.03489594906568527 -0.03158599138259888
v 0.04725896939635277 0.03544098138809204 -0.03174196928739548
v 0.04732596129179001 0.035580988973379135 -0.03174399957060814
v 0.04943196848034859 0.0351330004632473 -0.031989991664886475
v 0.04940896853804588 0.03560196980834007 -0.0320429801940918
v 0.060598958283662796 0.03471999987959862 -0.03398596867918968
v 0.05342596024274826 0.03565996140241623 -0.03260194882750511
v 0.05648194998502731 0.03541398048400879 -0.03312598913908005
v 0.05339597910642624 0.03518693894147873 -0.03259598836302757
v 0.05641096085309982 0.03494697064161301 -0.033149950206279755
v 0.060486968606710434 0.034264981746673584 -0.034042950719594955
v 0.06385397166013718 0.03404897078871727 -0.03486394137144089
v 0.0637359619140625 0.03359793871641159 -0.03493398055434227
v 0.06669198721647263 0.033432960510253906 -0.03582894057035446
v 0.0675320029258728 0.032738979905843735 -0.03624897822737694
v 0.07082200050354004 0.031787991523742676 -0.03751295059919357
v 0.07110296934843063 0.03218894824385643 -0.03755294904112816
v 0.06893599033355713 0.032851990312337875 -0.036689989268779755
v 0.08833795040845871 0.0248789694160223 -0.04430394992232323
v 0.07955794781446457 0.028600990772247314 -0.040993981063365936
v 0.0883219763636589 0.02519899047911167 -0.0445779487490654
v 0.08845894783735275 0.02579795941710472 -0.04473400115966797
v 0.07968997210264206 0.029048969969153404 -0.041060980409383774
v 0.08841896057128906 0.025664979591965675 -0.044719990342855453
v 0.08836299180984497 0.025477999821305275 -0.044699959456920624
v 0.08964996784925461 0.025243990123271942 -0.04536895826458931
v 0.09019594639539719 0.0248409491032362 -0.04567097872495651
v 0.09096497297286987 0.02428996004164219 -0.0461379811167717
v 0.09086400270462036 0.02465498074889183 -0.046230971813201904
v 0.09087996929883957 0.025044970214366913 -0.046230971813201904
v 0.09543894976377487 0.024209970608353615 -0.051939960569143295
v 0.09541100263595581 0.024464959278702736 -0.0519709512591362
v 0.09540098160505295 0.02478097938001156 -0.05198996886610985
v 0.09777200222015381 0.02393198013305664 -0.053959958255290985
v 0.09773296117782593 0.023691950365900993 -0.05387198179960251
v 0.0965769812464714 0.024030979722738266 -0.05308394879102707
v 0.09774898737668991 0.023602960631251335 -0.053780969232320786
v 0.09786099195480347 0.02428996004164219 -0.05403399094939232
v 0.09658794850111008 0.024530939757823944 -0.05321495980024338
v 0.09781098365783691 0.024171939119696617 -0.05404895171523094
v 0.10852999985218048 0.01975095085799694 -0.059502001851797104
v 0.10851290076971054 0.019840000197291374 -0.05959295853972435
v 0.1085520014166832 0.020079970359802246 -0.05968194827437401
v 0.1085909977555275 0.020319990813732147 -0.05976998060941696
v 0.10864099860191345 0.020437000319361687 -0.05975496023893356
v 0.11445499956607819 0.015962950885295868 -0.05859500169754028
v 0.11500900238752365 0.015375969931483269 -0.05770295113325119
v 0.11476899683475494 0.015339969657361507 -0.057648949325084686
v 0.1150989979505539 0.015953950583934784 -0.058393001556396484
v 0.11541300266981125 0.015561990439891815 -0.05771797150373459
v 0.11437900364398956 0.016770949587225914 -0.05933498963713646
v 0.11337000131607056 0.017675990238785744 -0.06009000167250633
v 0.11202099919319153 0.018617980182170868 -0.06046295166015625
v 0.11010000109672546 0.019681990146636963 -0.06033599004149437
v 0.11333499848842621 0.017080960795283318 -0.059699948877096176
v 0.1117509976029396 0.018233949318528175 -0.06024795025587082
v 0.10993900150060654 0.019236980006098747 -0.060127969831228256
v 0.11623500287532806 0.01274895016103983 -0.05345195159316063
v 0.1165739968419075 0.012960970401763916 -0.05357896909117699
v 0.1167759969830513 0.012985999695956707 -0.05348794907331467
v 0.1188879981637001 0.006592988036572933 -0.05105096101760864
v 0.11909399926662445 0.005997954867780209 -0.051074981689453125
v 0.1187720000743866 0.00604897690936923 -0.05110596865415573
v 0.11912400275468826 0.007356940768659115 -0.050870951265096664
v 0.11955100297927856 0.0059739938005805016 -0.05080097168684006
v 0.11701499670743942 0.011967949569225311 -0.0525849387049675
v 0.11776400357484818 0.01103794015944004 -0.05187695845961571
v 0.11834400147199631 0.009649991057813168 -0.05128097161650658
v 0.11752600222826004 0.010324000380933285 -0.05170195922255516
v 0.11846700310707092 0.00790095329284668 -0.0510859414935112
v 0.11801700294017792 0.009142993949353695 -0.05129294842481613
v 0.014742969535291195 0.04199998825788498 -0.021594999358057976
v 0.015966949984431267 0.04199998825788498 -0.02269499935209751
v 0.015863949432969093 0.04199998825788498 -0.019844939932227135
v 0.020438959822058678 0.04199998825788498 0.014799949713051319
v 0.021117979660630226 0.04199998825788498 0.014759950339794159
v 0.019979950040578842 0.04199998825788498 0.016326960176229477
v 0.01633298024535179 0.04199998825788498 0.01298099011182785
v 0.01539498008787632 0.04199998825788498 0.012522989884018898
v 0.015562949702143669 0.04199998825788498 0.011914960108697414
v -0.011712959967553616 0.04199998825788498 0.011606990359723568
v -0.011010999791324139 0.04199998825788498 0.010798989795148373
v -0.011023989878594875 0.04199998825788498 0.012145989574491978
v 0.011405999772250652 0.04199998825788498 -0.02473396062850952
v 0.010750940069556236 0.04199998825788498 -0.022554989904165268
v 0.007840991020202637 0.04199998825788498 -0.022840969264507294
v -0.010801970027387142 0.04199998825788498 -0.011248939670622349
v -0.01078599039465189 0.04199998825788498 -0.012954950332641602
v 0.002433954970911145 0.04199998825788498 -0.01997195929288864
v 0.011448970064520836 0.04199998825788498 -0.01763295941054821
v 0.010674949735403061 0.04199998825788498 -0.01635896973311901
v 0.010707969777286053 0.04199998825788498 -0.019892990589141846
v 0.034163948148489 0.04199998825788498 -0.022591939195990562
v 0.0348699614405632 0.04199998825788498 -0.023907000198960304
v 0.03525596112012863 0.04199998825788498 -0.023518970236182213
v 0.03641599044203758 0.04199998825788498 -0.02236294001340866
v 0.035654958337545395 0.04199998825788498 -0.023539960384368896
v 0.035654958337545395 0.04199998825788498 -0.023539960384368896
v 0.03591400012373924 0.04199998825788498 -0.023791959509253502
v 0.036973949521780014 0.04199998825788498 -0.024371979758143425
v 0.03857498988509178 0.04199998825788498 -0.025941960513591766
v 0.036922991275787354 0.04199998825788498 -0.025554949417710304
v 0.034692998975515366 0.04199998825788498 -0.025796940550208092
v 0.034195948392152786 0.04199998825788498 -0.025943990796804428
v 0.03489195927977562 0.04199998825788498 -0.026377970352768898
v 0.03655695170164108 0.04199998825788498 -0.026593979448080063
v 0.035856958478689194 0.04199998825788498 -0.026660969480872154
v 0.034217000007629395 0.04199998825788498 -0.028176959604024887
v 0.014901990070939064 0.04199998825788498 -0.017573950812220573
v 0.014183989726006985 0.04199998825788498 -0.01831299066543579
v 0.012012000195682049 0.04199998825788498 -0.019880950450897217
v 0.013193960301578045 0.04199998825788498 -0.018595989793539047
v 0.012094969861209393 0.04199998825788498 -0.018251949921250343
v 0.015157990157604218 0.04199998825788498 -0.01657496951520443
v 0.01557897962629795 0.04199998825788498 0.010186970233917236
v 0.014910990372300148 0.04199998825788498 0.009429991245269775
v 0.014705000445246696 0.04199998825788498 0.01025795005261898
v 0.011601979844272137 0.04199998825788498 0.010885950177907944
v 0.012275990098714828 0.04199998825788498 0.011307000182569027
v 0.011711950413882732 0.04199998825788498 0.011878959834575653
v 0.013206000439822674 0.04199998825788498 0.01138996984809637
v 0.014072000049054623 0.04199998825788498 0.011040979996323586
v 0.003530978923663497 0.04199998825788498 -0.009421943686902523
v 0.004302978049963713 0.04199998825788498 -0.009449957869946957
v 0.0037179579958319664 0.04199998825788498 -0.008741973899304867
v 0.009499967098236084 0.04199998825788498 9.000000136438757e-05
v 0.008810997009277344 0.04199998825788498 -0.0035519590601325035
v 0.008943974040448666 0.04199998825788498 -0.004471957217901945
v 0.00678098201751709 0.04199998825788498 -0.006653964053839445
v 0.006406961940228939 0.04199998825788498 -0.0081709623336792
v 0.0067379469983279705 0.04199998825788498 -0.0074729910120368
v -0.008944988250732422 0.04199998825788498 -0.006363986991345882
v -0.008385956287384033 0.04199998825788498 -0.006341992877423763
v -0.00976699497550726 0.04199998825788498 -0.005009949207305908
v -0.008741973899304867 0.04199998825788498 -0.0037179579958319664
v -0.00784999132156372 0.04199998825788498 -0.0065059661865234375
v -0.006653964053839445 0.04199998825788498 -0.00678098201751709
v -0.0072019691579043865 0.04199998825788498 -0.006936966907233
v -0.0035519590601325035 0.04199998825788498 -0.008810997009277344
v -0.004166959784924984 0.04199998825788498 -0.009090960025787354
v 9.000000136438757e-05 0.04199998825788498 -0.009499967098236084
v -0.00048699998296797276 0.04199998825788498 -0.009987950325012207
v -0.009421943686902523 0.04199998825788498 -0.003530978923663497
v -0.009449957869946957 0.04199998825788498 -0.004302978049963713
v -0.008369982242584229 0.04199998825788498 0.0055849552154541016
v -0.008810997009277344 0.04199998825788498 0.0035519590601325035
v -0.00678098201751709 0.04199998825788498 0.006653964053839445
v 0.005009949207305908 0.04199998825788498 -0.00976699497550726
v 0.006363986991345882 0.04199998825788498 -0.008944988250732422
v 0.006615995895117521 0.04199998825788498 -0.009680986404418945
v 0.005547999870032072 0.04199998825788498 -0.01032995991408825
v -0.008221982978284359 0.04199998825788498 0.006342947017401457
v -0.0096549978479743 0.04199998825788498 0.0026039481163024902
v -0.009499967098236084 0.04199998825788498 -9.000000136438757e-05
v -0.009993970394134521 0.04199998825788498 -0.00033699997584335506
v -0.008794963359832764 0.04199998825788498 0.007754981052130461
v -0.008369982242584229 0.04199998825788498 0.007102965842932463
v -0.006440997123718262 0.04199998825788498 0.008103965781629086
v -0.007259964011609554 0.04199998825788498 0.008233964443206787
v 0.007754981052130461 0.04199998825788498 0.008794963359832764
v 0.006653964053839445 0.04199998825788498 0.00678098201751709
v 0.010423949919641018 0.04199998825788498 0.010137969627976418
v 0.007102965842932463 0.04199998825788498 0.008369982242584229
v 0.006342947017401457 0.04199998825788498 0.008221982978284359
v 0.0055849552154541016 0.04199998825788498 0.008369982242584229
v 0.0035519590601325035 0.04199998825788498 0.008810997009277344
v 0.008103965781629086 0.04199998825788498 0.006440997123718262
v 0.008233964443206787 0.04199998825788498 0.007259964011609554
v 0.008646965026855469 0.04199998825788498 0.00791996717453003
v 0.010627980343997478 0.04199998825788498 0.009937942028045654
v 0.0018009539926424623 0.04199998825788498 0.009835957549512386
v -9.000000136438757e-05 0.04199998825788498 0.009499967098236084
v -0.0019869799725711346 0.04199998825788498 0.009800969623029232
v -0.0037179579958319664 0.04199998825788498 0.008741973899304867
v -0.005432962905615568 0.04199998825788498 0.008394955657422543
v 0.010600980371236801 0.04199998825788498 0.011731980368494987
v 0.009059964679181576 0.04199998825788498 0.01012497954070568
v 0.009933947585523129 0.04199998825788498 -0.0011459579691290855
v 0.009727953933179379 0.04199998825788498 0.0023169510532170534
v 0.008741973899304867 0.04199998825788498 0.0037179579958319664
v 0.008394955657422543 0.04199998825788498 0.005432962905615568
v -0.011272960342466831 0.04199998825788498 0.008984982036054134
v -0.010256939567625523 0.04199998825788498 0.00892496109008789
v -0.008284986019134521 0.04199998825788498 0.00900494959205389
v -0.009590983390808105 0.04199998825788498 0.008529961109161377
v -0.015917949378490448 0.04199998825788498 -0.00800997018814087
v -0.01353995967656374 0.04199998825788498 -0.006715952884405851
v -0.01427196990698576 0.04199998825788498 -0.006308971904218197
v -0.012201960198581219 0.04199998825788498 -0.012203989550471306
v -0.016450999304652214 0.04199998825788498 -0.005212962161749601
v -0.011165970005095005 0.04199998825788498 -0.011054989881813526
v -0.011806960217654705 0.04199998825788498 -0.010517000220716
v -0.014438980259001255 0.04199998825788498 -0.01044297032058239
v -0.012171979993581772 0.04199998825788498 -0.009763956069946289
v -0.01219599973410368 0.04199998825788498 -0.008927999995648861
v -0.011875979602336884 0.04199998825788498 -0.008154988288879395
v -0.012706990353763103 0.04199998825788498 -0.006787954829633236
v -0.012060989625751972 0.04199998825788498 0.008672951720654964
v -0.013010970316827297 0.04199998825788498 0.00991594698280096
v -0.011916990391910076 0.04199998825788498 -0.006511985789984465
v -0.011266940273344517 0.04199998825788498 -0.007579981815069914
v -0.010591980069875717 0.04199998825788498 -0.0057069649919867516
v -0.010259980335831642 0.04199998825788498 -0.006967960856854916
v -0.014771989546716213 0.04199998825788498 -0.0056389570236206055
v -0.014954980462789536 0.04199998825788498 -0.004821956157684326
v -0.016498979181051254 0.04199998825788498 -0.000155999994603917
v -0.014998969621956348 0.04199998825788498 -0.00014199998986441642
v -0.015977969393134117 0.04199998825788498 0.0041189780458807945
v -0.01440197043120861 0.04199998825788498 0.004192947875708342
v -0.014366979710757732 0.04199998825788498 0.008113980293273926
v -0.0126069700345397 0.04199998825788498 0.008127987384796143
v 0.010380979627370834 0.04199998825788498 -0.01828199066221714
v 0.010671970434486866 0.04199998825788498 -0.019271960482001305
v 0.010522959753870964 0.04199998825788498 -0.019894950091838837
v 0.010432950221002102 0.04199998825788498 -0.020273979753255844
v 0.00972598697990179 0.04199998825788498 -0.021022969856858253
v 0.008739948272705078 0.04199998825788498 -0.021319979801774025
v 0.0077349538914859295 0.04199998825788498 -0.02108699083328247
v 0.005576968193054199 0.04199998825788498 -0.01994198001921177
v 0.01829295977950096 0.04199998825788498 -0.027866000309586525
v 0.018868980929255486 0.04199998825788498 -0.026244990527629852
v 0.0177800003439188 0.04199998825788498 -0.02767097018659115
v 0.016843970865011215 0.04199998825788498 -0.02610795944929123
v 0.01593095064163208 0.04199998825788498 -0.02696800045669079
v 0.015619990415871143 0.04199998825788498 -0.02526897005736828
v 0.014429979957640171 0.04199998825788498 -0.026338990777730942
v 0.011076980270445347 0.04199998825788498 -0.02283697947859764
v 0.012045970186591148 0.04199998825788498 -0.023374969139695168
v -0.009095965884625912 0.04199998825788498 0.01148395985364914
v -0.00872796680778265 0.04199998825788498 0.01209598034620285
v -0.008384943008422852 0.04199998825788498 0.014210989698767662
v -0.008364975452423096 0.04199998825788498 0.01245099026709795
v -0.004420994780957699 0.04199998825788498 0.01589697040617466
v -0.004464983008801937 0.04199998825788498 0.0143199497833848
v -0.000155999994603917 0.04199998825788498 0.016498979181051254
v -0.00014199998986441642 0.04199998825788498 0.014998969621956348
v 0.008154988288879395 0.04199998825788498 0.0165779497474432
v 0.009145975112915039 0.04199998825788498 0.015086939558386803
v 0.01101594977080822 0.04199998825788498 0.016516979783773422
v 0.01021896954625845 0.04199998825788498 0.014741949737071991
v 0.010771979577839375 0.04199998825788498 0.014278939925134182
v 0.01113795954734087 0.04199998825788498 0.013419980183243752
v 0.01107298955321312 0.04199998825788498 0.012487939558923244
v 0.014011969789862633 0.04199998825788498 0.012474950402975082
v 0.012941000051796436 0.04199998825788498 0.013063959777355194
v 0.012273959815502167 0.04199998825788498 0.014045950025320053
v 0.01224695984274149 0.04199998825788498 0.014445959590375423
v 0.012487939558923244 0.04199998825788498 0.014860980212688446
v 0.01288795005530119 0.04199998825788498 0.01505196001380682
v 0.01551997009664774 0.04199998825788498 0.01642196998000145
v 0.01653295010328293 0.04199998825788498 0.014939960092306137
v 0.01692897081375122 0.04199998825788498 0.014702970162034035
v 0.017361989244818687 0.04199998825788498 0.016381969675421715
v 0.01709996908903122 0.04199998825788498 0.014222970232367516
v 0.015109949745237827 0.04199998825788498 0.015016970224678516
v 0.017404969781637192 0.04199998825788498 0.011932959780097008
v 0.017046980559825897 0.04199998825788498 0.013928939588367939
v 0.018296949565410614 0.04199998825788498 0.011958000250160694
v 0.018112950026988983 0.04199998825788498 0.012621990405023098
v 0.01814997009932995 0.04199998825788498 0.013133999891579151
v 0.018656959757208824 0.04199998825788498 0.014154969714581966
v 0.019352970644831657 0.04199998825788498 0.01464897021651268
v 0.024914970621466637 0.04199998825788498 -0.007020949851721525
v 0.025527000427246094 0.04199998825788498 -0.008802950382232666
v 0.025112979114055634 0.04199998825788498 -0.00616794778034091
v 0.025829970836639404 0.04199998825788498 -0.008658944629132748
v 0.02492797002196312 0.04199998825788498 -0.0053109521977603436
v 0.02631700038909912 0.04199998825788498 -0.008735953830182552
v 0.026202969253063202 0.04199998825788498 -0.0036899440456181765
v 0.025715939700603485 0.04199998825788498 -0.0036129949148744345
v 0.01910299062728882 0.04199998825788498 0.010220999829471111
v 0.017708949744701385 0.04199998825788498 0.010255989618599415
v 0.025359980762004852 0.04199998825788498 -0.0032729499507695436
v 0.029248949140310287 0.04199998825788498 0.0019749989733099937
v 0.026715990155935287 0.04199998825788498 -0.0032829639967530966
v 0.027117960155010223 0.04199998825788498 -0.005327999126166105
v 0.026505939662456512 0.04199998825788498 -0.0035449860151857138
v 0.026919959113001823 0.04199998825788498 -0.006180942058563232
v 0.02710597962141037 0.04199998825788498 -0.007036983035504818
v 0.026672950014472008 0.04199998825788498 -0.00907599925994873
v 0.02938096970319748 0.04199998825788498 -0.011943990364670753
v 0.029410000890493393 0.04199998825788498 -0.014976969920098782
v 0.03159796819090843 0.04199998825788498 -0.0196949802339077
v 0.02927595004439354 0.04199998825788498 -0.0008499999530613422
v 0.0305439792573452 0.04199998825788498 0.0017819999484345317
v 0.029709989205002785 0.04199998825788498 0.0029309981036931276
v 0.03488694876432419 0.04199998825788498 -0.022410979494452477
v 0.034376971423625946 0.04199998825788498 -0.022305959835648537
v 0.032945990562438965 0.04199998825788498 -0.022602969780564308
v 0.03404098004102707 0.04199998825788498 -0.02199297957122326
v 0.03296995162963867 0.04199998825788498 -0.019681990146636963
v 0.035451941192150116 0.04199998825788498 -0.019658980891108513
v 0.035470958799123764 0.04199998825788498 -0.021669980138540268
v 0.03529398888349533 0.04199998825788498 -0.022131970152258873
v 0.036333970725536346 0.04199998825788498 -0.019650990143418312
v 0.036203980445861816 0.04199998825788498 -0.005898952018469572
v 0.035310979932546616 0.04199998825788498 -0.004781960975378752
v 0.03698097914457321 0.04199998825788498 -0.026077980175614357
v 0.03857498988509178 0.04199998825788498 -0.025941960513591766
v 0.04084198921918869 0.04199998825788498 -0.026555949822068214
v 0.0446159802377224 0.04199998825788498 -0.028078969568014145
v 0.04460196942090988 0.04199998825788498 -0.026519950479269028
v 0.05217998847365379 0.04199998825788498 -0.02800697088241577
v 0.051054950803518295 0.04199998825788498 -0.026458969339728355
v -0.009061992168426514 0.04199998825788498 0.009969948790967464
v -0.009224951267242432 0.04199998825788498 0.010762980207800865
v 0.03330795839428902 0.04199998825788498 -0.02586095966398716
v 0.032687958329916 0.04199998825788498 -0.026447949931025505
v 0.031733978539705276 0.04199998825788498 -0.02670096978545189
v 0.029534989967942238 0.04199998825788498 -0.028220949694514275
v 0.029520979151129723 0.04199998825788498 -0.026721950620412827
v 0.02198898047208786 0.04199998825788498 -0.028292950242757797
v 0.02197498083114624 0.04199998825788498 -0.026792999356985092
v 0.019711969420313835 0.04199998825788498 -0.026623960584402084
v 0.03352897986769676 0.04199998825788498 -0.023859970271587372
v 0.03370999917387962 0.04199998825788498 -0.024829979985952377
v 0.017975980415940285 0.04199998825788498 -0.02142195962369442
v 0.018477970734238625 0.04199998825788498 -0.02325998991727829
v 0.01874995045363903 0.04199998825788498 -0.019816989079117775
v 0.020142970606684685 0.04199998825788498 -0.019804000854492188
v 0.02531694993376732 0.04199998825788498 -0.00906598474830389
v 0.018229959532618523 0.04199998825788498 -0.025496000424027443
v 0.01760493963956833 0.04199998825788498 -0.021761950105428696
v 0.017732970416545868 0.04199998825788498 -0.022747989743947983
v 0.0181039497256279 0.04199998825788498 -0.02410697005689144
v 0.01803796924650669 0.04199998825788498 -0.02472895011305809
v 0.017136989161372185 0.04199998825788498 -0.021829960867762566
v 0.016731970012187958 0.04199998825788498 -0.02155797928571701
v 0.01642698049545288 0.04199998825788498 0.010413999669253826
v 0.017008960247039795 0.04199998825788498 0.01072095986455679
v 0.0174479391425848 0.04199998825788498 0.010585960000753403
v 0.016550950706005096 0.04199998825788498 -0.02110397070646286
v 0.016538970172405243 0.04199998825788498 -0.019837969914078712
v 0.016255969181656837 0.04199998825788498 0.009980975650250912
v 0.016127999871969223 0.04199998825788498 -0.02283995971083641
v 0.016760999336838722 0.04199998825788498 -0.02454495057463646
v 0.01669299043715 0.04199998825788498 -0.024928979575634003
v 0.016322970390319824 0.04199998825788498 -0.025266999378800392
v 0.012935989536345005 0.04199998825788498 -0.02114599011838436
v 0.011573970317840576 0.04199998825788498 -0.021488960832357407
v 0.010822949931025505 0.04274195060133934 -0.022434940561652184
v 0.01085096038877964 0.04199998825788498 -0.02192497067153454
v 0.035262998193502426 0.04185396060347557 0.0003129999968223274
v 0.036112960427999496 0.04178500175476074 5.8999998145736754e-05
v 0.03614497184753418 0.040512971580028534 0.009939967654645443
v 0.037173978984355927 0.04025094956159592 0.009797990322113037
v 0.03685896843671799 0.04017698019742966 0.01058197021484375
v 0.03862297162413597 0.03954993933439255 0.010822949931025505
v 0.03745799884200096 0.03971194848418236 0.011815959587693214
v 0.03600697964429855 0.04108196124434471 0.006788969039916992
v 0.035746991634368896 0.04063396900892258 0.009848952293395996
v 0.03602999076247215 0.041274961084127426 0.0053819408640265465
v 0.03604799136519432 0.04138797149062157 0.004203975200653076
v 0.036351971328258514 0.04072998836636543 0.00844794511795044
v 0.03534895181655884 0.04071693867444992 0.00993496086448431
v 0.034819960594177246 0.041039999574422836 0.008702993392944336
v 0.03518794849514961 0.04104197025299072 0.008185981772840023
v 0.03523194044828415 0.04151897877454758 0.0035609600599855185
v 0.03492999076843262 0.04074393957853317 0.01036094967275858
v 0.03389798849821091 0.04123197868466377 0.008635996840894222
v 0.03350298851728439 0.040995001792907715 0.010806970298290253
v 0.03261493891477585 0.04141794890165329 0.008937953971326351
v 0.034833960235118866 0.04058200120925903 0.01137595996260643
v 0.033626969903707504 0.04084395989775658 0.01157199963927269
v 0.033450961112976074 0.04075795039534569 0.012315980158746243
v 0.035267941653728485 0.04023497924208641 0.012519950047135353
v 0.03315097093582153 0.04074496030807495 0.012803969904780388
v 0.03712797164916992 0.03932100161910057 0.01380394957959652
v 0.03273499011993408 0.04078495129942894 0.013145980425179005
v 0.03282998874783516 0.040450990200042725 0.014823970384895802
v 0.03647993877530098 0.03987598046660423 0.012460939586162567
v 0.03343600034713745 0.04141794890165329 0.007808982860296965
v 0.026641959324479103 0.04170595854520798 0.01427495013922453
v 0.02773897908627987 0.04141794890165329 0.015652000904083252
v 0.02198898047208786 0.04196000099182129 0.016205960884690285
v 0.028982989490032196 0.041354950517416 0.013917979784309864
v 0.0320199690759182 0.040898971259593964 0.013453960418701172
v 0.04037100076675415 0.03878796100616455 0.011210969649255276
v 0.04130696877837181 0.03798794001340866 0.012466959655284882
v 0.042029969394207 0.03816394880414009 0.010945970192551613
v 0.0457879900932312 0.0363609716296196 0.010586969554424286
v 0.04519795998930931 0.037102989852428436 0.009559988044202328
v 0.047294970601797104 0.0363609716296196 0.008511959575116634
v 0.03527199849486351 0.044263001531362534 -0.004781960975378752
v 0.035429950803518295 0.044263001531362534 -0.021487949416041374
v 0.03198796138167381 0.042086001485586166 0.013438990339636803
v 0.02090596966445446 0.044263001531362534 0.014732950367033482
v 0.023422950878739357 0.044263001531362534 0.014553960412740707
v 0.031943969428539276 0.0437769815325737 0.01341794990003109
v 0.028577979654073715 0.04415297135710716 0.013977999798953533
v 0.026189979165792465 0.044245000928640366 0.014275959692895412
v 0.016588980332016945 0.044263001531362534 -0.020933980122208595
v 0.016296980902552605 0.044263001531362534 0.009797990322113037
v 0.02197498083114624 0.044263001531362534 -0.02675396017730236
v 0.031672000885009766 0.044263001531362534 -0.026661990210413933
v 0.02008097991347313 0.04383695125579834 0.014752980321645737
v 0.03515499085187912 0.04305797070264816 0.008034943602979183
v 0.03523194044828415 0.044263001531362534 -0.0007409999379888177
v 0.035196948796510696 0.044263001531362534 0.002545952098444104
v 0.035148970782756805 0.044114939868450165 0.007019996177405119
v 0.024728000164031982 0.04479198902845383 -0.0063009848818182945
v 0.0242039505392313 0.044999949634075165 -0.005626976024359465
v 0.0241959597915411 0.044999949634075165 -0.006694972049444914
v 0.017046980559825897 0.044999949634075165 0.009804964065551758
v 0.017337970435619354 0.044999949634075165 -0.020926950499415398
v 0.03266298025846481 0.044999949634075165 -0.025180989876389503
v 0.032786961644887924 0.044999949634075165 -0.02413593977689743
v 0.03166496008634567 0.044999949634075165 -0.025911979377269745
v 0.02599197067320347 0.044999949634075165 -0.00948399305343628
v 0.021967940032482147 0.044999949634075165 -0.026003949344158173
v 0.018960950896143913 0.044999949634075165 -0.024075979366898537
v 0.019256940111517906 0.044999949634075165 -0.02526199072599411
v 0.01970594935119152 0.044999949634075165 0.013876969926059246
v 0.019032949581742287 0.044999949634075165 0.01224695984274149
v 0.02086097002029419 0.044999949634075165 0.013983960263431072
v 0.026040969416499138 0.044999949634075165 -0.002864955924451351
v 0.030998999252915382 0.044999949634075165 0.0074269771575927734
v 0.02565198950469494 0.044999949634075165 0.0135879497975111
v 0.0233609601855278 0.044999949634075165 0.013805979862809181
v 0.01852094940841198 0.04478197917342186 0.013001970015466213
v 0.03245197981595993 0.04471898078918457 0.010324000380933285
v 0.03222893923521042 0.04450196027755737 0.012413970194756985
v 0.028846969828009605 0.0448489710688591 0.013248980045318604
v 0.03162895888090134 0.04495399817824364 0.008683978579938412
v 0.028535960242152214 0.04488496854901314 0.013294990174472332
v -0.00833898689597845 0.04444795101881027 0.012353000231087208
v -0.006440997123718262 0.044263001531362534 0.013502949848771095
v -0.008320987224578857 0.04345798119902611 0.012449969537556171
v -0.00014199998986441642 0.044263001531362534 0.014959990046918392
v -0.002322970889508724 0.044263001531362534 0.014778969809412956
v -0.0044539570808410645 0.044263001531362534 0.014281979762017727
v -0.005432962905615568 0.043471988290548325 0.00842595100402832
v 0.0018079869914799929 0.044263001531362534 0.009874998591840267
v 0.005271971225738525 0.043471988290548325 0.008527994155883789
v 0.003619967959821224 0.04444795101881027 0.009419976733624935
v 0.005580960772931576 0.04426395148038864 0.0084189772605896
v -9.499999578110874e-05 0.044263001531362534 0.010038970038294792
v -0.001994966994971037 0.044263001531362534 0.009838998317718506
v -0.003797947894781828 0.04444795101881027 0.009349942207336426
v -0.005606948863714933 0.04444795101881027 0.008424997329711914
v -0.0021439790725708008 0.044999949634075165 0.010573980398476124
v -0.00010199999815085903 0.044999949634075165 0.010788969695568085
v -0.00013499999477062374 0.044999949634075165 0.014209980145096779
v 0.00194299197755754 0.044999949634075165 0.01061295997351408
v 0.009057997725903988 0.044999949634075165 0.014296939596533775
v -0.008127987384796143 0.044999949634075165 0.0115199601277709
v -0.007716952823102474 0.044999949634075165 0.009637950919568539
v -0.005097984801977873 0.044999949634075165 0.009489952586591244
v -0.003217994933947921 0.044999949634075165 0.013801990076899529
v -0.006117999088019133 0.044999949634075165 0.012825960293412209
v 0.005857944022864103 0.044999949634075165 0.009103952907025814
v 0.006457983981817961 0.04495095834136009 0.008857964538037777
v 0.007212996017187834 0.044999949634075165 0.009370981715619564
v 0.0038709640502929688 0.044999949634075165 0.01007097028195858
v 0.010059949941933155 0.044999949634075165 0.012302990071475506
v 0.009958981536328793 0.044999949634075165 0.013752990402281284
v 0.003190994029864669 0.043471988290548325 -0.00950395967811346
v -0.004182993900030851 0.044263001531362534 -0.009125947020947933
v -0.007208942901343107 0.043471988290548325 -0.006967960856854916
v -0.005827962886542082 0.04444795101881027 -0.00823897123336792
v -0.007480978034436703 0.04426395148038864 -0.006785987876355648
v -0.0023789999540895224 0.044263001531362534 -0.009753941558301449
v -0.0004889999981969595 0.044263001531362534 -0.010027999989688396
v 0.0013799660373479128 0.04444795101881027 -0.009996949695050716
v 0.0033609860111027956 0.04444795101881027 -0.009545980952680111
v 0.0014749759575352073 0.044999949634075165 -0.010687939822673798
v -0.0005249999812804163 0.044999949634075165 -0.010776990093290806
v 0.00797796156257391 0.044999949634075165 -0.020321959629654884
v -0.0025569789577275515 0.044999949634075165 -0.010481949895620346
v -0.01073496975004673 0.044999949634075165 -0.010390990413725376
v -0.00536298705264926 0.044999949634075165 -0.009307979606091976
v 0.00461196806281805 0.04479295015335083 -0.009987950325012207
v 0.0034249420277774334 0.044999949634075165 -0.010230950079858303
v 0.004889965057373047 0.044999949634075165 -0.010766980238258839
v 0.009631991386413574 0.044999949634075165 -0.018568990752100945
v -0.00801998283714056 0.044999949634075165 -0.007350980769842863
v -0.00995397474616766 0.044999949634075165 -0.007725954055786133
v -0.011266940273344517 0.044999949634075165 -0.009482978843152523
v 0.008593975566327572 0.044999949634075165 -0.020468950271606445
v 0.009902000427246094 0.04495298117399216 -0.01940298080444336
v -0.011085979640483856 0.044263001531362534 -0.011052959598600864
v 0.007626949809491634 0.044263001531362534 -0.020984940230846405
v 0.0151169802993536 0.044263001531362534 -0.016431979835033417
v 0.014872959814965725 0.044263001531362534 0.009333968162536621
v 0.009283958934247494 0.04444795101881027 0.0039559598080813885
v 0.008424997329711914 0.04444795101881027 0.005606948863714933
v 0.00842595100402832 0.043471988290548325 0.005432962905615568
v 0.009765981696546078 0.044263001531362534 0.0023269650992006063
v 0.008979976177215576 0.044263001531362534 -0.004489957820624113
v 0.006967960856854916 0.043471988290548325 -0.007208942901343107
v 0.00813895370811224 0.04444795101881027 -0.0059659481048583984
v 0.006785987876355648 0.04426395148038864 -0.007480978034436703
v 0.009621976874768734 0.044263001531362534 -0.002863943111151457
v 0.00997298862785101 0.044263001531362534 -0.001150964992120862
v 0.010021979920566082 0.044263001531362534 0.0005970000056549907
v 0.00945496466010809 0.044999949634075165 0.00518298102542758
v 0.010632989928126335 0.044999949634075165 0.0015709990402683616
v 0.014122960157692432 0.044999949634075165 0.0093269944190979
v 0.01071797963231802 0.044999949634075165 -0.001236974960193038
v 0.014366979710757732 0.044999949634075165 -0.016438959166407585
v 0.00999599602073431 0.044999949634075165 -0.003950953017920256
v 0.009112954139709473 0.044999949634075165 0.007217943202704191
v 0.011980949901044369 0.044999949634075165 0.010190960019826889
v 0.01338696014136076 0.044999949634075165 0.010225949808955193
v 0.007023990154266357 0.04495095834136009 -0.008286952041089535
v 0.007306993007659912 0.044999949634075165 -0.00929796602576971
v 0.0075049991719424725 0.044999949634075165 -0.007750988006591797
v 0.008701980113983154 0.044999949634075165 -0.006378948222845793
v 0.012276940047740936 0.044999949634075165 -0.017319969832897186
v 0.014172970317304134 0.04495298117399216 -0.017293980345129967
v 0.1147959977388382 0.02349597029387951 -0.053963951766490936
v 0.11253400146961212 0.02364598959684372 -0.05120693892240524
v 0.11260700225830078 0.02446299046278 -0.053240951150655746
v 0.1111069992184639 0.024351950734853745 -0.0509139783680439
v 0.1202709972858429 0.00971299409866333 -0.028869979083538055
v 0.11991599947214127 0.010344980284571648 -0.029876939952373505
v 0.12222400307655334 0.009200990200042725 -0.03034495934844017
v 0.04854995012283325 0.03534197062253952 0.009195983409881592
v 0.047914981842041016 0.03613698109984398 0.008188962005078793
v 0.11918999999761581 0.010559969581663609 -0.029387950897216797
v 0.11688700318336487 0.02222095988690853 -0.05382496118545532
v 0.1140189990401268 0.022771000862121582 -0.05117899179458618
v 0.11001600325107574 0.024801960214972496 -0.05047595128417015
v 0.07931195944547653 0.0363609716296196 -0.035568948835134506
v 0.07985299080610275 0.035535991191864014 -0.03436100110411644
v 0.07755696028470993 0.0363609716296196 -0.0331539511680603
v 0.11856289952993393 0.0208320003002882 -0.052843980491161346
v 0.1154709979891777 0.021773990243673325 -0.05081694945693016
v 0.11956900358200073 0.019539950415492058 -0.0511699914932251
v 0.11884590238332748 0.018620960414409637 -0.04799795150756836
v 0.11795099824666977 0.019639959558844566 -0.04917997121810913
v 0.11680600047111511 0.02071099914610386 -0.05013895034790039
v 0.1236409991979599 0.009221971035003662 -0.03234595060348511
v 0.1223670020699501 0.01032697968184948 -0.033209968358278275
v 0.1243090033531189 0.009772956371307373 -0.03457098826766014
v 0.12269700318574905 0.01121698971837759 -0.0357699915766716
v 0.12412499636411667 0.010770970024168491 -0.036681950092315674
v 0.12243600189685822 0.01202796958386898 -0.03733199089765549
v 0.1222430020570755 0.012395969592034817 -0.03793596848845482
v 0.12084200233221054 0.015059939585626125 -0.04231493920087814
v 0.11945399641990662 0.017697980627417564 -0.0466499887406826
v 0.07441800087690353 0.03796695917844772 -0.03305995091795921
v 0.07221698015928268 0.03811299055814743 -0.030462980270385742
v 0.06943296641111374 0.03930497169494629 -0.03068697080016136
v 0.06314896792173386 0.04047900065779686 -0.027116000652313232
v 0.06038397178053856 0.041067950427532196 -0.02667498029768467
v 0.06300497055053711 0.040790971368551254 -0.02856397069990635
v 0.05951397866010666 0.04141794890165329 -0.02809596061706543
v 0.06860697269439697 0.039110951125621796 -0.028806980699300766
v 0.06884700059890747 0.03946297988295555 -0.03040795959532261
v 0.0659719705581665 0.040141988545656204 -0.029307959601283073
v 0.066321961581707 0.03970795124769211 -0.02792798914015293
v 0.055826958268880844 0.04185295104980469 -0.02797394059598446
v 0.055777959525585175 0.041754961013793945 -0.026443000882864
v 0.05215698108077049 0.04198699817061424 -0.026454979553818703
v 0.05794893950223923 0.04145997017621994 -0.026514939963817596
v -0.014424970373511314 0.046999990940093994 -0.0051939478144049644
v -0.0144729595631361 0.046999990940093994 -0.00013699999544769526
v -0.00035999997635371983 0.046999990940093994 -0.007753967773169279
v -0.006244956981390715 0.046999990940093994 -0.0008899999666027725
v -0.006252944003790617 0.046999990940093994 -0.0011719459434971213
v -0.011251980438828468 0.046999990940093994 -0.010413999669253826
v -0.012534970417618752 0.046999990940093994 -0.00946497917175293
v -0.00039000000106170774 0.046999990940093994 -0.00812899973243475
v -0.00016999999934341758 0.046999990940093994 -0.008434951305389404
v 0.015764949843287468 0.046999990940093994 -0.024752970784902573
v 0.0002049999893642962 0.046999990940093994 -0.008464992046356201
v 0.017232950776815414 0.046999990940093994 -0.02541898936033249
v 0.0005109999910928309 0.046999990940093994 -0.008245944045484066
v 0.018772950395941734 0.046999990940093994 -0.02589797042310238
v 0.020359989255666733 0.046999990940093994 -0.026181990280747414
v 0.04337697848677635 0.046999990940093994 -0.008333981037139893
v 0.044502969831228256 0.046999990940093994 -0.0098569979891181
v 0.02196997031569481 0.046999990940093994 -0.02626699022948742
v -0.014172970317304134 0.046999990940093994 -0.006768940947949886
v 0.04789596050977707 0.046999990940093994 -0.014922969974577427
v 0.04866898059844971 0.046999990940093994 -0.01607595942914486
v 0.051586978137493134 0.046999990940093994 -0.020977970212697983
v 0.03797096014022827 0.046999990940093994 -0.0011549589689821005
v 0.039122991263866425 0.046999990940093994 -0.002586960094049573
v 0.0005760000203736126 0.046999990940093994 -0.007994948886334896
v 0.053911980241537094 0.046999990940093994 -0.025464950129389763
v 0.054143961519002914 0.046999990940093994 -0.025961989536881447
v -0.0012849560007452965 0.046999990940093994 -0.006018995773047209
v -0.0010829559760168195 0.046999990940093994 -0.006214975845068693
v 9.000000318337698e-06 0.046999990940093994 -0.007549941074103117
v -0.000818000000435859 0.046999990940093994 -0.006308971904218197
v 0.0009379999828524888 0.046999990940093994 -0.006292997859418392
v -0.005694984924048185 0.046999990940093994 -0.0028359880670905113
v -0.0055189719423651695 0.046999990940093994 -0.0030559890437871218
v -0.005267976783216 0.046999990940093994 -0.003181993030011654
v -0.004986940883100033 0.046999990940093994 -0.0031929609831422567
v -0.013555999845266342 0.046999990940093994 -0.008239983581006527
v -0.012602980248630047 0.046999990940093994 0.007117986213415861
v -0.005903958808630705 0.046999990940093994 -0.00045999998110346496
v -0.013423969969153404 0.046999990940093994 0.005411982070654631
v -0.006120978854596615 0.046999990940093994 -0.0006379999686032534
v -0.014014950022101402 0.046999990940093994 0.0036129949148744345
v -0.014366979710757732 0.046999990940093994 0.0017529720207676291
v 0.000505999953020364 0.046999990940093994 -0.007745981216430664
v 0.001200973056256771 0.046999990940093994 -0.006192982196807861
v 0.0013989800354465842 0.046999990940093994 -0.00599294900894165
v 0.0014959570253267884 0.046999990940093994 -0.00572997285053134
v 0.0050469632260501385 0.046999990940093994 -0.0030979509465396404
v 0.0014749759575352073 0.046999990940093994 -0.0054489970207214355
v 0.004505991004407406 0.046999990940093994 0.0038419959601014853
v 0.005637942813336849 0.046999990940093994 -0.0002809999859891832
v 0.004327951930463314 0.046999990940093994 0.0036239619366824627
v 0.002157985931262374 0.046999990940093994 0.005514978896826506
v -0.0022619960363954306 0.046999990940093994 0.005472958087921143
v -0.0056649441830813885 0.046999990940093994 0.013318950310349464
v -0.00013699999544769526 0.046999990940093994 0.0144729595631361
v 0.0023909800220280886 0.046999990940093994 0.005670963786542416
v -0.0020249478984624147 0.046999990940093994 0.014330980367958546
v -0.0038779969327151775 0.046999990940093994 0.013943970203399658
v -0.0014589419588446617 0.046999990940093994 -0.004764974117279053
v -0.0013439649483188987 0.046999990940093994 -0.00511199189350009
v -0.0016969440039247274 0.046999990940093994 -0.004487990867346525
v -0.0013709659688174725 0.046999990940093994 -0.005475996993482113
v 0.005326985847204924 0.046999990940093994 -0.0030819769017398357
v 0.005575953982770443 0.046999990940093994 -0.002950965892523527
v -0.004390954039990902 0.046999990940093994 -0.0029419660568237305
v -0.004025994800031185 0.046999990940093994 -0.002936959033831954
v -0.004726945888251066 0.046999990940093994 -0.003086983924731612
v -0.001386999967508018 0.046999990940093994 -0.005756974220275879
v -0.004726945888251066 0.046999990940093994 -0.003086983924731612
v 0.00574797298759222 0.046999990940093994 -0.002727984916418791
v 0.006273983977735043 0.046999990940093994 -0.0010529749561101198
v 0.03170197829604149 0.046999990940093994 0.006560980807989836
v 0.006260991096496582 0.046999990940093994 -0.0007719999994151294
v 0.006131947040557861 0.046999990940093994 -0.0005219999584369361
v 0.013726940378546715 0.046999990940093994 0.014603969641029835
v 0.0029399991035461426 0.046999990940093994 0.005641995929181576
v 0.0026689760852605104 0.046999990940093994 0.00571596622467041
v 0.0325469896197319 0.046999990940093994 0.005582987796515226
v 0.004010974895209074 0.046999990940093994 0.002632975112646818
v 0.004091978073120117 0.046999990940093994 0.0033449530601501465
v 0.004786968231201172 0.046999990940093994 0.00031800000579096377
v 0.004982947837561369 0.046999990940093994 9.000000318337698e-06
v 0.005637942813336849 0.046999990940093994 -0.0002809999859891832
v 0.005281983874738216 0.046999990940093994 -0.00020099998801015317
v 0.004576981067657471 0.046999990940093994 0.004113972187042236
v 0.024955980479717255 0.046999990940093994 0.01436799019575119
v 0.004528998862951994 0.046999990940093994 0.004390954039990902
v 0.004369974136352539 0.046999990940093994 0.004622994922101498
v -0.0024979710578918457 0.046999990940093994 0.005624949000775814
v -0.002776979934424162 0.046999990940093994 0.005663990043103695
v -0.007354973815381527 0.046999990940093994 0.012465950101613998
v -0.0030469889752566814 0.046999990940093994 0.0055849552154541016
v -0.008918999694287777 0.046999990940093994 0.011398970149457455
v -0.004456995986402035 0.046999990940093994 0.004539966117590666
v -0.010330970399081707 0.046999990940093994 0.010136960074305534
v -0.011565979570150375 0.046999990940093994 0.008701980113983154
v -0.00461196806281805 0.046999990940093994 0.004304945003241301
v -0.004653989803045988 0.046999990940093994 0.004026948940008879
v -0.004577993880957365 0.046999990940093994 0.0037559859920293093
v -0.004792987834662199 0.046999990940093994 0.00022699999681208283
v -0.0056319828145205975 0.046999990940093994 -0.00038800001493655145
v -0.004059969913214445 0.046999990940093994 0.0025569789577275515
v -0.004395960830152035 0.046999990940093994 0.003541945945471525
v -0.004036962054669857 0.046999990940093994 0.0029209849890321493
v -0.004154980182647705 0.046999990940093994 0.003266989951953292
v 0.12033099681138992 0.024073949083685875 -0.04405999183654785
v 0.11922600120306015 0.025807969272136688 -0.04758094996213913
v 0.11684100329875946 0.027157960459589958 -0.0485229417681694
v 0.115215003490448 0.02813499979674816 -0.049753960222005844
v 0.1174200028181076 0.027102939784526825 -0.04959797114133835
v 0.11877100169658661 0.026245949789881706 -0.048520978540182114
v 0.11442600190639496 0.028441959992051125 -0.04947894066572189
v 0.07469499111175537 0.042639970779418945 -0.028390999883413315
v 0.07378499954938889 0.04231296852231026 -0.02460199035704136
v 0.07436895370483398 0.04275697097182274 -0.028220949694514275
v 0.07379996031522751 0.04234497994184494 -0.024800950661301613
v 0.074039988219738 0.0428769513964653 -0.028056969866156578
v 0.07320498675107956 0.04177600145339966 -0.021345969289541245
v 0.07316899299621582 0.04174298048019409 -0.021142950281500816
v 0.07244700193405151 0.04132895916700363 -0.018571969121694565
v 0.12156499922275543 0.022136980667710304 -0.04012595862150192
v 0.07227896898984909 0.04123299941420555 -0.017973000183701515
v 0.072223961353302 0.041200991719961166 -0.01777797006070614
v 0.12286300212144852 0.01918094977736473 -0.03600895032286644
v 0.07103198021650314 0.04072194918990135 -0.014643959701061249
v 0.0709030032157898 0.04066997021436691 -0.014304989948868752
v 0.06947296112775803 0.04025094956159592 -0.011331969872117043
v 0.06911998242139816 0.04014796018600464 -0.01059895008802414
v 0.06762295216321945 0.03982298821210861 -0.00801998283714056
v 0.06547998636960983 0.039446938782930374 -0.004700957797467709
v 0.06428498029708862 0.03925799950957298 -0.002937972079962492
v 0.1212640032172203 0.015282980166375637 -0.027736959978938103
v 0.1230589970946312 0.015531949698925018 -0.02990299090743065
v 0.123710997402668 0.015392949804663658 -0.03038400039076805
v 0.12403599917888641 0.01597595028579235 -0.03156596049666405
v 0.12239400297403336 0.01504897978156805 -0.028562959283590317
v 0.06698399037122726 0.039684951305389404 -0.0069189658388495445
v 0.06626199930906296 0.03957097977399826 -0.005853950046002865
v 0.12391600012779236 0.016780970618128777 -0.03266596049070358
v 0.12404300272464752 0.01618598960340023 -0.03188794106245041
v 0.06306195259094238 0.03912198171019554 -0.0013599989470094442
v 0.061010949313640594 0.038893990218639374 0.001285969978198409
v 0.06037700176239014 0.038848988711833954 0.0020149939227849245
v 0.05741798132658005 0.03863697871565819 0.0054169888608157635
v 0.05720597133040428 0.03862094134092331 0.005660951137542725
v 0.05611199140548706 0.038567960262298584 0.0068429699167609215
v 0.02013099007308483 0.045017000287771225 -0.028168970718979836
v 0.02198898047208786 0.045017000287771225 -0.028266960754990578
v 0.018298979848623276 0.045017000287771225 -0.02784097008407116
v 0.014826949685811996 0.045017000287771225 -0.026519950479269028
v 0.016521990299224854 0.045017000287771225 -0.027287960052490234
v -0.012189979664981365 0.045017000287771225 -0.012179969809949398
v -0.014419970102608204 0.045017000287771225 -0.010424969717860222
v -0.013382970355451107 0.045017000287771225 -0.011402959935367107
v -0.01642495021224022 0.045017000287771225 -0.005212962161749601
v -0.016283979639410973 0.045017000287771225 -0.006629942916333675
v -0.01589399017393589 0.045017000287771225 -0.007999955676496029
v -0.015264979563653469 0.045017000287771225 -0.009278953075408936
v -0.016472989693284035 0.045017000287771225 -0.000155999994603917
v -0.016351990401744843 0.045017000287771225 0.001994966994971037
v -0.015951989218592644 0.045017000287771225 0.00411295797675848
v -0.015278990380465984 0.045017000287771225 0.006159961223602295
v -0.014343970455229282 0.045017000287771225 0.008100985549390316
v -0.013163980096578598 0.045017000287771225 0.009903967380523682
v -0.011757959611713886 0.045017000287771225 0.011537959799170494
v -0.010151980444788933 0.045017000287771225 0.012973959557712078
v -0.008371949195861816 0.045017000287771225 0.014187989756464958
v -0.006447969935834408 0.045017000287771225 0.015158950351178646
v -0.00441396189853549 0.045017000287771225 0.01587098091840744
v -0.002304970985278487 0.045017000287771225 0.016311999410390854
v -0.000155999994603917 0.045017000287771225 0.016472989693284035
v 0.013707989826798439 0.045017000287771225 0.016604000702500343
v 0.054162971675395966 0.045017000287771225 -0.027961960062384605
v 0.057237979024648666 0.04490095004439354 -0.02793394960463047
v 0.06081198900938034 0.04447995871305466 -0.027902960777282715
v 0.12075600028038025 0.012931999750435352 -0.027109980583190918
v 0.05560499057173729 0.036213990300893784 0.007467985153198242
v 0.052276961505413055 0.037367988377809525 0.00921398401260376
v 0.07337599247694016 0.04184997081756592 -0.03034394048154354
v 0.11310800164937973 0.027651960030198097 -0.05143195018172264
v 0.12481699883937836 0.015355999581515789 -0.03417598828673363
v 0.1225380003452301 0.020535999909043312 -0.041382960975170135
v 0.12028300017118454 0.02408199943602085 -0.04859399050474167
v 0.06397300213575363 0.04406797140836716 -0.02799396961927414
v 0.07306396216154099 0.04193997010588646 -0.03019499033689499
v 0.06705795973539352 0.04348599165678024 -0.028357980772852898
v 0.06777697056531906 0.04331593960523605 -0.02852296084165573
v 0.07000899314880371 0.04278897866606712 -0.02903698943555355
v 0.07275097817182541 0.04203199967741966 -0.030049970373511314
v 0.04532396048307419 0.046866949647665024 -0.006433962844312191
v 0.03976093977689743 0.046862948685884476 0.0007280000136233866
v 0.06411998718976974 0.04552894085645676 -0.02304399013519287
v 0.06302999705076218 0.04539399966597557 -0.020132949575781822
v 0.06515096873044968 0.044494979083538055 -0.01867895945906639
v 0.06167798861861229 0.045267991721630096 -0.017138950526714325
v 0.06006395071744919 0.04515295848250389 -0.014057990163564682
v 0.062102969735860825 0.04411900043487549 -0.012430960312485695
v 0.0647529885172844 0.0457039400935173 -0.025826990604400635
v 0.06173396110534668 0.04630899056792259 -0.025765949860215187
v 0.06193000078201294 0.046173978596925735 -0.024403980001807213
v 0.028535960242152214 0.04681098088622093 0.014328950084745884
v 0.03119896911084652 0.046417951583862305 0.014183989726006985
v 0.03491497039794922 0.04644595831632614 0.010174980387091637
v 0.05602794140577316 0.040480971336364746 0.004053949844092131
v 0.05273699015378952 0.039786990731954575 0.00854098703712225
v 0.04575299844145775 0.04228895157575607 0.0114359799772501
v 0.0466189906001091 0.04197698086500168 0.011105949990451336
v 0.04812699183821678 0.04200093820691109 0.009566961787641048
v 0.048794981092214584 0.04119199141860008 0.010275949724018574
v 0.05448298901319504 0.04214894026517868 0.0025389790534973145
v 0.04983197897672653 0.04081796854734421 0.009879945777356625
v 0.05124294012784958 0.04031699150800705 0.009229958057403564
v 0.032216958701610565 0.046267978847026825 0.014128980226814747
v 0.03467797860503197 0.04570996016263962 0.01386099960654974
v 0.036498960107564926 0.04573994129896164 0.011958950199186802
v 0.0367879793047905 0.04519199952483177 0.013592000119388103
v 0.03839296102523804 0.04472196102142334 0.013298979960381985
v 0.027957970276474953 0.046840958297252655 0.014334970153868198
v 0.033308979123830795 0.046863969415426254 0.008365987800061703
v 0.05367099866271019 0.046885959804058075 -0.019158000126481056
v 0.05644398182630539 0.04690098017454147 -0.024647949263453484
v 0.05736798048019409 0.04687594994902611 -0.025863999500870705
v 0.054551951587200165 0.04698394984006882 -0.025949949398636818
v 0.06994301080703735 0.04426198825240135 -0.026649950072169304
v 0.06973201036453247 0.044326961040496826 -0.026600949466228485
v 0.06920897215604782 0.044023990631103516 -0.02354395017027855
v 0.06786798685789108 0.04490095004439354 -0.0261679794639349
v 0.06710296124219894 0.044927000999450684 -0.0246999803930521
v 0.07106500118970871 0.04391597956418991 -0.02690993994474411
v 0.04996597021818161 0.046875 -0.013076960109174252
v 0.05971597880125046 0.04659795016050339 -0.02579795941710472
v 0.06085997074842453 0.04609799012541771 -0.02162097953259945
v 0.05865800008177757 0.04660098999738693 -0.023129990324378014
v 0.05953698977828026 0.04602795094251633 -0.01873099058866501
v 0.055824991315603256 0.04654097184538841 -0.017438940703868866
v 0.06376296281814575 0.044298939406871796 -0.015587979927659035
v 0.06151895970106125 0.0408659502863884 -0.0027449720073491335
v 0.05605696886777878 0.04495799168944359 -0.007629990112036467
v 0.0579800009727478 0.0438159704208374 -0.005909978877753019
v 0.06017500162124634 0.04395699128508568 -0.009205996058881283
v 0.059807948768138885 0.042445000261068344 -0.004274963866919279
v 0.06207095831632614 0.0426439605653286 -0.0075979819521307945
v 0.06385695189237595 0.041128989309072495 -0.006083964835852385
v 0.06405997276306152 0.04287296161055565 -0.010868960060179234
v 0.06577301025390625 0.04312895983457565 -0.014091960154473782
v 0.06591498106718063 0.041431959718465805 -0.009388983249664307
v 0.06768994778394699 0.041771940886974335 -0.012665979564189911
v 0.0662660002708435 0.044704969972372055 -0.021710989996790886
v 0.06720495223999023 0.04340796917676926 -0.017271989956498146
v 0.06835197657346725 0.0437079593539238 -0.020414939150214195
v 0.06917399168014526 0.04214495047926903 -0.015921950340270996
v 0.043297939002513885 0.04573899134993553 0.004463970195502043
v 0.04500197991728783 0.04475098103284836 0.006263970863074064
v 0.05102597922086716 0.044820960611104965 -0.0008479999378323555
v 0.04662096127867699 0.043496958911418915 0.007975994609296322
v 0.05280797928571701 0.043604958802461624 0.0008970000199042261
v 0.05890797823667526 0.040648989379405975 0.0006339999963529408
v 0.05727696046233177 0.04227900132536888 -0.0008959999540820718
v 0.041588958352804184 0.043733950704336166 0.012645949609577656
v 0.04235595092177391 0.043467991054058075 0.012422969564795494
v 0.04725395888090134 0.04646097868680954 -0.004542945884168148
v 0.052022989839315414 0.04649394005537033 -0.01123696006834507
v 0.05406194180250168 0.04585396870970726 -0.00941395666450262
v 0.05796295031905174 0.04596297815442085 -0.01573299989104271
v 0.041539959609508514 0.04644494876265526 0.0026069870218634605
v 0.04916495084762573 0.04577796906232834 -0.0026709430385380983
v 0.04530400037765503 0.03992997854948044 0.012389950454235077
v 0.049369990825653076 0.038428958505392075 0.010666959919035435
v 0.03701198101043701 0.042721979320049286 0.014842979609966278
v 0.041176971048116684 0.04139595851302147 0.013780949637293816
v 0.04504400119185448 0.040021948516368866 0.01247697975486517
v 0.03569095954298973 0.04309498891234398 0.015113940462470055
v 0.03201394900679588 0.043973978608846664 0.01571696065366268
v 0.02847098931670189 0.044550951570272446 0.016112979501485825
v 0.02695298008620739 0.04465800151228905 0.01621996983885765
v 0.02505999058485031 0.04479295015335083 0.01635395921766758
v 0.12496200203895569 0.014172970317304134 -0.03237998113036156
v 0.1250080019235611 0.014548949897289276 -0.03301696851849556
v 0.12437500059604645 0.01327896025031805 -0.03051297925412655
v 0.12476000189781189 0.01363897044211626 -0.03137600049376488
v 0.12347500026226044 0.012846940197050571 -0.02913695015013218
v 0.12391600012779236 0.012988979928195477 -0.029701940715312958
v 0.1227400004863739 0.012759979814291 -0.028423959389328957
v 0.12249399721622467 0.012730949558317661 -0.02818595990538597
v 0.12198200076818466 0.01274596992880106 -0.027803000062704086
v 0.11352899670600891 0.027550989761948586 -0.05160396918654442
v 0.11484400182962418 0.027171960100531578 -0.05193096026778221
v 0.1153390035033226 0.02700597047805786 -0.05197298154234886
v 0.11659999936819077 0.02652096003293991 -0.05188196152448654
v 0.11728300154209137 0.026207979768514633 -0.05167394131422043
v 0.11819799989461899 0.02574699930846691 -0.05127096176147461
v 0.1186320036649704 0.025492960587143898 -0.05097496137022972
v 0.11920800060033798 0.025092950090765953 -0.05040197819471359
v 0.11948700249195099 0.024899950250983238 -0.05012594908475876
v 0.11977200210094452 0.024655990302562714 -0.04971497878432274
v 0.01370995957404375 0.045776959508657455 0.01644694060087204
v -0.00015299998631235212 0.04600995033979416 0.016198990866541862
v 0.013710970059037209 0.04599099978804588 0.01630299910902977
v 0.013713950291275978 0.04641997069120407 0.016011949628591537
v -0.00014699999883305281 0.04673498123884201 0.015468000434339046
v 0.013719970360398293 0.046848949044942856 0.01536594983190298
v 0.01371794007718563 0.046706970781087875 0.015580950304865837
v 0.02499794028699398 0.04682695120573044 0.015179989859461784
v 0.02503298968076706 0.046338971704244614 0.015850959345698357
v 0.025054989382624626 0.04561996087431908 0.016266999766230583
v -0.0022669429890811443 0.04600995033979416 0.01604098081588745
v -0.0021639459300786257 0.04673498123884201 0.015316960401833057
v -0.004144966136664152 0.04673498123884201 0.014902940019965172
v -0.006054996978491545 0.04673498123884201 0.014233940280973911
v -0.007860957644879818 0.04673498123884201 0.01332199014723301
v -0.00953298807144165 0.04673498123884201 0.012181989848613739
v -0.011040979996323586 0.04673498123884201 0.01083397027105093
v -0.012360990047454834 0.04673498123884201 0.009299992583692074
v -0.013468979857861996 0.04673498123884201 0.007606983184814453
v -0.014346949756145477 0.04673498123884201 0.005783975124359131
v -0.014979000203311443 0.04673498123884201 0.003861963050439954
v -0.015354990027844906 0.04673498123884201 0.0018739700317382812
v -0.015468000434339046 0.04673498123884201 -0.00014699999883305281
v -0.0043409462086856365 0.04600995033979416 0.015607950277626514
v -0.006340980064123869 0.04600995033979416 0.01490699965506792
v -0.008232951164245605 0.04600995033979416 0.013951949775218964
v -0.0099829426035285 0.04600995033979416 0.012757950462400913
v -0.01156300026923418 0.04600995033979416 0.011345979757606983
v -0.012944989837706089 0.04600995033979416 0.009739995002746582
v -0.014105970039963722 0.04600995033979416 0.007966995239257812
v -0.015024960041046143 0.04600995033979416 0.006056963931769133
v -0.01568697951734066 0.04600995033979416 0.00404399586841464
v -0.01608096994459629 0.04600995033979416 0.0019619460217654705
v -0.016198990866541862 0.04600995033979416 -0.00015299998631235212
v 0.02854298986494541 0.04534399136900902 0.01605897955596447
v 0.052775971591472626 0.03906195983290672 0.00908499862998724
v 0.052796948701143265 0.039269980043172836 0.008991955779492855
v 0.04988199099898338 0.040325991809368134 0.010361960157752037
v 0.05261296033859253 0.038203950971364975 0.00932395365089178
v 0.05273300036787987 0.03864394873380661 0.009272991679608822
v 0.049813978374004364 0.03971397131681442 0.010673989541828632
v 0.04963593930006027 0.039055999368429184 0.010779970325529575
v 0.05255299061536789 0.03798395022749901 0.009349942207336426
v 0.04579298943281174 0.04183297976851463 0.011963959783315659
v 0.04555397853255272 0.0405769906938076 0.012471970170736313
v 0.04162495955824852 0.0433189794421196 0.013225969858467579
v 0.03739196062088013 0.044674988836050034 0.014147990383207798
v 0.03720897063612938 0.043430980294942856 0.01486200001090765
v 0.04140495881438255 0.04207098111510277 0.013831970281898975
v 0.036037981510162354 0.04505997151136398 0.014372999779880047
v 0.03225696086883545 0.04596995934844017 0.014837980270385742
v 0.0285789892077446 0.04657195881009102 0.015088969841599464
v 0.032146990299224854 0.04473197087645531 0.01569497026503086
v 0.03587096184492111 0.043816979974508286 0.015122950077056885
v 0.04572397097945213 0.04123895987868309 0.012323969975113869
v 0.041559990495443344 0.042739979922771454 0.01363897044211626
v 0.03734099119901657 0.044112980365753174 0.014619939960539341
v 0.035991959273815155 0.04450397938489914 0.014863960444927216
v 0.032231979072093964 0.04543197154998779 0.015386990271508694
v 0.028580959886312485 0.04605596885085106 0.01569795049726963
v -0.016150949522852898 0.04600995033979416 -0.005209981929510832
v -0.015419960021972656 0.04673498123884201 -0.005202949047088623
v 0.0561409518122673 0.037892989814281464 0.007354973815381527
v 0.05613398179411888 0.037858959287405014 0.0073659420013427734
v 0.05598098039627075 0.03709094971418381 0.007590949069708586
v 0.055953968316316605 0.03702497109770775 0.007583974860608578
v 0.055935971438884735 0.03697996959090233 0.0075789690017700195
v 0.05565797910094261 0.036309000104665756 0.007503985892981291
v -0.016014989465475082 0.04600995033979416 -0.006578980945050716
v -0.015125979669392109 0.04673498123884201 -0.0070409770123660564
v -0.014036949723958969 0.04673498123884201 -0.009257972240447998
v -0.012761949561536312 0.04673498123884201 -0.01061295997351408
v -0.01171898003667593 0.04673498123884201 -0.011292990297079086
v -0.015637990087270737 0.04600995033979416 -0.007901965640485287
v -0.015030980110168457 0.04600995033979416 -0.00913697388023138
v -0.014214989729225636 0.04600995033979416 -0.01024395041167736
v -0.0132139902561903 0.04600995033979416 -0.011187969706952572
v -0.0120619498193264 0.04600995033979416 -0.011938979849219322
v 0.12128999829292297 0.014608969911932945 -0.027233000844717026
v 0.12129200249910355 0.014573990367352962 -0.02720694988965988
v 0.12111099809408188 0.013734989799559116 -0.026982959359884262
v 0.12109299749135971 0.013694999739527702 -0.026988979429006577
v 0.014955990016460419 0.04600995033979416 -0.026277950033545494
v 0.01529895979911089 0.04673498123884201 -0.025631960481405258
v 0.12448400259017944 0.01645898073911667 -0.0331229493021965
v 0.12480100244283676 0.015957949683070183 -0.033653970807790756
v 0.12461499869823456 0.015639960765838623 -0.031992968171834946
v 0.12495200335979462 0.01505196001380682 -0.03236198052763939
v 0.12462799996137619 0.014218980446457863 -0.030803969129920006
v 0.12376199662685394 0.013673960231244564 -0.029234999790787697
v 0.12433400005102158 0.014898950234055519 -0.030621999874711037
v 0.12358400225639343 0.014433969743549824 -0.029231959953904152
v 0.12244900315999985 0.014342959970235825 -0.028010960668325424
v 0.12268099933862686 0.013516959734261036 -0.028056969866156578
v 0.1222200021147728 0.013538950122892857 -0.027682960033416748
v 0.016618959605693817 0.04600995033979416 -0.027032969519495964
v 0.016879970207810402 0.04673498123884201 -0.026348939165472984
v 0.01853697933256626 0.04673498123884201 -0.02686399035155773
v 0.0183639507740736 0.04600995033979416 -0.027574950829148293
v 0.020245959982275963 0.04673498123884201 -0.027170000597834587
v 0.020161980763077736 0.04600995033979416 -0.027897000312805176
v 0.02197694033384323 0.0468209907412529 -0.026939980685710907
v 0.021979980170726776 0.04673498123884201 -0.027261970564723015
v 0.021982960402965546 0.046372950077056885 -0.027626989409327507
v 0.021985940635204315 0.04600995033979416 -0.027992960065603256
v 0.021986959502100945 0.04568897932767868 -0.02808099053800106
v 0.12214700132608414 0.021773990243673325 -0.04052494838833809
v 0.12248899787664413 0.021210959181189537 -0.040966980159282684
v 0.1202009990811348 0.02480899915099144 -0.04828000068664551
v 0.11982890218496323 0.025416970252990723 -0.0479239784181118
v 0.05414998158812523 0.046863969415426254 -0.026647979393601418
v 0.05415099114179611 0.046848949044942856 -0.02672296017408371
v 0.05415695160627365 0.04641997069120407 -0.027369970455765724
v 0.0541609488427639 0.045776959508657455 -0.027804970741271973
v 0.054161958396434784 0.04570198059082031 -0.027819989249110222
v 0.11403799802064896 0.028532980009913445 -0.05027097091078758
v 0.11356800049543381 0.02825099043548107 -0.05096697062253952
v 0.114996999502182 0.02817499078810215 -0.05055898055434227
v 0.11395800113677979 0.028133980929851532 -0.051122959703207016
v 0.11539299786090851 0.027637949213385582 -0.051429979503154755
v 0.11699999868869781 0.026963939890265465 -0.05129497870802879
v 0.11844400316476822 0.026210960000753403 -0.050638969987630844
v 0.11701799929141998 0.027306970208883286 -0.050596948713064194
v 0.11828000098466873 0.026628969237208366 -0.0500219389796257
v 0.11927299946546555 0.02595197968184948 -0.04902796819806099
v 0.11957500129938126 0.025436989963054657 -0.049518998712301254
v 0.05736500024795532 0.04674594849348068 -0.026645949110388756
v 0.05733894929289818 0.04632300138473511 -0.02731597051024437
v 0.05729496106505394 0.04567395895719528 -0.02776896022260189
v 0.0610959492623806 0.04632598161697388 -0.02656196989119053
v 0.06093496084213257 0.04526298865675926 -0.027730999514460564
v 0.061035990715026855 0.04591399058699608 -0.027257969602942467
v 0.07430695742368698 0.04272997006773949 -0.02918297052383423
v 0.07383698225021362 0.042448990046978 -0.02987997978925705
v 0.07379399985074997 0.04291795939207077 -0.028809959068894386
v 0.07343696802854538 0.04280595853924751 -0.0292279701679945
v 0.07059299200773239 0.043771978467702866 -0.02822398953139782
v 0.07322894781827927 0.04255199059844017 -0.02967900037765503
v 0.07086098194122314 0.04396497830748558 -0.027591999620199203
v 0.06445497274398804 0.045705970376729965 -0.026575980708003044
v 0.0641549825668335 0.04478894919157028 -0.02776199020445347
v 0.06729400157928467 0.044137001037597656 -0.028078969568014145
v 0.06772898882627487 0.04489796981215477 -0.026901960372924805
v 0.06752896308898926 0.044631000608205795 -0.02756994031369686
v 0.06432396173477173 0.04536496847867966 -0.02726398967206478
v 0.0702970027923584 0.043362971395254135 -0.028726989403367043
v -0.004532991908490658 0.04079997166991234 0.004616974852979183
v -0.0047129979357123375 0.04079997166991234 0.004342973232269287
v -0.004761992953717709 0.04079997166991234 0.004019975196570158
v -0.004672944080084562 0.04079997166991234 0.003704965114593506
v -0.004461944103240967 0.04079997166991234 0.003455996047705412
v -0.0030979509465396404 0.04079997166991234 0.005679965019226074
v -0.002108990913257003 0.046999990940093994 0.0052359700202941895
v -0.0020079610403627157 0.04079997166991234 0.005273996852338314
v -0.0021849870681762695 0.04079997166991234 0.005548954010009766
v -0.002460956107825041 0.04079997166991234 0.005725978873670101
v -0.0027849669568240643 0.04079997166991234 0.00577199412509799
v -0.0019169440492987633 0.046999990940093994 0.0049259657971560955
v -0.0018379680113866925 0.04079997166991234 0.004999995231628418
v -0.0016209479654207826 0.046999990940093994 0.004711985122412443
v -0.0015759459929540753 0.04079997166991234 0.00481098797172308
v -0.0012649890268221498 0.046999990940093994 0.00462794303894043
v -0.0012609950499609113 0.04079997166991234 0.00473594618961215
v 0.0011769529664888978 0.046999990940093994 0.004650949966162443
v 0.0011709920363500714 0.04079997166991234 0.004758954048156738
v 0.0015309449518099427 0.046999990940093994 0.004741965793073177
v 0.0014839760260656476 0.04079997166991234 0.0048399558290839195
v 0.0018229479901492596 0.046999990940093994 0.004960954189300537
v 0.0017429590225219727 0.04079997166991234 0.005033968947827816
v 0.002009986899793148 0.046999990940093994 0.005274950992316008
v 0.001907943980768323 0.04079997166991234 0.0053109521977603436
v 0.002989947097375989 0.04079997166991234 0.005737959872931242
v 0.0026749959215521812 0.04079997166991234 0.005823968909680843
v 0.0023519990500062704 0.04079997166991234 0.00577199412509799
v 0.0020799629855901003 0.04079997166991234 0.005589962005615234
v 0.004444955848157406 0.04079997166991234 0.004701972007751465
v 0.004395960830152035 0.04079997166991234 0.0035399789921939373
v 0.004601954948157072 0.04079997166991234 0.003792941104620695
v 0.004684984218329191 0.04079997166991234 0.004109978210180998
v 0.004628955852240324 0.04079997166991234 0.004431962035596371
v 0.004186986945569515 0.04079997166991234 0.003292977111414075
v 0.00398099422454834 0.046999990940093994 0.0029969809111207724
v 0.004087984096258879 0.04079997166991234 0.002984941005706787
v 0.004114985000342131 0.04079997166991234 0.002662956016138196
v 0.004887998104095459 0.04079997166991234 0.0003569999826140702
v 0.005061984062194824 0.04079997166991234 8.399999205721542e-05
v 0.005325973033905029 0.04079997166991234 -0.00010199999815085903
v 0.0056409831158816814 0.04079997166991234 -0.00017299999308306724
v 0.006380974780768156 0.04079997166991234 -0.001070976024493575
v 0.00636595394462347 0.04079997166991234 -0.0007439999608322978
v 0.006215989124029875 0.04079997166991234 -0.00045299995690584183
v 0.005910992156714201 0.046999990940093994 -0.0003480000013951212
v 0.00595897389575839 0.04079997166991234 -0.00025099999038502574
v 0.005844950210303068 0.04079997166991234 -0.002773999935016036
v 0.004783987067639828 0.046999990940093994 -0.0029959669336676598
v 0.004724978934973478 0.04079997166991234 -0.003086983924731612
v 0.005029975902289152 0.04079997166991234 -0.003204941051080823
v 0.005355954170227051 0.04079997166991234 -0.0031859870068728924
v 0.005645989906042814 0.04079997166991234 -0.0030329818837344646
v 0.004445970058441162 0.046999990940093994 -0.002857983112335205
v 0.004425941966474056 0.04079997166991234 -0.002963959937915206
v 0.00408095121383667 0.046999990940093994 -0.002859950065612793
v 0.0041019911877810955 0.04079997166991234 -0.002965986030176282
v 0.003743946086615324 0.046999990940093994 -0.0030009739566594362
v 0.0038039679639041424 0.04079997166991234 -0.003090976970270276
v 0.0017819999484345317 0.046999990940093994 -0.004454969894140959
v 0.0018499490106478333 0.04079997166991234 -0.004538952838629484
v 0.0015489449724555016 0.046999990940093994 -0.00473594618961215
v 0.0016439550090581179 0.04079997166991234 -0.004787981044501066
v 0.0014409420546144247 0.046999990940093994 -0.005084990989416838
v 0.0015489449724555016 0.04079997166991234 -0.005096971057355404
v 0.001578985946252942 0.04079997166991234 -0.005417943000793457
v 0.0009539999882690609 0.04079997166991234 -0.006399989128112793
v 0.0012599820038303733 0.04079997166991234 -0.0062839980237185955
v 0.0014899959787726402 0.04079997166991234 -0.006051957141608
v 0.0016029470134526491 0.04079997166991234 -0.005744993221014738
v -0.0008319999324157834 0.04079997166991234 -0.006416975986212492
v -0.0014759890036657453 0.04079997166991234 -0.005446969997137785
v -0.0014939899556338787 0.04079997166991234 -0.005773961078375578
v -0.0013749590143561363 0.04079997166991234 -0.006078958045691252
v -0.0011399979703128338 0.04079997166991234 -0.006306945811957121
v -0.0014519690303131938 0.04079997166991234 -0.005124986171722412
v -0.0015529990196228027 0.04079997166991234 -0.004817962180823088
v -0.0017639989964663982 0.04079997166991234 -0.004572987090796232
v -0.0036859510000795126 0.046999990940093994 -0.0030709500424563885
v -0.0037449588999152184 0.04079997166991234 -0.0031619661021977663
v -0.004044950008392334 0.04079997166991234 -0.003042994998395443
v -0.004368959926068783 0.04079997166991234 -0.003047943115234375
v -0.00466495705768466 0.04079997166991234 -0.0031759729608893394
v -0.005791962146759033 0.04079997166991234 -0.002884984016418457
v -0.00558698084205389 0.04079997166991234 -0.003139971988275647
v -0.005294978152960539 0.04079997166991234 -0.0032869570422917604
v -0.004967987071722746 0.04079997166991234 -0.0032999510876834393
v -0.0063599939458072186 0.04079997166991234 -0.0011909600580111146
v -0.0056319828145205975 0.046999990940093994 -0.00038800001493655145
v -0.005636990070343018 0.04079997166991234 -0.0002799999783746898
v -0.005952953826636076 0.04079997166991234 -0.00036399997770786285
v -0.0062059760093688965 0.04079997166991234 -0.0005709999823011458
v -0.006349979899823666 0.04079997166991234 -0.0008640000014565885
v -0.005276978015899658 0.046999990940093994 -0.0003009999927598983
v -0.005322991870343685 0.04079997166991234 -0.00020299998868722469
v -0.004981994163244963 0.046999990940093994 -8.499999967170879e-05
v -0.005061984062194824 0.04079997166991234 -1.2000000424450263e-05
v -0.004893958102911711 0.04079997166991234 0.0002639999729581177
v -0.004164992831647396 0.04079997166991234 0.0025849929079413414
v -0.0041439528577029705 0.04079997166991234 0.0029069778975099325
v -0.0042489757761359215 0.04079997166991234 0.0032129879109561443
v -9.300000237999484e-05 0.046499960124492645 -0.008171974681317806
v 0.00033099998836405575 0.046499960124492645 -0.007848978042602539
v 0.07197397202253342 0.039692990481853485 -0.02967797964811325
v 0.06967300176620483 0.040483951568603516 -0.028600990772247314
v 0.0696679875254631 0.03921794146299362 -0.02861100062727928
v 0.07612097263336182 0.03816794976592064 -0.03171097859740257
v 0.04605495184659958 0.045749958604574203 -0.01580595038831234
v 0.04527996852993965 0.045749958604574203 -0.01456694956868887
v 0.04457895830273628 0.045749958604574203 -0.015768999233841896
v 0.044070951640605927 0.0456879697740078 -0.006285964976996183
v 0.045090969651937485 0.045749958604574203 -0.010692950338125229
v 0.04588698968291283 0.045548971742391586 -0.006309986114501953
v 0.04627196863293648 0.0457339808344841 -0.010797969996929169
v 0.047213971614837646 0.04559396952390671 -0.011195950210094452
v 0.04689896106719971 0.04569000005722046 -0.010165980085730553
v 0.04700100049376488 0.045385949313640594 -0.005981980822980404
v -0.014364000409841537 0.044263001531362534 0.004181981086730957
v -0.013622989878058434 0.044263001531362534 0.006183980964124203
v -0.01260398980230093 0.044263001531362534 0.00805896520614624
v -0.012604949995875359 0.04345798119902611 0.008083999156951904
v -0.014959990046918392 0.044263001531362534 -0.00014199998986441642
v -0.014819970354437828 0.044263001531362534 0.00204199505969882
v 0.009050965309143066 0.044263001531362534 0.015046950429677963
v -0.014915999956429005 0.044263001531362534 -0.004764974117279053
v -0.00950395967811346 0.043471988290548325 -0.003190994029864669
v -0.010034970007836819 0.044539980590343475 -0.0010659690015017986
v -0.009545980952680111 0.04444795101881027 -0.0033609860111027956
v -0.009692966006696224 0.044263001531362534 0.002614974044263363
v -0.008527994155883789 0.043471988290548325 0.005271971225738525
v -0.00926297903060913 0.04444795101881027 0.00400495482608676
v -0.0084189772605896 0.04426395148038864 0.005580960772931576
v -0.010033960454165936 0.044263001531362534 -0.0003389999910723418
v -0.00997298862785101 0.044263001531362534 0.001150964992120862
v -0.012338990345597267 0.044999949634075165 0.006866991054266691
v -0.01386099960654974 0.044999949634075165 0.0029559729155153036
v -0.010416979901492596 0.044999949634075165 0.0028099410701543093
v -0.010750940069556236 0.044999949634075165 0.0004360000020824373
v -0.014209980145096779 0.044999949634075165 -0.00013499999477062374
v -0.010417990386486053 0.044999949634075165 -0.002824961906298995
v -0.014165990054607391 0.044999949634075165 -0.004752993118017912
v -0.00950395967811346 0.044999949634075165 0.0050699710845947266
v -0.01159399002790451 0.044999949634075165 -0.005322991870343685
v -0.01377295982092619 0.04479597881436348 -0.006134985946118832
v -0.00980597734451294 0.044999949634075165 0.007497965823858976
v 0.019767990335822105 0.043856970965862274 -0.026599999517202377
v 0.027828989550471306 0.044999949634075165 -0.006721972953528166
v 0.03467994183301926 0.044999949634075165 -0.02149498090147972
v 0.03452198952436447 0.044999949634075165 -0.0047889938578009605
v 0.03443896025419235 0.044999949634075165 0.00330197811126709
v 0.03299498185515404 0.044999949634075165 0.005050957202911377
v 0.03448199853301048 0.044999949634075165 -0.0007489999406971037
v 0.027777960523962975 0.044999949634075165 -0.005868970882147551
v 0.034469958394765854 0.04484599083662033 0.0070729851722717285
v -0.006638944149017334 0.04079997166991234 -0.006765961181372404
v -0.003543972037732601 0.04079997166991234 -0.008790968917310238
v -0.008790968917310238 0.04079997166991234 0.003543972037732601
v -0.006765961181372404 0.04079997166991234 0.006638944149017334
v -0.003709970973432064 0.04079997166991234 0.008722960017621517
v -9.000000136438757e-05 0.04079997166991234 0.009478986263275146
v 0.003543972037732601 0.04079997166991234 0.008790968917310238
v 0.008722960017621517 0.04079997166991234 0.003709970973432064
v 0.009478986263275146 0.04079997166991234 9.000000136438757e-05
v 0.003709970973432064 0.04079997166991234 -0.008722960017621517
v 0.006765961181372404 0.04079997166991234 -0.006638944149017334
v 0.008790968917310238 0.04079997166991234 -0.003543972037732601
v -0.009478986263275146 0.04079997166991234 -9.000000136438757e-05
v 0.006638944149017334 0.04079997166991234 0.006765961181372404
v 9.000000136438757e-05 0.04079997166991234 -0.009478986263275146
v -0.008722960017621517 0.04079997166991234 -0.003709970973432064
v -0.011198990046977997 0.044263001531362534 -0.007584989070892334
v -0.009685993194580078 0.04386698827147484 -0.006656943820416927
v -0.01187795028090477 0.044263001531362534 -0.006441949866712093
v -0.010369949974119663 0.04386698827147484 -0.005532979033887386
v 0.010496970266103745 0.044263001531362534 0.011646980419754982
v 0.007749973796308041 0.04386698827147484 0.00883698370307684
v 0.008679986000061035 0.043471988290548325 0.007916986010968685
v 0.008696973323822021 0.044263001531362534 0.007914960384368896
v 0.011445989832282066 0.044263001531362534 0.010715959593653679
v 0.011407970450818539 0.044263001531362534 -0.01748996041715145
v 0.006665945053100586 0.044263001531362534 -0.009687960147857666
v 0.006648956798017025 0.043471988290548325 -0.009684978984296322
v 0.010272970423102379 0.044263001531362534 -0.01817994937300682
v 0.005536973010748625 0.043471988290548325 -0.01036094967275858
v 0.005529998801648617 0.044263001531362534 -0.01037800032645464
v -0.00883698370307684 0.04386698827147484 0.007749973796308041
v -0.009553967975080013 0.043860968202352524 0.00845098402351141
v -0.007778942119330168 0.04386800155043602 0.008592963218688965
v -0.00859898328781128 0.043859951198101044 0.009358941577374935
v 0.017727969214320183 0.044263001531362534 0.010120980441570282
v 0.024883979931473732 0.044263001531362534 -0.0053109521977603436
v 0.02536099962890148 0.044263001531362534 -0.003179966937750578
v 0.01835297979414463 0.044263001531362534 0.011931000277400017
v 0.018328959122300148 0.04340595006942749 0.011947980150580406
v 0.033466991037130356 0.044263001531362534 -0.023820990696549416
v 0.0266720000654459 0.044263001531362534 -0.009167969226837158
v 0.027148960158228874 0.044263001531362534 -0.007036983035504818
v 0.0339999683201313 0.044263001531362534 -0.02180998958647251
v 0.024870989844202995 0.044263001531362534 -0.007019996177405119
v 0.018013950437307358 0.044263001531362534 -0.021252980455756187
v 0.018285980448126793 0.044263001531362534 -0.02375096082687378
v 0.02531694993376732 0.044263001531362534 -0.009157954715192318
v 0.01826494000852108 0.04345095157623291 -0.02376198023557663
v 0.03340696915984154 0.042086001485586166 0.010608970187604427
v 0.03342700004577637 0.04387795180082321 0.010762980207800865
v 0.032264940440654755 0.04421894997358322 0.008322954177856445
v 0.031672000885009766 0.044263001531362534 0.007095992099493742
v 0.026716940104961395 0.044263001531362534 -0.0031899800524115562
v 0.03345197066664696 0.04410796985030174 0.007732986938208342
v 0.033833980560302734 0.043069951236248016 0.008481979370117188
v 0.03231595829129219 0.044263001531362534 0.00536996079608798
v 0.02716195024549961 0.044263001531362534 -0.005327999126166105
v 0.04684697836637497 0.045229971408843994 -0.00559198809787631
v 0.045374978333711624 0.04525797814130783 -0.005702971946448088
v 0.04737298935651779 0.0455399714410305 -0.010166999883949757
v 0.04403597116470337 0.04561698064208031 -0.01448094006627798
v 0.04553895816206932 0.04561698064208031 -0.014062999747693539
v 0.04665194824337959 0.04561698064208031 -0.015154950320720673
v 0.025525979697704315 0.044273968786001205 -0.00889599323272705
v 0.02599697932600975 0.04427998885512352 -0.008752942085266113
v 0.026465950533747673 0.044273968786001205 -0.008902966044843197
v 0.02650696039199829 0.044273968786001205 -0.0034519429318606853
v 0.026035960763692856 0.04427998885512352 -0.003594994079321623
v 0.025566989555954933 0.044273968786001205 -0.003444968955591321
v 0.03525197133421898 0.04429696872830391 -0.02194695919752121
v 0.034675948321819305 0.04430896043777466 -0.022222990170121193
v 0.03420596942305565 0.044287968426942825 -0.02207498997449875
v 0.017656980082392693 0.04429398849606514 -0.02158397063612938
v 0.017024990171194077 0.04430495947599411 -0.02158600091934204
v 0.01666598953306675 0.04428594931960106 -0.021256979554891586
v 0.034402959048748016 0.04309897869825363 0.008754967711865902
v 0.034971948713064194 0.043099988251924515 0.008483946323394775
v 0.01636998914182186 0.044287968426942825 0.010125990025699139
v 0.016730960458517075 0.04430896043777466 0.010461979545652866
v 0.017368970438838005 0.04429696872830391 0.01045995019376278
v 0.026984980329871178 0.04426395148038864 -0.006095944903790951
v 0.025047950446605682 0.04426395148038864 -0.006251989863812923
v 0.03364098072052002 0.044270988553762436 -0.024816980585455894
v 0.03254996985197067 0.044270988553762436 -0.026429949328303337
v 0.03330497816205025 0.044273968786001205 -0.02576695941388607
v 0.018293969333171844 0.04387294873595238 -0.025514960289001465
v 0.018864979967474937 0.04386895149946213 -0.02619498036801815
v 0.01809798926115036 0.04386800155043602 -0.024528980255126953
v 0.03294198960065842 0.042912960052490234 0.012919959612190723
v 0.033382948487997055 0.04292500019073486 0.012326950207352638
v 0.033577971160411835 0.042949970811605453 0.01151197962462902
v 0.0325779914855957 0.04395395144820213 0.013062950223684311
v 0.018512960523366928 0.043947990983724594 0.013872980140149593
v 0.018178990110754967 0.04385095089673996 0.01297598984092474
v 0.01918797940015793 0.04385197162628174 0.014513960108160973
v -0.007045983802527189 0.04387294873595238 0.008203983306884766
v -0.006215989124029875 0.04387294873595238 0.008147001266479492
v -0.008255957625806332 0.04387294873595238 0.006226955913007259
v -0.008383989334106445 0.04387294873595238 0.007048964034765959
v -0.009741961024701595 0.04387294873595238 -0.004906951915472746
v -0.00942695140838623 0.04387294873595238 -0.004018961917608976
v -0.008066952228546143 0.04387294873595238 -0.006468950770795345
v -0.00891798734664917 0.04396497830748558 -0.006417988799512386
v 0.010003980249166489 0.04427599161863327 0.014800960198044777
v 0.010719000361859798 0.04428296908736229 0.014135000295937061
v 0.010862939991056919 0.044272951781749725 0.0122639499604702
v 0.011027989909052849 0.04428194835782051 0.013214940205216408
v 0.012293989770114422 0.04427599161863327 0.011215980164706707
v 0.013269959948956966 0.04428296908736229 0.01125096995383501
v 0.014694980345666409 0.044272951781749725 0.010028949938714504
v 0.014138990081846714 0.04428194835782051 0.010818949900567532
v 0.014808950014412403 0.04446500167250633 -0.017407000064849854
v 0.014104959554970264 0.044474948197603226 -0.018121950328350067
v 0.013143950141966343 0.04429798945784569 -0.01844893954694271
v 0.012144980020821095 0.044284988194704056 -0.01819496974349022
v 0.01056199986487627 0.044284988194704056 -0.019171949476003647
v 0.010266950353980064 0.044474948197603226 -0.020148990675807
v 0.009607969783246517 0.04429798945784569 -0.020921999588608742
v 0.008619964122772217 0.044284988194704056 -0.021214960142970085
v 0.006468950770795345 0.04387294873595238 -0.008066952228546143
v 0.006390987895429134 0.04387294873595238 -0.00889599323272705
v 0.004906951915472746 0.04387294873595238 -0.009741961024701595
v 0.004018961917608976 0.04387294873595238 -0.00942695140838623
v 0.006226955913007259 0.04387294873595238 0.008255957625806332
v 0.007048964034765959 0.04387294873595238 0.008383989334106445
v 0.008233964443206787 0.04387294873595238 0.00715398695319891
v 0.008147001266479492 0.04387294873595238 0.006215989124029875
v -0.009049952030181885 0.04386996850371361 0.010051960125565529
v -0.009134948253631592 0.04416399821639061 0.011035970412194729
v -0.008910000324249268 0.04387098178267479 0.011816970072686672
v -0.012018970213830471 0.04386996850371361 0.008653998374938965
v -0.011135989800095558 0.04387395828962326 0.008967994712293148
v -0.010261950083076954 0.04387098178267479 0.008879958651959896
v -0.012775950133800507 0.04427200183272362 -0.0067039718851447105
v -0.01368193980306387 0.04427599161863327 -0.006534993182867765
v -0.014186969958245754 0.04427497833967209 -0.006190955173224211
v -0.014656960032880306 0.04427200183272362 -0.005663990043103695
v -0.011770959943532944 0.04427200183272362 -0.010414949618279934
v -0.01208799984306097 0.04427599161863327 -0.009549975395202637
v -0.012050979770720005 0.04427497833967209 -0.008939981460571289
v -0.011837949976325035 0.04427200183272362 -0.008266985416412354
v 0.03489898890256882 0.04221193864941597 0.011814950034022331
v 0.03634196147322655 0.04296195134520531 0.0101619902998209
v 0.03569895029067993 0.04334598034620285 0.009910999797284603
v 0.03519593924283981 0.043357960879802704 0.010104949586093426
v 0.03489195927977562 0.04335397109389305 0.010544950142502785
v 0.03703194111585617 0.04168897122144699 0.010805959813296795
v 0.01109497994184494 0.043473951518535614 -0.022800980135798454
v 0.01553696021437645 0.044263001531362534 -0.02518296055495739
v 0.011248939670622349 0.044263001531362534 -0.022906949743628502
v 0.01600795052945614 0.04377799853682518 -0.025271950289607048
v 0.01125395018607378 0.04386597126722336 -0.021571990102529526
v 0.012935989536345005 0.044263001531362534 -0.021185990422964096
v 0.013856939971446991 0.044263001531362534 -0.021297989413142204
v 0.01472495961934328 0.044263001531362534 -0.021629979833960533
v 0.01548600010573864 0.044263001531362534 -0.02216196060180664
v 0.016094980761408806 0.044263001531362534 -0.02286195009946823
v 0.01671897992491722 0.04386800155043602 -0.024471990764141083
v 0.013306969776749611 0.044999949634075165 -0.021981000900268555
v 0.011599949561059475 0.044999949634075165 -0.022244980558753014
v 0.01592797040939331 0.044999949634075165 -0.02454197034239769
v 0.015075979754328728 0.044999949634075165 -0.022893959656357765
v 0.03686695918440819 0.04383295029401779 -0.025549940764904022
v 0.035891950130462646 0.044272951781749725 -0.023838989436626434
v 0.035568948835134506 0.044339001178741455 -0.023570949211716652
v 0.03507297858595848 0.044344961643218994 -0.023673949763178825
v 0.03486495837569237 0.04428594931960106 -0.024100949987769127
v 0.034732989966869354 0.043661948293447495 -0.02583497017621994
v 0.017000969499349594 0.0434829518198967 0.013889960013329983
v 0.01696299947798252 0.04444795101881027 0.01405894011259079
v 0.016307950019836426 0.044263001531362534 0.013010970316827297
v 0.012317949905991554 0.0434829518198967 0.014004940167069435
v 0.015225940383970737 0.044263001531362534 0.012482999823987484
v 0.012389950454235077 0.044447001069784164 0.014002970419824123
v 0.012968000024557114 0.044263001531362534 0.013092990033328533
v 0.01402198988944292 0.044263001531362534 0.01251298002898693
v 0.014346949756145477 0.044263001531362534 0.014996940270066261
v 0.01285696029663086 0.043877001851797104 0.014987939968705177
v 0.016334950923919678 0.04387294873595238 0.014947949908673763
v 0.01368193980306387 0.044999949634075165 0.01425999030470848
v 0.014646939933300018 0.044999949634075165 0.013421949930489063
v 0.016476979479193687 0.04494994133710861 0.014156989753246307
v 0.03528695926070213 0.04253095015883446 0.012477990239858627
v 0.036246951669454575 0.041996948421001434 0.012486989609897137
v 0.03735094889998436 0.04175597056746483 0.012001990340650082
v 0.037488989531993866 0.04141699895262718 0.011403970420360565
v 0.01668797992169857 0.04388099163770676 0.014846979640424252
v 0.017009969800710678 0.04368697851896286 0.014418950304389
v 0.012335949577391148 0.04368697851896286 0.014533990062773228
v 0.010927969589829445 0.04387896880507469 -0.02192394994199276
v 0.01661098003387451 0.043879978358745575 -0.024937979876995087
v 0.03687493875622749 0.04384398087859154 -0.026185980066657066
v 0.036382969468832016 0.04383295029401779 -0.02658694051206112
v 0.03547196835279465 0.043859951198101044 -0.02663296088576317
v 0.03504794090986252 0.04405796155333519 -0.026448959484696388
v 0.03409396857023239 0.04462999105453491 -0.02176593989133835
v 0.027243969962000847 0.04463297128677368 -0.00699299480766058
v 0.03434199094772339 0.04490095004439354 -0.02165096066892147
v 0.027493000030517578 0.04490195959806442 -0.006877957843244076
v 0.02722596935927868 0.04451297968626022 -0.005358994007110596
v 0.027212969958782196 0.044767968356609344 -0.006038962863385677
v 0.0272559504956007 0.04463297128677368 -0.00537294102832675
v 0.02737998031079769 0.04476695880293846 -0.005432962905615568
v 0.02750295028090477 0.04490195959806442 -0.005491971038281918
v 0.02761095017194748 0.04493296146392822 -0.005543947219848633
v 0.0327489897608757 0.04494696110486984 0.005162000190466642
v 0.03251795843243599 0.04478495940566063 0.00527298403903842
v 0.032368000596761703 0.04453200101852417 0.005344985984265804
v 0.03516697138547897 0.04463297128677368 -0.004782973788678646
v 0.035326000303030014 0.04462999105453491 -0.021488960832357407
v 0.0348929688334465 0.04490195959806442 -0.004785954020917416
v 0.03505200147628784 0.04490095004439354 -0.02149098925292492
v 0.034065961837768555 0.044815950095653534 0.007532000076025724
v 0.034809939563274384 0.04490195959806442 0.003294944064691663
v 0.03485298156738281 0.04490195959806442 -0.0007449999684467912
v 0.035083938390016556 0.04463297128677368 0.0032979839015752077
v 0.035126980394124985 0.04463297128677368 -0.0007429999532178044
v 0.035055991262197495 0.04437797889113426 0.007518947124481201
v 0.025454990565776825 0.04462999105453491 -0.0031369919888675213
v 0.02570294961333275 0.04490095004439354 -0.0030209419783204794
v 0.02601896971464157 0.044730961322784424 -0.0033459661062806845
v 0.018447989597916603 0.04463297128677368 0.011974990367889404
v 0.01869696006178856 0.04490195959806442 0.01209098007529974
v 0.02665298990905285 0.04451297968626022 -0.0031599989160895348
v 0.03160899132490158 0.04451297968626022 0.007125972770154476
v 0.031223950907588005 0.04493296146392822 0.007313965819776058
v 0.032743990421295166 0.0444139800965786 0.009537993930280209
v 0.03133099898695946 0.04490195959806442 0.007259964011609554
v 0.03252594918012619 0.0446779690682888 0.009680986404418945
v 0.03145498037338257 0.04476695880293846 0.007200955878943205
v 0.031578000634908676 0.04463297128677368 0.007140994071960449
v 0.02058500051498413 0.04463297128677368 0.01464598998427391
v 0.022137990221381187 0.04490195959806442 0.014265949837863445
v 0.019431939348578453 0.044769998639822006 0.014311959967017174
v 0.031974971294403076 0.044100988656282425 0.013328960165381432
v 0.031969960778951645 0.04435700178146362 0.01310896035283804
v 0.03320794925093651 0.0442270003259182 0.01189196016639471
v 0.023414960131049156 0.04463297128677368 0.014449000358581543
v 0.025717969983816147 0.04463297128677368 0.014229949563741684
v 0.025689000263810158 0.04490195959806442 0.013956960290670395
v 0.028575949370861053 0.04476594179868698 0.013634970411658287
v 0.028590969741344452 0.04450196027755737 0.013881980441510677
v 0.015713980421423912 0.04490195959806442 -0.02484899014234543
v 0.011425970122218132 0.04490095004439354 -0.022573940455913544
v 0.015585949644446373 0.04463297128677368 -0.025090990588068962
v 0.016153989359736443 0.044730961322784424 -0.024961939081549644
v 0.012935989536345005 0.04476695880293846 -0.021427979692816734
v 0.013798950240015984 0.04476695880293846 -0.021532950922846794
v 0.014967969618737698 0.04476695880293846 -0.022091979160904884
v 0.01603299006819725 0.04476695880293846 -0.023355960845947266
v 0.011376970447599888 0.04476594179868698 -0.02178799919784069
v 0.016606979072093964 0.04462999105453491 -0.02447097934782505
v 0.026329990476369858 0.04490095004439354 -0.0093269944190979
v 0.03312397003173828 0.04490195959806442 -0.02397996000945568
v 0.026577940210700035 0.04462999105453491 -0.009211957454681396
v 0.03337198123335838 0.04463297128677368 -0.023864980787038803
v 0.018626980483531952 0.04490195959806442 -0.023914989084005356
v 0.025656990706920624 0.04490095004439354 -0.009321986697614193
v 0.018379980698227882 0.04463297128677368 -0.02379596047103405
v 0.025409990921616554 0.04462999105453491 -0.009202957153320312
v 0.03340094909071922 0.044769998639822006 -0.02481894940137863
v 0.03167098015546799 0.04463297128677368 -0.026556959375739098
v 0.03166794031858444 0.04490195959806442 -0.026282960548996925
v 0.03268897160887718 0.04470396041870117 -0.026091989129781723
v 0.018364960327744484 0.044768981635570526 -0.024442970752716064
v 0.018632939085364342 0.044769998639822006 -0.025556979700922966
v 0.01954798959195614 0.04483497142791748 -0.026193970814347267
v 0.01979595050215721 0.04463297128677368 -0.02649098075926304
v 0.02197396010160446 0.04463297128677368 -0.02664899080991745
v 0.021970979869365692 0.04490195959806442 -0.02637499012053013
v 0.017385000362992287 0.04490095004439354 0.009961961768567562
v 0.024539940059185028 0.04490195959806442 -0.005469976924359798
v 0.02478897012770176 0.04463297128677368 -0.005355000030249357
v 0.01763295941054821 0.04462999105453491 0.010076990351080894
v 0.024529989808797836 0.04490195959806442 -0.006855964194983244
v 0.024776989594101906 0.04463297128677368 -0.006974995136260986
v 0.016399970278143883 0.044628970324993134 0.009798943065106869
v 0.01669096015393734 0.044628970324993134 -0.020932970568537712
v 0.016966989263892174 0.04490095004439354 -0.020930999889969826
v 0.01791995018720627 0.04462999105453491 -0.021207980811595917
v 0.017673959955573082 0.04490095004439354 -0.02108895033597946
v 0.017289990559220314 0.044730961322784424 -0.021393949165940285
v 0.016879970207810402 0.04476499184966087 -0.0211519505828619
v 0.016483960673213005 0.044696979224681854 0.014691939577460289
v 0.015324950218200684 0.04490095004439354 0.014591990038752556
v 0.013693979941308498 0.044631000608205795 0.014905979856848717
v 0.016152970492839813 0.04476695880293846 0.01319700013846159
v 0.01408499013632536 0.04476695880293846 0.01274596992880106
v 0.013130960054695606 0.04476695880293846 0.013270970433950424
v -0.014580960385501385 0.04490195959806442 -0.00013800000306218863
v -0.01444493979215622 0.04490195959806442 0.0019899599719792604
v -0.013999990187585354 0.04490195959806442 0.00407594395801425
v -0.012781970202922821 0.04490195959806442 0.006940959952771664
v -0.014716980047523975 0.04463297128677368 0.0020279879681766033
v -0.014262969605624676 0.04463297128677368 0.0041529531590640545
v -0.013526969589293003 0.04463297128677368 0.006139993201941252
v -0.014854960143566132 0.04463297128677368 -0.00014099999680183828
v -0.009988962672650814 0.0447009801864624 0.008512972854077816
v -0.0111919604241848 0.044769998639822006 0.008690953254699707
v -0.012258940376341343 0.0447009801864624 0.008183956146240234
v -0.009103952907025814 0.044767968356609344 0.0076249828562140465
v -0.014810970053076744 0.04463297128677368 -0.0047639599069952965
v -0.014536970295011997 0.04490195959806442 -0.004758954048156738
v -0.011181949637830257 0.04463297128677368 -0.005896985065191984
v -0.01132499985396862 0.04490195959806442 -0.005662977229803801
v -0.012876980006694794 0.044770948588848114 -0.006487965118139982
v -0.01441597007215023 0.044770948588848114 -0.00564497709274292
v -0.00874996092170477 0.04476695880293846 0.005397974979132414
v -0.008551955223083496 0.044767968356609344 0.006434977054595947
v -0.01021295040845871 0.04476695880293846 0.001178978942334652
v -0.009793995879590511 0.04463297128677368 0.002641974948346615
v -0.009837985038757324 0.04490195959806442 -0.0035759799648076296
v -0.010332999750971794 0.04490195959806442 -0.0010999439982697368
v -0.009810984134674072 0.04490195959806442 0.00342398788779974
v -0.009913980029523373 0.044767968356609344 -0.004682958126068115
v -0.011901970021426678 0.044771958142519 -0.009348987601697445
v -0.011698960326611996 0.044770948588848114 -0.008463977836072445
v -0.01163696963340044 0.044770948588848114 -0.010217959992587566
v -0.011036990210413933 0.04463297128677368 -0.010959980078041553
v -0.011071969754993916 0.04476695880293846 -0.007790981791913509
v -0.010908960364758968 0.04490195959806442 -0.01071797963231802
v 0.007803976070135832 0.04490195959806442 -0.02064996026456356
v -0.009434998035430908 0.04476695880293846 -0.0068229432217776775
v 0.010182970203459263 0.04463297128677368 -0.018233949318528175
v 0.009948967956006527 0.04490195959806442 -0.018377000465989113
v 0.008604942820966244 0.04477493837475777 -0.020969979465007782
v 0.009616971015930176 0.0447799488902092 -0.020560970529913902
v 0.010450949892401695 0.044644951820373535 -0.01917796954512596
v -0.007385969161987305 0.04476695880293846 -0.007151960860937834
v -0.008141993544995785 0.044767968356609344 -0.006718993186950684
v 0.0054409499280154705 0.04463297128677368 -0.010432000271975994
v 0.005206942092627287 0.04490195959806442 -0.010574989952147007
v -0.0004999999655410647 0.04476695880293846 -0.010268979705870152
v -0.002435981994494796 0.04476695880293846 -0.009987950325012207
v -0.004283964168280363 0.04476695880293846 -0.0093459477648139
v 0.0035759799648076296 0.04490195959806442 -0.009837985038757324
v 0.00142496800981462 0.04490195959806442 -0.010319939814507961
v -0.006015955936163664 0.04490195959806442 -0.008504985831677914
v 0.008771955035626888 0.04463297128677368 0.007840991020202637
v 0.008967994712293148 0.04490195959806442 0.00764995813369751
v 0.008455990813672543 0.044767968356609344 0.00697898818179965
v 0.008654952049255371 0.04490195959806442 0.0058879852294921875
v 0.010001000016927719 0.04476695880293846 0.0023829929996281862
v 0.010262959636747837 0.04476695880293846 0.000610999995842576
v 0.01021295040845871 0.04476695880293846 -0.001178978942334652
v 0.009853959083557129 0.04476695880293846 -0.0029329650569707155
v 0.009195983409881592 0.04476695880293846 -0.004597960971295834
v 0.007151960860937834 0.04476695880293846 -0.007385969161987305
v 0.00958395004272461 0.04490195959806442 0.004083991050720215
v 0.008401989005506039 0.04490195959806442 -0.006158947013318539
v 0.011520979925990105 0.04463297128677368 0.010642940178513527
v 0.011715940199792385 0.04490195959806442 0.010450949892401695
v 0.006755948066711426 0.04463297128677368 -0.00963294506072998
v 0.006989954970777035 0.04490195959806442 -0.009490965865552425
v 0.006622970104217529 0.0447009801864624 -0.00855797529220581
v 0.012403960339725018 0.044771958142519 0.011004979722201824
v 0.01476799976080656 0.04463297128677368 0.009332953952252865
v 0.014494000002741814 0.04490195959806442 0.009330986998975277
v 0.014331989921629429 0.044771958142519 0.010176950134336948
v 0.013310959562659264 0.04477493837475777 0.011011949740350246
v 0.011731980368494987 0.04490195959806442 -0.017292970791459084
v 0.01149796973913908 0.04463297128677368 -0.017434950917959213
v 0.015011959709227085 0.04463297128677368 -0.016433000564575195
v 0.014737959951162338 0.04490195959806442 -0.016435980796813965
v 0.012256969697773457 0.04477493837475777 -0.017976989969611168
v 0.013334980234503746 0.0447799488902092 -0.01814299076795578
v 0.01022696029394865 0.04490195959806442 0.011911979876458645
v 0.007477997802197933 0.04490195959806442 0.009110987186431885
v 0.010421990416944027 0.04463297128677368 0.011719999834895134
v 0.007673977874219418 0.04463297128677368 0.008918999694287777
v 0.006663978099822998 0.0447009801864624 0.008525966666638851
v 0.005397974979132414 0.04476695880293846 0.00874996092170477
v 0.009051977656781673 0.04463297128677368 0.014941990375518799
v 0.009053944610059261 0.04490195959806442 0.014667980372905731
v 0.009932993911206722 0.044771958142519 0.014573990367352962
v 0.010710000060498714 0.044771958142519 0.01262396015226841
v 0.01057897973805666 0.04477493837475777 0.013936989940702915
v -0.00204294896684587 0.04476695880293846 0.010075979866087437
v -9.699999645818025e-05 0.04476695880293846 0.010280960239470005
v 0.0018519749864935875 0.04476695880293846 0.010112999938428402
v -0.006022988818585873 0.04490195959806442 0.008645950816571712
v -0.003920971881598234 0.04490195959806442 0.009651958011090755
v 0.0037379860877990723 0.04490195959806442 0.009724973700940609
v -0.00014099999680183828 0.04463297128677368 0.014854960143566132
v -0.00013800000306218863 0.04490195959806442 0.014580960385501385
v -0.008065997622907162 0.04476695880293846 0.00921696424484253
v -0.007014988921582699 0.044633980840444565 0.00832599401473999
v -0.008145987056195736 0.04490195959806442 0.012089960277080536
v -0.006277977954596281 0.04490195959806442 0.013160999864339828
v -0.0043409462086856365 0.04490195959806442 0.013920960016548634
v -0.0022639629896730185 0.04490195959806442 0.014404949732124805
v -0.002305984031409025 0.04463297128677368 0.014675970189273357
v -0.0063959951512515545 0.04463297128677368 0.013408949598670006
v -0.004421948920935392 0.04463297128677368 0.014181969687342644
v -0.00873094704002142 0.044835980981588364 0.011285959742963314
v -0.00897598173469305 0.04463595151901245 0.010253960266709328
v 0.07056199759244919 0.04189198836684227 -0.02763598971068859
v 0.06697601079940796 0.04292798042297363 -0.026323970407247543
v 0.07140796631574631 0.04123497009277344 -0.02872793935239315
v 0.06757497042417526 0.042424969375133514 -0.02712899073958397
v 0.06990998238325119 0.041127968579530716 -0.028528980910778046
v 0.06731294840574265 0.04192398861050606 -0.027485959231853485
v 0.07293897122144699 0.041085951030254364 -0.028723949566483498
v 0.0722389817237854 0.04033594951033592 -0.0296169500797987
v 0.07638496160507202 0.03881800174713135 -0.03165297955274582
v 0.07673895359039307 0.03932100161910057 -0.03131299838423729
v 0.07710497826337814 0.039567939937114716 -0.03076498955488205
v 0.08084999769926071 0.037839941680431366 -0.03345197066664696
v 0.08048999309539795 0.03733497112989426 -0.033787958323955536
v 0.08022695034742355 0.03668098896741867 -0.0338439904153347
v 0.09530597180128098 0.031302981078624725 -0.041899971663951874
v 0.11039099842309952 0.025922000408172607 -0.04995900020003319
v 0.09556800127029419 0.03195594996213913 -0.04184496030211449
v 0.11065299808979034 0.026573950424790382 -0.049903981387615204
v 0.09592795372009277 0.032460980117321014 -0.04150794818997383
v 0.1110130026936531 0.02707999013364315 -0.04956799000501633
v 0.0963059589266777 0.03270696848630905 -0.04096496105194092
v 0.11139100044965744 0.027325980365276337 -0.04902499169111252
v 0.11183600127696991 0.025501960888504982 -0.0505099818110466
v 0.1121089980006218 0.02611296996474266 -0.050413958728313446
v 0.11284299939870834 0.02642500028014183 -0.050093941390514374
v 0.03699498996138573 0.04093097895383835 0.008778989315032959
v 0.037648968398571014 0.040535978972911835 0.009663999080657959
v 0.03652000054717064 0.04141293838620186 0.0068429699167609215
v 0.036652978509664536 0.04120694845914841 0.007821977138519287
v 0.038605980575084686 0.040018968284130096 0.010358979925513268
v 0.036581989377737045 0.042066991329193115 0.0008600000292062759
v 0.03663396090269089 0.04232697933912277 -0.004420994780957699
v 0.036649998277425766 0.04234099015593529 -0.006008982192724943
v -0.007594943046569824 0.04775695875287056 -0.003944993019104004
v -0.00832897424697876 0.04775695875287056 -0.0019389980006963015
v -0.005896985065191984 0.04812394827604294 -0.001591979991644621
v -0.003944993019104004 0.04775695875287056 0.007594943046569824
v -0.0019389980006963015 0.04775695875287056 0.00832897424697876
v -0.0024529690854251385 0.04812394827604294 0.005572974216192961
v 0.007594943046569824 0.04775695875287056 0.003944993019104004
v 0.008453965187072754 0.04775695875287056 0.0009619999909773469
v 0.005896985065191984 0.04812394827604294 0.001591979991644621
v 0.003944993019104004 0.04775695875287056 -0.007594943046569824
v 0.0019389980006963015 0.04775695875287056 -0.00832897424697876
v 0.0024529690854251385 0.04812394827604294 -0.005572974216192961
v -0.0012349480530247092 0.04847300052642822 -0.0010789630468934774
v -0.0008689999231137335 0.04847896099090576 -0.001149951945990324
v -0.0016049740370362997 0.048366960138082504 -0.003227948909625411
v -0.001202940009534359 0.048484981060028076 -0.00016199999663513154
v -0.00355696608312428 0.048366960138082504 0.00013899999612476677
v -0.0014319410547614098 0.04847896099090576 0.00017499999376013875
v -0.0015619989717379212 0.04847300052642822 0.0005419999943114817
v 0.0012349480530247092 0.04847300052642822 0.0010789630468934774
v 0.0008689999231137335 0.04847896099090576 0.001149951945990324
v 0.0016049740370362997 0.048366960138082504 0.003227948909625411
v 0.001202940009534359 0.048484981060028076 0.00016199999663513154
v 0.00355696608312428 0.048366960138082504 -0.00013899999612476677
v 0.0014319410547614098 0.04847896099090576 -0.00017499999376013875
v 0.0015619989717379212 0.04847300052642822 -0.0005419999943114817
v 0.00013299999409355223 0.04812394827604294 -0.006062984000891447
v 0.00045900000259280205 0.048366960138082504 -0.0035629859194159508
v 0.0018469690112397075 0.048366960138082504 -0.003113985061645508
v 0.0005799999926239252 0.04847896099090576 -0.0012959829764440656
v 0.00035299998125992715 0.048471979796886444 -0.0016279809642583132
v 0.0058249831199646 0.04775695875287056 -0.006235957145690918
v 0.004149972926825285 0.04812394827604294 -0.004481970798224211
v 0.0008579999557696283 0.048484981060028076 -0.0008619999862276018
v 0.003010988002642989 0.048366960138082504 -0.001981972949579358
v 0.005367993842810392 0.04812394827604294 -0.0028729429468512535
v 0.007610976230353117 0.04775695875287056 -0.003935991786420345
v 0.001209974056109786 0.048479970544576645 -0.000720999960321933
v 0.008340001106262207 0.04775695875287056 -0.001966953044757247
v 0.006033957004547119 0.04812394827604294 -0.000598000013269484
v 0.001199960010126233 0.04848200082778931 0.0005549999768845737
v 0.004913984797894955 0.04812394827604294 0.003553986083716154
v 0.0029209849890321493 0.048366960138082504 0.0021129839587956667
v 0.00629794504493475 0.04775695875287056 0.0057759881019592285
v 0.0041179652325809 0.04775695875287056 0.007490992080420256
v 0.0026989569887518883 0.04812394827604294 0.005429983139038086
v 0.0004469999694265425 0.048484981060028076 0.0011309980181977153
v 0.001966953044757247 0.04775695875287056 0.008340001106262207
v 0.00013199998647905886 0.048482950776815414 0.001286983024328947
v -0.00045900000259280205 0.048366960138082504 0.0035629859194159508
v -0.00013299999409355223 0.04812394827604294 0.006062984000891447
v 1.5999999959603883e-05 0.04775695875287056 0.008578956127166748
v -9.100000170292333e-05 0.04847598075866699 0.0015519850421696901
v -0.00035299998125992715 0.048471979796886444 0.0016279809642583132
v -0.0018469690112397075 0.048366960138082504 0.003113985061645508
v -0.0005799999926239252 0.04847896099090576 0.0012959829764440656
v -0.0058249831199646 0.04775695875287056 0.006235957145690918
v -0.004149972926825285 0.04812394827604294 0.004481970798224211
v -0.0008579999557696283 0.048484981060028076 0.0008619999862276018
v -0.003010988002642989 0.048366960138082504 0.001981972949579358
v -0.005367993842810392 0.04812394827604294 0.0028729429468512535
v -0.007610976230353117 0.04775695875287056 0.003935991786420345
v -0.001209974056109786 0.048479970544576645 0.000720999960321933
v -0.008458971045911312 0.04775695875287056 0.000990999978967011
v -0.006033957004547119 0.04812394827604294 0.000598000013269484
v -0.001199960010126233 0.04848200082778931 -0.0005549999768845737
v -0.004913984797894955 0.04812394827604294 -0.003553986083716154
v -0.0029209849890321493 0.048366960138082504 -0.0021129839587956667
v -0.00629794504493475 0.04775695875287056 -0.0057759881019592285
v -0.0041179652325809 0.04775695875287056 -0.007490992080420256
v -0.0026989569887518883 0.04812394827604294 -0.005429983139038086
v -0.0004469999694265425 0.048484981060028076 -0.0011309980181977153
v -0.001966953044757247 0.04775695875287056 -0.008340001106262207
v -0.00013199998647905886 0.048482950776815414 -0.001286983024328947
v -1.5999999959603883e-05 0.04775695875287056 -0.008578956127166748
v 9.100000170292333e-05 0.04847598075866699 -0.0015519850421696901
v 0.0027259578928351402 0.03899997100234032 -0.0021879670675843954
v 0.0034429430961608887 0.03899997100234032 -0.0006040000007487833
v 0.0 0.03899997100234032 0.0
v 0.003308950923383236 0.03899997100234032 0.0011289709946140647
v 0.0013349649962037802 0.03899997100234032 -0.003230988048017025
v -0.0005929999751970172 0.03899997100234032 -0.00339597393758595
v -0.0027569530066102743 0.03899997100234032 -0.0020699501037597656
v -0.002819955116137862 0.03899997100234032 0.001982985995709896
v -0.003491997020319104 0.03899997100234032 0.00016799999866634607
v -0.0006979999598115683 0.03899997100234032 0.0033759470097720623
v 0.0018019670387730002 0.03899997100234032 0.0029389848932623863
v 0.003872989909723401 0.03924797847867012 0.0007979999645613134
v 0.003948986064642668 0.03924797847867012 -0.00018999999156221747
v 0.0037779801059514284 0.03924797847867012 -0.0011659859446808696
v 0.003368973033502698 0.03924797847867012 -0.002068995963782072
v 0.002748965984210372 0.03924797847867012 -0.0028419489972293377
v 0.0019559860229492188 0.03924797847867012 -0.0034359688870608807
v 0.0010399810271337628 0.03924797847867012 -0.0038149950560182333
v 5.8000001445179805e-05 0.03924797847867012 -0.003953992854803801
v -0.0009270000155083835 0.03924797847867012 -0.003843962913379073
v -0.0018539420561864972 0.03924797847867012 -0.003492950927466154
v -0.002663969062268734 0.03924797847867012 -0.0029219980351626873
v -0.003306983970105648 0.03924797847867012 -0.0021679990459233522
v -0.0037419789005070925 0.03924797847867012 -0.0012769689783453941
v -0.003941953182220459 0.03924797847867012 -0.00030599997262470424
v -0.0038939709775149822 0.03924797847867012 0.0006839999696239829
v -0.003601968055590987 0.03924797847867012 0.001630960963666439
v -0.0030829899478703737 0.03924797847867012 0.002474962966516614
v -0.002370953094214201 0.03924797847867012 0.0031639928929507732
v -0.0015099640004336834 0.03924797847867012 0.003653943073004484
v -0.000552999961655587 0.03924797847867012 0.00391495181247592
v 0.00043799998820759356 0.03924797847867012 0.003929972182959318
v 0.0014009469887241721 0.03924797847867012 0.0036969780921936035
v 0.0022769570350646973 0.03924797847867012 0.003232955001294613
v 0.0030089609790593386 0.03924797847867012 0.002564965980127454
v 0.0035519590601325035 0.03924797847867012 0.0017359850462526083
v 0.0037419789005070925 0.04535197839140892 0.0012769689783453941
v 0.0035239451099187136 0.04535197839140892 0.0017219779547303915
v 0.003306983970105648 0.04535197839140892 0.0021679990459233522
v 0.002984941005706787 0.04535197839140892 0.0025449988897889853
v 0.002663969062268734 0.04535197839140892 0.0029219980351626873
v 0.002258955966681242 0.04535197839140892 0.0032069680746644735
v 0.0018539420561864972 0.04535197839140892 0.003492950927466154
v 0.001389979966916144 0.04535197839140892 0.0036679499316960573
v 0.0009270000155083835 0.04535197839140892 0.003843962913379073
v 0.000434000015957281 0.04535197839140892 0.0038989780005067587
v -5.8000001445179805e-05 0.04535197839140892 0.003953992854803801
v -0.0005489999894052744 0.04535197839140892 0.0038839569315314293
v -0.0010399810271337628 0.04535197839140892 0.0038149950560182333
v -0.0014979830011725426 0.04535197839140892 0.0036259880289435387
v -0.0019559860229492188 0.04535197839140892 0.0034359688870608807
v -0.0023519990500062704 0.04535197839140892 0.003138958942145109
v -0.002748965984210372 0.04535197839140892 0.0028419489972293377
v -0.0030589690431952477 0.04535197839140892 0.0024559490848332644
v -0.003368973033502698 0.04535197839140892 0.002068995963782072
v -0.0035739541053771973 0.04535197839140892 0.0016179679660126567
v -0.0037779801059514284 0.04535197839140892 0.0011659859446808696
v -0.0038639900740236044 0.04535197839140892 0.0006779999821446836
v -0.003948986064642668 0.04535197839140892 0.00018999999156221747
v -0.003910957835614681 0.04535197839140892 -0.00030399998649954796
v -0.003872989909723401 0.04535197839140892 -0.0007979999645613134
v -0.0037129519041627645 0.04535197839140892 -0.0012669559800997376
v -0.0035519590601325035 0.04535197839140892 -0.0017359850462526083
v -0.0032809970434755087 0.04535197839140892 -0.002150951884686947
v -0.0030089609790593386 0.04535197839140892 -0.002564965980127454
v -0.0026429889257997274 0.04535197839140892 -0.002898991107940674
v -0.0022769570350646973 0.04535197839140892 -0.003232955001294613
v -0.0018389819888398051 0.04535197839140892 -0.0034649961162358522
v -0.0014009469887241721 0.04535197839140892 -0.0036969780921936035
v -0.0009189999545924366 0.04535197839140892 -0.0038139820098876953
v -0.00043799998820759356 0.04535197839140892 -0.003929972182959318
v 5.8000001445179805e-05 0.04535197839140892 -0.003921985160559416
v 0.000552999961655587 0.04535197839140892 -0.00391495181247592
v 0.0010319940047338605 0.04535197839140892 -0.0037849540822207928
v 0.0015099640004336834 0.04535197839140892 -0.003653943073004484
v 0.0019399520242586732 0.04535197839140892 -0.0034089679829776287
v 0.002370953094214201 0.04535197839140892 -0.0031639928929507732
v 0.0027269721031188965 0.04535197839140892 -0.002819955116137862
v 0.0030829899478703737 0.04535197839140892 -0.002474962966516614
v 0.0033429861068725586 0.04535197839140892 -0.0020529620815068483
v 0.003601968055590987 0.04535197839140892 -0.001630960963666439
v 0.003747998969629407 0.04535197839140892 -0.0011569849448278546
v 0.0038939709775149822 0.04535197839140892 -0.0006839999696239829
v 0.003917992115020752 0.04535197839140892 -0.00018899999849963933
v 0.003941953182220459 0.04535197839140892 0.00030599997262470424
v 0.003872989909723401 0.04535197839140892 0.0007979999645613134
v 0.0028239479288458824 0.046999990940093994 0.0024699559435248375
v 0.003966987133026123 0.046999990940093994 0.008043943904340267
v 8.099999831756577e-05 0.046999990940093994 0.003819942008703947
v 0.0011399979703128338 0.046999990940093994 0.008896945975720882
v -0.0036669960245490074 0.046999990940093994 0.0012779829557985067
v -0.007306993007659912 0.046999990940093994 0.0052549829706549644
v -0.008343993686139584 0.046999990940093994 0.003288984065875411
v -0.0037419789005070925 0.046999990940093994 -0.000770999991800636
v -0.008959949016571045 0.046999990940093994 0.0004010000266134739
v -0.008604942820966244 0.046999990940093994 -0.0025299780536442995
v -0.007746994029730558 0.046999990940093994 -0.004579960834234953
v -0.0023109910544008017 0.046999990940093994 -0.003042994998395443
v -0.006363986991345882 0.046999990940093994 -0.0063199992291629314
v -0.004632948897778988 0.046999990940093994 -0.007716000080108643
v -0.00258898688480258 0.046999990940093994 -0.008587956428527832
v 0.00026199998683296144 0.046999990940093994 -0.0038119549863040447
v -0.0004030000127386302 0.046999990940093994 -0.008990943431854248
v 0.0018099539447575808 0.046999990940093994 -0.008784948848187923
v 0.0027049770578742027 0.046999990940093994 -0.0026979439426213503
v 0.00456500006839633 0.046999990940093994 -0.007720946799963713
v 0.006823956035077572 0.046999990940093994 -0.0058199758641421795
v 0.008071959018707275 0.046999990940093994 -0.00398099422454834
v 0.0038119549863040447 0.046999990940093994 -0.0002519999979995191
v 0.008771955035626888 0.046999990940093994 -0.001870988984592259
v 0.008903980255126953 0.046999990940093994 0.0010789630468934774
v 0.00807094480842352 0.046999990940093994 0.0039119720458984375
v 0.006363986991345882 0.046999990940093994 0.0063199992291629314
v 0.008153975009918213 0.04749399051070213 0.0034899709280580282
v 0.0072119832038879395 0.04747693985700607 0.005222976207733154
v 0.006331980228424072 0.04742097109556198 0.0062839980237185955
v 0.0049519529566168785 0.04752194136381149 0.007350980769842863
v 0.003535985015332699 0.04737699031829834 0.008213995955884457
v 0.0008600000292062759 0.047320958226919174 0.008899985812604427
v -0.0010829559760168195 0.046999990940093994 0.008934973739087582
v -0.0013819929445162416 0.04752194136381149 0.008754967711865902
v -0.003231941955164075 0.046999990940093994 0.008366942405700684
v -0.003444968955591321 0.04752194136381149 0.008162975311279297
v -0.005126953125 0.04752194136381149 0.007238984107971191
v -0.005772947799414396 0.046999990940093994 0.006863951217383146
v -0.006184995174407959 0.047320958226919174 0.006489992141723633
v -0.007645964156836271 0.04742097109556198 0.004594981204718351
v -0.008521974086761475 0.047320958226919174 0.0027619600296020508
v -0.008825956843793392 0.04752194136381149 0.0008099999977275729
v -0.008951961062848568 0.04737699031829834 -0.0005249999812804163
v -0.008689998649060726 0.04747693985700607 -0.001933990977704525
v -0.008099973201751709 0.04752194136381149 -0.003617942100390792
v -0.0072119832038879395 0.04747693985700607 -0.005222976207733154
v -0.006331980228424072 0.04742097109556198 -0.0062839980237185955
v -0.004768967162817717 0.047320958226919174 -0.007582962047308683
v -0.002951978938654065 0.04752194136381149 -0.008356988430023193
v -0.0016879430040717125 0.04737699031829834 -0.008806942962110043
v -0.0002589999930933118 0.04747693985700607 -0.00889897346496582
v 0.0020759699400514364 0.04737699031829834 -0.00869899895042181
v 0.003785966895520687 0.04752194136381149 -0.008018969558179379
v 0.005356966983526945 0.04739898070693016 -0.007157980930060148
v 0.007052958011627197 0.04726498946547508 -0.0055289859883487225
v 0.008521974086761475 0.047320958226919174 -0.0027619600296020508
v 0.008825956843793392 0.04752194136381149 -0.0008099999977275729
v 0.008823989890515804 0.04746298864483833 0.0011119840200990438
v 0.0015299910446628928 0.04449998959898949 -0.00027200000477023423
v 0.001236974960193038 0.04449998959898949 6.299999949987978e-05
v 0.001160979038104415 0.04449998959898949 0.0004309999931138009
v 0.0012979500461369753 0.04449998959898949 0.0008549999911338091
v 0.0012449619825929403 0.04449998959898949 0.0011069769971072674
v 0.0009999870089814067 0.04449998959898949 0.0011889929883182049
v -0.0005300000193528831 0.04449998959898949 0.0014609689824283123
v -0.0006730000022798777 0.04449998959898949 0.0010399810271337628
v -0.0009539999882690609 0.04449998959898949 0.0007899999618530273
v -0.0015809530159458518 0.04449998959898949 0.0005249999812804163
v -0.0013889670372009277 0.04449998959898949 0.0006970000104047358
v -0.0015299910446628928 0.04449998959898949 0.00027200000477023423
v -0.001236974960193038 0.04449998959898949 -6.299999949987978e-05
v -0.001160979038104415 0.04449998959898949 -0.0004309999931138009
v -0.0012979500461369753 0.04449998959898949 -0.0008549999911338091
v -0.0012449619825929403 0.04449998959898949 -0.0011069769971072674
v -0.0009999870089814067 0.04449998959898949 -0.0011889929883182049
v -0.0005639999872073531 0.04449998959898949 -0.001102983020246029
v -0.0002069999900413677 0.04449998959898949 -0.0012209409615024924
v 9.100000170292333e-05 0.04449998959898949 -0.0015519850421696901
v 0.00033599999733269215 0.04449998959898949 -0.0016319750575348735
v 0.0005300000193528831 0.04449998959898949 -0.0014609689824283123
v 0.0006730000022798777 0.04449998959898949 -0.0010399810271337628
v 0.0009539999882690609 0.04449998959898949 -0.0007899999618530273
v 0.0013889670372009277 0.04449998959898949 -0.0006970000104047358
v 0.0015809530159458518 0.04449998959898949 -0.0005249999812804163
v -0.008349955081939697 0.047665949910879135 0.0027069440111517906
v -0.00685197114944458 0.04757796972990036 0.005602954886853695
v 0.0006709999870508909 0.04757796972990036 0.008831976912915707
v 0.0027069440111517906 0.047665949910879135 0.008349955081939697
v 0.008349955081939697 0.047665949910879135 -0.0027069440111517906
v 0.007781981956213713 0.04757796972990036 -0.004245996009558439
v 0.00685197114944458 0.04757796972990036 -0.005602954886853695
v 0.0015929930377751589 0.047665949910879135 -0.008631943725049496
v -0.004673956893384457 0.047665949910879135 -0.007429956924170256
v 0.007730959914624691 -0.04775695875287056 -0.003670990001410246
v 0.008392988704144955 -0.04775695875287056 -0.001639961963519454
v 0.005950986873358488 -0.04812394827604294 -0.0013799660373479128
v 0.003670990001410246 -0.04775695875287056 0.007730959914624691
v 0.001639961963519454 -0.04775695875287056 0.008392988704144955
v 0.0022519819904118776 -0.04812394827604294 0.005656957160681486
v -0.007730959914624691 -0.04775695875287056 0.003670990001410246
v -0.008392988704144955 -0.04775695875287056 0.001639961963519454
v -0.005950986873358488 -0.04812394827604294 0.0013799660373479128
v -0.003670990001410246 -0.04775695875287056 -0.007730959914624691
v -0.001639961963519454 -0.04775695875287056 -0.008392988704144955
v -0.0022519819904118776 -0.04812394827604294 -0.005656957160681486
v 0.001272976049222052 -0.04847300052642822 -0.0010339609580114484
v 0.0009089999948628247 -0.04847896099090576 -0.0011179440189152956
v 0.001718997023999691 -0.048366960138082504 -0.0031689999159425497
v 0.0012079470325261354 -0.048484981060028076 -0.00011900000390596688
v 0.0035489790607243776 -0.048366960138082504 0.00026599998818710446
v 0.00142496800981462 -0.04847896099090576 0.00022699999681208283
v 0.0015409579500555992 -0.04847300052642822 0.000598000013269484
v -0.001272976049222052 -0.04847300052642822 0.0010339609580114484
v -0.0009089999948628247 -0.04847896099090576 0.0011179440189152956
v -0.001718997023999691 -0.048366960138082504 0.0031689999159425497
v -0.0012079470325261354 -0.048484981060028076 0.00011900000390596688
v -0.0035489790607243776 -0.048366960138082504 -0.00026599998818710446
v -0.00142496800981462 -0.04847896099090576 -0.00022699999681208283
v -0.0015409579500555992 -0.04847300052642822 -0.000598000013269484
v 8.399999205721542e-05 -0.04812394827604294 -0.006062984000891447
v -0.00033099998836405575 -0.048366960138082504 -0.0035769930109381676
v -0.0017349720001220703 -0.048366960138082504 -0.00317799998447299
v -0.0005329999839887023 -0.04847896099090576 -0.001314996974542737
v -0.000295000005280599 -0.048471979796886444 -0.001639961963519454
v -0.005597949028015137 -0.04775695875287056 -0.006440997123718262
v -0.003986954223364592 -0.04812394827604294 -0.00462794303894043
v -0.0008270000107586384 -0.048484981060028076 -0.0008919999818317592
v -0.0029389848932623863 -0.048366960138082504 -0.0020889630541205406
v -0.0052619571797549725 -0.04812394827604294 -0.003063976066187024
v -0.00746494485065341 -0.04775695875287056 -0.0042049880139529705
v -0.0011829730356112123 -0.048479970544576645 -0.00076299998909235
v -0.008263944648206234 -0.04775695875287056 -0.0022639629896730185
v -0.006008982192724943 -0.04812394827604294 -0.0008140000281855464
v -0.008571982383728027 -0.04775695875287056 -0.0003229999856557697
v -0.0012189740082249045 -0.04848200082778931 0.0005109999910928309
v -0.0050379629246890545 -0.04812394827604294 0.0033759470097720623
v -0.0029949538875371218 -0.048366960138082504 0.002006947062909603
v -0.006500958930701017 -0.04775695875287056 0.005546987056732178
v -0.004382967017591 -0.04775695875287056 0.0073389410972595215
v -0.0028919570613652468 -0.04812394827604294 0.005329966079443693
v -0.00048699998296797276 -0.048484981060028076 0.0011149640195071697
v -0.0022639629896730185 -0.04775695875287056 0.008263944648206234
v -0.0001779999874997884 -0.048482950776815414 0.0012809629552066326
v 0.00033099998836405575 -0.048366960138082504 0.0035769930109381676
v -8.399999205721542e-05 -0.04812394827604294 0.006062984000891447
v -0.0003229999856557697 -0.04775695875287056 0.008571982383728027
v 3.499999729683623e-05 -0.04847598075866699 0.001553951995447278
v 0.000295000005280599 -0.048471979796886444 0.001639961963519454
v 0.0017349720001220703 -0.048366960138082504 0.00317799998447299
v 0.0005329999839887023 -0.04847896099090576 0.001314996974542737
v 0.005597949028015137 -0.04775695875287056 0.006440997123718262
v 0.003986954223364592 -0.04812394827604294 0.00462794303894043
v 0.0008270000107586384 -0.048484981060028076 0.0008919999818317592
v 0.0029389848932623863 -0.048366960138082504 0.0020889630541205406
v 0.0052619571797549725 -0.04812394827604294 0.003063976066187024
v 0.00746494485065341 -0.04775695875287056 0.0042049880139529705
v 0.0011829730356112123 -0.048479970544576645 0.00076299998909235
v 0.008263944648206234 -0.04775695875287056 0.0022639629896730185
v 0.006008982192724943 -0.04812394827604294 0.0008140000281855464
v 0.008571982383728027 -0.04775695875287056 0.0003229999856557697
v 0.0012189740082249045 -0.04848200082778931 -0.0005109999910928309
v 0.0050379629246890545 -0.04812394827604294 -0.0033759470097720623
v 0.0029949538875371218 -0.048366960138082504 -0.002006947062909603
v 0.006500958930701017 -0.04775695875287056 -0.005546987056732178
v 0.004382967017591 -0.04775695875287056 -0.0073389410972595215
v 0.0028919570613652468 -0.04812394827604294 -0.005329966079443693
v 0.00048699998296797276 -0.048484981060028076 -0.0011149640195071697
v 0.0022639629896730185 -0.04775695875287056 -0.008263944648206234
v 0.0001779999874997884 -0.048482950776815414 -0.0012809629552066326
v 0.0003229999856557697 -0.04775695875287056 -0.008571982383728027
v -3.499999729683623e-05 -0.04847598075866699 -0.001553951995447278
v -0.003492950927466154 -0.03899997100234032 0.00014600000577047467
v -0.00256097293458879 -0.03899997100234032 0.002308964030817151
v 0.0 -0.03899997100234032 0.0
v -0.002986967097967863 -0.03899997100234032 -0.0017219779547303915
v -0.000998999923467636 -0.03899997100234032 -0.0032999510876834393
v 0.0015309449518099427 -0.03899997100234032 -0.0030889511108398438
v 0.003230988048017025 -0.03899997100234032 -0.0012039539869874716
v 0.00317895389162004 -0.03899997100234032 0.0013339510187506676
v 0.0016189810121431947 -0.03899997100234032 0.0030979509465396404
v -0.0002859999949578196 -0.03899997100234032 0.0034359688870608807
v -0.0038989780005067587 -0.03924797847867012 0.0006590000120922923
v -0.003939986228942871 -0.03924797847867012 -0.00033099998836405575
v -0.003733992110937834 -0.03924797847867012 -0.001300989999435842
v -0.003292977111414075 -0.03924797847867012 -0.0021879670675843954
v -0.002644956111907959 -0.03924797847867012 -0.0029389848932623863
v -0.001831947942264378 -0.03924797847867012 -0.003503978019580245
v -0.0009029999491758645 -0.03924797847867012 -0.0038499829825013876
v 8.299999899463728e-05 -0.03924797847867012 -0.003952980041503906
v 0.001063941977918148 -0.03924797847867012 -0.0038079610094428062
v 0.0019769659265875816 -0.03924797847867012 -0.00342398788779974
v 0.002766965888440609 -0.03924797847867012 -0.002824961906298995
v 0.0033819670788943768 -0.03924797847867012 -0.002047955058515072
v 0.0037849540822207928 -0.03924797847867012 -0.0011419650400057435
v 0.003950953017920256 -0.03924797847867012 -0.0001649999903747812
v 0.0038679828867316246 -0.03924797847867012 0.0008220000308938324
v 0.0035409920383244753 -0.03924797847867012 0.0017579790437594056
v 0.002992986934259534 -0.03924797847867012 0.002583980094641447
v 0.002255975967273116 -0.03924797847867012 0.0032469630241394043
v 0.001377998967655003 -0.03924797847867012 0.0037059779278934
v 0.0004130000015720725 -0.03924797847867012 0.003931999206542969
v -0.0005779999773949385 -0.03924797847867012 0.0039119720458984375
v -0.0015329710440710187 -0.03924797847867012 0.003644943004474044
v -0.0023909800220280886 -0.03924797847867012 0.0031489720568060875
v -0.0030989639926701784 -0.03924797847867012 0.0024559490848332644
v -0.003611980937421322 -0.03924797847867012 0.0016079540364444256
v -0.0037849540822207928 -0.04535197839140892 0.0011419650400057435
v -0.003583966987207532 -0.04535197839140892 0.0015949599910527468
v -0.0033819670788943768 -0.04535197839140892 0.002047955058515072
v -0.003074944019317627 -0.04535197839140892 0.002435981994494796
v -0.002766965888440609 -0.04535197839140892 0.002824961906298995
v -0.0023719659075140953 -0.04535197839140892 0.0031239979434758425
v -0.0019769659265875816 -0.04535197839140892 0.00342398788779974
v -0.0015209909761324525 -0.04535197839140892 0.0036159749142825603
v -0.001063941977918148 -0.04535197839140892 0.0038079610094428062
v -0.0005729999975301325 -0.04535197839140892 0.0038809769321233034
v -8.299999899463728e-05 -0.04535197839140892 0.003952980041503906
v 0.0004099999787285924 -0.04535197839140892 0.0039009449537843466
v 0.0009029999491758645 -0.04535197839140892 0.0038499829825013876
v 0.001366971991956234 -0.04535197839140892 0.0036769500002264977
v 0.001831947942264378 -0.04535197839140892 0.003503978019580245
v 0.002237974898889661 -0.04535197839140892 0.0032209749333560467
v 0.002644956111907959 -0.04535197839140892 0.0029389848932623863
v 0.002968966029584408 -0.04535197839140892 0.002563952933996916
v 0.003292977111414075 -0.04535197839140892 0.0021879670675843954
v 0.0035139909014105797 -0.04535197839140892 0.0017449849983677268
v 0.003733992110937834 -0.04535197839140892 0.001300989999435842
v 0.003836988937109709 -0.04535197839140892 0.0008159999852068722
v 0.003939986228942871 -0.04535197839140892 0.00033099998836405575
v 0.003918944858014584 -0.04535197839140892 -0.00016399999731220305
v 0.0038989780005067587 -0.04535197839140892 -0.0006590000120922923
v 0.0037559859920293093 -0.04535197839140892 -0.0011329649714753032
v 0.003611980937421322 -0.04535197839140892 -0.0016079540364444256
v 0.003355978988111019 -0.04535197839140892 -0.002031981013715267
v 0.0030989639926701784 -0.04535197839140892 -0.0024559490848332644
v 0.0027449720073491335 -0.04535197839140892 -0.002801954047754407
v 0.0023909800220280886 -0.04535197839140892 -0.0031489720568060875
v 0.0019619460217654705 -0.04535197839140892 -0.003396986983716488
v 0.0015329710440710187 -0.04535197839140892 -0.003644943004474044
v 0.0010549420258030295 -0.04535197839140892 -0.0037779801059514284
v 0.0005779999773949385 -0.04535197839140892 -0.0039119720458984375
v 8.299999899463728e-05 -0.04535197839140892 -0.003921985160559416
v -0.0004130000015720725 -0.04535197839140892 -0.003931999206542969
v -0.0008949999464675784 -0.04535197839140892 -0.003818988101556897
v -0.001377998967655003 -0.04535197839140892 -0.0037059779278934
v -0.0018169869435951114 -0.04535197839140892 -0.003476977115496993
v -0.002255975967273116 -0.04535197839140892 -0.0032469630241394043
v -0.002624988090246916 -0.04535197839140892 -0.002914964919909835
v -0.002992986934259534 -0.04535197839140892 -0.002583980094641447
v -0.003266989951953292 -0.04535197839140892 -0.002170979045331478
v -0.0035409920383244753 -0.04535197839140892 -0.0017579790437594056
v -0.0037039509043097496 -0.04535197839140892 -0.001289963023737073
v -0.0038679828867316246 -0.04535197839140892 -0.0008220000308938324
v -0.003908990882337093 -0.04535197839140892 -0.00032900000223889947
v -0.003950953017920256 -0.04535197839140892 0.0001649999903747812
v -0.0038989780005067587 -0.04535197839140892 0.0006590000120922923
v -0.0022919769398868084 -0.04569095000624657 0.0025019641034305096
v -0.00308799697086215 -0.04569095000624657 -0.0014069670578464866
v -0.0032829639967530966 -0.04582899063825607 5.0999999075429514e-05
v 0.0016109939897432923 -0.04580700024962425 -0.002908945083618164
v 0.00038399998447857797 -0.04569095000624657 -0.0033710000570863485
v 0.003227948909625411 -0.0459289513528347 -0.00046099998871795833
v 0.0025899410247802734 -0.04582899063825607 -0.002031981013715267
v -0.0015439980197697878 -0.046999990940093994 0.00349497701972723
v -0.0028939840849488974 -0.046999990940093994 0.008488953113555908
v -0.0007239999831654131 -0.046999990940093994 0.008970974944531918
v 0.001136958017013967 -0.046999990940093994 0.0036479830741882324
v 0.0014949439791962504 -0.046999990940093994 0.008843958377838135
v 0.003632962005212903 -0.046999990940093994 0.008233964443206787
v 0.00552397919818759 -0.046999990940093994 0.007065950892865658
v 0.0032559630926698446 -0.046999990940093994 0.0019989600405097008
v 0.007518947124481201 -0.046999990940093994 0.004889965057373047
v 0.008517979644238949 -0.046999990940093994 0.002903996966779232
v 0.0037669530138373375 -0.046999990940093994 -0.00063699996098876
v 0.008939981460571289 -0.046999990940093994 0.0007219999679364264
v 0.008689998649060726 -0.046999990940093994 -0.002219974063336849
v 0.007905960083007812 -0.046999990940093994 -0.004299997817724943
v 0.0024179809261113405 -0.046999990940093994 -0.0029579990077763796
v 0.006585955154150724 -0.046999990940093994 -0.006088972091674805
v 0.004251956008374691 -0.046999990940093994 -0.007896958850324154
v -0.00012499999138526618 -0.046999990940093994 -0.003818988101556897
v 0.0014579889830201864 -0.046999990940093994 -0.00884997844696045
v -0.0014949439791962504 -0.046999990940093994 -0.008843958377838135
v -0.002099989913403988 -0.046999990940093994 -0.0032659759745001793
v -0.004285991191864014 -0.046999990940093994 -0.00787895917892456
v -0.006611942779272795 -0.046999990940093994 -0.0060609569773077965
v -0.003190994029864669 -0.046999990940093994 -0.0021639459300786257
v -0.007923959754407406 -0.046999990940093994 -0.004266976844519377
v -0.00869899895042181 -0.046999990940093994 -0.002182960044592619
v -0.003808974986895919 -0.046999990940093994 0.0002969999914057553
v -0.00893700122833252 -0.046999990940093994 0.0007599999662488699
v -0.008205950260162354 -0.046999990940093994 0.003619967959821224
v -0.0031689999159425497 -0.046999990940093994 0.0022439949680119753
v -0.006585955154150724 -0.046999990940093994 0.006088972091674805
v -0.004906951915472746 -0.046999990940093994 0.00754499388858676
v -0.008519946597516537 -0.04737699031829834 0.002748965984210372
v -0.007417975924909115 -0.04752194136381149 0.004863976966589689
v -0.006480990909039974 -0.04744898900389671 0.0061149587854743
v -0.0049079651944339275 -0.04752194136381149 0.00737994909286499
v -0.0031229848973453045 -0.04752194136381149 0.008302985690534115
v -0.0015479919966310263 -0.047320958226919174 0.008832991123199463
v 0.00048099999548867345 -0.04737699031829834 0.008929966948926449
v 0.002748965984210372 -0.04737699031829834 0.008519946597516537
v 0.004842996131628752 -0.047320958226919174 0.007547974120825529
v 0.006602942012250423 -0.04737699031829834 0.00605398416519165
v 0.007797956001013517 -0.047320958226919174 0.004408955108374357
v 0.008736968040466309 -0.047320958226919174 0.001954972045496106
v 0.008964954875409603 -0.04737699031829834 -0.0002049999893642962
v 0.008753955364227295 -0.04747693985700607 -0.0016219610115513206
v 0.008223949931561947 -0.04752194136381149 -0.0033259980846196413
v 0.007417975924909115 -0.04752194136381149 -0.004863976966589689
v 0.006480990909039974 -0.04744898900389671 -0.0061149587854743
v 0.004723966121673584 -0.04737699031829834 -0.007603942882269621
v 0.0031229848973453045 -0.04752194136381149 -0.008302985690534115
v 0.001086949952878058 -0.04737699031829834 -0.008868992328643799
v -0.0017639989964663982 -0.04737699031829834 -0.008767962455749512
v -0.0034959909971803427 -0.04752194136381149 -0.00814896821975708
v -0.005048989783972502 -0.04742097109556198 -0.007356940768659115
v -0.006305992137640715 -0.04747693985700607 -0.006279944907873869
v -0.007400989066809416 -0.04742097109556198 -0.0049789538607001305
v -0.00822895672172308 -0.04752194136381149 -0.003292977111414075
v -0.008774994872510433 -0.04737699031829834 -0.0017269840463995934
v -0.008933961391448975 -0.04737699031829834 0.0005729999975301325
v -0.0015199780464172363 -0.04449998959898949 -0.00032599997939541936
v -0.0012389420298859477 -0.04449998959898949 1.8999999156221747e-05
v -0.001175998942926526 -0.04449998959898949 0.0003889999643433839
v -0.0013279910199344158 -0.04449998959898949 0.0008079999824985862
v -0.0012839429546147585 -0.04449998959898949 0.0010619750246405602
v -0.0010419479804113507 -0.04449998959898949 0.0011529920157045126
v -0.00060299999313429 -0.04449998959898949 0.0010819430463016033
v -0.00025099999038502574 -0.04449998959898949 0.001212954055517912
v 3.499999729683623e-05 -0.04449998959898949 0.001553951995447278
v 0.00027799999224953353 -0.04449998959898949 0.0016429419629275799
v 0.0004769999941345304 -0.04449998959898949 0.0014789700508117676
v 0.0006360000115819275 -0.04449998959898949 0.0010629890020936728
v 0.0009250000002793968 -0.04449998959898949 0.0008239999297074974
v 0.0013629789464175701 -0.04449998959898949 0.0007459999760612845
v 0.001560986042022705 -0.04449998959898949 0.0005810000002384186
v 0.0015199780464172363 -0.04449998959898949 0.00032599997939541936
v 0.0012389420298859477 -0.04449998959898949 -1.8999999156221747e-05
v 0.001175998942926526 -0.04449998959898949 -0.0003889999643433839
v 0.0013279910199344158 -0.04449998959898949 -0.0008079999824985862
v 0.0012839429546147585 -0.04449998959898949 -0.0010619750246405602
v 0.0010419479804113507 -0.04449998959898949 -0.0011529920157045126
v 0.00060299999313429 -0.04449998959898949 -0.0010819430463016033
v 0.00025099999038502574 -0.04449998959898949 -0.001212954055517912
v -3.499999729683623e-05 -0.04449998959898949 -0.001553951995447278
v -0.00027799999224953353 -0.04449998959898949 -0.0016429419629275799
v -0.0004769999941345304 -0.04449998959898949 -0.0014789700508117676
v -0.0006360000115819275 -0.04449998959898949 -0.0010629890020936728
v -0.0009250000002793968 -0.04449998959898949 -0.0008239999297074974
v -0.0013629789464175701 -0.04449998959898949 -0.0007459999760612845
v -0.001560986042022705 -0.04449998959898949 -0.0005810000002384186
v 0.008731961250305176 -0.047665949910879135 0.0008869999437592924
v 0.008290945552289486 -0.04757796972990036 0.0031179781071841717
v 0.007257997058331966 -0.047665949910879135 0.00493699312210083
v 0.005566954147070646 -0.0476219616830349 0.006824969779700041
v 0.0033759470097720623 -0.047665949910879135 0.008101998828351498
v 0.0012839429546147585 -0.047665949910879135 0.008682966232299805
v -0.0008869999437592924 -0.047665949910879135 0.008731961250305176
v -0.008101998828351498 -0.047665949910879135 0.0033759470097720623
v -0.008682966232299805 -0.047665949910879135 0.0012839429546147585
v -0.008731961250305176 -0.047665949910879135 -0.0008869999437592924
v -0.0012839429546147585 -0.047665949910879135 -0.008682966232299805
v 0.0008869999437592924 -0.047665949910879135 -0.008731961250305176
v 0.00493699312210083 -0.047665949910879135 -0.007257997058331966
v 0.01644396036863327 -0.04199998825788498 -0.023691950365900993
v 0.015966949984431267 -0.04199998825788498 -0.02269499935209751
v 0.017732970416545868 -0.04199998825788498 -0.022747989743947983
v 0.015619990415871143 -0.04199998825788498 -0.02526897005736828
v 0.016322970390319824 -0.04199998825788498 -0.025266999378800392
v 0.016843970865011215 -0.04199998825788498 -0.02610795944929123
v 0.0067229862324893475 -0.04199998825788498 -0.02224797010421753
v 0.01092499028891325 -0.04199998825788498 -0.0227389894425869
v 0.011405999772250652 -0.04199998825788498 -0.02473396062850952
v 0.05146795138716698 -0.04199599847197533 -0.02645695023238659
v 0.05217998847365379 -0.04199998825788498 -0.02800697088241577
v 0.0446159802377224 -0.04199998825788498 -0.028078969568014145
v 0.005576968193054199 -0.04199998825788498 -0.01994198001921177
v 0.002433954970911145 -0.04199998825788498 -0.01997195929288864
v -0.01078599039465189 -0.04199998825788498 -0.012954950332641602
v 0.0355219803750515 -0.04199998825788498 -0.02351200021803379
v 0.03499697893857956 -0.04199998825788498 -0.023706970736384392
v 0.034163948148489 -0.04199998825788498 -0.022591939195990562
v 0.03475695103406906 -0.04199998825788498 -0.024984950199723244
v 0.034195948392152786 -0.04199998825788498 -0.025943990796804428
v 0.03489195927977562 -0.04199998825788498 -0.026377970352768898
v 0.034217000007629395 -0.04199998825788498 -0.028176959604024887
v 0.035856958478689194 -0.04199998825788498 -0.026660969480872154
v 0.03655695170164108 -0.04199998825788498 -0.026593979448080063
v 0.013193960301578045 -0.04199998825788498 -0.018595989793539047
v 0.014183989726006985 -0.04199998825788498 -0.01831299066543579
v 0.015863949432969093 -0.04199998825788498 -0.019844939932227135
v 0.014901990070939064 -0.04199998825788498 -0.017573950812220573
v 0.015157990157604218 -0.04199998825788498 -0.01657496951520443
v 0.01557897962629795 -0.04199998825788498 0.010186970233917236
v 0.012094969861209393 -0.04199998825788498 -0.018251949921250343
v 0.011359980329871178 -0.04199998825788498 -0.01988697052001953
v 0.011448970064520836 -0.04199998825788498 -0.01763295941054821
v 0.010674949735403061 -0.04199998825788498 -0.01635896973311901
v -0.0096549978479743 -0.04199998825788498 0.0026039481163024902
v -0.008496998809278011 -0.04199998825788498 0.00527298403903842
v -0.008810997009277344 -0.04199998825788498 0.0035519590601325035
v 0.003530978923663497 -0.04199998825788498 -0.009421943686902523
v 9.000000136438757e-05 -0.04199998825788498 -0.009499967098236084
v 0.0037179579958319664 -0.04199998825788498 -0.008741973899304867
v -0.00678098201751709 -0.04199998825788498 0.006653964053839445
v -0.008223949931561947 -0.04199998825788498 0.006286977790296078
v -0.009993970394134521 -0.04199998825788498 -0.00033699997584335506
v -0.009499967098236084 -0.04199998825788498 -9.000000136438757e-05
v -0.009473978541791439 -0.04199998825788498 -0.003198981052264571
v -0.008741973899304867 -0.04199998825788498 -0.0037179579958319664
v -0.009389995597302914 -0.04199998825788498 -0.003972947131842375
v -0.00784999132156372 -0.04199998825788498 -0.0065059661865234375
v -0.0072019691579043865 -0.04199998825788498 -0.006936966907233
v -0.006653964053839445 -0.04199998825788498 -0.00678098201751709
v -0.004166959784924984 -0.04199998825788498 -0.009090960025787354
v -0.0035519590601325035 -0.04199998825788498 -0.008810997009277344
v -0.00048699998296797276 -0.04199998825788498 -0.009987950325012207
v -0.007259964011609554 -0.04199998825788498 0.008233964443206787
v -0.006496964953839779 -0.04199998825788498 0.008099973201751709
v 0.008233964443206787 -0.04199998825788498 0.007259964011609554
v 0.008099973201751709 -0.04199998825788498 0.006496964953839779
v 0.006653964053839445 -0.04199998825788498 0.00678098201751709
v 0.008741973899304867 -0.04199998825788498 0.0037179579958319664
v 0.009727953933179379 -0.04199998825788498 0.0023169510532170534
v 0.009499967098236084 -0.04199998825788498 9.000000136438757e-05
v 0.009933947585523129 -0.04199998825788498 -0.0011459579691290855
v 0.008810997009277344 -0.04199998825788498 -0.0035519590601325035
v 0.008943974040448666 -0.04199998825788498 -0.004471957217901945
v 0.00678098201751709 -0.04199998825788498 -0.006653964053839445
v 0.006936966907233 -0.04199998825788498 -0.0072019691579043865
v 0.0065059661865234375 -0.04199998825788498 -0.00784999132156372
v 0.010423949919641018 -0.04199998825788498 0.010137969627976418
v 0.010627980343997478 -0.04199998825788498 0.009937942028045654
v 0.008646965026855469 -0.04199998825788498 0.00791996717453003
v -0.0037179579958319664 -0.04199998825788498 0.008741973899304867
v -0.0019869799725711346 -0.04199998825788498 0.009800969623029232
v -9.000000136438757e-05 -0.04199998825788498 0.009499967098236084
v 0.0018009539926424623 -0.04199998825788498 0.009835957549512386
v 0.0035519590601325035 -0.04199998825788498 0.008810997009277344
v 0.00527298403903842 -0.04199998825788498 0.008496998809278011
v 0.006286977790296078 -0.04199998825788498 0.008223949931561947
v -0.005741000175476074 -0.04199998825788498 0.008262990973889828
v -0.008369982242584229 -0.04199998825788498 0.007102965842932463
v -0.008794963359832764 -0.04199998825788498 0.007754981052130461
v -0.008385956287384033 -0.04199998825788498 -0.006341992877423763
v -0.009821951389312744 -0.04199998825788498 -0.005105971824377775
v -0.009600996039807796 -0.04199998825788498 -0.0047179460525512695
v 0.006341992877423763 -0.04199998825788498 -0.008385956287384033
v 0.006363986991345882 -0.04199998825788498 -0.008944988250732422
v 0.005009949207305908 -0.04199998825788498 -0.00976699497550726
v 0.005547999870032072 -0.04199998825788498 -0.01032995991408825
v 0.006615995895117521 -0.04199998825788498 -0.009680986404418945
v 0.010380979627370834 -0.04199998825788498 -0.01828199066221714
v 0.010671970434486866 -0.04199998825788498 -0.019271960482001305
v 0.004302978049963713 -0.04199998825788498 -0.009449957869946957
v 0.008262990973889828 -0.04199998825788498 0.005741000175476074
v -0.009061992168426514 -0.04199998825788498 0.009969948790967464
v -0.008284986019134521 -0.04199998825788498 0.00900494959205389
v -0.011010999791324139 -0.04199998825788498 0.010798989795148373
v 0.007102965842932463 -0.04199998825788498 0.008369982242584229
v -0.009590983390808105 -0.04199998825788498 0.008529961109161377
v -0.010256939567625523 -0.04199998825788498 0.00892496109008789
v 0.007754981052130461 -0.04199998825788498 0.008794963359832764
v 0.009059964679181576 -0.04199998825788498 0.01012497954070568
v 0.010600980371236801 -0.04199998825788498 0.011731980368494987
v 0.011601979844272137 -0.04199998825788498 0.010885950177907944
v 0.014910990372300148 -0.04199998825788498 0.009429991245269775
v 0.014705000445246696 -0.04199998825788498 0.01025795005261898
v 0.015562949702143669 -0.04199998825788498 0.011914960108697414
v 0.014072000049054623 -0.04199998825788498 0.011040979996323586
v 0.011711950413882732 -0.04199998825788498 0.011878959834575653
v 0.012275990098714828 -0.04199998825788498 0.011307000182569027
v 0.013206000439822674 -0.04199998825788498 0.01138996984809637
v 0.010797969996929169 -0.04199998825788498 -0.021937960758805275
v 0.010432950221002102 -0.04199998825788498 -0.020273979753255844
v 0.010522959753870964 -0.04199998825788498 -0.019894950091838837
v 0.0077349538914859295 -0.04199998825788498 -0.02108699083328247
v 0.008739948272705078 -0.04199998825788498 -0.021319979801774025
v 0.00972598697990179 -0.04199998825788498 -0.021022969856858253
v -0.011875979602336884 -0.04199998825788498 -0.008154988288879395
v -0.01219599973410368 -0.04199998825788498 -0.008927999995648861
v -0.015917949378490448 -0.04199998825788498 -0.00800997018814087
v -0.014438980259001255 -0.04199998825788498 -0.01044297032058239
v -0.012171979993581772 -0.04199998825788498 -0.009763956069946289
v -0.012201960198581219 -0.04199998825788498 -0.012203989550471306
v -0.016450999304652214 -0.04199998825788498 -0.005212962161749601
v -0.014771989546716213 -0.04199998825788498 -0.0056389570236206055
v -0.011272960342466831 -0.04199998825788498 0.008984982036054134
v -0.011806960217654705 -0.04199998825788498 -0.010517000220716
v -0.010983999818563461 -0.04199998825788498 -0.011151960119605064
v -0.009312987327575684 -0.04199998825788498 -0.006489992141723633
v -0.010591980069875717 -0.04199998825788498 -0.0057069649919867516
v -0.011052959598600864 -0.04199998825788498 -0.007449984084814787
v -0.011916990391910076 -0.04199998825788498 -0.006511985789984465
v -0.012706990353763103 -0.04199998825788498 -0.006787954829633236
v -0.01353995967656374 -0.04199998825788498 -0.006715952884405851
v -0.01427196990698576 -0.04199998825788498 -0.006308971904218197
v -0.012060989625751972 -0.04199998825788498 0.008672951720654964
v -0.013010970316827297 -0.04199998825788498 0.00991594698280096
v -0.014366979710757732 -0.04199998825788498 0.008113980293273926
v -0.0126069700345397 -0.04199998825788498 0.008127987384796143
v -0.015977969393134117 -0.04199998825788498 0.0041189780458807945
v -0.01440197043120861 -0.04199998825788498 0.004192947875708342
v -0.016498979181051254 -0.04199998825788498 -0.000155999994603917
v -0.014998969621956348 -0.04199998825788498 -0.00014199998986441642
v -0.014954980462789536 -0.04199998825788498 -0.004821956157684326
v 0.03857498988509178 -0.04199998825788498 -0.025941960513591766
v 0.04084198921918869 -0.04199998825788498 -0.026555949822068214
v 0.04460196942090988 -0.04199998825788498 -0.026519950479269028
v 0.03647296875715256 -0.04199998825788498 -0.02256995067000389
v 0.03488694876432419 -0.04199998825788498 -0.022410979494452477
v 0.034376971423625946 -0.04199998825788498 -0.022305959835648537
v 0.03529398888349533 -0.04199998825788498 -0.022131970152258873
v 0.036354001611471176 -0.04199998825788498 -0.02175997942686081
v 0.035469941794872284 -0.04199998825788498 -0.02152097038924694
v 0.035451941192150116 -0.04199998825788498 -0.019658980891108513
v 0.036333970725536346 -0.04199998825788498 -0.019650990143418312
v 0.035310979932546616 -0.04199998825788498 -0.004781960975378752
v 0.0362049899995327 -0.04199998825788498 -0.006012976169586182
v 0.033900968730449677 -0.04199998825788498 -0.021689949557185173
v 0.03213297948241234 -0.04199998825788498 -0.02084898017346859
v 0.025112979114055634 -0.04199998825788498 -0.00616794778034091
v 0.02492797002196312 -0.04199998825788498 -0.0053109521977603436
v 0.025829970836639404 -0.04199998825788498 -0.008658944629132748
v 0.026919959113001823 -0.04199998825788498 -0.006180942058563232
v 0.02710597962141037 -0.04199998825788498 -0.007036983035504818
v 0.026202969253063202 -0.04199998825788498 -0.0036899440456181765
v 0.024914970621466637 -0.04199998825788498 -0.007020949851721525
v 0.03296995162963867 -0.04199998825788498 -0.019681990146636963
v 0.029410000890493393 -0.04199998825788498 -0.014976969920098782
v 0.02938096970319748 -0.04199998825788498 -0.011943990364670753
v 0.027117960155010223 -0.04199998825788498 -0.005327999126166105
v 0.026505939662456512 -0.04199998825788498 -0.0035449860151857138
v 0.026715990155935287 -0.04199998825788498 -0.0032829639967530966
v 0.02927595004439354 -0.04199998825788498 -0.0008499999530613422
v 0.01910299062728882 -0.04199998825788498 0.010220999829471111
v 0.025359980762004852 -0.04199998825788498 -0.0032729499507695436
v 0.025715939700603485 -0.04199998825788498 -0.0036129949148744345
v 0.02631700038909912 -0.04199998825788498 -0.008735953830182552
v 0.026672950014472008 -0.04199998825788498 -0.00907599925994873
v 0.029248949140310287 -0.04199998825788498 0.0019749989733099937
v 0.029709989205002785 -0.04199998825788498 0.0029309981036931276
v 0.0305439792573452 -0.04199998825788498 0.0017819999484345317
v 0.017708949744701385 -0.04199998825788498 0.010255989618599415
v 0.018296949565410614 -0.04199998825788498 0.011958000250160694
v 0.0174479391425848 -0.04199998825788498 0.010585960000753403
v 0.017404969781637192 -0.04199998825788498 0.011932959780097008
v 0.018112950026988983 -0.04199998825788498 0.012621990405023098
v 0.01737396977841854 -0.04199998825788498 0.015135999768972397
v 0.019844939932227135 -0.04199998825788498 0.014763950370252132
v 0.01874195970594883 -0.04199998825788498 0.014199970290064812
v 0.01814997009932995 -0.04199998825788498 0.013133999891579151
v 0.0164409801363945 -0.04199998825788498 0.016402000561356544
v 0.019979950040578842 -0.04199998825788498 0.016326960176229477
v 0.020820969715714455 -0.04199998825788498 0.015167949721217155
v 0.020891960710287094 -0.04199998825788498 0.014772949740290642
v 0.015531949698925018 -0.04199998825788498 0.015118000097572803
v 0.011029000394046307 -0.04199998825788498 0.015075979754328728
v 0.01101594977080822 -0.04199998825788498 0.016516979783773422
v 0.009145975112915039 -0.04199998825788498 0.015086939558386803
v -0.00014199998986441642 -0.04199998825788498 0.014998969621956348
v -0.000155999994603917 -0.04199998825788498 0.016498979181051254
v -0.00034199998481199145 -0.04199998825788498 0.014967969618737698
v -0.004420994780957699 -0.04199998825788498 0.01589697040617466
v 0.008154988288879395 -0.04199998825788498 0.0165779497474432
v 0.009268999099731445 -0.04199998825788498 0.015058989636600018
v 0.01021896954625845 -0.04199998825788498 0.014741949737071991
v -0.011712959967553616 -0.04199998825788498 0.011606990359723568
v -0.011023989878594875 -0.04199998825788498 0.012145989574491978
v -0.008969961665570736 -0.04199998825788498 0.011794979684054852
v -0.008384943008422852 -0.04199998825788498 0.014210989698767662
v -0.008434951305389404 -0.04199998825788498 0.012398949824273586
v -0.006746946834027767 -0.04199998825788498 0.01490699965506792
v -0.004464983008801937 -0.04199998825788498 0.0143199497833848
v 0.012045970186591148 -0.04199998825788498 -0.023374969139695168
v 0.014045950025320053 -0.04199998825788498 -0.02613496035337448
v 0.014814970083534718 -0.04199998825788498 -0.026542959734797478
v 0.01593095064163208 -0.04199998825788498 -0.02696800045669079
v 0.0177800003439188 -0.04199998825788498 -0.02767097018659115
v -0.009221971035003662 -0.04199998825788498 0.010824969969689846
v 0.01107298955321312 -0.04199998825788498 0.012487939558923244
v 0.01113795954734087 -0.04199998825788498 0.013419980183243752
v 0.010771979577839375 -0.04199998825788498 0.014278939925134182
v 0.018229959532618523 -0.04199998825788498 -0.025496000424027443
v 0.018868980929255486 -0.04199998825788498 -0.026244990527629852
v 0.01829295977950096 -0.04199998825788498 -0.027866000309586525
v 0.01816600002348423 -0.04199998825788498 -0.023943960666656494
v 0.019021980464458466 -0.04199998825788498 -0.02213096059858799
v 0.01803796924650669 -0.04199998825788498 -0.02472895011305809
v 0.017771000042557716 -0.04199998825788498 -0.021661989390850067
v 0.025527000427246094 -0.04199998825788498 -0.008802950382232666
v 0.02531694993376732 -0.04199998825788498 -0.00906598474830389
v 0.01874995045363903 -0.04199998825788498 -0.019816989079117775
v 0.020142970606684685 -0.04199998825788498 -0.019804000854492188
v 0.017975980415940285 -0.04199998825788498 -0.02142195962369442
v 0.03330795839428902 -0.04199998825788498 -0.02586095966398716
v 0.03370999917387962 -0.04199998825788498 -0.024829979985952377
v 0.03352897986769676 -0.04199998825788498 -0.023859970271587372
v 0.032687958329916 -0.04199998825788498 -0.026447949931025505
v 0.019711969420313835 -0.04199998825788498 -0.026623960584402084
v 0.02198898047208786 -0.04199998825788498 -0.028292950242757797
v 0.02197498083114624 -0.04199998825788498 -0.026792999356985092
v 0.029534989967942238 -0.04199998825788498 -0.028220949694514275
v 0.029520979151129723 -0.04199998825788498 -0.026721950620412827
v 0.031733978539705276 -0.04199998825788498 -0.02670096978545189
v 0.017008960247039795 -0.04199998825788498 0.01072095986455679
v 0.01642698049545288 -0.04199998825788498 0.010413999669253826
v 0.015879979357123375 -0.04199998825788498 -0.021556969732046127
v 0.01675599068403244 -0.04199998825788498 -0.021587960422039032
v 0.01730298064649105 -0.04199998825788498 -0.021828940138220787
v 0.016255969181656837 -0.04199998825788498 0.009980975650250912
v 0.016538970172405243 -0.04199998825788498 -0.019837969914078712
v 0.016550950706005096 -0.04199998825788498 -0.02110397070646286
v 0.014690989628434181 -0.04199998825788498 -0.021581940352916718
v 0.012935989536345005 -0.04199998825788498 -0.02114599011838436
v 0.011580999940633774 -0.04199998825788498 -0.021483950316905975
v 0.01671694964170456 -0.04199998825788498 -0.024870989844202995
v 0.012941000051796436 -0.04199998825788498 0.013063959777355194
v 0.014011969789862633 -0.04199998825788498 0.012474950402975082
v 0.012638979591429234 -0.04199998825788498 0.014949969947338104
v 0.012237959541380405 -0.04199998825788498 0.014382950030267239
v 0.012273959815502167 -0.04199998825788498 0.014045950025320053
v 0.012985999695956707 -0.04199998825788498 0.015062980353832245
v 0.015233989804983139 -0.04199998825788498 0.012444970197975636
v 0.0155559703707695 -0.04199998825788498 0.012601969763636589
v 0.01633298024535179 -0.04199998825788498 0.01298099011182785
v 0.01709996908903122 -0.04199998825788498 0.014222970232367516
v 0.01692897081375122 -0.04199998825788498 0.014702970162034035
v 0.01653295010328293 -0.04199998825788498 0.014939960092306137
v 0.01553397998213768 -0.04199998825788498 0.014999980106949806
v 0.017046980559825897 -0.04199998825788498 0.013928939588367939
v 0.03610699996352196 -0.041769981384277344 0.00043499996536411345
v 0.034833960235118866 -0.04058200120925903 0.01137595996260643
v 0.034834980964660645 -0.04073493927717209 0.010540960356593132
v 0.03343397006392479 -0.04103899002075195 0.010621960274875164
v 0.037519991397857666 -0.03979098051786423 0.01139795035123825
v 0.03937298059463501 -0.03922098129987717 0.011011949740350246
v 0.03787099942564964 -0.03989899158477783 0.0104519696906209
v 0.03739500045776367 -0.039673980325460434 0.012060989625751972
v 0.03518693894147873 -0.04073493927717209 0.010057980194687843
v 0.036354001611471176 -0.040745969861745834 0.008343993686139584
v 0.035746991634368896 -0.04063396900892258 0.009848952293395996
v 0.03689396008849144 -0.04041295871138573 0.00933599378913641
v 0.03614497184753418 -0.040512971580028534 0.009939967654645443
v 0.03679697960615158 -0.04020899161696434 0.010525999590754509
v 0.03712797164916992 -0.03932100161910057 0.01380394957959652
v 0.03647993877530098 -0.03987598046660423 0.012460939586162567
v 0.035267941653728485 -0.04023497924208641 0.012519950047135353
v 0.033450961112976074 -0.04075795039534569 0.012315980158746243
v 0.033598948270082474 -0.04089796170592308 0.01128195971250534
v 0.03315097093582153 -0.04074496030807495 0.012803969904780388
v 0.03282998874783516 -0.040450990200042725 0.014823970384895802
v 0.03273499011993408 -0.04078495129942894 0.013145980425179005
v 0.02840398997068405 -0.04147797077894211 0.014035990461707115
v 0.02773897908627987 -0.04141794890165329 0.015652000904083252
v 0.0320199690759182 -0.040898971259593964 0.013453960418701172
v 0.035262998193502426 -0.04185396060347557 0.0003129999968223274
v 0.03524899110198021 -0.041701968759298325 0.0017879599472507834
v 0.03604799136519432 -0.04136300086975098 0.004194973967969418
v 0.03520195931196213 -0.04118895158171654 0.00675994111225009
v 0.03600697964429855 -0.04108196124434471 0.006788969039916992
v 0.03498994931578636 -0.041011981666088104 0.008654952049255371
v 0.034105949103832245 -0.0411759614944458 0.008746980689466
v 0.03261493891477585 -0.04141794890165329 0.008937953971326351
v 0.042029969394207 -0.03816394880414009 0.010945970192551613
v 0.04130696877837181 -0.03798794001340866 0.012466959655284882
v 0.04362696036696434 -0.03763794153928757 0.010278989560902119
v 0.0457879900932312 -0.0363609716296196 0.010586969554424286
v 0.046587999910116196 -0.03661197051405907 0.008866964839398861
v 0.04081498831510544 -0.038607001304626465 0.011215980164706707
v 0.02374397963285446 -0.04193197935819626 0.01456694956868887
v 0.02198898047208786 -0.04196000099182129 0.016205960884690285
v 0.026653999462723732 -0.04167395085096359 0.014253970235586166
v 0.03343600034713745 -0.04141794890165329 0.007808982860296965
v 0.035429950803518295 -0.044263001531362534 -0.021487949416041374
v 0.03527199849486351 -0.044263001531362534 -0.004781960975378752
v 0.03198796138167381 -0.042086001485586166 0.013438990339636803
v 0.031943969428539276 -0.0437769815325737 0.01341794990003109
v 0.028577979654073715 -0.04415297135710716 0.013977999798953533
v 0.02058500051498413 -0.044048961251974106 0.014754950068891048
v 0.023422950878739357 -0.044263001531362534 0.014553960412740707
v 0.026189979165792465 -0.044245000928640366 0.014275959692895412
v 0.016296980902552605 -0.044263001531362534 0.009797990322113037
v 0.016588980332016945 -0.044263001531362534 -0.020933980122208595
v 0.02197498083114624 -0.044263001531362534 -0.02675396017730236
v 0.031672000885009766 -0.044263001531362534 -0.026661990210413933
v 0.035148970782756805 -0.044114939868450165 0.007019996177405119
v 0.03515499085187912 -0.04305797070264816 0.008034943602979183
v 0.035196948796510696 -0.044263001531362534 0.002545952098444104
v 0.03523194044828415 -0.044263001531362534 -0.0007409999379888177
v 0.017337970435619354 -0.044999949634075165 -0.020926950499415398
v 0.017046980559825897 -0.044999949634075165 0.009804964065551758
v 0.0241959597915411 -0.044999949634075165 -0.006694972049444914
v 0.0242039505392313 -0.044999949634075165 -0.005626976024359465
v 0.024728000164031982 -0.04479198902845383 -0.0063009848818182945
v 0.032786961644887924 -0.044999949634075165 -0.02413593977689743
v 0.03330998867750168 -0.04479395970702171 -0.02481096051633358
v 0.032426949590444565 -0.044999949634075165 -0.02558797039091587
v 0.019505970180034637 -0.044999949634075165 -0.025524970144033432
v 0.018960950896143913 -0.044999949634075165 -0.024075979366898537
v 0.021967940032482147 -0.044999949634075165 -0.026003949344158173
v 0.02599197067320347 -0.044999949634075165 -0.00948399305343628
v 0.03166496008634567 -0.044999949634075165 -0.025911979377269745
v 0.02086097002029419 -0.044999949634075165 0.013983960263431072
v 0.026040969416499138 -0.044999949634075165 -0.002864955924451351
v 0.019032949581742287 -0.044999949634075165 0.01224695984274149
v 0.02565198950469494 -0.044999949634075165 0.0135879497975111
v 0.030998999252915382 -0.044999949634075165 0.0074269771575927734
v 0.0233609601855278 -0.044999949634075165 0.013805979862809181
v 0.018541989848017693 -0.044794969260692596 0.012914000079035759
v 0.01970594935119152 -0.044999949634075165 0.013876969926059246
v 0.03193097934126854 -0.04449193924665451 0.012802000157535076
v 0.03268897160887718 -0.04457198828458786 0.011451950296759605
v 0.028846969828009605 -0.0448489710688591 0.013248980045318604
v 0.032105978578329086 -0.044817980378866196 0.009633958339691162
v 0.028535960242152214 -0.04488496854901314 0.013294990174472332
v 0.03162895888090134 -0.04495399817824364 0.008683978579938412
v -0.006440997123718262 -0.044263001531362534 0.013502949848771095
v -0.008369982242584229 -0.04426395148038864 0.012394960038363934
v -0.008320987224578857 -0.04345798119902611 0.012449969537556171
v -0.00014199998986441642 -0.044263001531362534 0.014959990046918392
v -0.002322970889508724 -0.044263001531362534 0.014778969809412956
v -0.0044539570808410645 -0.044263001531362534 0.014281979762017727
v 0.005271971225738525 -0.043471988290548325 0.008527994155883789
v -0.001994966994971037 -0.044263001531362534 0.009838998317718506
v -0.005432962905615568 -0.043471988290548325 0.00842595100402832
v -0.003797947894781828 -0.04444795101881027 0.009349942207336426
v -0.005460977088660002 -0.04444795101881027 0.00848698616027832
v -9.499999578110874e-05 -0.044263001531362534 0.010038970038294792
v 0.0018079869914799929 -0.044263001531362534 0.009874998591840267
v 0.003619967959821224 -0.04444795101881027 0.009419976733624935
v 0.005445957183837891 -0.04444795101881027 0.008529961109161377
v 0.006013988982886076 -0.044999949634075165 0.009113967418670654
v 0.0038709640502929688 -0.044999949634075165 0.01007097028195858
v 0.009057997725903988 -0.044999949634075165 0.014296939596533775
v -0.00013499999477062374 -0.044999949634075165 0.014209980145096779
v 0.0009199999622069299 -0.044999949634075165 0.01070099975913763
v -0.0022059669718146324 -0.044999949634075165 0.014037960208952427
v -0.0021439790725708008 -0.044999949634075165 0.010573980398476124
v -0.005173981189727783 -0.044999949634075165 0.013195989653468132
v -0.005097984801977873 -0.044999949634075165 0.009489952586591244
v -0.008069992065429688 -0.044999949634075165 0.011575990356504917
v 0.009890972636640072 -0.044951971620321274 0.014181969687342644
v 0.010100959800183773 -0.044999949634075165 0.012458980083465576
v 0.007212996017187834 -0.044999949634075165 0.009370981715619564
v -0.007716952823102474 -0.044999949634075165 0.009637950919568539
v -0.007208942901343107 -0.043471988290548325 -0.006967960856854916
v -0.0004889999981969595 -0.044263001531362534 -0.010027999989688396
v 0.003190994029864669 -0.043471988290548325 -0.00950395967811346
v 0.0013799660373479128 -0.04444795101881027 -0.009996949695050716
v 0.0032039880752563477 -0.04444795101881027 -0.009569942019879818
v -0.005827962886542082 -0.04444795101881027 -0.00823897123336792
v -0.007377982139587402 -0.04444795101881027 -0.006926952861249447
v -0.004182993900030851 -0.044263001531362534 -0.009125947020947933
v -0.0023789999540895224 -0.044263001531362534 -0.009753941558301449
v -0.0025569789577275515 -0.044999949634075165 -0.010481949895620346
v 0.00797796156257391 -0.044999949634075165 -0.020321959629654884
v -0.0044959778897464275 -0.044999949634075165 -0.009807944297790527
v -0.01073496975004673 -0.044999949634075165 -0.010390990413725376
v -0.0005249999812804163 -0.044999949634075165 -0.010776990093290806
v 0.0014749759575352073 -0.044999949634075165 -0.010687939822673798
v 0.0034249420277774334 -0.044999949634075165 -0.010230950079858303
v -0.007124959956854582 -0.044999949634075165 -0.008079946041107178
v -0.011266940273344517 -0.044999949634075165 -0.009482978843152523
v -0.00995397474616766 -0.044999949634075165 -0.007725954055786133
v 0.00989598035812378 -0.04495399817824364 -0.019593000411987305
v 0.009015977382659912 -0.044999949634075165 -0.02026098035275936
v 0.009631991386413574 -0.044999949634075165 -0.018568990752100945
v 0.004889965057373047 -0.044999949634075165 -0.010766980238258839
v 0.0042219748720526695 -0.04495095834136009 -0.010086949914693832
v 0.007626949809491634 -0.044263001531362534 -0.020984940230846405
v -0.011085979640483856 -0.044263001531362534 -0.011052959598600864
v 0.0151169802993536 -0.044263001531362534 -0.016431979835033417
v 0.014872959814965725 -0.044263001531362534 0.009333968162536621
v 0.006967960856854916 -0.043471988290548325 -0.007208942901343107
v 0.00848698616027832 -0.04444795101881027 0.005460977088660002
v 0.009283958934247494 -0.04444795101881027 0.0039559598080813885
v 0.00842595100402832 -0.043471988290548325 0.005432962905615568
v 0.009765981696546078 -0.044263001531362534 0.0023269650992006063
v 0.010021979920566082 -0.044263001531362534 0.0005970000056549907
v 0.00997298862785101 -0.044263001531362534 -0.001150964992120862
v 0.009621976874768734 -0.044263001531362534 -0.002863943111151457
v 0.008979976177215576 -0.044263001531362534 -0.004489957820624113
v 0.00813895370811224 -0.04444795101881027 -0.0059659481048583984
v 0.006926952861249447 -0.04444795101881027 -0.007377982139587402
v 0.010632989928126335 -0.044999949634075165 0.0015709990402683616
v 0.014122960157692432 -0.044999949634075165 0.0093269944190979
v 0.01071797963231802 -0.044999949634075165 -0.001236974960193038
v 0.014366979710757732 -0.044999949634075165 -0.016438959166407585
v 0.00999599602073431 -0.044999949634075165 -0.003950953017920256
v 0.0075049991719424725 -0.044999949634075165 -0.007750988006591797
v 0.008701980113983154 -0.044999949634075165 -0.006378948222845793
v 0.009499967098236084 -0.044999949634075165 0.005033968947827816
v 0.014069969765841961 -0.04495399817824364 -0.017453959211707115
v 0.012972950004041195 -0.044999949634075165 -0.017578000202775
v 0.012048950418829918 -0.044999949634075165 -0.01709996908903122
v 0.007306993007659912 -0.044999949634075165 -0.00929796602576971
v 0.006749987136572599 -0.04479295015335083 -0.00863796379417181
v 0.010607000440359116 -0.044999949634075165 0.008789955638349056
v 0.01338696014136076 -0.044999949634075165 0.010225949808955193
v 0.00873798131942749 -0.04495095834136009 0.0065749878995120525
v 0.11956900358200073 -0.019539950415492058 -0.0511699914932251
v 0.11807599663734436 -0.019499000161886215 -0.04901795834302902
v 0.11875999718904495 -0.018626980483531952 -0.047894950956106186
v 0.11945399641990662 -0.017697980627417564 -0.0466499887406826
v 0.12084200233221054 -0.015059939585626125 -0.04231493920087814
v 0.12412499636411667 -0.010770970024168491 -0.036681950092315674
v 0.07931195944547653 -0.0363609716296196 -0.035568948835134506
v 0.07813196629285812 -0.036152951419353485 -0.03345400094985962
v 0.07985299080610275 -0.035535991191864014 -0.03436100110411644
v 0.11260700225830078 -0.02446299046278 -0.053240951150655746
v 0.11001600325107574 -0.024801960214972496 -0.05047595128417015
v 0.11143200099468231 -0.024210980162024498 -0.05102597922086716
v 0.11277099698781967 -0.023468969389796257 -0.05111395940184593
v 0.1147959977388382 -0.02349597029387951 -0.053963951766490936
v 0.12222400307655334 -0.009200990200042725 -0.03034495934844017
v 0.1236409991979599 -0.009221971035003662 -0.03234595060348511
v 0.12234000116586685 -0.010383959859609604 -0.033306948840618134
v 0.04854995012283325 -0.03534197062253952 0.009195983409881592
v 0.1222430020570755 -0.012395969592034817 -0.03793596848845482
v 0.1225920021533966 -0.01146996021270752 -0.036223940551280975
v 0.1243090033531189 -0.009772956371307373 -0.03457098826766014
v 0.12105300277471542 -0.010100959800183773 -0.03086400032043457
v 0.1202709972858429 -0.00971299409866333 -0.028869979083538055
v 0.11944100260734558 -0.010498999617993832 -0.029586970806121826
v 0.11918999999761581 -0.010559969581663609 -0.029387950897216797
v 0.047914981842041016 -0.03613698109984398 0.008188962005078793
v 0.11419100314378738 -0.022665970027446747 -0.051167961210012436
v 0.11688700318336487 -0.02222095988690853 -0.05382496118545532
v 0.11560700088739395 -0.021652989089488983 -0.05071793869137764
v 0.11646600067615509 -0.020966939628124237 -0.050274960696697235
v 0.11856289952993393 -0.0208320003002882 -0.052843980491161346
v 0.07350397109985352 -0.037721991539001465 -0.031092999503016472
v 0.07441800087690353 -0.03796695917844772 -0.03305995091795921
v 0.06935995072126389 -0.038912948220968246 -0.029104940593242645
v 0.06943296641111374 -0.03930497169494629 -0.03068697080016136
v 0.06699895113706589 -0.03952097147703171 -0.02828299067914486
v 0.06884700059890747 -0.03946297988295555 -0.03040795959532261
v 0.0659719705581665 -0.040141988545656204 -0.029307959601283073
v 0.0643569827079773 -0.040201958268880844 -0.02736395038664341
v 0.06300497055053711 -0.040790971368551254 -0.02856397069990635
v 0.05951397866010666 -0.04141794890165329 -0.02809596061706543
v 0.05887800082564354 -0.04132597893476486 -0.026554999873042107
v 0.06121294945478439 -0.04090499132871628 -0.026776960119605064
v 0.06274998188018799 -0.04056096076965332 -0.02706396020948887
v 0.05396895855665207 -0.04190694913268089 -0.026447949931025505
v 0.055826958268880844 -0.04185295104980469 -0.02797394059598446
v 0.055777959525585175 -0.041754961013793945 -0.026443000882864
v 0.043320950120687485 -0.046999990940093994 -0.008375941775739193
v 0.00574797298759222 -0.046999990940093994 -0.002727984916418791
v 0.005575953982770443 -0.046999990940093994 -0.002950965892523527
v 0.018772950395941734 -0.046999990940093994 -0.02589797042310238
v 0.020359989255666733 -0.046999990940093994 -0.026181990280747414
v 0.0005109999910928309 -0.046999990940093994 -0.008245944045484066
v 0.015764949843287468 -0.046999990940093994 -0.024752970784902573
v 0.0003299999807495624 -0.046999990940093994 -0.008429943583905697
v 8.099999831756577e-05 -0.046999990940093994 -0.00849997904151678
v -0.011251980438828468 -0.046999990940093994 -0.010413999669253826
v 0.054143961519002914 -0.046999990940093994 -0.025961989536881447
v 0.051503948867321014 -0.046999990940093994 -0.02083395980298519
v 0.02196997031569481 -0.046999990940093994 -0.02626699022948742
v 0.04782795161008835 -0.046999990940093994 -0.014964990317821503
v 0.045753948390483856 -0.046999990940093994 -0.011655979789793491
v 0.017232950776815414 -0.046999990940093994 -0.02541898936033249
v -0.0003429999924264848 -0.046999990940093994 -0.008173941634595394
v -0.01214694045484066 -0.046999990940093994 -0.009830950759351254
v -0.013239970430731773 -0.046999990940093994 -0.00866997241973877
v -0.004986940883100033 -0.046999990940093994 -0.0031929609831422567
v -0.005267976783216 -0.046999990940093994 -0.003181993030011654
v -0.00035999997635371983 -0.046999990940093994 -0.007753967773169279
v -0.006120978854596615 -0.046999990940093994 -0.0006379999686032534
v -0.005903958808630705 -0.046999990940093994 -0.00045999998110346496
v -0.012602980248630047 -0.046999990940093994 0.007117986213415861
v 0.0005760000203736126 -0.046999990940093994 -0.007994948886334896
v 0.000505999953020364 -0.046999990940093994 -0.007745981216430664
v 0.005326985847204924 -0.046999990940093994 -0.0030819769017398357
v -0.014424970373511314 -0.046999990940093994 -0.0051939478144049644
v -0.0143199497833848 -0.046999990940093994 -0.006255983840674162
v -0.014026990160346031 -0.046999990940093994 -0.007281959056854248
v -0.0055189719423651695 -0.046999990940093994 -0.0030559890437871218
v -0.0144729595631361 -0.046999990940093994 -0.00013699999544769526
v 0.005910992156714201 -0.046999990940093994 -0.0003480000013951212
v 0.004505991004407406 -0.046999990940093994 0.0038419959601014853
v 0.005637942813336849 -0.046999990940093994 -0.0002809999859891832
v 0.004327951930463314 -0.046999990940093994 0.0036239619366824627
v 0.006131947040557861 -0.046999990940093994 -0.0005219999584369361
v 0.006260991096496582 -0.046999990940093994 -0.0007719999994151294
v 0.006273983977735043 -0.046999990940093994 -0.0010529749561101198
v 0.0013989800354465842 -0.046999990940093994 -0.00599294900894165
v 0.001200973056256771 -0.046999990940093994 -0.006192982196807861
v 0.000195999993593432 -0.046999990940093994 -0.007532000076025724
v 0.0009379999828524888 -0.046999990940093994 -0.006292997859418392
v -0.0001779999874997884 -0.046999990940093994 -0.007568954955786467
v -0.000818000000435859 -0.046999990940093994 -0.006308971904218197
v -0.0030469889752566814 -0.046999990940093994 0.0055849552154541016
v -0.002776979934424162 -0.046999990940093994 0.005663990043103695
v -0.0056649441830813885 -0.046999990940093994 0.013318950310349464
v 0.03796695917844772 -0.046999990940093994 -0.0011569849448278546
v 0.004576981067657471 -0.046999990940093994 0.004113972187042236
v -0.013423969969153404 -0.046999990940093994 0.005411982070654631
v -0.014014950022101402 -0.046999990940093994 0.0036129949148744345
v -0.006244956981390715 -0.046999990940093994 -0.0008899999666027725
v -0.014366979710757732 -0.046999990940093994 0.0017529720207676291
v -0.006252944003790617 -0.046999990940093994 -0.0011719459434971213
v -0.005694984924048185 -0.046999990940093994 -0.0028359880670905113
v -0.00013699999544769526 -0.046999990940093994 0.0144729595631361
v -0.002951978938654065 -0.046999990940093994 0.014137979596853256
v 0.002157985931262374 -0.046999990940093994 0.005514978896826506
v -0.0024979710578918457 -0.046999990940093994 0.005624949000775814
v -0.0010829559760168195 -0.046999990940093994 -0.006214975845068693
v -0.0012849560007452965 -0.046999990940093994 -0.006018995773047209
v 0.0023909800220280886 -0.046999990940093994 0.005670963786542416
v 0.0026689760852605104 -0.046999990940093994 0.00571596622467041
v 0.013726940378546715 -0.046999990940093994 0.014603969641029835
v 0.004982947837561369 -0.046999990940093994 9.000000318337698e-06
v 0.005281983874738216 -0.046999990940093994 -0.00020099998801015317
v 0.004786968231201172 -0.046999990940093994 0.00031800000579096377
v 0.004010974895209074 -0.046999990940093994 0.002632975112646818
v -0.00461196806281805 -0.046999990940093994 0.004304945003241301
v -0.011565979570150375 -0.046999990940093994 0.008701980113983154
v -0.004456995986402035 -0.046999990940093994 0.004539966117590666
v -0.007354973815381527 -0.046999990940093994 0.012465950101613998
v -0.008918999694287777 -0.046999990940093994 0.011398970149457455
v -0.010330970399081707 -0.046999990940093994 0.010136960074305534
v -0.0012649890268221498 -0.046999990940093994 0.00462794303894043
v -0.002108990913257003 -0.046999990940093994 0.0052359700202941895
v -0.0016209479654207826 -0.046999990940093994 0.004711985122412443
v -0.0019169440492987633 -0.046999990940093994 0.0049259657971560955
v -0.004577993880957365 -0.046999990940093994 0.0037559859920293093
v -0.004653989803045988 -0.046999990940093994 0.004026948940008879
v 0.037338968366384506 -0.046999990940093994 -0.00030999997397884727
v 0.03160899132490158 -0.046999990940093994 0.006481945049017668
v 0.004528998862951994 -0.046999990940093994 0.004390954039990902
v 0.024955980479717255 -0.046999990940093994 0.01436799019575119
v 0.004369974136352539 -0.046999990940093994 0.004622994922101498
v 0.0029399991035461426 -0.046999990940093994 0.005641995929181576
v 0.11684100329875946 -0.027157960459589958 -0.0485229417681694
v 0.11922600120306015 -0.025807969272136688 -0.04758094996213913
v 0.12033099681138992 -0.024073949083685875 -0.04405999183654785
v 0.07315397262573242 -0.0417819581925869 -0.02135998010635376
v 0.07341200113296509 -0.041930969804525375 -0.02228498086333275
v 0.11877100169658661 -0.026245949789881706 -0.048520978540182114
v 0.1174200028181076 -0.027102939784526825 -0.04959797114133835
v 0.115215003490448 -0.02813499979674816 -0.049753960222005844
v 0.11442600190639496 -0.028441959992051125 -0.04947894066572189
v 0.07469499111175537 -0.042639970779418945 -0.028390999883413315
v 0.07436895370483398 -0.04275697097182274 -0.028220949694514275
v 0.07368694990873337 -0.04234497994184494 -0.024812990799546242
v 0.074039988219738 -0.0428769513964653 -0.028056969866156578
v 0.06618601083755493 -0.03957796096801758 -0.005825995933264494
v 0.0675550103187561 -0.03984599933028221 -0.00805896520614624
v 0.12286300212144852 -0.01918094977736473 -0.03600895032286644
v 0.06918495148420334 -0.04016494005918503 -0.010719950310885906
v 0.06945996731519699 -0.040254950523376465 -0.011336980387568474
v 0.0709499716758728 -0.04073994979262352 -0.014678950421512127
v 0.07185696810483932 -0.04103595018386841 -0.01671599969267845
v 0.12156499922275543 -0.022136980667710304 -0.04012595862150192
v 0.07221298664808273 -0.04124099016189575 -0.01798998937010765
v 0.07236695289611816 -0.04132895916700363 -0.018542999401688576
v 0.05611199140548706 -0.038567960262298584 0.0068429699167609215
v 0.05740296095609665 -0.03864597901701927 0.005403995048254728
v 0.1212640032172203 -0.015282980166375637 -0.027736959978938103
v 0.059824999421834946 -0.03879296034574509 0.0027049770578742027
v 0.06036597117781639 -0.03885297849774361 0.0020079610403627157
v 0.06300895661115646 -0.03914498910307884 -0.0013999929651618004
v 0.06522399187088013 -0.0393899604678154 -0.004254995845258236
v 0.06549196690320969 -0.03944294899702072 -0.004691957961767912
v 0.12391600012779236 -0.016780970618128777 -0.03266596049070358
v 0.12404300272464752 -0.01618598960340023 -0.03188794106245041
v 0.12223400175571442 -0.015043970197439194 -0.0283929705619812
v 0.1230589970946312 -0.015531949698925018 -0.02990299090743065
v 0.1235010027885437 -0.015267959795892239 -0.029993949458003044
v 0.12403599917888641 -0.01597595028579235 -0.03156596049666405
v 0.016521990299224854 -0.045017000287771225 -0.027287960052490234
v 0.014826949685811996 -0.045017000287771225 -0.026519950479269028
v 0.018298979848623276 -0.045017000287771225 -0.02784097008407116
v 0.02013099007308483 -0.045017000287771225 -0.028168970718979836
v 0.02198898047208786 -0.045017000287771225 -0.028266960754990578
v -0.012189979664981365 -0.045017000287771225 -0.012179969809949398
v -0.016283979639410973 -0.045017000287771225 -0.006629942916333675
v -0.01642495021224022 -0.045017000287771225 -0.005212962161749601
v -0.01589399017393589 -0.045017000287771225 -0.007999955676496029
v -0.015264979563653469 -0.045017000287771225 -0.009278953075408936
v -0.014419970102608204 -0.045017000287771225 -0.010424969717860222
v -0.013382970355451107 -0.045017000287771225 -0.011402959935367107
v -0.016472989693284035 -0.045017000287771225 -0.000155999994603917
v -0.002304970985278487 -0.045017000287771225 0.016311999410390854
v -0.000155999994603917 -0.045017000287771225 0.016472989693284035
v -0.00441396189853549 -0.045017000287771225 0.01587098091840744
v -0.006447969935834408 -0.045017000287771225 0.015158950351178646
v -0.008371949195861816 -0.045017000287771225 0.014187989756464958
v -0.010151980444788933 -0.045017000287771225 0.012973959557712078
v -0.011757959611713886 -0.045017000287771225 0.011537959799170494
v -0.013163980096578598 -0.045017000287771225 0.009903967380523682
v -0.014343970455229282 -0.045017000287771225 0.008100985549390316
v -0.015278990380465984 -0.045017000287771225 0.006159961223602295
v -0.015951989218592644 -0.045017000287771225 0.00411295797675848
v -0.016351990401744843 -0.045017000287771225 0.001994966994971037
v 0.013707989826798439 -0.045017000287771225 0.016604000702500343
v 0.054162971675395966 -0.045017000287771225 -0.027961960062384605
v 0.057237979024648666 -0.04490095004439354 -0.02793394960463047
v 0.06081198900938034 -0.04447995871305466 -0.027902960777282715
v 0.12075600028038025 -0.012931999750435352 -0.027109980583190918
v 0.05560499057173729 -0.036213990300893784 0.007467985153198242
v 0.052276961505413055 -0.037367988377809525 0.00921398401260376
v 0.07337599247694016 -0.04184997081756592 -0.03034394048154354
v 0.11310800164937973 -0.027651960030198097 -0.05143195018172264
v 0.12481699883937836 -0.015355999581515789 -0.03417598828673363
v 0.1225380003452301 -0.020535999909043312 -0.041382960975170135
v 0.12028300017118454 -0.02408199943602085 -0.04859399050474167
v 0.07306396216154099 -0.04193997010588646 -0.03019499033689499
v 0.07275097817182541 -0.04203199967741966 -0.030049970373511314
v 0.07000899314880371 -0.04278897866606712 -0.02903698943555355
v 0.06777697056531906 -0.04331593960523605 -0.02852296084165573
v 0.06705795973539352 -0.04348599165678024 -0.028357980772852898
v 0.06397300213575363 -0.04406797140836716 -0.02799396961927414
v 0.06917399168014526 -0.04214495047926903 -0.015921950340270996
v 0.06720495223999023 -0.04340796917676926 -0.017271989956498146
v 0.06835197657346725 -0.0437079593539238 -0.020414939150214195
v 0.0662660002708435 -0.044704969972372055 -0.021710989996790886
v 0.06515096873044968 -0.044494979083538055 -0.01867895945906639
v 0.06302999705076218 -0.04539399966597557 -0.020132949575781822
v 0.0466189906001091 -0.04197698086500168 0.011105949990451336
v 0.04812699183821678 -0.04200093820691109 0.009566961787641048
v 0.048794981092214584 -0.04119199141860008 0.010275949724018574
v 0.0367879793047905 -0.04519199952483177 0.013592000119388103
v 0.03467797860503197 -0.04570996016263962 0.01386099960654974
v 0.036498960107564926 -0.04573994129896164 0.011958950199186802
v 0.032216958701610565 -0.046267978847026825 0.014128980226814747
v 0.03119896911084652 -0.046417951583862305 0.014183989726006985
v 0.03491497039794922 -0.04644595831632614 0.010174980387091637
v 0.07106500118970871 -0.04391597956418991 -0.02690993994474411
v 0.06983797997236252 -0.04429398849606514 -0.026624970138072968
v 0.06920897215604782 -0.044023990631103516 -0.02354395017027855
v 0.06173396110534668 -0.04630899056792259 -0.025765949860215187
v 0.06193000078201294 -0.046173978596925735 -0.024403980001807213
v 0.05971597880125046 -0.04659795016050339 -0.02579795941710472
v 0.05736798048019409 -0.04687594994902611 -0.025863999500870705
v 0.05865800008177757 -0.04660098999738693 -0.023129990324378014
v 0.05644398182630539 -0.04690098017454147 -0.024647949263453484
v 0.054551951587200165 -0.04698394984006882 -0.025949949398636818
v 0.05367099866271019 -0.046885959804058075 -0.019158000126481056
v 0.033308979123830795 -0.046863969415426254 0.008365987800061703
v 0.03976093977689743 -0.046862948685884476 0.0007280000136233866
v 0.027957970276474953 -0.046840958297252655 0.014334970153868198
v 0.028535960242152214 -0.04681098088622093 0.014328950084745884
v 0.04662096127867699 -0.043496958911418915 0.007975994609296322
v 0.04575299844145775 -0.04228895157575607 0.0114359799772501
v 0.04235595092177391 -0.043467991054058075 0.012422969564795494
v 0.04500197991728783 -0.04475098103284836 0.006263970863074064
v 0.041588958352804184 -0.043733950704336166 0.012645949609577656
v 0.03839296102523804 -0.04472196102142334 0.013298979960381985
v 0.05602794140577316 -0.040480971336364746 0.004053949844092131
v 0.04983197897672653 -0.04081796854734421 0.009879945777356625
v 0.05448298901319504 -0.04214894026517868 0.0025389790534973145
v 0.05124294012784958 -0.04031699150800705 0.009229958057403564
v 0.05273699015378952 -0.039786990731954575 0.00854098703712225
v 0.05890797823667526 -0.040648989379405975 0.0006339999963529408
v 0.04996597021818161 -0.046875 -0.013076960109174252
v 0.055824991315603256 -0.04654097184538841 -0.017438940703868866
v 0.06085997074842453 -0.04609799012541771 -0.02162097953259945
v 0.06411998718976974 -0.04552894085645676 -0.02304399013519287
v 0.0647529885172844 -0.0457039400935173 -0.025826990604400635
v 0.05605696886777878 -0.04495799168944359 -0.007629990112036467
v 0.06006395071744919 -0.04515295848250389 -0.014057990163564682
v 0.062102969735860825 -0.04411900043487549 -0.012430960312485695
v 0.06167798861861229 -0.045267991721630096 -0.017138950526714325
v 0.06376296281814575 -0.044298939406871796 -0.015587979927659035
v 0.06385695189237595 -0.041128989309072495 -0.006083964835852385
v 0.06017500162124634 -0.04395699128508568 -0.009205996058881283
v 0.0579800009727478 -0.0438159704208374 -0.005909978877753019
v 0.06207095831632614 -0.0426439605653286 -0.0075979819521307945
v 0.059807948768138885 -0.042445000261068344 -0.004274963866919279
v 0.06151895970106125 -0.0408659502863884 -0.0027449720073491335
v 0.06577301025390625 -0.04312895983457565 -0.014091960154473782
v 0.06405997276306152 -0.04287296161055565 -0.010868960060179234
v 0.06768994778394699 -0.041771940886974335 -0.012665979564189911
v 0.06591498106718063 -0.041431959718465805 -0.009388983249664307
v 0.06710296124219894 -0.044927000999450684 -0.0246999803930521
v 0.05953698977828026 -0.04602795094251633 -0.01873099058866501
v 0.05280797928571701 -0.043604958802461624 0.0008970000199042261
v 0.05727696046233177 -0.04227900132536888 -0.0008959999540820718
v 0.04532396048307419 -0.046866949647665024 -0.006433962844312191
v 0.052022989839315414 -0.04649394005537033 -0.01123696006834507
v 0.04916495084762573 -0.04577796906232834 -0.0026709430385380983
v 0.04725395888090134 -0.04646097868680954 -0.004542945884168148
v 0.043297939002513885 -0.04573899134993553 0.004463970195502043
v 0.041539959609508514 -0.04644494876265526 0.0026069870218634605
v 0.05796295031905174 -0.04596297815442085 -0.01573299989104271
v 0.05406194180250168 -0.04585396870970726 -0.00941395666450262
v 0.05102597922086716 -0.044820960611104965 -0.0008479999378323555
v 0.06786798685789108 -0.04490095004439354 -0.0261679794639349
v 0.03701198101043701 -0.042721979320049286 0.014842979609966278
v 0.03201394900679588 -0.043973978608846664 0.01571696065366268
v 0.03569095954298973 -0.04309498891234398 0.015113940462470055
v 0.02505999058485031 -0.04479295015335083 0.01635395921766758
v 0.02695298008620739 -0.04465800151228905 0.01621996983885765
v 0.02847098931670189 -0.044550951570272446 0.016112979501485825
v 0.041176971048116684 -0.04139595851302147 0.013780949637293816
v 0.04504400119185448 -0.040021948516368866 0.01247697975486517
v 0.04530400037765503 -0.03992997854948044 0.012389950454235077
v 0.049369990825653076 -0.038428958505392075 0.010666959919035435
v 0.1249300017952919 -0.014086959883570671 -0.03221898898482323
v 0.12499400228261948 -0.014257960021495819 -0.03254096955060959
v 0.1250080019235611 -0.014548949897289276 -0.03301696851849556
v 0.12405899912118912 -0.013079999946057796 -0.029954960569739342
v 0.12454800307750702 -0.013387969695031643 -0.03081797994673252
v 0.12476000189781189 -0.01363897044211626 -0.03137600049376488
v 0.12261699885129929 -0.012744960375130177 -0.028304990381002426
v 0.12347500026226044 -0.012846940197050571 -0.02913695015013218
v 0.12198200076818466 -0.01274596992880106 -0.027803000062704086
v 0.1153390035033226 -0.02700597047805786 -0.05197298154234886
v 0.11659999936819077 -0.02652096003293991 -0.05188196152448654
v 0.11484400182962418 -0.027171960100531578 -0.05193096026778221
v 0.11352899670600891 -0.027550989761948586 -0.05160396918654442
v 0.11708500236272812 -0.026308000087738037 -0.05176198109984398
v 0.1178399994969368 -0.025926940143108368 -0.05142896994948387
v 0.1193469986319542 -0.024996990337967873 -0.05026400089263916
v 0.1186320036649704 -0.025492960587143898 -0.05097496137022972
v 0.11977200210094452 -0.024655990302562714 -0.04971497878432274
v 0.013719970360398293 -0.046848949044942856 0.01536594983190298
v -0.00014699999883305281 -0.04673498123884201 0.015468000434339046
v 0.01371794007718563 -0.046706970781087875 0.015580950304865837
v 0.013713950291275978 -0.04641997069120407 0.016011949628591537
v -0.00015299998631235212 -0.04600995033979416 0.016198990866541862
v 0.01370995957404375 -0.045776959508657455 0.01644694060087204
v 0.013710970059037209 -0.04599099978804588 0.01630299910902977
v 0.025054989382624626 -0.04561996087431908 0.016266999766230583
v 0.02503298968076706 -0.046338971704244614 0.015850959345698357
v 0.02499794028699398 -0.04682695120573044 0.015179989859461784
v -0.016198990866541862 -0.04600995033979416 -0.00015299998631235212
v -0.01608096994459629 -0.04600995033979416 0.0019619460217654705
v -0.015468000434339046 -0.04673498123884201 -0.00014699999883305281
v -0.015354990027844906 -0.04673498123884201 0.0018739700317382812
v -0.014979000203311443 -0.04673498123884201 0.003861963050439954
v -0.014346949756145477 -0.04673498123884201 0.005783975124359131
v -0.013468979857861996 -0.04673498123884201 0.007606983184814453
v -0.012360990047454834 -0.04673498123884201 0.009299992583692074
v -0.011040979996323586 -0.04673498123884201 0.01083397027105093
v -0.00953298807144165 -0.04673498123884201 0.012181989848613739
v -0.007860957644879818 -0.04673498123884201 0.01332199014723301
v -0.006054996978491545 -0.04673498123884201 0.014233940280973911
v -0.004144966136664152 -0.04673498123884201 0.014902940019965172
v -0.0021639459300786257 -0.04673498123884201 0.015316960401833057
v -0.01568697951734066 -0.04600995033979416 0.00404399586841464
v -0.015024960041046143 -0.04600995033979416 0.006056963931769133
v -0.014105970039963722 -0.04600995033979416 0.007966995239257812
v -0.012944989837706089 -0.04600995033979416 0.009739995002746582
v -0.01156300026923418 -0.04600995033979416 0.011345979757606983
v -0.0099829426035285 -0.04600995033979416 0.012757950462400913
v -0.008232951164245605 -0.04600995033979416 0.013951949775218964
v -0.006340980064123869 -0.04600995033979416 0.01490699965506792
v -0.0043409462086856365 -0.04600995033979416 0.015607950277626514
v -0.0022669429890811443 -0.04600995033979416 0.01604098081588745
v 0.05262500047683716 -0.03820300102233887 0.009347975254058838
v 0.05253899097442627 -0.03799599036574364 0.00931399967521429
v 0.04963593930006027 -0.039055999368429184 0.010779970325529575
v 0.05278997868299484 -0.039069950580596924 0.009105980396270752
v 0.05270694941282272 -0.03863697871565819 0.00922697689384222
v 0.049813978374004364 -0.03971397131681442 0.010673989541828632
v 0.04988199099898338 -0.040325991809368134 0.010361960157752037
v 0.052776988595724106 -0.03924797847867012 0.00896596908569336
v 0.04579298943281174 -0.04183297976851463 0.011963959783315659
v 0.04555397853255272 -0.0405769906938076 0.012471970170736313
v 0.04140495881438255 -0.04207098111510277 0.013831970281898975
v 0.04162495955824852 -0.0433189794421196 0.013225969858467579
v 0.03739196062088013 -0.044674988836050034 0.014147990383207798
v 0.03720897063612938 -0.043430980294942856 0.01486200001090765
v 0.03587096184492111 -0.043816979974508286 0.015122950077056885
v 0.036037981510162354 -0.04505997151136398 0.014372999779880047
v 0.03225696086883545 -0.04596995934844017 0.014837980270385742
v 0.032146990299224854 -0.04473197087645531 0.01569497026503086
v 0.02854298986494541 -0.04534399136900902 0.01605897955596447
v 0.04572397097945213 -0.04123895987868309 0.012323969975113869
v 0.041559990495443344 -0.042739979922771454 0.01363897044211626
v 0.03734099119901657 -0.044112980365753174 0.014619939960539341
v 0.035991959273815155 -0.04450397938489914 0.014863960444927216
v 0.032231979072093964 -0.04543197154998779 0.015386990271508694
v 0.028580959886312485 -0.04605596885085106 0.01569795049726963
v 0.0285789892077446 -0.04657195881009102 0.015088969841599464
v -0.015419960021972656 -0.04673498123884201 -0.005202949047088623
v -0.016150949522852898 -0.04600995033979416 -0.005209981929510832
v 0.0556599386036396 -0.036311980336904526 0.007505952846258879
v 0.05613594874739647 -0.037858959287405014 0.007367968093603849
v 0.05598293989896774 -0.03709297999739647 0.00759196188300848
v 0.05595498904585838 -0.037023961544036865 0.007584989070892334
v 0.055935971438884735 -0.03697996959090233 0.007579981815069914
v 0.05614297837018967 -0.03789496049284935 0.007356940768659115
v -0.0120619498193264 -0.04600995033979416 -0.011938979849219322
v -0.0132139902561903 -0.04600995033979416 -0.011187969706952572
v -0.01171898003667593 -0.04673498123884201 -0.011292990297079086
v -0.013214940205216408 -0.04673498123884201 -0.010185950435698032
v -0.014406969770789146 -0.04673498123884201 -0.00875699520111084
v -0.015125979669392109 -0.04673498123884201 -0.0070409770123660564
v -0.014214989729225636 -0.04600995033979416 -0.01024395041167736
v -0.015030980110168457 -0.04600995033979416 -0.00913697388023138
v -0.015637990087270737 -0.04600995033979416 -0.007901965640485287
v -0.016014989465475082 -0.04600995033979416 -0.006578980945050716
v 0.12109299749135971 -0.013694999739527702 -0.026988979429006577
v 0.12128999829292297 -0.014608969911932945 -0.027233000844717026
v 0.12111099809408188 -0.013734989799559116 -0.026982959359884262
v 0.12129200249910355 -0.014573990367352962 -0.02720694988965988
v 0.01529895979911089 -0.04673498123884201 -0.025631960481405258
v 0.014955990016460419 -0.04600995033979416 -0.026277950033545494
v 0.1222200021147728 -0.013538950122892857 -0.027682960033416748
v 0.12312299758195877 -0.013563989661633968 -0.028511999174952507
v 0.12480100244283676 -0.015957949683070183 -0.033653970807790756
v 0.12448400259017944 -0.01645898073911667 -0.0331229493021965
v 0.12495200335979462 -0.01505196001380682 -0.03236198052763939
v 0.12461499869823456 -0.015639960765838623 -0.031992968171834946
v 0.12462799996137619 -0.014218980446457863 -0.030803969129920006
v 0.12396000325679779 -0.013736959546804428 -0.02950095944106579
v 0.12433400005102158 -0.014898950234055519 -0.030621999874711037
v 0.12358400225639343 -0.014433969743549824 -0.029231959953904152
v 0.12244900315999985 -0.014342959970235825 -0.028010960668325424
v 0.02197694033384323 -0.0468209907412529 -0.026939980685710907
v 0.021982960402965546 -0.046372950077056885 -0.027626989409327507
v 0.021979980170726776 -0.04673498123884201 -0.027261970564723015
v 0.020245959982275963 -0.04673498123884201 -0.027170000597834587
v 0.021986959502100945 -0.04568897932767868 -0.02808099053800106
v 0.021985940635204315 -0.04600995033979416 -0.027992960065603256
v 0.020161980763077736 -0.04600995033979416 -0.027897000312805176
v 0.01853697933256626 -0.04673498123884201 -0.02686399035155773
v 0.016879970207810402 -0.04673498123884201 -0.026348939165472984
v 0.0183639507740736 -0.04600995033979416 -0.027574950829148293
v 0.016618959605693817 -0.04600995033979416 -0.027032969519495964
v 0.12214700132608414 -0.021773990243673325 -0.04052494838833809
v 0.11982890218496323 -0.025416970252990723 -0.0479239784181118
v 0.1202009990811348 -0.02480899915099144 -0.04828000068664551
v 0.12248899787664413 -0.021210959181189537 -0.040966980159282684
v 0.054161958396434784 -0.04570496082305908 -0.02783399075269699
v 0.05414998158812523 -0.04687798023223877 -0.026649950072169304
v 0.05415099114179611 -0.046836968511343 -0.026714980602264404
v 0.05415695160627365 -0.04641997069120407 -0.027369970455765724
v 0.0541609488427639 -0.045768968760967255 -0.02779196947813034
v 0.11356800049543381 -0.02825099043548107 -0.05096697062253952
v 0.11403799802064896 -0.028532980009913445 -0.05027097091078758
v 0.11395800113677979 -0.028133980929851532 -0.051122959703207016
v 0.114996999502182 -0.02817499078810215 -0.05055898055434227
v 0.11539299786090851 -0.027637949213385582 -0.051429979503154755
v 0.11699999868869781 -0.026963939890265465 -0.05129497870802879
v 0.11844400316476822 -0.026210960000753403 -0.050638969987630844
v 0.11957500129938126 -0.025436989963054657 -0.049518998712301254
v 0.11701799929141998 -0.027306970208883286 -0.050596948713064194
v 0.11828000098466873 -0.026628969237208366 -0.0500219389796257
v 0.11927299946546555 -0.02595197968184948 -0.04902796819806099
v 0.05729496106505394 -0.04567395895719528 -0.02776896022260189
v 0.05736500024795532 -0.04674594849348068 -0.026645949110388756
v 0.05733894929289818 -0.04632300138473511 -0.02731597051024437
v 0.0610959492623806 -0.04632598161697388 -0.02656196989119053
v 0.061035990715026855 -0.04591399058699608 -0.027257969602942467
v 0.06093496084213257 -0.04526298865675926 -0.027730999514460564
v 0.07383698225021362 -0.042448990046978 -0.02987997978925705
v 0.07430695742368698 -0.04272997006773949 -0.02918297052383423
v 0.06772898882627487 -0.04489796981215477 -0.026901960372924805
v 0.07357995957136154 -0.04286599159240723 -0.02909398078918457
v 0.07387298345565796 -0.042926959693431854 -0.02843295969069004
v 0.07086098194122314 -0.04396497830748558 -0.027591999620199203
v 0.0702970027923584 -0.043362971395254135 -0.028726989403367043
v 0.07322496175765991 -0.04255098104476929 -0.029686979949474335
v 0.07059299200773239 -0.043771978467702866 -0.02822398953139782
v 0.06445497274398804 -0.045705970376729965 -0.026575980708003044
v 0.06432396173477173 -0.04536496847867966 -0.02726398967206478
v 0.0641549825668335 -0.04478894919157028 -0.02776199020445347
v 0.06729400157928467 -0.044137001037597656 -0.028078969568014145
v 0.06752896308898926 -0.044631000608205795 -0.02756994031369686
v -0.004395960830152035 -0.046999990940093994 0.003541945945471525
v -0.004461944103240967 -0.04079997166991234 0.003455996047705412
v -0.004672944080084562 -0.04079997166991234 0.003704965114593506
v -0.004761992953717709 -0.04079997166991234 0.004019975196570158
v -0.0047129979357123375 -0.04079997166991234 0.004342973232269287
v -0.004532991908490658 -0.04079997166991234 0.004616974852979183
v -0.0030979509465396404 -0.04079997166991234 0.005679965019226074
v -0.0027849669568240643 -0.04079997166991234 0.00577199412509799
v -0.002460956107825041 -0.04079997166991234 0.005725978873670101
v -0.0022619960363954306 -0.046999990940093994 0.005472958087921143
v -0.0021849870681762695 -0.04079997166991234 0.005548954010009766
v -0.0020079610403627157 -0.04079997166991234 0.005273996852338314
v -0.0012609950499609113 -0.04079997166991234 0.00473594618961215
v -0.0015759459929540753 -0.04079997166991234 0.00481098797172308
v -0.0018379680113866925 -0.04079997166991234 0.004999995231628418
v 0.0011769529664888978 -0.046999990940093994 0.004650949966162443
v 0.0011709920363500714 -0.04079997166991234 0.004758954048156738
v 0.001907943980768323 -0.04079997166991234 0.0053109521977603436
v 0.002009986899793148 -0.046999990940093994 0.005274950992316008
v 0.0018229479901492596 -0.046999990940093994 0.004960954189300537
v 0.0017429590225219727 -0.04079997166991234 0.005033968947827816
v 0.0015309449518099427 -0.046999990940093994 0.004741965793073177
v 0.0014839760260656476 -0.04079997166991234 0.0048399558290839195
v 0.0020799629855901003 -0.04079997166991234 0.005589962005615234
v 0.0023519990500062704 -0.04079997166991234 0.00577199412509799
v 0.0026749959215521812 -0.04079997166991234 0.005823968909680843
v 0.002989947097375989 -0.04079997166991234 0.005737959872931242
v 0.004444955848157406 -0.04079997166991234 0.004701972007751465
v 0.004628955852240324 -0.04079997166991234 0.004431962035596371
v 0.004684984218329191 -0.04079997166991234 0.004109978210180998
v 0.004601954948157072 -0.04079997166991234 0.003792941104620695
v 0.004395960830152035 -0.04079997166991234 0.0035399789921939373
v 0.004114985000342131 -0.04079997166991234 0.002662956016138196
v 0.00398099422454834 -0.046999990940093994 0.0029969809111207724
v 0.004087984096258879 -0.04079997166991234 0.002984941005706787
v 0.004091978073120117 -0.046999990940093994 0.0033449530601501465
v 0.004186986945569515 -0.04079997166991234 0.003292977111414075
v 0.004887998104095459 -0.04079997166991234 0.0003569999826140702
v 0.0056409831158816814 -0.04079997166991234 -0.00017299999308306724
v 0.005325973033905029 -0.04079997166991234 -0.00010199999815085903
v 0.005061984062194824 -0.04079997166991234 8.399999205721542e-05
v 0.00595897389575839 -0.04079997166991234 -0.00025099999038502574
v 0.006215989124029875 -0.04079997166991234 -0.00045299995690584183
v 0.00636595394462347 -0.04079997166991234 -0.0007439999608322978
v 0.006380974780768156 -0.04079997166991234 -0.001070976024493575
v 0.005844950210303068 -0.04079997166991234 -0.002773999935016036
v 0.005645989906042814 -0.04079997166991234 -0.0030329818837344646
v 0.005355954170227051 -0.04079997166991234 -0.0031859870068728924
v 0.0050469632260501385 -0.046999990940093994 -0.0030979509465396404
v 0.005029975902289152 -0.04079997166991234 -0.003204941051080823
v 0.004783987067639828 -0.046999990940093994 -0.0029959669336676598
v 0.004724978934973478 -0.04079997166991234 -0.003086983924731612
v 0.0038039679639041424 -0.04079997166991234 -0.003090976970270276
v 0.003743946086615324 -0.046999990940093994 -0.0030009739566594362
v 0.00408095121383667 -0.046999990940093994 -0.002859950065612793
v 0.0041019911877810955 -0.04079997166991234 -0.002965986030176282
v 0.004445970058441162 -0.046999990940093994 -0.002857983112335205
v 0.004425941966474056 -0.04079997166991234 -0.002963959937915206
v 0.0017819999484345317 -0.046999990940093994 -0.004454969894140959
v 0.0018499490106478333 -0.04079997166991234 -0.004538952838629484
v 0.001578985946252942 -0.04079997166991234 -0.005417943000793457
v 0.0014749759575352073 -0.046999990940093994 -0.0054489970207214355
v 0.0014409420546144247 -0.046999990940093994 -0.005084990989416838
v 0.0015489449724555016 -0.04079997166991234 -0.005096971057355404
v 0.0015489449724555016 -0.046999990940093994 -0.00473594618961215
v 0.0016439550090581179 -0.04079997166991234 -0.004787981044501066
v 0.0014959570253267884 -0.046999990940093994 -0.00572997285053134
v 0.0016029470134526491 -0.04079997166991234 -0.005744993221014738
v 0.0014899959787726402 -0.04079997166991234 -0.006051957141608
v 0.0012599820038303733 -0.04079997166991234 -0.0062839980237185955
v 0.0009539999882690609 -0.04079997166991234 -0.006399989128112793
v -0.0008319999324157834 -0.04079997166991234 -0.006416975986212492
v -0.0011399979703128338 -0.04079997166991234 -0.006306945811957121
v -0.0013749590143561363 -0.04079997166991234 -0.006078958045691252
v -0.001386999967508018 -0.046999990940093994 -0.005756974220275879
v -0.0014939899556338787 -0.04079997166991234 -0.005773961078375578
v -0.0013709659688174725 -0.046999990940093994 -0.005475996993482113
v -0.0014759890036657453 -0.04079997166991234 -0.005446969997137785
v -0.0017639989964663982 -0.04079997166991234 -0.004572987090796232
v -0.0016969440039247274 -0.046999990940093994 -0.004487990867346525
v -0.0014589419588446617 -0.046999990940093994 -0.004764974117279053
v -0.0015529990196228027 -0.04079997166991234 -0.004817962180823088
v -0.0013439649483188987 -0.046999990940093994 -0.00511199189350009
v -0.0014519690303131938 -0.04079997166991234 -0.005124986171722412
v -0.0036859510000795126 -0.046999990940093994 -0.0030709500424563885
v -0.0037449588999152184 -0.04079997166991234 -0.0031619661021977663
v -0.00466495705768466 -0.04079997166991234 -0.0031759729608893394
v -0.004726945888251066 -0.046999990940093994 -0.003086983924731612
v -0.004390954039990902 -0.046999990940093994 -0.0029419660568237305
v -0.004368959926068783 -0.04079997166991234 -0.003047943115234375
v -0.004025994800031185 -0.046999990940093994 -0.002936959033831954
v -0.004044950008392334 -0.04079997166991234 -0.003042994998395443
v -0.004967987071722746 -0.04079997166991234 -0.0032999510876834393
v -0.005294978152960539 -0.04079997166991234 -0.0032869570422917604
v -0.00558698084205389 -0.04079997166991234 -0.003139971988275647
v -0.005791962146759033 -0.04079997166991234 -0.002884984016418457
v -0.0063599939458072186 -0.04079997166991234 -0.0011909600580111146
v -0.006349979899823666 -0.04079997166991234 -0.0008640000014565885
v -0.0062059760093688965 -0.04079997166991234 -0.0005709999823011458
v -0.005952953826636076 -0.04079997166991234 -0.00036399997770786285
v -0.0056319828145205975 -0.046999990940093994 -0.00038800001493655145
v -0.005636990070343018 -0.04079997166991234 -0.0002799999783746898
v -0.004893958102911711 -0.04079997166991234 0.0002639999729581177
v -0.004792987834662199 -0.046999990940093994 0.00022699999681208283
v -0.004981994163244963 -0.046999990940093994 -8.499999967170879e-05
v -0.005061984062194824 -0.04079997166991234 -1.2000000424450263e-05
v -0.005276978015899658 -0.046999990940093994 -0.0003009999927598983
v -0.005322991870343685 -0.04079997166991234 -0.00020299998868722469
v -0.004059969913214445 -0.046999990940093994 0.0025569789577275515
v -0.004164992831647396 -0.04079997166991234 0.0025849929079413414
v -0.004154980182647705 -0.046999990940093994 0.003266989951953292
v -0.0042489757761359215 -0.04079997166991234 0.0032129879109561443
v -0.004036962054669857 -0.046999990940093994 0.0029209849890321493
v -0.0041439528577029705 -0.04079997166991234 0.0029069778975099325
v 1.1000000085914508e-05 -0.046499960124492645 -0.0077669620513916016
v 0.00022599998919758946 -0.046499960124492645 -0.008253990672528744
v 0.036708950996398926 -0.0426439605653286 0.008057950995862484
v 0.03652000054717064 -0.04141293838620186 0.0068429699167609215
v 0.0367729589343071 -0.041139960289001465 0.007979989051818848
v 0.0369749590754509 -0.040950000286102295 0.00869899895042181
v 0.07384096831083298 -0.03801298141479492 -0.03058898076415062
v 0.06967300176620483 -0.040483951568603516 -0.028600990772247314
v 0.07197397202253342 -0.039692990481853485 -0.02967797964811325
v 0.0784989520907402 -0.03642898052930832 -0.032940980046987534
v 0.07612097263336182 -0.03816794976592064 -0.03171097859740257
v 0.046890970319509506 -0.03799998015165329 -0.000467999983811751
v 0.04704593867063522 -0.03799998015165329 -0.0003759999817702919
v 0.04719299077987671 -0.03799998015165329 -0.0015529990196228027
v 0.046086959540843964 -0.03799998015165329 0.0003209999995306134
v 0.04617594927549362 -0.03799998015165329 0.00047799997264519334
v 0.04659795016050339 -0.04385298117995262 -0.0001539999939268455
v 0.04682499170303345 -0.043860968202352524 -0.0005079999682493508
v 0.047133978456258774 -0.04390894994139671 -0.0013960000360384583
v 0.046968989074230194 -0.04386597126722336 -0.0007349999505095184
v 0.0470239482820034 -0.03799998015165329 -0.014467000029981136
v 0.047178979963064194 -0.03799998015165329 -0.014375980012118816
v 0.04732596129179001 -0.03799998015165329 -0.015551979653537273
v 0.046220000833272934 -0.03799998015165329 -0.013677950017154217
v 0.04630798101425171 -0.03799998015165329 -0.013520950451493263
v 0.045155998319387436 -0.045749958604574203 -0.016233980655670166
v 0.04448198899626732 -0.045749958604574203 -0.01491796039044857
v 0.0459439717233181 -0.045749958604574203 -0.014941990375518799
v 0.04697299003601074 -0.04475897178053856 -0.014496980234980583
v 0.04726696014404297 -0.04475897178053856 -0.015552990138530731
v 0.043133970350027084 -0.045663949102163315 -0.006015955936163664
v 0.044227950274944305 -0.04568194970488548 -0.006328999064862728
v 0.0433349609375 -0.045749958604574203 -0.00820994284003973
v 0.045090969651937485 -0.045749958604574203 -0.010692950338125229
v 0.04627196863293648 -0.0457339808344841 -0.010797969996929169
v 0.04588698968291283 -0.045548971742391586 -0.006309986114501953
v -0.012559950351715088 -0.04444795101881027 0.008030951023101807
v -0.013622989878058434 -0.044263001531362534 0.006183980964124203
v -0.012604949995875359 -0.04345798119902611 0.008083999156951904
v -0.014959990046918392 -0.044263001531362534 -0.00014199998986441642
v -0.014819970354437828 -0.044263001531362534 0.00204199505969882
v -0.014364000409841537 -0.044263001531362534 0.004181981086730957
v 0.009050965309143066 -0.044263001531362534 0.015046950429677963
v -0.014915999956429005 -0.044263001531362534 -0.004764974117279053
v -0.008527994155883789 -0.043471988290548325 0.005271971225738525
v -0.010033960454165936 -0.044263001531362534 -0.0003389999910723418
v -0.00950395967811346 -0.043471988290548325 -0.003190994029864669
v -0.00993198063224554 -0.04444795101881027 -0.001791000016964972
v -0.009569942019879818 -0.04444795101881027 -0.0032039880752563477
v -0.00997298862785101 -0.044263001531362534 0.001150964992120862
v -0.009692966006696224 -0.044263001531362534 0.002614974044263363
v -0.009528993628919125 -0.044539980590343475 0.0033239719923585653
v -0.008529961109161377 -0.04444795101881027 0.005445957183837891
v -0.01070099975913763 -0.044999949634075165 -0.0011389850405976176
v -0.014165990054607391 -0.044999949634075165 -0.004752993118017912
v -0.014209980145096779 -0.044999949634075165 -0.00013499999477062374
v -0.01071797963231802 -0.044999949634075165 0.001236974960193038
v -0.014077959582209587 -0.044999949634075165 0.0019399520242586732
v -0.010159960016608238 -0.044999949634075165 0.0035459990613162518
v -0.013291950337588787 -0.044999949634075165 0.004922986030578613
v -0.009160994552075863 -0.044999949634075165 0.006400941871106625
v -0.010392960160970688 -0.044999949634075165 0.008052945137023926
v -0.01173895038664341 -0.044999949634075165 0.007859945297241211
v -0.010217959992587566 -0.044999949634075165 -0.0037349460180848837
v -0.01159399002790451 -0.044999949634075165 -0.005322991870343685
v -0.013750970363616943 -0.044999949634075165 -0.005605995189398527
v 0.019767990335822105 -0.043856970965862274 -0.026599999517202377
v 0.027828989550471306 -0.044999949634075165 -0.006721972953528166
v 0.027304939925670624 -0.04479198902845383 -0.00604694988578558
v 0.02783696912229061 -0.044999949634075165 -0.005652964115142822
v 0.03299498185515404 -0.044999949634075165 0.005050957202911377
v 0.03443896025419235 -0.044999949634075165 0.00330197811126709
v 0.03467994183301926 -0.044999949634075165 -0.02149498090147972
v 0.03452198952436447 -0.044999949634075165 -0.0047889938578009605
v 0.03448199853301048 -0.044999949634075165 -0.0007489999406971037
v 0.034469958394765854 -0.04484599083662033 0.0070729851722717285
v 0.034065961837768555 -0.044815950095653534 0.007532000076025724
v 0.034646980464458466 -0.044528961181640625 0.008295953273773193
v -0.008790968917310238 -0.04079997166991234 0.003543972037732601
v -0.009478986263275146 -0.04079997166991234 -9.000000136438757e-05
v -0.006765961181372404 -0.04079997166991234 0.006638944149017334
v 0.003709970973432064 -0.04079997166991234 -0.008722960017621517
v 0.006765961181372404 -0.04079997166991234 -0.006638944149017334
v 0.009478986263275146 -0.04079997166991234 9.000000136438757e-05
v 0.008722960017621517 -0.04079997166991234 0.003709970973432064
v 0.006638944149017334 -0.04079997166991234 0.006765961181372404
v -0.008722960017621517 -0.04079997166991234 -0.003709970973432064
v -0.006638944149017334 -0.04079997166991234 -0.006765961181372404
v -0.003709970973432064 -0.04079997166991234 0.008722960017621517
v -9.000000136438757e-05 -0.04079997166991234 0.009478986263275146
v 0.003543972037732601 -0.04079997166991234 0.008790968917310238
v -0.003543972037732601 -0.04079997166991234 -0.008790968917310238
v 9.000000136438757e-05 -0.04079997166991234 -0.009478986263275146
v 0.008790968917310238 -0.04079997166991234 -0.003543972037732601
v -0.009685993194580078 -0.04386698827147484 -0.006656943820416927
v -0.011198990046977997 -0.044263001531362534 -0.007584989070892334
v -0.01187795028090477 -0.044263001531362534 -0.006441949866712093
v -0.010369949974119663 -0.04386698827147484 -0.005532979033887386
v 0.007750988006591797 -0.043471988290548325 0.00882798433303833
v 0.007748960983008146 -0.044263001531362534 0.008845984004437923
v 0.010496970266103745 -0.044263001531362534 0.011646980419754982
v 0.011445989832282066 -0.044263001531362534 0.010715959593653679
v 0.008687973022460938 -0.04386698827147484 0.007915972732007504
v 0.006648956798017025 -0.043471988290548325 -0.009684978984296322
v 0.006665945053100586 -0.044263001531362534 -0.009687960147857666
v 0.011407970450818539 -0.044263001531362534 -0.01748996041715145
v 0.005536973010748625 -0.043471988290548325 -0.01036094967275858
v 0.010272970423102379 -0.044263001531362534 -0.01817994937300682
v 0.005529998801648617 -0.044263001531362534 -0.01037800032645464
v -0.00883698370307684 -0.04386698827147484 0.007749973796308041
v -0.009553967975080013 -0.043860968202352524 0.00845098402351141
v -0.007915972732007504 -0.04386698827147484 0.008687973022460938
v -0.00859898328781128 -0.043859951198101044 0.009358941577374935
v 0.024883979931473732 -0.044263001531362534 -0.0053109521977603436
v 0.017727969214320183 -0.044263001531362534 0.010120980441570282
v 0.02536099962890148 -0.044263001531362534 -0.003179966937750578
v 0.01835297979414463 -0.044263001531362534 0.011931000277400017
v 0.018328959122300148 -0.04340595006942749 0.011947980150580406
v 0.033466991037130356 -0.044263001531362534 -0.023820990696549416
v 0.0266720000654459 -0.044263001531362534 -0.009167969226837158
v 0.0339999683201313 -0.044263001531362534 -0.02180998958647251
v 0.027148960158228874 -0.044263001531362534 -0.007036983035504818
v 0.024870989844202995 -0.044263001531362534 -0.007019996177405119
v 0.018013950437307358 -0.044263001531362534 -0.021252980455756187
v 0.018211960792541504 -0.043859001249074936 -0.02392297051846981
v 0.018285980448126793 -0.044263001531362534 -0.02375096082687378
v 0.02531694993376732 -0.044263001531362534 -0.009157954715192318
v 0.03340696915984154 -0.042086001485586166 0.010608970187604427
v 0.03342700004577637 -0.04387795180082321 0.010762980207800865
v 0.032264940440654755 -0.04421894997358322 0.008322954177856445
v 0.031672000885009766 -0.044263001531362534 0.007095992099493742
v 0.026716940104961395 -0.044263001531362534 -0.0031899800524115562
v 0.03372997045516968 -0.04305797070264816 0.008351980708539486
v 0.03345197066664696 -0.04410796985030174 0.007732986938208342
v 0.03231595829129219 -0.044263001531362534 0.00536996079608798
v 0.02716195024549961 -0.044263001531362534 -0.005327999126166105
v 0.04435395821928978 -0.0455319806933403 -0.005840957164764404
v 0.04360096901655197 -0.045435961335897446 -0.01648597978055477
v 0.04475998133420944 -0.04561698064208031 -0.017082979902625084
v 0.046262968331575394 -0.04561698064208031 -0.016664979979395866
v 0.04665194824337959 -0.04561698064208031 -0.015154950320720673
v 0.026315979659557343 -0.044276949018239975 -0.008828996680676937
v 0.025677969679236412 -0.044276949018239975 -0.008823989890515804
v 0.025716960430145264 -0.044276949018239975 -0.0035199520643800497
v 0.0263549592345953 -0.044276949018239975 -0.0035239451099187136
v 0.03435695171356201 -0.04429696872830391 -0.02214895933866501
v 0.034995969384908676 -0.04430896043777466 -0.02215098962187767
v 0.03535699099302292 -0.044287968426942825 -0.02181595005095005
v 0.016770949587225914 -0.04429398849606514 -0.021385960280895233
v 0.017340950667858124 -0.04430495947599411 -0.02165699005126953
v 0.01780598983168602 -0.04428594931960106 -0.021511970087885857
v 0.035073988139629364 -0.0431089885532856 0.008356988430023193
v 0.034718990325927734 -0.043110959231853485 0.008682966232299805
v 0.03408699855208397 -0.043088968843221664 0.008682966232299805
v 0.017368970438838005 -0.04429696872830391 0.01045995019376278
v 0.016730960458517075 -0.04430896043777466 0.010461979545652866
v 0.01636998914182186 -0.044287968426942825 0.010125990025699139
v 0.026984980329871178 -0.04426395148038864 -0.006095944903790951
v 0.025047950446605682 -0.04426395148038864 -0.006251989863812923
v 0.03364098072052002 -0.044270988553762436 -0.024816980585455894
v 0.03254996985197067 -0.044270988553762436 -0.026429949328303337
v 0.03330497816205025 -0.044273968786001205 -0.02576695941388607
v 0.01808195933699608 -0.04386895149946213 -0.02468395046889782
v 0.018293969333171844 -0.04387294873595238 -0.025514960289001465
v 0.018930969759821892 -0.04386895149946213 -0.02624695934355259
v 0.03255897015333176 -0.04373496025800705 0.013189969584345818
v 0.033577971160411835 -0.042949970811605453 0.01151197962462902
v 0.033382948487997055 -0.04292500019073486 0.012326950207352638
v 0.03286397084593773 -0.042914979159832 0.012984990142285824
v 0.018172970041632652 -0.04385095089673996 0.012891939841210842
v 0.019335979595780373 -0.04385095089673996 0.014592939987778664
v 0.01894794963300228 -0.044273968786001205 0.014357980340719223
v 0.018490970134735107 -0.043856970965862274 0.013887999579310417
v -0.006215989124029875 -0.04387294873595238 0.008147001266479492
v -0.0070729851722717285 -0.04387294873595238 0.008211970329284668
v -0.008313952945172787 -0.04445099085569382 0.006554961204528809
v -0.008383989334106445 -0.04387294873595238 0.007048964034765959
v -0.008263944648206234 -0.04387294873595238 0.006058990024030209
v -0.00942695140838623 -0.04387294873595238 -0.004018961917608976
v -0.009559988044202328 -0.04445099085569382 -0.004335999023169279
v -0.009803949855268002 -0.04396497830748558 -0.004962979815900326
v -0.008040963672101498 -0.04387294873595238 -0.00647699786350131
v -0.00889599323272705 -0.04387294873595238 -0.006390987895429134
v 0.011027989909052849 -0.04428194835782051 0.013214940205216408
v 0.010719000361859798 -0.04428296908736229 0.014135000295937061
v 0.010003980249166489 -0.04427599161863327 0.014800960198044777
v 0.010862939991056919 -0.044272951781749725 0.0122639499604702
v 0.012293989770114422 -0.04427599161863327 0.011215980164706707
v 0.014138990081846714 -0.04428194835782051 0.010818949900567532
v 0.013269959948956966 -0.04428296908736229 0.01125096995383501
v 0.014694980345666409 -0.044272951781749725 0.010028949938714504
v 0.014857940375804901 -0.044284988194704056 -0.017432980239391327
v 0.01313996035605669 -0.044474948197603226 -0.018391959369182587
v 0.014104959554970264 -0.044474948197603226 -0.018121950328350067
v 0.012166970409452915 -0.04446500167250633 -0.018144959583878517
v 0.009575963020324707 -0.044474948197603226 -0.02087496966123581
v 0.010266950353980064 -0.044474948197603226 -0.020148990675807
v 0.01056199986487627 -0.044284988194704056 -0.019171949476003647
v 0.008613944053649902 -0.04446500167250633 -0.021159939467906952
v 0.006390987895429134 -0.04387294873595238 -0.00889599323272705
v 0.00647699786350131 -0.04387294873595238 -0.008040963672101498
v 0.004018961917608976 -0.04387294873595238 -0.00942695140838623
v 0.004833995830267668 -0.04387294873595238 -0.009700000286102295
v 0.006198942195624113 -0.04387294873595238 0.008256970904767513
v 0.007048964034765959 -0.04387294873595238 0.008383989334106445
v 0.008147001266479492 -0.04387294873595238 0.006215989124029875
v 0.008211970329284668 -0.04387294873595238 0.0070729851722717285
v -0.00888597872108221 -0.04396200180053711 0.011806960217654705
v -0.009172976016998291 -0.04387395828962326 0.011033950373530388
v -0.009112000465393066 -0.04445397108793259 0.010710950009524822
v -0.009049952030181885 -0.04386996850371361 0.010051960125565529
v -0.012018970213830471 -0.04386996850371361 0.008653998374938965
v -0.010270950384438038 -0.043473001569509506 0.008893965743482113
v -0.010611950419843197 -0.044452961534261703 0.00886595156043768
v -0.011353960260748863 -0.04387395828962326 0.008932948112487793
v -0.012775950133800507 -0.04427200183272362 -0.0067039718851447105
v -0.01368193980306387 -0.04427599161863327 -0.006534993182867765
v -0.014186969958245754 -0.04427497833967209 -0.006190955173224211
v -0.014656960032880306 -0.04427200183272362 -0.005663990043103695
v -0.011770959943532944 -0.04427200183272362 -0.010414949618279934
v -0.01208799984306097 -0.04427599161863327 -0.009549975395202637
v -0.012050979770720005 -0.04427497833967209 -0.008939981460571289
v -0.011837949976325035 -0.04427200183272362 -0.008266985416412354
v 0.03490399941802025 -0.042225949466228485 0.011923960410058498
v 0.03489093855023384 -0.043025970458984375 0.011075969785451889
v 0.03629999980330467 -0.04266297072172165 0.010108940303325653
v 0.03581994026899338 -0.0433419905602932 0.009909987449645996
v 0.03545397147536278 -0.04335397109389305 0.00995695497840643
v 0.034987978637218475 -0.043357960879802704 0.010328940115869045
v 0.036871958523988724 -0.04241298884153366 0.010659989900887012
v 0.01557897962629795 -0.044263001531362534 -0.02520494908094406
v 0.011248939670622349 -0.044263001531362534 -0.022906949743628502
v 0.01109497994184494 -0.043473951518535614 -0.022800980135798454
v 0.01579195074737072 -0.043675001710653305 -0.02528798021376133
v 0.016727980226278305 -0.043473001569509506 -0.024487970396876335
v 0.016657939180731773 -0.044447001069784164 -0.024463949725031853
v 0.016094980761408806 -0.044263001531362534 -0.02286195009946823
v 0.01548600010573864 -0.044263001531362534 -0.02216196060180664
v 0.01125395018607378 -0.04386597126722336 -0.021571990102529526
v 0.012935989536345005 -0.044263001531362534 -0.021185990422964096
v 0.013856939971446991 -0.044263001531362534 -0.021297989413142204
v 0.01472495961934328 -0.044263001531362534 -0.021629979833960533
v 0.01348096039146185 -0.044999949634075165 -0.022046979516744614
v 0.015228980220854282 -0.044999949634075165 -0.02300094999372959
v 0.01592797040939331 -0.044999949634075165 -0.02454197034239769
v 0.011599949561059475 -0.044999949634075165 -0.022244980558753014
v 0.0348619781434536 -0.04433995112776756 -0.024693960323929787
v 0.03496098145842552 -0.04432898014783859 -0.02379000000655651
v 0.03545796126127243 -0.04434698075056076 -0.02358096092939377
v 0.034732989966869354 -0.043661948293447495 -0.02583497017621994
v 0.012968000024557114 -0.044263001531362534 0.013092990033328533
v 0.012317949905991554 -0.0434829518198967 0.014004940167069435
v 0.012389950454235077 -0.044447001069784164 0.014002970419824123
v 0.016307950019836426 -0.044263001531362534 0.013010970316827297
v 0.01692897081375122 -0.044447001069784164 0.013890979811549187
v 0.017000969499349594 -0.0434829518198967 0.013889960013329983
v 0.01402198988944292 -0.044263001531362534 0.01251298002898693
v 0.015225940383970737 -0.044263001531362534 0.012482999823987484
v 0.013034990057349205 -0.04387294873595238 0.015029960311949253
v 0.014346949756145477 -0.044263001531362534 0.014996940270066261
v 0.016334950923919678 -0.04387294873595238 0.014947949908673763
v 0.03646694868803024 -0.04170399159193039 0.012431969866156578
v 0.035290949046611786 -0.042054951190948486 0.01252697966992855
v 0.037488989531993866 -0.04141699895262718 0.011403970420360565
v 0.03736596927046776 -0.04139000177383423 0.012012950144708157
v 0.03733700141310692 -0.04299097880721092 0.011712959967553616
v 0.03667395934462547 -0.04305195063352585 0.012319980189204216
v 0.017003949731588364 -0.04388194903731346 0.014414959587156773
v 0.01668797992169857 -0.04388099163770676 0.014846979640424252
v 0.012677960097789764 -0.04388099163770676 0.014944969676434994
v 0.012339940294623375 -0.04388194903731346 0.014528979547321796
v 0.01099895965307951 -0.04387598857283592 -0.021776970475912094
v 0.010853939689695835 -0.04388099163770676 -0.022233959287405014
v 0.01110094040632248 -0.044607989490032196 -0.022386960685253143
v 0.016319990158081055 -0.043969981372356415 -0.025178959593176842
v 0.01669198088347912 -0.043877001851797104 -0.02479696087539196
v 0.034995969384908676 -0.04386800155043602 -0.026440970599651337
v 0.03584599122405052 -0.04384398087859154 -0.026628969237208366
v 0.027493000030517578 -0.04490195959806442 -0.006877957843244076
v 0.03434199094772339 -0.04490095004439354 -0.02165096066892147
v 0.027243969962000847 -0.04463297128677368 -0.00699299480766058
v 0.03409396857023239 -0.04462999105453491 -0.02176593989133835
v 0.02761095017194748 -0.04493296146392822 -0.005543947219848633
v 0.02750295028090477 -0.04490195959806442 -0.005491971038281918
v 0.02737998031079769 -0.04476695880293846 -0.005432962905615568
v 0.0272559504956007 -0.04463297128677368 -0.00537294102832675
v 0.02722596935927868 -0.04451297968626022 -0.005358994007110596
v 0.03476899117231369 -0.044730961322784424 -0.021911969408392906
v 0.035326000303030014 -0.04462999105453491 -0.021488960832357407
v 0.03505200147628784 -0.04490095004439354 -0.02149098925292492
v 0.032368000596761703 -0.04453098028898239 0.005344985984265804
v 0.03251795843243599 -0.04478495940566063 0.00527298403903842
v 0.032749950885772705 -0.04494696110486984 0.005160986911505461
v 0.0348929688334465 -0.04490195959806442 -0.004785954020917416
v 0.03516697138547897 -0.04463297128677368 -0.004782973788678646
v 0.03385800123214722 -0.044545941054821014 0.008016943000257015
v 0.03385800123214722 -0.044545941054821014 0.008016943000257015
v 0.03352499008178711 -0.044397950172424316 0.007735967170447111
v 0.035126980394124985 -0.04463297128677368 -0.0007429999532178044
v 0.03485298156738281 -0.04490195959806442 -0.0007449999684467912
v 0.034809939563274384 -0.04490195959806442 0.003294944064691663
v 0.035083938390016556 -0.04463297128677368 0.0032979839015752077
v 0.035055991262197495 -0.04437797889113426 0.007518947124481201
v 0.034809939563274384 -0.04472595080733299 0.007065950892865658
v 0.02570294961333275 -0.04490095004439354 -0.0030209419783204794
v 0.025983979925513268 -0.044730961322784424 -0.0033109779469668865
v 0.025454990565776825 -0.04462999105453491 -0.0031369919888675213
v 0.02665298990905285 -0.04451297968626022 -0.0031599989160895348
v 0.026623960584402084 -0.044628970324993134 -0.0031459920573979616
v 0.02649896964430809 -0.04476695880293846 -0.0030849569011479616
v 0.02626699022948742 -0.04493296146392822 -0.0029739730525761843
v 0.026376960799098015 -0.04490095004439354 -0.003026962047442794
v 0.01869696006178856 -0.04490195959806442 0.01209098007529974
v 0.018447989597916603 -0.04463297128677368 0.011974990367889404
v 0.031627949327230453 -0.04451894015073776 0.0071169729344546795
v 0.03156596049666405 -0.0446239709854126 0.007146954070776701
v 0.03147000074386597 -0.04478495940566063 0.0071929688565433025
v 0.03132294863462448 -0.04488794878125191 0.007263957988470793
v 0.031228000298142433 -0.04495495185256004 0.007309972774237394
v 0.02058500051498413 -0.04463297128677368 0.01464598998427391
v 0.019617969170212746 -0.044769998639822006 0.014440000057220459
v 0.021981000900268555 -0.04490195959806442 0.01427495013922453
v 0.018897950649261475 -0.044770948588848114 0.013946950435638428
v 0.03320597857236862 -0.04441498965024948 0.010959980078041553
v 0.03195296972990036 -0.0448489710688591 0.008519946597516537
v 0.032743990421295166 -0.0444139800965786 0.009537993930280209
v 0.03329294174909592 -0.0442119799554348 0.011916990391910076
v 0.03271697834134102 -0.04416799172759056 0.01283698994666338
v 0.03197199106216431 -0.044228971004486084 0.013218989595770836
v 0.024565989151597023 -0.04463297128677368 0.014339979737997055
v 0.025689000263810158 -0.04490195959806442 0.013956960290670395
v 0.028590969741344452 -0.04450196027755737 0.013881980441510677
v 0.028575949370861053 -0.04476594179868698 0.013634970411658287
v 0.03536396846175194 -0.04335397109389305 0.012378989718854427
v 0.03649497032165527 -0.043567951768636703 0.011937970295548439
v 0.012560959905385971 -0.04476695880293846 -0.021513989195227623
v 0.01110094040632248 -0.044607989490032196 -0.022386960685253143
v 0.011316950432956219 -0.04462999105453491 -0.021664969623088837
v 0.016359979286789894 -0.044833000749349594 -0.024664990603923798
v 0.015894940122961998 -0.04476695880293846 -0.02299696020781994
v 0.015323990024626255 -0.04476695880293846 -0.02234094962477684
v 0.014204969629645348 -0.04476695880293846 -0.021687980741262436
v 0.026329990476369858 -0.04490095004439354 -0.0093269944190979
v 0.026074999943375587 -0.04476499184966087 -0.009061992168426514
v 0.026577940210700035 -0.04462999105453491 -0.009211957454681396
v 0.025409990921616554 -0.04462999105453491 -0.009202957153320312
v 0.03337198123335838 -0.04463297128677368 -0.023864980787038803
v 0.03312397003173828 -0.04490195959806442 -0.02397996000945568
v 0.018379980698227882 -0.04463297128677368 -0.02379596047103405
v 0.025656990706920624 -0.04490095004439354 -0.009321986697614193
v 0.018626980483531952 -0.04490195959806442 -0.023914989084005356
v 0.03239196166396141 -0.044769998639822006 -0.02625495009124279
v 0.03166794031858444 -0.04490195959806442 -0.026282960548996925
v 0.03167098015546799 -0.04463297128677368 -0.026556959375739098
v 0.03308796137571335 -0.044770948588848114 -0.02567099966108799
v 0.01841896027326584 -0.044769998639822006 -0.02487598918378353
v 0.019025979563593864 -0.044769998639822006 -0.025985950604081154
v 0.019816989079117775 -0.04476695880293846 -0.026355979964137077
v 0.021970979869365692 -0.04490195959806442 -0.02637499012053013
v 0.02197396010160446 -0.04463297128677368 -0.02664899080991745
v 0.02478897012770176 -0.04463297128677368 -0.005355000030249357
v 0.01763295941054821 -0.04462999105453491 0.010076990351080894
v 0.024539940059185028 -0.04490195959806442 -0.005469976924359798
v 0.017385000362992287 -0.04490095004439354 0.009961961768567562
v 0.024776989594101906 -0.04463297128677368 -0.006974995136260986
v 0.024529989808797836 -0.04490195959806442 -0.006855964194983244
v 0.01669096015393734 -0.044628970324993134 -0.020932970568537712
v 0.016966989263892174 -0.04490095004439354 -0.020930999889969826
v 0.01667593978345394 -0.04490095004439354 0.009801982901990414
v 0.017673959955573082 -0.04490095004439354 -0.02108895033597946
v 0.01791995018720627 -0.04462999105453491 -0.021207980811595917
v 0.016879970207810402 -0.04476499184966087 -0.0211519505828619
v 0.017443949356675148 -0.044730961322784424 -0.021390970796346664
v 0.01669895090162754 -0.044815950095653534 0.014281979762017727
v 0.016320999711751938 -0.04462999105453491 0.014837980270385742
v 0.014137979596853256 -0.04490095004439354 0.014607960358262062
v 0.013693979941308498 -0.044631000608205795 0.014905979856848717
v 0.013130960054695606 -0.04476695880293846 0.013270970433950424
v 0.01408499013632536 -0.04476695880293846 0.01274596992880106
v -0.012284990400075912 -0.04490195959806442 0.007854998111724854
v -0.013277940452098846 -0.04490195959806442 0.006026982795447111
v -0.013999990187585354 -0.04490195959806442 0.00407594395801425
v -0.01444493979215622 -0.04490195959806442 0.0019899599719792604
v -0.014580960385501385 -0.04490195959806442 -0.00013800000306218863
v -0.013526969589293003 -0.04463297128677368 0.006139993201941252
v -0.014262969605624676 -0.04463297128677368 0.0041529531590640545
v -0.014716980047523975 -0.04463297128677368 0.0020279879681766033
v -0.014854960143566132 -0.04463297128677368 -0.00014099999680183828
v -0.011742940172553062 -0.044768981635570526 0.008504985831677914
v -0.009565949440002441 -0.04476695880293846 0.008112967014312744
v -0.0106349503621459 -0.0449029803276062 0.008552967570722103
v -0.014536970295011997 -0.04490195959806442 -0.004758954048156738
v -0.014810970053076744 -0.04463297128677368 -0.0047639599069952965
v -0.008723974227905273 -0.044767968356609344 0.007095992099493742
v -0.01441597007215023 -0.044770948588848114 -0.00564497709274292
v -0.013758949935436249 -0.044771958142519 -0.006271957885473967
v -0.012876980006694794 -0.044770948588848114 -0.006487965118139982
v -0.012002999894320965 -0.04476695880293846 -0.006235957145690918
v -0.008764982223510742 -0.04490195959806442 0.005720973014831543
v -0.010400949977338314 -0.04476695880293846 -0.005234955810010433
v -0.01021295040845871 -0.04476695880293846 0.001178978942334652
v -0.010138980112969875 -0.04463297128677368 -0.00034199998481199145
v -0.009810984134674072 -0.04490195959806442 0.00342398788779974
v -0.010332999750971794 -0.04490195959806442 -0.0010999439982697368
v -0.009862959384918213 -0.04490195959806442 -0.003709970973432064
v -0.011698960326611996 -0.044770948588848114 -0.008463977836072445
v -0.010387949645519257 -0.04463297128677368 -0.007214962970465422
v -0.010244959965348244 -0.04490195959806442 -0.007447957061231136
v -0.011901970021426678 -0.044771958142519 -0.009348987601697445
v -0.01163696963340044 -0.044770948588848114 -0.010217959992587566
v -0.011036990210413933 -0.04463297128677368 -0.010959980078041553
v -0.010908960364758968 -0.04490195959806442 -0.01071797963231802
v 0.007803976070135832 -0.04490195959806442 -0.02064996026456356
v 0.0076759448274970055 -0.04463297128677368 -0.020891960710287094
v 0.009001970291137695 -0.04490596055984497 -0.02071499079465866
v 0.0103150000795722 -0.04477493837475777 -0.01918094977736473
v 0.010182970203459263 -0.04463297128677368 -0.018233949318528175
v 0.009948967956006527 -0.04490195959806442 -0.018377000465989113
v -0.008717954158782959 -0.044767968356609344 -0.006643950007855892
v -0.007702946197241545 -0.04490195959806442 -0.007086991798132658
v 0.005206942092627287 -0.04490195959806442 -0.010574989952147007
v 0.0054409499280154705 -0.04463297128677368 -0.010432000271975994
v -0.004283964168280363 -0.04476695880293846 -0.0093459477648139
v -0.002435981994494796 -0.04476695880293846 -0.009987950325012207
v -0.0004999999655410647 -0.04476695880293846 -0.010268979705870152
v -0.006015955936163664 -0.04490195959806442 -0.008504985831677914
v 0.00142496800981462 -0.04490195959806442 -0.010319939814507961
v 0.003306983970105648 -0.04490195959806442 -0.009878993034362793
v 0.004549980163574219 -0.0447009801864624 -0.009820996783673763
v 0.008397996425628662 -0.0447009801864624 0.00682795001193881
v 0.008967994712293148 -0.04490195959806442 0.00764995813369751
v 0.008771955035626888 -0.04463297128677368 0.007840991020202637
v 0.009172976016998291 -0.04490195959806442 0.004860997200012207
v 0.009195983409881592 -0.04476695880293846 -0.004597960971295834
v 0.009853959083557129 -0.04476695880293846 -0.0029329650569707155
v 0.01021295040845871 -0.04476695880293846 -0.001178978942334652
v 0.010262959636747837 -0.04476695880293846 0.000610999995842576
v 0.010001000016927719 -0.04476695880293846 0.0023829929996281862
v 0.007086991798132658 -0.04490195959806442 -0.007702946197241545
v 0.008401989005506039 -0.04490195959806442 -0.006158947013318539
v 0.011715940199792385 -0.04490195959806442 0.010450949892401695
v 0.011520979925990105 -0.04463297128677368 0.010642940178513527
v 0.006755948066711426 -0.04463297128677368 -0.00963294506072998
v 0.006989954970777035 -0.04490195959806442 -0.009490965865552425
v 0.014331989921629429 -0.044771958142519 0.010176950134336948
v 0.014494000002741814 -0.04490195959806442 0.009330986998975277
v 0.01476799976080656 -0.04463297128677368 0.009332953952252865
v 0.013310959562659264 -0.04477493837475777 0.011011949740350246
v 0.012403960339725018 -0.044771958142519 0.011004979722201824
v 0.01149796973913908 -0.04463297128677368 -0.017434950917959213
v 0.011731980368494987 -0.04490195959806442 -0.017292970791459084
v 0.014737959951162338 -0.04490195959806442 -0.016435980796813965
v 0.015011959709227085 -0.04463297128677368 -0.016433000564575195
v 0.01272897981107235 -0.04490596055984497 -0.017960960045456886
v 0.014640980400145054 -0.04477493837475777 -0.017313949763774872
v 0.010421990416944027 -0.04463297128677368 0.011719999834895134
v 0.007673977874219418 -0.04463297128677368 0.008918999694287777
v 0.008852957747876644 -0.04490195959806442 0.010510980151593685
v 0.006814956199377775 -0.044767968356609344 0.00858598854392767
v 0.005720973014831543 -0.04490195959806442 0.008764982223510742
v 0.010710000060498714 -0.044771958142519 0.01262396015226841
v 0.01057897973805666 -0.04477493837475777 0.013936989940702915
v 0.009999990463256836 -0.04464095085859299 0.014692960307002068
v 0.009051977656781673 -0.04463297128677368 0.014941990375518799
v 0.009053944610059261 -0.04490195959806442 0.014667980372905731
v 0.0018519749864935875 -0.04476695880293846 0.010112999938428402
v -9.699999645818025e-05 -0.04476695880293846 0.010280960239470005
v -0.00204294896684587 -0.04476695880293846 0.010075979866087437
v 0.0037379860877990723 -0.04490195959806442 0.009724973700940609
v -0.0047789812088012695 -0.04490195959806442 0.009206949733197689
v -0.00013800000306218863 -0.04490195959806442 0.014580960385501385
v -0.00014099999680183828 -0.04463297128677368 0.014854960143566132
v -0.00659894896671176 -0.044767968356609344 0.008427976630628109
v -0.008342981338500977 -0.044767968356609344 0.00949394702911377
v -0.007581948768347502 -0.04463297128677368 0.008591949008405209
v -0.0022639629896730185 -0.04490195959806442 0.014404949732124805
v -0.0043409462086856365 -0.04490195959806442 0.013920960016548634
v -0.006277977954596281 -0.04490195959806442 0.013160999864339828
v -0.008226989768445492 -0.04476695880293846 0.012200949713587761
v -0.002305984031409025 -0.04463297128677368 0.014675970189273357
v -0.004421948920935392 -0.04463297128677368 0.014181969687342644
v -0.0063959951512515545 -0.04463297128677368 0.013408949598670006
v -0.008691965602338314 -0.0449029803276062 0.010857990011572838
v 0.06710498780012131 -0.04129397124052048 -0.027579959481954575
v 0.06990998238325119 -0.041127968579530716 -0.028528980910778046
v 0.06731294840574265 -0.04192398861050606 -0.027485959231853485
v 0.07022898644208908 -0.04163295030593872 -0.0281829796731472
v 0.07258695363998413 -0.040838949382305145 -0.029273979365825653
v 0.0722389817237854 -0.040336959064006805 -0.0296169500797987
v 0.07710497826337814 -0.039567939937114716 -0.03076498955488205
v 0.07673895359039307 -0.03932100161910057 -0.03131299838423729
v 0.07638496160507202 -0.03881800174713135 -0.03165297955274582
v 0.08022695034742355 -0.03668098896741867 -0.0338439904153347
v 0.08048999309539795 -0.03733497112989426 -0.033787958323955536
v 0.08084999769926071 -0.037839941680431366 -0.03345197066664696
v 0.08122795075178146 -0.03808598965406418 -0.03290795907378197
v 0.09556800127029419 -0.03195594996213913 -0.04184496030211449
v 0.1110130026936531 -0.02707999013364315 -0.04956799000501633
v 0.11065299808979034 -0.026573950424790382 -0.049903981387615204
v 0.09530597180128098 -0.031302981078624725 -0.041899971663951874
v 0.11039099842309952 -0.025922000408172607 -0.04995900020003319
v 0.09592795372009277 -0.032460980117321014 -0.04150794818997383
v 0.09556800127029419 -0.03195594996213913 -0.04184496030211449
v 0.11284299939870834 -0.02642500028014183 -0.050093941390514374
v 0.1121089980006218 -0.02611296996474266 -0.050413958728313446
v 0.03768699988722801 -0.04053496941924095 0.00951599981635809
v 0.03830999135971069 -0.04017096012830734 0.010230950079858303
v 0.03912198171019554 -0.03976196050643921 0.010527960024774075
v 0.0365859791636467 -0.04210798814892769 0.000463999982457608
f 1 2 3
f 3 4 1
f 4 5 1
f 1 5 6
f 6 5 7
f 6 7 8
f 6 8 9
f 9 8 10
f 11 12 13
f 13 12 14
f 13 14 15
f 15 14 16
f 17 18 19
f 19 18 20
f 17 21 18
f 18 21 22
f 18 22 23
f 23 22 24
f 25 26 24
f 25 24 27
f 27 24 22
f 28 29 30
f 28 30 31
f 31 30 32
f 33 34 35
f 35 34 31
f 35 31 32
f 34 33 36
f 34 36 37
f 37 36 38
f 37 38 39
f 37 39 40
f 41 42 43
f 44 41 43
f 44 43 45
f 40 39 46
f 40 46 47
f 47 46 48
f 15 16 49
f 49 16 50
f 49 50 51
f 51 50 52
f 51 52 53
f 53 52 54
f 54 52 55
f 55 56 54
f 54 56 57
f 57 56 58
f 57 58 59
f 60 61 20
f 20 61 19
f 59 58 62
f 62 58 63
f 62 63 64
f 64 63 65
f 65 63 66
f 65 66 67
f 67 66 68
f 67 68 60
f 60 68 61
f 69 70 71
f 71 70 72
f 72 70 73
f 74 75 76
f 72 73 76
f 76 73 74
f 76 75 77
f 78 24 26
f 79 80 81
f 81 80 82
f 83 84 85
f 85 84 86
f 80 79 87
f 80 87 28
f 28 87 29
f 88 89 90
f 88 90 91
f 84 83 92
f 92 83 93
f 92 93 90
f 90 93 94
f 90 94 91
f 95 96 82
f 82 96 81
f 26 97 78
f 78 97 86
f 86 97 85
f 89 88 96
f 89 96 95
f 44 98 41
f 41 98 99
f 47 48 100
f 101 102 103
f 102 101 104
f 104 101 45
f 104 45 43
f 103 105 101
f 101 105 106
f 101 106 107
f 107 106 108
f 107 108 109
f 109 108 110
f 109 110 111
f 112 113 114
f 113 115 114
f 114 115 116
f 117 118 119
f 117 119 120
f 120 121 117
f 117 121 122
f 117 123 118
f 118 123 124
f 118 124 125
f 118 125 126
f 116 127 114
f 114 127 118
f 114 118 71
f 71 118 126
f 71 126 128
f 128 129 71
f 71 129 130
f 130 131 71
f 71 131 132
f 133 132 134
f 132 133 71
f 71 133 69
f 132 135 134
f 134 135 111
f 111 135 136
f 137 109 138
f 138 109 111
f 138 111 136
f 109 137 139
f 109 139 140
f 109 140 107
f 107 140 141
f 107 141 142
f 143 144 122
f 143 122 145
f 145 122 121
f 144 143 142
f 142 143 146
f 146 147 142
f 142 147 107
f 107 147 148
f 149 150 151
f 151 150 152
f 151 152 153
f 153 152 148
f 148 152 107
f 149 151 154
f 154 151 155
f 154 155 156
f 156 155 157
f 156 157 158
f 156 158 159
f 159 158 114
f 114 158 112
f 160 161 162
f 163 164 165
f 165 164 166
f 165 166 167
f 165 167 168
f 168 167 169
f 168 169 162
f 162 169 160
f 162 161 170
f 162 170 171
f 171 170 172
f 173 174 175
f 175 176 173
f 173 176 177
f 177 176 178
f 177 178 179
f 178 180 179
f 179 180 181
f 179 181 182
f 182 181 183
f 184 185 98
f 98 185 186
f 98 186 99
f 164 163 48
f 48 163 100
f 182 183 187
f 187 183 188
f 187 188 189
f 189 188 190
f 189 190 191
f 191 190 192
f 192 190 193
f 192 193 194
f 194 193 195
f 195 193 196
f 195 196 197
f 197 196 198
f 197 198 199
f 199 198 200
f 200 198 201
f 201 202 200
f 200 202 203
f 204 205 206
f 204 206 207
f 207 206 208
f 207 208 203
f 203 208 200
f 209 210 211
f 205 204 211
f 211 204 209
f 212 174 213
f 213 174 173
f 214 215 216
f 216 215 217
f 218 219 214
f 214 219 215
f 171 172 217
f 217 172 216
f 220 221 222
f 218 223 219
f 219 223 224
f 220 222 225
f 220 225 213
f 213 225 212
f 224 223 226
f 224 226 227
f 227 226 228
f 227 228 229
f 229 228 230
f 229 230 221
f 221 230 222
f 231 232 233
f 233 232 234
f 233 234 184
f 184 234 235
f 184 235 185
f 236 237 238
f 238 237 239
f 238 239 240
f 240 239 233
f 233 239 241
f 233 241 231
f 9 10 242
f 243 244 9
f 9 242 243
f 9 244 245
f 246 247 9
f 245 248 9
f 9 248 249
f 9 249 250
f 251 250 252
f 252 253 251
f 251 253 254
f 251 254 255
f 250 251 9
f 9 251 246
f 256 257 258
f 258 257 259
f 256 260 257
f 257 260 261
f 257 261 262
f 257 262 263
f 257 263 264
f 264 263 255
f 264 255 254
f 9 247 265
f 9 265 266
f 265 267 266
f 266 267 268
f 266 268 269
f 269 270 266
f 266 270 271
f 272 273 274
f 272 274 275
f 275 274 271
f 275 271 270
f 276 277 278
f 276 278 272
f 272 278 273
f 279 240 280
f 280 240 281
f 280 281 277
f 280 277 276
f 259 257 279
f 279 257 282
f 279 282 240
f 240 282 283
f 240 283 284
f 240 284 285
f 240 285 286
f 240 286 238
f 238 286 287
f 238 287 288
f 238 288 236
f 236 288 289
f 236 289 290
f 243 242 291
f 291 242 292
f 291 292 236
f 291 236 290
f 293 294 295
f 296 297 298
f 297 296 299
f 299 296 300
f 299 300 301
f 298 302 296
f 296 302 303
f 296 303 304
f 304 303 305
f 306 307 308
f 309 310 300
f 300 310 311
f 300 311 301
f 312 313 314
f 314 313 315
f 314 315 309
f 308 316 306
f 306 316 317
f 317 316 318
f 317 318 312
f 312 318 313
f 319 320 321
f 321 320 322
f 321 322 323
f 323 322 324
f 323 324 307
f 307 324 308
f 325 326 327
f 328 329 326
f 328 326 325
f 329 328 330
f 329 330 331
f 331 330 332
f 331 332 333
f 294 334 295
f 294 335 334
f 334 335 336
f 336 335 337
f 336 337 338
f 338 337 339
f 339 340 338
f 338 340 327
f 327 340 325
f 304 305 341
f 304 341 342
f 341 343 342
f 342 343 344
f 342 344 334
f 334 344 295
f 345 320 319
f 345 319 346
f 346 319 347
f 346 347 348
f 349 350 351
f 352 353 354
f 351 350 352
f 352 350 355
f 352 355 353
f 356 357 358
f 358 357 359
f 357 356 360
f 357 360 361
f 361 360 351
f 351 360 349
f 362 363 364
f 362 364 365
f 366 367 368
f 368 367 369
f 368 369 370
f 370 369 371
f 331 333 372
f 372 333 373
f 372 373 359
f 359 373 374
f 359 374 358
f 348 347 369
f 369 347 375
f 369 375 371
f 354 376 352
f 352 376 377
f 352 377 364
f 364 377 378
f 364 378 365
f 364 363 379
f 364 379 380
f 381 382 366
f 366 382 367
f 364 380 383
f 364 383 384
f 384 383 382
f 384 382 381
f 53 314 51
f 51 314 309
f 51 309 49
f 49 309 300
f 49 300 15
f 59 312 57
f 57 312 314
f 57 314 54
f 54 314 53
f 296 385 300
f 300 385 386
f 300 386 15
f 323 67 60
f 323 60 321
f 321 60 20
f 321 20 319
f 20 18 319
f 319 18 23
f 319 23 347
f 347 23 24
f 347 24 78
f 387 338 327
f 327 326 387
f 387 326 329
f 387 329 388
f 388 329 331
f 388 331 372
f 388 372 389
f 389 372 359
f 389 359 390
f 390 359 391
f 391 359 357
f 391 357 392
f 392 357 393
f 393 357 361
f 393 361 394
f 394 361 395
f 395 361 351
f 395 351 396
f 396 351 352
f 396 352 397
f 165 168 398
f 168 162 398
f 398 162 171
f 398 171 399
f 399 171 217
f 352 31 34
f 31 352 28
f 28 352 364
f 28 364 80
f 34 37 352
f 352 37 40
f 352 40 397
f 397 40 400
f 397 400 401
f 401 400 402
f 401 402 398
f 398 402 163
f 398 163 165
f 80 364 384
f 80 384 82
f 82 384 381
f 82 381 95
f 95 381 366
f 95 366 89
f 89 366 368
f 89 368 90
f 370 92 368
f 368 92 90
f 92 370 371
f 92 371 84
f 84 371 375
f 84 375 86
f 347 78 375
f 375 78 86
f 11 13 403
f 76 77 403
f 403 77 11
f 67 323 65
f 65 323 307
f 312 59 317
f 317 59 62
f 317 62 306
f 306 62 64
f 306 64 307
f 307 64 65
f 404 405 389
f 389 405 388
f 304 114 71
f 304 342 114
f 114 342 334
f 114 334 336
f 385 296 76
f 76 296 304
f 76 304 72
f 72 304 71
f 405 406 388
f 388 406 407
f 388 407 387
f 387 407 114
f 387 114 338
f 338 114 336
f 44 45 389
f 389 45 101
f 389 101 404
f 408 390 391
f 397 401 396
f 396 401 409
f 396 409 395
f 395 409 410
f 395 410 394
f 394 410 411
f 394 411 393
f 393 411 412
f 393 412 392
f 392 412 413
f 392 413 391
f 391 413 414
f 391 414 408
f 389 415 44
f 44 415 98
f 390 408 389
f 389 408 415
f 416 417 418
f 418 419 420
f 418 420 416
f 421 422 423
f 421 423 418
f 418 423 419
f 424 425 426
f 426 425 427
f 427 425 428
f 428 429 427
f 416 430 417
f 431 432 433
f 434 435 436
f 436 435 432
f 432 435 433
f 431 437 438
f 438 437 426
f 426 437 424
f 159 407 156
f 156 407 406
f 156 406 154
f 405 150 149
f 405 149 406
f 406 149 154
f 404 101 107
f 107 152 404
f 404 152 405
f 405 152 150
f 114 407 159
f 116 115 439
f 439 115 440
f 440 115 113
f 440 113 441
f 441 113 112
f 441 112 422
f 422 112 158
f 422 158 423
f 423 158 157
f 423 157 419
f 419 157 155
f 419 155 151
f 419 151 420
f 420 151 153
f 420 153 416
f 416 153 148
f 416 148 430
f 430 148 147
f 430 147 442
f 442 147 443
f 443 147 146
f 146 143 443
f 443 143 432
f 432 143 145
f 432 145 436
f 436 145 444
f 444 145 121
f 444 121 445
f 445 121 120
f 445 120 446
f 446 120 119
f 446 119 447
f 447 119 118
f 447 118 448
f 448 118 127
f 448 127 116
f 448 116 439
f 126 125 449
f 449 125 124
f 449 124 450
f 450 124 123
f 450 123 434
f 434 123 117
f 434 117 435
f 435 117 122
f 435 122 433
f 433 122 144
f 433 144 431
f 431 144 142
f 431 142 437
f 437 142 141
f 437 141 424
f 424 141 140
f 424 140 425
f 425 140 139
f 425 139 428
f 139 137 428
f 428 137 429
f 429 137 138
f 429 138 451
f 138 136 451
f 451 136 452
f 452 136 135
f 452 135 453
f 453 135 132
f 453 132 131
f 453 131 454
f 454 131 130
f 454 130 455
f 455 130 129
f 455 129 456
f 456 129 128
f 456 128 126
f 456 126 449
f 294 293 457
f 294 457 335
f 335 458 337
f 459 339 337
f 459 337 458
f 460 461 462
f 461 463 462
f 460 464 461
f 463 461 465
f 465 461 464
f 466 467 468
f 468 467 469
f 468 469 470
f 471 472 473
f 473 472 466
f 474 471 473
f 468 473 466
f 475 474 473
f 475 473 470
f 470 473 468
f 476 477 478
f 478 477 479
f 476 478 480
f 480 478 481
f 482 483 484
f 484 483 478
f 484 478 485
f 485 478 479
f 486 487 488
f 483 482 489
f 483 489 486
f 486 489 490
f 486 490 487
f 491 492 493
f 488 487 494
f 488 494 495
f 495 494 496
f 496 494 497
f 496 497 492
f 492 497 498
f 492 498 493
f 499 500 501
f 499 501 502
f 502 501 503
f 502 503 504
f 504 503 491
f 504 491 493
f 505 506 507
f 505 507 508
f 508 507 509
f 508 509 510
f 508 510 511
f 511 510 512
f 511 512 513
f 512 514 513
f 513 514 515
f 515 514 516
f 517 518 516
f 516 518 515
f 519 520 517
f 517 520 518
f 520 519 521
f 520 521 522
f 520 522 523
f 523 522 524
f 523 524 481
f 481 524 525
f 481 525 480
f 500 526 527
f 527 526 528
f 529 398 530
f 531 532 533
f 533 532 398
f 529 534 398
f 398 534 533
f 531 535 532
f 532 535 536
f 528 537 538
f 539 540 541
f 541 540 536
f 541 536 535
f 542 543 540
f 542 540 539
f 538 544 528
f 528 544 545
f 528 545 527
f 506 505 546
f 546 505 547
f 546 547 548
f 548 547 543
f 548 543 542
f 528 549 537
f 537 549 550
f 550 549 551
f 399 552 553
f 399 553 554
f 399 554 555
f 399 555 556
f 556 557 399
f 399 557 558
f 399 558 398
f 398 558 559
f 398 559 530
f 549 560 551
f 551 560 561
f 561 560 399
f 399 560 552
f 488 200 486
f 206 483 486
f 206 486 208
f 208 486 200
f 200 488 199
f 199 488 495
f 199 495 197
f 562 478 563
f 563 478 483
f 563 483 205
f 205 483 206
f 213 173 527
f 527 173 177
f 527 177 500
f 500 177 179
f 500 179 501
f 501 179 182
f 501 182 503
f 503 182 187
f 503 187 189
f 513 515 564
f 565 547 505
f 513 564 511
f 565 505 564
f 564 505 508
f 564 508 511
f 547 565 543
f 543 565 415
f 543 415 408
f 540 543 408
f 408 414 540
f 540 414 413
f 540 413 536
f 413 412 536
f 536 412 411
f 536 411 532
f 532 411 410
f 410 409 532
f 532 409 401
f 532 401 398
f 399 217 215
f 399 215 561
f 561 215 219
f 561 219 551
f 551 219 224
f 551 224 550
f 550 224 227
f 550 227 537
f 229 538 227
f 227 538 537
f 538 229 221
f 538 221 544
f 544 221 220
f 544 220 545
f 213 527 220
f 220 527 545
f 210 566 211
f 566 210 2
f 566 2 1
f 492 194 195
f 492 195 496
f 496 195 197
f 496 197 495
f 194 492 192
f 192 492 491
f 192 491 191
f 191 491 503
f 191 503 189
f 478 562 481
f 481 562 1
f 481 1 6
f 266 518 520
f 415 565 567
f 567 565 568
f 6 9 481
f 481 9 266
f 481 266 523
f 523 266 520
f 515 518 564
f 564 518 266
f 564 266 565
f 565 266 569
f 565 569 568
f 184 98 233
f 233 98 415
f 233 415 570
f 570 415 567
f 274 273 568
f 569 271 568
f 568 271 274
f 277 567 278
f 278 567 568
f 278 568 273
f 567 277 570
f 240 233 281
f 281 233 570
f 281 570 277
f 271 569 266
f 268 571 269
f 269 571 270
f 270 571 572
f 270 572 275
f 275 572 573
f 275 573 272
f 272 573 574
f 272 574 575
f 272 575 276
f 276 575 576
f 276 576 280
f 280 576 577
f 280 577 279
f 279 577 259
f 259 577 578
f 259 578 258
f 258 578 256
f 256 579 260
f 260 579 261
f 261 579 580
f 261 580 262
f 262 580 581
f 262 581 263
f 263 582 255
f 255 582 583
f 255 583 251
f 251 583 584
f 251 584 246
f 246 584 585
f 246 585 247
f 247 585 586
f 247 586 265
f 265 586 587
f 265 587 267
f 267 587 588
f 267 588 268
f 268 588 571
f 253 589 254
f 254 589 590
f 254 590 264
f 264 590 257
f 257 591 282
f 282 591 592
f 282 592 283
f 283 592 593
f 283 593 284
f 284 593 594
f 284 594 285
f 285 594 595
f 285 595 286
f 286 595 596
f 286 596 287
f 287 596 597
f 287 597 288
f 288 597 598
f 288 598 289
f 289 598 599
f 289 599 290
f 290 599 600
f 290 600 291
f 291 600 601
f 291 601 243
f 243 601 244
f 244 601 602
f 244 602 245
f 245 602 603
f 245 603 248
f 248 603 604
f 248 604 249
f 249 604 250
f 250 604 605
f 250 605 252
f 252 605 253
f 253 605 589
f 606 519 517
f 607 521 519
f 607 519 606
f 608 609 610
f 608 610 611
f 610 609 612
f 612 611 610
f 613 614 615
f 615 614 616
f 617 613 615
f 618 617 615
f 618 615 619
f 619 615 616
f 619 616 620
f 619 620 621
f 621 620 622
f 621 622 623
f 618 619 621
f 624 621 623
f 625 618 621
f 625 621 626
f 626 621 624
f 627 85 628
f 85 627 83
f 83 627 629
f 630 94 631
f 94 630 91
f 91 630 632
f 88 633 634
f 88 634 96
f 96 634 635
f 636 104 43
f 636 43 42
f 70 69 133
f 637 70 133
f 108 638 639
f 640 641 642
f 642 641 134
f 642 134 111
f 108 639 110
f 110 639 643
f 110 643 111
f 108 106 638
f 638 106 644
f 186 185 645
f 645 185 235
f 242 10 646
f 236 292 647
f 133 134 641
f 640 637 641
f 641 637 133
f 242 646 647
f 242 647 292
f 648 629 627
f 648 627 628
f 631 649 630
f 650 635 634
f 650 634 651
f 651 634 633
f 630 649 632
f 645 235 652
f 652 235 234
f 232 653 654
f 232 654 234
f 232 231 653
f 106 105 644
f 644 105 655
f 103 656 105
f 105 656 655
f 102 104 636
f 636 657 102
f 102 657 103
f 103 657 656
f 658 659 660
f 658 660 661
f 662 663 664
f 664 663 44
f 665 666 667
f 667 666 668
f 667 668 669
f 669 668 670
f 669 670 671
f 671 670 672
f 673 674 662
f 662 674 663
f 664 44 675
f 674 673 676
f 677 667 669
f 672 678 679
f 679 678 680
f 679 680 681
f 681 680 682
f 681 682 683
f 683 682 684
f 683 684 685
f 686 687 688
f 685 684 689
f 685 689 690
f 690 689 691
f 691 689 692
f 691 692 688
f 688 692 686
f 693 694 695
f 695 694 696
f 687 686 697
f 687 697 698
f 698 697 699
f 699 697 695
f 699 695 696
f 658 661 672
f 672 661 678
f 671 672 679
f 700 701 694
f 702 671 679
f 702 679 703
f 703 679 681
f 685 704 683
f 683 704 705
f 683 705 681
f 681 705 703
f 699 706 698
f 698 706 707
f 698 707 687
f 687 707 708
f 687 708 688
f 688 708 709
f 688 709 691
f 691 709 710
f 691 710 690
f 690 710 711
f 690 711 685
f 685 711 712
f 685 712 704
f 694 701 696
f 696 701 713
f 696 713 699
f 699 713 706
f 700 694 714
f 714 694 715
f 716 717 718
f 719 714 715
f 719 715 720
f 720 715 721
f 720 721 722
f 718 717 723
f 718 723 721
f 721 723 722
f 716 718 724
f 724 718 725
f 724 725 726
f 726 725 727
f 727 725 728
f 727 728 729
f 729 728 730
f 730 728 731
f 732 730 731
f 732 731 733
f 733 731 734
f 733 734 735
f 735 734 736
f 735 736 737
f 737 736 738
f 738 736 739
f 740 741 742
f 740 742 743
f 744 745 746
f 747 748 744
f 749 750 751
f 751 750 743
f 747 744 752
f 752 744 746
f 752 746 753
f 747 749 748
f 748 749 751
f 748 751 754
f 754 751 743
f 754 743 742
f 754 755 748
f 748 755 756
f 748 756 744
f 744 756 757
f 744 757 745
f 758 759 760
f 760 761 758
f 758 761 762
f 758 762 746
f 746 762 753
f 763 764 765
f 765 764 766
f 760 759 767
f 767 759 768
f 767 768 769
f 769 768 770
f 769 770 766
f 766 770 771
f 766 771 765
f 764 763 772
f 764 772 773
f 773 772 774
f 773 774 775
f 775 774 776
f 775 776 777
f 778 779 780
f 778 780 781
f 781 780 782
f 781 782 783
f 783 782 777
f 783 777 776
f 779 778 784
f 784 778 785
f 786 784 785
f 785 787 786
f 786 787 788
f 788 787 789
f 789 787 790
f 791 792 793
f 793 792 789
f 793 789 794
f 794 789 790
f 794 790 795
f 795 790 796
f 797 798 799
f 799 798 800
f 799 800 801
f 801 800 802
f 801 802 803
f 803 802 804
f 803 804 805
f 795 796 806
f 807 808 806
f 806 808 795
f 809 810 811
f 811 810 812
f 811 812 797
f 797 812 798
f 806 813 807
f 807 813 814
f 807 814 815
f 815 814 809
f 815 809 811
f 816 817 799
f 799 817 818
f 799 818 797
f 797 818 819
f 797 819 811
f 811 819 820
f 811 820 815
f 816 799 821
f 821 799 801
f 821 801 822
f 822 801 803
f 822 803 823
f 823 803 805
f 823 805 824
f 804 44 805
f 805 44 825
f 805 825 824
f 44 663 825
f 826 827 828
f 829 830 828
f 828 830 831
f 832 833 834
f 832 834 827
f 827 834 835
f 827 835 828
f 828 835 829
f 832 836 833
f 828 831 837
f 837 831 838
f 837 838 839
f 840 841 838
f 838 841 842
f 838 842 839
f 841 840 843
f 844 845 846
f 847 848 849
f 843 850 841
f 841 850 849
f 841 849 845
f 845 849 848
f 845 848 846
f 851 852 853
f 853 854 851
f 851 854 855
f 851 855 846
f 846 855 856
f 846 856 844
f 857 858 859
f 860 861 862
f 863 864 865
f 863 866 864
f 864 866 862
f 862 866 867
f 862 867 860
f 848 847 868
f 848 868 865
f 865 868 869
f 865 869 863
f 861 870 862
f 862 870 871
f 862 871 857
f 872 851 846
f 857 859 862
f 862 859 873
f 862 873 864
f 864 873 872
f 864 872 865
f 865 872 846
f 865 846 848
f 794 795 874
f 874 875 794
f 794 875 876
f 857 816 821
f 824 858 823
f 823 858 857
f 823 857 822
f 822 857 821
f 818 817 870
f 818 870 819
f 816 857 817
f 817 857 871
f 817 871 870
f 795 808 874
f 877 870 861
f 808 807 874
f 874 807 815
f 874 815 877
f 877 815 870
f 870 815 820
f 870 820 819
f 878 852 851
f 873 859 825
f 825 859 858
f 825 858 824
f 674 878 663
f 663 878 851
f 663 851 825
f 825 851 872
f 825 872 873
f 694 693 715
f 693 879 715
f 715 879 880
f 715 880 721
f 721 880 881
f 721 881 718
f 718 881 882
f 718 882 725
f 725 882 883
f 725 883 728
f 728 883 731
f 731 883 884
f 731 884 734
f 734 884 885
f 734 885 736
f 736 885 886
f 736 886 739
f 739 886 887
f 739 887 741
f 741 887 742
f 887 888 742
f 742 888 889
f 890 757 756
f 889 891 742
f 742 891 892
f 742 892 754
f 754 892 890
f 754 890 755
f 755 890 756
f 890 893 757
f 757 893 894
f 757 894 745
f 745 894 895
f 745 895 746
f 774 772 896
f 746 895 758
f 758 895 897
f 758 897 759
f 759 897 898
f 759 898 768
f 768 898 899
f 768 899 770
f 770 899 771
f 771 899 900
f 771 900 765
f 765 900 763
f 763 900 901
f 763 901 772
f 772 901 902
f 772 902 896
f 903 776 896
f 896 776 774
f 781 904 778
f 778 904 785
f 903 905 776
f 776 905 904
f 776 904 783
f 783 904 781
f 796 906 907
f 908 909 907
f 908 907 910
f 904 911 785
f 785 911 907
f 907 911 912
f 907 912 910
f 907 909 796
f 909 913 796
f 796 913 914
f 796 914 806
f 806 914 813
f 813 914 915
f 813 915 814
f 814 915 809
f 915 916 809
f 809 916 810
f 810 916 917
f 810 917 812
f 917 918 812
f 812 918 798
f 798 918 919
f 798 919 800
f 920 804 921
f 921 804 802
f 921 802 922
f 922 802 800
f 922 800 919
f 804 920 44
f 44 920 923
f 44 923 675
f 917 924 918
f 918 924 925
f 926 919 918
f 926 918 927
f 927 918 928
f 928 918 925
f 919 926 922
f 922 926 929
f 922 929 930
f 922 930 921
f 921 930 931
f 921 931 932
f 921 932 920
f 920 932 933
f 920 933 923
f 923 933 644
f 931 930 934
f 934 930 935
f 935 930 929
f 935 929 936
f 936 929 926
f 926 927 936
f 936 927 928
f 638 933 934
f 934 933 932
f 934 932 931
f 933 638 644
f 740 937 741
f 741 937 739
f 739 937 738
f 793 794 876
f 876 938 793
f 793 938 939
f 793 939 791
f 939 940 791
f 791 940 792
f 792 940 941
f 941 942 792
f 792 942 789
f 789 942 788
f 942 941 943
f 940 939 944
f 877 939 938
f 877 938 876
f 876 875 877
f 877 875 874
f 943 941 944
f 944 941 940
f 786 788 943
f 943 788 942
f 786 943 784
f 939 877 944
f 944 877 861
f 779 784 943
f 944 861 945
f 946 782 780
f 946 780 943
f 943 780 779
f 943 944 945
f 943 945 946
f 946 945 947
f 946 947 948
f 866 949 867
f 861 860 945
f 945 860 867
f 945 867 947
f 947 867 949
f 947 949 948
f 948 949 950
f 948 950 764
f 764 773 948
f 948 773 775
f 948 775 946
f 946 775 777
f 946 777 782
f 869 868 951
f 769 766 950
f 766 764 950
f 952 950 949
f 952 949 863
f 863 949 866
f 767 769 953
f 953 769 950
f 953 950 954
f 954 950 952
f 954 952 863
f 760 767 955
f 955 767 953
f 955 953 951
f 951 953 954
f 951 954 869
f 869 954 863
f 955 753 762
f 955 762 761
f 955 761 760
f 956 955 951
f 847 956 951
f 847 951 868
f 957 753 955
f 957 955 956
f 849 850 958
f 959 960 961
f 961 960 962
f 962 960 958
f 962 958 963
f 843 964 850
f 850 964 963
f 850 963 958
f 752 753 957
f 752 957 747
f 747 957 749
f 749 957 960
f 749 960 750
f 750 960 959
f 750 959 743
f 960 957 956
f 960 956 958
f 958 956 849
f 849 956 847
f 959 961 965
f 959 965 743
f 743 965 740
f 966 963 840
f 840 963 964
f 840 964 843
f 965 961 962
f 965 962 966
f 966 962 963
f 838 966 840
f 831 966 838
f 965 966 740
f 740 966 937
f 937 966 738
f 966 831 967
f 968 966 969
f 969 966 967
f 968 738 966
f 738 968 737
f 737 968 970
f 970 968 969
f 970 969 971
f 971 969 972
f 972 969 967
f 972 967 831
f 972 831 830
f 730 732 973
f 973 732 974
f 975 976 977
f 977 976 978
f 977 978 974
f 974 978 979
f 974 979 973
f 829 835 975
f 732 733 974
f 737 970 735
f 735 970 733
f 733 970 974
f 974 970 971
f 974 971 977
f 977 971 972
f 975 977 829
f 829 977 972
f 829 972 830
f 730 973 729
f 729 973 980
f 980 973 981
f 981 973 979
f 981 979 982
f 982 979 978
f 982 978 983
f 983 978 976
f 983 976 984
f 976 975 984
f 984 975 835
f 984 835 834
f 985 986 987
f 832 827 988
f 720 985 719
f 719 985 987
f 719 987 714
f 722 989 720
f 720 989 985
f 989 722 723
f 989 723 990
f 990 723 717
f 990 717 991
f 717 716 991
f 991 716 724
f 991 724 992
f 986 985 988
f 988 985 993
f 993 985 989
f 993 989 990
f 993 990 994
f 994 990 991
f 994 991 995
f 995 991 992
f 995 992 996
f 729 980 727
f 727 980 992
f 727 992 726
f 726 992 724
f 980 981 992
f 992 981 982
f 992 982 996
f 996 982 983
f 996 983 984
f 832 988 993
f 832 993 994
f 832 994 836
f 836 994 995
f 836 995 833
f 833 995 996
f 833 996 984
f 833 984 834
f 986 997 987
f 987 997 998
f 987 998 714
f 714 998 700
f 988 999 986
f 986 999 997
f 988 826 999
f 827 826 988
f 999 826 837
f 837 826 828
f 701 700 997
f 997 700 998
f 671 702 1000
f 1001 1002 1000
f 1003 706 997
f 997 706 713
f 997 713 701
f 999 837 839
f 999 839 1003
f 1003 839 842
f 1003 842 841
f 1003 841 1004
f 709 708 1005
f 1005 708 707
f 1005 707 1003
f 1003 707 706
f 841 845 1004
f 1004 845 844
f 1004 844 856
f 1004 856 1006
f 709 1005 710
f 710 1005 1007
f 710 1007 711
f 711 1007 712
f 1001 705 1007
f 1007 705 704
f 1007 704 712
f 856 855 1006
f 1006 855 854
f 1006 854 1008
f 1008 854 853
f 1008 853 1009
f 1009 853 852
f 1009 852 878
f 1002 1001 1009
f 1009 1001 1008
f 1008 1001 1007
f 1008 1007 1006
f 1006 1007 1004
f 1004 1007 1005
f 1004 1005 1003
f 1003 997 999
f 705 1001 703
f 703 1001 702
f 702 1001 1000
f 1009 878 674
f 669 671 677
f 671 1000 677
f 677 1000 1010
f 1010 1000 1002
f 1010 1002 676
f 676 1002 1009
f 676 1009 674
f 1011 1012 1013
f 1011 1013 1014
f 1014 1013 1015
f 1015 1013 1016
f 1015 1016 1017
f 1017 1016 1018
f 1017 1018 1019
f 1019 1018 1020
f 1020 1018 1021
f 1020 1021 1022
f 1022 1021 1023
f 1024 1025 1026
f 1026 1025 1027
f 1026 1027 1028
f 1028 1027 1023
f 1028 1023 1021
f 1029 1030 666
f 1025 1024 1031
f 1031 1024 1029
f 1031 1029 1032
f 1032 1029 666
f 660 659 1030
f 1030 659 666
f 665 1033 1032
f 665 1032 666
f 1034 1035 1011
f 1034 1011 1036
f 1036 1011 1014
f 1036 1014 1037
f 1037 1014 1015
f 1019 1038 1017
f 1017 1038 1039
f 1017 1039 1015
f 1015 1039 1037
f 1038 1019 1040
f 1040 1019 1020
f 1040 1020 1041
f 1041 1020 1022
f 1041 1022 1042
f 1042 1022 1023
f 1042 1023 1043
f 1043 1023 1027
f 1043 1027 1044
f 1044 1027 1045
f 1045 1027 1025
f 1045 1025 1046
f 1032 1033 1046
f 1032 1046 1031
f 1031 1046 1025
f 1011 1035 1047
f 1047 1035 1048
f 1049 1050 1051
f 1051 1050 1052
f 1053 1054 1055
f 1055 1054 1056
f 1055 1056 1052
f 1052 1056 1057
f 1052 1057 1051
f 1053 1055 1058
f 1058 1055 1059
f 1058 1059 1060
f 1048 1061 1047
f 1047 1061 1062
f 1047 1062 1059
f 1059 1062 1060
f 1050 1049 1063
f 1063 1049 1064
f 1065 1066 1067
f 1064 1068 1063
f 1063 1068 1069
f 1063 1069 1067
f 1067 1069 1070
f 1067 1070 1065
f 1066 1065 1071
f 1071 1065 1072
f 1073 1074 1075
f 1075 1074 1076
f 1077 1078 1079
f 1079 1078 1080
f 1079 1080 1081
f 1082 1083 1077
f 1077 1083 1078
f 1076 1082 1075
f 1075 1082 1084
f 1075 1084 1085
f 1082 1077 1084
f 1084 1077 1086
f 1084 1086 1085
f 1081 1087 1079
f 1079 1087 1088
f 1079 1088 1077
f 1077 1088 1089
f 1077 1089 1086
f 1081 1080 1090
f 1081 1090 1091
f 1092 1093 1094
f 1094 1093 1091
f 1094 1091 1095
f 1095 1091 1090
f 1093 1092 1096
f 1093 1096 1097
f 1097 1096 1098
f 1097 1098 1099
f 1099 1098 1100
f 1099 1100 1101
f 1101 1100 1102
f 1103 1104 1105
f 1105 1104 1106
f 1105 1106 1107
f 1107 1106 1108
f 1107 1108 1109
f 1109 1108 1110
f 1109 1110 1111
f 1111 1110 1112
f 1111 1112 1113
f 1112 1114 1113
f 1113 1114 1115
f 1115 1114 1116
f 1115 1116 1117
f 1101 1102 1118
f 1118 1102 1117
f 1118 1117 1119
f 1119 1117 1116
f 1120 1121 1122
f 1122 1123 1120
f 1120 1123 1104
f 1120 1104 1103
f 1123 1122 1124
f 1124 1122 1125
f 1126 1127 1128
f 1125 1129 1130
f 1128 1124 1126
f 1126 1124 1125
f 1126 1125 1131
f 1131 1125 1130
f 1132 1133 1134
f 1133 1132 1135
f 1136 1134 1137
f 1138 1139 1140
f 1141 1135 1142
f 1142 1135 1140
f 1141 1142 1143
f 1143 1142 1144
f 1143 1144 1145
f 1143 1145 1146
f 1147 1148 1145
f 1145 1148 1149
f 1145 1149 1146
f 1146 1149 1150
f 1136 1137 1151
f 1151 1137 1152
f 1151 1152 1153
f 1153 1152 1154
f 1153 1154 1155
f 1155 1154 1128
f 1155 1128 1127
f 1140 1135 1132
f 1140 1132 1138
f 1138 1132 1134
f 1138 1134 1136
f 1139 1156 1140
f 1140 1156 1157
f 1140 1157 1142
f 1142 1157 1158
f 1142 1158 1144
f 1144 1158 1159
f 1144 1159 1145
f 1145 1159 1147
f 1148 1160 1149
f 1149 1160 664
f 1149 664 1150
f 1160 662 664
f 1161 1162 1163
f 1164 1165 1166
f 1166 1165 1167
f 1166 1167 1161
f 1161 1167 1168
f 1161 1168 1162
f 1162 1168 1169
f 1162 1169 1170
f 1170 1169 1171
f 1172 1173 1174
f 1166 1161 1175
f 1175 1161 1176
f 1175 1176 1177
f 1173 1172 1175
f 1173 1175 1178
f 1178 1175 1177
f 1179 1180 1181
f 1182 1179 1183
f 1183 1179 1181
f 1183 1181 1173
f 1173 1181 1184
f 1173 1184 1174
f 1183 1185 1182
f 1182 1185 1186
f 1182 1186 1187
f 1187 1186 1188
f 1188 1189 1187
f 1187 1189 1190
f 1187 1190 1191
f 1192 1193 1179
f 1179 1193 1180
f 1194 1195 1196
f 1196 1195 1197
f 1197 1195 1198
f 1197 1198 1192
f 1199 1200 1201
f 1201 1200 1202
f 1201 1202 1196
f 1196 1202 1194
f 1203 1204 1199
f 1203 1199 1205
f 1205 1199 1201
f 1205 1201 1206
f 1207 1208 1206
f 1182 1197 1179
f 1179 1197 1192
f 1206 1201 1207
f 1207 1201 1196
f 1207 1196 1209
f 1209 1196 1197
f 1209 1197 1210
f 1210 1197 1182
f 1210 1182 1187
f 1126 1211 1212
f 1126 1212 1213
f 1126 1213 1127
f 1204 1203 1214
f 1213 1136 1151
f 1151 1153 1213
f 1213 1153 1155
f 1213 1155 1127
f 1213 1214 1136
f 1136 1214 1203
f 1136 1203 1138
f 1138 1203 1139
f 1206 1158 1205
f 1205 1158 1157
f 1205 1157 1203
f 1203 1157 1156
f 1203 1156 1139
f 1208 1148 1206
f 1206 1148 1147
f 1206 1147 1159
f 1206 1159 1158
f 1215 673 662
f 1215 662 1191
f 1148 1208 1160
f 1160 1208 1207
f 1207 1209 1160
f 1160 1209 1210
f 1160 1210 662
f 662 1210 1187
f 662 1187 1191
f 1216 1217 1059
f 1059 1217 1047
f 1217 1218 1047
f 1047 1218 1219
f 1047 1219 1011
f 1011 1219 1012
f 1066 1071 1220
f 1220 1071 1073
f 1220 1073 1075
f 1220 1221 1066
f 1066 1221 1222
f 1066 1222 1067
f 1067 1222 1223
f 1067 1223 1063
f 1063 1223 1050
f 1059 1055 1216
f 1216 1055 1052
f 1216 1052 1224
f 1224 1052 1050
f 1224 1050 1223
f 1225 1085 1086
f 1085 1225 1075
f 1075 1225 1226
f 1226 1227 1075
f 1075 1227 1220
f 1086 1089 1225
f 1225 1089 1088
f 1225 1088 1228
f 1228 1088 1229
f 1229 1088 1230
f 1230 1088 1087
f 1230 1087 1081
f 1230 1081 1231
f 1231 1081 1091
f 1231 1091 1232
f 1232 1091 1093
f 1232 1093 1233
f 1233 1093 1097
f 1234 1097 1099
f 1234 1099 1101
f 1234 1101 1235
f 1235 1101 1118
f 1235 1118 1236
f 1237 1238 1106
f 1237 1106 1104
f 1116 1114 1239
f 1239 1114 1238
f 1114 1112 1238
f 1238 1112 1110
f 1238 1110 1108
f 1238 1108 1106
f 1236 1118 1239
f 1239 1118 1119
f 1239 1119 1116
f 1240 1241 1128
f 1242 1243 1128
f 1128 1243 1244
f 1128 1244 1240
f 1244 1245 1240
f 1240 1245 1246
f 1240 1246 1104
f 1246 1247 1104
f 1104 1247 1237
f 1133 1135 1248
f 1128 1154 1242
f 1242 1154 1152
f 1242 1152 1249
f 1249 1152 1137
f 1248 1250 1133
f 1133 1250 1134
f 1134 1250 1137
f 1137 1250 1249
f 1143 1251 1141
f 1141 1251 1135
f 1251 1248 1135
f 1150 1252 1146
f 1146 1252 1253
f 1146 1253 1143
f 1143 1253 1254
f 1143 1254 1251
f 1252 1150 1255
f 1255 1150 664
f 1255 664 675
f 1251 1256 1257
f 1256 1251 1254
f 1256 1254 1258
f 1258 1254 1259
f 1259 1254 1260
f 1260 1254 1253
f 1260 1253 1261
f 1257 1262 1251
f 1251 1262 1263
f 1252 1264 1265
f 1252 1265 1253
f 1253 1265 1261
f 1265 1266 1261
f 1261 1266 1267
f 1261 1267 1260
f 1262 1257 1268
f 1268 1257 1256
f 1268 1256 1269
f 1269 1256 1258
f 1269 1258 1267
f 1267 1258 1259
f 1267 1259 1260
f 1268 1263 1262
f 1266 1265 1264
f 1270 1074 1073
f 1071 1072 1073
f 1073 1072 1270
f 1211 1126 1271
f 1271 1126 1131
f 1272 1273 1130
f 1130 1273 1131
f 1131 1273 1271
f 1272 1130 1274
f 1274 1130 1129
f 1274 1129 1275
f 1122 1121 1125
f 1125 1121 1129
f 1129 1121 1275
f 1204 1214 1276
f 1277 1120 1103
f 1121 1120 1275
f 1275 1120 1277
f 1275 1277 1274
f 1274 1277 1272
f 1272 1277 1276
f 1211 1271 1214
f 1213 1212 1214
f 1214 1212 1211
f 1271 1273 1214
f 1214 1273 1276
f 1276 1273 1272
f 1117 1102 1278
f 1109 1279 1107
f 1107 1279 1277
f 1107 1277 1105
f 1105 1277 1103
f 1115 1280 1113
f 1113 1280 1279
f 1113 1279 1111
f 1111 1279 1109
f 1276 1277 1279
f 1276 1279 1281
f 1281 1279 1280
f 1281 1280 1282
f 1194 1202 1282
f 1282 1202 1200
f 1282 1200 1281
f 1281 1200 1199
f 1281 1199 1276
f 1276 1199 1204
f 1283 1194 1282
f 1283 1282 1278
f 1278 1282 1280
f 1278 1280 1117
f 1117 1280 1115
f 1278 1102 1100
f 1278 1100 1284
f 1284 1100 1098
f 1194 1283 1195
f 1195 1283 1285
f 1098 1096 1284
f 1284 1096 1092
f 1284 1092 1286
f 1283 1278 1284
f 1283 1284 1285
f 1285 1284 1286
f 1285 1286 1287
f 1287 1192 1285
f 1285 1192 1198
f 1285 1198 1195
f 1288 1180 1193
f 1080 1289 1290
f 1288 1193 1287
f 1287 1193 1192
f 1289 1288 1290
f 1290 1288 1287
f 1290 1287 1286
f 1080 1290 1090
f 1090 1290 1095
f 1095 1290 1094
f 1094 1290 1286
f 1094 1286 1092
f 1181 1180 1288
f 1291 1174 1184
f 1292 1293 1184
f 1184 1293 1291
f 1076 1294 1082
f 1082 1294 1295
f 1294 1296 1295
f 1295 1296 1292
f 1292 1296 1297
f 1292 1297 1293
f 1184 1181 1292
f 1292 1181 1288
f 1292 1288 1295
f 1078 1083 1295
f 1295 1083 1082
f 1288 1289 1295
f 1295 1289 1078
f 1078 1289 1080
f 1076 1074 1298
f 1076 1298 1294
f 1294 1298 1296
f 1293 1299 1291
f 1291 1299 1172
f 1291 1172 1174
f 1299 1293 1298
f 1298 1293 1297
f 1298 1297 1296
f 1270 1299 1298
f 1270 1298 1074
f 1072 1299 1270
f 1172 1299 1175
f 1175 1299 1166
f 1166 1299 1300
f 1300 1299 1301
f 1301 1299 1302
f 1302 1299 1072
f 1166 1300 1164
f 1164 1300 1303
f 1303 1300 1301
f 1303 1301 1304
f 1304 1301 1305
f 1305 1301 1302
f 1305 1302 1072
f 1305 1072 1065
f 1306 1307 1308
f 1308 1307 1309
f 1068 1064 1310
f 1165 1308 1167
f 1167 1308 1309
f 1167 1309 1168
f 1070 1069 1311
f 1311 1069 1068
f 1311 1068 1310
f 1311 1310 1312
f 1165 1164 1308
f 1308 1311 1306
f 1306 1311 1312
f 1164 1303 1308
f 1308 1303 1304
f 1308 1304 1311
f 1311 1304 1305
f 1311 1305 1070
f 1070 1305 1065
f 1168 1309 1169
f 1169 1309 1313
f 1313 1309 1314
f 1314 1309 1307
f 1314 1307 1315
f 1315 1307 1306
f 1315 1306 1316
f 1316 1306 1312
f 1316 1312 1317
f 1312 1310 1317
f 1317 1310 1064
f 1317 1064 1049
f 1318 1319 1320
f 1321 1322 1319
f 1061 1048 1322
f 1322 1321 1061
f 1061 1321 1323
f 1061 1323 1062
f 1062 1323 1060
f 1060 1323 1324
f 1060 1324 1058
f 1058 1324 1325
f 1058 1325 1053
f 1053 1325 1054
f 1054 1325 1326
f 1054 1326 1056
f 1319 1318 1321
f 1321 1318 1323
f 1323 1318 1327
f 1323 1327 1324
f 1324 1327 1328
f 1324 1328 1325
f 1325 1328 1329
f 1325 1329 1326
f 1171 1169 1313
f 1313 1329 1171
f 1171 1329 1328
f 1171 1328 1327
f 1171 1327 1170
f 1170 1327 1318
f 1170 1318 1320
f 1170 1320 1162
f 1313 1314 1329
f 1329 1314 1315
f 1329 1315 1326
f 1326 1315 1316
f 1326 1316 1317
f 1056 1326 1057
f 1057 1326 1051
f 1051 1326 1317
f 1051 1317 1049
f 1163 1162 1320
f 1319 1330 1320
f 1320 1330 1163
f 1322 1331 1319
f 1319 1331 1330
f 1048 1035 1332
f 1048 1332 1322
f 1322 1332 1331
f 1332 1035 1034
f 1333 1334 1335
f 1191 1333 1215
f 1215 1333 1335
f 1336 1337 1334
f 1033 665 1337
f 1163 1176 1161
f 1332 1034 1036
f 1332 1036 1338
f 1173 1178 1338
f 1338 1178 1177
f 1338 1177 1176
f 1338 1176 1330
f 1330 1176 1163
f 1036 1037 1338
f 1338 1037 1039
f 1338 1039 1339
f 1339 1039 1038
f 1339 1038 1040
f 1339 1040 1340
f 1173 1338 1183
f 1183 1338 1341
f 1040 1041 1340
f 1340 1041 1042
f 1045 1336 1044
f 1044 1336 1340
f 1044 1340 1043
f 1043 1340 1042
f 1033 1337 1336
f 1033 1336 1046
f 1046 1336 1045
f 1334 1333 1336
f 1336 1333 1342
f 1336 1342 1343
f 1336 1343 1340
f 1340 1343 1341
f 1340 1341 1339
f 1339 1341 1338
f 1338 1330 1332
f 1332 1330 1331
f 1191 1190 1333
f 1333 1190 1189
f 1333 1189 1342
f 1342 1189 1188
f 1342 1188 1343
f 1343 1188 1186
f 1343 1186 1341
f 1341 1186 1185
f 1341 1185 1183
f 673 1215 1335
f 1334 676 1335
f 1335 676 673
f 1337 1010 1334
f 1334 1010 676
f 1337 677 1010
f 665 667 677
f 665 677 1337
f 1344 1345 1346
f 1347 1348 1349
f 1350 1351 1352
f 1353 1354 1355
f 1356 1357 1358
f 1359 1360 1361
f 1362 1363 1364
f 1365 1366 1367
f 1368 1367 1369
f 1370 1371 1372
f 1372 1371 1373
f 1373 1371 1374
f 1366 1365 1375
f 1375 1365 1376
f 1377 1375 1376
f 1378 1379 1380
f 1380 1379 1377
f 1381 1382 1346
f 1346 1382 1383
f 1383 1382 1384
f 1383 1384 1385
f 1381 1346 1386
f 1386 1346 1387
f 1386 1387 1388
f 1352 1389 1387
f 1387 1389 1388
f 1390 1391 1392
f 1392 1391 1393
f 1392 1393 1352
f 1352 1393 1394
f 1352 1394 1389
f 1395 1396 1397
f 1398 1399 1400
f 1401 1402 1403
f 1401 1403 1399
f 1399 1403 1400
f 1397 1396 1401
f 1404 1405 1406
f 1407 1408 1409
f 1409 1408 1410
f 1409 1410 1411
f 1411 1410 1412
f 1411 1412 1413
f 1413 1412 1414
f 1413 1414 1397
f 1397 1414 1395
f 1415 1416 1407
f 1417 1418 1419
f 1420 1421 1402
f 1420 1402 1401
f 1420 1401 1396
f 1421 1420 1422
f 1422 1420 1423
f 1422 1423 1363
f 1407 1416 1408
f 1408 1416 1406
f 1417 1419 1424
f 1418 1417 1425
f 1418 1425 1426
f 1426 1425 1427
f 1426 1427 1407
f 1407 1427 1415
f 1428 1429 1419
f 1419 1430 1431
f 1432 1433 1434
f 1432 1435 1433
f 1433 1435 1436
f 1433 1436 1437
f 1433 1437 1438
f 1433 1439 1440
f 1433 1440 1441
f 1433 1441 1434
f 1434 1441 1442
f 1406 1405 1408
f 1419 1429 1424
f 1438 1437 1443
f 1438 1443 1444
f 1444 1443 1445
f 1444 1445 1446
f 1446 1445 1447
f 1446 1447 1419
f 1419 1447 1430
f 1392 1448 1390
f 1390 1448 1442
f 1442 1448 1434
f 1434 1448 1449
f 1434 1449 1432
f 1400 1450 1398
f 1398 1450 1451
f 1398 1451 1452
f 1452 1451 1453
f 1452 1453 1433
f 1433 1453 1439
f 1354 1454 1455
f 1456 1354 1419
f 1456 1419 1431
f 1354 1455 1457
f 1354 1457 1419
f 1419 1457 1428
f 1362 1364 1385
f 1458 1459 1460
f 1360 1359 1461
f 1458 1460 1462
f 1359 1463 1461
f 1461 1463 1464
f 1461 1464 1465
f 1465 1464 1466
f 1465 1466 1458
f 1458 1466 1467
f 1458 1467 1459
f 1459 1467 1468
f 1459 1468 1469
f 1470 1454 1471
f 1469 1468 1472
f 1472 1468 1473
f 1472 1473 1474
f 1474 1473 1475
f 1474 1475 1406
f 1406 1475 1404
f 1471 1454 1354
f 1460 1476 1462
f 1462 1476 1477
f 1462 1477 1478
f 1478 1477 1479
f 1478 1479 1480
f 1480 1479 1481
f 1480 1481 1482
f 1482 1481 1483
f 1482 1483 1471
f 1471 1483 1470
f 1423 1484 1363
f 1363 1484 1485
f 1363 1485 1364
f 1364 1485 1486
f 1364 1486 1357
f 1486 1487 1357
f 1357 1487 1488
f 1357 1488 1358
f 1488 1489 1358
f 1358 1489 1490
f 1358 1490 1361
f 1361 1490 1491
f 1361 1491 1359
f 1492 1493 1494
f 1493 1495 1494
f 1494 1495 1496
f 1497 1498 1495
f 1495 1498 1496
f 1499 1357 1356
f 1499 1356 1500
f 1500 1356 1497
f 1497 1356 1498
f 1354 1353 1471
f 1354 1501 1355
f 1355 1501 1502
f 1355 1502 1503
f 1503 1502 1504
f 1503 1504 1505
f 1505 1504 1506
f 1505 1506 1507
f 1507 1506 1508
f 1507 1508 1509
f 1509 1508 1510
f 1509 1510 1511
f 1510 1512 1511
f 1512 1513 1511
f 1511 1513 1514
f 1511 1514 1392
f 1392 1514 1515
f 1392 1515 1448
f 1352 1351 1516
f 1352 1516 1392
f 1392 1516 1517
f 1517 1518 1392
f 1392 1518 1519
f 1392 1519 1511
f 1519 1520 1511
f 1520 1521 1511
f 1511 1521 1522
f 1523 1524 1525
f 1525 1524 1526
f 1521 1527 1522
f 1522 1527 1525
f 1525 1527 1523
f 1525 1526 1528
f 1528 1526 1529
f 1530 1531 1528
f 1528 1531 1532
f 1528 1532 1525
f 1525 1532 1533
f 1533 1534 1525
f 1525 1534 1349
f 1349 1534 1347
f 1535 1536 1537
f 1537 1536 1538
f 1537 1538 1539
f 1540 1541 1538
f 1538 1541 1542
f 1538 1542 1539
f 1543 1544 1545
f 1545 1544 1539
f 1545 1539 1542
f 1546 1547 1548
f 1548 1547 1549
f 1548 1549 1550
f 1550 1549 1541
f 1550 1541 1551
f 1551 1541 1540
f 1551 1540 1552
f 1551 1552 1553
f 1553 1552 1554
f 1553 1554 1555
f 1548 1556 1546
f 1546 1556 1557
f 1546 1557 1558
f 1367 1368 1365
f 1365 1368 1559
f 1365 1559 1560
f 1365 1560 1561
f 1561 1560 1562
f 1561 1562 1555
f 1555 1562 1563
f 1555 1563 1553
f 1564 1565 1368
f 1368 1565 1566
f 1368 1566 1559
f 1368 1567 1564
f 1564 1567 1568
f 1564 1568 1569
f 1570 1378 1571
f 1571 1378 1380
f 1571 1380 1572
f 1572 1380 1573
f 1572 1573 1574
f 1574 1573 1575
f 1574 1575 1576
f 1456 1577 1354
f 1577 1578 1354
f 1354 1578 1501
f 1579 1380 1376
f 1376 1380 1377
f 1579 1580 1380
f 1380 1580 1581
f 1380 1581 1582
f 1582 1581 1583
f 1582 1583 1584
f 1584 1583 1585
f 1584 1585 1492
f 1492 1585 1586
f 1492 1586 1493
f 1561 1587 1365
f 1365 1587 1588
f 1365 1588 1376
f 1376 1588 1579
f 1589 1590 1591
f 1591 1590 1592
f 1591 1592 1535
f 1535 1592 1593
f 1535 1593 1536
f 1495 1493 1594
f 1589 1595 1590
f 1590 1595 1596
f 1590 1596 1597
f 1495 1594 1598
f 1495 1598 1596
f 1596 1598 1597
f 1596 1595 1345
f 1595 1599 1345
f 1345 1599 1600
f 1601 1602 1352
f 1352 1602 1528
f 1352 1528 1350
f 1350 1528 1529
f 1528 1602 1603
f 1528 1603 1530
f 1530 1603 1543
f 1543 1603 1544
f 1601 1352 1387
f 1345 1600 1604
f 1345 1604 1346
f 1346 1604 1605
f 1346 1605 1387
f 1387 1605 1606
f 1387 1606 1601
f 1345 1607 1596
f 1596 1607 1608
f 1596 1608 1495
f 1495 1608 1609
f 1609 1610 1495
f 1495 1610 1497
f 1344 1346 1611
f 1611 1346 1383
f 1611 1383 1612
f 1357 1499 1613
f 1364 1357 1614
f 1385 1364 1383
f 1383 1364 1612
f 1364 1614 1612
f 1569 1568 1615
f 1615 1568 1616
f 1617 1618 1619
f 1619 1618 1620
f 1619 1620 1621
f 1622 1623 1624
f 1624 1623 1625
f 1622 1626 1623
f 1623 1626 1617
f 1617 1626 1618
f 1627 1628 1623
f 1623 1628 1629
f 1623 1629 1625
f 1625 1629 1630
f 1625 1630 1616
f 1616 1630 1615
f 1631 1632 1628
f 1631 1628 1627
f 1633 1634 1631
f 1631 1634 1632
f 1633 1631 1635
f 1633 1635 1636
f 1636 1635 1637
f 1637 1635 1638
f 1637 1638 1639
f 1639 1638 1640
f 1639 1640 1641
f 1641 1640 1642
f 1640 1638 1643
f 1640 1643 1621
f 1640 1621 1620
f 1632 1634 1644
f 1644 1634 1558
f 1644 1558 1557
f 1645 1646 1348
f 1348 1646 1647
f 1348 1647 1349
f 1646 1645 1648
f 1646 1648 1642
f 1642 1648 1649
f 1642 1649 1641
f 1650 1651 1640
f 1650 1640 1620
f 1651 1650 1652
f 1651 1652 1653
f 1653 1652 1654
f 1653 1654 1655
f 1569 1656 1564
f 1564 1656 1657
f 1564 1657 1565
f 1645 1658 1648
f 1648 1658 1649
f 1348 1659 1660
f 1348 1660 1645
f 1661 1658 1662
f 1662 1658 1645
f 1662 1645 1663
f 1663 1645 1660
f 1604 1664 1605
f 1605 1664 1665
f 1605 1665 1606
f 1666 1585 1667
f 1667 1585 1583
f 1667 1583 1581
f 1668 1659 1347
f 1659 1348 1347
f 1630 1629 1669
f 1656 1569 1670
f 1670 1569 1615
f 1670 1615 1671
f 1671 1615 1630
f 1671 1630 1672
f 1672 1630 1669
f 1673 1674 1675
f 1675 1674 1676
f 1675 1676 1677
f 1678 1679 1680
f 1680 1679 1681
f 1680 1681 1682
f 1682 1681 1683
f 1682 1683 1684
f 1685 1686 1687
f 1687 1686 1688
f 1689 1690 1688
f 1688 1690 1691
f 1688 1691 1687
f 1686 1685 1692
f 1693 1694 1695
f 1690 1689 1696
f 1693 1695 1696
f 1696 1695 1697
f 1696 1697 1690
f 1698 1699 1700
f 1700 1699 1506
f 1700 1506 1504
f 1701 1508 1702
f 1702 1508 1506
f 1702 1506 1703
f 1703 1506 1699
f 1704 1447 1445
f 1705 1706 1707
f 1707 1706 1708
f 1445 1443 1705
f 1705 1443 1437
f 1705 1437 1706
f 1705 1709 1445
f 1445 1709 1710
f 1445 1710 1704
f 1704 1710 1711
f 1704 1711 1712
f 1713 1714 1715
f 1715 1714 1716
f 1715 1716 1717
f 1718 1719 1720
f 1715 1721 1713
f 1713 1721 1720
f 1720 1721 1722
f 1720 1722 1718
f 1723 1724 1725
f 1723 1725 1717
f 1723 1717 1726
f 1726 1717 1716
f 1725 1727 1717
f 1717 1727 1728
f 1729 1395 1414
f 1730 1731 1732
f 1732 1731 1733
f 1414 1412 1730
f 1730 1412 1410
f 1730 1410 1731
f 1730 1734 1414
f 1414 1734 1735
f 1414 1735 1729
f 1729 1735 1736
f 1729 1736 1737
f 1738 1739 1740
f 1740 1739 1741
f 1740 1741 1742
f 1742 1741 1743
f 1744 1745 1746
f 1746 1745 1747
f 1742 1743 1748
f 1742 1749 1750
f 1751 1752 1747
f 1751 1747 1740
f 1740 1747 1745
f 1740 1745 1738
f 1742 1748 1749
f 1753 1463 1359
f 1753 1359 1754
f 1754 1359 1491
f 1754 1491 1490
f 1755 1386 1756
f 1756 1386 1388
f 1757 1758 1759
f 1453 1451 1759
f 1759 1451 1760
f 1759 1760 1757
f 1761 1762 1763
f 1763 1762 1764
f 1450 1400 1761
f 1761 1400 1403
f 1761 1403 1762
f 1761 1765 1450
f 1450 1765 1766
f 1450 1766 1451
f 1451 1766 1767
f 1451 1767 1760
f 1768 1769 1770
f 1770 1769 1771
f 1770 1771 1772
f 1772 1771 1773
f 1774 1768 1775
f 1776 1775 1770
f 1770 1775 1768
f 1777 1778 1779
f 1779 1778 1772
f 1779 1772 1780
f 1780 1772 1773
f 1778 1781 1772
f 1772 1781 1782
f 1783 1784 1785
f 1785 1784 1786
f 1787 1788 1789
f 1653 1655 1790
f 1790 1655 1791
f 1790 1791 1787
f 1787 1791 1792
f 1787 1792 1788
f 1793 1794 1783
f 1783 1794 1784
f 1785 1786 1795
f 1785 1795 1796
f 1796 1795 1797
f 1796 1797 1798
f 1799 1800 1793
f 1793 1800 1794
f 1801 1802 1803
f 1801 1803 1804
f 1801 1804 1799
f 1799 1804 1800
f 1805 1806 1807
f 1806 1808 1807
f 1807 1808 1809
f 1809 1808 1810
f 1810 1811 1809
f 1809 1811 1812
f 1809 1812 1801
f 1801 1812 1813
f 1801 1813 1802
f 1796 1798 1814
f 1814 1798 1815
f 1814 1815 1816
f 1817 1818 1819
f 1819 1818 1820
f 1815 1821 1816
f 1816 1821 1822
f 1822 1821 1823
f 1821 1824 1823
f 1823 1824 1819
f 1819 1824 1817
f 1825 1826 1575
f 1575 1826 1827
f 1575 1827 1576
f 1818 1828 1820
f 1820 1828 1825
f 1825 1828 1826
f 1829 1830 1831
f 1832 1833 1830
f 1834 1835 1836
f 1834 1836 1837
f 1834 1837 1838
f 1837 1839 1838
f 1838 1839 1840
f 1840 1839 1841
f 1840 1841 1842
f 1842 1841 1843
f 1844 1845 1846
f 1829 1831 1847
f 1845 1848 1846
f 1846 1848 1849
f 1846 1849 1850
f 1851 1852 1853
f 1853 1852 1844
f 1853 1844 1841
f 1841 1844 1846
f 1841 1846 1843
f 1846 1850 1854
f 1846 1854 1855
f 1856 1857 1858
f 1858 1857 1859
f 1858 1859 1860
f 1833 1861 1830
f 1830 1861 1862
f 1830 1862 1831
f 1831 1862 1863
f 1831 1863 1864
f 1836 1835 1865
f 1836 1865 1831
f 1831 1865 1847
f 1866 1867 1868
f 1868 1867 1869
f 1868 1869 1870
f 1870 1869 1832
f 1870 1832 1871
f 1871 1832 1830
f 1858 1860 1872
f 1872 1860 1873
f 1872 1873 1874
f 1874 1875 1876
f 1876 1875 1877
f 1878 1879 1880
f 1881 1882 1883
f 1884 1885 1886
f 1886 1885 1881
f 1886 1881 1887
f 1887 1881 1883
f 1888 1889 1890
f 1890 1889 1891
f 1874 1876 1872
f 1872 1876 1892
f 1872 1892 1893
f 1894 1895 1896
f 1858 1831 1856
f 1856 1831 1864
f 1856 1864 1897
f 1897 1864 1898
f 1897 1898 1891
f 1899 1900 1901
f 1901 1900 1902
f 1901 1902 1903
f 1904 1905 1884
f 1884 1905 1906
f 1884 1906 1885
f 1851 1853 1907
f 1907 1853 1872
f 1907 1872 1901
f 1901 1872 1893
f 1901 1893 1899
f 1908 1909 1880
f 1908 1880 1910
f 1910 1880 1879
f 1911 1912 1913
f 1903 1878 1901
f 1901 1878 1914
f 1901 1914 1915
f 1915 1914 1916
f 1915 1916 1904
f 1904 1916 1917
f 1904 1917 1905
f 1882 1918 1883
f 1883 1918 1919
f 1883 1919 1920
f 1920 1919 1921
f 1920 1921 1922
f 1922 1921 1923
f 1922 1923 1924
f 1924 1923 1925
f 1925 1923 1926
f 1925 1926 1866
f 1866 1926 1927
f 1866 1927 1867
f 1867 1927 1928
f 1929 1930 1931
f 1931 1930 1932
f 1931 1932 1933
f 1933 1932 1934
f 1935 1936 1937
f 1938 1937 1939
f 1936 1940 1937
f 1937 1940 1939
f 1941 1942 1943
f 1943 1942 1944
f 1943 1944 1945
f 1945 1944 1946
f 1937 1938 1941
f 1937 1941 1935
f 1935 1941 1943
f 1935 1943 1947
f 1947 1948 1935
f 1935 1948 1949
f 1935 1949 1950
f 1949 1951 1950
f 1950 1951 1952
f 1950 1952 1953
f 1953 1952 1954
f 1953 1954 1955
f 1955 1956 1953
f 1953 1956 1957
f 1953 1957 1958
f 1959 1960 1961
f 1962 1963 1964
f 1962 1964 1959
f 1959 1961 1962
f 1962 1961 1965
f 1962 1965 1963
f 1958 1966 1953
f 1953 1966 1967
f 1953 1967 1968
f 1968 1967 1959
f 1968 1959 1969
f 1969 1959 1964
f 1960 1970 1961
f 1961 1970 1971
f 1961 1971 1972
f 1972 1973 1961
f 1961 1973 1974
f 1961 1974 1975
f 1976 1977 1584
f 1976 1584 1978
f 1498 1979 1496
f 1496 1979 1980
f 1496 1980 1494
f 1494 1980 1978
f 1494 1978 1492
f 1492 1978 1584
f 1979 1498 1356
f 1356 1358 1979
f 1979 1358 1361
f 1979 1361 1981
f 1981 1361 1360
f 1981 1360 1461
f 1465 1982 1461
f 1461 1982 1983
f 1461 1983 1981
f 1458 1462 1984
f 1984 1985 1458
f 1458 1985 1986
f 1458 1986 1465
f 1465 1986 1987
f 1465 1987 1982
f 1984 1462 1988
f 1988 1462 1478
f 1988 1478 1989
f 1989 1478 1480
f 1989 1480 1990
f 1990 1480 1991
f 1991 1480 1482
f 1991 1482 1992
f 1992 1482 1993
f 1993 1482 1471
f 1993 1471 1994
f 1471 1353 1994
f 1994 1353 1995
f 1995 1353 1355
f 1995 1355 1996
f 1996 1355 1503
f 1996 1503 1997
f 1997 1503 1505
f 1997 1505 1998
f 1998 1505 1999
f 1999 1505 1507
f 1999 1507 2000
f 2000 1507 2001
f 2001 1507 1509
f 1575 2002 1825
f 1825 2002 2003
f 1825 2003 2004
f 1575 1573 2002
f 2002 1573 1380
f 2002 1380 1977
f 1977 1380 1582
f 1977 1582 1584
f 1787 2005 1790
f 1790 2005 2006
f 1790 2006 2007
f 1822 2008 1816
f 1816 2008 1814
f 2009 1785 2008
f 2008 1785 1796
f 2008 1796 1814
f 2010 1809 2011
f 2011 1809 1801
f 2011 1801 2012
f 1825 2004 1820
f 1820 2004 2013
f 1820 2013 1819
f 2014 2008 1822
f 2013 2015 1819
f 1819 2015 2016
f 1819 2016 1823
f 1823 2016 2017
f 1823 2017 1822
f 1822 2017 2018
f 1822 2018 2014
f 1845 1844 2019
f 1852 1851 2020
f 2021 2022 2023
f 2024 2025 2026
f 2027 2028 2029
f 2030 2031 2032
f 2033 2034 1975
f 2035 2036 2037
f 2037 2036 2038
f 2037 2038 2039
f 2039 2038 2040
f 2039 2040 2033
f 2033 2040 2041
f 2033 2041 2034
f 2042 2043 2044
f 2044 2043 2045
f 2044 2045 2046
f 1915 2047 1901
f 1901 2047 2048
f 1901 2048 1907
f 2049 2050 1854
f 2051 2052 2050
f 2050 2052 1855
f 2050 1855 1854
f 2053 2054 2055
f 2055 2054 2056
f 2055 2056 2057
f 2057 2056 2027
f 1946 2058 1945
f 1945 2058 2053
f 1945 2053 1943
f 1943 2053 2055
f 1943 2055 1947
f 1854 1850 2049
f 2049 1850 2059
f 2059 1850 1849
f 2059 1849 1848
f 2029 2028 2060
f 2029 2060 2061
f 2061 2060 2062
f 2061 2062 2063
f 2063 2062 2064
f 2022 2024 2065
f 2066 1970 1960
f 2067 2068 2069
f 2069 2068 2070
f 2069 2070 2071
f 2071 2070 2066
f 2071 2066 2072
f 2072 2066 1960
f 2024 2026 2065
f 2065 2026 2073
f 2065 2073 2074
f 2074 2073 2075
f 2074 2075 2076
f 1960 1959 2072
f 2072 1959 1967
f 2072 1967 1966
f 1966 2075 2072
f 2072 2075 2073
f 2072 2073 2071
f 2071 2073 2026
f 2071 2026 2069
f 2069 2026 2025
f 2069 2025 2067
f 2021 2023 2077
f 2077 2023 2078
f 2077 2078 2079
f 1954 1952 2080
f 2080 1952 1951
f 2080 1951 2078
f 2078 1951 2079
f 2079 1951 1949
f 2079 1949 1948
f 2027 2021 2077
f 2027 2077 2057
f 2057 2077 2079
f 2057 2079 2055
f 2055 2079 1948
f 2055 1948 1947
f 1966 1958 2075
f 2075 1958 1957
f 2075 1957 2076
f 2076 1957 1956
f 2076 1956 1955
f 2022 2065 2023
f 2023 2065 2074
f 2023 2074 2078
f 2078 2074 2076
f 2078 2076 2080
f 2080 2076 1955
f 2080 1955 1954
f 2081 2082 2083
f 2083 2082 2084
f 2083 2084 2085
f 2033 2086 2087
f 2033 2087 2039
f 2039 2087 2085
f 2039 2085 2037
f 2037 2085 2084
f 2037 2084 2035
f 2031 2042 2032
f 2032 2042 2044
f 2032 2044 2081
f 2081 2044 2046
f 2081 2046 2082
f 2082 2046 2088
f 2082 2088 2084
f 2084 2088 2089
f 2084 2089 2035
f 1852 2020 1844
f 1844 2020 2019
f 2019 2020 2090
f 2019 2090 2091
f 2091 2090 2092
f 2091 2092 2064
f 2064 2092 2093
f 2064 2093 2063
f 2060 2051 2062
f 2062 2051 2050
f 2062 2050 2064
f 2064 2050 2049
f 2064 2049 2091
f 2091 2049 2059
f 2091 2059 2019
f 2019 2059 1848
f 2019 1848 1845
f 1975 1974 2033
f 2033 1974 1973
f 2033 1973 2086
f 2086 1973 1972
f 2086 1972 1971
f 2047 2030 2048
f 2048 2030 2032
f 2048 2032 2094
f 2094 2032 2081
f 2094 2081 2095
f 2095 2081 2083
f 2095 2083 2067
f 2067 2083 2085
f 2067 2085 2068
f 2068 2085 2087
f 2068 2087 2070
f 2070 2087 2086
f 2070 2086 2066
f 2066 2086 1971
f 2066 1971 1970
f 2021 2027 2029
f 2021 2029 2022
f 2022 2029 2061
f 2022 2061 2024
f 2024 2061 2063
f 2024 2063 2025
f 2025 2063 2093
f 2025 2093 2067
f 2067 2093 2092
f 2067 2092 2095
f 2095 2092 2090
f 2095 2090 2094
f 2094 2090 2020
f 2094 2020 2048
f 2048 2020 1851
f 2048 1851 1907
f 1651 1653 2096
f 2096 1653 2097
f 2097 1653 1790
f 2097 1790 2007
f 2098 1642 1640
f 2098 1640 2099
f 2099 1640 1651
f 2099 1651 2100
f 2100 1651 2096
f 1509 1511 2001
f 2098 2101 1642
f 1642 2101 2102
f 1642 2102 1646
f 1646 2102 2103
f 1646 2103 1647
f 1647 2103 2104
f 1647 2104 1349
f 1349 2104 2105
f 1349 2105 1525
f 1525 2105 2001
f 1525 2001 1522
f 1522 2001 1511
f 2106 1807 2107
f 2107 1807 1809
f 2107 1809 2010
f 2108 1805 2109
f 2109 1805 1807
f 2109 1807 2106
f 2110 1789 2111
f 2111 1789 1805
f 2111 1805 2108
f 2110 2112 1789
f 1789 2112 2113
f 1789 2113 1787
f 1787 2113 2114
f 1787 2114 2005
f 2009 2115 1785
f 1785 2115 2116
f 1785 2116 1783
f 1783 2116 2117
f 1783 2117 2118
f 1783 2118 1793
f 1793 2118 2119
f 1793 2119 2120
f 1793 2120 1799
f 1799 2120 2121
f 2121 2122 1799
f 1799 2122 2123
f 1799 2123 1801
f 1801 2123 2124
f 1801 2124 2012
f 2001 2125 2000
f 2000 2125 2126
f 2125 2127 2126
f 2126 2127 2128
f 2126 2128 2129
f 1904 1884 2130
f 2130 1884 2129
f 2130 2129 2131
f 2131 2129 2128
f 1915 1904 2130
f 1915 2130 2132
f 2132 2130 2131
f 2132 2131 2133
f 2131 2128 2133
f 2133 2128 2127
f 2133 2127 2134
f 2127 2125 2134
f 2134 2125 2001
f 2134 2001 2105
f 2000 2126 2135
f 2126 2129 2136
f 2129 1884 1886
f 2129 1886 2136
f 2136 1886 1887
f 2136 1887 2137
f 2137 1887 1883
f 2137 1883 2138
f 2138 1883 1920
f 2138 1920 2139
f 2139 1920 1922
f 2139 1922 2140
f 2140 1922 1924
f 2140 1924 2141
f 2141 1924 1925
f 2141 1925 2142
f 2142 1925 1866
f 2142 1866 2143
f 2143 1866 1868
f 2143 1868 2144
f 2144 1868 1870
f 2144 1870 2145
f 2145 1870 1871
f 2145 1871 2146
f 2146 1871 1830
f 2146 1830 2147
f 2126 2136 2135
f 2135 2136 2137
f 2135 2137 2148
f 2148 2137 2138
f 2148 2138 2149
f 2149 2138 2139
f 2149 2139 2150
f 2150 2139 2140
f 2150 2140 2151
f 2151 2140 2141
f 2151 2141 2152
f 2152 2141 2142
f 2152 2142 2153
f 2153 2142 2143
f 2153 2143 2154
f 2154 2143 2144
f 2154 2144 2155
f 2155 2144 2145
f 2155 2145 2156
f 2156 2145 2146
f 2156 2146 2157
f 2157 2146 2147
f 2157 2147 2158
f 2000 2135 1999
f 1999 2135 2148
f 1999 2148 1998
f 1998 2148 2149
f 1998 2149 1997
f 1997 2149 2150
f 1997 2150 1996
f 1996 2150 2151
f 1996 2151 1995
f 1995 2151 2152
f 1995 2152 1994
f 1994 2152 2153
f 1994 2153 1993
f 1993 2153 2154
f 1993 2154 1992
f 1992 2154 2155
f 1992 2155 1991
f 1991 2155 2156
f 1991 2156 1990
f 1990 2156 2157
f 1990 2157 1989
f 1989 2157 2158
f 1989 2158 1988
f 2134 2105 2159
f 2159 2105 2104
f 2160 2161 2162
f 2162 2161 2034
f 2162 2034 2041
f 2163 2164 2165
f 2165 2164 2160
f 2166 2167 2163
f 2041 2040 2162
f 2162 2040 2038
f 2162 2038 2168
f 2169 2097 2166
f 2166 2097 2007
f 2166 2007 2167
f 2038 2036 2168
f 2168 2036 2035
f 2168 2035 2170
f 2035 2089 2170
f 2170 2089 2088
f 2170 2088 2171
f 2171 2088 2046
f 2171 2046 2045
f 2172 2099 2173
f 2173 2099 2100
f 2173 2100 2169
f 2169 2100 2096
f 2169 2096 2097
f 2171 2045 2174
f 2174 2045 2043
f 2174 2043 2175
f 2043 2042 2175
f 2175 2042 2031
f 2175 2031 2176
f 2104 2103 2159
f 2159 2103 2102
f 2159 2102 2177
f 2177 2102 2101
f 2177 2101 2178
f 2178 2101 2098
f 2178 2098 2172
f 2172 2098 2099
f 1915 2132 2047
f 2047 2132 2176
f 2047 2176 2030
f 2030 2176 2031
f 2160 2162 2165
f 2165 2162 2168
f 2165 2168 2179
f 2179 2168 2170
f 2179 2170 2180
f 2180 2170 2171
f 2180 2171 2181
f 2181 2171 2174
f 2181 2174 2182
f 2182 2174 2175
f 2182 2175 2183
f 2183 2175 2176
f 2183 2176 2184
f 2184 2176 2132
f 2184 2132 2133
f 2163 2165 2166
f 2166 2165 2179
f 2166 2179 2169
f 2169 2179 2180
f 2169 2180 2173
f 2173 2180 2181
f 2173 2181 2172
f 2172 2181 2182
f 2172 2182 2178
f 2178 2182 2183
f 2178 2183 2177
f 2177 2183 2184
f 2177 2184 2159
f 2159 2184 2133
f 2159 2133 2134
f 1984 1988 2158
f 1984 2158 2185
f 2185 2158 2147
f 2185 2147 2186
f 2186 2147 1830
f 2186 1830 1829
f 1975 2034 2187
f 2187 2034 2161
f 2187 2161 2160
f 2187 2160 2188
f 2188 2160 2164
f 2188 2164 2189
f 2189 2164 2163
f 2189 2163 2190
f 2190 2163 2191
f 2191 2163 2167
f 2191 2167 2192
f 2192 2167 2007
f 2192 2007 2006
f 1984 2185 2193
f 2185 2186 2194
f 2186 1829 1847
f 2186 1847 2194
f 2194 1847 1865
f 2194 1865 2195
f 2195 1865 1835
f 2195 1835 2196
f 2196 1835 1834
f 2196 1834 2197
f 2185 2194 2193
f 2193 2194 2198
f 2198 2194 2195
f 2198 2195 2199
f 2199 2195 2200
f 2200 2195 2196
f 2200 2196 2201
f 2201 2196 2197
f 2201 2197 2202
f 1984 2193 1985
f 1985 2193 2198
f 1985 2198 1986
f 1986 2198 2199
f 1986 2199 1987
f 1987 2199 2200
f 1987 2200 1982
f 1982 2200 2201
f 1982 2201 1983
f 1983 2201 2202
f 1983 2202 1981
f 2203 1961 1975
f 1975 2187 2203
f 2203 2187 2204
f 2204 2187 2188
f 2204 2188 2205
f 2188 2189 2205
f 2205 2189 2190
f 2205 2190 2206
f 2206 2190 2191
f 2206 2191 2005
f 2005 2191 2192
f 2005 2192 2006
f 1979 1981 2202
f 1979 2202 2207
f 2207 2202 2197
f 2207 2197 2208
f 2208 2197 1834
f 2208 1834 1838
f 2209 1968 1969
f 2210 2209 2211
f 2010 2210 2212
f 2010 2212 2107
f 2107 2212 2106
f 2106 2212 2213
f 2106 2213 2109
f 2109 2213 2108
f 2108 2213 2214
f 2108 2214 2111
f 2111 2214 2110
f 2209 1969 2211
f 2211 1969 1964
f 2211 1964 1963
f 2211 1963 2215
f 2215 1963 2216
f 2216 1963 1965
f 2216 1965 2217
f 2210 2211 2212
f 2212 2211 2215
f 2212 2215 2213
f 2213 2215 2216
f 2213 2216 2214
f 2214 2216 2217
f 2214 2217 2218
f 2218 2217 2219
f 1965 1961 2203
f 1965 2203 2217
f 2217 2203 2204
f 2217 2204 2219
f 2219 2204 2205
f 2219 2205 2206
f 2110 2214 2112
f 2112 2214 2218
f 2112 2218 2113
f 2113 2218 2219
f 2113 2219 2114
f 2114 2219 2206
f 2114 2206 2005
f 1979 2207 2220
f 2207 2208 2221
f 2207 2221 2220
f 2220 2221 2222
f 2220 2222 2223
f 2223 2222 2224
f 2223 2224 2225
f 1843 1846 2226
f 2226 2224 1843
f 1843 2224 2222
f 1843 2222 1842
f 1842 2222 2221
f 1842 2221 1840
f 1840 2221 2208
f 1840 2208 1838
f 2226 2227 2224
f 2224 2227 2228
f 2224 2228 2225
f 2225 2228 2229
f 2225 2229 2230
f 1979 2220 1980
f 1980 2220 2223
f 1980 2223 1978
f 1978 2223 2225
f 1978 2225 1976
f 1976 2225 2230
f 1976 2230 1977
f 1953 1968 2209
f 1935 1950 2231
f 2011 2012 2232
f 2232 2012 2233
f 2232 2233 2231
f 2231 2233 2234
f 2231 2234 1935
f 1935 2234 1936
f 2010 2011 2210
f 2210 2011 2232
f 2210 2232 2209
f 2209 2232 2231
f 2209 2231 1953
f 1953 2231 1950
f 2002 1977 2230
f 1846 1855 2226
f 2226 1855 2235
f 2226 2235 2227
f 2227 2235 2236
f 2227 2236 2228
f 2228 2236 2237
f 2228 2237 2229
f 2229 2237 2238
f 2229 2238 2230
f 2230 2238 2239
f 2230 2239 2002
f 2240 1941 1938
f 2241 2240 2242
f 2009 2241 2243
f 2009 2243 2115
f 2115 2243 2244
f 2115 2244 2116
f 2116 2244 2117
f 2117 2244 2245
f 2117 2245 2118
f 2118 2245 2119
f 2119 2245 2246
f 2119 2246 2120
f 2120 2246 2121
f 2240 1938 2242
f 2242 1938 1939
f 2242 1939 2247
f 2247 1939 2248
f 2248 1939 1940
f 2248 1940 2249
f 2249 1940 1936
f 2249 1936 2234
f 2241 2242 2243
f 2243 2242 2244
f 2244 2242 2247
f 2244 2247 2245
f 2245 2247 2248
f 2245 2248 2246
f 2246 2248 2249
f 2246 2249 2250
f 2250 2249 2234
f 2250 2234 2233
f 2121 2246 2122
f 2122 2246 2250
f 2122 2250 2123
f 2123 2250 2124
f 2124 2250 2233
f 2124 2233 2012
f 2235 1855 2052
f 2235 2052 2236
f 2236 2052 2251
f 2236 2251 2237
f 2237 2251 2252
f 2237 2252 2238
f 2238 2252 2253
f 2238 2253 2239
f 2239 2253 2003
f 2239 2003 2002
f 2051 2060 2254
f 2254 2060 2028
f 2004 2003 2255
f 2255 2003 2253
f 2255 2253 2256
f 2256 2253 2252
f 2256 2252 2254
f 2254 2252 2251
f 2254 2251 2051
f 2051 2251 2052
f 1942 1941 2240
f 1942 2240 2257
f 2257 2240 2241
f 2257 2241 2258
f 2258 2241 2009
f 2258 2009 2008
f 2259 2260 2261
f 2261 2260 2262
f 1946 2259 2058
f 2058 2259 2263
f 2058 2263 2053
f 2027 2264 2028
f 2028 2264 2254
f 2004 2255 2265
f 2004 2265 2013
f 2013 2265 2266
f 2013 2266 2015
f 2264 2027 2267
f 2267 2027 2056
f 2267 2056 2263
f 2263 2056 2054
f 2263 2054 2053
f 2259 2261 2263
f 2263 2261 2268
f 2263 2268 2267
f 2267 2268 2269
f 2267 2269 2264
f 2264 2269 2256
f 2264 2256 2254
f 2262 2270 2261
f 2261 2270 2266
f 2261 2266 2268
f 2268 2266 2265
f 2268 2265 2269
f 2269 2265 2255
f 2269 2255 2256
f 2262 2018 2270
f 2270 2018 2017
f 2270 2017 2266
f 2266 2017 2016
f 2266 2016 2015
f 1946 1944 2259
f 2014 2018 2262
f 1944 1942 2259
f 2259 1942 2257
f 2259 2257 2262
f 2262 2257 2258
f 2262 2258 2014
f 2014 2258 2008
f 2262 2260 2259
f 1923 2271 1926
f 1926 2271 2272
f 1926 2272 1927
f 1927 2272 2273
f 1927 2273 1928
f 1928 2273 2274
f 1928 2274 1932
f 1932 2274 2275
f 1921 2276 1923
f 1923 2276 2271
f 2277 2278 1882
f 1882 2278 2279
f 1882 2279 1918
f 1918 2279 2280
f 1918 2280 1919
f 1919 2280 2281
f 1919 2281 1921
f 1921 2281 2276
f 2278 2277 2282
f 2278 2282 2283
f 2283 2282 2284
f 2283 2284 2285
f 2285 2286 2287
f 2286 2288 2287
f 2287 2288 2289
f 2289 2288 2290
f 2289 2290 2291
f 2291 2292 2293
f 2293 2292 2294
f 2293 2294 2295
f 1905 2296 1906
f 1906 2296 2297
f 1906 2297 1885
f 1885 2297 2298
f 1885 2298 1881
f 1881 2298 2299
f 1881 2299 2294
f 2294 2299 2295
f 1917 2300 1905
f 1905 2300 2296
f 1880 2301 1878
f 1878 2301 2302
f 1878 2302 1914
f 1914 2302 2303
f 1914 2303 1916
f 1916 2303 2304
f 1916 2304 1917
f 1917 2304 2300
f 2301 1880 1909
f 2301 1909 2305
f 2305 1909 2306
f 2305 2306 2307
f 2307 2306 1908
f 2307 1908 2308
f 1908 1910 2308
f 2308 1910 2309
f 2309 1910 1911
f 2309 1911 2310
f 2310 1911 1913
f 2310 1913 2311
f 2311 1913 1912
f 2311 1912 2312
f 1900 2313 1902
f 1902 2313 2314
f 1902 2314 1903
f 1903 2314 2315
f 1903 2315 2316
f 2316 2315 2317
f 2316 2317 1912
f 1912 2317 2312
f 1899 2318 1900
f 1900 2318 2313
f 2319 2320 1876
f 1876 2320 2321
f 1876 2321 1892
f 1892 2321 2322
f 1893 2322 2323
f 1893 2323 1899
f 1899 2323 2318
f 2320 2319 2324
f 2320 2324 2325
f 2325 2324 2326
f 2325 2326 2327
f 2327 2326 2328
f 2327 2328 2329
f 2328 2330 2329
f 2329 2330 2331
f 2331 2330 2332
f 2331 2332 2333
f 2333 2332 2334
f 2333 2334 2335
f 2335 2334 1877
f 2335 1877 2336
f 1860 2337 1873
f 1873 2337 2338
f 1873 2338 1874
f 1874 2338 2339
f 1874 2339 1875
f 1875 2339 2340
f 1875 2340 1877
f 1877 2340 2336
f 1859 2341 1860
f 1860 2341 2337
f 1891 2342 1897
f 1897 2342 2343
f 1897 2343 1856
f 1856 2343 2344
f 1856 2344 1857
f 1857 2344 2345
f 1857 2345 1859
f 1859 2345 2341
f 2342 1891 1889
f 2342 1889 2346
f 2346 1889 1888
f 2346 1888 2347
f 2347 1888 1890
f 2347 1890 2348
f 1890 2349 2348
f 2348 2349 2350
f 2350 2349 1895
f 2350 1895 2351
f 2351 1895 1894
f 2351 1894 2352
f 2352 1894 1896
f 2352 1896 2353
f 1861 2354 1862
f 1862 2354 2355
f 1862 2355 1863
f 1863 2355 2356
f 1863 2356 1864
f 1864 2356 2357
f 1896 2357 2353
f 1833 2358 1861
f 1861 2358 2354
f 2359 2360 1867
f 1867 2360 2361
f 1867 2361 1869
f 1869 2361 2362
f 1869 2362 1832
f 1832 2362 2363
f 1832 2363 1833
f 1833 2363 2358
f 2360 2359 2364
f 2360 2364 2365
f 2365 2364 2366
f 2365 2366 2367
f 2367 2366 1929
f 2367 1929 2368
f 1929 1931 2368
f 2368 1931 2369
f 2369 1931 1933
f 2369 1933 2370
f 2370 1933 1934
f 2370 1934 2371
f 2371 1934 1932
f 2371 1932 2275
f 2372 1836 1831
f 2372 1831 1858
f 2372 1858 2373
f 2373 1858 1872
f 2373 1872 1853
f 2372 1837 1836
f 2374 2375 2376
f 2374 2376 2377
f 2378 2379 2380
f 2381 2382 2383
f 2383 2382 2384
f 2385 2386 2384
f 2384 2386 2387
f 2384 2387 2383
f 1481 2388 2389
f 2389 2390 1481
f 1481 2390 2391
f 1481 2391 1483
f 1479 2392 1481
f 1481 2392 2393
f 1481 2393 2388
f 2394 1510 1701
f 1701 1510 1508
f 2392 1479 2395
f 2395 1479 1477
f 2396 1415 1427
f 2397 2398 2396
f 2399 2400 2401
f 2401 2400 2402
f 2397 2396 2403
f 2403 2396 1427
f 2403 1427 2404
f 2404 1427 1425
f 2404 1425 2399
f 2399 1425 1417
f 2399 1417 2400
f 2405 2406 2407
f 2407 2406 2408
f 2408 2406 2409
f 2408 2409 2410
f 2410 2409 2411
f 2407 2412 2405
f 2413 2410 2411
f 2414 2413 2411
f 2412 2415 2405
f 1586 1585 2416
f 2416 1585 1666
f 2417 2418 2419
f 2420 2421 2422
f 2422 2421 2423
f 2422 2423 2419
f 2419 2423 2417
f 2424 2421 2420
f 2305 2307 2301
f 2301 2307 2302
f 2295 2299 2278
f 2425 2426 2357
f 2274 2273 2427
f 2427 2273 2428
f 2281 2280 2429
f 2429 2299 2430
f 2430 2299 2298
f 2430 2298 2431
f 2312 2317 2432
f 2432 2317 2315
f 2432 2315 2433
f 2321 2434 2322
f 2322 2434 2435
f 2274 2427 2275
f 2275 2427 2361
f 2275 2361 2360
f 2315 2314 2433
f 2433 2314 2313
f 2433 2313 2436
f 2436 2313 2318
f 2436 2318 2435
f 2435 2318 2323
f 2435 2323 2322
f 2437 2363 2427
f 2427 2363 2362
f 2427 2362 2361
f 2429 2280 2299
f 2299 2280 2279
f 2299 2279 2278
f 2438 2304 2432
f 2432 2304 2303
f 2432 2303 2302
f 2439 2434 2338
f 2320 2325 2327
f 2333 2335 2331
f 2331 2335 2336
f 2331 2336 2329
f 2357 2356 2425
f 2425 2356 2355
f 2425 2355 2440
f 2440 2355 2354
f 2440 2354 2437
f 2437 2354 2358
f 2437 2358 2363
f 2370 2371 2369
f 2369 2371 2275
f 2369 2275 2368
f 2368 2275 2360
f 2368 2360 2367
f 2367 2360 2365
f 2273 2272 2428
f 2428 2272 2271
f 2428 2271 2429
f 2429 2271 2276
f 2429 2276 2281
f 2298 2297 2431
f 2431 2297 2296
f 2431 2296 2438
f 2438 2296 2300
f 2438 2300 2304
f 2302 2307 2432
f 2432 2307 2308
f 2432 2308 2309
f 2327 2329 2320
f 2320 2329 2336
f 2320 2336 2321
f 2321 2336 2340
f 2321 2340 2434
f 2434 2340 2339
f 2434 2339 2338
f 2338 2337 2439
f 2439 2337 2341
f 2439 2341 2426
f 2342 2346 2347
f 2351 2352 2350
f 2350 2352 2353
f 2350 2353 2348
f 2291 2293 2289
f 2289 2293 2295
f 2289 2295 2287
f 2287 2295 2278
f 2287 2278 2285
f 2285 2278 2283
f 2309 2310 2432
f 2432 2310 2311
f 2432 2311 2312
f 2347 2348 2342
f 2342 2348 2353
f 2342 2353 2343
f 2343 2353 2357
f 2343 2357 2344
f 2344 2357 2426
f 2344 2426 2345
f 2345 2426 2341
f 1398 2436 1399
f 1399 2436 2435
f 1399 2435 1401
f 1401 2435 2434
f 1401 2434 1397
f 1397 2434 2439
f 1397 2439 1413
f 1413 2439 2426
f 1413 2426 1411
f 1411 2426 2425
f 1411 2425 1409
f 1409 2425 2440
f 1409 2440 1407
f 1407 2440 2437
f 1407 2437 1426
f 1426 2437 2427
f 1426 2427 1418
f 1418 2427 2428
f 1418 2428 1419
f 1419 2428 2429
f 1419 2429 1446
f 1446 2429 2430
f 1446 2430 1444
f 1444 2430 2431
f 1444 2431 1438
f 1438 2431 2438
f 1438 2438 1433
f 1433 2438 2432
f 1433 2432 1452
f 1452 2432 2433
f 1452 2433 1398
f 1398 2433 2436
f 1475 1473 2441
f 2442 1475 2441
f 1472 1474 2443
f 2443 1474 2444
f 2445 2446 1432
f 1432 1449 2445
f 2445 1449 1448
f 2447 2448 2449
f 1441 2447 1442
f 1442 2447 2449
f 1442 2449 1390
f 2450 2451 2452
f 2452 1422 2450
f 2450 1422 1363
f 2450 1363 1362
f 1484 1423 2453
f 2453 1423 2454
f 2453 2454 2455
f 1428 1457 2456
f 2456 1457 2457
f 2458 2459 1456
f 1544 2460 2461
f 1544 2461 1539
f 1543 1545 2462
f 2462 2463 1543
f 1543 2463 2464
f 1543 2464 1530
f 1587 1561 2465
f 2465 1561 1555
f 2465 1555 2466
f 2466 1555 1554
f 2466 1554 1552
f 2467 1551 1553
f 2467 1553 2468
f 2468 1553 1563
f 2468 1563 1562
f 1535 2469 1591
f 1591 2469 2470
f 1591 2470 1589
f 2471 2472 1593
f 1593 1592 2471
f 2471 1592 1590
f 2471 1590 2473
f 2474 2475 2476
f 2477 2478 1547
f 1633 2474 1634
f 1634 2474 2476
f 1634 2476 1558
f 1558 2476 2477
f 1558 2477 1546
f 1546 2477 1547
f 2479 2480 1644
f 1644 2480 1632
f 2479 1644 2481
f 2481 1644 1557
f 2481 1557 2482
f 2482 1557 1556
f 2482 1556 1548
f 2383 2387 2483
f 2383 2483 2484
f 2383 2484 2381
f 2385 2485 2386
f 2386 2485 2387
f 2486 2380 2379
f 2486 2379 2487
f 2487 2379 2488
f 2488 2379 2378
f 1593 2472 2489
f 2489 1538 1536
f 2489 1536 1593
f 2489 2490 1538
f 1538 2490 1540
f 1540 2490 2491
f 1540 2491 2466
f 1540 2466 1552
f 1547 2478 2492
f 2492 1541 1549
f 2492 1549 1547
f 2492 2493 1541
f 1541 2493 1542
f 1542 2493 2494
f 1542 2494 2462
f 1542 2462 1545
f 2495 1566 1565
f 2495 1565 1657
f 1566 2495 1559
f 2495 2496 1559
f 1559 2496 1560
f 1560 2496 2497
f 1560 2497 2468
f 1560 2468 1562
f 1589 2470 2498
f 2498 1599 1595
f 2498 1595 1589
f 2498 2499 1599
f 1599 2499 1600
f 1600 2499 2500
f 1600 2500 1664
f 1600 1664 1604
f 1632 2480 2501
f 1632 2501 1628
f 1628 2501 2502
f 1628 2502 1669
f 1628 1669 1629
f 1606 1665 1601
f 1601 1665 2503
f 1601 2503 2504
f 1601 2504 1602
f 1602 2504 2505
f 1602 2505 1603
f 1603 2505 2460
f 1603 2460 1544
f 2482 1548 2506
f 2506 1548 1550
f 2506 1550 1551
f 2506 1551 2467
f 2469 1535 2507
f 2507 1535 1537
f 2507 1537 1539
f 2507 1539 2461
f 1587 2465 2508
f 1587 2508 1588
f 1588 2508 1579
f 1667 1581 2509
f 2509 1581 1580
f 2509 1580 1579
f 2509 1579 2510
f 2510 1579 2508
f 1493 1586 2416
f 2511 1493 2512
f 1598 1594 2511
f 2511 1594 1493
f 1598 2513 1597
f 1597 2513 2473
f 1597 2473 1590
f 2473 2513 2471
f 1598 2511 2513
f 1493 2416 2512
f 1641 1649 1658
f 1641 2514 1639
f 1639 2514 2515
f 1639 2515 1637
f 2516 1636 1637
f 1636 2516 1633
f 1633 2516 2474
f 2515 2516 1637
f 2474 2516 2475
f 1641 1658 2514
f 2514 1658 1661
f 2514 1661 2517
f 1531 1530 2464
f 2518 1532 2519
f 2519 1532 1531
f 2520 1534 1533
f 2520 1533 2518
f 2518 1533 1532
f 1668 1347 1534
f 1534 2520 1668
f 1531 2464 2519
f 2519 2464 2463
f 2521 1431 1430
f 2521 1430 2522
f 2458 1456 1431
f 1431 2521 2458
f 1712 2522 1704
f 1704 2522 1430
f 1704 1430 1447
f 1417 1424 2523
f 2523 1424 2524
f 2524 1424 1429
f 1417 2523 2400
f 2400 2523 2402
f 2456 2524 1429
f 2456 1429 1428
f 2525 1406 1416
f 2525 1416 2526
f 2526 1416 1415
f 2444 1474 1406
f 1406 2525 2444
f 2398 2526 2396
f 2396 2526 1415
f 2527 1408 1405
f 2527 1405 2528
f 2528 1405 1404
f 1731 1410 1408
f 1408 2527 1731
f 1731 2527 1733
f 2442 2528 1404
f 2442 1404 1475
f 1510 2394 2529
f 1510 2529 1512
f 1512 2529 2530
f 1512 2530 1513
f 1513 2530 1514
f 2445 1448 2531
f 2531 1448 1515
f 2531 1515 2532
f 2532 1515 1514
f 2532 1514 2530
f 1390 2449 2533
f 1390 2533 1391
f 1391 2533 1393
f 2533 2534 1393
f 1393 2534 1394
f 1756 1388 2535
f 2535 1388 1389
f 2535 1389 2536
f 2536 1389 1394
f 2536 1394 2534
f 1382 1381 2537
f 2537 1381 1386
f 2537 1386 1755
f 1382 2537 2538
f 1382 2538 1384
f 2538 2539 1384
f 1384 2539 1385
f 2539 2540 1385
f 1385 2540 2450
f 1385 2450 1362
f 1484 2453 2541
f 2542 1488 1487
f 2542 1487 2541
f 2541 1487 1486
f 2541 1486 1485
f 2541 1485 1484
f 2542 2543 1488
f 1488 2543 1489
f 1754 1490 2544
f 2544 1490 1489
f 2544 1489 2543
f 1403 1402 2545
f 2545 1402 2546
f 2546 1402 1421
f 1403 2545 1762
f 1762 2545 1764
f 2451 2546 2452
f 2452 2546 1421
f 2452 1421 1422
f 2547 1420 1396
f 2547 1396 2548
f 2548 1396 1395
f 2454 1423 1420
f 1420 2547 2454
f 2454 2547 2455
f 1737 2548 1729
f 1729 2548 1395
f 1437 1436 2549
f 2549 1436 2550
f 2550 1436 1435
f 1437 2549 1706
f 1706 2549 1708
f 2446 2550 1435
f 2446 1435 1432
f 2551 1440 1439
f 2551 1439 2552
f 2447 1441 1440
f 1440 2551 2447
f 2447 2551 2448
f 1758 2552 1759
f 1759 2552 1439
f 1759 1439 1453
f 1577 2553 1578
f 1578 2553 2554
f 1578 2554 1501
f 1501 2554 2555
f 1504 1502 1700
f 1700 1502 2555
f 2555 1502 1501
f 1700 2555 1698
f 2459 2553 1577
f 2459 1577 1456
f 1470 2556 1454
f 1454 2556 2557
f 2558 1454 2557
f 2457 1457 1455
f 2457 1455 2558
f 2558 1455 1454
f 2390 2556 2391
f 2391 2556 1470
f 2391 1470 1483
f 1472 2443 2559
f 1472 2559 1469
f 1469 2559 1459
f 2559 2560 1459
f 1459 2560 1460
f 1460 2560 2561
f 1460 2561 1476
f 2561 2562 1476
f 1476 2562 1477
f 1477 2562 2395
f 1463 1753 2563
f 1463 2563 1464
f 1464 2563 1466
f 2563 2564 1466
f 1466 2564 1467
f 1467 2564 2565
f 1467 2565 1468
f 2565 2566 1468
f 1468 2566 1473
f 1473 2566 2441
f 2567 1635 1631
f 2568 1617 1619
f 1617 2568 2569
f 1617 2569 1623
f 1623 2569 1627
f 2570 1631 1627
f 2570 1627 2569
f 1631 2570 2571
f 1631 2571 2567
f 2568 1619 2572
f 2573 1499 1500
f 1497 2574 1500
f 1500 2574 2575
f 1500 2575 2573
f 2576 2574 1497
f 1612 2577 1611
f 1611 2577 2578
f 1611 2578 1344
f 2578 2579 1344
f 1344 2579 2580
f 1344 2580 1345
f 1345 2580 2581
f 1345 2581 2582
f 1345 2582 1607
f 1607 2582 2583
f 1607 2583 1608
f 2584 2585 2586
f 2584 2586 2587
f 1374 1371 2588
f 2588 1371 2589
f 1370 2589 1371
f 2590 1369 1367
f 2591 2590 1367
f 2591 1367 1366
f 2592 2591 1366
f 1366 1375 2592
f 2592 1375 2593
f 2594 2595 2596
f 2597 1518 1517
f 2594 2596 1529
f 2598 1351 2596
f 2596 1351 1350
f 2596 1350 1529
f 2599 2597 2600
f 2600 2597 1517
f 2600 1517 2601
f 2601 1517 1516
f 2601 1516 2598
f 2598 1516 1351
f 1527 1521 2602
f 2602 1521 2603
f 2604 1523 1527
f 1527 2602 2604
f 2605 2606 2607
f 1635 2567 1638
f 1638 2567 2608
f 1638 2608 2609
f 1638 2609 1643
f 1643 2609 1621
f 1621 2609 2610
f 1621 2610 2611
f 1621 2611 1619
f 1619 2611 2572
f 1523 2604 2612
f 1523 2612 1524
f 1524 2612 2613
f 1524 2613 1526
f 1526 2613 2594
f 1526 2594 1529
f 2595 2594 2613
f 1518 2597 1519
f 1519 2597 2614
f 1519 2614 1520
f 1520 2614 2603
f 1520 2603 1521
f 2597 2599 2614
f 1499 2573 1613
f 1357 1613 2615
f 1357 2615 1614
f 1614 2615 1612
f 1612 2615 2577
f 2616 1610 1609
f 1610 2576 1497
f 2583 2616 1609
f 2583 1609 1608
f 2616 2576 1610
f 1570 2617 1378
f 1378 2617 2618
f 1378 2618 1379
f 1377 1379 2619
f 1377 2620 2593
f 1377 2593 1375
f 1377 2619 2620
f 2468 2621 2467
f 2467 2621 2622
f 2622 2623 2624
f 2624 2623 2417
f 2417 2623 2418
f 2506 2467 2622
f 2482 2506 2625
f 2625 2506 2626
f 2625 2626 2627
f 2627 2626 2628
f 2628 2626 2629
f 2629 2626 2630
f 2630 2626 2423
f 2417 2423 2624
f 2624 2423 2626
f 2624 2626 2622
f 2622 2626 2506
f 2423 2421 2630
f 2630 2421 2631
f 2630 2631 2629
f 2629 2631 2628
f 2628 2631 2632
f 2627 2633 2625
f 2625 2633 2482
f 2482 2633 2481
f 2634 2635 1656
f 1656 2635 1657
f 2419 2418 2636
f 2636 2418 2637
f 2636 2637 2634
f 2421 2638 2631
f 2631 2638 2632
f 2633 2479 2481
f 2420 2422 2639
f 2639 2422 2640
f 2639 2640 2641
f 2641 2640 2642
f 2641 2642 1671
f 1671 2642 1670
f 1656 1670 2634
f 2634 1670 2642
f 2634 2642 2636
f 2636 2642 2640
f 2636 2640 2419
f 2419 2640 2422
f 1669 2502 2643
f 2424 2420 2639
f 2643 1672 1669
f 1671 1672 2641
f 2641 1672 2643
f 2641 2643 2639
f 2462 2494 2644
f 1688 2645 2646
f 2646 2645 2644
f 2462 2644 2463
f 2463 2644 2647
f 2647 2644 2645
f 2647 2645 2648
f 2648 2645 1686
f 1686 2645 1688
f 2478 2477 2649
f 2649 2477 2650
f 1688 2651 1689
f 2647 2648 1692
f 1692 2519 2463
f 2463 2647 1692
f 1692 2648 1686
f 2477 2476 2650
f 2650 2476 2652
f 2651 2653 2654
f 2654 2653 2655
f 2654 2655 2652
f 2652 2655 2656
f 2652 2656 2650
f 2476 2475 2652
f 1689 2651 1696
f 1696 2651 2654
f 1696 2654 1693
f 1659 1668 2657
f 2658 2657 2659
f 2658 2659 1687
f 1687 2659 1685
f 2660 2661 2517
f 2654 2652 2662
f 2652 2475 2662
f 2662 2475 2516
f 2662 2516 2515
f 2662 2515 2514
f 2662 2514 2517
f 1661 2660 2517
f 2654 2662 1693
f 1693 2662 1694
f 1694 2662 2517
f 1694 2517 2661
f 1660 1659 2663
f 2663 1659 2657
f 2663 2657 2658
f 1691 2658 1687
f 1663 1660 2664
f 2664 1660 2663
f 2664 2663 2665
f 2665 2663 2658
f 2665 2658 1690
f 1690 2658 1691
f 1695 1694 2661
f 1690 1697 2666
f 2667 2664 2666
f 2666 2664 2665
f 2666 2665 1690
f 2667 1662 2664
f 2664 1662 1663
f 1661 1662 2660
f 2660 1662 2667
f 2660 2667 2661
f 2661 2667 2666
f 2661 2666 1695
f 1695 2666 1697
f 2586 2585 2668
f 2668 2585 2669
f 2668 2669 2670
f 2670 2671 2668
f 2668 2671 2586
f 2672 2585 2584
f 2672 2584 2673
f 2673 2584 2674
f 2674 2584 2587
f 2674 2587 2675
f 2577 2676 2578
f 2578 2676 2672
f 2578 2672 2579
f 2579 2672 2673
f 2579 2673 2580
f 2580 2673 2674
f 2580 2674 2581
f 2581 2674 2582
f 2582 2674 2675
f 2587 2586 2675
f 2675 2677 2582
f 2582 2677 2583
f 2675 2586 2671
f 2616 2583 2677
f 2576 2616 2671
f 2616 2677 2671
f 2671 2677 2675
f 1681 1679 2678
f 2678 1679 2679
f 2680 2681 2465
f 2680 2465 2466
f 1683 1681 2682
f 2682 2683 2684
f 2684 2683 2685
f 2684 2685 2471
f 2471 2685 2472
f 2681 2679 2686
f 2687 1667 2509
f 2688 2687 2689
f 2687 2509 2689
f 2509 2510 2689
f 2689 2510 2686
f 2686 2510 2508
f 1680 2688 2689
f 2681 2686 2508
f 2681 2508 2465
f 1680 2689 1678
f 1678 2689 2686
f 1678 2686 2679
f 1678 2679 1679
f 2684 2471 2513
f 2682 2684 2690
f 2684 2513 2690
f 2690 2513 2511
f 2690 2511 2691
f 2691 2511 2512
f 2691 2512 2692
f 2692 2512 2416
f 2416 2693 2692
f 2682 2690 1683
f 1683 2690 1684
f 1684 2690 2691
f 1684 2691 2692
f 1666 1667 2694
f 2694 1667 2687
f 2694 2687 2695
f 2695 2687 2688
f 2695 2688 1682
f 1682 2688 1680
f 2416 1666 2694
f 2416 2694 2693
f 2693 2694 2695
f 2693 2695 2692
f 2692 2695 1682
f 2692 1682 1684
f 1676 1674 2696
f 2696 1674 2697
f 2696 2697 2698
f 2699 2698 2461
f 2699 2461 2460
f 2460 2505 2699
f 2507 2461 2698
f 1673 1675 2700
f 1673 2700 2701
f 1673 2701 2507
f 2507 2701 2469
f 1674 1673 2697
f 2697 1673 2698
f 2698 1673 2507
f 1665 1664 2702
f 2702 1664 2703
f 1676 2704 1677
f 2701 2705 2469
f 2469 2705 2470
f 1675 1677 2700
f 2700 1677 2706
f 2700 2706 2701
f 2701 2706 2705
f 2706 1677 2707
f 1664 2500 2703
f 1677 2704 2708
f 2708 2707 1677
f 2709 2613 2612
f 2709 2612 2604
f 2613 2709 2595
f 2595 2709 2607
f 2709 2710 2607
f 2709 2604 2602
f 2605 2607 2710
f 2602 2711 2709
f 2709 2711 2710
f 2712 2607 2606
f 2595 2607 2712
f 2601 2713 2600
f 2713 2714 2600
f 2600 2714 2599
f 2715 2409 2716
f 2716 2409 2406
f 2716 2406 2717
f 2717 2406 2718
f 2718 2406 2405
f 2719 2715 2716
f 2719 2716 2720
f 2720 2716 2717
f 2720 2717 2721
f 2721 2717 2718
f 2392 2722 2393
f 2393 2722 2719
f 2393 2719 2388
f 2388 2719 2720
f 2388 2720 2389
f 2389 2720 2721
f 2389 2721 2390
f 2723 2457 2558
f 2723 2558 2724
f 2558 2557 2724
f 2724 2557 2556
f 2724 2556 2725
f 2415 2726 2723
f 2415 2723 2724
f 2415 2724 2405
f 2405 2724 2725
f 2405 2725 2718
f 2392 2395 2722
f 2722 2395 2727
f 2715 2727 2728
f 2715 2728 2409
f 2409 2728 2411
f 2723 2726 2457
f 2457 2726 2456
f 2729 2730 2731
f 2561 2414 2562
f 2562 2414 2732
f 2562 2732 2727
f 2562 2727 2395
f 2561 2560 2414
f 2414 2560 2731
f 2731 2560 2559
f 2728 2727 2732
f 2729 2731 2559
f 2729 2559 2443
f 2411 2728 2732
f 2411 2732 2414
f 2414 2731 2413
f 2413 2731 2730
f 2733 2402 2734
f 2734 2402 2523
f 2734 2523 2524
f 2734 2524 2726
f 2726 2524 2456
f 2733 2734 2412
f 2412 2734 2415
f 2415 2734 2726
f 2443 2444 2729
f 2397 2403 2735
f 2735 2403 2404
f 2735 2404 2736
f 2736 2404 2399
f 2736 2399 2401
f 2733 2401 2402
f 2737 2398 2738
f 2738 2398 2397
f 2738 2397 2735
f 2739 2735 2736
f 2739 2736 2401
f 2739 2401 2733
f 2410 2737 2738
f 2410 2738 2408
f 2408 2738 2735
f 2408 2735 2407
f 2407 2735 2739
f 2407 2739 2412
f 2412 2739 2733
f 2729 2444 2525
f 2730 2729 2740
f 2729 2525 2740
f 2740 2525 2526
f 2740 2526 2398
f 2398 2737 2740
f 2730 2740 2413
f 2413 2740 2410
f 2410 2740 2737
f 2565 2741 2566
f 2566 2741 2742
f 2565 2564 2741
f 2741 2564 2743
f 2743 2564 2563
f 2744 2563 1753
f 1749 2745 2742
f 1749 2742 1750
f 1750 2742 2741
f 1750 2741 2743
f 1750 2743 2746
f 1750 2746 1742
f 1753 1754 2744
f 2746 2747 1742
f 1742 2747 1740
f 2745 1749 2748
f 2441 2748 2442
f 2749 2750 1752
f 2751 2544 2752
f 2544 2543 2752
f 2752 2543 2542
f 2753 2542 2541
f 2752 2542 1752
f 1752 2542 2753
f 1752 2753 2749
f 2749 2753 2541
f 2749 2541 2453
f 1751 2751 2752
f 1751 2752 1752
f 1752 2750 1747
f 2754 1733 2755
f 2755 1733 2527
f 2755 2527 2528
f 2442 2748 2528
f 2528 2748 2755
f 2754 2755 1748
f 1748 2755 2748
f 1748 2748 1749
f 2453 2455 2749
f 2749 2455 2756
f 2749 2756 2750
f 2750 2756 2757
f 2750 2757 1747
f 1747 2757 1746
f 2758 1736 1735
f 2758 1735 2759
f 2759 1735 1734
f 2759 1734 2760
f 2760 1734 1730
f 2760 1730 1732
f 2754 1732 1733
f 2761 1737 2762
f 2762 1737 1736
f 2762 1736 2758
f 2763 2760 1732
f 2763 1732 2754
f 1745 2761 1738
f 1738 2761 2762
f 1738 2762 1739
f 1739 2762 2758
f 1739 2758 1741
f 1741 2758 2759
f 1741 2759 1743
f 1743 2759 2760
f 1743 2760 2763
f 1743 2763 1748
f 1748 2763 2754
f 2756 2455 2547
f 2757 2756 1744
f 2756 2547 1744
f 1744 2547 2548
f 1744 2548 1737
f 1737 2761 1744
f 2757 1744 1746
f 1744 2761 1745
f 2764 2448 2551
f 2765 2764 2766
f 2764 2551 2766
f 2766 2551 2552
f 2766 2552 1758
f 1758 2767 2766
f 2765 2766 1774
f 1774 2766 1768
f 1768 2766 2767
f 2768 1757 1760
f 2768 1760 2769
f 2769 1760 1767
f 2769 1767 2770
f 2770 1767 1766
f 2770 1766 2771
f 2771 1766 1765
f 2771 1765 2772
f 2772 1765 1761
f 2772 1761 1763
f 2773 1763 1764
f 2767 1758 2774
f 2774 1758 1757
f 2774 1757 2768
f 2775 2772 1763
f 2775 1763 2773
f 1768 2767 2774
f 1768 2774 1769
f 1769 2774 2768
f 1769 2768 2769
f 1769 2769 1771
f 1771 2769 2770
f 1771 2770 1773
f 1773 2770 2771
f 1773 2771 2772
f 1773 2772 1780
f 1780 2772 2775
f 1780 2775 1779
f 1779 2775 2773
f 2449 2448 2776
f 2776 2448 2764
f 2776 2764 2777
f 2777 2764 2765
f 2777 2765 1775
f 1775 2765 1774
f 2778 2779 2780
f 2773 1764 2780
f 2780 1764 2545
f 2780 2545 2546
f 2780 2546 2451
f 2451 2778 2780
f 2780 1777 2773
f 2773 1777 1779
f 1777 2780 2779
f 1777 2779 1778
f 2776 2777 2781
f 2782 1756 2535
f 2783 2782 2784
f 2782 2535 2784
f 2535 2536 2784
f 2784 2536 2785
f 2536 2534 2785
f 2781 2534 2533
f 1770 2783 2784
f 2776 2781 2533
f 2776 2533 2449
f 1770 2784 1776
f 1776 2784 2785
f 1776 2785 2781
f 1776 2781 2777
f 1776 2777 1775
f 1781 1778 2786
f 2786 1778 2779
f 2786 2779 2787
f 2787 2779 2778
f 2787 2778 2450
f 2450 2778 2451
f 1755 1756 2788
f 2788 1756 2782
f 2789 2782 2783
f 2789 2783 1772
f 1772 2783 1770
f 2788 2789 1782
f 2787 2450 2540
f 2786 2787 2790
f 2787 2540 2790
f 2790 2540 2791
f 2540 2539 2791
f 1781 2786 2790
f 2791 2538 1782
f 1782 2538 2537
f 1782 2537 2788
f 2788 2537 1755
f 1781 2790 2791
f 1781 2791 1782
f 1782 2789 1772
f 1727 1725 2792
f 2792 1725 2793
f 2792 2793 2794
f 2794 2793 2795
f 2794 2795 2445
f 2445 2795 2446
f 2795 2793 2796
f 2797 1708 2796
f 2796 1708 2549
f 2796 2549 2550
f 2796 2550 2446
f 2446 2795 2796
f 2796 1724 2797
f 2797 1724 1723
f 1724 2796 2793
f 1724 2793 1725
f 2798 2799 2800
f 2794 2445 2531
f 2792 2794 2801
f 2794 2531 2801
f 2531 2532 2801
f 2801 2532 2802
f 2532 2530 2802
f 2802 2530 2800
f 2800 2530 2529
f 1727 2792 2801
f 2798 2800 2529
f 2798 2529 2394
f 1727 2801 1728
f 1728 2801 2802
f 1728 2802 2800
f 1728 2800 2799
f 1728 2799 1717
f 2803 1711 1710
f 2803 1710 2804
f 2804 1710 1709
f 2804 1709 2805
f 2805 1709 1705
f 2805 1705 1707
f 2797 1707 1708
f 2806 1712 2807
f 2807 1712 1711
f 2807 1711 2803
f 2808 2805 1707
f 2808 1707 2797
f 1720 2806 2807
f 1720 2807 1713
f 1713 2807 2803
f 1713 2803 1714
f 1714 2803 2804
f 1714 2804 1716
f 1716 2804 2805
f 1716 2805 1726
f 1726 2805 2808
f 1726 2808 1723
f 1723 2808 2797
f 2394 1701 2798
f 2798 1701 2809
f 2798 2809 2799
f 2799 2809 2810
f 2799 2810 1717
f 1717 2810 1715
f 2811 2458 2812
f 2812 2458 2521
f 2812 2521 2522
f 2812 2522 1712
f 1712 2806 2812
f 2812 2806 2811
f 1719 2811 2806
f 1719 2806 1720
f 2813 1718 2814
f 2814 1718 1722
f 2814 1722 2815
f 2815 1722 1721
f 2815 1721 2816
f 2816 1721 2810
f 2810 1721 1715
f 2817 2815 2816
f 2817 2816 2809
f 2809 2816 2810
f 1699 1698 2818
f 1699 2818 1703
f 1703 2818 2819
f 1703 2819 1702
f 1702 2819 2817
f 1702 2817 1701
f 1701 2817 2809
f 2459 2458 2811
f 1698 2555 2820
f 2820 2555 2554
f 2821 2554 2553
f 2821 2553 2459
f 2459 2811 2821
f 2821 2811 2820
f 2821 2820 2554
f 1698 2820 2813
f 1718 2813 2820
f 1718 2820 1719
f 1719 2820 2811
f 2822 2823 2824
f 2824 2823 2825
f 2824 2825 2826
f 2826 2825 2827
f 2826 2827 2375
f 2828 2822 2824
f 2824 2826 2829
f 2375 2374 2826
f 2826 2374 2829
f 2374 2377 2829
f 2829 2377 2830
f 2829 2830 2831
f 2832 2828 2824
f 2832 2824 2831
f 2831 2824 2829
f 2833 2831 2834
f 2834 2831 2830
f 2834 2830 2835
f 2835 2830 2377
f 2836 2837 2838
f 2838 2837 2839
f 2838 2839 2840
f 2840 2839 2841
f 2840 2841 2842
f 2842 2841 2843
f 2835 2836 2834
f 2834 2836 2838
f 2834 2838 2833
f 2833 2838 2840
f 2839 2837 2844
f 2841 2839 2845
f 2839 2844 2845
f 2845 2846 2841
f 2841 2846 2843
f 1626 2847 1618
f 1618 2847 2848
f 1626 1622 2849
f 2849 2850 1626
f 1626 2850 2847
f 1618 2848 2851
f 1618 2851 1620
f 1622 1624 2849
f 2849 1624 1625
f 2849 1625 2852
f 2852 1625 1616
f 2853 1616 1568
f 2853 1568 2854
f 1567 2854 1568
f 2855 2856 2857
f 2858 2859 2860
f 2861 2862 2863
f 2864 2865 2866
f 2867 2868 2869
f 2870 2871 2872
f 2873 2872 2871
f 2874 2875 2876
f 2877 2878 2879
f 2880 2879 2878
f 2866 2865 2881
f 2866 2881 2882
f 2883 2866 2882
f 2883 2882 2884
f 2884 2882 2885
f 2886 2864 2866
f 2887 2886 2866
f 2887 2866 2883
f 2888 2883 2884
f 2889 2887 2883
f 2889 2883 2888
f 2887 2889 2890
f 2887 2890 2886
f 2891 2886 2890
f 2892 2889 2888
f 2892 2880 2889
f 2893 2891 2890
f 2894 2893 2890
f 2894 2890 2878
f 2878 2890 2889
f 2878 2889 2880
f 2862 2893 2894
f 2863 2862 2894
f 2863 2894 2878
f 2895 2878 2877
f 2896 2861 2863
f 2896 2863 2897
f 2897 2863 2878
f 2897 2878 2895
f 2898 2861 2896
f 2874 2897 2895
f 2899 2898 2900
f 2900 2898 2896
f 2900 2896 2876
f 2876 2896 2897
f 2876 2897 2874
f 2875 2901 2876
f 2902 2899 2900
f 2901 2903 2876
f 2876 2903 2904
f 2876 2904 2900
f 2900 2904 2905
f 2900 2905 2902
f 2906 2902 2905
f 2859 2906 2905
f 2907 2904 2903
f 2908 2904 2907
f 2860 2859 2905
f 2860 2905 2904
f 2909 2860 2904
f 2909 2904 2910
f 2910 2904 2908
f 2911 2858 2860
f 2912 2911 2860
f 2912 2860 2909
f 2913 2909 2910
f 2914 2912 2909
f 2914 2909 2913
f 2912 2914 2915
f 2912 2915 2911
f 2916 2911 2915
f 2917 2914 2913
f 2917 2873 2914
f 2918 2916 2915
f 2919 2918 2915
f 2919 2915 2871
f 2871 2915 2914
f 2871 2914 2873
f 2856 2918 2919
f 2857 2856 2919
f 2857 2919 2871
f 2920 2871 2870
f 2921 2855 2857
f 2921 2857 2922
f 2922 2857 2871
f 2922 2871 2920
f 2923 2855 2921
f 2867 2922 2920
f 2924 2923 2925
f 2925 2923 2921
f 2925 2921 2869
f 2869 2921 2922
f 2869 2922 2867
f 2868 2926 2869
f 2927 2924 2925
f 2926 2928 2869
f 2869 2928 2882
f 2869 2882 2925
f 2925 2882 2881
f 2925 2881 2927
f 2929 2927 2881
f 2865 2929 2881
f 2930 2882 2928
f 2885 2882 2930
f 2931 2932 2933
f 2933 2932 2934
f 2933 2935 2931
f 2933 2936 2935
f 2933 2937 2936
f 2938 2939 2933
f 2933 2939 2937
f 2940 2938 2933
f 2941 2940 2933
f 2934 2941 2933
f 2942 2932 2943
f 2943 2932 2944
f 2944 2932 2931
f 2944 2931 2945
f 2945 2931 2946
f 2946 2931 2935
f 2946 2935 2947
f 2947 2935 2948
f 2948 2935 2936
f 2948 2936 2949
f 2949 2936 2950
f 2950 2936 2951
f 2951 2936 2937
f 2951 2937 2952
f 2952 2937 2953
f 2953 2937 2954
f 2954 2937 2939
f 2954 2939 2955
f 2955 2939 2956
f 2956 2939 2938
f 2956 2938 2957
f 2957 2938 2958
f 2958 2938 2959
f 2959 2938 2940
f 2959 2940 2960
f 2960 2940 2961
f 2961 2940 2962
f 2962 2940 2941
f 2962 2941 2963
f 2963 2941 2964
f 2964 2941 2965
f 2965 2941 2934
f 2965 2934 2966
f 2966 2934 2942
f 2942 2934 2932
f 2967 2966 2942
f 2967 2968 2966
f 2966 2968 2969
f 2966 2969 2965
f 2969 2970 2965
f 2965 2970 2971
f 2965 2971 2964
f 2971 2972 2964
f 2964 2972 2973
f 2964 2973 2963
f 2973 2974 2963
f 2963 2974 2975
f 2963 2975 2962
f 2975 2976 2962
f 2962 2976 2977
f 2962 2977 2961
f 2977 2978 2961
f 2961 2978 2979
f 2961 2979 2960
f 2979 2980 2960
f 2960 2980 2981
f 2960 2981 2959
f 2981 2982 2959
f 2959 2982 2983
f 2959 2983 2958
f 2983 2984 2958
f 2958 2984 2985
f 2958 2985 2957
f 2985 2986 2957
f 2957 2986 2987
f 2957 2987 2956
f 2987 2988 2956
f 2956 2988 2989
f 2956 2989 2955
f 2989 2990 2955
f 2955 2990 2991
f 2955 2991 2954
f 2991 2992 2954
f 2954 2992 2993
f 2954 2993 2953
f 2993 2994 2953
f 2953 2994 2995
f 2953 2995 2952
f 2995 2996 2952
f 2952 2996 2997
f 2952 2997 2951
f 2997 2998 2951
f 2951 2998 2999
f 2951 2999 2950
f 2999 3000 2950
f 2950 3000 3001
f 2950 3001 2949
f 3001 3002 2949
f 2949 3002 3003
f 2949 3003 2948
f 3003 3004 2948
f 2948 3004 3005
f 2948 3005 2947
f 3005 3006 2947
f 2947 3006 3007
f 2947 3007 2946
f 3007 3008 2946
f 2946 3008 3009
f 2946 3009 2945
f 3009 3010 2945
f 2945 3010 3011
f 2945 3011 2944
f 3011 3012 2944
f 2944 3012 3013
f 2944 3013 2943
f 3013 3014 2943
f 2943 3014 3015
f 2943 3015 2942
f 2942 3015 3016
f 2942 3016 2967
f 3017 3018 3019
f 3019 3018 3020
f 3021 3022 3023
f 3021 3023 3024
f 3024 3023 3025
f 3024 3025 3026
f 3024 3026 3027
f 3024 3027 3028
f 3028 3027 3029
f 3028 3029 3030
f 3028 3030 3031
f 3028 3031 3032
f 3032 3031 3033
f 3032 3033 3034
f 3032 3034 3035
f 3035 3034 3036
f 3035 3036 3037
f 3035 3037 3038
f 3035 3038 3039
f 3039 3038 3040
f 3039 3040 3041
f 3039 3041 3017
f 3017 3041 3042
f 3017 3042 3043
f 3017 3043 3018
f 3042 3041 3044
f 3044 3045 3042
f 3042 3045 3043
f 3045 3046 3043
f 3046 3047 3043
f 3043 3047 3018
f 3018 3047 3048
f 3018 3048 3020
f 3020 3048 3049
f 3050 3049 3051
f 3050 3051 3052
f 3051 3053 3052
f 3052 3053 3054
f 3052 3054 3055
f 3055 3054 3056
f 3022 3057 3023
f 3023 3057 3058
f 3023 3058 3025
f 3025 3058 3059
f 3059 3060 3025
f 3025 3060 3026
f 3026 3060 3061
f 3026 3061 3062
f 3026 3062 3027
f 3062 3063 3027
f 3027 3063 3029
f 3063 3064 3029
f 3064 3065 3029
f 3029 3065 3030
f 3030 3065 3031
f 3031 3065 3066
f 3031 3066 3067
f 3031 3067 3033
f 3033 3067 3068
f 3033 3068 3034
f 3034 3068 3069
f 3034 3069 3036
f 3036 3069 3070
f 3070 3071 3036
f 3036 3071 3037
f 3037 3071 3072
f 3037 3072 3038
f 3038 3072 3073
f 3038 3073 3040
f 3040 3073 3074
f 3040 3074 3041
f 3074 3075 3041
f 3041 3075 3044
f 2879 3076 3077
f 2879 3077 2877
f 3078 2895 2877
f 3078 2877 3077
f 2895 3078 3079
f 2895 3079 2874
f 2874 3079 3080
f 2874 3080 3081
f 2874 3081 2875
f 2908 3082 2910
f 2910 3082 3083
f 3084 2913 3083
f 3083 2913 2910
f 3084 2917 2913
f 3085 2873 3086
f 3086 2873 2917
f 2873 3085 3087
f 2873 3087 2872
f 2872 3087 3088
f 2872 3088 2870
f 3089 2920 2870
f 3089 2870 3088
f 2920 3089 3090
f 2920 3090 2867
f 2867 3090 3091
f 2867 3091 3092
f 2867 3092 2868
f 3093 2926 2868
f 2926 3093 3094
f 3095 2930 3094
f 3094 2930 2928
f 3094 2928 2926
f 2930 3095 3096
f 2930 3096 2885
f 2885 3096 3097
f 2885 3097 2884
f 2884 3097 3098
f 3099 2888 3098
f 3098 2888 2884
f 3100 2892 3099
f 3099 2892 2888
f 3101 2880 3100
f 3100 2880 2892
f 2880 3101 3076
f 2880 3076 2879
f 2856 3061 2918
f 2918 3061 3059
f 3102 2916 2918
f 3102 2918 3059
f 2916 3102 3057
f 2916 3057 3103
f 2916 3103 2911
f 3054 2911 3103
f 3053 2858 3054
f 3054 2858 2911
f 3051 2859 3053
f 3053 2859 2858
f 2859 3051 2906
f 2906 3051 3104
f 2906 3104 2902
f 3105 2899 2902
f 3105 2902 3104
f 2899 3105 3047
f 3045 2898 3046
f 3046 2898 3047
f 3047 2898 2899
f 3044 2861 3045
f 3045 2861 2898
f 3075 2862 3044
f 3044 2862 2861
f 2862 3075 3074
f 2862 3074 2893
f 3106 2891 2893
f 3106 2893 3074
f 2891 3106 3107
f 2891 3107 3108
f 2891 3108 2886
f 3071 2886 3108
f 3070 2864 3071
f 3071 2864 2886
f 3109 2865 3070
f 3070 2865 2864
f 2865 3109 2929
f 2929 3109 3068
f 2929 3068 2927
f 3066 2924 2927
f 3066 2927 3068
f 2924 3066 3110
f 3063 2923 3064
f 3064 2923 3110
f 3110 2923 2924
f 3062 2855 3063
f 3063 2855 2923
f 3071 3108 3072
f 3072 3108 3107
f 3072 3107 3073
f 3049 3104 3051
f 3056 3103 3057
f 3064 3110 3065
f 3065 3110 3066
f 3067 3066 3068
f 3068 3109 3069
f 3069 3109 3070
f 3107 3106 3073
f 3073 3106 3074
f 3048 3047 3105
f 3048 3105 3049
f 3049 3105 3104
f 3056 3054 3103
f 3057 3102 3058
f 3058 3102 3059
f 3060 3059 3061
f 3061 2856 3062
f 3062 2856 2855
f 3111 3112 3113
f 3114 3115 3116
f 3117 3118 3119
f 3120 3121 3122
f 3123 3124 3125
f 3126 3127 3128
f 3129 3128 3127
f 3130 3131 3132
f 3133 3134 3135
f 3136 3135 3134
f 3122 3121 3137
f 3122 3137 3138
f 3139 3122 3138
f 3139 3138 3140
f 3140 3138 3141
f 3142 3120 3122
f 3143 3142 3122
f 3143 3122 3139
f 3144 3139 3140
f 3145 3143 3139
f 3145 3139 3144
f 3143 3145 3146
f 3143 3146 3142
f 3147 3142 3146
f 3148 3145 3144
f 3148 3136 3145
f 3149 3147 3146
f 3150 3149 3146
f 3150 3146 3134
f 3134 3146 3145
f 3134 3145 3136
f 3151 3149 3150
f 3118 3151 3150
f 3119 3118 3150
f 3119 3150 3134
f 3152 3134 3133
f 3153 3117 3119
f 3153 3119 3154
f 3154 3119 3134
f 3154 3134 3152
f 3155 3117 3153
f 3130 3154 3152
f 3156 3155 3157
f 3157 3155 3153
f 3157 3153 3132
f 3132 3153 3154
f 3132 3154 3130
f 3131 3158 3132
f 3159 3156 3157
f 3158 3160 3132
f 3132 3160 3161
f 3132 3161 3157
f 3157 3161 3162
f 3157 3162 3159
f 3163 3159 3162
f 3115 3163 3162
f 3164 3161 3160
f 3165 3161 3164
f 3116 3115 3162
f 3116 3162 3161
f 3166 3116 3161
f 3166 3161 3167
f 3167 3161 3165
f 3168 3114 3116
f 3169 3168 3116
f 3169 3116 3166
f 3170 3166 3167
f 3171 3169 3166
f 3171 3166 3170
f 3169 3171 3172
f 3169 3172 3168
f 3173 3168 3172
f 3174 3171 3170
f 3174 3129 3171
f 3175 3173 3172
f 3176 3175 3172
f 3176 3172 3127
f 3127 3172 3171
f 3127 3171 3129
f 3177 3175 3176
f 3112 3177 3176
f 3113 3112 3176
f 3113 3176 3127
f 3178 3127 3126
f 3179 3111 3113
f 3179 3113 3180
f 3180 3113 3127
f 3180 3127 3178
f 3181 3111 3179
f 3123 3180 3178
f 3182 3181 3183
f 3183 3181 3179
f 3183 3179 3125
f 3125 3179 3180
f 3125 3180 3123
f 3124 3184 3125
f 3185 3182 3183
f 3184 3186 3125
f 3125 3186 3138
f 3125 3138 3183
f 3183 3138 3137
f 3183 3137 3185
f 3187 3185 3137
f 3121 3187 3137
f 3188 3138 3186
f 3141 3138 3188
f 3189 3190 3191
f 3191 3192 3189
f 3191 3193 3192
f 3191 3194 3193
f 3191 3195 3194
f 3191 3196 3195
f 3191 3197 3196
f 3191 3198 3197
f 3191 3190 3198
f 3199 3189 3200
f 3200 3189 3192
f 3200 3192 3201
f 3201 3192 3202
f 3202 3192 3203
f 3203 3192 3193
f 3203 3193 3204
f 3204 3193 3205
f 3205 3193 3206
f 3206 3193 3194
f 3206 3194 3207
f 3207 3194 3208
f 3208 3194 3209
f 3209 3194 3195
f 3209 3195 3210
f 3210 3195 3211
f 3211 3195 3212
f 3212 3195 3196
f 3212 3196 3213
f 3213 3196 3214
f 3214 3196 3215
f 3215 3196 3197
f 3215 3197 3216
f 3216 3197 3217
f 3217 3197 3198
f 3217 3198 3218
f 3218 3198 3219
f 3219 3198 3220
f 3220 3198 3190
f 3220 3190 3221
f 3221 3190 3222
f 3222 3190 3223
f 3223 3190 3189
f 3223 3189 3199
f 3224 3223 3199
f 3224 3225 3223
f 3223 3225 3226
f 3223 3226 3222
f 3226 3227 3222
f 3222 3227 3228
f 3222 3228 3221
f 3228 3229 3221
f 3221 3229 3230
f 3221 3230 3220
f 3230 3231 3220
f 3220 3231 3232
f 3220 3232 3219
f 3232 3233 3219
f 3219 3233 3234
f 3219 3234 3218
f 3234 3235 3218
f 3218 3235 3236
f 3218 3236 3217
f 3236 3237 3217
f 3217 3237 3238
f 3217 3238 3216
f 3238 3239 3216
f 3216 3239 3240
f 3216 3240 3215
f 3240 3241 3215
f 3215 3241 3242
f 3215 3242 3214
f 3242 3243 3214
f 3214 3243 3244
f 3214 3244 3213
f 3244 3245 3213
f 3213 3245 3246
f 3213 3246 3212
f 3246 3247 3212
f 3212 3247 3248
f 3212 3248 3211
f 3248 3249 3211
f 3211 3249 3250
f 3211 3250 3210
f 3250 3251 3210
f 3210 3251 3252
f 3210 3252 3209
f 3252 3253 3209
f 3209 3253 3254
f 3209 3254 3208
f 3254 3255 3208
f 3208 3255 3256
f 3208 3256 3207
f 3256 3257 3207
f 3207 3257 3258
f 3207 3258 3206
f 3258 3259 3206
f 3206 3259 3260
f 3206 3260 3205
f 3260 3261 3205
f 3205 3261 3262
f 3205 3262 3204
f 3262 3263 3204
f 3204 3263 3264
f 3204 3264 3203
f 3264 3265 3203
f 3203 3265 3266
f 3203 3266 3202
f 3266 3267 3202
f 3202 3267 3268
f 3202 3268 3201
f 3268 3269 3201
f 3201 3269 3270
f 3201 3270 3200
f 3270 3271 3200
f 3200 3271 3272
f 3200 3272 3199
f 3199 3272 3273
f 3199 3273 3224
f 3227 3274 3228
f 3228 3274 3229
f 3270 3275 3271
f 3271 3275 3276
f 3271 3276 3272
f 3272 3276 3273
f 3273 3276 3224
f 3269 3275 3270
f 3254 3277 3255
f 3255 3277 3256
f 3256 3277 3257
f 3257 3277 3278
f 3257 3278 3258
f 3258 3278 3259
f 3250 3279 3251
f 3251 3279 3280
f 3251 3280 3252
f 3252 3280 3253
f 3253 3280 3254
f 3254 3280 3277
f 3281 3282 3283
f 3281 3283 3284
f 3284 3283 3285
f 3284 3285 3286
f 3284 3286 3287
f 3284 3287 3288
f 3288 3287 3289
f 3288 3289 3290
f 3288 3290 3291
f 3291 3290 3292
f 3291 3292 3293
f 3291 3293 3294
f 3291 3294 3295
f 3295 3294 3296
f 3295 3296 3297
f 3295 3297 3298
f 3298 3297 3299
f 3298 3299 3300
f 3298 3300 3301
f 3301 3300 3302
f 3301 3302 3303
f 3301 3303 3304
f 3304 3303 3305
f 3304 3305 3306
f 3304 3306 3307
f 3307 3306 3308
f 3307 3308 3309
f 3307 3309 3310
f 3310 3309 3311
f 3310 3311 3281
f 3281 3311 3312
f 3281 3312 3282
f 3309 3308 3313
f 3313 3314 3309
f 3309 3314 3311
f 3314 3315 3311
f 3311 3315 3316
f 3311 3316 3312
f 3312 3316 3282
f 3316 3317 3282
f 3282 3317 3318
f 3282 3318 3283
f 3283 3318 3319
f 3283 3319 3285
f 3319 3320 3285
f 3285 3320 3286
f 3286 3320 3321
f 3286 3321 3287
f 3287 3321 3322
f 3287 3322 3289
f 3289 3322 3323
f 3289 3323 3290
f 3323 3324 3290
f 3290 3324 3292
f 3324 3325 3292
f 3292 3325 3293
f 3293 3325 3326
f 3293 3326 3327
f 3293 3327 3294
f 3327 3328 3294
f 3294 3328 3296
f 3328 3329 3296
f 3296 3329 3330
f 3296 3330 3297
f 3297 3330 3331
f 3297 3331 3299
f 3299 3331 3332
f 3299 3332 3300
f 3300 3332 3333
f 3300 3333 3302
f 3302 3333 3334
f 3334 3335 3302
f 3302 3335 3303
f 3303 3335 3336
f 3336 3337 3303
f 3303 3337 3305
f 3305 3337 3338
f 3305 3338 3306
f 3338 3339 3306
f 3306 3339 3308
f 3339 3340 3308
f 3308 3340 3313
f 3135 3341 3342
f 3135 3342 3133
f 3343 3152 3133
f 3343 3133 3342
f 3152 3343 3344
f 3152 3344 3130
f 3130 3344 3345
f 3130 3345 3346
f 3130 3346 3131
f 3347 3158 3131
f 3347 3131 3346
f 3158 3347 3348
f 3349 3164 3348
f 3348 3164 3160
f 3348 3160 3158
f 3164 3349 3350
f 3164 3350 3165
f 3165 3350 3351
f 3165 3351 3167
f 3167 3351 3352
f 3353 3170 3352
f 3352 3170 3167
f 3354 3174 3353
f 3353 3174 3170
f 3355 3129 3354
f 3354 3129 3174
f 3129 3355 3356
f 3129 3356 3128
f 3128 3356 3357
f 3128 3357 3126
f 3358 3178 3126
f 3358 3126 3357
f 3178 3358 3359
f 3178 3359 3123
f 3123 3359 3360
f 3123 3360 3361
f 3123 3361 3124
f 3362 3184 3124
f 3362 3124 3361
f 3184 3362 3363
f 3364 3188 3363
f 3363 3188 3186
f 3363 3186 3184
f 3188 3364 3365
f 3188 3365 3141
f 3141 3365 3366
f 3141 3366 3140
f 3140 3366 3367
f 3368 3144 3367
f 3367 3144 3140
f 3369 3148 3368
f 3368 3148 3144
f 3370 3136 3369
f 3369 3136 3148
f 3136 3370 3341
f 3136 3341 3135
f 3112 3326 3177
f 3177 3326 3371
f 3177 3371 3175
f 3372 3173 3175
f 3372 3175 3371
f 3173 3372 3373
f 3173 3373 3168
f 3374 3168 3373
f 3375 3114 3374
f 3374 3114 3168
f 3376 3115 3375
f 3375 3115 3114
f 3115 3376 3163
f 3163 3376 3377
f 3163 3377 3159
f 3317 3156 3159
f 3317 3159 3377
f 3156 3317 3316
f 3314 3155 3315
f 3315 3155 3316
f 3316 3155 3156
f 3378 3117 3314
f 3314 3117 3155
f 3379 3118 3378
f 3378 3118 3117
f 3118 3379 3151
f 3151 3379 3380
f 3151 3380 3149
f 3338 3147 3149
f 3338 3149 3380
f 3147 3338 3337
f 3147 3337 3142
f 3335 3142 3336
f 3336 3142 3337
f 3334 3120 3335
f 3335 3120 3142
f 3381 3121 3334
f 3334 3121 3120
f 3121 3381 3187
f 3187 3381 3382
f 3187 3382 3185
f 3331 3182 3185
f 3331 3185 3382
f 3182 3331 3383
f 3328 3181 3329
f 3329 3181 3383
f 3383 3181 3182
f 3327 3111 3328
f 3328 3111 3181
f 3321 3374 3322
f 3323 3372 3324
f 3329 3383 3330
f 3330 3383 3331
f 3332 3331 3382
f 3332 3382 3381
f 3332 3381 3333
f 3333 3381 3334
f 3339 3338 3380
f 3339 3380 3340
f 3340 3380 3379
f 3340 3379 3313
f 3313 3379 3378
f 3313 3378 3314
f 3318 3317 3377
f 3318 3377 3319
f 3319 3377 3376
f 3319 3376 3320
f 3320 3376 3375
f 3320 3375 3321
f 3321 3375 3374
f 3322 3374 3373
f 3322 3373 3323
f 3323 3373 3372
f 3324 3372 3371
f 3324 3371 3325
f 3325 3371 3326
f 3326 3112 3327
f 3327 3112 3111
f 3384 3385 3386
f 3387 3388 3389
f 3390 3391 3392
f 3393 3394 3395
f 3396 3397 3398
f 3399 3400 3401
f 3401 3400 3402
f 3401 3402 3403
f 3403 3402 3404
f 3405 3404 3406
f 3406 3407 3405
f 3408 3409 3410
f 3409 3411 3410
f 3410 3411 3412
f 3410 3412 3413
f 3414 3415 3416
f 3416 3415 3417
f 3418 3419 3420
f 3421 3422 3423
f 3420 3419 3424
f 3424 3419 3425
f 3418 3420 3426
f 3426 3420 3427
f 3426 3427 3428
f 3428 3427 3429
f 3428 3429 3430
f 3431 3429 3432
f 3432 3429 3433
f 3432 3433 3434
f 3434 3433 3435
f 3434 3435 3436
f 3436 3435 3422
f 3436 3422 3421
f 3437 3438 3424
f 3439 3440 3441
f 3442 3443 3444
f 3444 3443 3445
f 3444 3445 3446
f 3446 3445 3447
f 3446 3447 3448
f 3448 3447 3449
f 3448 3449 3423
f 3423 3449 3450
f 3451 3452 3453
f 3451 3453 3441
f 3441 3453 3439
f 3454 3455 3456
f 3456 3455 3457
f 3456 3457 3458
f 3458 3457 3459
f 3458 3459 3441
f 3441 3459 3460
f 3424 3438 3461
f 3424 3461 3454
f 3454 3461 3455
f 3425 3462 3424
f 3424 3462 3463
f 3464 3465 3431
f 3431 3465 3466
f 3431 3466 3429
f 3429 3466 3430
f 3467 3468 3469
f 3469 3468 3470
f 3470 3468 3471
f 3470 3471 3472
f 3472 3471 3417
f 3472 3417 3473
f 3473 3417 3415
f 3467 3469 3450
f 3450 3469 3474
f 3450 3474 3423
f 3423 3474 3421
f 3441 3440 3475
f 3441 3475 3442
f 3442 3475 3443
f 3476 3477 3478
f 3478 3477 3424
f 3424 3477 3437
f 3441 3460 3479
f 3463 3480 3424
f 3424 3480 3478
f 3478 3480 3481
f 3441 3479 3482
f 3441 3482 3451
f 3451 3482 3483
f 3451 3483 3484
f 3484 3485 3451
f 3451 3485 3452
f 3412 3486 3413
f 3413 3486 3487
f 3413 3487 3488
f 3488 3487 3489
f 3485 3484 3490
f 3485 3490 3491
f 3491 3490 3492
f 3493 3494 3415
f 3415 3494 3495
f 3415 3495 3473
f 3397 3396 3390
f 3396 3496 3390
f 3390 3496 3497
f 3390 3497 3493
f 3493 3497 3498
f 3493 3498 3494
f 3499 3500 3501
f 3501 3500 3502
f 3502 3500 3503
f 3502 3503 3504
f 3501 3505 3506
f 3481 3507 3478
f 3503 3508 3504
f 3504 3508 3509
f 3504 3509 3398
f 3398 3509 3396
f 3464 3510 3465
f 3465 3510 3511
f 3511 3510 3512
f 3511 3512 3513
f 3513 3512 3514
f 3514 3512 3499
f 3514 3499 3515
f 3515 3499 3501
f 3515 3501 3516
f 3516 3501 3506
f 3507 3517 3518
f 3518 3517 3519
f 3519 3517 3520
f 3519 3520 3521
f 3521 3520 3522
f 3521 3522 3523
f 3523 3522 3524
f 3523 3524 3505
f 3505 3524 3525
f 3505 3525 3506
f 3407 3526 3405
f 3405 3526 3527
f 3405 3527 3395
f 3395 3527 3528
f 3395 3528 3393
f 3529 3399 3401
f 3529 3401 3530
f 3530 3401 3531
f 3530 3532 3529
f 3529 3532 3533
f 3533 3532 3534
f 3533 3534 3535
f 3533 3535 3536
f 3536 3535 3537
f 3536 3537 3538
f 3531 3401 3539
f 3539 3401 3540
f 3541 3542 3543
f 3544 3545 3546
f 3541 3543 3547
f 3539 3540 3548
f 3548 3540 3549
f 3548 3549 3550
f 3550 3549 3545
f 3544 3546 3551
f 3546 3552 3551
f 3551 3552 3553
f 3551 3553 3554
f 3555 3556 3542
f 3542 3556 3557
f 3542 3557 3543
f 3543 3557 3558
f 3558 3557 3546
f 3558 3546 3545
f 3558 3545 3559
f 3559 3545 3549
f 3553 3560 3554
f 3554 3560 3561
f 3554 3561 3562
f 3542 3563 3555
f 3555 3563 3564
f 3563 3565 3564
f 3564 3565 3566
f 3564 3566 3567
f 3568 3569 3570
f 3568 3570 3571
f 3568 3571 3566
f 3566 3571 3567
f 3572 3573 3574
f 3575 3569 3574
f 3574 3569 3568
f 3574 3568 3572
f 3572 3568 3576
f 3572 3577 3578
f 3579 3580 3581
f 3581 3580 3582
f 3581 3582 3583
f 3581 3584 3579
f 3579 3584 3578
f 3579 3578 3585
f 3585 3578 3577
f 3585 3577 3586
f 3587 3588 3478
f 3478 3588 3589
f 3590 3591 3588
f 3588 3591 3589
f 3583 3582 3592
f 3592 3582 3593
f 3592 3593 3590
f 3590 3593 3591
f 3587 3478 3518
f 3518 3478 3507
f 3392 3391 3594
f 3392 3594 3595
f 3595 3594 3387
f 3595 3387 3389
f 3595 3389 3596
f 3596 3389 3597
f 3389 3598 3597
f 3589 3599 3478
f 3478 3599 3476
f 3484 3600 3490
f 3490 3600 3601
f 3490 3601 3577
f 3577 3601 3602
f 3577 3602 3586
f 3603 3604 3389
f 3389 3604 3598
f 3598 3604 3605
f 3606 3386 3607
f 3606 3608 3386
f 3386 3608 3389
f 3389 3608 3603
f 3386 3609 3607
f 3543 3610 3547
f 3547 3610 3611
f 3547 3611 3612
f 3612 3611 3613
f 3612 3613 3614
f 3614 3613 3607
f 3614 3607 3609
f 3403 3615 3616
f 3403 3616 3401
f 3401 3616 3617
f 3401 3617 3540
f 3404 3405 3403
f 3403 3405 3618
f 3403 3618 3615
f 3605 3604 3619
f 3605 3619 3620
f 3620 3619 3621
f 3620 3621 3622
f 3622 3621 3623
f 3622 3623 3405
f 3405 3623 3624
f 3405 3624 3618
f 3566 3565 3625
f 3566 3625 3488
f 3488 3625 3626
f 3488 3626 3413
f 3627 3628 3385
f 3385 3628 3629
f 3385 3629 3386
f 3386 3629 3609
f 3413 3626 3630
f 3413 3630 3410
f 3410 3630 3631
f 3410 3631 3627
f 3627 3631 3632
f 3627 3632 3628
f 3391 3390 3493
f 3633 3634 3415
f 3415 3634 3635
f 3415 3635 3493
f 3414 3408 3415
f 3415 3408 3410
f 3415 3410 3633
f 3633 3410 3627
f 3633 3627 3385
f 3636 3389 3388
f 3389 3636 3386
f 3386 3636 3384
f 3637 3638 3490
f 3490 3638 3488
f 3490 3488 3492
f 3492 3488 3489
f 3639 3640 3577
f 3577 3640 3490
f 3490 3640 3641
f 3490 3641 3637
f 3572 3576 3577
f 3577 3576 3642
f 3577 3642 3639
f 3638 3643 3488
f 3488 3643 3644
f 3488 3644 3566
f 3566 3644 3645
f 3646 3647 3568
f 3568 3647 3648
f 3568 3648 3576
f 3576 3648 3649
f 3576 3649 3642
f 3645 3650 3566
f 3566 3650 3646
f 3566 3646 3568
f 3651 3538 3537
f 3652 3653 3654
f 3655 3656 3657
f 3656 3655 3658
f 3653 3659 3654
f 3654 3659 3660
f 3660 3659 3661
f 3660 3661 3662
f 3662 3661 3663
f 3663 3664 3662
f 3662 3664 3657
f 3657 3664 3655
f 3656 3658 3665
f 3665 3658 3666
f 3665 3666 3667
f 3668 3667 3652
f 3668 3652 3669
f 3654 3669 3652
f 3667 3668 3670
f 3665 3667 3670
f 3665 3670 3671
f 3671 3670 3672
f 3673 3674 3675
f 3675 3674 3671
f 3675 3671 3672
f 3537 3676 3651
f 3651 3676 3677
f 3651 3677 3678
f 3678 3677 3679
f 3678 3679 3680
f 3680 3679 3660
f 3660 3679 3681
f 3682 3654 3681
f 3681 3654 3660
f 3654 3682 3683
f 3684 3685 3686
f 3686 3685 3687
f 3686 3687 3688
f 3684 3689 3685
f 3685 3689 3665
f 3665 3689 3656
f 3690 3691 3692
f 3692 3691 3674
f 3692 3674 3673
f 3690 3575 3691
f 3691 3575 3574
f 3691 3574 3573
f 3682 3693 3683
f 3683 3693 3562
f 3683 3562 3561
f 3694 3695 3537
f 3537 3535 3694
f 3694 3535 3534
f 3696 3697 3698
f 3699 3575 3700
f 3700 3575 3690
f 3700 3690 3701
f 3701 3690 3692
f 3673 3675 3696
f 3673 3696 3698
f 3673 3698 3692
f 3692 3698 3701
f 3630 3702 3631
f 3631 3702 3703
f 3631 3703 3632
f 3621 3704 3623
f 3623 3704 3705
f 3623 3705 3624
f 3699 3569 3575
f 3706 3707 3679
f 3706 3679 3708
f 3708 3679 3677
f 3537 3695 3676
f 3676 3695 3709
f 3676 3709 3677
f 3677 3709 3708
f 3710 3711 3712
f 3712 3711 3713
f 3712 3713 3714
f 3715 3716 3717
f 3718 3719 3720
f 3720 3719 3721
f 3720 3721 3722
f 3722 3721 3715
f 3722 3715 3717
f 3723 3724 3725
f 3726 3727 3728
f 3728 3727 3724
f 3728 3724 3723
f 3729 3730 3725
f 3725 3730 3723
f 3731 3732 3733
f 3733 3732 3734
f 3733 3734 3735
f 3735 3734 3736
f 3735 3736 3726
f 3726 3736 3727
f 3737 3738 3593
f 3593 3738 3739
f 3593 3739 3591
f 3580 3740 3582
f 3582 3740 3741
f 3582 3741 3593
f 3593 3741 3742
f 3593 3742 3737
f 3743 3459 3457
f 3744 3745 3746
f 3746 3745 3747
f 3457 3455 3744
f 3744 3455 3461
f 3744 3461 3745
f 3744 3748 3457
f 3457 3748 3749
f 3457 3749 3743
f 3743 3749 3750
f 3743 3750 3751
f 3752 3753 3754
f 3754 3753 3755
f 3753 3756 3755
f 3755 3756 3757
f 3757 3756 3758
f 3757 3758 3759
f 3759 3758 3760
f 3759 3760 3761
f 3762 3763 3754
f 3754 3763 3752
f 3752 3763 3764
f 3760 3765 3761
f 3766 3432 3434
f 3767 3768 3769
f 3769 3768 3770
f 3771 3772 3766
f 3771 3766 3773
f 3773 3766 3434
f 3773 3434 3774
f 3774 3434 3436
f 3774 3436 3767
f 3767 3436 3421
f 3767 3421 3768
f 3775 3776 3777
f 3777 3776 3778
f 3775 3779 3776
f 3776 3779 3780
f 3776 3780 3781
f 3778 3782 3777
f 3783 3784 3778
f 3784 3782 3778
f 3785 3786 3787
f 3787 3786 3776
f 3787 3776 3788
f 3788 3776 3781
f 3788 3781 3789
f 3790 3496 3396
f 3790 3396 3791
f 3791 3396 3509
f 3412 3792 3486
f 3486 3792 3793
f 3794 3449 3447
f 3795 3796 3797
f 3797 3796 3798
f 3797 3798 3475
f 3799 3445 3798
f 3798 3445 3443
f 3798 3443 3475
f 3799 3800 3445
f 3445 3800 3801
f 3445 3801 3447
f 3447 3801 3802
f 3447 3802 3794
f 3794 3802 3803
f 3794 3803 3804
f 3805 3806 3807
f 3807 3806 3808
f 3807 3808 3809
f 3810 3811 3808
f 3808 3811 3809
f 3806 3805 3812
f 3813 3814 3808
f 3808 3814 3815
f 3808 3815 3810
f 3810 3815 3816
f 3810 3816 3817
f 3818 3819 3806
f 3818 3806 3812
f 3818 3812 3820
f 3821 3822 3823
f 3823 3824 3821
f 3821 3824 3825
f 3821 3825 3826
f 3827 3828 3829
f 3827 3829 3830
f 3830 3829 3831
f 3830 3831 3832
f 3830 3832 3833
f 3830 3833 3834
f 3835 3836 3837
f 3688 3687 3838
f 3825 3839 3826
f 3826 3839 3840
f 3826 3840 3841
f 3837 3842 3835
f 3835 3842 3843
f 3842 3844 3843
f 3843 3844 3845
f 3843 3845 3838
f 3838 3845 3846
f 3838 3846 3688
f 3833 3847 3834
f 3834 3847 3848
f 3847 3849 3848
f 3848 3849 3850
f 3848 3850 3851
f 3851 3850 3821
f 3821 3850 3822
f 3840 3837 3841
f 3841 3837 3836
f 3828 3827 3852
f 3852 3827 3853
f 3852 3853 3854
f 3854 3853 3855
f 3854 3855 3856
f 3856 3855 3857
f 3856 3857 3858
f 3856 3858 3859
f 3859 3858 3860
f 3861 3862 3863
f 3861 3863 3860
f 3860 3863 3864
f 3860 3864 3859
f 3394 3393 3865
f 3394 3865 3866
f 3866 3865 3867
f 3866 3867 3861
f 3861 3867 3862
f 3868 3869 3870
f 3871 3872 3873
f 3874 3875 3876
f 3874 3876 3877
f 3878 3879 3880
f 3879 3881 3880
f 3880 3881 3882
f 3880 3882 3868
f 3875 3874 3873
f 3873 3874 3883
f 3873 3883 3871
f 3876 3884 3877
f 3877 3884 3885
f 3885 3884 3886
f 3887 3888 3889
f 3890 3891 3892
f 3872 3880 3873
f 3873 3880 3868
f 3873 3868 3893
f 3893 3868 3870
f 3893 3870 3894
f 3894 3870 3895
f 3896 3897 3889
f 3889 3897 3898
f 3889 3898 3884
f 3884 3898 3886
f 3888 3899 3889
f 3889 3899 3900
f 3889 3900 3896
f 3901 3902 3903
f 3903 3902 3904
f 3901 3905 3868
f 3905 3906 3868
f 3868 3906 3907
f 3868 3907 3869
f 3908 3909 3910
f 3910 3909 3911
f 3910 3911 3912
f 3912 3911 3913
f 3912 3913 3889
f 3914 3915 3916
f 3901 3868 3902
f 3902 3868 3917
f 3902 3917 3918
f 3892 3919 3890
f 3890 3919 3920
f 3890 3920 3921
f 3921 3920 3922
f 3921 3922 3923
f 3923 3922 3900
f 3923 3900 3924
f 3924 3900 3899
f 3925 3926 3927
f 3915 3928 3916
f 3916 3928 3927
f 3916 3927 3926
f 3913 3929 3889
f 3889 3929 3930
f 3889 3930 3887
f 3927 3931 3925
f 3925 3931 3932
f 3925 3932 3933
f 3934 3935 3936
f 3936 3935 3903
f 3936 3903 3937
f 3937 3903 3904
f 3892 3938 3939
f 3939 3938 3940
f 3916 3941 3914
f 3914 3941 3942
f 3914 3942 3940
f 3940 3942 3943
f 3940 3943 3939
f 3944 3945 3946
f 3946 3945 3947
f 3891 3948 3892
f 3892 3948 3949
f 3892 3949 3938
f 3917 3950 3918
f 3918 3950 3951
f 3918 3951 3952
f 3952 3951 3953
f 3952 3953 3954
f 3954 3953 3933
f 3954 3933 3955
f 3955 3933 3932
f 3956 3957 3958
f 3959 3960 3958
f 3957 3956 3961
f 3956 3962 3961
f 3963 3962 3956
f 3963 3956 3964
f 3964 3956 3958
f 3964 3958 3965
f 3965 3958 3960
f 3965 3960 3966
f 3966 3960 3967
f 3966 3967 3968
f 3969 3970 3971
f 3971 3970 3972
f 3971 3972 3973
f 3973 3974 3971
f 3971 3974 3975
f 3971 3975 3976
f 3976 3975 3977
f 3976 3977 3958
f 3958 3977 3978
f 3958 3978 3959
f 3979 3980 3981
f 3981 3980 3982
f 3981 3982 3983
f 3983 3984 3981
f 3981 3984 3985
f 3981 3985 3986
f 3969 3971 3986
f 3986 3971 3987
f 3986 3987 3988
f 3989 3990 3991
f 3990 3992 3991
f 3988 3992 3986
f 3986 3992 3990
f 3986 3990 3981
f 3981 3990 3989
f 3993 3994 3596
f 3596 3597 3993
f 3993 3597 3598
f 3993 3598 3995
f 3995 3598 3605
f 3995 3605 3996
f 3996 3605 3620
f 3996 3620 3997
f 3504 3398 3998
f 3998 3398 3397
f 3998 3397 3994
f 3397 3390 3994
f 3994 3390 3392
f 3994 3392 3595
f 3994 3595 3596
f 3999 4000 3505
f 3999 3505 4001
f 4001 3505 3501
f 4001 3501 4002
f 4002 3501 3502
f 4002 3502 4003
f 4003 3502 4004
f 4004 3502 3504
f 4004 3504 3998
f 3505 4000 3523
f 3523 4000 4005
f 4006 4007 3581
f 4006 3581 4008
f 4008 3581 3583
f 4008 3583 4009
f 4009 3583 3592
f 4009 3592 4010
f 4010 3592 3590
f 4010 3590 4011
f 3590 3588 4011
f 4011 3588 3587
f 4011 3587 4012
f 4012 3587 4013
f 4013 3587 3518
f 4013 3518 4014
f 4014 3518 3519
f 4014 3519 4015
f 4015 3519 3521
f 4015 3521 4016
f 3523 4005 3521
f 3521 4005 4017
f 3521 4017 4016
f 3581 4007 3584
f 3584 4007 4018
f 4019 3394 4020
f 4020 3394 3866
f 4020 3866 4021
f 3620 3622 3997
f 3997 3622 3405
f 3997 3405 4019
f 4019 3405 3395
f 4019 3395 3394
f 4022 3843 4023
f 4023 3843 3838
f 4023 3838 4024
f 4025 3857 3855
f 3830 4026 3827
f 3827 4026 4025
f 3827 4025 3853
f 3853 4025 3855
f 3826 4027 3821
f 3821 4027 4028
f 3821 4028 4029
f 3857 4025 4030
f 4030 4031 3857
f 3857 4031 4032
f 3857 4032 3858
f 3858 4032 4033
f 3858 4033 3860
f 4033 4034 3860
f 3860 4034 4035
f 3860 4035 3861
f 3861 4035 4021
f 3861 4021 3866
f 4036 4037 4038
f 4039 4040 4041
f 4042 4043 4044
f 4045 4046 4047
f 4048 4049 4050
f 4051 3968 3967
f 4051 3967 4052
f 4052 3967 3960
f 4052 3960 4053
f 4054 4055 4056
f 4057 4058 4059
f 3878 4060 3879
f 3879 4060 4061
f 4062 3951 4063
f 4063 3951 3950
f 3953 3951 4064
f 4064 3951 4062
f 4064 4062 4065
f 4043 4042 4066
f 4042 4067 4066
f 4066 4067 4068
f 4066 4068 4069
f 4069 4068 4070
f 4069 4070 4071
f 4072 3980 3979
f 4073 4074 4075
f 4075 4074 4072
f 4075 4072 4076
f 4076 4072 3979
f 4077 3983 3982
f 4078 4061 4079
f 4080 4079 4058
f 4058 4079 4061
f 4058 4061 4059
f 4059 4061 4060
f 4059 4060 4057
f 4057 4056 4058
f 4058 4056 4080
f 4080 4056 4055
f 4080 4055 4081
f 4081 4055 4054
f 4081 4054 4082
f 4083 4084 4085
f 4084 4086 4087
f 4088 3986 3985
f 4083 4089 4090
f 4090 4089 4091
f 4090 4091 4092
f 4092 4091 4088
f 4092 4088 4093
f 4093 4088 3985
f 4093 3985 3984
f 4084 4087 4085
f 4085 4087 4094
f 4085 4094 4095
f 4095 4094 4096
f 4095 4096 4097
f 4096 3973 3972
f 4096 3972 4097
f 4097 3972 3970
f 4097 3970 3969
f 4083 4085 4089
f 4089 4085 4095
f 4089 4095 4091
f 4091 4095 4097
f 4091 4097 4088
f 4088 4097 3969
f 4088 3969 3986
f 4098 4053 4039
f 4039 4053 4038
f 4039 4038 4040
f 4040 4038 4037
f 3960 3959 4053
f 4053 3959 3978
f 4053 3978 4038
f 4038 3978 3977
f 4038 3977 4036
f 4036 3977 3975
f 4036 3975 3974
f 4099 4041 4086
f 4086 4041 4040
f 4086 4040 4087
f 4087 4040 4037
f 4087 4037 4094
f 4094 4037 4036
f 4094 4036 4096
f 4096 4036 3974
f 4096 3974 3973
f 4100 4101 4074
f 4074 4101 4077
f 4074 4077 4072
f 4072 4077 3982
f 4072 3982 3980
f 3950 3917 4063
f 4063 3917 3868
f 4063 3868 4102
f 4102 3868 4078
f 3868 3882 4078
f 4078 3882 3881
f 4078 3881 4061
f 4061 3881 3879
f 4103 4104 4105
f 4105 4104 4106
f 4105 4106 4107
f 4107 4106 4047
f 4107 4047 4050
f 4050 4047 4046
f 4050 4046 4048
f 4104 4069 4106
f 4106 4069 4071
f 4106 4071 4047
f 4047 4071 4045
f 4079 4103 4078
f 4078 4103 4105
f 4078 4105 4102
f 4102 4105 4107
f 4102 4107 4063
f 4063 4107 4050
f 4063 4050 4062
f 4062 4050 4049
f 4062 4049 4065
f 4099 4086 4108
f 4108 4086 4084
f 4108 4084 4109
f 4109 4084 4083
f 4109 4083 4110
f 4110 4083 4090
f 4110 4090 4100
f 4100 4090 4092
f 4100 4092 4101
f 4101 4092 4093
f 4101 4093 4077
f 4077 4093 3984
f 4077 3984 3983
f 4052 4053 4111
f 4111 4053 4098
f 4111 4098 4082
f 4082 4098 4039
f 4082 4039 4081
f 4081 4039 4041
f 4081 4041 4080
f 4080 4041 4099
f 4080 4099 4079
f 4079 4099 4108
f 4079 4108 4103
f 4103 4108 4109
f 4103 4109 4104
f 4104 4109 4110
f 4104 4110 4069
f 4069 4110 4100
f 4069 4100 4066
f 4066 4100 4074
f 4066 4074 4043
f 4043 4074 4073
f 4043 4073 4044
f 3665 3671 4112
f 3572 3578 4018
f 4018 3578 3584
f 3674 4113 3671
f 3671 4113 4114
f 3671 4114 4112
f 3572 4018 3573
f 3573 4018 4115
f 3573 4115 3691
f 3691 4115 4116
f 3691 4116 3674
f 3674 4116 4117
f 3674 4117 4113
f 3665 4112 4118
f 3665 4118 3685
f 3685 4118 4119
f 3685 4119 3687
f 3687 4119 4120
f 3687 4120 3838
f 3838 4120 4121
f 3838 4121 4024
f 3841 4122 4123
f 3841 4123 3826
f 3826 4123 4124
f 3826 4124 4027
f 3836 4125 4126
f 3836 4126 3841
f 3841 4126 4127
f 3841 4127 4122
f 3835 4128 4129
f 3835 4129 3836
f 3836 4129 4125
f 3843 4022 4130
f 3843 4130 3835
f 3835 4130 4128
f 4131 3830 3834
f 4131 3834 4132
f 4131 4133 3830
f 3830 4133 4134
f 3830 4134 4026
f 4132 3834 4135
f 4135 3834 3848
f 4135 3848 4136
f 3851 4137 4138
f 3851 4138 3848
f 3848 4138 4136
f 4137 3851 4139
f 4139 3851 3821
f 4139 3821 4029
f 3933 4140 3925
f 3925 4140 4141
f 4140 4142 4141
f 4141 4142 4143
f 4141 4143 4144
f 4018 4007 4145
f 4145 4007 4144
f 4145 4144 4146
f 4146 4144 4143
f 4115 4018 4145
f 4115 4145 4147
f 4147 4145 4146
f 4147 4146 4148
f 4146 4143 4148
f 4148 4143 4142
f 4148 4142 4149
f 4142 4140 4149
f 4149 4140 3933
f 4149 3933 3953
f 4005 4150 4151
f 4150 4152 4153
f 4152 3900 3922
f 4152 3922 4153
f 4153 3922 3920
f 4153 3920 4154
f 4154 3920 3919
f 4154 3919 4155
f 4155 3919 3892
f 4155 3892 4156
f 4156 3892 3939
f 4156 3939 4157
f 4157 3939 3943
f 4157 3943 4158
f 4158 3943 3942
f 4158 3942 4159
f 4159 3942 3941
f 4159 3941 4160
f 4160 3941 3916
f 4160 3916 4161
f 4161 3916 3926
f 4161 3926 4162
f 4162 3926 4163
f 4163 3926 3925
f 4163 3925 4141
f 4150 4153 4151
f 4151 4153 4154
f 4151 4154 4164
f 4164 4154 4155
f 4164 4155 4165
f 4165 4155 4156
f 4165 4156 4166
f 4166 4156 4157
f 4166 4157 4167
f 4167 4157 4158
f 4167 4158 4168
f 4168 4158 4159
f 4168 4159 4169
f 4169 4159 4160
f 4169 4160 4170
f 4170 4160 4161
f 4170 4161 4171
f 4171 4161 4162
f 4171 4162 4172
f 4172 4162 4163
f 4172 4163 4173
f 4173 4163 4141
f 4173 4141 4144
f 4005 4151 4017
f 4017 4151 4164
f 4017 4164 4016
f 4016 4164 4165
f 4016 4165 4015
f 4015 4165 4166
f 4015 4166 4014
f 4014 4166 4167
f 4014 4167 4013
f 4013 4167 4168
f 4013 4168 4012
f 4012 4168 4169
f 4012 4169 4011
f 4011 4169 4170
f 4011 4170 4010
f 4010 4170 4171
f 4010 4171 4009
f 4009 4171 4172
f 4009 4172 4008
f 4008 4172 4173
f 4008 4173 4006
f 4006 4173 4144
f 4006 4144 4007
f 4174 4175 4176
f 4116 4115 4147
f 4175 4024 4121
f 4177 4178 4179
f 4179 4178 4174
f 4180 4181 4177
f 4076 4181 4075
f 4075 4181 4180
f 4075 4180 4073
f 4182 4067 4042
f 4182 4042 4180
f 4180 4042 4044
f 4180 4044 4073
f 4175 4121 4176
f 4176 4121 4120
f 4176 4120 4183
f 4183 4120 4119
f 4183 4119 4184
f 4067 4182 4068
f 4068 4182 4185
f 4068 4185 4070
f 4070 4185 4071
f 4071 4185 4186
f 4071 4186 4045
f 4119 4118 4184
f 4184 4118 4112
f 4184 4112 4187
f 4187 4112 4188
f 4045 4186 4189
f 4190 4048 4189
f 4189 4048 4046
f 4189 4046 4045
f 4112 4114 4188
f 4188 4114 4113
f 4188 4113 4191
f 4191 4113 4117
f 4191 4117 4192
f 4174 4176 4179
f 4179 4176 4183
f 4179 4183 4193
f 4193 4183 4184
f 4193 4184 4194
f 4194 4184 4187
f 4194 4187 4195
f 4195 4187 4188
f 4195 4188 4196
f 4196 4188 4191
f 4196 4191 4197
f 4197 4191 4192
f 4197 4192 4198
f 4177 4179 4180
f 4180 4179 4193
f 4180 4193 4182
f 4182 4193 4194
f 4182 4194 4185
f 4185 4194 4195
f 4185 4195 4186
f 4186 4195 4196
f 4186 4196 4189
f 4189 4196 4197
f 4189 4197 4190
f 4190 4197 4198
f 4190 4198 4199
f 4117 4116 4192
f 4192 4116 4147
f 4192 4147 4198
f 4198 4147 4148
f 4198 4148 4199
f 4199 4148 4149
f 4199 4149 3953
f 3953 4064 4199
f 4199 4064 4065
f 4199 4065 4190
f 4190 4065 4049
f 4190 4049 4048
f 3896 3900 4152
f 3896 4152 4200
f 4200 4152 4150
f 4200 4150 4201
f 4201 4150 4005
f 4201 4005 4000
f 4023 4024 4202
f 4202 4024 4175
f 4177 4203 4178
f 4178 4203 4204
f 4178 4204 4174
f 4174 4204 4205
f 4174 4205 4175
f 4175 4205 4206
f 4175 4206 4202
f 4076 3979 4181
f 4181 3979 4207
f 4181 4207 4177
f 4177 4207 4203
f 3998 4208 4209
f 4208 4210 4211
f 4210 3877 3885
f 4210 3885 4211
f 4211 3885 3886
f 4211 3886 4212
f 4212 3886 3898
f 4212 3898 4213
f 4213 3898 3897
f 4213 3897 3896
f 4213 3896 4200
f 4208 4211 4209
f 4209 4211 4214
f 4214 4211 4212
f 4214 4212 4215
f 4215 4212 4213
f 4215 4213 4216
f 4216 4213 4217
f 4217 4213 4200
f 4217 4200 4201
f 3998 4209 4004
f 4004 4209 4214
f 4004 4214 4003
f 4003 4214 4215
f 4003 4215 4002
f 4002 4215 4216
f 4002 4216 4001
f 4001 4216 4217
f 4001 4217 3999
f 3999 4217 4201
f 3999 4201 4000
f 4218 4022 4023
f 3979 3981 4207
f 4207 3981 4219
f 4023 4202 4218
f 4218 4202 4206
f 4218 4206 4220
f 4220 4206 4205
f 4220 4205 4221
f 4221 4205 4204
f 4221 4204 4219
f 4219 4204 4203
f 4219 4203 4207
f 3874 3877 4210
f 3874 4210 4222
f 4222 4210 4208
f 4222 4208 4223
f 4223 4208 3998
f 4223 3998 3994
f 4130 4224 4225
f 4226 4027 4124
f 4227 4226 4228
f 3987 4227 4229
f 4226 4124 4228
f 4228 4124 4123
f 4228 4123 4122
f 4228 4122 4230
f 4230 4122 4127
f 4230 4127 4126
f 4125 4231 4126
f 4126 4231 4230
f 4231 4125 4129
f 4231 4129 4225
f 4225 4129 4128
f 4225 4128 4130
f 4227 4228 4229
f 4229 4228 4230
f 4229 4230 4232
f 4232 4230 4231
f 4232 4231 4233
f 4233 4231 4225
f 4233 4225 4234
f 4234 4225 4224
f 4130 4022 4218
f 4130 4218 4224
f 4224 4218 4220
f 4224 4220 4234
f 4234 4220 4221
f 4234 4221 4219
f 3987 4229 3988
f 3988 4229 3992
f 3992 4229 4232
f 3992 4232 3991
f 3991 4232 4233
f 3991 4233 4234
f 3991 4234 3989
f 3989 4234 4219
f 3989 4219 3981
f 4235 3880 3872
f 4236 4237 4238
f 4238 4237 4235
f 4239 4240 4241
f 4241 4240 4236
f 3996 3997 4239
f 4235 3872 4238
f 4238 3872 3871
f 4238 3871 4242
f 4242 3871 3883
f 4242 3883 4243
f 4243 3883 3874
f 4243 3874 4222
f 4236 4238 4241
f 4241 4238 4242
f 4241 4242 4244
f 4244 4242 4243
f 4244 4243 4245
f 4245 4243 4222
f 4245 4222 4223
f 4239 4241 3996
f 3996 4241 4244
f 3996 4244 3995
f 3995 4244 4245
f 3995 4245 3993
f 3993 4245 4223
f 3993 4223 3994
f 3971 3976 4246
f 3958 3957 4247
f 4029 4028 4248
f 4248 4028 4249
f 4248 4249 4247
f 4247 4249 4246
f 4247 4246 3958
f 3958 4246 3976
f 3987 3971 4227
f 4227 3971 4246
f 4227 4246 4226
f 4226 4246 4249
f 4226 4249 4027
f 4027 4249 4028
f 3997 4019 4250
f 3878 3880 4251
f 4251 3880 4235
f 4251 4235 4252
f 4252 4235 4237
f 4252 4237 4253
f 4253 4237 4236
f 4253 4236 4254
f 4254 4236 4240
f 4254 4240 4250
f 4250 4240 4239
f 4250 4239 3997
f 4255 4026 4134
f 4256 4255 4257
f 3964 4256 4258
f 4255 4134 4257
f 4257 4134 4133
f 4257 4133 4259
f 4259 4133 4131
f 4259 4131 4260
f 4131 4132 4260
f 4260 4132 4135
f 4260 4135 4136
f 4260 4136 4261
f 4261 4136 4138
f 4261 4138 4137
f 4261 4137 4262
f 4262 4137 4139
f 4262 4139 4029
f 4262 4029 4248
f 4256 4257 4258
f 4258 4257 4259
f 4258 4259 4260
f 4258 4260 4263
f 4263 4260 4261
f 4263 4261 4264
f 4264 4261 4262
f 4264 4262 4265
f 4265 4262 4248
f 4265 4248 4247
f 3964 4258 3963
f 3963 4258 4263
f 3963 4263 3962
f 3962 4263 4264
f 3962 4264 4265
f 3962 4265 3961
f 3961 4265 4247
f 3961 4247 3957
f 4019 4020 4250
f 4250 4020 4266
f 4267 4252 4268
f 4268 4252 4253
f 4268 4253 4266
f 4266 4253 4254
f 4266 4254 4250
f 4269 4267 4270
f 4270 4267 4268
f 4270 4268 4271
f 4271 4268 4266
f 4271 4266 4021
f 4021 4266 4020
f 3878 4251 4060
f 4060 4251 4252
f 4060 4252 4057
f 4057 4252 4267
f 4057 4267 4056
f 4056 4267 4269
f 4056 4269 4054
f 4025 4026 4255
f 4025 4255 4272
f 4272 4255 4256
f 4272 4256 4273
f 4273 4256 3964
f 4273 3964 3965
f 4052 4111 4274
f 4275 4276 4277
f 4276 3968 4051
f 4278 4279 4280
f 4280 4279 4275
f 4280 4275 4277
f 4031 4279 4032
f 4032 4279 4278
f 4032 4278 4033
f 4281 4269 4282
f 4282 4269 4270
f 4282 4270 4283
f 4283 4270 4271
f 4283 4271 4035
f 4035 4271 4021
f 4281 4082 4269
f 4269 4082 4054
f 4035 4034 4283
f 4283 4034 4284
f 4283 4284 4282
f 4282 4284 4285
f 4282 4285 4281
f 4281 4285 4274
f 4274 4111 4281
f 4281 4111 4082
f 4052 4277 4051
f 4051 4277 4276
f 4277 4052 4274
f 4277 4274 4280
f 4280 4274 4285
f 4280 4285 4278
f 4278 4285 4284
f 4278 4284 4033
f 4033 4284 4034
f 4031 4030 4279
f 4276 4275 3966
f 4276 3966 3968
f 4030 4025 4279
f 4279 4025 4272
f 4279 4272 4275
f 4275 4272 4273
f 4275 4273 3966
f 3966 4273 3965
f 4286 4287 3948
f 3948 4287 4288
f 3948 4288 3949
f 3949 4288 4289
f 3949 4289 3938
f 3938 4289 4290
f 3938 4290 3940
f 3940 4290 4291
f 3940 4291 3914
f 3914 4291 4292
f 3914 4292 3915
f 3915 4292 4293
f 3915 4293 3928
f 3928 4293 4294
f 3928 4294 4295
f 4295 4294 4296
f 4295 4296 3945
f 3945 4296 4297
f 4298 3944 3946
f 4298 3946 4299
f 4299 3946 3947
f 4299 3947 4300
f 4300 3947 3945
f 4300 3945 4297
f 4301 3944 4302
f 4302 3944 4298
f 4303 4304 4305
f 4303 4305 4306
f 4306 4305 4307
f 4306 4307 4308
f 4308 4307 4301
f 4308 4301 4302
f 4304 4303 3927
f 3927 4303 4309
f 3927 4309 3931
f 3931 4309 4310
f 3931 4310 3932
f 3932 4310 4311
f 3932 4311 3955
f 3955 4311 4312
f 3955 4312 3954
f 3954 4312 4313
f 3954 4313 3952
f 3952 4313 4314
f 3952 4314 3918
f 3918 4314 4315
f 3918 4315 3902
f 3902 4315 4316
f 3902 4316 3904
f 3904 4316 4317
f 4318 3937 4319
f 4318 4319 4320
f 4320 4319 4321
f 4320 4321 4322
f 4322 4321 3904
f 4322 3904 4317
f 3936 3937 4323
f 4323 3937 4318
f 4324 3903 3935
f 4324 3935 4325
f 4325 3935 3934
f 4325 3934 4326
f 4326 3934 3936
f 4326 3936 4323
f 3903 4324 3901
f 3901 4324 4327
f 3901 4327 3905
f 3905 4327 4328
f 3905 4328 3906
f 3906 4328 4329
f 3906 4329 3907
f 3907 4329 4330
f 3907 4330 3869
f 3869 4330 4331
f 3869 4331 3870
f 3870 4331 4332
f 3870 4332 3895
f 3895 4332 4333
f 3895 4333 4334
f 4334 4333 4335
f 4334 4335 4336
f 4336 4335 4337
f 4338 4339 4340
f 4338 4340 4341
f 4341 4340 4342
f 4341 4342 4343
f 4343 4342 4336
f 4343 4336 4337
f 4344 4339 4345
f 4345 4339 4338
f 4346 4347 4348
f 4346 4348 4349
f 4349 4348 4350
f 4349 4350 4351
f 4351 4350 4344
f 4351 4344 4345
f 4347 4346 4352
f 4352 4346 4353
f 4352 4353 3908
f 3908 4353 4354
f 3908 4354 3909
f 3909 4354 4355
f 3909 4355 3911
f 3911 4355 4356
f 3911 4356 3913
f 3913 4356 4357
f 3913 4357 3929
f 3929 4357 4358
f 3929 4358 3930
f 3930 4358 4359
f 3930 4359 4360
f 4360 4359 4361
f 4360 4361 4362
f 4362 4361 4363
f 4364 4365 4366
f 4364 4366 4367
f 4367 4366 4368
f 4367 4368 4369
f 4369 4368 4362
f 4369 4362 4363
f 4370 4365 4371
f 4371 4365 4364
f 4372 4373 4374
f 4372 4374 4375
f 4375 4374 4376
f 4375 4376 4377
f 4377 4376 4370
f 4377 4370 4371
f 4373 4372 3887
f 3887 4372 4378
f 3887 4378 3888
f 3888 4378 4379
f 3888 4379 3899
f 3899 4379 4380
f 3899 4380 3924
f 3924 4380 4381
f 3924 4381 3923
f 3923 4381 4382
f 3923 4382 3921
f 3921 4382 4383
f 3921 4383 3890
f 3890 4383 4384
f 3890 4384 3891
f 3891 4384 4385
f 3891 4385 4386
f 4386 4385 4387
f 4388 4389 4390
f 4388 4390 4391
f 4391 4390 4392
f 4391 4392 4393
f 4393 4392 4386
f 4393 4386 4387
f 4394 4389 4395
f 4395 4389 4388
f 4287 4286 4396
f 4287 4396 4397
f 4397 4396 4398
f 4397 4398 4399
f 4399 4398 4394
f 4399 4394 4395
f 4400 3884 4401
f 4401 3884 3876
f 4401 3876 3875
f 4401 3875 3873
f 4401 3873 3893
f 4401 3893 4400
f 4400 3893 3894
f 4400 3910 3912
f 4400 3912 3889
f 4400 3889 3884
f 4402 4403 4404
f 4402 4404 4405
f 4406 4407 4408
f 4406 4408 4409
f 4409 4408 4410
f 4411 4412 4413
f 4414 4415 4411
f 4411 4415 4412
f 4416 4414 4411
f 4416 4411 4417
f 4413 4418 4411
f 4411 4418 4419
f 4411 4419 4417
f 4420 4421 4422
f 4423 4424 4420
f 4420 4424 4421
f 4425 4426 4427
f 4428 4423 4420
f 4428 4420 4429
f 4429 4420 4422
f 4430 4431 4432
f 4432 4431 4433
f 4433 4431 4434
f 4434 4431 4435
f 4436 4437 4438
f 4438 4437 3522
f 4438 3522 3520
f 4439 3524 4440
f 4440 3524 3522
f 4440 3522 4441
f 4441 3522 4437
f 3579 4442 3580
f 3580 4442 3740
f 3524 4439 3525
f 3525 4439 4443
f 4444 3419 3418
f 4445 4446 4447
f 4447 4446 4448
f 3418 3426 4445
f 4445 3426 3428
f 4445 3428 4446
f 4445 4449 3418
f 3418 4449 4450
f 3418 4450 4444
f 4444 4450 4451
f 4444 4451 4452
f 4453 4454 4455
f 4453 4455 4456
f 4456 4455 4457
f 4456 4457 4458
f 4458 4457 4459
f 4458 4459 4460
f 4461 4459 4462
f 4463 4464 4454
f 4463 4454 4453
f 4460 4459 4461
f 4464 4465 4454
f 4466 3704 3621
f 4466 3621 3619
f 4467 4468 4469
f 4469 4470 4471
f 4472 4467 4473
f 4473 4467 4469
f 4473 4469 4474
f 4474 4469 4471
f 4471 4470 4475
f 4475 4470 4476
f 4475 4476 4477
f 4317 4316 4324
f 4478 4385 4384
f 4478 4384 4479
f 4291 4290 4480
f 4335 4481 4354
f 4481 4335 4482
f 4329 4328 4483
f 4483 4316 4484
f 4484 4316 4315
f 4484 4315 4485
f 4480 4290 4478
f 4384 4383 4479
f 4479 4383 4382
f 4479 4382 4486
f 4486 4382 4381
f 4486 4381 4487
f 4354 4353 4335
f 4335 4353 4346
f 4335 4346 4337
f 4483 4328 4316
f 4316 4328 4327
f 4316 4327 4324
f 4309 4488 4310
f 4310 4488 4489
f 4310 4489 4311
f 4311 4489 4490
f 4381 4380 4487
f 4487 4380 4379
f 4487 4379 4491
f 4491 4379 4378
f 4491 4378 4361
f 4361 4378 4372
f 4361 4372 4363
f 4391 4393 4388
f 4388 4393 4387
f 4492 4356 4481
f 4481 4356 4355
f 4481 4355 4354
f 4335 4333 4482
f 4482 4333 4332
f 4482 4332 4493
f 4493 4332 4331
f 4493 4331 4483
f 4483 4331 4330
f 4483 4330 4329
f 4315 4314 4485
f 4485 4314 4313
f 4485 4313 4490
f 4490 4313 4312
f 4490 4312 4311
f 4291 4480 4292
f 4292 4480 4488
f 4292 4488 4293
f 4397 4399 4287
f 4287 4399 4395
f 4290 4289 4478
f 4478 4289 4288
f 4478 4288 4385
f 4385 4288 4287
f 4385 4287 4387
f 4387 4287 4395
f 4387 4395 4388
f 4361 4359 4491
f 4491 4359 4358
f 4491 4358 4492
f 4492 4358 4357
f 4492 4357 4356
f 4341 4343 4338
f 4338 4343 4337
f 4338 4337 4345
f 4345 4337 4346
f 4345 4346 4351
f 4351 4346 4349
f 4303 4306 4308
f 4299 4300 4298
f 4298 4300 4297
f 4298 4297 4302
f 4320 4322 4318
f 4318 4322 4317
f 4318 4317 4323
f 4323 4317 4324
f 4323 4324 4326
f 4326 4324 4325
f 4308 4302 4303
f 4303 4302 4297
f 4303 4297 4309
f 4309 4297 4296
f 4309 4296 4488
f 4488 4296 4294
f 4488 4294 4293
f 4367 4369 4364
f 4364 4369 4363
f 4364 4363 4371
f 4371 4363 4372
f 4371 4372 4377
f 4377 4372 4375
f 3444 4484 3442
f 3442 4484 4485
f 3442 4485 3441
f 3441 4485 4490
f 3441 4490 3458
f 3458 4490 4489
f 3458 4489 3456
f 3456 4489 4488
f 3456 4488 3454
f 3454 4488 4480
f 3454 4480 3424
f 3424 4480 4478
f 3424 4478 3420
f 3420 4478 4479
f 3420 4479 3427
f 3427 4479 4486
f 3427 4486 3429
f 3429 4486 4487
f 3429 4487 3433
f 3433 4487 4491
f 3433 4491 3435
f 3435 4491 4492
f 3435 4492 3422
f 3422 4492 4481
f 3422 4481 3423
f 3423 4481 4482
f 3423 4482 3448
f 3448 4482 4493
f 3448 4493 3446
f 3446 4493 4483
f 3446 4483 3444
f 3444 4483 4484
f 3510 4494 3512
f 3512 4494 4495
f 3513 4496 3511
f 3511 4496 4497
f 4498 4499 4500
f 3482 4498 3483
f 3483 4498 4500
f 3483 4500 3484
f 4501 4502 3453
f 3453 3452 4501
f 4501 3452 3485
f 4503 4504 4505
f 3471 4503 3417
f 3417 4503 4505
f 3417 4505 3416
f 3470 3472 4506
f 4506 3472 4507
f 4506 4507 4508
f 4509 4510 3463
f 3463 4510 3480
f 4511 3477 4512
f 3542 4513 3563
f 3563 4513 4514
f 4515 3556 4516
f 4516 3556 3555
f 4516 3555 4517
f 4517 3555 3564
f 3540 4518 3549
f 3549 4518 4519
f 3549 4519 3559
f 4518 3540 3617
f 4520 3539 3548
f 4520 3548 4521
f 4521 3548 3550
f 4521 3550 3545
f 4522 3547 4523
f 4523 3547 3612
f 4523 3612 3614
f 3606 3607 4524
f 4524 3607 4525
f 3611 4526 3613
f 3613 4526 4525
f 3613 4525 3607
f 4527 3654 3683
f 4528 4527 4529
f 4529 4527 3683
f 4529 3683 4530
f 3553 4531 3560
f 3560 4531 4530
f 3560 4530 3561
f 3561 4530 3683
f 3693 3682 4532
f 3693 4532 4533
f 3693 4533 3562
f 3562 4533 4534
f 3562 4534 3554
f 3554 4534 4535
f 3554 4535 3551
f 4431 4430 4536
f 4536 4435 4431
f 4537 4425 4538
f 4538 4425 4539
f 4539 4425 4540
f 4540 4425 4427
f 4537 4426 4425
f 4541 3558 3559
f 4541 3559 4519
f 3558 4541 3543
f 3543 4541 4542
f 3543 4542 3610
f 3610 4542 4526
f 3610 4526 3611
f 4543 3557 3556
f 4543 3556 4515
f 3557 4543 3546
f 3546 4543 4544
f 3546 4544 3552
f 3552 4544 4531
f 3552 4531 3553
f 3539 4520 3531
f 3531 4520 4545
f 3531 4545 3530
f 4545 4546 3530
f 3530 4546 3532
f 3532 4546 4547
f 3532 4547 3694
f 3532 3694 3534
f 3703 4548 3632
f 3632 4548 3628
f 4548 3629 3628
f 4548 4549 3629
f 3629 4549 3609
f 3609 4549 4550
f 3609 4550 4523
f 3609 4523 3614
f 3679 3707 3681
f 3681 3707 4551
f 3681 4551 4552
f 3681 4552 3682
f 3682 4552 4553
f 4532 3682 4553
f 4514 4554 3563
f 3563 4554 3565
f 4554 3625 3565
f 4554 4555 3625
f 3625 4555 3626
f 3626 4555 4556
f 3626 4556 3702
f 3626 3702 3630
f 3545 3544 4521
f 4521 3544 4557
f 3551 4535 3544
f 3544 4535 4557
f 3542 3541 4513
f 4513 3541 4558
f 3547 4522 3541
f 3541 4522 4558
f 3617 3616 4518
f 4518 3616 4559
f 3618 3624 3705
f 3705 4560 3618
f 3618 4560 3615
f 3615 4560 4561
f 3615 4561 3616
f 3616 4561 4559
f 3608 3606 4562
f 4562 3606 4524
f 3603 3608 4563
f 4563 3608 4562
f 4564 3604 4563
f 4563 3604 3603
f 3619 3604 4466
f 4466 3604 4564
f 4565 3697 3696
f 4528 4566 4527
f 3654 4527 3669
f 3669 4527 4566
f 4566 4567 3668
f 4566 3668 3669
f 4568 3672 3670
f 4568 3670 4567
f 4567 3670 3668
f 3675 3672 3696
f 3696 3672 4568
f 3696 4568 4565
f 4569 4516 4517
f 4570 3570 3569
f 3699 4570 3569
f 4571 4572 4570
f 4570 4572 3570
f 3567 3571 4569
f 4569 3571 4572
f 4572 3571 3570
f 3564 3567 4517
f 4517 3567 4569
f 4573 3747 3745
f 4511 4574 3437
f 4511 3437 3477
f 3461 3438 4573
f 4573 3438 4574
f 4574 3438 3437
f 3745 3461 4573
f 4575 4576 4577
f 4452 4577 4444
f 4444 4577 3425
f 4444 3425 3419
f 4576 3462 3425
f 4576 3425 4577
f 3463 3462 4509
f 4509 3462 4576
f 4578 4448 4446
f 4579 4578 4580
f 4497 4580 3465
f 4497 3465 3511
f 4578 3430 3466
f 4578 3466 4580
f 4580 3466 3465
f 3428 3430 4446
f 4446 3430 4578
f 3772 4581 3766
f 3766 4581 3431
f 3766 3431 3432
f 4582 3510 3464
f 4582 3464 4581
f 4581 3464 3431
f 4494 3510 4582
f 3602 3601 4583
f 4583 4584 3602
f 3602 4584 3586
f 3586 4584 4585
f 3586 4585 3585
f 3585 4585 4442
f 3585 4442 3579
f 3484 4500 4586
f 3484 4586 3600
f 3600 4586 3601
f 3601 4586 4583
f 3491 4587 3485
f 3485 4587 4501
f 3492 3489 4588
f 4588 4589 3492
f 3492 4589 3491
f 3491 4589 4587
f 3486 3793 3487
f 3487 3793 4590
f 3487 4590 3489
f 3489 4590 4588
f 3412 3411 3792
f 3792 3411 4591
f 3409 3408 4592
f 4592 4593 3409
f 3409 4593 3411
f 3411 4593 4591
f 3416 4505 3414
f 3414 4505 4594
f 3414 4594 3408
f 3408 4594 4592
f 4507 3472 3473
f 3494 3498 4595
f 4595 4596 3494
f 3494 4596 3495
f 3495 4596 4597
f 3495 4597 3473
f 3473 4597 4507
f 3497 3496 3790
f 3790 4598 3497
f 3497 4598 3498
f 3498 4598 4595
f 4599 4504 4503
f 3804 4600 3794
f 3794 4600 3450
f 3794 3450 3449
f 4599 3468 3467
f 4599 3467 4600
f 4600 3467 3450
f 3471 3468 4503
f 4503 3468 4599
f 4601 3770 3768
f 4508 4602 4506
f 4506 4602 3469
f 4506 3469 3470
f 3421 3474 4601
f 4601 3474 4602
f 4602 3474 3469
f 3768 3421 4601
f 3751 4603 3743
f 3743 4603 3460
f 3743 3460 3459
f 4604 3479 3460
f 4604 3460 4603
f 3482 3479 4498
f 4498 3479 4604
f 4605 3795 3797
f 4502 4606 3439
f 4502 3439 3453
f 3475 3440 4605
f 4605 3440 4606
f 4606 3440 3439
f 3797 3475 4605
f 3738 4607 3739
f 4607 3589 3739
f 3739 3589 3591
f 3589 4607 3599
f 3599 4607 4608
f 4609 4610 4608
f 4608 4610 3599
f 4610 3476 3599
f 3477 3476 4512
f 4512 3476 4610
f 4611 4436 4438
f 4612 4613 4614
f 4613 4612 4510
f 3480 4510 3481
f 3481 4510 4612
f 3481 4612 3507
f 3507 4612 4614
f 4611 3517 3507
f 4611 3507 4614
f 3520 3517 4438
f 4438 3517 4611
f 3513 3514 4496
f 4496 3514 4615
f 3515 4616 3514
f 3514 4616 4615
f 4616 3515 4617
f 4617 3515 3516
f 4617 3516 4618
f 4618 3516 3506
f 4618 3506 4443
f 4443 3506 3525
f 3509 3508 3791
f 3791 3508 4619
f 3503 4620 3508
f 3508 4620 4619
f 4620 3503 4621
f 4621 3503 3500
f 4621 3500 4622
f 4622 3500 3499
f 4622 3499 4495
f 4495 3499 3512
f 3652 4623 4624
f 3664 3663 4625
f 3661 4626 3663
f 3663 4626 4625
f 3659 4627 3661
f 3661 4627 4626
f 3659 4628 4627
f 4628 3659 3653
f 4628 3653 4624
f 3653 3652 4624
f 4629 3655 3664
f 4630 3387 4631
f 4631 3387 3594
f 4631 3594 4632
f 4632 3594 3391
f 4633 3387 4630
f 4634 4635 4636
f 3384 4634 4636
f 3384 4636 3385
f 3385 4636 4637
f 4638 3635 4639
f 4639 3635 3634
f 4639 3634 4640
f 4640 3634 3633
f 4640 3633 4641
f 4641 3633 4637
f 4637 3633 3385
f 4642 4643 4644
f 4645 4642 4644
f 4646 3402 3400
f 3400 4647 4646
f 3400 4648 4647
f 3399 4648 3400
f 4649 3402 4646
f 3637 3641 4650
f 4650 3641 4651
f 4650 4651 4652
f 4653 4654 4655
f 3637 4650 3638
f 3638 4650 4656
f 3638 4656 3643
f 3643 4656 4657
f 3643 4657 3644
f 3644 4657 4653
f 3644 4653 3645
f 3645 4653 4655
f 3645 4655 3650
f 4658 3642 3649
f 4659 4658 3649
f 4659 3649 4660
f 4660 3649 3648
f 3666 4661 3667
f 3667 4661 4662
f 4623 3652 3667
f 4623 3667 4662
f 3655 4629 4663
f 3655 4663 4664
f 3655 4664 3658
f 3658 4664 4661
f 3658 4661 3666
f 4664 4665 4661
f 4661 4665 4666
f 3646 4667 3647
f 3647 4667 4668
f 3647 4668 3648
f 3648 4668 4660
f 4654 4667 4655
f 4655 4667 3646
f 4655 3646 3650
f 3642 4658 3639
f 3639 4658 4669
f 3639 4669 4670
f 3639 4670 3640
f 3640 4670 4651
f 3640 4651 3641
f 4652 4651 4670
f 4671 3493 3635
f 3493 4672 3391
f 4638 4671 3635
f 4671 4672 3493
f 4672 4632 3391
f 4631 4632 4673
f 4673 4632 4672
f 4633 3388 3387
f 3388 4633 4674
f 3388 4674 3636
f 3636 4674 4675
f 3636 4675 4634
f 3636 4634 3384
f 4635 4634 4675
f 3404 3402 4649
f 3404 4676 4677
f 3404 4677 3406
f 4649 4676 3404
f 4467 4472 4678
f 4678 4472 4679
f 4678 4679 4680
f 4680 4679 4681
f 4680 4681 4521
f 4521 4681 4520
f 4469 4468 4682
f 4682 4468 4683
f 4683 4468 4684
f 4684 4468 4685
f 4685 4468 4686
f 4686 4468 4557
f 4686 4557 4535
f 4521 4557 4680
f 4680 4557 4468
f 4680 4468 4678
f 4678 4468 4467
f 4679 4472 4687
f 4545 4520 4681
f 4687 4547 4546
f 3694 4547 4688
f 4688 4547 4687
f 4546 4545 4687
f 4472 4689 4687
f 4687 4689 4688
f 4545 4681 4687
f 4687 4681 4679
f 4535 4534 4686
f 4686 4534 4690
f 4686 4690 4685
f 4685 4690 4684
f 4684 4690 4691
f 4684 4691 4683
f 4683 4691 4692
f 4683 4692 4682
f 4682 4692 4469
f 4469 4692 4470
f 4472 4473 4689
f 4689 4473 4693
f 4689 4693 4694
f 4689 4694 4688
f 4688 4694 3695
f 4688 3695 3694
f 4695 4533 4532
f 4696 4692 4691
f 4696 4691 4697
f 4534 4533 4690
f 4690 4697 4691
f 3708 3709 4698
f 4474 4471 4699
f 4699 4471 4700
f 4699 4700 4698
f 4698 4700 4701
f 4698 4701 3708
f 4473 4474 4693
f 4693 4474 4699
f 4693 4699 4694
f 4694 4699 4698
f 4694 4698 3695
f 3695 4698 3709
f 4552 4551 4477
f 4532 4553 4695
f 3707 4702 4551
f 4551 4702 4477
f 4471 4475 4703
f 3707 3706 4702
f 4702 4703 4477
f 4477 4703 4475
f 3706 3708 4702
f 4702 3708 4701
f 4702 4701 4703
f 4703 4701 4700
f 4703 4700 4471
f 4704 3724 4705
f 4543 4515 4706
f 4531 4544 4707
f 4707 4544 4705
f 4707 4705 4708
f 4708 4705 4709
f 4544 4543 4705
f 3724 4710 4705
f 4705 4710 4711
f 4705 4711 4709
f 4543 4706 4705
f 4705 4706 4704
f 3725 3724 4712
f 4712 3724 4704
f 4712 4704 4713
f 4713 4704 4706
f 4713 4706 4516
f 4516 4706 4515
f 4530 4531 4714
f 4714 4531 4707
f 4714 4707 4715
f 4715 4707 4708
f 4715 4708 4716
f 4716 4708 4709
f 4716 4709 4717
f 4717 4709 4711
f 4717 4711 4718
f 4718 4711 4710
f 4718 4710 3727
f 3727 4710 3724
f 3699 4719 4720
f 4571 4570 4720
f 4720 4570 3699
f 4721 3730 4720
f 4722 3730 3729
f 3729 4572 4722
f 4720 4719 4721
f 3729 4569 4572
f 4712 3729 3725
f 3729 4712 4713
f 4569 3729 4713
f 4569 4713 4516
f 3734 3732 4723
f 3727 3736 4718
f 4718 3736 4724
f 4718 4724 4717
f 4717 4724 4716
f 4716 4724 4725
f 4716 4725 4715
f 4715 4725 4714
f 4714 4725 4529
f 4714 4529 4530
f 4528 4529 4725
f 4723 4725 4724
f 4723 4724 3734
f 3734 4724 3736
f 3723 3730 4721
f 4723 3732 4726
f 4528 4725 4723
f 4726 4567 4566
f 4726 4566 4723
f 4723 4566 4528
f 4568 4567 4727
f 4727 4567 4726
f 4565 4568 4727
f 4727 4726 3732
f 3697 4565 4728
f 4728 4565 4727
f 4728 4727 3731
f 3731 4727 3732
f 3728 3723 4721
f 4729 4721 4719
f 4729 4719 3700
f 3700 4719 3699
f 3726 3728 4730
f 4730 3728 4721
f 4730 4721 4729
f 3701 4729 3700
f 3701 3698 4731
f 4732 4730 4731
f 4731 4730 4729
f 4731 4729 3701
f 3698 3697 4731
f 4731 3697 4728
f 4731 4728 4732
f 4732 4728 3731
f 3726 4730 3735
f 3735 4730 4732
f 3735 4732 3733
f 3733 4732 3731
f 4733 4662 4661
f 4661 4666 4733
f 4733 4666 4734
f 4734 4666 4665
f 4735 4645 4736
f 4736 4737 4735
f 4738 4644 4739
f 4739 4644 4643
f 4739 4643 4740
f 4740 4643 4741
f 4741 4643 4642
f 4741 4642 4735
f 4635 4738 4739
f 4636 4635 4739
f 4636 4739 4637
f 4637 4739 4740
f 4637 4740 4641
f 4641 4740 4741
f 4641 4741 4640
f 4640 4741 4639
f 4639 4741 4735
f 4642 4645 4735
f 4735 4737 4639
f 4639 4737 4638
f 4635 4675 4738
f 4742 3721 4743
f 4541 4519 4744
f 4526 4542 4745
f 4745 4542 4743
f 4542 4541 4743
f 4541 4744 4743
f 4743 4744 4742
f 4746 4744 4518
f 4518 4744 4519
f 3715 3721 4747
f 4747 3721 4742
f 4747 4742 4746
f 4746 4742 4744
f 4526 4745 4525
f 4525 4745 4748
f 4748 4745 4749
f 4748 4749 4750
f 4750 4749 3719
f 3719 4749 3721
f 4751 4752 3717
f 3717 4752 3722
f 4751 4560 3705
f 4751 3705 4753
f 4561 4560 4754
f 4754 4560 4751
f 4751 4753 4752
f 3717 3716 4754
f 4559 4561 3716
f 3716 4561 4754
f 4754 4751 3717
f 4518 4559 4746
f 4746 4559 3716
f 4746 3716 4747
f 4747 3716 3715
f 4750 3719 3718
f 4748 4750 4755
f 4750 3718 4755
f 4525 4748 4755
f 4755 4563 4562
f 4755 4562 4524
f 4755 4524 4525
f 4564 4563 4756
f 4756 4563 4755
f 4756 4755 3718
f 4466 4564 4757
f 4757 4564 4756
f 4757 4756 3718
f 3720 3722 4758
f 4758 3722 4752
f 4758 4752 4759
f 4759 4752 4753
f 4759 4753 3704
f 3704 4753 3705
f 3704 4466 4757
f 3704 4757 4759
f 4759 4757 4758
f 4758 4757 3718
f 4758 3718 3720
f 4760 4761 4513
f 4513 4761 4514
f 3713 3711 4762
f 4762 4763 4760
f 4760 4763 4761
f 4554 4514 4761
f 4558 4522 3714
f 3714 4522 4764
f 3714 4764 4765
f 3714 4765 3712
f 4513 4558 4760
f 4760 4558 3714
f 4760 3714 4762
f 4762 3714 3713
f 3703 3702 4766
f 4767 4768 3710
f 3710 4768 3711
f 3710 3712 4769
f 4769 3712 4765
f 4769 4765 4764
f 4769 4764 4770
f 4770 4764 4522
f 4770 4522 4523
f 4767 3710 4771
f 4548 3703 4766
f 4772 4771 3710
f 3710 4769 4772
f 4773 4668 4667
f 4660 4668 4774
f 4774 4668 4773
f 4654 4773 4667
f 4773 4775 4774
f 4774 4776 4659
f 4774 4659 4660
f 4775 4776 4774
f 4659 4776 4658
f 4650 4652 4777
f 4650 4777 4656
f 4656 4777 4778
f 4656 4778 4657
f 4779 4462 4780
f 4780 4462 4459
f 4780 4459 4781
f 4781 4459 4782
f 4782 4459 4457
f 4782 4457 4783
f 4783 4457 4455
f 4436 4779 4784
f 4784 4779 4780
f 4784 4780 4785
f 4785 4780 4781
f 4785 4781 4786
f 4786 4781 4782
f 4786 4782 4787
f 4787 4782 4783
f 4437 4436 4784
f 4437 4784 4441
f 4441 4784 4785
f 4441 4785 4440
f 4440 4785 4786
f 4440 4786 4439
f 4439 4786 4787
f 4779 4436 4788
f 4510 4789 4613
f 4462 4788 4790
f 4462 4790 4461
f 4461 4790 4789
f 4462 4779 4788
f 4790 4788 4613
f 4790 4613 4789
f 4614 4613 4788
f 4614 4788 4611
f 4611 4788 4436
f 4455 4454 4783
f 4783 4454 4791
f 4783 4791 4787
f 4787 4791 4792
f 4787 4792 4439
f 4439 4792 4443
f 4510 4509 4789
f 4789 4509 4793
f 4461 4789 4460
f 4794 4618 4792
f 4792 4618 4443
f 4795 4616 4617
f 4795 4617 4794
f 4794 4617 4618
f 4464 4795 4465
f 4465 4795 4794
f 4465 4794 4791
f 4465 4791 4454
f 4464 4796 4795
f 4795 4796 4615
f 4795 4615 4616
f 4496 4615 4797
f 4797 4615 4796
f 4797 4796 4464
f 4575 4577 4452
f 4575 4452 4798
f 4793 4576 4575
f 4793 4575 4798
f 4793 4798 4460
f 4509 4576 4793
f 4789 4793 4460
f 4797 4464 4799
f 4451 4450 4800
f 4800 4450 4449
f 4800 4449 4801
f 4801 4449 4445
f 4801 4445 4447
f 4798 4452 4802
f 4802 4452 4451
f 4802 4451 4800
f 4803 4800 4801
f 4803 4801 4447
f 4803 4447 4804
f 4804 4447 4448
f 4460 4798 4458
f 4458 4798 4802
f 4458 4802 4456
f 4456 4802 4800
f 4456 4800 4453
f 4453 4800 4803
f 4453 4803 4463
f 4463 4803 4804
f 4580 4497 4799
f 4579 4580 4799
f 4804 4579 4799
f 4804 4799 4463
f 4463 4799 4464
f 4448 4578 4579
f 4448 4579 4804
f 4805 4622 4806
f 4806 4622 4495
f 4807 4805 4806
f 4808 4620 4621
f 4808 4621 4805
f 4805 4621 4622
f 3783 4808 4805
f 3783 4805 4807
f 3783 4807 3784
f 3783 4809 4808
f 4808 4809 4619
f 4808 4619 4620
f 3791 4619 4810
f 4810 4619 4809
f 4810 4809 4811
f 4811 4809 3778
f 3778 4809 3783
f 3778 3776 4811
f 4811 3776 4812
f 4810 4813 3791
f 3791 4813 3790
f 4495 4494 4806
f 4814 4812 3786
f 3786 4812 3776
f 4598 3790 4813
f 4596 4595 4814
f 4597 4596 4815
f 4815 4596 3785
f 3785 4596 4814
f 3785 4814 3786
f 4507 4597 4816
f 4816 4597 4815
f 4816 4815 4817
f 4817 4815 3787
f 3787 4815 3785
f 4582 4581 4818
f 4818 4581 3772
f 4818 3772 4819
f 3782 3784 4818
f 4818 4819 3782
f 4494 4582 4806
f 4806 4582 4818
f 4806 4818 4807
f 4807 4818 3784
f 3787 3788 4817
f 4817 3788 4820
f 4817 4820 4816
f 4816 4820 4821
f 4816 4821 4507
f 4507 4821 4508
f 4822 3771 3773
f 4822 3773 4823
f 4823 3773 3774
f 4823 3774 4824
f 4824 3774 3767
f 4824 3767 3769
f 4819 3772 4825
f 4825 3772 3771
f 4825 3771 4822
f 4826 4824 3769
f 4826 3769 4827
f 4827 3769 3770
f 3782 4819 4825
f 3782 4825 3777
f 3777 4825 4822
f 3777 4822 3775
f 3775 4822 4823
f 3775 4823 3779
f 3779 4823 4824
f 3779 4824 3780
f 3780 4824 4826
f 3780 4826 3781
f 3781 4826 4827
f 4601 4602 4828
f 4828 4820 3789
f 3789 4820 3788
f 4828 4602 4508
f 4828 4508 4821
f 4828 4821 4820
f 3770 4601 4828
f 3770 4828 4827
f 4827 4828 3789
f 4827 3789 3781
f 4605 4606 4829
f 4829 4830 3820
f 3820 4830 3818
f 4829 4606 4502
f 4829 4502 4831
f 4829 4831 4830
f 3795 4605 4829
f 3795 4829 4832
f 4832 4829 3820
f 4832 3820 3812
f 4833 3803 3802
f 4833 3802 4834
f 4834 3802 3801
f 4834 3801 4835
f 4835 3801 3800
f 4835 3800 4836
f 4836 3800 3799
f 4836 3799 4837
f 4837 3799 3798
f 4837 3798 3796
f 4838 3804 4839
f 4839 3804 3803
f 4839 3803 4833
f 4832 4837 3796
f 4832 3796 3795
f 3810 4838 3811
f 3811 4838 4839
f 3811 4839 3809
f 3809 4839 4833
f 3809 4833 4834
f 3809 4834 3807
f 3807 4834 4835
f 3807 4835 3805
f 3805 4835 4836
f 3805 4836 4837
f 3805 4837 3812
f 3812 4837 4832
f 4840 3818 4830
f 4840 4830 4841
f 4841 4830 4831
f 4841 4831 4501
f 4501 4831 4502
f 4599 4600 3817
f 3817 4838 3810
f 3817 4600 3804
f 3817 3804 4838
f 4504 4599 4842
f 4842 4599 3817
f 4842 3817 4843
f 4843 3817 3816
f 4844 4590 3793
f 4845 3806 3819
f 4846 4845 4844
f 4844 4588 4590
f 4845 3819 4844
f 4844 3819 4847
f 4847 3819 4848
f 4846 4844 3793
f 4848 4587 4589
f 4848 4589 4847
f 4847 4589 4844
f 4844 4589 4588
f 4501 4587 4841
f 4841 4587 4848
f 4841 4848 4840
f 4840 4848 3818
f 3818 4848 3819
f 4505 4504 4849
f 4849 4504 4842
f 4849 4842 4850
f 4850 4842 4843
f 4850 4843 3815
f 3815 4843 3816
f 3808 3806 4851
f 4851 3806 4845
f 4851 4845 4852
f 4852 4845 4846
f 4852 4846 3792
f 3792 4846 3793
f 4853 4850 3814
f 3814 4850 3815
f 4594 4505 4849
f 4592 4594 4853
f 4853 4594 4849
f 4853 4849 4850
f 4593 4592 4853
f 4591 4593 4854
f 4854 4593 3813
f 3813 4593 4853
f 3813 4853 3814
f 3792 4591 4852
f 4852 4591 4854
f 4852 4854 4851
f 4851 4854 3808
f 3808 4854 3813
f 4500 4499 4855
f 4855 4499 4856
f 4855 4856 4857
f 3763 4857 3764
f 4604 4603 4858
f 4858 4603 3751
f 4858 3751 4859
f 4858 4859 3752
f 4856 4858 4857
f 4857 4858 3764
f 3764 4858 3752
f 4860 4586 4500
f 4855 4857 4860
f 4860 4583 4586
f 4857 3763 4860
f 4860 3763 3762
f 4860 3762 4861
f 3762 4862 4861
f 4855 4860 4500
f 4862 4585 4584
f 4862 4584 4861
f 4861 4584 4860
f 4860 4584 4583
f 4442 4585 4863
f 4863 4585 4862
f 4863 4862 4864
f 4864 4862 3762
f 4864 3762 3754
f 4865 3750 3749
f 4865 3749 4866
f 4866 3749 3748
f 4866 3748 4867
f 4867 3748 3744
f 4867 3744 3746
f 4859 3751 4868
f 4868 3751 3750
f 4868 3750 4865
f 4869 4867 3746
f 4869 3746 3747
f 3752 4859 3753
f 3753 4859 4868
f 3753 4868 3756
f 3756 4868 4865
f 3756 4865 4866
f 3756 4866 3758
f 3758 4866 4867
f 3758 4867 3760
f 3760 4867 4869
f 3754 3755 4864
f 4864 3755 4870
f 4864 4870 4863
f 4863 4870 4871
f 4863 4871 4442
f 4442 4871 3740
f 4573 4574 4872
f 4872 4873 3765
f 4874 4574 4511
f 4872 4574 4874
f 4872 4874 4873
f 3760 4872 3765
f 3747 4573 4872
f 3747 4872 4869
f 4869 4872 3760
f 4870 3755 4875
f 4875 3755 3757
f 4875 3757 4876
f 4876 3757 3759
f 4876 3759 4877
f 4877 3759 4878
f 4878 3759 3761
f 4871 4870 4879
f 4879 4870 4875
f 4879 4875 4880
f 4880 4875 4876
f 4880 4876 4881
f 4881 4876 4877
f 4881 4877 4878
f 3740 4871 3741
f 3741 4871 4879
f 3741 4879 3742
f 3742 4879 4880
f 3742 4880 3737
f 3737 4880 4881
f 3737 4881 3738
f 3738 4881 4878
f 4873 4874 4512
f 4512 4874 4511
f 3738 4878 4607
f 4609 4608 4607
f 3765 4882 3761
f 3761 4882 4878
f 3765 4873 4882
f 4882 4873 4609
f 4882 4609 4607
f 4882 4607 4878
f 4610 4609 4873
f 4610 4873 4512
f 4407 4883 4884
f 4884 4883 4885
f 4884 4885 4886
f 4884 4887 4888
f 4884 4888 4407
f 4407 4888 4408
f 4884 4886 4887
f 4889 4890 4887
f 4410 4408 4891
f 4891 4408 4888
f 4891 4888 4890
f 4890 4888 4887
f 4892 4410 4893
f 4893 4410 4891
f 4893 4891 4894
f 4894 4891 4890
f 4894 4890 4895
f 4895 4890 4889
f 4896 4897 4898
f 4896 4898 4899
f 4899 4898 4900
f 4894 4901 4893
f 4893 4901 4902
f 4893 4902 4892
f 4897 4903 4898
f 4903 4904 4898
f 4898 4904 4900
f 4403 3680 4404
f 4404 3680 3660
f 4404 3660 4405
f 4405 3660 3662
f 4905 3662 3657
f 4905 3657 4906
f 4906 3657 4907
f 4907 3657 3656
f 3680 4403 3678
f 3678 4403 4908
f 4908 3538 3651
f 4908 3651 3678
