v 0.039014991372823715 0.0311159398406744 -0.05743597820401192
v 0.039108991622924805 0.031092999503016472 -0.057550959289073944
v 0.03858797997236252 0.031124940142035484 -0.06199996918439865
v -0.047744978219270706 -0.04777996987104416 0.048090990632772446
v -0.035129960626363754 -0.04500395059585571 0.051952000707387924
v -0.04777698963880539 -0.033708978444337845 0.0448489710688591
v -0.047744978219270706 -0.04777996987104416 0.048090990632772446
v -0.06070594862103462 -0.04471695050597191 0.04035395011305809
v -0.05828499048948288 -0.04812496155500412 0.0415569506585598
v -0.07839798182249069 -0.044139981269836426 0.011117990128695965
v -0.07182598114013672 -0.04427497833967209 0.02745199017226696
v -0.07157999277114868 -0.03329896181821823 0.021524960175156593
v 0.036856938153505325 -0.04813997820019722 0.03674697130918503
v 0.04622095078229904 -0.048208948224782944 0.02395695075392723
v 0.04246199131011963 -0.044426970183849335 0.030713969841599464
v 0.04858595132827759 -0.044176988303661346 0.020022980868816376
v 0.05282396078109741 -0.04416494816541672 0.0002899999963119626
v 0.0491749607026577 -0.032148949801921844 0.004482984077185392
v 0.04246199131011963 -0.044426970183849335 0.030713969841599464
v 0.04622095078229904 -0.048208948224782944 0.02395695075392723
v 0.04858595132827759 -0.044176988303661346 0.020022980868816376
v -0.035129960626363754 -0.04500395059585571 0.051952000707387924
v -0.03331397846341133 -0.033776991069316864 0.048983991146087646
v -0.04777698963880539 -0.033708978444337845 0.0448489710688591
v -0.05828499048948288 -0.04812496155500412 0.0415569506585598
v -0.06070594862103462 -0.04471695050597191 0.04035395011305809
v -0.07135897129774094 -0.04800599068403244 0.027826959267258644
v 0.05174899101257324 -0.04809999093413353 0.006767988204956055
v 0.05282396078109741 -0.04416494816541672 0.0002899999963119626
v 0.04858595132827759 -0.044176988303661346 0.020022980868816376
v -0.07839798182249069 -0.044139981269836426 0.011117990128695965
v -0.0793219804763794 -0.0437079593539238 -0.00614398717880249
v -0.07873398065567017 -0.048277970403432846 -0.0055459728464484215
v -0.07796596735715866 -0.04814498871564865 0.010123959742486477
v -0.07839798182249069 -0.044139981269836426 0.011117990128695965
v -0.07873398065567017 -0.048277970403432846 -0.0055459728464484215
v 0.05174899101257324 -0.04809999093413353 0.006767988204956055
v 0.050908979028463364 -0.04828900098800659 -0.009955941699445248
v 0.05282396078109741 -0.04416494816541672 0.0002899999963119626
v -0.07182598114013672 -0.04427497833967209 0.02745199017226696
v -0.06070594862103462 -0.04471695050597191 0.04035395011305809
v -0.06124395132064819 -0.03355097025632858 0.035605959594249725
v 0.04330693930387497 -0.032573990523815155 0.02333395928144455
v 0.04858595132827759 -0.044176988303661346 0.020022980868816376
v 0.0491749607026577 -0.032148949801921844 0.004482984077185392
v 0.022347979247570038 -0.044914960861206055 0.04737997055053711
v 0.03008997067809105 -0.033083971589803696 0.03939998149871826
v 0.008986948989331722 -0.03364795073866844 0.048678990453481674
v 0.022347979247570038 -0.044914960861206055 0.04737997055053711
v 0.03347098082304001 -0.044600959867239 0.04050099104642868
v 0.03008997067809105 -0.033083971589803696 0.03939998149871826
v 0.04246199131011963 -0.044426970183849335 0.030713969841599464
v 0.04330693930387497 -0.032573990523815155 0.02333395928144455
v 0.03008997067809105 -0.033083971589803696 0.03939998149871826
v 0.03536396846175194 0.019887980073690414 -0.049842000007629395
v 0.045972999185323715 -0.0222239401191473 -0.05597895011305809
v 0.04081796854734421 0.030806949362158775 -0.05308597907423973
v 0.028920939192175865 -0.0420069582760334 -0.06199996918439865
v 0.02080499939620495 -0.046431951224803925 -0.062013980001211166
v 0.04044394940137863 -0.030786989256739616 -0.0620109997689724
v 0.03513097018003464 -0.036969948559999466 -0.06199996918439865
v 0.028920939192175865 -0.0420069582760334 -0.06199996918439865
v 0.04044394940137863 -0.030786989256739616 -0.0620109997689724
v 0.045173998922109604 -0.048572950065135956 -0.02461194060742855
v 0.03513097018003464 -0.036969948559999466 -0.06199996918439865
v 0.04044394940137863 -0.030786989256739616 -0.0620109997689724
v 0.050908979028463364 -0.04828900098800659 -0.009955941699445248
v 0.045173998922109604 -0.048572950065135956 -0.02461194060742855
v 0.04044394940137863 -0.030786989256739616 -0.0620109997689724
v 0.05282396078109741 -0.04416494816541672 0.0002899999963119626
v 0.050908979028463364 -0.04828900098800659 -0.009955941699445248
v 0.04044394940137863 -0.030786989256739616 -0.0620109997689724
v -0.047744978219270706 -0.04777996987104416 0.048090990632772446
v -0.04777698963880539 -0.033708978444337845 0.0448489710688591
v -0.06070594862103462 -0.04471695050597191 0.04035395011305809
v 0.0491749607026577 -0.032148949801921844 0.004482984077185392
v 0.05282396078109741 -0.04416494816541672 0.0002899999963119626
v 0.04044394940137863 -0.030786989256739616 -0.0620109997689724
v 0.04056297987699509 -0.03086894005537033 -0.053079959005117416
v 0.0491749607026577 -0.032148949801921844 0.004482984077185392
v 0.04044394940137863 -0.030786989256739616 -0.0620109997689724
v 0.037018001079559326 -0.030799979344010353 -0.05086100101470947
v -0.07135897129774094 -0.04800599068403244 0.027826959267258644
v -0.06927800178527832 -0.0504639707505703 0.011418989859521389
v -0.06493096798658371 -0.050275981426239014 0.022018959745764732
v 0.021839970722794533 -0.04831194132566452 0.04732400178909302
v 0.036856938153505325 -0.04813997820019722 0.03674697130918503
v 0.03347098082304001 -0.044600959867239 0.04050099104642868
v 0.022347979247570038 -0.044914960861206055 0.04737997055053711
v 0.021839970722794533 -0.04831194132566452 0.04732400178909302
v 0.03347098082304001 -0.044600959867239 0.04050099104642868
v 0.03347098082304001 -0.044600959867239 0.04050099104642868
v 0.036856938153505325 -0.04813997820019722 0.03674697130918503
v 0.04246199131011963 -0.044426970183849335 0.030713969841599464
v 0.021839970722794533 -0.04831194132566452 0.04732400178909302
v 0.022347979247570038 -0.044914960861206055 0.04737997055053711
v 0.00829994585365057 -0.047186970710754395 0.05192798003554344
v 0.036856938153505325 -0.04813997820019722 0.03674697130918503
v 0.021839970722794533 -0.04831194132566452 0.04732400178909302
v 0.027058949694037437 -0.05065596103668213 0.029228979721665382
v -0.06746499985456467 -0.0504639707505703 -0.016760999336838722
v -0.07491599768400192 -0.04842095822095871 -0.01994496025145054
v -0.06495100259780884 -0.05024898052215576 -0.022005969658493996
v 0.04622095078229904 -0.048208948224782944 0.02395695075392723
v 0.036856938153505325 -0.04813997820019722 0.03674697130918503
v 0.033127959817647934 -0.050893958657979965 0.021592969074845314
v -0.07873398065567017 -0.048277970403432846 -0.0055459728464484215
v -0.06927996128797531 -0.0504639707505703 -0.011411960236728191
v -0.06927800178527832 -0.0504639707505703 0.011418989859521389
v -0.07796596735715866 -0.04814498871564865 0.010123959742486477
v -0.07873398065567017 -0.048277970403432846 -0.0055459728464484215
v -0.06927800178527832 -0.0504639707505703 0.011418989859521389
v -0.05828499048948288 -0.04812496155500412 0.0415569506585598
v -0.04300998896360397 -0.0504639707505703 0.04071896895766258
v -0.047744978219270706 -0.04777996987104416 0.048090990632772446
v -0.06927800178527832 -0.0504639707505703 0.011418989859521389
v -0.05757296085357666 -0.0504639707505703 0.03131895884871483
v -0.05828499048948288 -0.04812496155500412 0.0415569506585598
v -0.07135897129774094 -0.04800599068403244 0.027826959267258644
v -0.05757296085357666 -0.0504639707505703 0.03131895884871483
v 0.05174899101257324 -0.04809999093413353 0.006767988204956055
v 0.04622095078229904 -0.048208948224782944 0.02395695075392723
v 0.03671497106552124 -0.05095595121383667 0.014687949791550636
v -0.03331397846341133 -0.033776991069316864 0.048983991146087646
v 0.03008997067809105 -0.033083971589803696 0.03939998149871826
v -0.04777698963880539 -0.033708978444337845 0.0448489710688591
v -0.07182598114013672 -0.04427497833967209 0.02745199017226696
v -0.06124395132064819 -0.03355097025632858 0.035605959594249725
v -0.07157999277114868 -0.03329896181821823 0.021524960175156593
v -0.07839798182249069 -0.044139981269836426 0.011117990128695965
v -0.07157999277114868 -0.03329896181821823 0.021524960175156593
v -0.0757889673113823 -0.03304897993803024 0.006966948043555021
v -0.06124395132064819 -0.03355097025632858 0.035605959594249725
v -0.06070594862103462 -0.04471695050597191 0.04035395011305809
v -0.04777698963880539 -0.033708978444337845 0.0448489710688591
v -0.0793219804763794 -0.0437079593539238 -0.00614398717880249
v -0.07839798182249069 -0.044139981269836426 0.011117990128695965
v -0.0757889673113823 -0.03304897993803024 0.006966948043555021
v -0.0761609598994255 -0.032859981060028076 -0.004730999004095793
v -0.0793219804763794 -0.0437079593539238 -0.00614398717880249
v -0.0757889673113823 -0.03304897993803024 0.006966948043555021
v -0.06248693913221359 -0.030860960483551025 -0.040359970182180405
v -0.05906999111175537 -0.030804989859461784 -0.0593329593539238
v -0.062375959008932114 -0.03086400032043457 -0.059986941516399384
v -0.07157999277114868 -0.03329896181821823 0.021524960175156593
v -0.06256598234176636 -0.03092700056731701 -0.038611941039562225
v -0.06285399198532104 -0.03092700056731701 -0.03890395164489746
v -0.053568001836538315 -0.030833950266242027 -0.03836296871304512
v -0.05588196963071823 -0.03079395927488804 -0.040812961757183075
v -0.06220399960875511 -0.030899999663233757 -0.039133958518505096
v -0.06260800361633301 -0.030897969380021095 -0.05904095992445946
v -0.062375959008932114 -0.03086400032043457 -0.059986941516399384
v -0.0761609598994255 -0.032859981060028076 -0.004730999004095793
v -0.0793219804763794 -0.0437079593539238 -0.00614398717880249
v -0.0761609598994255 -0.032859981060028076 -0.004730999004095793
v -0.062375959008932114 -0.03086400032043457 -0.059986941516399384
v -0.06495100259780884 -0.05024898052215576 -0.022005969658493996
v -0.0618169903755188 -0.05021797865629196 -0.026715990155935287
v -0.06746499985456467 -0.0504639707505703 -0.016760999336838722
v -0.07491599768400192 -0.04842095822095871 -0.01994496025145054
v -0.0793219804763794 -0.0437079593539238 -0.00614398717880249
v -0.062375959008932114 -0.03086400032043457 -0.059986941516399384
v -0.03361998870968819 -0.04802900180220604 0.051594968885183334
v -0.014351960271596909 -0.05279593914747238 0.043632980436086655
v 0.00829994585365057 -0.047186970710754395 0.05192798003554344
v 0.00829994585365057 -0.047186970710754395 0.05192798003554344
v -0.014351960271596909 -0.05279593914747238 0.043632980436086655
v 0.021839970722794533 -0.04831194132566452 0.04732400178909302
v -0.07135897129774094 -0.04800599068403244 0.027826959267258644
v -0.07839798182249069 -0.044139981269836426 0.011117990128695965
v -0.07796596735715866 -0.04814498871564865 0.010123959742486477
v -0.05792396888136864 -0.050275981426239014 -0.03109895996749401
v -0.0618169903755188 -0.05021797865629196 -0.026715990155935287
v -0.07491599768400192 -0.04842095822095871 -0.01994496025145054
v -0.05792396888136864 -0.050275981426239014 -0.03109895996749401
v -0.07491599768400192 -0.04842095822095871 -0.01994496025145054
v -0.053662948310375214 -0.0504639707505703 -0.03474795073270798
v -0.0618169903755188 -0.05021797865629196 -0.026715990155935287
v -0.05792396888136864 -0.050275981426239014 -0.03109895996749401
v -0.053662948310375214 -0.0504639707505703 -0.03474795073270798
v -0.06746499985456467 -0.0504639707505703 -0.016760999336838722
v -0.0618169903755188 -0.05021797865629196 -0.026715990155935287
v -0.053662948310375214 -0.0504639707505703 -0.03474795073270798
v 0.045173998922109604 -0.048572950065135956 -0.02461194060742855
v 0.030509939417243004 -0.050862960517406464 -0.02515696920454502
v 0.02486496977508068 -0.050886981189250946 -0.030711939558386803
v 0.05174899101257324 -0.04809999093413353 0.006767988204956055
v 0.03932499140501022 -0.05080496892333031 -0.007302999030798674
v 0.050908979028463364 -0.04828900098800659 -0.009955941699445248
v 0.011958000250160694 -0.030781980603933334 -0.03828798979520798
v 0.04330693930387497 -0.032573990523815155 0.02333395928144455
v 0.0491749607026577 -0.032148949801921844 0.004482984077185392
v 0.011958000250160694 -0.030781980603933334 -0.03828798979520798
v -0.03921794146299362 -0.03078800067305565 -0.04473996162414551
v -0.008409976027905941 -0.030874960124492645 -0.06199996918439865
v -0.062375959008932114 -0.03086400032043457 -0.059986941516399384
v -0.01091098040342331 -0.031191999092698097 -0.06199996918439865
v -0.05864197015762329 -0.03724997863173485 -0.06199996918439865
v -0.07491599768400192 -0.04842095822095871 -0.01994496025145054
v -0.05864197015762329 -0.03724997863173485 -0.06199996918439865
v -0.051636990159749985 -0.0458749495446682 -0.06199996918439865
v -0.0531499907374382 -0.0504639707505703 -0.03508995845913887
v -0.053662948310375214 -0.0504639707505703 -0.03474795073270798
v -0.049094971269369125 -0.046499960124492645 -0.06199996918439865
v 0.01832997053861618 -0.050770990550518036 -0.03504300117492676
v 0.02080499939620495 -0.046431951224803925 -0.062013980001211166
v 0.028920939192175865 -0.0420069582760334 -0.06199996918439865
v 0.03513097018003464 -0.036969948559999466 -0.06199996918439865
v 0.045173998922109604 -0.048572950065135956 -0.02461194060742855
v 0.008986948989331722 -0.03364795073866844 0.048678990453481674
v 0.03008997067809105 -0.033083971589803696 0.03939998149871826
v -0.03331397846341133 -0.033776991069316864 0.048983991146087646
v -0.0793219804763794 -0.0437079593539238 -0.00614398717880249
v -0.07491599768400192 -0.04842095822095871 -0.01994496025145054
v -0.07873398065567017 -0.048277970403432846 -0.0055459728464484215
v -0.07135897129774094 -0.04800599068403244 0.027826959267258644
v -0.06070594862103462 -0.04471695050597191 0.04035395011305809
v -0.07182598114013672 -0.04427497833967209 0.02745199017226696
v 0.035517990589141846 -0.030805999413132668 -0.050034988671541214
v 0.04044394940137863 -0.030786989256739616 -0.0620109997689724
v 0.011958000250160694 -0.030781980603933334 -0.03828798979520798
v 0.04044394940137863 -0.030786989256739616 -0.0620109997689724
v -0.05864197015762329 -0.03724997863173485 -0.06199996918439865
v -1.700000029813964e-05 -0.0319969616830349 -0.06200199946761131
v 0.03344899043440819 -0.031242959201335907 -0.062009990215301514
v 0.0023799529299139977 -0.09743297100067139 -0.03521095961332321
v -0.030544990673661232 -0.10022690147161484 -0.03254598006606102
v -0.0337439700961113 -0.09735094755887985 -0.03485000133514404
v -0.038941968232393265 -0.10491199791431427 0.008197963237762451
v -0.03324197977781296 -0.10345999896526337 0.020295970141887665
v -0.045975979417562485 -0.1008009985089302 0.02487999014556408
v -0.06949698179960251 -0.050459980964660645 0.012149980291724205
v -0.06938397139310837 -0.06422995775938034 -0.00010699999984353781
v -0.06667094677686691 -0.08048199862241745 -0.00014199998986441642
v -0.03595596179366112 -0.10421700030565262 -0.016277959570288658
v -0.0410039983689785 -0.10023590177297592 -0.029534989967942238
v -0.030544990673661232 -0.10022690147161484 -0.03254598006606102
v 0.009243965148925781 -0.10372500121593475 -0.018540969118475914
v 0.008588968776166439 -0.10014999657869339 -0.03188997134566307
v 0.02110694907605648 -0.1002419963479042 -0.024999970570206642
v 0.03317397087812424 -0.09737300127744675 0.012353950180113316
v 0.03634196147322655 -0.08321899175643921 0.01391695998609066
v 0.030927950516343117 -0.08277899026870728 0.02369599975645542
v -0.04726194962859154 -0.10360100120306015 -0.002933979034423828
v -0.05989997833967209 -0.10013099759817123 0.0021379590034484863
v -0.05785398930311203 -0.10005100071430206 -0.011321960017085075
v -0.03595596179366112 -0.10421700030565262 -0.016277959570288658
v -0.023726990446448326 -0.10549700260162354 -0.007836996577680111
v -0.038941968232393265 -0.10491199791431427 0.008197963237762451
v -0.060718949884176254 -0.0972219705581665 0.011134980246424675
v -0.05547397956252098 -0.10015799850225449 0.016094980761408806
v -0.055477969348430634 -0.0971829816699028 0.02113497070968151
v -0.05785398930311203 -0.10005100071430206 -0.011321960017085075
v -0.06239597871899605 -0.09745097160339355 -0.002953945891931653
v -0.058164000511169434 -0.09729497879743576 -0.016887959092855453
v -0.047463949769735336 -0.07414299249649048 -0.03541593998670578
v -0.03854994848370552 -0.07999098300933838 -0.037874989211559296
v -0.04481697082519531 -0.09750998020172119 -0.03047800064086914
v -0.045975979417562485 -0.1008009985089302 0.02487999014556408
v -0.03027397021651268 -0.10035999864339828 0.03235697001218796
v -0.04241596907377243 -0.09843599051237106 0.03127998113632202
v 0.034304969012737274 -0.09911096096038818 0.00402796221897006
v 0.03317397087812424 -0.09737300127744675 0.012353950180113316
v 0.02749698981642723 -0.10025700181722641 0.01805995963513851
v -0.045975979417562485 -0.1008009985089302 0.02487999014556408
v -0.05547397956252098 -0.10015799850225449 0.016094980761408806
v -0.038941968232393265 -0.10491199791431427 0.008197963237762451
v -0.03854994848370552 -0.07999098300933838 -0.037874989211559296
v -0.0337439700961113 -0.09735094755887985 -0.03485000133514404
v -0.04481697082519531 -0.09750998020172119 -0.03047800064086914
v -0.04958796128630638 -0.09842895716428757 0.026515960693359375
v -0.055477969348430634 -0.0971829816699028 0.02113497070968151
v -0.05547397956252098 -0.10015799850225449 0.016094980761408806
v 0.034304969012737274 -0.09911096096038818 0.00402796221897006
v 0.01903098076581955 -0.1038530021905899 -0.0038539760280400515
v 0.031073980033397675 -0.10017699748277664 -0.011058979667723179
v -0.06202596053481102 -0.062199950218200684 0.024123959243297577
v -0.06949698179960251 -0.050459980964660645 0.012149980291724205
v -0.06324195116758347 -0.08065497130155563 0.015807980671525
v 0.03263700008392334 -0.08298999071121216 -0.02153896912932396
v 0.021781979128718376 -0.09726499766111374 -0.02792399935424328
v 0.020583979785442352 -0.08261001110076904 -0.033259980380535126
v 0.0023799529299139977 -0.09743297100067139 -0.03521095961332321
v 0.006030975840985775 -0.08362197130918503 -0.03846894949674606
v 0.012144980020821095 -0.09745197743177414 -0.03325200080871582
v 0.031073980033397675 -0.10017699748277664 -0.011058979667723179
v 0.02110694907605648 -0.1002419963479042 -0.024999970570206642
v 0.02847795933485031 -0.0974309965968132 -0.02097295969724655
v 0.02749698981642723 -0.10025700181722641 0.01805995963513851
v 0.017331000417470932 -0.10021399706602097 0.02765798009932041
v 0.019559970125555992 -0.10321400314569473 0.010927969589829445
v 0.021453969180583954 -0.08375000208616257 0.03253895044326782
v 0.018570000305771828 -0.09760499000549316 0.030000979080796242
v 0.027929959818720818 -0.09730899333953857 0.0217889491468668
v -0.06324195116758347 -0.08065497130155563 0.015807980671525
v -0.060718949884176254 -0.0972219705581665 0.011134980246424675
v -0.055477969348430634 -0.0971829816699028 0.02113497070968151
v 0.018570000305771828 -0.09760499000549316 0.030000979080796242
v 0.021453969180583954 -0.08375000208616257 0.03253895044326782
v 0.006723999045789242 -0.09743695706129074 0.034811969846487045
v 0.020583979785442352 -0.08261001110076904 -0.033259980380535126
v 0.021781979128718376 -0.09726499766111374 -0.02792399935424328
v 0.012144980020821095 -0.09745197743177414 -0.03325200080871582
v 0.03882497176527977 -0.0830419585108757 0.0026919839438050985
v 0.034304969012737274 -0.09911096096038818 0.00402796221897006
v 0.03437095135450363 -0.09759396314620972 -0.00879895593971014
v -0.03324197977781296 -0.10345999896526337 0.020295970141887665
v -0.03027397021651268 -0.10035999864339828 0.03235697001218796
v -0.045975979417562485 -0.1008009985089302 0.02487999014556408
v 0.03317397087812424 -0.09737300127744675 0.012353950180113316
v 0.030927950516343117 -0.08277899026870728 0.02369599975645542
v 0.027929959818720818 -0.09730899333953857 0.0217889491468668
v -0.0452379509806633 -0.07422696799039841 0.03644096106290817
v -0.04241596907377243 -0.09843599051237106 0.03127998113632202
v -0.03322498872876167 -0.09689997881650925 0.03525495156645775
v -0.06239597871899605 -0.09745097160339355 -0.002953945891931653
v -0.06667094677686691 -0.08048199862241745 -0.00014199998986441642
v -0.06555896252393723 -0.07375197857618332 -0.013488939963281155
v -0.06938397139310837 -0.06422995775938034 -0.00010699999984353781
v -0.06882195919752121 -0.05048799142241478 -0.013843949884176254
v -0.06555896252393723 -0.07375197857618332 -0.013488939963281155
v -0.04100298136472702 -0.05049394816160202 -0.04182099923491478
v -0.029989000409841537 -0.07454097270965576 -0.04055798053741455
v -0.03854994848370552 -0.07999098300933838 -0.037874989211559296
v -0.047463949769735336 -0.07414299249649048 -0.03541593998670578
v -0.04100298136472702 -0.05049394816160202 -0.04182099923491478
v -0.03854994848370552 -0.07999098300933838 -0.037874989211559296
v 0.005568981170654297 -0.10377900302410126 0.018845969811081886
v 0.017331000417470932 -0.10021399706602097 0.02765798009932041
v 0.005909978877753019 -0.10051299631595612 0.031872980296611786
v 0.019559970125555992 -0.10321400314569473 0.010927969589829445
v 0.01903098076581955 -0.1038530021905899 -0.0038539760280400515
v 0.034304969012737274 -0.09911096096038818 0.00402796221897006
v 0.019559970125555992 -0.10321400314569473 0.010927969589829445
v 0.034304969012737274 -0.09911096096038818 0.00402796221897006
v 0.02749698981642723 -0.10025700181722641 0.01805995963513851
v 0.005568981170654297 -0.10377900302410126 0.018845969811081886
v 0.005727945826947689 -0.10559599846601486 -0.00027799999224953353
v 0.019559970125555992 -0.10321400314569473 0.010927969589829445
v -0.05104297026991844 -0.1001719981431961 -0.022398939356207848
v -0.04726194962859154 -0.10360100120306015 -0.002933979034423828
v -0.05785398930311203 -0.10005100071430206 -0.011321960017085075
v -0.038941968232393265 -0.10491199791431427 0.008197963237762451
v -0.05547397956252098 -0.10015799850225449 0.016094980761408806
v -0.05989997833967209 -0.10013099759817123 0.0021379590034484863
v 0.005727945826947689 -0.10559599846601486 -0.00027799999224953353
v 0.005568981170654297 -0.10377900302410126 0.018845969811081886
v -0.038941968232393265 -0.10491199791431427 0.008197963237762451
v -0.03595596179366112 -0.10421700030565262 -0.016277959570288658
v 0.009243965148925781 -0.10372500121593475 -0.018540969118475914
v -0.023726990446448326 -0.10549700260162354 -0.007836996577680111
v 0.008588968776166439 -0.10014999657869339 -0.03188997134566307
v 0.009243965148925781 -0.10372500121593475 -0.018540969118475914
v -0.03595596179366112 -0.10421700030565262 -0.016277959570288658
v -0.030544990673661232 -0.10022690147161484 -0.03254598006606102
v 0.008588968776166439 -0.10014999657869339 -0.03188997134566307
v -0.03595596179366112 -0.10421700030565262 -0.016277959570288658
v -0.05104297026991844 -0.1001719981431961 -0.022398939356207848
v -0.05785398930311203 -0.10005100071430206 -0.011321960017085075
v -0.058164000511169434 -0.09729497879743576 -0.016887959092855453
v -0.05989997833967209 -0.10013099759817123 0.0021379590034484863
v -0.06239597871899605 -0.09745097160339355 -0.002953945891931653
v -0.05785398930311203 -0.10005100071430206 -0.011321960017085075
v -0.060718949884176254 -0.0972219705581665 0.011134980246424675
v -0.05989997833967209 -0.10013099759817123 0.0021379590034484863
v -0.05547397956252098 -0.10015799850225449 0.016094980761408806
v -0.04241596907377243 -0.09843599051237106 0.03127998113632202
v -0.03027397021651268 -0.10035999864339828 0.03235697001218796
v -0.03322498872876167 -0.09689997881650925 0.03525495156645775
v 0.027929959818720818 -0.09730899333953857 0.0217889491468668
v 0.02749698981642723 -0.10025700181722641 0.01805995963513851
v 0.03317397087812424 -0.09737300127744675 0.012353950180113316
v 0.018570000305771828 -0.09760499000549316 0.030000979080796242
v 0.02749698981642723 -0.10025700181722641 0.01805995963513851
v 0.027929959818720818 -0.09730899333953857 0.0217889491468668
v 0.017331000417470932 -0.10021399706602097 0.02765798009932041
v 0.02749698981642723 -0.10025700181722641 0.01805995963513851
v 0.018570000305771828 -0.09760499000549316 0.030000979080796242
v 0.006030975840985775 -0.08362197130918503 -0.03846894949674606
v -0.022129949182271957 -0.05158096179366112 -0.044389959424734116
v 0.011379949748516083 -0.05387198179960251 -0.03937596082687378
v -0.022129949182271957 -0.05158096179366112 -0.044389959424734116
v 0.006030975840985775 -0.08362197130918503 -0.03846894949674606
v -0.029989000409841537 -0.07454097270965576 -0.04055798053741455
v 0.005909978877753019 -0.10051299631595612 0.031872980296611786
v 0.018570000305771828 -0.09760499000549316 0.030000979080796242
v 0.006723999045789242 -0.09743695706129074 0.034811969846487045
v 0.034533970057964325 -0.05343395099043846 -0.02219693921506405
v 0.030509939417243004 -0.050862960517406464 -0.02515696920454502
v 0.03508894890546799 -0.0508299395442009 -0.01912497915327549
v -0.05182600021362305 -0.09724795073270798 -0.02522294968366623
v -0.047463949769735336 -0.07414299249649048 -0.03541593998670578
v -0.04481697082519531 -0.09750998020172119 -0.03047800064086914
v 0.030927950516343117 -0.08277899026870728 0.02369599975645542
v 0.038679949939250946 -0.05370396003127098 0.01442794967442751
v 0.030158989131450653 -0.05348597839474678 0.02788596972823143
v 0.023577980697155 -0.05346899852156639 -0.033836960792541504
v 0.03882497176527977 -0.0830419585108757 0.0026919839438050985
v 0.038679949939250946 -0.05370396003127098 0.01442794967442751
v 0.03634196147322655 -0.08321899175643921 0.01391695998609066
v 0.03437095135450363 -0.09759396314620972 -0.00879895593971014
v 0.03263700008392334 -0.08298999071121216 -0.02153896912932396
v 0.0381469689309597 -0.0826759934425354 -0.008005975745618343
v 0.03317397087812424 -0.09737300127744675 0.012353950180113316
v 0.034304969012737274 -0.09911096096038818 0.00402796221897006
v 0.03634196147322655 -0.08321899175643921 0.01391695998609066
v -0.055477969348430634 -0.0971829816699028 0.02113497070968151
v -0.054410990327596664 -0.0762929916381836 0.02980094961822033
v -0.06324195116758347 -0.08065497130155563 0.015807980671525
v 0.03671497106552124 -0.05095595121383667 0.014687949791550636
v 0.038679949939250946 -0.05370396003127098 0.01442794967442751
v 0.03918600082397461 -0.05073999986052513 0.007434964179992676
v 0.04106198996305466 -0.05333596095442772 -0.0013939730124548078
v 0.03932499140501022 -0.05080496892333031 -0.007302999030798674
v 0.03918600082397461 -0.05073999986052513 0.007434964179992676
v 0.008588968776166439 -0.10014999657869339 -0.03188997134566307
v 0.021781979128718376 -0.09726499766111374 -0.02792399935424328
v 0.02110694907605648 -0.1002419963479042 -0.024999970570206642
v 0.034533970057964325 -0.05343395099043846 -0.02219693921506405
v 0.023577980697155 -0.05346899852156639 -0.033836960792541504
v 0.030509939417243004 -0.050862960517406464 -0.02515696920454502
v 0.023577980697155 -0.05346899852156639 -0.033836960792541504
v 0.02486496977508068 -0.050886981189250946 -0.030711939558386803
v 0.030509939417243004 -0.050862960517406464 -0.02515696920454502
v 0.023577980697155 -0.05346899852156639 -0.033836960792541504
v 0.01832997053861618 -0.050770990550518036 -0.03504300117492676
v 0.02486496977508068 -0.050886981189250946 -0.030711939558386803
v -0.05104297026991844 -0.1001719981431961 -0.022398939356207848
v -0.058164000511169434 -0.09729497879743576 -0.016887959092855453
v -0.05182600021362305 -0.09724795073270798 -0.02522294968366623
v -0.0452379509806633 -0.07422696799039841 0.03644096106290817
v -0.04300998896360397 -0.0504639707505703 0.04071896895766258
v -0.05594199150800705 -0.05047500133514404 0.0331609807908535
v -0.047463949769735336 -0.07414299249649048 -0.03541593998670578
v -0.054773978888988495 -0.0675339624285698 -0.03135097026824951
v -0.05360393971204758 -0.0504639707505703 -0.03480498865246773
v -0.054773978888988495 -0.0675339624285698 -0.03135097026824951
v -0.06160496920347214 -0.06851296871900558 -0.02363497018814087
v -0.05360393971204758 -0.0504639707505703 -0.03480498865246773
v -0.06160496920347214 -0.06851296871900558 -0.02363497018814087
v -0.06882195919752121 -0.05048799142241478 -0.013843949884176254
v -0.05360393971204758 -0.0504639707505703 -0.03480498865246773
v -0.06160496920347214 -0.06851296871900558 -0.02363497018814087
v -0.06555896252393723 -0.07375197857618332 -0.013488939963281155
v -0.06882195919752121 -0.05048799142241478 -0.013843949884176254
v -0.06938397139310837 -0.06422995775938034 -0.00010699999984353781
v -0.06949698179960251 -0.050459980964660645 0.012149980291724205
v -0.06882195919752121 -0.05048799142241478 -0.013843949884176254
v -0.06202596053481102 -0.062199950218200684 0.024123959243297577
v -0.05594199150800705 -0.05047500133514404 0.0331609807908535
v -0.06949698179960251 -0.050459980964660645 0.012149980291724205
v -0.06202596053481102 -0.062199950218200684 0.024123959243297577
v -0.054410990327596664 -0.0762929916381836 0.02980094961822033
v -0.05594199150800705 -0.05047500133514404 0.0331609807908535
v -0.054410990327596664 -0.0762929916381836 0.02980094961822033
v -0.0452379509806633 -0.07422696799039841 0.03644096106290817
v -0.05594199150800705 -0.05047500133514404 0.0331609807908535
v 0.01903098076581955 -0.1038530021905899 -0.0038539760280400515
v 0.009243965148925781 -0.10372500121593475 -0.018540969118475914
v 0.031073980033397675 -0.10017699748277664 -0.011058979667723179
v 0.030927950516343117 -0.08277899026870728 0.02369599975645542
v 0.030158989131450653 -0.05348597839474678 0.02788596972823143
v 0.021453969180583954 -0.08375000208616257 0.03253895044326782
v 0.03263700008392334 -0.08298999071121216 -0.02153896912932396
v 0.03437095135450363 -0.09759396314620972 -0.00879895593971014
v 0.02847795933485031 -0.0974309965968132 -0.02097295969724655
v 0.03634196147322655 -0.08321899175643921 0.01391695998609066
v 0.038679949939250946 -0.05370396003127098 0.01442794967442751
v 0.030927950516343117 -0.08277899026870728 0.02369599975645542
v -0.03322498872876167 -0.09689997881650925 0.03525495156645775
v -0.034263961017131805 -0.06896299123764038 0.04116100072860718
v -0.0452379509806633 -0.07422696799039841 0.03644096106290817
v 0.023577980697155 -0.05346899852156639 -0.033836960792541504
v 0.03263700008392334 -0.08298999071121216 -0.02153896912932396
v 0.020583979785442352 -0.08261001110076904 -0.033259980380535126
v -0.038941968232393265 -0.10491199791431427 0.008197963237762451
v -0.05989997833967209 -0.10013099759817123 0.0021379590034484863
v -0.04726194962859154 -0.10360100120306015 -0.002933979034423828
v 0.031073980033397675 -0.10017699748277664 -0.011058979667723179
v 0.009243965148925781 -0.10372500121593475 -0.018540969118475914
v 0.02110694907605648 -0.1002419963479042 -0.024999970570206642
v 0.031073980033397675 -0.10017699748277664 -0.011058979667723179
v 0.02847795933485031 -0.0974309965968132 -0.02097295969724655
v 0.03437095135450363 -0.09759396314620972 -0.00879895593971014
v 0.021453969180583954 -0.08375000208616257 0.03253895044326782
v 0.016838960349559784 -0.05397795885801315 0.037790000438690186
v 0.007041989825665951 -0.08405797928571701 0.03821295127272606
v 0.03913598880171776 -0.053704969584941864 -0.01236896961927414
v 0.0381469689309597 -0.0826759934425354 -0.008005975745618343
v 0.03263700008392334 -0.08298999071121216 -0.02153896912932396
v 0.03263700008392334 -0.08298999071121216 -0.02153896912932396
v 0.02847795933485031 -0.0974309965968132 -0.02097295969724655
v 0.021781979128718376 -0.09726499766111374 -0.02792399935424328
v -0.055477969348430634 -0.0971829816699028 0.02113497070968151
v -0.04958796128630638 -0.09842895716428757 0.026515960693359375
v -0.054410990327596664 -0.0762929916381836 0.02980094961822033
v -0.04958796128630638 -0.09842895716428757 0.026515960693359375
v -0.04241596907377243 -0.09843599051237106 0.03127998113632202
v -0.054410990327596664 -0.0762929916381836 0.02980094961822033
v -0.05182600021362305 -0.09724795073270798 -0.02522294968366623
v -0.06160496920347214 -0.06851296871900558 -0.02363497018814087
v -0.054773978888988495 -0.0675339624285698 -0.03135097026824951
v 0.030158989131450653 -0.05348597839474678 0.02788596972823143
v 0.033127959817647934 -0.050893958657979965 0.021592969074845314
v 0.027058949694037437 -0.05065596103668213 0.029228979721665382
v 0.030158989131450653 -0.05348597839474678 0.02788596972823143
v 0.038679949939250946 -0.05370396003127098 0.01442794967442751
v 0.033127959817647934 -0.050893958657979965 0.021592969074845314
v 0.038679949939250946 -0.05370396003127098 0.01442794967442751
v 0.03671497106552124 -0.05095595121383667 0.014687949791550636
v 0.033127959817647934 -0.050893958657979965 0.021592969074845314
v 0.03437095135450363 -0.09759396314620972 -0.00879895593971014
v 0.034304969012737274 -0.09911096096038818 0.00402796221897006
v 0.031073980033397675 -0.10017699748277664 -0.011058979667723179
v 0.03913598880171776 -0.053704969584941864 -0.01236896961927414
v 0.03263700008392334 -0.08298999071121216 -0.02153896912932396
v 0.034533970057964325 -0.05343395099043846 -0.02219693921506405
v -0.05104297026991844 -0.1001719981431961 -0.022398939356207848
v -0.05182600021362305 -0.09724795073270798 -0.02522294968366623
v -0.04481697082519531 -0.09750998020172119 -0.03047800064086914
v 0.03263700008392334 -0.08298999071121216 -0.02153896912932396
v 0.023577980697155 -0.05346899852156639 -0.033836960792541504
v 0.034533970057964325 -0.05343395099043846 -0.02219693921506405
v 0.020583979785442352 -0.08261001110076904 -0.033259980380535126
v 0.012144980020821095 -0.09745197743177414 -0.03325200080871582
v 0.006030975840985775 -0.08362197130918503 -0.03846894949674606
v -0.014351960271596909 -0.05279593914747238 0.043632980436086655
v -0.01619195006787777 -0.053352948278188705 0.04350696876645088
v -0.034263961017131805 -0.06896299123764038 0.04116100072860718
v 0.014235969632863998 -0.050908979028463364 0.03703397139906883
v -0.014351960271596909 -0.05279593914747238 0.043632980436086655
v 0.016838960349559784 -0.05397795885801315 0.037790000438690186
v 0.027058949694037437 -0.05065596103668213 0.029228979721665382
v 0.014235969632863998 -0.050908979028463364 0.03703397139906883
v 0.020583979785442352 -0.08261001110076904 -0.033259980380535126
v 0.011379949748516083 -0.05387198179960251 -0.03937596082687378
v 0.023577980697155 -0.05346899852156639 -0.033836960792541504
v -0.04481697082519531 -0.09750998020172119 -0.03047800064086914
v -0.0410039983689785 -0.10023590177297592 -0.029534989967942238
v -0.05104297026991844 -0.1001719981431961 -0.022398939356207848
v -0.05104297026991844 -0.1001719981431961 -0.022398939356207848
v -0.0410039983689785 -0.10023590177297592 -0.029534989967942238
v -0.03595596179366112 -0.10421700030565262 -0.016277959570288658
v 0.017331000417470932 -0.10021399706602097 0.02765798009932041
v 0.005568981170654297 -0.10377900302410126 0.018845969811081886
v 0.019559970125555992 -0.10321400314569473 0.010927969589829445
v 0.016838960349559784 -0.05397795885801315 0.037790000438690186
v 0.030158989131450653 -0.05348597839474678 0.02788596972823143
v 0.027058949694037437 -0.05065596103668213 0.029228979721665382
v 0.04106198996305466 -0.05333596095442772 -0.0013939730124548078
v 0.038679949939250946 -0.05370396003127098 0.01442794967442751
v 0.03882497176527977 -0.0830419585108757 0.0026919839438050985
v 0.0381469689309597 -0.0826759934425354 -0.008005975745618343
v 0.03913598880171776 -0.053704969584941864 -0.01236896961927414
v 0.04106198996305466 -0.05333596095442772 -0.0013939730124548078
v -0.03481698036193848 -0.05078399181365967 0.043275948613882065
v -0.04300998896360397 -0.0504639707505703 0.04071896895766258
v -0.034263961017131805 -0.06896299123764038 0.04116100072860718
v -0.04726194962859154 -0.10360100120306015 -0.002933979034423828
v -0.03595596179366112 -0.10421700030565262 -0.016277959570288658
v -0.038941968232393265 -0.10491199791431427 0.008197963237762451
v -0.03027397021651268 -0.10035999864339828 0.03235697001218796
v 0.006723999045789242 -0.09743695706129074 0.034811969846487045
v -0.03322498872876167 -0.09689997881650925 0.03525495156645775
v 0.005727945826947689 -0.10559599846601486 -0.00027799999224953353
v 0.01903098076581955 -0.1038530021905899 -0.0038539760280400515
v 0.019559970125555992 -0.10321400314569473 0.010927969589829445
v -0.03595596179366112 -0.10421700030565262 -0.016277959570288658
v -0.04726194962859154 -0.10360100120306015 -0.002933979034423828
v -0.05104297026991844 -0.1001719981431961 -0.022398939356207848
v -0.03324197977781296 -0.10345999896526337 0.020295970141887665
v 0.005909978877753019 -0.10051299631595612 0.031872980296611786
v -0.03027397021651268 -0.10035999864339828 0.03235697001218796
v -0.038941968232393265 -0.10491199791431427 0.008197963237762451
v 0.005568981170654297 -0.10377900302410126 0.018845969811081886
v -0.03324197977781296 -0.10345999896526337 0.020295970141887665
v -0.034263961017131805 -0.06896299123764038 0.04116100072860718
v -0.058164000511169434 -0.09729497879743576 -0.016887959092855453
v -0.06555896252393723 -0.07375197857618332 -0.013488939963281155
v -0.06160496920347214 -0.06851296871900558 -0.02363497018814087
v -0.034263961017131805 -0.06896299123764038 0.04116100072860718
v -0.03322498872876167 -0.09689997881650925 0.03525495156645775
v 0.007041989825665951 -0.08405797928571701 0.03821295127272606
v -0.0410039983689785 -0.10023590177297592 -0.029534989967942238
v -0.04481697082519531 -0.09750998020172119 -0.03047800064086914
v -0.0337439700961113 -0.09735094755887985 -0.03485000133514404
v 0.006030975840985775 -0.08362197130918503 -0.03846894949674606
v 0.011379949748516083 -0.05387198179960251 -0.03937596082687378
v 0.020583979785442352 -0.08261001110076904 -0.033259980380535126
v 0.03508894890546799 -0.0508299395442009 -0.01912497915327549
v 0.03932499140501022 -0.05080496892333031 -0.007302999030798674
v 0.03913598880171776 -0.053704969584941864 -0.01236896961927414
v 0.045461948961019516 -0.005916953086853027 -0.1069990023970604
v 0.04317998141050339 0.015577970072627068 -0.10700000077486038
v 0.04571598023176193 0.0010939829517155886 -0.09784597158432007
v -0.014142990112304688 -0.04357897862792015 -0.10699590295553207
v 0.0011259909952059388 -0.045540980994701385 -0.10699590295553207
v -0.010982990264892578 -0.04442596063017845 -0.07800596207380295
v 0.0011259909952059388 -0.045540980994701385 -0.10699590295553207
v 0.003396986983716488 -0.04538093879818916 -0.07800096273422241
v -0.010982990264892578 -0.04442596063017845 -0.07800596207380295
v -0.040745969861745834 -0.02090298943221569 -0.10699500143527985
v -0.04487299174070358 -0.009008944034576416 -0.07799898833036423
v -0.04577295854687691 -0.0019109840504825115 -0.10699590295553207
v -0.030763980001211166 0.03391795977950096 -0.10699699819087982
v -0.03858494013547897 0.02413593977689743 -0.07800000160932541
v -0.028409000486135483 0.035891950130462646 -0.07799898833036423
v -0.042277991771698 0.017620980739593506 -0.10699699819087982
v -0.04443395137786865 0.010999970138072968 -0.07799594849348068
v -0.03858494013547897 0.02413593977689743 -0.07800000160932541
v -0.04487299174070358 -0.009008944034576416 -0.07799898833036423
v -0.04443395137786865 0.010999970138072968 -0.07799594849348068
v -0.029799990355968475 -0.0346219502389431 -0.1069990023970604
v -0.029523959383368492 -0.03507297858595848 -0.07800798863172531
v -0.040745969861745834 -0.02090298943221569 -0.10699500143527985
v -0.03895895928144455 -0.023523980751633644 -0.07800000160932541
v -0.04487299174070358 -0.009008944034576416 -0.07799898833036423
v 0.028577979654073715 -0.03545397147536278 -0.10699590295553207
v 0.03854994848370552 -0.02474397048354149 -0.1069990023970604
v 0.03455799072980881 -0.030004970729351044 -0.07800298184156418
v 0.03854994848370552 -0.02474397048354149 -0.1069990023970604
v 0.04363398998975754 -0.013536980375647545 -0.07799296826124191
v 0.03455799072980881 -0.030004970729351044 -0.07800298184156418
v 0.03854994848370552 -0.02474397048354149 -0.1069990023970604
v 0.045461948961019516 -0.005916953086853027 -0.1069990023970604
v 0.04363398998975754 -0.013536980375647545 -0.07799296826124191
v 0.00953596830368042 0.044770948588848114 -0.07797794789075851
v 0.015798980370163918 0.04298698157072067 -0.10700000077486038
v 0.001347959041595459 0.045524951070547104 -0.10699590295553207
v 0.015798980370163918 0.04298698157072067 -0.10700000077486038
v 0.0322379395365715 0.032509978860616684 -0.10699699819087982
v 0.04317998141050339 0.015577970072627068 -0.10700000077486038
v 0.015798980370163918 0.04298698157072067 -0.10700000077486038
v 0.04317998141050339 0.015577970072627068 -0.10700000077486038
v 0.045461948961019516 -0.005916953086853027 -0.1069990023970604
v 0.015798980370163918 0.04298698157072067 -0.10700000077486038
v 0.045461948961019516 -0.005916953086853027 -0.1069990023970604
v 0.03854994848370552 -0.02474397048354149 -0.1069990023970604
v 0.015798980370163918 0.04298698157072067 -0.10700000077486038
v 0.03854994848370552 -0.02474397048354149 -0.1069990023970604
v 0.028577979654073715 -0.03545397147536278 -0.10699590295553207
v 0.015798980370163918 0.04298698157072067 -0.10700000077486038
v 0.028577979654073715 -0.03545397147536278 -0.10699590295553207
v 0.015587979927659035 -0.04307198151946068 -0.10699799656867981
v 0.015798980370163918 0.04298698157072067 -0.10700000077486038
v 0.015587979927659035 -0.04307198151946068 -0.10699799656867981
v 0.0011259909952059388 -0.045540980994701385 -0.10699590295553207
v 0.015798980370163918 0.04298698157072067 -0.10700000077486038
v 0.0011259909952059388 -0.045540980994701385 -0.10699590295553207
v -0.014142990112304688 -0.04357897862792015 -0.10699590295553207
v 0.015798980370163918 0.04298698157072067 -0.10700000077486038
v -0.014142990112304688 -0.04357897862792015 -0.10699590295553207
v -0.030763980001211166 0.03391795977950096 -0.10699699819087982
v -0.013827970251441002 0.04367195814847946 -0.10699799656867981
v 0.015798980370163918 0.04298698157072067 -0.10700000077486038
v -0.013827970251441002 0.04367195814847946 -0.10699799656867981
v 0.001347959041595459 0.045524951070547104 -0.10699590295553207
v 0.001347959041595459 0.045524951070547104 -0.10699590295553207
v -0.01042896043509245 0.04457293823361397 -0.07800298184156418
v 0.00953596830368042 0.044770948588848114 -0.07797794789075851
v -0.01042896043509245 0.04457293823361397 -0.07800298184156418
v 0.001347959041595459 0.045524951070547104 -0.10699590295553207
v -0.013827970251441002 0.04367195814847946 -0.10699799656867981
v -0.01042896043509245 0.04457293823361397 -0.07800298184156418
v -0.003445982001721859 0.02902298979461193 -0.07750397175550461
v 0.008052945137023926 0.02801698073744774 -0.0773189589381218
v 0.04363398998975754 -0.013536980375647545 -0.07799296826124191
v 0.03700697049498558 0.010771979577839375 -0.07755398005247116
v 0.0369829498231411 -0.017926989123225212 -0.07747899740934372
v -0.01980799064040184 -0.0214039608836174 -0.07751195877790451
v -0.02610497921705246 -0.012969969771802425 -0.07751195877790451
v -0.03895895928144455 -0.023523980751633644 -0.07800000160932541
v 0.018527980893850327 -0.041854970157146454 -0.07800096273422241
v 0.0369829498231411 -0.017926989123225212 -0.07747899740934372
v 0.003396986983716488 -0.04538093879818916 -0.07800096273422241
v 0.03455799072980881 -0.030004970729351044 -0.07800298184156418
v 0.0369829498231411 -0.017926989123225212 -0.07747899740934372
v 0.018527980893850327 -0.041854970157146454 -0.07800096273422241
v 0.015587979927659035 -0.04307198151946068 -0.10699799656867981
v 0.028577979654073715 -0.03545397147536278 -0.10699590295553207
v 0.018527980893850327 -0.041854970157146454 -0.07800096273422241
v 0.028577979654073715 -0.03545397147536278 -0.10699590295553207
v 0.03455799072980881 -0.030004970729351044 -0.07800298184156418
v 0.018527980893850327 -0.041854970157146454 -0.07800096273422241
v 0.04075795039534569 0.020888980478048325 -0.07798498123884201
v 0.03700000047683716 0.012894979678094387 -0.07756400108337402
v 0.04571598023176193 0.0010939829517155886 -0.09784597158432007
v 0.04363398998975754 -0.013536980375647545 -0.07799296826124191
v 0.045461948961019516 -0.005916953086853027 -0.1069990023970604
v 0.04571598023176193 0.0010939829517155886 -0.09784597158432007
v 0.04317998141050339 0.015577970072627068 -0.10700000077486038
v 0.04075795039534569 0.020888980478048325 -0.07798498123884201
v 0.0322379395365715 0.032509978860616684 -0.10699699819087982
v 0.027676990255713463 0.03645997866988182 -0.07800494879484177
v 0.04075795039534569 0.020888980478048325 -0.07798498123884201
v 0.04075795039534569 0.020888980478048325 -0.07798498123884201
v 0.015798980370163918 0.04298698157072067 -0.10700000077486038
v 0.00953596830368042 0.044770948588848114 -0.07797794789075851
v 0.027676990255713463 0.03645997866988182 -0.07800494879484177
v -0.013827970251441002 0.04367195814847946 -0.10699799656867981
v -0.028409000486135483 0.035891950130462646 -0.07799898833036423
v -0.01042896043509245 0.04457293823361397 -0.07800298184156418
v 0.027676990255713463 0.03645997866988182 -0.07800494879484177
v -0.028409000486135483 0.035891950130462646 -0.07799898833036423
v -0.040745969861745834 -0.02090298943221569 -0.10699500143527985
v -0.029523959383368492 -0.03507297858595848 -0.07800798863172531
v -0.03895895928144455 -0.023523980751633644 -0.07800000160932541
v 0.0011259909952059388 -0.045540980994701385 -0.10699590295553207
v 0.015587979927659035 -0.04307198151946068 -0.10699799656867981
v 0.003396986983716488 -0.04538093879818916 -0.07800096273422241
v 0.015587979927659035 -0.04307198151946068 -0.10699799656867981
v 0.018527980893850327 -0.041854970157146454 -0.07800096273422241
v 0.003396986983716488 -0.04538093879818916 -0.07800096273422241
v -0.029799990355968475 -0.0346219502389431 -0.1069990023970604
v -0.014142990112304688 -0.04357897862792015 -0.10699590295553207
v -0.029523959383368492 -0.03507297858595848 -0.07800798863172531
v -0.029523959383368492 -0.03507297858595848 -0.07800798863172531
v -0.014142990112304688 -0.04357897862792015 -0.10699590295553207
v -0.010982990264892578 -0.04442596063017845 -0.07800596207380295
v 0.045972999185323715 -0.0222239401191473 -0.05597895011305809
v 0.040565960109233856 -0.03072994016110897 -0.062011949717998505
v 0.049026958644390106 -0.015340980142354965 -0.06191693991422653
v -0.0527869388461113 -0.03045796975493431 -0.037994980812072754
v 0.011958000250160694 -0.030781980603933334 -0.03828798979520798
v 0.013159990310668945 -0.030306989327073097 -0.03791695088148117
v 0.040314968675374985 -0.03103899024426937 -0.05289195850491524
v 0.045972999185323715 -0.0222239401191473 -0.05597895011305809
v 0.04044795036315918 -0.030697999522089958 -0.05279796943068504
v -0.05304497107863426 -0.0261529590934515 -0.03734295815229416
v -0.0527869388461113 -0.03045796975493431 -0.037994980812072754
v 0.013159990310668945 -0.030306989327073097 -0.03791695088148117
v 0.012462969869375229 0.018655000254511833 -0.03681600093841553
v 0.013047990389168262 0.030337980017066002 -0.03784298151731491
v 0.011334000155329704 0.017823990434408188 -0.03643596172332764
v 0.011958000250160694 -0.030781980603933334 -0.03828798979520798
v 0.01397699024528265 -0.030760999768972397 -0.03845899924635887
v 0.013159990310668945 -0.030306989327073097 -0.03791695088148117
v 0.013047990389168262 0.030337980017066002 -0.03784298151731491
v 0.009108959697186947 0.03093194030225277 -0.03829300031065941
v 0.0036519758868962526 0.0309329591691494 -0.03805296868085861
v 0.013047990389168262 0.030337980017066002 -0.03784298151731491
v 0.010819969698786736 0.03093194030225277 -0.03846894949674606
v 0.009108959697186947 0.03093194030225277 -0.03829300031065941
v 0.013965959660708904 0.03076796978712082 -0.03846697881817818
v 0.01632899045944214 0.03093099035322666 -0.03992294892668724
v 0.010819969698786736 0.03093194030225277 -0.03846894949674606
v 0.017232000827789307 0.0308869406580925 -0.03993897885084152
v 0.021646970883011818 0.030920980498194695 -0.0424419604241848
v 0.028599970042705536 0.03099697083234787 -0.046462949365377426
v 0.03786097839474678 0.031638968735933304 -0.061592988669872284
v -0.0628509521484375 0.03462100028991699 -0.03816895931959152
v 0.028599970042705536 0.03099697083234787 -0.046462949365377426
v 0.030474960803985596 0.030919959768652916 -0.04731094092130661
v 0.03786097839474678 0.031638968735933304 -0.061592988669872284
v 0.03306597098708153 0.030936000868678093 -0.0488010011613369
v 0.030474960803985596 0.030919959768652916 -0.04731094092130661
v 0.04081796854734421 0.030806949362158775 -0.05308597907423973
v 0.03926699981093407 0.03109394945204258 -0.05434494838118553
v 0.03930097073316574 0.031077979132533073 -0.05409996956586838
v 0.033923979848623276 0.017088940367102623 -0.06627898663282394
v 0.03858797997236252 0.031124940142035484 -0.06199996918439865
v 0.04056799039244652 0.030731970444321632 -0.062011949717998505
v -0.07897894829511642 0.012242970056831837 -0.03901100158691406
v -0.07899600267410278 0.012189979664981365 -0.062000978738069534
v -0.07893996685743332 -0.026732979342341423 -0.039014991372823715
v -0.0507199689745903 0.029024949297308922 -0.03627394884824753
v -0.053331971168518066 0.030940940603613853 -0.03688395023345947
v -0.05862896889448166 0.030940940603613853 -0.03691798076033592
v -0.04312098026275635 0.030938979238271713 -0.03699897974729538
v 0.013047990389168262 0.030337980017066002 -0.03784298151731491
v -0.008661985397338867 0.03093397058546543 -0.037756968289613724
v 0.013047990389168262 0.030337980017066002 -0.03784298151731491
v 0.017232000827789307 0.0308869406580925 -0.03993897885084152
v 0.013965959660708904 0.03076796978712082 -0.03846697881817818
v 0.013047990389168262 0.030337980017066002 -0.03784298151731491
v 0.012462969869375229 0.018655000254511833 -0.03681600093841553
v 0.017232000827789307 0.0308869406580925 -0.03993897885084152
v 0.012462969869375229 0.018655000254511833 -0.03681600093841553
v 0.024347959086298943 0.030916979536414146 -0.043930940330028534
v 0.017232000827789307 0.0308869406580925 -0.03993897885084152
v 0.024347959086298943 0.030916979536414146 -0.043930940330028534
v 0.028599970042705536 0.03099697083234787 -0.046462949365377426
v 0.024347959086298943 0.030916979536414146 -0.043930940330028534
v 0.030474960803985596 0.030919959768652916 -0.04731094092130661
v 0.012160000391304493 -0.018158970400691032 -0.03675299137830734
v 0.011334000155329704 0.017823990434408188 -0.03643596172332764
v 0.0102499695494771 -0.013659000396728516 -0.03584599122405052
v -0.0789179801940918 -0.02650398015975952 -0.06200294941663742
v -0.07893996685743332 -0.026732979342341423 -0.039014991372823715
v -0.07899600267410278 0.012189979664981365 -0.062000978738069534
v -0.07893996685743332 -0.026732979342341423 -0.039014991372823715
v -0.06867796182632446 -0.010714939795434475 -0.035633981227874756
v -0.07897894829511642 0.012242970056831837 -0.03901100158691406
v -0.06867796182632446 -0.010714939795434475 -0.035633981227874756
v -0.06865494698286057 0.010728949680924416 -0.03563594073057175
v -0.07897894829511642 0.012242970056831837 -0.03901100158691406
v -0.04722195118665695 0.010931960307061672 -0.03500396013259888
v -0.05248694866895676 0.011920980177819729 -0.03506797179579735
v 0.003025949001312256 1.9999999949504854e-06 -0.03475099056959152
v 0.0033939480781555176 0.011410949751734734 -0.035373978316783905
v 0.007789968978613615 0.011426979675889015 -0.035602979362010956
v 0.006760953925549984 0.011426979675889015 -0.03552298992872238
v -0.06606996059417725 -0.021927950903773308 -0.03664695844054222
v 0.013159990310668945 -0.030306989327073097 -0.03791695088148117
v 0.0102499695494771 -0.013659000396728516 -0.03584599122405052
v 0.0102499695494771 -0.013659000396728516 -0.03584599122405052
v 0.011334000155329704 0.017823990434408188 -0.03643596172332764
v 0.009843944571912289 0.01611899957060814 -0.03604096174240112
v -0.05304497107863426 -0.0261529590934515 -0.03734295815229416
v -0.06606996059417725 -0.021927950903773308 -0.03664695844054222
v -0.0527869388461113 -0.03045796975493431 -0.037994980812072754
v 0.00916594173759222 0.014113959856331348 -0.035901959985494614
v -0.002168952953070402 0.024280959740281105 -0.036104969680309296
v 0.013047990389168262 0.030337980017066002 -0.03784298151731491
v -0.0062909722328186035 0.02703499048948288 -0.036125000566244125
v 0.009843944571912289 0.01611899957060814 -0.03604096174240112
v 0.011334000155329704 0.017823990434408188 -0.03643596172332764
v 0.013047990389168262 0.030337980017066002 -0.03784298151731491
v 0.017206959426403046 -0.030833950266242027 -0.039923958480358124
v 0.04044795036315918 -0.030697999522089958 -0.05279796943068504
v 0.045972999185323715 -0.0222239401191473 -0.05597895011305809
v 0.02486198954284191 -0.019369950518012047 -0.04379497841000557
v 0.02485995925962925 0.019339969381690025 -0.04379897937178612
v 0.035111960023641586 0.03080998919904232 -0.04977500066161156
v 0.012462969869375229 0.018655000254511833 -0.03681600093841553
v 0.03536396846175194 0.019887980073690414 -0.049842000007629395
v 0.02485995925962925 0.019339969381690025 -0.04379897937178612
v 0.02486198954284191 -0.019369950518012047 -0.04379497841000557
v 0.040430959314107895 0.030672959983348846 -0.05278199166059494
v 0.04081796854734421 0.030806949362158775 -0.05308597907423973
v 0.035111960023641586 0.03080998919904232 -0.04977500066161156
v 0.040430959314107895 0.030672959983348846 -0.05278199166059494
v 0.02485995925962925 0.019339969381690025 -0.04379897937178612
v 0.04081796854734421 0.030806949362158775 -0.05308597907423973
v 0.04695599898695946 0.01979595050215721 -0.05676596984267235
v 0.047129981219768524 0.019619999453425407 -0.06195294111967087
v 0.04081796854734421 0.030806949362158775 -0.05308597907423973
v 0.040565960109233856 -0.03072994016110897 -0.062011949717998505
v 0.045972999185323715 -0.0222239401191473 -0.05597895011305809
v 0.040314968675374985 -0.03103899024426937 -0.05289195850491524
v 0.049026958644390106 -0.015340980142354965 -0.06191693991422653
v 0.036868978291749954 -0.018087979406118393 -0.06532198190689087
v 0.05134999006986618 0.002586960094049573 -0.061869971454143524
v 0.040565960109233856 -0.03072994016110897 -0.062011949717998505
v 0.040314968675374985 -0.03103899024426937 -0.05289195850491524
v 0.03853296861052513 -0.03111398033797741 -0.06200795993208885
v 0.003941953182220459 -0.02914196066558361 -0.06350897997617722
v 0.03853296861052513 -0.03111398033797741 -0.06200795993208885
v -1.4999999621068127e-05 -0.029401950538158417 -0.06349997967481613
v -0.06332498043775558 -0.028941979631781578 -0.06199996918439865
v -0.004254995845258236 -0.02909195050597191 -0.06350796669721603
v -0.062375959008932114 -0.03086400032043457 -0.059986941516399384
v -0.0780169889330864 -0.02701698988676071 -0.06199996918439865
v -0.06251697987318039 -0.03088497929275036 -0.059439949691295624
v -0.0780169889330864 -0.02701698988676071 -0.06199996918439865
v -0.062375959008932114 -0.03086400032043457 -0.059986941516399384
v 0.017206959426403046 -0.030833950266242027 -0.039923958480358124
v -0.06190197914838791 -0.03177100047469139 -0.041496988385915756
v 0.040314968675374985 -0.03103899024426937 -0.05289195850491524
v -1.700000029813964e-05 -0.0319969616830349 -0.06200199946761131
v -0.07893996685743332 -0.026732979342341423 -0.039014991372823715
v -0.06606996059417725 -0.021927950903773308 -0.03664695844054222
v -0.06867796182632446 -0.010714939795434475 -0.035633981227874756
v -0.053483959287405014 -0.03142194822430611 -0.057525988668203354
v -0.06211799010634422 -0.03100395016372204 -0.05937498062849045
v -0.06606996059417725 -0.021927950903773308 -0.03664695844054222
v -0.059713948518037796 -0.010675960220396519 -0.03549695014953613
v -0.06867796182632446 -0.010714939795434475 -0.035633981227874756
v -0.059713948518037796 -0.010675960220396519 -0.03549695014953613
v 0.003025949001312256 1.9999999949504854e-06 -0.03475099056959152
v -0.06867796182632446 -0.010714939795434475 -0.035633981227874756
v -0.06211799010634422 -0.03100395016372204 -0.05937498062849045
v -0.062375959008932114 -0.03086400032043457 -0.059986941516399384
v -1.700000029813964e-05 -0.0319969616830349 -0.06200199946761131
v 0.011958000250160694 -0.030781980603933334 -0.03828798979520798
v -0.062125980854034424 -0.030919959768652916 -0.03843998163938522
v -0.06606996059417725 -0.021927950903773308 -0.03664695844054222
v -0.05447094887495041 -0.010900969617068768 -0.035512980073690414
v -0.059713948518037796 -0.010675960220396519 -0.03549695014953613
v 0.016635950654745102 -0.030816970393061638 -0.03964697942137718
v 0.0102499695494771 -0.013659000396728516 -0.03584599122405052
v 0.013159990310668945 -0.030306989327073097 -0.03791695088148117
v 0.013159990310668945 -0.030306989327073097 -0.03791695088148117
v 0.01508294977247715 -0.030803969129920006 -0.03896193951368332
v 0.016635950654745102 -0.030816970393061638 -0.03964697942137718
v 0.01397699024528265 -0.030760999768972397 -0.03845899924635887
v 0.011958000250160694 -0.030781980603933334 -0.03828798979520798
v 0.01508294977247715 -0.030803969129920006 -0.03896193951368332
v 0.040314968675374985 -0.03103899024426937 -0.05289195850491524
v 0.04044795036315918 -0.030697999522089958 -0.05279796943068504
v 0.035517990589141846 -0.030805999413132668 -0.050034988671541214
v 0.045972999185323715 -0.0222239401191473 -0.05597895011305809
v 0.05134999006986618 0.002586960094049573 -0.061869971454143524
v 0.04695599898695946 0.01979595050215721 -0.05676596984267235
v 0.05134999006986618 0.002586960094049573 -0.061869971454143524
v 0.047129981219768524 0.019619999453425407 -0.06195294111967087
v 0.049026958644390106 -0.015340980142354965 -0.06191693991422653
v -0.06190197914838791 -0.03177100047469139 -0.041496988385915756
v -0.06414598226547241 -0.031108969822525978 -0.041153959929943085
v -0.06413798779249191 -0.03111100010573864 -0.044341981410980225
v -0.06606996059417725 -0.021927950903773308 -0.03664695844054222
v -0.062125980854034424 -0.030919959768652916 -0.03843998163938522
v -0.0527869388461113 -0.03045796975493431 -0.037994980812072754
v -0.05304497107863426 -0.0261529590934515 -0.03734295815229416
v 0.013159990310668945 -0.030306989327073097 -0.03791695088148117
v -0.06606996059417725 -0.021927950903773308 -0.03664695844054222
v -0.05950295180082321 0.03591299057006836 -0.06199996918439865
v -0.0684579610824585 0.02846997044980526 0.02373296022415161
v -0.06684595346450806 0.029319999739527702 0.02686196006834507
v -0.06754696369171143 0.03301696851849556 0.02770400047302246
v -0.0684579610824585 0.02846997044980526 0.02373296022415161
v -0.06956797093153 0.03249698132276535 0.024162940680980682
v -0.0703989788889885 0.032471951097249985 0.022714970633387566
v 0.025251980870962143 0.029936959967017174 0.04122798889875412
v 0.029336979612708092 0.03275996074080467 0.03921395167708397
v 0.026451999321579933 0.03279196843504906 0.04107600077986717
v 0.025251980870962143 0.029936959967017174 0.04122798889875412
v 0.013173989951610565 0.032895978540182114 0.04732400178909302
v 0.009395956061780453 0.02918297052383423 0.04746298864483833
v -0.06031996011734009 0.02899198979139328 0.03480498865246773
v -0.06684595346450806 0.029319999739527702 0.02686196006834507
v -0.0684579610824585 0.02846997044980526 0.02373296022415161
v -0.06866896152496338 0.03301494941115379 0.02597098983824253
v -0.0684579610824585 0.02846997044980526 0.02373296022415161
v -0.06754696369171143 0.03301696851849556 0.02770400047302246
v -0.06671398133039474 0.032851990312337875 0.02876698039472103
v -0.06754696369171143 0.03301696851849556 0.02770400047302246
v -0.06684595346450806 0.029319999739527702 0.02686196006834507
v -0.053180988878011703 0.032806988805532455 0.04136699065566063
v -0.06031996011734009 0.02899198979139328 0.03480498865246773
v -0.04846996068954468 0.032965000718832016 0.04436599835753441
v 0.02362697944045067 0.03307497128844261 0.04294198006391525
v 0.022327950224280357 0.032835960388183594 0.04358594864606857
v 0.023570949211716652 0.0329439602792263 0.042931970208883286
v 0.022327950224280357 0.032835960388183594 0.04358594864606857
v 0.021477989852428436 0.03302996978163719 0.04401694983243942
v 0.021624980494379997 0.03286099061369896 0.043901968747377396
v 0.04319094866514206 0.03247898072004318 0.023107999935746193
v 0.04304397106170654 0.032483991235494614 0.02334696054458618
v 0.040199991315603256 0.030128000304102898 0.026845989748835564
v 0.047729961574077606 0.030942970886826515 -0.009575963020324707
v 0.048243988305330276 0.030901959165930748 -0.006483972072601318
v 0.04837094992399216 0.030287979170680046 -0.00447994377464056
v 0.0352739617228508 0.030342990532517433 -0.03363697975873947
v 0.035972949117422104 0.030950959771871567 -0.033008988946676254
v 0.036629971116781235 0.030928960070014 -0.03227096050977707
v 0.0476529486477375 0.030263960361480713 0.009385943412780762
v 0.04795997962355614 0.03225398063659668 0.010266950353980064
v 0.04675298184156418 0.03233497962355614 0.014483979903161526
v 0.04508494958281517 0.03241394832730293 0.019057979807257652
v 0.045548971742391586 0.03191094845533371 0.01810299977660179
v 0.045497000217437744 0.03239196166396141 0.018156999722123146
v 0.04837094992399216 0.030287979170680046 -0.00447994377464056
v 0.04892098158597946 0.031961970031261444 0.0004469999694265425
v 0.048948999494314194 0.03211294859647751 0.002181946998462081
v 0.04875694960355759 0.03200298175215721 -0.0041799540631473064
v 0.048243988305330276 0.030901959165930748 -0.006483972072601318
v 0.04814593866467476 0.03192298859357834 -0.008999942801892757
v 0.016496950760483742 0.011895000003278255 0.029334960505366325
v 0.009395956061780453 0.02918297052383423 0.04746298864483833
v -0.0332939587533474 0.011929979547858238 0.04228496178984642
v 0.0439869686961174 0.029944950714707375 -0.020989950746297836
v 0.04194395989179611 0.030936000868678093 -0.024866990745067596
v 0.042770981788635254 0.030942970886826515 -0.023442979902029037
v -0.032418958842754364 0.03292994946241379 0.048772990703582764
v -0.06031996011734009 0.02899198979139328 0.03480498865246773
v -0.053180988878011703 0.032806988805532455 0.04136699065566063
v -0.05408095940947533 0.03279196843504906 0.04075998067855835
v 0.0352739617228508 0.030342990532517433 -0.03363697975873947
v 0.03831595182418823 0.03093099035322666 -0.030184980481863022
v 0.039428938180208206 0.03092998079955578 -0.028774969279766083
v 0.0352739617228508 0.030342990532517433 -0.03363697975873947
v 0.03765295818448067 0.030928960070014 -0.03100495971739292
v 0.03831595182418823 0.03093099035322666 -0.030184980481863022
v -0.032418958842754364 0.03292994946241379 0.048772990703582764
v -0.0365939699113369 0.032914988696575165 0.04810500144958496
v -0.0332939587533474 0.011929979547858238 0.04228496178984642
v -0.04232697933912277 0.011946969665586948 0.03961794823408127
v -0.0684579610824585 0.02846997044980526 0.02373296022415161
v -0.05319594964385033 0.011768990196287632 0.02430999092757702
v 0.04867595061659813 0.03143196925520897 -0.0034779899287968874
v 0.04837094992399216 0.030287979170680046 -0.00447994377464056
v 0.04847395047545433 0.0309329591691494 -0.004281997215002775
v 0.0439869686961174 0.029944950714707375 -0.020989950746297836
v 0.04837094992399216 0.030287979170680046 -0.00447994377464056
v 0.03214496001601219 0.0119089400395751 -0.00978696346282959
v 0.0476529486477375 0.030263960361480713 0.009385943412780762
v 0.029174979776144028 0.011913949623703957 0.016970990225672722
v 0.03326898068189621 0.01187795028090477 0.003014981048181653
v 0.0476529486477375 0.030263960361480713 0.009385943412780762
v 0.045548971742391586 0.03191094845533371 0.01810299977660179
v 0.029174979776144028 0.011913949623703957 0.016970990225672722
v -0.07196897268295288 0.03242896869778633 0.019369950518012047
v -0.0684579610824585 0.02846997044980526 0.02373296022415161
v -0.0703989788889885 0.032471951097249985 0.022714970633387566
v 0.045548971742391586 0.03191094845533371 0.01810299977660179
v 0.040199991315603256 0.030128000304102898 0.026845989748835564
v 0.029174979776144028 0.011913949623703957 0.016970990225672722
v 0.0476529486477375 0.030263960361480713 0.009385943412780762
v 0.03326898068189621 0.01187795028090477 0.003014981048181653
v 0.04837094992399216 0.030287979170680046 -0.00447994377464056
v 0.029174979776144028 0.011913949623703957 0.016970990225672722
v 0.040199991315603256 0.030128000304102898 0.026845989748835564
v 0.03449498862028122 0.031263940036296844 0.03428494185209274
v 0.025251980870962143 0.029936959967017174 0.04122798889875412
v -0.0365939699113369 0.032914988696575165 0.04810500144958496
v -0.04232697933912277 0.011946969665586948 0.03961794823408127
v -0.0332939587533474 0.011929979547858238 0.04228496178984642
v -0.05760496109724045 0.03274296969175339 0.03823494166135788
v -0.06031996011734009 0.02899198979139328 0.03480498865246773
v -0.05623399838805199 0.032760970294475555 0.03929197043180466
v -0.06866896152496338 0.03301494941115379 0.02597098983824253
v -0.07596796005964279 0.03209495171904564 0.005817948840558529
v -0.07331997156143188 0.03235398977994919 0.0159449502825737
v -0.07196897268295288 0.03242896869778633 0.019369950518012047
v -0.06978695839643478 0.03266400098800659 0.023879999294877052
v -0.06866896152496338 0.03301494941115379 0.02597098983824253
v -0.06956797093153 0.03249698132276535 0.024162940680980682
v -0.06978695839643478 0.03266400098800659 0.023879999294877052
v -0.0703989788889885 0.032471951097249985 0.022714970633387566
v -0.06956797093153 0.03249698132276535 0.024162940680980682
v -0.0684579610824585 0.02846997044980526 0.02373296022415161
v -0.06866896152496338 0.03301494941115379 0.02597098983824253
v -0.06672000139951706 0.032965000718832016 0.02881300076842308
v -0.04846996068954468 0.032965000718832016 0.04436599835753441
v -0.06754696369171143 0.03301696851849556 0.02770400047302246
v -0.06672000139951706 0.032965000718832016 0.02881300076842308
v -0.05760496109724045 0.03274296969175339 0.03823494166135788
v -0.04846996068954468 0.032965000718832016 0.04436599835753441
v -0.05760496109724045 0.03274296969175339 0.03823494166135788
v -0.05408095940947533 0.03279196843504906 0.04075998067855835
v -0.04846996068954468 0.032965000718832016 0.04436599835753441
v -0.05408095940947533 0.03279196843504906 0.04075998067855835
v -0.053180988878011703 0.032806988805532455 0.04136699065566063
v -0.04846996068954468 0.032965000718832016 0.04436599835753441
v 0.022327950224280357 0.032835960388183594 0.04358594864606857
v 0.02362697944045067 0.03307497128844261 0.04294198006391525
v 0.021477989852428436 0.03302996978163719 0.04401694983243942
v 0.0439869686961174 0.029944950714707375 -0.020989950746297836
v 0.046935971826314926 0.03095196932554245 -0.013067959807813168
v 0.047729961574077606 0.030942970886826515 -0.009575963020324707
v 0.029336979612708092 0.03275996074080467 0.03921395167708397
v 0.02422397956252098 0.03302495926618576 0.04255896061658859
v 0.026451999321579933 0.03279196843504906 0.04107600077986717
v 0.0309829693287611 0.03287094086408615 0.0378679595887661
v 0.02422397956252098 0.03302495926618576 0.04255896061658859
v 0.029336979612708092 0.03275996074080467 0.03921395167708397
v -0.05319594964385033 0.011768990196287632 0.02430999092757702
v -0.0684579610824585 0.02846997044980526 0.02373296022415161
v -0.07307100296020508 0.028416989371180534 0.01304894033819437
v 0.03457396849989891 0.032693978399038315 0.034554000943899155
v 0.039406001567840576 0.032650940120220184 0.02916097082197666
v 0.0309829693287611 0.03287094086408615 0.0378679595887661
v 0.03457396849989891 0.032693978399038315 0.034554000943899155
v 0.03796796873211861 0.032621968537569046 0.030896959826350212
v 0.039406001567840576 0.032650940120220184 0.02916097082197666
v 0.045497000217437744 0.03239196166396141 0.018156999722123146
v 0.04304397106170654 0.032483991235494614 0.02334696054458618
v 0.04319094866514206 0.03247898072004318 0.023107999935746193
v 0.04319094866514206 0.03247898072004318 0.023107999935746193
v 0.04508494958281517 0.03241394832730293 0.019057979807257652
v 0.045497000217437744 0.03239196166396141 0.018156999722123146
v -0.05878299102187157 0.03272496908903122 0.0372159406542778
v -0.06672000139951706 0.032965000718832016 0.02881300076842308
v -0.06422095745801926 0.032622989267110825 0.03188794106245041
v -0.060423970222473145 0.03269999846816063 0.03579895943403244
v -0.04733198136091232 0.011401950381696224 -0.03379695862531662
v -0.06852900236845016 0.013156949542462826 -0.0359339714050293
v -0.07307100296020508 0.028416989371180534 0.01304894033819437
v -0.05319594964385033 0.011768990196287632 0.02430999092757702
v 0.040199991315603256 0.030128000304102898 0.026845989748835564
v 0.04304397106170654 0.032483991235494614 0.02334696054458618
v 0.040299948304891586 0.03258597105741501 0.02778898924589157
v -0.07532799243927002 0.031946949660778046 -0.007332980167120695
v -0.06852900236845016 0.013156949542462826 -0.0359339714050293
v -0.07582396268844604 0.032003991305828094 -0.004095971118658781
v -0.07479994744062424 0.0318869911134243 -0.010781999677419662
v -0.0702739879488945 0.031992968171834946 -0.02367197908461094
v -0.07284700125455856 0.03170394152402878 -0.017324980348348618
v -0.06248997896909714 0.03150194138288498 -0.03352295979857445
v -0.06185698136687279 0.030965980142354965 -0.03370796889066696
v -0.06298798322677612 0.030975989997386932 -0.03333896026015282
v -0.06248997896909714 0.03150194138288498 -0.03352295979857445
v -0.0611339807510376 0.03095996007323265 -0.03379296883940697
v 0.027812950313091278 0.029336979612708092 -0.036093950271606445
v 0.008984982036054134 0.016798969358205795 -0.03604596108198166
v -0.0332939587533474 0.011929979547858238 0.04228496178984642
v 0.04319094866514206 0.03247898072004318 0.023107999935746193
v 0.04387294873595238 0.03245300054550171 0.021644940599799156
v 0.04508494958281517 0.03241394832730293 0.019057979807257652
v -0.07596796005964279 0.03209495171904564 0.005817948840558529
v -0.07307100296020508 0.028416989371180534 0.01304894033819437
v -0.07331997156143188 0.03235398977994919 0.0159449502825737
v -0.07596796005964279 0.03209495171904564 0.005817948840558529
v -0.05625997856259346 0.03777097910642624 -1.3999999282532372e-05
v -0.07582396268844604 0.032003991305828094 -0.004095971118658781
v -0.05625997856259346 0.03777097910642624 -1.3999999282532372e-05
v -0.07582396268844604 0.032003991305828094 -0.004095971118658781
v 0.027126960456371307 0.03128296136856079 -0.035307999700307846
v -0.01792198047041893 0.030936000868678093 -0.034718990325927734
v 0.031328968703746796 0.030314980074763298 -0.03593796119093895
v 0.009679973125457764 0.015215990133583546 -0.03600496053695679
v 0.0352739617228508 0.030342990532517433 -0.03363697975873947
v 0.025157980620861053 0.011971949599683285 -0.0223079901188612
v 0.03214496001601219 0.0119089400395751 -0.00978696346282959
v 0.03326898068189621 0.01187795028090477 0.003014981048181653
v 0.029174979776144028 0.011913949623703957 0.016970990225672722
v 0.016496950760483742 0.011895000003278255 0.029334960505366325
v -0.04232697933912277 0.011946969665586948 0.03961794823408127
v -0.04846996068954468 0.032965000718832016 0.04436599835753441
v -0.06031996011734009 0.02899198979139328 0.03480498865246773
v -0.04232697933912277 0.011946969665586948 0.03961794823408127
v 0.029336979612708092 0.03275996074080467 0.03921395167708397
v 0.030962999910116196 0.032624948769807816 0.03780096024274826
v 0.0309829693287611 0.03287094086408615 0.0378679595887661
v -0.06031996011734009 0.02899198979139328 0.03480498865246773
v -0.0684579610824585 0.02846997044980526 0.02373296022415161
v -0.04232697933912277 0.011946969665586948 0.03961794823408127
v 0.04862796887755394 0.03213696926832199 0.005244969855993986
v -0.05625997856259346 0.03777097910642624 -1.3999999282532372e-05
v 0.04795997962355614 0.03225398063659668 0.010266950353980064
v 0.048948999494314194 0.03211294859647751 0.002181946998462081
v 0.04895395040512085 0.0320819616317749 0.00044499998330138624
v -0.05625997856259346 0.03777097910642624 -1.3999999282532372e-05
v 0.048933979123830795 0.03203194960951805 -0.002505958080291748
v 0.04875694960355759 0.03200298175215721 -0.0041799540631473064
v -0.05625997856259346 0.03777097910642624 -1.3999999282532372e-05
v 0.048933979123830795 0.03203194960951805 -0.002505958080291748
v 0.04814593866467476 0.03192298859357834 -0.008999942801892757
v 0.04628700017929077 0.03178900107741356 -0.01614600047469139
v -0.05625997856259346 0.03777097910642624 -1.3999999282532372e-05
v -0.07596796005964279 0.03209495171904564 0.005817948840558529
v -0.06866896152496338 0.03301494941115379 0.02597098983824253
v -0.05625997856259346 0.03777097910642624 -1.3999999282532372e-05
v -0.06866896152496338 0.03301494941115379 0.02597098983824253
v -0.06754696369171143 0.03301696851849556 0.02770400047302246
v -0.05625997856259346 0.03777097910642624 -1.3999999282532372e-05
v 0.04628700017929077 0.03178900107741356 -0.01614600047469139
v 0.0405849814414978 0.031694941222667694 -0.027912970632314682
v -0.06754696369171143 0.03301696851849556 0.02770400047302246
v -0.04846996068954468 0.032965000718832016 0.04436599835753441
v 0.03552800044417381 0.031488001346588135 -0.033674001693725586
v 0.03352797031402588 0.030928960070014 -0.034751951694488525
v 0.030103979632258415 0.03092998079955578 -0.03538595885038376
v -0.04846996068954468 0.032965000718832016 0.04436599835753441
v -0.0365939699113369 0.032914988696575165 0.04810500144958496
v -0.05625997856259346 0.03777097910642624 -1.3999999282532372e-05
v 0.03552800044417381 0.031488001346588135 -0.033674001693725586
v 0.03514397144317627 0.030928960070014 -0.03387695178389549
v 0.03352797031402588 0.030928960070014 -0.034751951694488525
v 0.03552800044417381 0.031488001346588135 -0.033674001693725586
v 0.035688988864421844 0.030928960070014 -0.03332095965743065
v 0.03514397144317627 0.030928960070014 -0.03387695178389549
v -0.05625997856259346 0.03777097910642624 -1.3999999282532372e-05
v -0.0365939699113369 0.032914988696575165 0.04810500144958496
v 0.0005419999943114817 0.0329279787838459 0.04892997816205025
v 0.013173989951610565 0.032895978540182114 0.04732400178909302
v 0.021477989852428436 0.03302996978163719 0.04401694983243942
v 0.02362697944045067 0.03307497128844261 0.04294198006391525
v 0.0309829693287611 0.03287094086408615 0.0378679595887661
v -0.07307100296020508 0.028416989371180534 0.01304894033819437
v -0.07196897268295288 0.03242896869778633 0.019369950518012047
v -0.07217495888471603 0.03240697830915451 0.018897950649261475
v 0.039406001567840576 0.032650940120220184 0.02916097082197666
v 0.045497000217437744 0.03239196166396141 0.018156999722123146
v 0.0476529486477375 0.030263960361480713 0.009385943412780762
v 0.04675298184156418 0.03233497962355614 0.014483979903161526
v 0.045548971742391586 0.03191094845533371 0.01810299977660179
v 0.0476529486477375 0.030263960361480713 0.009385943412780762
v 0.04862796887755394 0.03213696926832199 0.005244969855993986
v 0.04795997962355614 0.03225398063659668 0.010266950353980064
v 0.0476529486477375 0.030263960361480713 0.009385943412780762
v 0.04837094992399216 0.030287979170680046 -0.00447994377464056
v 0.048948999494314194 0.03211294859647751 0.002181946998462081
v -0.06873500347137451 0.04805396869778633 0.031136980280280113
v -0.07188694924116135 0.044041991233825684 0.027201950550079346
v -0.06376296281814575 0.04443395137786865 0.03730398043990135
v 0.03480498865246773 0.04475599154829979 0.03943096846342087
v 0.034260980784893036 0.04830896109342575 0.03932898864150047
v 0.023287950083613396 0.044880978763103485 0.046913981437683105
v -0.07582300156354904 0.0480949804186821 0.018027959391474724
v -0.07889597862958908 0.04815297946333885 0.0037549729458987713
v -0.07940196245908737 0.043624989688396454 0.00398099422454834
v 0.05189697816967964 0.048134978860616684 0.0036519758868962526
v 0.047705940902233124 0.048521991819143295 0.020893989130854607
v 0.051231980323791504 0.04387598857283592 0.011356939561665058
v 0.051231980323791504 0.04387598857283592 0.011356939561665058
v 0.04862796887755394 0.03213696926832199 0.005244969855993986
v 0.04876499995589256 0.03215700015425682 0.004737973213195801
v -0.033825989812612534 0.048232968896627426 0.05149995908141136
v -0.046188950538635254 0.04814593866467476 0.0483739897608757
v -0.034998949617147446 0.04480396956205368 0.05193798989057541
v -0.06754696369171143 0.03301696851849556 0.02770400047302246
v -0.06672000139951706 0.032965000718832016 0.02881300076842308
v -0.07188694924116135 0.044041991233825684 0.027201950550079346
v -0.060992948710918427 0.03095399960875511 0.034581951797008514
v -0.05878299102187157 0.03272496908903122 0.0372159406542778
v -0.060423970222473145 0.03269999846816063 0.03579895943403244
v 0.05255395174026489 0.04377894848585129 -0.003778994083404541
v 0.051231980323791504 0.04387598857283592 0.011356939561665058
v 0.04876499995589256 0.03215700015425682 0.004737973213195801
v 0.04840296134352684 0.0322069488465786 0.007428944110870361
v 0.051231980323791504 0.04387598857283592 0.011356939561665058
v 0.04795597866177559 0.03224897012114525 0.009759961627423763
v 0.018473979085683823 0.048430971801280975 0.04842095822095871
v 0.013454969972372055 0.0441739484667778 0.05060296878218651
v 0.023287950083613396 0.044880978763103485 0.046913981437683105
v -0.07582300156354904 0.0480949804186821 0.018027959391474724
v -0.07940196245908737 0.043624989688396454 0.00398099422454834
v -0.07704800367355347 0.04400599002838135 0.015464959666132927
v 0.018473979085683823 0.048430971801280975 0.04842095822095871
v 0.006035983096808195 0.047710951417684555 0.05222398042678833
v 0.013454969972372055 0.0441739484667778 0.05060296878218651
v 0.03700697049498558 0.05010997876524925 0.016799980774521828
v 0.040251970291137695 0.050113968551158905 0.007254958152770996
v 0.03519396856427193 0.050136979669332504 0.0199469905346632
v 0.048374950885772705 0.0309329591691494 -0.005403995048254728
v 0.04117494076490402 0.03092998079955578 -0.026164939627051353
v 0.04825996980071068 0.0309329591691494 -0.006475985050201416
v 0.03480498865246773 0.04475599154829979 0.03943096846342087
v 0.0346749983727932 0.03167098015546799 0.03411895036697388
v 0.036944981664419174 0.03263700008392334 0.03215496987104416
v -0.060992948710918427 0.03095399960875511 0.034581951797008514
v -0.07468301057815552 0.03227299079298973 0.011602990329265594
v -0.07246100157499313 0.031059980392456055 -0.012504990212619305
v 0.03495800122618675 0.050133999437093735 0.02029097080230713
v 0.047705940902233124 0.048521991819143295 0.020893989130854607
v 0.03519396856427193 0.050136979669332504 0.0199469905346632
v -0.07584594935178757 0.032006971538066864 -0.003903985023498535
v -0.07532799243927002 0.031946949660778046 -0.007332980167120695
v -0.07246100157499313 0.031059980392456055 -0.012504990212619305
v -0.07599394768476486 0.03207099065184593 -0.00027299998328089714
v -0.07584594935178757 0.032006971538066864 -0.003903985023498535
v -0.07246100157499313 0.031059980392456055 -0.012504990212619305
v -0.07587599009275436 0.032134950160980225 0.0034079549368470907
v -0.07599394768476486 0.03207099065184593 -0.00027299998328089714
v -0.07246100157499313 0.031059980392456055 -0.012504990212619305
v 0.028938939794898033 0.05006396025419235 0.028272980824112892
v 0.03304897993803024 0.05010699853301048 0.023332949727773666
v 0.022068969905376434 0.050095971673727036 0.033874981105327606
v -0.07468301057815552 0.03227299079298973 0.011602990329265594
v -0.07587599009275436 0.032134950160980225 0.0034079549368470907
v -0.07246100157499313 0.031059980392456055 -0.012504990212619305
v -0.046188950538635254 0.04814593866467476 0.0483739897608757
v -0.04385197162628174 0.05002998933196068 0.04068499058485031
v -0.05380797013640404 0.05002998933196068 0.03493696078658104
v 0.047705940902233124 0.048521991819143295 0.020893989130854607
v 0.03304897993803024 0.05010699853301048 0.023332949727773666
v 0.034260980784893036 0.04830896109342575 0.03932898864150047
v 0.05080699175596237 0.048433948308229446 -0.010279949754476547
v 0.05255395174026489 0.04377894848585129 -0.003778994083404541
v 0.03858797997236252 0.031124940142035484 -0.06199996918439865
v 0.0450129508972168 0.048565980046987534 -0.02510100044310093
v 0.05080699175596237 0.048433948308229446 -0.010279949754476547
v 0.03858797997236252 0.031124940142035484 -0.06199996918439865
v 0.022068969905376434 0.050095971673727036 0.033874981105327606
v 0.003718971973285079 0.05008494108915329 0.03992693871259689
v 0.018473979085683823 0.048430971801280975 0.04842095822095871
v 0.03513097018003464 0.036969948559999466 -0.06199996918439865
v 0.0450129508972168 0.048565980046987534 -0.02510100044310093
v 0.03858797997236252 0.031124940142035484 -0.06199996918439865
v -0.06971198320388794 0.04849296063184738 -0.028644969686865807
v -0.049094971269369125 0.046499960124492645 -0.06199996918439865
v -0.051818959414958954 0.04570800065994263 -0.06199996918439865
v -0.033825989812612534 0.048232968896627426 0.05149995908141136
v -0.03274798020720482 0.05002998933196068 0.04366099089384079
v -0.04385197162628174 0.05002998933196068 0.04068499058485031
v -0.07582300156354904 0.0480949804186821 0.018027959391474724
v -0.0706779882311821 0.05000697821378708 0.005750000011175871
v -0.07889597862958908 0.04815297946333885 0.0037549729458987713
v -0.07889597862958908 0.04815297946333885 0.0037549729458987713
v -0.07860296219587326 0.04293698072433472 -0.010275949724018574
v -0.07940196245908737 0.043624989688396454 0.00398099422454834
v 0.04591995105147362 0.04438893869519234 0.025635000318288803
v 0.04305195063352585 0.0324929915368557 0.023351959884166718
v 0.04319094866514206 0.03247898072004318 0.023107999935746193
v 0.044741980731487274 0.032491978257894516 0.019959980621933937
v 0.04591995105147362 0.04438893869519234 0.025635000318288803
v 0.04319094866514206 0.03247898072004318 0.023107999935746193
v -0.07246100157499313 0.031059980392456055 -0.012504990212619305
v -0.07531099766492844 0.031944990158081055 -0.007447957061231136
v -0.07479994744062424 0.0318869911134243 -0.010781999677419662
v -0.07246100157499313 0.031059980392456055 -0.012504990212619305
v -0.07479994744062424 0.0318869911134243 -0.010781999677419662
v -0.0723559781908989 0.031058959662914276 -0.01295000035315752
v -0.07704800367355347 0.04400599002838135 0.015464959666132927
v -0.07217495888471603 0.03240697830915451 0.018897950649261475
v -0.07200700044631958 0.03241996839642525 0.01937198080122471
v 0.047705940902233124 0.048521991819143295 0.020893989130854607
v -0.07582300156354904 0.0480949804186821 0.018027959391474724
v -0.07704800367355347 0.04400599002838135 0.015464959666132927
v -0.07188694924116135 0.044041991233825684 0.027201950550079346
v 0.04085694998502731 0.050090961158275604 -0.0013929599663242698
v 0.04013596847653389 0.05010896176099777 -0.007869957946240902
v 0.03906797990202904 0.05014597997069359 -0.01132798008620739
v 0.04085694998502731 0.050090961158275604 -0.0013929599663242698
v 0.03906797990202904 0.05014597997069359 -0.01132798008620739
v -0.07860296219587326 0.04293698072433472 -0.010275949724018574
v -0.0650019571185112 0.031208990141749382 -0.0459439717233181
v -0.07479994744062424 0.0318869911134243 -0.010781999677419662
v 0.03906797990202904 0.05014597997069359 -0.01132798008620739
v 0.036240991204977036 0.05015397071838379 -0.017973950132727623
v 0.026962989941239357 0.050072960555553436 -0.03264999017119408
v -0.051818959414958954 0.04570800065994263 -0.06199996918439865
v -0.015632979571819305 0.03377199172973633 -0.06199996918439865
v -0.05950295180082321 0.03591299057006836 -0.06199996918439865
v 0.026962989941239357 0.050072960555553436 -0.03264999017119408
v -0.014306959696114063 0.05012695863842964 0.04389195889234543
v -0.051818959414958954 0.04570800065994263 -0.06199996918439865
v 0.03858797997236252 0.031124940142035484 -0.06199996918439865
v -0.051818959414958954 0.04570800065994263 -0.06199996918439865
v 0.03513097018003464 0.036969948559999466 -0.06199996918439865
v 0.03858797997236252 0.031124940142035484 -0.06199996918439865
v 0.03495800122618675 0.050133999437093735 0.02029097080230713
v -0.014306959696114063 0.05012695863842964 0.04389195889234543
v 0.022068969905376434 0.050095971673727036 0.033874981105327606
v 0.003718971973285079 0.05008494108915329 0.03992693871259689
v -0.051818959414958954 0.04570800065994263 -0.06199996918439865
v 0.028920939192175865 0.0420069582760334 -0.06199996918439865
v 0.03513097018003464 0.036969948559999466 -0.06199996918439865
v -0.051818959414958954 0.04570800065994263 -0.06199996918439865
v 0.02199994958937168 0.04601097106933594 -0.06199996918439865
v 0.028920939192175865 0.0420069582760334 -0.06199996918439865
v 0.018473979085683823 0.048430971801280975 0.04842095822095871
v -0.051818959414958954 0.04570800065994263 -0.06199996918439865
v 0.019842980429530144 0.046499960124492645 -0.06199996918439865
v 0.02199994958937168 0.04601097106933594 -0.06199996918439865
v -0.051818959414958954 0.04570800065994263 -0.06199996918439865
v -0.049094971269369125 0.046499960124492645 -0.06199996918439865
v 0.019842980429530144 0.046499960124492645 -0.06199996918439865
v 0.006035983096808195 0.047710951417684555 0.05222398042678833
v -0.06971198320388794 0.04849296063184738 -0.028644969686865807
v -0.051818959414958954 0.04570800065994263 -0.06199996918439865
v -0.05950295180082321 0.03591299057006836 -0.06199996918439865
v -0.033825989812612534 0.048232968896627426 0.05149995908141136
v 0.006035983096808195 0.047710951417684555 0.05222398042678833
v -0.014306959696114063 0.05012695863842964 0.04389195889234543
v -0.07732099294662476 0.04815595969557762 -0.013603979721665382
v -0.06971198320388794 0.04849296063184738 -0.028644969686865807
v -0.05950295180082321 0.03591299057006836 -0.06199996918439865
v -0.033825989812612534 0.048232968896627426 0.05149995908141136
v -0.014306959696114063 0.05012695863842964 0.04389195889234543
v -0.04385197162628174 0.05002998933196068 0.04068499058485031
v -0.06185698136687279 0.05010199174284935 0.02683895081281662
v -0.05380797013640404 0.05002998933196068 0.03493696078658104
v -0.0585709810256958 0.04809600114822388 0.04144494980573654
v 0.04319094866514206 0.03247898072004318 0.023107999935746193
v 0.04305195063352585 0.0324929915368557 0.023351959884166718
v 0.043110959231853485 0.031123990193009377 0.019052980467677116
v 0.043110959231853485 0.031123990193009377 0.019052980467677116
v 0.04387294873595238 0.03245300054550171 0.021644940599799156
v 0.04319094866514206 0.03247898072004318 0.023107999935746193
v 0.04591995105147362 0.04438893869519234 0.025635000318288803
v 0.04508494958281517 0.03241394832730293 0.019057979807257652
v 0.045497000217437744 0.03239196166396141 0.018156999722123146
v 0.05080699175596237 0.048433948308229446 -0.010279949754476547
v 0.036240991204977036 0.05015397071838379 -0.017973950132727623
v 0.03906797990202904 0.05014597997069359 -0.01132798008620739
v 0.04645299166440964 0.032397981733083725 0.015625
v 0.0463249608874321 0.03237396106123924 0.015860969200730324
v 0.046338971704244614 0.03236299008131027 0.015749989077448845
v -0.003521977923810482 0.03292994946241379 0.04896795004606247
v -0.034998949617147446 0.04480396956205368 0.05193798989057541
v -0.026999950408935547 0.03292994946241379 0.04896795004606247
v 0.002142965095117688 0.033910978585481644 0.04921894893050194
v -0.034998949617147446 0.04480396956205368 0.05193798989057541
v -0.032418958842754364 0.03292994946241379 0.048772990703582764
v -0.026999950408935547 0.03292994946241379 0.04896795004606247
v 0.005656957160681486 0.03126800060272217 0.048179980367422104
v -0.003521977923810482 0.03292994946241379 0.04896795004606247
v 0.005266963969916105 0.031578950583934784 0.04830199107527733
v 0.002142965095117688 0.033910978585481644 0.04921894893050194
v 0.002142965095117688 0.033910978585481644 0.04921894893050194
v 0.005637942813336849 0.03156298026442528 0.04826395958662033
v 0.006035983096808195 0.047710951417684555 0.05222398042678833
v 0.013454969972372055 0.0441739484667778 0.05060296878218651
v 0.010356959886848927 0.03291099891066551 0.04786098003387451
v 0.016066959127783775 0.03288298100233078 0.04625397175550461
v 0.02362697944045067 0.03307497128844261 0.04294198006391525
v 0.023287950083613396 0.044880978763103485 0.046913981437683105
v 0.022327950224280357 0.032835960388183594 0.04358594864606857
v 0.027162959799170494 0.03323595970869064 0.040921978652477264
v 0.02362697944045067 0.03307497128844261 0.04294198006391525
v 0.024225950241088867 0.033007968217134476 0.042563971132040024
v 0.027162959799170494 0.03323595970869064 0.040921978652477264
v 0.024225950241088867 0.033007968217134476 0.042563971132040024
v 0.026451999321579933 0.03279196843504906 0.04107600077986717
v 0.029336979612708092 0.03275996074080467 0.03921395167708397
v 0.027162959799170494 0.03323595970869064 0.040921978652477264
v 0.026451999321579933 0.03279196843504906 0.04107600077986717
v 0.029336979612708092 0.03275996074080467 0.03921395167708397
v 0.026451999321579933 0.03279196843504906 0.04107600077986717
v 0.034306999295949936 0.031493961811065674 0.03441596031188965
v 0.0319969616830349 0.033015958964824677 0.03718698024749756
v 0.030962999910116196 0.032624948769807816 0.03780096024274826
v 0.033893998712301254 0.031782981008291245 0.034878961741924286
v 0.04032294824719429 0.03256100043654442 0.027804970741271973
v 0.03796093910932541 0.03260194882750511 0.030890999361872673
v 0.0344499908387661 0.03148394078016281 0.03425896167755127
v 0.04305195063352585 0.0324929915368557 0.023351959884166718
v 0.043110959231853485 0.031123990193009377 0.019052980467677116
v 0.0344499908387661 0.03148394078016281 0.03425896167755127
v 0.03584897145628929 0.031108969822525978 0.030218949541449547
v 0.038311950862407684 0.031091980636119843 0.026968950405716896
v -0.06873500347137451 0.04805396869778633 0.031136980280280113
v -0.07188694924116135 0.044041991233825684 0.027201950550079346
v -0.0585709810256958 0.04809600114822388 0.04144494980573654
v -0.06873500347137451 0.04805396869778633 0.031136980280280113
v -0.06376296281814575 0.04443395137786865 0.03730398043990135
v -0.0585709810256958 0.04809600114822388 0.04144494980573654
v -0.06376296281814575 0.04443395137786865 0.03730398043990135
v -0.0522419810295105 0.044858988374471664 0.0461079403758049
v -0.046188950538635254 0.04814593866467476 0.0483739897608757
v -0.0585709810256958 0.04809600114822388 0.04144494980573654
v -0.0522419810295105 0.044858988374471664 0.0461079403758049
v 0.05255395174026489 0.04377894848585129 -0.003778994083404541
v 0.0489499494433403 0.0321119986474514 0.002120970981195569
v 0.0489959716796875 0.03206998109817505 0.0
v 0.03480498865246773 0.04475599154829979 0.03943096846342087
v 0.03910195082426071 0.03284095972776413 0.029636969789862633
v 0.04591995105147362 0.04438893869519234 0.025635000318288803
v 0.04085694998502731 0.050090961158275604 -0.0013929599663242698
v 0.047705940902233124 0.048521991819143295 0.020893989130854607
v 0.05080699175596237 0.048433948308229446 -0.010279949754476547
v 0.046086959540843964 0.03110997937619686 0.008855997584760189
v 0.04795597866177559 0.03224897012114525 0.009759961627423763
v 0.043110959231853485 0.031123990193009377 0.019052980467677116
v 0.05080699175596237 0.048433948308229446 -0.010279949754476547
v 0.047705940902233124 0.048521991819143295 0.020893989130854607
v 0.05189697816967964 0.048134978860616684 0.0036519758868962526
v 0.04591995105147362 0.04438893869519234 0.025635000318288803
v 0.04645299166440964 0.032397981733083725 0.015625
v 0.051231980323791504 0.04387598857283592 0.011356939561665058
v 0.034260980784893036 0.04830896109342575 0.03932898864150047
v 0.022068969905376434 0.050095971673727036 0.033874981105327606
v 0.018473979085683823 0.048430971801280975 0.04842095822095871
v 0.007249950896948576 0.049303941428661346 -0.046950988471508026
v -0.014398990198969841 0.04975198954343796 -0.04429696872830391
v 0.007671951781958342 0.05012499913573265 -0.039350979030132294
v 0.023287950083613396 0.044880978763103485 0.046913981437683105
v 0.027162959799170494 0.03323595970869064 0.040921978652477264
v 0.03480498865246773 0.04475599154829979 0.03943096846342087
v 0.026962989941239357 0.050072960555553436 -0.03264999017119408
v -0.026607990264892578 0.05011998862028122 -0.04052596911787987
v -0.06762397289276123 0.05010199174284935 0.016886940225958824
v 0.0344499908387661 0.03148394078016281 0.03425896167755127
v 0.038311950862407684 0.031091980636119843 0.026968950405716896
v 0.043110959231853485 0.031123990193009377 0.019052980467677116
v 0.028938939794898033 0.05006396025419235 0.028272980824112892
v 0.034260980784893036 0.04830896109342575 0.03932898864150047
v 0.03304897993803024 0.05010699853301048 0.023332949727773666
v 0.05255395174026489 0.04377894848585129 -0.003778994083404541
v 0.04876499995589256 0.03215700015425682 0.004737973213195801
v 0.0489499494433403 0.0321119986474514 0.002120970981195569
v -0.0522419810295105 0.044858988374471664 0.0461079403758049
v -0.0534469410777092 0.03280096873641014 0.04122697934508324
v -0.04846996068954468 0.032965000718832016 0.04436599835753441
v 0.05255395174026489 0.04377894848585129 -0.003778994083404541
v 0.0489959716796875 0.03206998109817505 0.0
v 0.048933979123830795 0.03203194960951805 -0.002505958080291748
v 0.0450129508972168 0.048565980046987534 -0.02510100044310093
v 0.02199994958937168 0.04601097106933594 -0.06199996918439865
v 0.019842980429530144 0.046499960124492645 -0.06199996918439865
v 0.026962989941239357 0.050072960555553436 -0.03264999017119408
v 0.0450129508972168 0.048565980046987534 -0.02510100044310093
v 0.019842980429530144 0.046499960124492645 -0.06199996918439865
v 0.007249950896948576 0.049303941428661346 -0.046950988471508026
v 0.026962989941239357 0.050072960555553436 -0.03264999017119408
v 0.019842980429530144 0.046499960124492645 -0.06199996918439865
v -0.07468301057815552 0.03227299079298973 0.011602990329265594
v -0.07704800367355347 0.04400599002838135 0.015464959666132927
v -0.07940196245908737 0.043624989688396454 0.00398099422454834
v -0.026999950408935547 0.049755990505218506 -0.04433000087738037
v -0.014398990198969841 0.04975198954343796 -0.04429696872830391
v 0.007249950896948576 0.049303941428661346 -0.046950988471508026
v -0.026999950408935547 0.049316998571157455 -0.04711395129561424
v -0.03840094059705734 0.05000697821378708 -0.042548950761556625
v -0.014398990198969841 0.04975198954343796 -0.04429696872830391
v -0.026999950408935547 0.049755990505218506 -0.04433000087738037
v -0.03840094059705734 0.05000697821378708 -0.042548950761556625
v -0.03840094059705734 0.05000697821378708 -0.042548950761556625
v -0.026999950408935547 0.03292994946241379 0.04896795004606247
v -0.032418958842754364 0.03292994946241379 0.048772990703582764
v 0.006503998767584562 0.031017949804663658 0.04800695180892944
v 0.005656957160681486 0.03126800060272217 0.048179980367422104
v -0.026999950408935547 0.03292994946241379 0.04896795004606247
v 0.006503998767584562 0.031017949804663658 0.04800695180892944
v -0.04886697977781296 0.05010199174284935 -0.03816794976592064
v -0.06762397289276123 0.05010199174284935 0.016886940225958824
v 0.006035983096808195 0.047710951417684555 0.05222398042678833
v 0.00574797298759222 0.03156697005033493 0.04825197905302048
v 0.006477952003479004 0.03161495178937912 0.048177000135183334
v 0.006035983096808195 0.047710951417684555 0.05222398042678833
v 0.006648956798017025 0.03165297955274582 0.04816097021102905
v 0.013454969972372055 0.0441739484667778 0.05060296878218651
v -0.07104098051786423 0.050030939280986786 0.0
v 0.010356959886848927 0.03291099891066551 0.04786098003387451
v 0.013454969972372055 0.0441739484667778 0.05060296878218651
v 0.006648956798017025 0.03165297955274582 0.04816097021102905
v 0.016066959127783775 0.03288298100233078 0.04625397175550461
v 0.010356959886848927 0.03291099891066551 0.04786098003387451
v 0.006503998767584562 0.031017949804663658 0.04800695180892944
v -0.0706779882311821 0.05000697821378708 0.005750000011175871
v -0.06762397289276123 0.05010199174284935 0.016886940225958824
v -0.07104098051786423 0.050030939280986786 0.0
v -0.07067298144102097 0.05000697821378708 -0.005750000011175871
v -0.07889597862958908 0.04815297946333885 0.0037549729458987713
v -0.07104098051786423 0.050030939280986786 0.0
v 0.022327950224280357 0.032835960388183594 0.04358594864606857
v 0.006503998767584562 0.031017949804663658 0.04800695180892944
v 0.02697199024260044 0.030955970287322998 0.03825293853878975
v 0.026451999321579933 0.03279196843504906 0.04107600077986717
v 0.034306999295949936 0.031493961811065674 0.03441596031188965
v 0.03449498862028122 0.031263940036296844 0.03428494185209274
v 0.02697199024260044 0.030955970287322998 0.03825293853878975
v 0.043110959231853485 0.031123990193009377 0.019052980467677116
v 0.038311950862407684 0.031091980636119843 0.026968950405716896
v 0.02697199024260044 0.030955970287322998 0.03825293853878975
v 0.043110959231853485 0.031123990193009377 0.019052980467677116
v 0.04846196994185448 0.0309329591691494 -0.003131984965875745
v 0.046086959540843964 0.03110997937619686 0.008855997584760189
v 0.04840296134352684 0.0322069488465786 0.007428944110870361
v 0.04876499995589256 0.03215700015425682 0.004737973213195801
v 0.04862796887755394 0.03213696926832199 0.005244969855993986
v 0.048745978623628616 0.0320739708840847 0.003979980014264584
v 0.0489499494433403 0.0321119986474514 0.002120970981195569
v 0.048745978623628616 0.0320739708840847 0.003979980014264584
v 0.04846196994185448 0.0309329591691494 -0.003131984965875745
v 0.0489959716796875 0.03206998109817505 0.0
v 0.04892098158597946 0.031961970031261444 0.0004469999694265425
v 0.048895951360464096 0.031856000423431396 -0.0006820000126026571
v -0.033825989812612534 0.048232968896627426 0.05149995908141136
v -0.04385197162628174 0.05002998933196068 0.04068499058485031
v -0.046188950538635254 0.04814593866467476 0.0483739897608757
v -0.07065200060606003 0.033322978764772415 0.02276097983121872
v -0.07200700044631958 0.03241996839642525 0.01937198080122471
v -0.0703989788889885 0.032471951097249985 0.022714970633387566
v -0.07940196245908737 0.043624989688396454 0.00398099422454834
v -0.07584594935178757 0.032006971538066864 -0.003903985023498535
v -0.07599394768476486 0.03207099065184593 -0.00027299998328089714
v -0.06754696369171143 0.03301696851849556 0.02770400047302246
v -0.06961899250745773 0.032712988555431366 0.024201979860663414
v -0.06956797093153 0.03249698132276535 0.024162940680980682
v -0.07940196245908737 0.043624989688396454 0.00398099422454834
v -0.06303595751523972 0.03265397995710373 0.0331689715385437
v -0.06376296281814575 0.04443395137786865 0.03730398043990135
v -0.06542295217514038 0.032605938613414764 0.030375950038433075
v -0.06956797093153 0.03249698132276535 0.024162940680980682
v -0.06672400236129761 0.03285396099090576 0.028753990307450294
v -0.06754696369171143 0.03301696851849556 0.02770400047302246
v -0.06672000139951706 0.032965000718832016 0.02881300076842308
v -0.06672400236129761 0.03285396099090576 0.028753990307450294
v -0.06542295217514038 0.032605938613414764 0.030375950038433075
v -0.07188694924116135 0.044041991233825684 0.027201950550079346
v -0.06672000139951706 0.032965000718832016 0.02881300076842308
v -0.06542295217514038 0.032605938613414764 0.030375950038433075
v -0.06303595751523972 0.03265397995710373 0.0331689715385437
v -0.06542295217514038 0.032605938613414764 0.030375950038433075
v -0.06130694970488548 0.03109597973525524 0.03431195020675659
v -0.0522419810295105 0.044858988374471664 0.0461079403758049
v -0.04846996068954468 0.032965000718832016 0.04436599835753441
v -0.034998949617147446 0.04480396956205368 0.05193798989057541
v -0.05246800184249878 0.03110997937619686 0.039377979934215546
v -0.060992948710918427 0.03095399960875511 0.034581951797008514
v -0.06303595751523972 0.03265397995710373 0.0331689715385437
v -0.06157194823026657 0.03206795081496239 0.034450940787792206
v -0.06376296281814575 0.04443395137786865 0.03730398043990135
v 0.034260980784893036 0.04830896109342575 0.03932898864150047
v 0.03480498865246773 0.04475599154829979 0.03943096846342087
v 0.04591995105147362 0.04438893869519234 0.025635000318288803
v 0.04598294943571091 0.0309329591691494 -0.003182946937158704
v 0.047705940902233124 0.048521991819143295 0.020893989130854607
v 0.034260980784893036 0.04830896109342575 0.03932898864150047
v 0.04591995105147362 0.04438893869519234 0.025635000318288803
v 0.04480797052383423 0.0309329591691494 -0.003440975910052657
v -0.05693095177412033 0.03273195028305054 0.038770969957113266
v -0.0522419810295105 0.044858988374471664 0.0461079403758049
v -0.06376296281814575 0.04443395137786865 0.03730398043990135
v -0.06376296281814575 0.04443395137786865 0.03730398043990135
v -0.060423970222473145 0.03269999846816063 0.03579895943403244
v -0.05878299102187157 0.03272496908903122 0.0372159406542778
v -0.06376296281814575 0.04443395137786865 0.03730398043990135
v -0.05878299102187157 0.03272496908903122 0.0372159406542778
v -0.05693095177412033 0.03273195028305054 0.038770969957113266
v -0.07217495888471603 0.03240697830915451 0.018897950649261475
v -0.07468301057815552 0.03227299079298973 0.011602990329265594
v -0.060992948710918427 0.03095399960875511 0.034581951797008514
v -0.07200700044631958 0.03241996839642525 0.01937198080122471
v -0.07217495888471603 0.03240697830915451 0.018897950649261475
v -0.060992948710918427 0.03095399960875511 0.034581951797008514
v 0.018004000186920166 0.033408988267183304 0.04569398984313011
v 0.023287950083613396 0.044880978763103485 0.046913981437683105
v -0.0703989788889885 0.032471951097249985 0.022714970633387566
v -0.07200700044631958 0.03241996839642525 0.01937198080122471
v -0.060992948710918427 0.03095399960875511 0.034581951797008514
v -0.06956797093153 0.03249698132276535 0.024162940680980682
v -0.0703989788889885 0.032471951097249985 0.022714970633387566
v -0.060992948710918427 0.03095399960875511 0.034581951797008514
v -0.06130694970488548 0.03109597973525524 0.03431195020675659
v -0.06542295217514038 0.032605938613414764 0.030375950038433075
v -0.06376296281814575 0.04443395137786865 0.03730398043990135
v -0.07188694924116135 0.044041991233825684 0.027201950550079346
v -0.06542295217514038 0.032605938613414764 0.030375950038433075
v -0.060423970222473145 0.03269999846816063 0.03579895943403244
v -0.06376296281814575 0.04443395137786865 0.03730398043990135
v -0.06106996163725853 0.03225594013929367 0.03501296043395996
v 0.0450129508972168 0.048565980046987534 -0.02510100044310093
v 0.028920939192175865 0.0420069582760334 -0.06199996918439865
v 0.02199994958937168 0.04601097106933594 -0.06199996918439865
v -0.05693095177412033 0.03273195028305054 0.038770969957113266
v -0.05878299102187157 0.03272496908903122 0.0372159406542778
v -0.060992948710918427 0.03095399960875511 0.034581951797008514
v -0.05408095940947533 0.03279196843504906 0.04075998067855835
v -0.05693095177412033 0.03273195028305054 0.038770969957113266
v -0.060992948710918427 0.03095399960875511 0.034581951797008514
v -0.032418958842754364 0.03292994946241379 0.048772990703582764
v -0.0534469410777092 0.03280096873641014 0.04122697934508324
v -0.05408095940947533 0.03279196843504906 0.04075998067855835
v -0.060992948710918427 0.03095399960875511 0.034581951797008514
v -0.04846996068954468 0.032965000718832016 0.04436599835753441
v -0.0534469410777092 0.03280096873641014 0.04122697934508324
v -0.060992948710918427 0.03095399960875511 0.034581951797008514
v -0.04846996068954468 0.032965000718832016 0.04436599835753441
v -0.032418958842754364 0.03292994946241379 0.048772990703582764
v -0.04846996068954468 0.032965000718832016 0.04436599835753441
v -0.05246800184249878 0.03110997937619686 0.039377979934215546
v -0.046188950538635254 0.04814593866467476 0.0483739897608757
v -0.0522419810295105 0.044858988374471664 0.0461079403758049
v -0.034998949617147446 0.04480396956205368 0.05193798989057541
v 0.028920939192175865 0.0420069582760334 -0.06199996918439865
v 0.0450129508972168 0.048565980046987534 -0.02510100044310093
v 0.03513097018003464 0.036969948559999466 -0.06199996918439865
v -0.07065200060606003 0.033322978764772415 0.02276097983121872
v -0.07188694924116135 0.044041991233825684 0.027201950550079346
v -0.07200700044631958 0.03241996839642525 0.01937198080122471
v -0.034998949617147446 0.04480396956205368 0.05193798989057541
v 0.002142965095117688 0.033910978585481644 0.04921894893050194
v 0.006035983096808195 0.047710951417684555 0.05222398042678833
v 0.007249950896948576 0.049303941428661346 -0.046950988471508026
v 0.019842980429530144 0.046499960124492645 -0.06199996918439865
v -0.049094971269369125 0.046499960124492645 -0.06199996918439865
v -0.026999950408935547 0.049316998571157455 -0.04711395129561424
v 0.007249950896948576 0.049303941428661346 -0.046950988471508026
v -0.049094971269369125 0.046499960124492645 -0.06199996918439865
v -0.026999950408935547 0.049316998571157455 -0.04711395129561424
v -0.049094971269369125 0.046499960124492645 -0.06199996918439865
v -0.06186794862151146 0.05000697821378708 -0.026985999196767807
v -0.06766598671674728 0.05000697821378708 -0.016919970512390137
v -0.07067298144102097 0.05000697821378708 -0.005750000011175871
v -0.07104098051786423 0.050030939280986786 0.0
v -0.06766598671674728 0.05000697821378708 -0.016919970512390137
v 0.034260980784893036 0.04830896109342575 0.03932898864150047
v 0.018473979085683823 0.048430971801280975 0.04842095822095871
v 0.023287950083613396 0.044880978763103485 0.046913981437683105
v 0.040251970291137695 0.050113968551158905 0.007254958152770996
v 0.047705940902233124 0.048521991819143295 0.020893989130854607
v 0.04085694998502731 0.050090961158275604 -0.0013929599663242698
v -0.07860296219587326 0.04293698072433472 -0.010275949724018574
v -0.07532799243927002 0.031946949660778046 -0.007332980167120695
v -0.07584594935178757 0.032006971538066864 -0.003903985023498535
v 0.03831595182418823 0.03093099035322666 -0.030184980481863022
v 0.020251980051398277 0.10038600116968155 -0.02569895051419735
v 0.017607979476451874 0.09718798846006393 -0.03072798065841198
v 0.00703197717666626 0.09745495766401291 -0.034751951694488525
v 0.032846979796886444 0.09733294695615768 0.013234970159828663
v 0.035262998193502426 0.09708397835493088 0.0038639900740236044
v 0.03255295008420944 0.10028800368309021 0.0031469459645450115
v -0.0685499906539917 0.06788098067045212 0.005779981147497892
v -0.06054997071623802 0.09707999229431152 0.011810950003564358
v -0.06244397163391113 0.09730297327041626 -9.000000136438757e-05
v 0.013427969999611378 0.10497800260782242 0.003633975051343441
v 0.03255295008420944 0.10028800368309021 0.0031469459645450115
v 0.018164990469813347 0.10339099913835526 -0.01161396037787199
v 0.017607979476451874 0.09718798846006393 -0.03072798065841198
v 0.01869099959731102 0.0827779695391655 -0.03416496142745018
v 0.00703197717666626 0.09745495766401291 -0.034751951694488525
v 0.03255295008420944 0.10028800368309021 0.0031469459645450115
v 0.030804989859461784 0.09994900226593018 -0.01232600025832653
v 0.018164990469813347 0.10339099913835526 -0.01161396037787199
v 0.032846979796886444 0.09733294695615768 0.013234970159828663
v 0.02543199062347412 0.09761697053909302 0.0246499702334404
v 0.029199950397014618 0.08268599957227707 0.026035960763692856
v 0.037383969873189926 0.08261697739362717 -0.011689960025250912
v 0.029055949300527573 0.08368294686079025 -0.02603697031736374
v 0.032895978540182114 0.09718798846006393 -0.013207970187067986
v -0.0381009504199028 0.08291994780302048 -0.03737293928861618
v -0.04646395891904831 0.09720200300216675 -0.029713980853557587
v -0.03361498937010765 0.09735696762800217 -0.034922000020742416
v 0.013427969999611378 0.10497800260782242 0.003633975051343441
v 0.0059659481048583984 0.10465399920940399 -0.013877980411052704
v -0.03547798842191696 0.10480300337076187 -0.011586960405111313
v 0.013427969999611378 0.10497800260782242 0.003633975051343441
v 0.026346979662775993 0.10038699954748154 0.019275959581136703
v 0.03255295008420944 0.10028800368309021 0.0031469459645450115
v -0.0587269589304924 0.10042700171470642 -0.006284952163696289
v -0.05931197851896286 0.10016799718141556 0.005212962161749601
v -0.04067599028348923 0.10495790094137192 0.004017949104309082
v -0.031901948153972626 0.10390900075435638 0.018676990643143654
v -0.04198098182678223 0.10009399801492691 0.02931296080350876
v -0.031286001205444336 0.10021299868822098 0.0324089489877224
v 0.004230976104736328 0.10392899811267853 0.018830949440598488
v -0.04067599028348923 0.10495790094137192 0.004017949104309082
v -0.031901948153972626 0.10390900075435638 0.018676990643143654
v -0.05931197851896286 0.10016799718141556 0.005212962161749601
v -0.0587269589304924 0.10042700171470642 -0.006284952163696289
v -0.06244397163391113 0.09730297327041626 -9.000000136438757e-05
v 0.026346979662775993 0.10038699954748154 0.019275959581136703
v 0.032846979796886444 0.09733294695615768 0.013234970159828663
v 0.03255295008420944 0.10028800368309021 0.0031469459645450115
v -0.06107097119092941 0.08117896318435669 0.02003598026931286
v -0.0685499906539917 0.06788098067045212 0.005779981147497892
v -0.06349294632673264 0.06414800137281418 0.02158099040389061
v 0.035262998193502426 0.09708397835493088 0.0038639900740236044
v 0.032846979796886444 0.09733294695615768 0.013234970159828663
v 0.038657959550619125 0.083189956843853 0.005401968024671078
v 0.017607979476451874 0.09718798846006393 -0.03072798065841198
v 0.029055949300527573 0.08368294686079025 -0.02603697031736374
v 0.01869099959731102 0.0827779695391655 -0.03416496142745018
v 0.013945990242064 0.09742795675992966 0.03256797045469284
v 0.0034109950065612793 0.0991249606013298 0.034346990287303925
v 0.006589949131011963 0.08338499069213867 0.03837095946073532
v 0.026346979662775993 0.10038699954748154 0.019275959581136703
v 0.02543199062347412 0.09761697053909302 0.0246499702334404
v 0.032846979796886444 0.09733294695615768 0.013234970159828663
v -0.04067599028348923 0.10495790094137192 0.004017949104309082
v 0.013427969999611378 0.10497800260782242 0.003633975051343441
v -0.03547798842191696 0.10480300337076187 -0.011586960405111313
v 0.032895978540182114 0.09718798846006393 -0.013207970187067986
v 0.029055949300527573 0.08368294686079025 -0.02603697031736374
v 0.026261979714035988 0.09758894890546799 -0.023818960413336754
v 0.01869099959731102 0.0827779695391655 -0.03416496142745018
v 0.006491959095001221 0.08340399712324142 -0.03845899924635887
v 0.00703197717666626 0.09745495766401291 -0.034751951694488525
v -0.03361498937010765 0.09735696762800217 -0.034922000020742416
v -0.03021096996963024 0.0751519724726677 -0.040422968566417694
v -0.0381009504199028 0.08291994780302048 -0.03737293928861618
v -0.04646395891904831 0.09720200300216675 -0.029713980853557587
v -0.0381009504199028 0.08291994780302048 -0.03737293928861618
v -0.04669398069381714 0.07270395010709763 -0.036104969680309296
v -0.06054997071623802 0.09707999229431152 0.011810950003564358
v -0.06107097119092941 0.08117896318435669 0.02003598026931286
v -0.054177988320589066 0.09832494705915451 0.022020990028977394
v -0.07045096158981323 0.050481971353292465 -0.0070479512214660645
v -0.06476598232984543 0.07355797290802002 -0.015996990725398064
v -0.06753796339035034 0.050522979348897934 -0.017106950283050537
v -0.06634598225355148 0.08064495772123337 -0.0028419489972293377
v -0.07045096158981323 0.050481971353292465 -0.0070479512214660645
v -0.0685499906539917 0.06788098067045212 0.005779981147497892
v 0.004230976104736328 0.10392899811267853 0.018830949440598488
v 0.0034109950065612793 0.0991249606013298 0.034346990287303925
v 0.014117949642241001 0.1002810001373291 0.02947496995329857
v 0.005679965019226074 0.10017000138759613 -0.03237098082900047
v 0.0059659481048583984 0.10465399920940399 -0.013877980411052704
v 0.020251980051398277 0.10038600116968155 -0.02569895051419735
v 0.030804989859461784 0.09994900226593018 -0.01232600025832653
v 0.020251980051398277 0.10038600116968155 -0.02569895051419735
v 0.018164990469813347 0.10339099913835526 -0.01161396037787199
v 0.004230976104736328 0.10392899811267853 0.018830949440598488
v 0.014117949642241001 0.1002810001373291 0.02947496995329857
v 0.026346979662775993 0.10038699954748154 0.019275959581136703
v -0.04067599028348923 0.10495790094137192 0.004017949104309082
v -0.05931197851896286 0.10016799718141556 0.005212962161749601
v -0.05364596098661423 0.10092300176620483 0.01720499061048031
v -0.04198098182678223 0.10009399801492691 0.02931296080350876
v -0.031901948153972626 0.10390900075435638 0.018676990643143654
v -0.05364596098661423 0.10092300176620483 0.01720499061048031
v -0.05364596098661423 0.10092300176620483 0.01720499061048031
v -0.031901948153972626 0.10390900075435638 0.018676990643143654
v -0.04067599028348923 0.10495790094137192 0.004017949104309082
v -0.03547798842191696 0.10480300337076187 -0.011586960405111313
v -0.03586696833372116 0.10049399733543396 -0.031306978315114975
v -0.04884998872876167 0.10048700124025345 -0.023748990148305893
v -0.0587269589304924 0.10042700171470642 -0.006284952163696289
v -0.04067599028348923 0.10495790094137192 0.004017949104309082
v -0.03547798842191696 0.10480300337076187 -0.011586960405111313
v -0.05364596098661423 0.10092300176620483 0.01720499061048031
v -0.06054997071623802 0.09707999229431152 0.011810950003564358
v -0.054177988320589066 0.09832494705915451 0.022020990028977394
v -0.05931197851896286 0.10016799718141556 0.005212962161749601
v -0.06054997071623802 0.09707999229431152 0.011810950003564358
v -0.05364596098661423 0.10092300176620483 0.01720499061048031
v -0.06244397163391113 0.09730297327041626 -9.000000136438757e-05
v -0.06054997071623802 0.09707999229431152 0.011810950003564358
v -0.05931197851896286 0.10016799718141556 0.005212962161749601
v -0.06121598929166794 0.0971679612994194 -0.00925594475120306
v -0.0587269589304924 0.10042700171470642 -0.006284952163696289
v -0.05800795182585716 0.09847395867109299 -0.01583397015929222
v -0.03361498937010765 0.09735696762800217 -0.034922000020742416
v -0.04646395891904831 0.09720200300216675 -0.029713980853557587
v -0.03586696833372116 0.10049399733543396 -0.031306978315114975
v -0.03277498111128807 0.09715496748685837 0.03517597168684006
v -0.04198098182678223 0.10009399801492691 0.02931296080350876
v -0.046028971672058105 0.09719394892454147 0.03004896081984043
v 0.0034109950065612793 0.0991249606013298 0.034346990287303925
v 0.013945990242064 0.09742795675992966 0.03256797045469284
v 0.014117949642241001 0.1002810001373291 0.02947496995329857
v 0.032895978540182114 0.09718798846006393 -0.013207970187067986
v 0.030804989859461784 0.09994900226593018 -0.01232600025832653
v 0.034908950328826904 0.09747897833585739 -0.005265951156616211
v 0.005679965019226074 0.10017000138759613 -0.03237098082900047
v 0.020251980051398277 0.10038600116968155 -0.02569895051419735
v 0.00703197717666626 0.09745495766401291 -0.034751951694488525
v 0.037383969873189926 0.08261697739362717 -0.011689960025250912
v 0.040883950889110565 0.0536949597299099 -0.0050699710845947266
v 0.03542596101760864 0.053599949926137924 -0.021030960604548454
v 0.034908950328826904 0.09747897833585739 -0.005265951156616211
v 0.035262998193502426 0.09708397835493088 0.0038639900740236044
v 0.038657959550619125 0.083189956843853 0.005401968024671078
v 0.006491959095001221 0.08340399712324142 -0.03845899924635887
v -0.026762960478663445 0.05047595128417015 -0.04409496858716011
v -0.03021096996963024 0.0751519724726677 -0.040422968566417694
v 0.03440194949507713 0.053436990827322006 0.02242100052535534
v 0.024222970008850098 0.053621940314769745 0.03334397077560425
v 0.030509939417243004 0.050862960517406464 0.02515696920454502
v 0.024222970008850098 0.053621940314769745 0.03334397077560425
v 0.02135895937681198 0.05083297938108444 0.03351699933409691
v 0.030509939417243004 0.050862960517406464 0.02515696920454502
v -0.056392960250377655 0.05044597014784813 0.03278594836592674
v -0.06927996128797531 0.0504639707505703 0.011411960236728191
v -0.014398990198969841 0.05037200078368187 -0.043793968856334686
v -0.07045096158981323 0.050481971353292465 -0.0070479512214660645
v -0.07045096158981323 0.050481971353292465 -0.0070479512214660645
v -0.06753796339035034 0.050522979348897934 -0.017106950283050537
v -0.014398990198969841 0.05037200078368187 -0.043793968856334686
v -0.06753796339035034 0.050522979348897934 -0.017106950283050537
v -0.05369699001312256 0.05051593855023384 -0.035018980503082275
v -0.014398990198969841 0.05037200078368187 -0.043793968856334686
v 0.024222970008850098 0.053621940314769745 0.03334397077560425
v 0.011741990223526955 0.053780969232320786 0.03929799050092697
v 0.02135895937681198 0.05083297938108444 0.03351699933409691
v -0.03927396982908249 0.05049895867705345 -0.04229794815182686
v 0.011741990223526955 0.053780969232320786 0.03929799050092697
v 0.011307000182569027 0.050749000161886215 0.037892989814281464
v 0.02135895937681198 0.05083297938108444 0.03351699933409691
v -0.026762960478663445 0.05047595128417015 -0.04409496858716011
v 0.011741990223526955 0.053780969232320786 0.03929799050092697
v -0.01475398987531662 0.051017988473176956 0.04366695135831833
v 0.011307000182569027 0.050749000161886215 0.037892989814281464
v -0.013337959535419941 0.05051498860120773 0.042881958186626434
v 0.006491959095001221 0.08340399712324142 -0.03845899924635887
v 0.012283979915082455 0.053865961730480194 -0.03913199156522751
v -0.014398990198969841 0.05037200078368187 -0.043793968856334686
v 0.006589949131011963 0.08338499069213867 0.03837095946073532
v -0.016331970691680908 0.05491197109222412 0.043336980044841766
v -0.01619195006787777 0.053352948278188705 0.04350696876645088
v -0.01542298961430788 0.05144494026899338 0.04370296001434326
v 0.00803995132446289 0.05074197053909302 -0.038717981427907944
v 0.00803995132446289 0.05074197053909302 -0.038717981427907944
v 0.01794295944273472 0.05081098899245262 -0.03540097922086716
v -0.014398990198969841 0.05037200078368187 -0.043793968856334686
v 0.01794295944273472 0.05081098899245262 -0.03540097922086716
v 0.030410999432206154 0.05033694952726364 -0.02608196996152401
v -0.04669398069381714 0.07270395010709763 -0.036104969680309296
v -0.03927396982908249 0.05049895867705345 -0.04229794815182686
v -0.05369699001312256 0.05051593855023384 -0.035018980503082275
v -0.045027971267700195 0.07261496037244797 0.03695100173354149
v -0.05372697114944458 0.07370197027921677 0.030915969982743263
v -0.056392960250377655 0.05044597014784813 0.03278594836592674
v -0.05372697114944458 0.07370197027921677 0.030915969982743263
v -0.06349294632673264 0.06414800137281418 0.02158099040389061
v -0.056392960250377655 0.05044597014784813 0.03278594836592674
v -0.06349294632673264 0.06414800137281418 0.02158099040389061
v -0.06349294632673264 0.06414800137281418 0.02158099040389061
v -0.0685499906539917 0.06788098067045212 0.005779981147497892
v -0.06927996128797531 0.0504639707505703 0.011411960236728191
v -0.05872296914458275 0.06784199923276901 -0.027424989268183708
v 0.032846979796886444 0.09733294695615768 0.013234970159828663
v 0.03524094074964523 0.08273196220397949 0.016381969675421715
v 0.038657959550619125 0.083189956843853 0.005401968024671078
v -0.036550991237163544 0.050413958728313446 0.043088968843221664
v -0.03254394978284836 0.07183700054883957 0.04078996181488037
v 0.012283979915082455 0.053865961730480194 -0.03913199156522751
v 0.01794295944273472 0.05081098899245262 -0.03540097922086716
v 0.00803995132446289 0.05074197053909302 -0.038717981427907944
v 0.012283979915082455 0.053865961730480194 -0.03913199156522751
v 0.023954980075359344 0.05410896986722946 -0.0335649810731411
v 0.01794295944273472 0.05081098899245262 -0.03540097922086716
v 0.01794295944273472 0.05081098899245262 -0.03540097922086716
v 0.023954980075359344 0.05410896986722946 -0.0335649810731411
v 0.030410999432206154 0.05033694952726364 -0.02608196996152401
v 0.023954980075359344 0.05410896986722946 -0.0335649810731411
v 0.03542596101760864 0.053599949926137924 -0.021030960604548454
v 0.030410999432206154 0.05033694952726364 -0.02608196996152401
v 0.04014896973967552 0.050376951694488525 0.0
v 0.030410999432206154 0.05033694952726364 -0.02608196996152401
v -0.06476598232984543 0.07355797290802002 -0.015996990725398064
v -0.07045096158981323 0.050481971353292465 -0.0070479512214660645
v -0.06634598225355148 0.08064495772123337 -0.0028419489972293377
v -0.054177988320589066 0.09832494705915451 0.022020990028977394
v -0.06107097119092941 0.08117896318435669 0.02003598026931286
v -0.05372697114944458 0.07370197027921677 0.030915969982743263
v -0.03254394978284836 0.07183700054883957 0.04078996181488037
v -0.045027971267700195 0.07261496037244797 0.03695100173354149
v -0.036550991237163544 0.050413958728313446 0.043088968843221664
v -0.04669398069381714 0.07270395010709763 -0.036104969680309296
v -0.05369699001312256 0.05051593855023384 -0.035018980503082275
v -0.05872296914458275 0.06784199923276901 -0.027424989268183708
v -0.06476598232984543 0.07355797290802002 -0.015996990725398064
v -0.05872296914458275 0.06784199923276901 -0.027424989268183708
v -0.06753796339035034 0.050522979348897934 -0.017106950283050537
v -0.03021096996963024 0.0751519724726677 -0.040422968566417694
v -0.03927396982908249 0.05049895867705345 -0.04229794815182686
v -0.0381009504199028 0.08291994780302048 -0.03737293928861618
v 0.029055949300527573 0.08368294686079025 -0.02603697031736374
v 0.03542596101760864 0.053599949926137924 -0.021030960604548454
v 0.023954980075359344 0.05410896986722946 -0.0335649810731411
v 0.03694694861769676 0.05047297105193138 -0.014775989577174187
v 0.04014896973967552 0.050376951694488525 0.0
v 0.030410999432206154 0.05033694952726364 -0.02608196996152401
v 0.03255295008420944 0.10028800368309021 0.0031469459645450115
v 0.035262998193502426 0.09708397835493088 0.0038639900740236044
v 0.034908950328826904 0.09747897833585739 -0.005265951156616211
v -0.04198098182678223 0.10009399801492691 0.02931296080350876
v -0.05364596098661423 0.10092300176620483 0.01720499061048031
v -0.054177988320589066 0.09832494705915451 0.022020990028977394
v 0.02543199062347412 0.09761697053909302 0.0246499702334404
v 0.014117949642241001 0.1002810001373291 0.02947496995329857
v 0.013945990242064 0.09742795675992966 0.03256797045469284
v -0.06244397163391113 0.09730297327041626 -9.000000136438757e-05
v -0.06121598929166794 0.0971679612994194 -0.00925594475120306
v -0.06634598225355148 0.08064495772123337 -0.0028419489972293377
v 0.014117949642241001 0.1002810001373291 0.02947496995329857
v 0.02543199062347412 0.09761697053909302 0.0246499702334404
v 0.026346979662775993 0.10038699954748154 0.019275959581136703
v -0.04884998872876167 0.10048700124025345 -0.023748990148305893
v -0.054776959121227264 0.09738694876432419 -0.021912990137934685
v -0.05800795182585716 0.09847395867109299 -0.01583397015929222
v -0.054776959121227264 0.09738694876432419 -0.021912990137934685
v -0.05872296914458275 0.06784199923276901 -0.027424989268183708
v -0.06476598232984543 0.07355797290802002 -0.015996990725398064
v 0.018595989793539047 0.08289896696805954 0.034219980239868164
v 0.011741990223526955 0.053780969232320786 0.03929799050092697
v 0.024222970008850098 0.053621940314769745 0.03334397077560425
v 0.032895978540182114 0.09718798846006393 -0.013207970187067986
v 0.034908950328826904 0.09747897833585739 -0.005265951156616211
v 0.037383969873189926 0.08261697739362717 -0.011689960025250912
v 0.039981961250305176 0.05364799126982689 0.009817956946790218
v 0.03524094074964523 0.08273196220397949 0.016381969675421715
v 0.03440194949507713 0.053436990827322006 0.02242100052535534
v 0.03694694861769676 0.05047297105193138 -0.014775989577174187
v 0.03896695002913475 0.050864990800619125 -0.007227956783026457
v 0.04014896973967552 0.050376951694488525 0.0
v 0.03896695002913475 0.050864990800619125 -0.007227956783026457
v 0.040883950889110565 0.0536949597299099 -0.0050699710845947266
v 0.006589949131011963 0.08338499069213867 0.03837095946073532
v 0.011741990223526955 0.053780969232320786 0.03929799050092697
v 0.018595989793539047 0.08289896696805954 0.034219980239868164
v -0.06476598232984543 0.07355797290802002 -0.015996990725398064
v -0.06121598929166794 0.0971679612994194 -0.00925594475120306
v -0.05800795182585716 0.09847395867109299 -0.01583397015929222
v 0.039981961250305176 0.05364799126982689 0.009817956946790218
v 0.0380699597299099 0.050500981509685516 0.011577960103750229
v 0.03506499156355858 0.050436969846487045 0.018808960914611816
v 0.029199950397014618 0.08268599957227707 0.026035960763692856
v 0.02543199062347412 0.09761697053909302 0.0246499702334404
v 0.018595989793539047 0.08289896696805954 0.034219980239868164
v 0.029199950397014618 0.08268599957227707 0.026035960763692856
v 0.026261979714035988 0.09758894890546799 -0.023818960413336754
v 0.029055949300527573 0.08368294686079025 -0.02603697031736374
v 0.017607979476451874 0.09718798846006393 -0.03072798065841198
v 0.037383969873189926 0.08261697739362717 -0.011689960025250912
v 0.038657959550619125 0.083189956843853 0.005401968024671078
v 0.018595989793539047 0.08289896696805954 0.034219980239868164
v 0.013945990242064 0.09742795675992966 0.03256797045469284
v 0.006589949131011963 0.08338499069213867 0.03837095946073532
v 0.006589949131011963 0.08338499069213867 0.03837095946073532
v -0.03254394978284836 0.07183700054883957 0.04078996181488037
v -0.016331970691680908 0.05491197109222412 0.043336980044841766
v -0.03277498111128807 0.09715496748685837 0.03517597168684006
v -0.03254394978284836 0.07183700054883957 0.04078996181488037
v 0.006589949131011963 0.08338499069213867 0.03837095946073532
v -0.03586696833372116 0.10049399733543396 -0.031306978315114975
v 0.0059659481048583984 0.10465399920940399 -0.013877980411052704
v 0.005679965019226074 0.10017000138759613 -0.03237098082900047
v -0.03361498937010765 0.09735696762800217 -0.034922000020742416
v 0.005679965019226074 0.10017000138759613 -0.03237098082900047
v 0.00703197717666626 0.09745495766401291 -0.034751951694488525
v -0.04884998872876167 0.10048700124025345 -0.023748990148305893
v -0.05800795182585716 0.09847395867109299 -0.01583397015929222
v -0.0587269589304924 0.10042700171470642 -0.006284952163696289
v 0.03542596101760864 0.053599949926137924 -0.021030960604548454
v 0.040883950889110565 0.0536949597299099 -0.0050699710845947266
v 0.03694694861769676 0.05047297105193138 -0.014775989577174187
v 0.040883950889110565 0.0536949597299099 -0.0050699710845947266
v 0.03896695002913475 0.050864990800619125 -0.007227956783026457
v 0.03694694861769676 0.05047297105193138 -0.014775989577174187
v 0.030509939417243004 0.050862960517406464 0.02515696920454502
v 0.02135895937681198 0.05083297938108444 0.03351699933409691
v 0.03506499156355858 0.050436969846487045 0.018808960914611816
v 0.02135895937681198 0.05083297938108444 0.03351699933409691
v 0.011307000182569027 0.050749000161886215 0.037892989814281464
v 0.03506499156355858 0.050436969846487045 0.018808960914611816
v 0.020251980051398277 0.10038600116968155 -0.02569895051419735
v 0.0059659481048583984 0.10465399920940399 -0.013877980411052704
v 0.018164990469813347 0.10339099913835526 -0.01161396037787199
v -0.03547798842191696 0.10480300337076187 -0.011586960405111313
v 0.0059659481048583984 0.10465399920940399 -0.013877980411052704
v -0.03586696833372116 0.10049399733543396 -0.031306978315114975
v -0.0587269589304924 0.10042700171470642 -0.006284952163696289
v -0.03547798842191696 0.10480300337076187 -0.011586960405111313
v -0.04884998872876167 0.10048700124025345 -0.023748990148305893
v 0.03524094074964523 0.08273196220397949 0.016381969675421715
v -0.046028971672058105 0.09719394892454147 0.03004896081984043
v -0.054177988320589066 0.09832494705915451 0.022020990028977394
v -0.05372697114944458 0.07370197027921677 0.030915969982743263
v 0.023954980075359344 0.05410896986722946 -0.0335649810731411
v 0.01869099959731102 0.0827779695391655 -0.03416496142745018
v 0.029055949300527573 0.08368294686079025 -0.02603697031736374
v -0.03586696833372116 0.10049399733543396 -0.031306978315114975
v -0.04646395891904831 0.09720200300216675 -0.029713980853557587
v -0.04884998872876167 0.10048700124025345 -0.023748990148305893
v -0.05800795182585716 0.09847395867109299 -0.01583397015929222
v -0.054776959121227264 0.09738694876432419 -0.021912990137934685
v -0.06476598232984543 0.07355797290802002 -0.015996990725398064
v -0.054776959121227264 0.09738694876432419 -0.021912990137934685
v -0.04646395891904831 0.09720200300216675 -0.029713980853557587
v -0.05872296914458275 0.06784199923276901 -0.027424989268183708
v -0.03277498111128807 0.09715496748685837 0.03517597168684006
v -0.045027971267700195 0.07261496037244797 0.03695100173354149
v -0.03254394978284836 0.07183700054883957 0.04078996181488037
v 0.006648956798017025 0.03165297955274582 0.04816097021102905
v 0.006503998767584562 0.031017949804663658 0.04800695180892944
v 0.010356959886848927 0.03291099891066551 0.04786098003387451
v 0.02506696991622448 0.03092998079955578 -0.03554898127913475
v 0.031328968703746796 0.030314980074763298 -0.03593796119093895
v 0.036944981664419174 0.03263700008392334 0.03215496987104416
v 0.040199991315603256 0.030128000304102898 0.026845989748835564
v 0.03796796873211861 0.032621968537569046 0.030896959826350212
v 0.033893998712301254 0.031782981008291245 0.034878961741924286
v 0.03429697826504707 0.031580980867147446 0.034443970769643784
v 0.03457396849989891 0.032693978399038315 0.034554000943899155
v 0.04862796887755394 0.03213696926832199 0.005244969855993986
v 0.04846196994185448 0.0309329591691494 -0.003131984965875745
v 0.048745978623628616 0.0320739708840847 0.003979980014264584
v -0.06852900236845016 0.013156949542462826 -0.0359339714050293
v 0.03514397144317627 0.030928960070014 -0.03387695178389549
v 0.035688988864421844 0.030928960070014 -0.03332095965743065
v 0.0352739617228508 0.030342990532517433 -0.03363697975873947
v 0.04047399014234543 0.030910959467291832 -0.02731895074248314
v 0.0405849814414978 0.031694941222667694 -0.027912970632314682
v 0.04067295044660568 0.030915969982743263 -0.026959000155329704
v 0.048745978623628616 0.0320739708840847 0.003979980014264584
v 0.0476529486477375 0.030263960361480713 0.009385943412780762
v 0.048948999494314194 0.03211294859647751 0.002181946998462081
v 0.006477952003479004 0.03161495178937912 0.048177000135183334
v 0.005656957160681486 0.03126800060272217 0.048179980367422104
v 0.006503998767584562 0.031017949804663658 0.04800695180892944
v 0.023570949211716652 0.0329439602792263 0.042931970208883286
v 0.022327950224280357 0.032835960388183594 0.04358594864606857
v 0.025251980870962143 0.029936959967017174 0.04122798889875412
v -0.06106996163725853 0.03225594013929367 0.03501296043395996
v -0.060992948710918427 0.03095399960875511 0.034581951797008514
v -0.060423970222473145 0.03269999846816063 0.03579895943403244
v 0.00574797298759222 0.03156697005033493 0.04825197905302048
v 0.005637942813336849 0.03156298026442528 0.04826395958662033
v 0.005656957160681486 0.03126800060272217 0.048179980367422104
v 0.036629971116781235 0.030928960070014 -0.03227096050977707
v 0.035972949117422104 0.030950959771871567 -0.033008988946676254
v 0.0405849814414978 0.031694941222667694 -0.027912970632314682
v 0.04319094866514206 0.03247898072004318 0.023107999935746193
v 0.045548971742391586 0.03191094845533371 0.01810299977660179
v 0.04387294873595238 0.03245300054550171 0.021644940599799156
v 0.021624980494379997 0.03286099061369896 0.043901968747377396
v 0.013173989951610565 0.032895978540182114 0.04732400178909302
v 0.025251980870962143 0.029936959967017174 0.04122798889875412
v -0.01792198047041893 0.030936000868678093 -0.034718990325927734
v -0.06653398275375366 0.031007999554276466 -0.02924495004117489
v -0.0723559781908989 0.031058959662914276 -0.01295000035315752
v -0.06796497106552124 0.031020989641547203 -0.027203969657421112
v 0.03352797031402588 0.030928960070014 -0.034751951694488525
v 0.04010099172592163 0.03092998079955578 -0.027872970327734947
v 0.0405849814414978 0.031694941222667694 -0.027912970632314682
v 0.04032396897673607 0.03092998079955578 -0.027574950829148293
v 0.006648956798017025 0.03165297955274582 0.04816097021102905
v 0.006477952003479004 0.03161495178937912 0.048177000135183334
v 0.006503998767584562 0.031017949804663658 0.04800695180892944
v 0.04887497052550316 0.03180700168013573 -0.000990999978967011
v 0.04846196994185448 0.0309329591691494 -0.003131984965875745
v 0.04847395047545433 0.0309329591691494 -0.004281997215002775
v 0.0463249608874321 0.03237396106123924 0.015860969200730324
v 0.045497000217437744 0.03239196166396141 0.018156999722123146
v 0.043110959231853485 0.031123990193009377 0.019052980467677116
v 0.04862796887755394 0.03213696926832199 0.005244969855993986
v 0.048745978623628616 0.0320739708840847 0.003979980014264584
v 0.048948999494314194 0.03211294859647751 0.002181946998462081
v -0.06130694970488548 0.03109597973525524 0.03431195020675659
v -0.0697389766573906 0.03110997937619686 -0.024742960929870605
v -0.06671398133039474 0.032851990312337875 0.02876698039472103
v -0.06422095745801926 0.032622989267110825 0.03188794106245041
v -0.06672000139951706 0.032965000718832016 0.02881300076842308
v 0.021624980494379997 0.03286099061369896 0.043901968747377396
v 0.025251980870962143 0.029936959967017174 0.04122798889875412
v 0.022327950224280357 0.032835960388183594 0.04358594864606857
v 0.0346749983727932 0.03167098015546799 0.03411895036697388
v 0.034908950328826904 0.03162597864866257 0.033813949674367905
v 0.036944981664419174 0.03263700008392334 0.03215496987104416
v 0.047729961574077606 0.030942970886826515 -0.009575963020324707
v 0.04804997891187668 0.0316009484231472 -0.00900799036026001
v 0.04825996980071068 0.0309329591691494 -0.006475985050201416
v 0.048948999494314194 0.03211294859647751 0.002181946998462081
v 0.04892098158597946 0.031961970031261444 0.0004469999694265425
v 0.04895395040512085 0.0320819616317749 0.00044499998330138624
v 0.04876499995589256 0.03215700015425682 0.004737973213195801
v -0.07479994744062424 0.0318869911134243 -0.010781999677419662
v -0.07531099766492844 0.031944990158081055 -0.007447957061231136
v -0.07860296219587326 0.04293698072433472 -0.010275949724018574
v 0.029336979612708092 0.03275996074080467 0.03921395167708397
v 0.025251980870962143 0.029936959967017174 0.04122798889875412
v 0.030962999910116196 0.032624948769807816 0.03780096024274826
v -0.06106996163725853 0.03225594013929367 0.03501296043395996
v -0.06422095745801926 0.032622989267110825 0.03188794106245041
v -0.06157194823026657 0.03206795081496239 0.034450940787792206
v 0.047729961574077606 0.030942970886826515 -0.009575963020324707
v 0.04814593866467476 0.03192298859357834 -0.008999942801892757
v 0.04804997891187668 0.0316009484231472 -0.00900799036026001
v -0.06852900236845016 0.013156949542462826 -0.0359339714050293
v -0.06185698136687279 0.030965980142354965 -0.03370796889066696
v -0.05470699071884155 0.025929979979991913 -0.035420000553131104
v -0.06106996163725853 0.03225594013929367 0.03501296043395996
v -0.06130694970488548 0.03109597973525524 0.03431195020675659
v -0.060992948710918427 0.03095399960875511 0.034581951797008514
v 0.043178971856832504 0.030992979183793068 -0.022648990154266357
v 0.043549951165914536 0.030946960672736168 -0.021881990134716034
v 0.0439869686961174 0.029944950714707375 -0.020989950746297836
v -0.06072496995329857 0.030955970287322998 -0.03382498025894165
v 0.03820699080824852 0.03268295153975487 0.03063398040831089
v 0.023570949211716652 0.0329439602792263 0.042931970208883286
v 0.02371996082365513 0.03295797109603882 0.04284900054335594
v 0.02362697944045067 0.03307497128844261 0.04294198006391525
v 0.03352797031402588 0.030928960070014 -0.034751951694488525
v 0.0352739617228508 0.030342990532517433 -0.03363697975873947
v 0.031328968703746796 0.030314980074763298 -0.03593796119093895
v 0.03765295818448067 0.030928960070014 -0.03100495971739292
v 0.036629971116781235 0.030928960070014 -0.03227096050977707
v 0.0405849814414978 0.031694941222667694 -0.027912970632314682
v 0.043178971856832504 0.030992979183793068 -0.022648990154266357
v 0.042770981788635254 0.030942970886826515 -0.023442979902029037
v 0.0405849814414978 0.031694941222667694 -0.027912970632314682
v 0.024225950241088867 0.033007968217134476 0.042563971132040024
v 0.02362697944045067 0.03307497128844261 0.04294198006391525
v 0.02371996082365513 0.03295797109603882 0.04284900054335594
v 0.02362697944045067 0.03307497128844261 0.04294198006391525
v 0.023570949211716652 0.0329439602792263 0.042931970208883286
v 0.02371996082365513 0.03295797109603882 0.04284900054335594
v 0.04804997891187668 0.0316009484231472 -0.00900799036026001
v 0.04814593866467476 0.03192298859357834 -0.008999942801892757
v 0.048243988305330276 0.030901959165930748 -0.006483972072601318
v 0.042770981788635254 0.030942970886826515 -0.023442979902029037
v 0.04194395989179611 0.030936000868678093 -0.024866990745067596
v 0.0405849814414978 0.031694941222667694 -0.027912970632314682
v 0.039428938180208206 0.03092998079955578 -0.028774969279766083
v 0.03831595182418823 0.03093099035322666 -0.030184980481863022
v 0.0405849814414978 0.031694941222667694 -0.027912970632314682
v 0.034306999295949936 0.031493961811065674 0.03441596031188965
v 0.033893998712301254 0.031782981008291245 0.034878961741924286
v 0.005637942813336849 0.03156298026442528 0.04826395958662033
v 0.005266963969916105 0.031578950583934784 0.04830199107527733
v 0.005656957160681486 0.03126800060272217 0.048179980367422104
v -0.06950998306274414 0.03104596957564354 -0.025095989927649498
v -0.06796497106552124 0.031020989641547203 -0.027203969657421112
v -0.0723559781908989 0.031058959662914276 -0.01295000035315752
v 0.043549951165914536 0.030946960672736168 -0.021881990134716034
v 0.04628700017929077 0.03178900107741356 -0.01614600047469139
v 0.04527597874403 0.03090899996459484 -0.018046969547867775
v -0.06463295221328735 0.030990950763225555 -0.03143996000289917
v -0.06298798322677612 0.030975989997386932 -0.03333896026015282
v -0.06852900236845016 0.013156949542462826 -0.0359339714050293
v -0.06961899250745773 0.032712988555431366 0.024201979860663414
v -0.06978695839643478 0.03266400098800659 0.023879999294877052
v -0.06956797093153 0.03249698132276535 0.024162940680980682
v 0.047729961574077606 0.030942970886826515 -0.009575963020324707
v 0.046935971826314926 0.03095196932554245 -0.013067959807813168
v 0.04628700017929077 0.03178900107741356 -0.01614600047469139
v 0.005637942813336849 0.03156298026442528 0.04826395958662033
v 0.009395956061780453 0.02918297052383423 0.04746298864483833
v 0.00574797298759222 0.03156697005033493 0.04825197905302048
v -0.0591849610209465 0.030941959470510483 -0.033860981464385986
v 0.048895951360464096 0.031856000423431396 -0.0006820000126026571
v -0.06373900175094604 0.030983980745077133 -0.037356968969106674
v -0.06319998949766159 0.030978970229625702 -0.03718996047973633
v -0.0628509521484375 0.03462100028991699 -0.03816895931959152
v 0.03631699085235596 0.031007999554276466 -0.05132699012756348
v 0.03306597098708153 0.030936000868678093 -0.0488010011613369
v 0.04081796854734421 0.030806949362158775 -0.05308597907423973
v -0.02469700016081333 0.026776960119605064 -0.035895999521017075
v 0.010819969698786736 0.03093194030225277 -0.03846894949674606
v -0.0628509521484375 0.03462100028991699 -0.03816895931959152
v 0.009108959697186947 0.03093194030225277 -0.03829300031065941
v 0.010819969698786736 0.03093194030225277 -0.03846894949674606
v -0.0628509521484375 0.03462100028991699 -0.03816895931959152
v 0.031583961099386215 0.030937960371375084 -0.04794393852353096
v 0.0036519758868962526 0.0309329591691494 -0.03805296868085861
v -0.05910497158765793 0.030940940603613853 -0.03692400082945824
v -0.06160597875714302 0.030963949859142303 -0.03696196898818016
v 0.03902494162321091 0.03110997937619686 -0.0571819506585598
v 0.03786097839474678 0.031638968735933304 -0.061592988669872284
v 0.03926699981093407 0.03109394945204258 -0.05434494838118553
v -0.053331971168518066 0.030940940603613853 -0.03688395023345947
v -0.04312098026275635 0.030938979238271713 -0.03699897974729538
v 0.008984982036054134 0.016798969358205795 -0.03604596108198166
v 0.009843944571912289 0.01611899957060814 -0.03604096174240112
v 0.013047990389168262 0.030337980017066002 -0.03784298151731491
v -0.008661985397338867 0.03093397058546543 -0.037756968289613724
v 0.03926699981093407 0.03109394945204258 -0.05434494838118553
v 0.03631699085235596 0.031007999554276466 -0.05132699012756348
v 0.03930097073316574 0.031077979132533073 -0.05409996956586838
v 0.009843944571912289 0.01611899957060814 -0.03604096174240112
v -0.0468440018594265 0.011450939811766148 -0.03453600034117699
v 0.0036519758868962526 0.0309329591691494 -0.03805296868085861
v 0.009108959697186947 0.03093194030225277 -0.03829300031065941
v -0.0628509521484375 0.03462100028991699 -0.03816895931959152
v -0.06230795010924339 0.030969969928264618 -0.03706198185682297
v -0.01687793992459774 0.024021979421377182 -0.07750295847654343
v -0.027437979355454445 0.011824959889054298 -0.06533794850111008
v -0.018019970506429672 0.02326297014951706 -0.06541699171066284
v -0.02610497921705246 -0.012969969771802425 -0.07751195877790451
v -0.021127989515662193 -0.020960979163646698 -0.06545495241880417
v -0.029010949656367302 -0.00634795380756259 -0.06522499769926071
v -0.029115969315171242 -0.002658962970599532 -0.07752299308776855
v -0.027437979355454445 0.011824959889054298 -0.06533794850111008
v -0.02694796957075596 0.011581949889659882 -0.07750797271728516
v 0.0032129879109561443 -0.029172949492931366 -0.07747399061918259
v -0.004254995845258236 -0.02909195050597191 -0.06350796669721603
v -0.009665966033935547 -0.02758299931883812 -0.07751595228910446
v 0.011958000250160694 -0.030781980603933334 -0.03828798979520798
v 0.016635950654745102 -0.030816970393061638 -0.03964697942137718
v 0.01508294977247715 -0.030803969129920006 -0.03896193951368332
v -0.06285399198532104 -0.03092700056731701 -0.03890395164489746
v -0.07893996685743332 -0.026732979342341423 -0.039014991372823715
v -0.06414598226547241 -0.031108969822525978 -0.041153959929943085
v -0.06256598234176636 -0.03092700056731701 -0.038611941039562225
v -0.062428951263427734 -0.030924970284104347 -0.038552988320589066
v 0.017206959426403046 -0.030833950266242027 -0.039923958480358124
v 0.016635950654745102 -0.030816970393061638 -0.03964697942137718
v 0.0491749607026577 -0.032148949801921844 0.004482984077185392
v 0.03509794920682907 -0.030800990760326385 -0.04976695030927658
v 0.03344899043440819 -0.031242959201335907 -0.062009990215301514
v 0.04330693930387497 -0.032573990523815155 0.02333395928144455
v 0.035517990589141846 -0.030805999413132668 -0.050034988671541214
v -0.06285399198532104 -0.03092700056731701 -0.03890395164489746
v -0.06256598234176636 -0.03092700056731701 -0.038611941039562225
v -0.06248693913221359 -0.030860960483551025 -0.040359970182180405
v -0.01091098040342331 -0.031191999092698097 -0.06199996918439865
v -0.05757296085357666 -0.0504639707505703 0.03131895884871483
v -0.05381596088409424 -0.05000697821378708 0.03494697064161301
v -0.053295958787202835 -0.0500599704682827 0.034826990216970444
v 0.04878097027540207 0.03200095146894455 -0.004199981223791838
v 0.048933979123830795 0.03203194960951805 -0.002505958080291748
v 0.04867595061659813 0.03143196925520897 -0.0034779899287968874
v -0.0618169903755188 -0.05021797865629196 -0.026715990155935287
v -0.06495100259780884 -0.05024898052215576 -0.022005969658493996
v -0.07491599768400192 -0.04842095822095871 -0.01994496025145054
v 0.008986948989331722 -0.03364795073866844 0.048678990453481674
v 0.00829994585365057 -0.047186970710754395 0.05192798003554344
v 0.022347979247570038 -0.044914960861206055 0.04737997055053711
v -0.07135897129774094 -0.04800599068403244 0.027826959267258644
v -0.07796596735715866 -0.04814498871564865 0.010123959742486477
v -0.06927800178527832 -0.0504639707505703 0.011418989859521389
v 0.04622095078229904 -0.048208948224782944 0.02395695075392723
v 0.05174899101257324 -0.04809999093413353 0.006767988204956055
v 0.04858595132827759 -0.044176988303661346 0.020022980868816376
v 0.03508894890546799 -0.0508299395442009 -0.01912497915327549
v 0.027058949694037437 -0.05065596103668213 0.029228979721665382
v -0.035129960626363754 -0.04500395059585571 0.051952000707387924
v -0.047744978219270706 -0.04777996987104416 0.048090990632772446
v -0.03361998870968819 -0.04802900180220604 0.051594968885183334
v 0.03347098082304001 -0.044600959867239 0.04050099104642868
v 0.04246199131011963 -0.044426970183849335 0.030713969841599464
v 0.03008997067809105 -0.033083971589803696 0.03939998149871826
v -0.0757889673113823 -0.03304897993803024 0.006966948043555021
v -0.0761609598994255 -0.032859981060028076 -0.004730999004095793
v -0.0757889673113823 -0.03304897993803024 0.006966948043555021
v -0.06285399198532104 -0.03092700056731701 -0.03890395164489746
v -0.07491599768400192 -0.04842095822095871 -0.01994496025145054
v -0.062375959008932114 -0.03086400032043457 -0.059986941516399384
v -0.05864197015762329 -0.03724997863173485 -0.06199996918439865
v -0.07135897129774094 -0.04800599068403244 0.027826959267258644
v -0.07182598114013672 -0.04427497833967209 0.02745199017226696
v -0.07839798182249069 -0.044139981269836426 0.011117990128695965
v -0.03481698036193848 -0.05078399181365967 0.043275948613882065
v -0.03481698036193848 -0.05078399181365967 0.043275948613882065
v -0.047744978219270706 -0.04777996987104416 0.048090990632772446
v -0.03361998870968819 -0.04802900180220604 0.051594968885183334
v -0.047744978219270706 -0.04777996987104416 0.048090990632772446
v -0.014351960271596909 -0.05279593914747238 0.043632980436086655
v 0.05174899101257324 -0.04809999093413353 0.006767988204956055
v 0.03671497106552124 -0.05095595121383667 0.014687949791550636
v 0.03918600082397461 -0.05073999986052513 0.007434964179992676
v 0.03918600082397461 -0.05073999986052513 0.007434964179992676
v 0.033127959817647934 -0.050893958657979965 0.021592969074845314
v 0.03671497106552124 -0.05095595121383667 0.014687949791550636
v 0.04622095078229904 -0.048208948224782944 0.02395695075392723
v 0.045173998922109604 -0.048572950065135956 -0.02461194060742855
v 0.02080499939620495 -0.046431951224803925 -0.062013980001211166
v 0.028920939192175865 -0.0420069582760334 -0.06199996918439865
v -0.035129960626363754 -0.04500395059585571 0.051952000707387924
v -0.03361998870968819 -0.04802900180220604 0.051594968885183334
v 0.00829994585365057 -0.047186970710754395 0.05192798003554344
v -0.07135897129774094 -0.04800599068403244 0.027826959267258644
v 0.04246199131011963 -0.044426970183849335 0.030713969841599464
v 0.04858595132827759 -0.044176988303661346 0.020022980868816376
v 0.04330693930387497 -0.032573990523815155 0.02333395928144455
v -0.01091098040342331 -0.031191999092698097 -0.06199996918439865
v 0.005727945826947689 -0.10559599846601486 -0.00027799999224953353
v -0.023726990446448326 -0.10549700260162354 -0.007836996577680111
v 0.009243965148925781 -0.10372500121593475 -0.018540969118475914
v 0.005909978877753019 -0.10051299631595612 0.031872980296611786
v 0.017331000417470932 -0.10021399706602097 0.02765798009932041
v 0.018570000305771828 -0.09760499000549316 0.030000979080796242
v 0.03508894890546799 -0.0508299395442009 -0.01912497915327549
v 0.03913598880171776 -0.053704969584941864 -0.01236896961927414
v 0.034533970057964325 -0.05343395099043846 -0.02219693921506405
v -0.060718949884176254 -0.0972219705581665 0.011134980246424675
v -0.06324195116758347 -0.08065497130155563 0.015807980671525
v -0.06667094677686691 -0.08048199862241745 -0.00014199998986441642
v 0.030927950516343117 -0.08277899026870728 0.02369599975645542
v 0.021453969180583954 -0.08375000208616257 0.03253895044326782
v 0.027929959818720818 -0.09730899333953857 0.0217889491468668
v -0.05182600021362305 -0.09724795073270798 -0.02522294968366623
v -0.054773978888988495 -0.0675339624285698 -0.03135097026824951
v -0.047463949769735336 -0.07414299249649048 -0.03541593998670578
v 0.04106198996305466 -0.05333596095442772 -0.0013939730124548078
v 0.03918600082397461 -0.05073999986052513 0.007434964179992676
v 0.038679949939250946 -0.05370396003127098 0.01442794967442751
v -0.06324195116758347 -0.08065497130155563 0.015807980671525
v -0.06949698179960251 -0.050459980964660645 0.012149980291724205
v -0.06667094677686691 -0.08048199862241745 -0.00014199998986441642
v 0.008588968776166439 -0.10014999657869339 -0.03188997134566307
v 0.012144980020821095 -0.09745197743177414 -0.03325200080871582
v 0.021781979128718376 -0.09726499766111374 -0.02792399935424328
v 0.008588968776166439 -0.10014999657869339 -0.03188997134566307
v 0.0023799529299139977 -0.09743297100067139 -0.03521095961332321
v 0.012144980020821095 -0.09745197743177414 -0.03325200080871582
v -0.0452379509806633 -0.07422696799039841 0.03644096106290817
v -0.034263961017131805 -0.06896299123764038 0.04116100072860718
v -0.04300998896360397 -0.0504639707505703 0.04071896895766258
v -0.0452379509806633 -0.07422696799039841 0.03644096106290817
v -0.054410990327596664 -0.0762929916381836 0.02980094961822033
v -0.04241596907377243 -0.09843599051237106 0.03127998113632202
v -0.030544990673661232 -0.10022690147161484 -0.03254598006606102
v -0.0410039983689785 -0.10023590177297592 -0.029534989967942238
v -0.0337439700961113 -0.09735094755887985 -0.03485000133514404
v -0.034263961017131805 -0.06896299123764038 0.04116100072860718
v -0.01619195006787777 -0.053352948278188705 0.04350696876645088
v -0.03481698036193848 -0.05078399181365967 0.043275948613882065
v -0.047463949769735336 -0.07414299249649048 -0.03541593998670578
v -0.05360393971204758 -0.0504639707505703 -0.03480498865246773
v -0.04100298136472702 -0.05049394816160202 -0.04182099923491478
v -0.0337439700961113 -0.09735094755887985 -0.03485000133514404
v -0.03854994848370552 -0.07999098300933838 -0.037874989211559296
v -0.029989000409841537 -0.07454097270965576 -0.04055798053741455
v 0.0381469689309597 -0.0826759934425354 -0.008005975745618343
v 0.03882497176527977 -0.0830419585108757 0.0026919839438050985
v 0.03437095135450363 -0.09759396314620972 -0.00879895593971014
v 0.02110694907605648 -0.1002419963479042 -0.024999970570206642
v 0.021781979128718376 -0.09726499766111374 -0.02792399935424328
v 0.02847795933485031 -0.0974309965968132 -0.02097295969724655
v -0.05182600021362305 -0.09724795073270798 -0.02522294968366623
v -0.058164000511169434 -0.09729497879743576 -0.016887959092855453
v -0.06160496920347214 -0.06851296871900558 -0.02363497018814087
v -0.045975979417562485 -0.1008009985089302 0.02487999014556408
v -0.04241596907377243 -0.09843599051237106 0.03127998113632202
v -0.04958796128630638 -0.09842895716428757 0.026515960693359375
v -0.030544990673661232 -0.10022690147161484 -0.03254598006606102
v 0.0023799529299139977 -0.09743297100067139 -0.03521095961332321
v 0.008588968776166439 -0.10014999657869339 -0.03188997134566307
v 0.030158989131450653 -0.05348597839474678 0.02788596972823143
v 0.016838960349559784 -0.05397795885801315 0.037790000438690186
v 0.021453969180583954 -0.08375000208616257 0.03253895044326782
v -0.058164000511169434 -0.09729497879743576 -0.016887959092855453
v -0.06239597871899605 -0.09745097160339355 -0.002953945891931653
v -0.06555896252393723 -0.07375197857618332 -0.013488939963281155
v 0.04106198996305466 -0.05333596095442772 -0.0013939730124548078
v 0.03882497176527977 -0.0830419585108757 0.0026919839438050985
v 0.0381469689309597 -0.0826759934425354 -0.008005975745618343
v -0.06555896252393723 -0.07375197857618332 -0.013488939963281155
v -0.06667094677686691 -0.08048199862241745 -0.00014199998986441642
v -0.06938397139310837 -0.06422995775938034 -0.00010699999984353781
v 0.04106198996305466 -0.05333596095442772 -0.0013939730124548078
v 0.03913598880171776 -0.053704969584941864 -0.01236896961927414
v 0.03932499140501022 -0.05080496892333031 -0.007302999030798674
v -0.06202596053481102 -0.062199950218200684 0.024123959243297577
v -0.05989997833967209 -0.10013099759817123 0.0021379590034484863
v -0.060718949884176254 -0.0972219705581665 0.011134980246424675
v -0.06239597871899605 -0.09745097160339355 -0.002953945891931653
v -0.045975979417562485 -0.1008009985089302 0.02487999014556408
v -0.04958796128630638 -0.09842895716428757 0.026515960693359375
v -0.05547397956252098 -0.10015799850225449 0.016094980761408806
v 0.03882497176527977 -0.0830419585108757 0.0026919839438050985
v -0.06239597871899605 -0.09745097160339355 -0.002953945891931653
v -0.060718949884176254 -0.0972219705581665 0.011134980246424675
v -0.06667094677686691 -0.08048199862241745 -0.00014199998986441642
v 0.005909978877753019 -0.10051299631595612 0.031872980296611786
v 0.006723999045789242 -0.09743695706129074 0.034811969846487045
v 0.021453969180583954 -0.08375000208616257 0.03253895044326782
v 0.007041989825665951 -0.08405797928571701 0.03821295127272606
v 0.01903098076581955 -0.1038530021905899 -0.0038539760280400515
v 0.005727945826947689 -0.10559599846601486 -0.00027799999224953353
v 0.009243965148925781 -0.10372500121593475 -0.018540969118475914
v -0.03324197977781296 -0.10345999896526337 0.020295970141887665
v 0.005568981170654297 -0.10377900302410126 0.018845969811081886
v 0.005909978877753019 -0.10051299631595612 0.031872980296611786
v 0.050908979028463364 -0.04828900098800659 -0.009955941699445248
v 0.03508894890546799 -0.0508299395442009 -0.01912497915327549
v 0.045173998922109604 -0.048572950065135956 -0.02461194060742855
v -0.049094971269369125 -0.046499960124492645 -0.06199996918439865
v 0.02080499939620495 -0.046431951224803925 -0.062013980001211166
v -0.022129949182271957 -0.05158096179366112 -0.044389959424734116
v -0.049094971269369125 -0.046499960124492645 -0.06199996918439865
v -0.022129949182271957 -0.05158096179366112 -0.044389959424734116
v -0.04100298136472702 -0.05049394816160202 -0.04182099923491478
v -0.0531499907374382 -0.0504639707505703 -0.03508995845913887
v 0.03508894890546799 -0.0508299395442009 -0.01912497915327549
v 0.050908979028463364 -0.04828900098800659 -0.009955941699445248
v 0.03932499140501022 -0.05080496892333031 -0.007302999030798674
v -0.022129949182271957 -0.05158096179366112 -0.044389959424734116
v -0.029989000409841537 -0.07454097270965576 -0.04055798053741455
v -0.04100298136472702 -0.05049394816160202 -0.04182099923491478
v 0.021839970722794533 -0.04831194132566452 0.04732400178909302
v 0.00953596830368042 0.044770948588848114 -0.07797794789075851
v -0.01042896043509245 0.04457293823361397 -0.07800298184156418
v 0.008052945137023926 0.02801698073744774 -0.0773189589381218
v -0.028409000486135483 0.035891950130462646 -0.07799898833036423
v -0.03858494013547897 0.02413593977689743 -0.07800000160932541
v -0.02694796957075596 0.011581949889659882 -0.07750797271728516
v -0.01687793992459774 0.024021979421377182 -0.07750295847654343
v -0.028409000486135483 0.035891950130462646 -0.07799898833036423
v -0.02694796957075596 0.011581949889659882 -0.07750797271728516
v -0.003445982001721859 0.02902298979461193 -0.07750397175550461
v -0.01042896043509245 0.04457293823361397 -0.07800298184156418
v -0.01687793992459774 0.024021979421377182 -0.07750295847654343
v -0.01042896043509245 0.04457293823361397 -0.07800298184156418
v -0.028409000486135483 0.035891950130462646 -0.07799898833036423
v -0.01687793992459774 0.024021979421377182 -0.07750295847654343
v 0.036857958883047104 0.014186969958245754 -0.07757300138473511
v 0.03554695099592209 0.01591598056256771 -0.07747197151184082
v 0.04075795039534569 0.020888980478048325 -0.07798498123884201
v 0.027676990255713463 0.03645997866988182 -0.07800494879484177
v 0.03554695099592209 0.01591598056256771 -0.07747197151184082
v 0.027676990255713463 0.03645997866988182 -0.07800494879484177
v 0.00953596830368042 0.044770948588848114 -0.07797794789075851
v 0.008052945137023926 0.02801698073744774 -0.0773189589381218
v 0.04363398998975754 -0.013536980375647545 -0.07799296826124191
v 0.04571598023176193 0.0010939829517155886 -0.09784597158432007
v 0.04075795039534569 0.020888980478048325 -0.07798498123884201
v -0.03895895928144455 -0.023523980751633644 -0.07800000160932541
v -0.029523959383368492 -0.03507297858595848 -0.07800798863172531
v -0.01980799064040184 -0.0214039608836174 -0.07751195877790451
v -0.029523959383368492 -0.03507297858595848 -0.07800798863172531
v -0.009665966033935547 -0.02758299931883812 -0.07751595228910446
v -0.01980799064040184 -0.0214039608836174 -0.07751195877790451
v 0.03455799072980881 -0.030004970729351044 -0.07800298184156418
v 0.04363398998975754 -0.013536980375647545 -0.07799296826124191
v 0.0369829498231411 -0.017926989123225212 -0.07747899740934372
v -0.029523959383368492 -0.03507297858595848 -0.07800798863172531
v -0.010982990264892578 -0.04442596063017845 -0.07800596207380295
v -0.009665966033935547 -0.02758299931883812 -0.07751595228910446
v 0.013047990389168262 0.030337980017066002 -0.03784298151731491
v 0.013965959660708904 0.03076796978712082 -0.03846697881817818
v 0.010819969698786736 0.03093194030225277 -0.03846894949674606
v 0.03631699085235596 0.031007999554276466 -0.05132699012756348
v 0.02485995925962925 0.019339969381690025 -0.04379897937178612
v 0.012160000391304493 -0.018158970400691032 -0.03675299137830734
v 0.02486198954284191 -0.019369950518012047 -0.04379497841000557
v 0.012160000391304493 -0.018158970400691032 -0.03675299137830734
v 0.012462969869375229 0.018655000254511833 -0.03681600093841553
v 0.011334000155329704 0.017823990434408188 -0.03643596172332764
v 0.033923979848623276 0.017088940367102623 -0.06627898663282394
v 0.04056799039244652 0.030731970444321632 -0.062011949717998505
v 0.047129981219768524 0.019619999453425407 -0.06195294111967087
v 0.033923979848623276 0.017088940367102623 -0.06627898663282394
v 0.047129981219768524 0.019619999453425407 -0.06195294111967087
v 0.037180960178375244 0.013951949775218964 -0.06565195322036743
v 0.047129981219768524 0.019619999453425407 -0.06195294111967087
v 0.05134999006986618 0.002586960094049573 -0.061869971454143524
v 0.037180960178375244 0.013951949775218964 -0.06565195322036743
v -0.021127989515662193 -0.020960979163646698 -0.06545495241880417
v -0.0780169889330864 -0.02701698988676071 -0.06199996918439865
v -0.0789179801940918 -0.02650398015975952 -0.06200294941663742
v -0.021127989515662193 -0.020960979163646698 -0.06545495241880417
v 0.003025949001312256 1.9999999949504854e-06 -0.03475099056959152
v -0.05447094887495041 -0.010900969617068768 -0.035512980073690414
v 0.0102499695494771 -0.013659000396728516 -0.03584599122405052
v -0.06867796182632446 -0.010714939795434475 -0.035633981227874756
v 0.017206959426403046 -0.030833950266242027 -0.039923958480358124
v 0.035517990589141846 -0.030805999413132668 -0.050034988671541214
v 0.03509794920682907 -0.030800990760326385 -0.04976695030927658
v 0.0102499695494771 -0.013659000396728516 -0.03584599122405052
v -0.05447094887495041 -0.010900969617068768 -0.035512980073690414
v -0.06606996059417725 -0.021927950903773308 -0.03664695844054222
v 0.04081796854734421 0.030806949362158775 -0.05308597907423973
v 0.047129981219768524 0.019619999453425407 -0.06195294111967087
v 0.04056799039244652 0.030731970444321632 -0.062011949717998505
v 0.040565960109233856 -0.03072994016110897 -0.062011949717998505
v 0.030327970162034035 -0.02049100026488304 -0.06585495918989182
v 0.036868978291749954 -0.018087979406118393 -0.06532198190689087
v 0.049026958644390106 -0.015340980142354965 -0.06191693991422653
v 0.040565960109233856 -0.03072994016110897 -0.062011949717998505
v 0.036868978291749954 -0.018087979406118393 -0.06532198190689087
v -0.062375959008932114 -0.03086400032043457 -0.059986941516399384
v -0.06211799010634422 -0.03100395016372204 -0.05937498062849045
v -0.06251697987318039 -0.03088497929275036 -0.059439949691295624
v 0.016635950654745102 -0.030816970393061638 -0.03964697942137718
v 0.017206959426403046 -0.030833950266242027 -0.039923958480358124
v 0.0102499695494771 -0.013659000396728516 -0.03584599122405052
v 0.013159990310668945 -0.030306989327073097 -0.03791695088148117
v 0.01397699024528265 -0.030760999768972397 -0.03845899924635887
v 0.01508294977247715 -0.030803969129920006 -0.03896193951368332
v -1.700000029813964e-05 -0.0319969616830349 -0.06200199946761131
v -0.062375959008932114 -0.03086400032043457 -0.059986941516399384
v -0.01091098040342331 -0.031191999092698097 -0.06199996918439865
v 0.04081796854734421 0.030806949362158775 -0.05308597907423973
v 0.03930097073316574 0.031077979132533073 -0.05409996956586838
v 0.03631699085235596 0.031007999554276466 -0.05132699012756348
v 0.0036519758868962526 0.0309329591691494 -0.03805296868085861
v -0.06671398133039474 0.032851990312337875 0.02876698039472103
v -0.06672000139951706 0.032965000718832016 0.02881300076842308
v -0.06754696369171143 0.03301696851849556 0.02770400047302246
v 0.013173989951610565 0.032895978540182114 0.04732400178909302
v 0.021624980494379997 0.03286099061369896 0.043901968747377396
v 0.021477989852428436 0.03302996978163719 0.04401694983243942
v 0.04047399014234543 0.030910959467291832 -0.02731895074248314
v 0.040812961757183075 0.030889980494976044 -0.026754969730973244
v 0.0439869686961174 0.029944950714707375 -0.020989950746297836
v 0.0439869686961174 0.029944950714707375 -0.020989950746297836
v 0.042770981788635254 0.030942970886826515 -0.023442979902029037
v 0.043178971856832504 0.030992979183793068 -0.022648990154266357
v 0.04539399966597557 0.03095399960875511 -0.017744949087500572
v 0.04527597874403 0.03090899996459484 -0.018046969547867775
v 0.04628700017929077 0.03178900107741356 -0.01614600047469139
v 0.03796796873211861 0.032621968537569046 0.030896959826350212
v 0.040199991315603256 0.030128000304102898 0.026845989748835564
v 0.039406001567840576 0.032650940120220184 0.02916097082197666
v 0.040199991315603256 0.030128000304102898 0.026845989748835564
v 0.040299948304891586 0.03258597105741501 0.02778898924589157
v 0.039406001567840576 0.032650940120220184 0.02916097082197666
v 0.0439869686961174 0.029944950714707375 -0.020989950746297836
v 0.043549951165914536 0.030946960672736168 -0.021881990134716034
v 0.04527597874403 0.03090899996459484 -0.018046969547867775
v -0.05408095940947533 0.03279196843504906 0.04075998067855835
v -0.05623399838805199 0.032760970294475555 0.03929197043180466
v -0.06031996011734009 0.02899198979139328 0.03480498865246773
v 0.0352739617228508 0.030342990532517433 -0.03363697975873947
v 0.036629971116781235 0.030928960070014 -0.03227096050977707
v 0.03765295818448067 0.030928960070014 -0.03100495971739292
v 0.04539399966597557 0.03095399960875511 -0.017744949087500572
v 0.0439869686961174 0.029944950714707375 -0.020989950746297836
v 0.04527597874403 0.03090899996459484 -0.018046969547867775
v 0.04867595061659813 0.03143196925520897 -0.0034779899287968874
v 0.048933979123830795 0.03203194960951805 -0.002505958080291748
v 0.04837094992399216 0.030287979170680046 -0.00447994377464056
v -0.07196897268295288 0.03242896869778633 0.019369950518012047
v -0.07307100296020508 0.028416989371180534 0.01304894033819437
v -0.0684579610824585 0.02846997044980526 0.02373296022415161
v 0.0439869686961174 0.029944950714707375 -0.020989950746297836
v 0.03214496001601219 0.0119089400395751 -0.00978696346282959
v 0.025157980620861053 0.011971949599683285 -0.0223079901188612
v -0.0365939699113369 0.032914988696575165 0.04810500144958496
v -0.04846996068954468 0.032965000718832016 0.04436599835753441
v -0.04232697933912277 0.011946969665586948 0.03961794823408127
v 0.02422397956252098 0.03302495926618576 0.04255896061658859
v 0.02371996082365513 0.03295797109603882 0.04284900054335594
v 0.025251980870962143 0.029936959967017174 0.04122798889875412
v 0.03214496001601219 0.0119089400395751 -0.00978696346282959
v 0.04837094992399216 0.030287979170680046 -0.00447994377464056
v 0.03326898068189621 0.01187795028090477 0.003014981048181653
v 0.0352739617228508 0.030342990532517433 -0.03363697975873947
v 0.0439869686961174 0.029944950714707375 -0.020989950746297836
v 0.025157980620861053 0.011971949599683285 -0.0223079901188612
v -0.07331997156143188 0.03235398977994919 0.0159449502825737
v -0.07196897268295288 0.03242896869778633 0.019369950518012047
v -0.06866896152496338 0.03301494941115379 0.02597098983824253
v -0.07196897268295288 0.03242896869778633 0.019369950518012047
v -0.0703989788889885 0.032471951097249985 0.022714970633387566
v -0.06978695839643478 0.03266400098800659 0.023879999294877052
v -0.06956797093153 0.03249698132276535 0.024162940680980682
v -0.06866896152496338 0.03301494941115379 0.02597098983824253
v -0.06978695839643478 0.03266400098800659 0.023879999294877052
v 0.04837094992399216 0.030287979170680046 -0.00447994377464056
v 0.0439869686961174 0.029944950714707375 -0.020989950746297836
v 0.047729961574077606 0.030942970886826515 -0.009575963020324707
v -0.06422095745801926 0.032622989267110825 0.03188794106245041
v -0.06671398133039474 0.032851990312337875 0.02876698039472103
v -0.06031996011734009 0.02899198979139328 0.03480498865246773
v -0.05625997856259346 0.03777097910642624 -1.3999999282532372e-05
v 0.04675298184156418 0.03233497962355614 0.014483979903161526
v 0.04795997962355614 0.03225398063659668 0.010266950353980064
v 0.04837094992399216 0.030287979170680046 -0.00447994377464056
v 0.048243988305330276 0.030901959165930748 -0.006483972072601318
v 0.04875694960355759 0.03200298175215721 -0.0041799540631473064
v 0.04875694960355759 0.03200298175215721 -0.0041799540631473064
v 0.04847395047545433 0.0309329591691494 -0.004281997215002775
v 0.04837094992399216 0.030287979170680046 -0.00447994377464056
v -0.060423970222473145 0.03269999846816063 0.03579895943403244
v -0.07307100296020508 0.028416989371180534 0.01304894033819437
v -0.07596796005964279 0.03209495171904564 0.005817948840558529
v -0.06852900236845016 0.013156949542462826 -0.0359339714050293
v -0.07596796005964279 0.03209495171904564 0.005817948840558529
v -0.07582396268844604 0.032003991305828094 -0.004095971118658781
v -0.06852900236845016 0.013156949542462826 -0.0359339714050293
v -0.0697389766573906 0.03110997937619686 -0.024742960929870605
v 0.036944981664419174 0.03263700008392334 0.03215496987104416
v 0.03457396849989891 0.032693978399038315 0.034554000943899155
v 0.03449498862028122 0.031263940036296844 0.03428494185209274
v 0.02506696991622448 0.03092998079955578 -0.03554898127913475
v 0.03552800044417381 0.031488001346588135 -0.033674001693725586
v 0.035972949117422104 0.030950959771871567 -0.033008988946676254
v 0.035688988864421844 0.030928960070014 -0.03332095965743065
v -0.07217495888471603 0.03240697830915451 0.018897950649261475
v -0.07331997156143188 0.03235398977994919 0.0159449502825737
v -0.07307100296020508 0.028416989371180534 0.01304894033819437
v 0.048374950885772705 0.0309329591691494 -0.005403995048254728
v 0.040812961757183075 0.030889980494976044 -0.026754969730973244
v 0.04117494076490402 0.03092998079955578 -0.026164939627051353
v 0.051231980323791504 0.04387598857283592 0.011356939561665058
v 0.04725198820233345 0.03230094164609909 0.012931999750435352
v 0.04795597866177559 0.03224897012114525 0.009759961627423763
v 0.0425419807434082 0.03259497135877609 0.024326980113983154
v 0.05255395174026489 0.04377894848585129 -0.003778994083404541
v 0.048374950885772705 0.0309329591691494 -0.005403995048254728
v 0.04825996980071068 0.0309329591691494 -0.006475985050201416
v 0.047705940902233124 0.048521991819143295 0.020893989130854607
v 0.03495800122618675 0.050133999437093735 0.02029097080230713
v 0.03304897993803024 0.05010699853301048 0.023332949727773666
v -0.07889597862958908 0.04815297946333885 0.0037549729458987713
v -0.07732099294662476 0.04815595969557762 -0.013603979721665382
v -0.07860296219587326 0.04293698072433472 -0.010275949724018574
v -0.0647529885172844 0.031370989978313446 -0.04709398001432419
v -0.07860296219587326 0.04293698072433472 -0.010275949724018574
v -0.06356900185346603 0.032168980687856674 -0.052317969501018524
v 0.0319969616830349 0.033015958964824677 0.03718698024749756
v -0.07200700044631958 0.03241996839642525 0.01937198080122471
v -0.07188694924116135 0.044041991233825684 0.027201950550079346
v -0.07704800367355347 0.04400599002838135 0.015464959666132927
v 0.027162959799170494 0.03323595970869064 0.040921978652477264
v 0.029336979612708092 0.03275996074080467 0.03921395167708397
v 0.03480498865246773 0.04475599154829979 0.03943096846342087
v -0.07860296219587326 0.04293698072433472 -0.010275949724018574
v -0.06349699944257736 0.03222595900297165 -0.05256098136305809
v -0.06356900185346603 0.032168980687856674 -0.052317969501018524
v -0.0647529885172844 0.031370989978313446 -0.04709398001432419
v -0.033825989812612534 0.048232968896627426 0.05149995908141136
v -0.034998949617147446 0.04480396956205368 0.05193798989057541
v 0.006035983096808195 0.047710951417684555 0.05222398042678833
v 0.043110959231853485 0.031123990193009377 0.019052980467677116
v 0.04508494958281517 0.03241394832730293 0.019057979807257652
v 0.04387294873595238 0.03245300054550171 0.021644940599799156
v 0.044741980731487274 0.032491978257894516 0.019959980621933937
v 0.04387294873595238 0.03245300054550171 0.021644940599799156
v 0.04508494958281517 0.03241394832730293 0.019057979807257652
v 0.05080699175596237 0.048433948308229446 -0.010279949754476547
v 0.0450129508972168 0.048565980046987534 -0.02510100044310093
v 0.036240991204977036 0.05015397071838379 -0.017973950132727623
v 0.002142965095117688 0.033910978585481644 0.04921894893050194
v 0.005266963969916105 0.031578950583934784 0.04830199107527733
v 0.005637942813336849 0.03156298026442528 0.04826395958662033
v 0.005637942813336849 0.03156298026442528 0.04826395958662033
v 0.00574797298759222 0.03156697005033493 0.04825197905302048
v 0.006035983096808195 0.047710951417684555 0.05222398042678833
v -0.0706779882311821 0.05000697821378708 0.005750000011175871
v -0.07104098051786423 0.050030939280986786 0.0
v -0.07889597862958908 0.04815297946333885 0.0037549729458987713
v 0.029336979612708092 0.03275996074080467 0.03921395167708397
v -0.06376296281814575 0.04443395137786865 0.03730398043990135
v -0.06157194823026657 0.03206795081496239 0.034450940787792206
v -0.06106996163725853 0.03225594013929367 0.03501296043395996
v 0.05255395174026489 0.04377894848585129 -0.003778994083404541
v 0.05080699175596237 0.048433948308229446 -0.010279949754476547
v 0.05189697816967964 0.048134978860616684 0.0036519758868962526
v 0.03480498865246773 0.04475599154829979 0.03943096846342087
v 0.03820699080824852 0.03268295153975487 0.03063398040831089
v 0.03910195082426071 0.03284095972776413 0.029636969789862633
v 0.046086959540843964 0.03110997937619686 0.008855997584760189
v 0.04840296134352684 0.0322069488465786 0.007428944110870361
v 0.04795597866177559 0.03224897012114525 0.009759961627423763
v 0.04591995105147362 0.04438893869519234 0.025635000318288803
v 0.0463249608874321 0.03237396106123924 0.015860969200730324
v 0.04645299166440964 0.032397981733083725 0.015625
v 0.04591995105147362 0.04438893869519234 0.025635000318288803
v 0.051231980323791504 0.04387598857283592 0.011356939561665058
v 0.047705940902233124 0.048521991819143295 0.020893989130854607
v 0.023287950083613396 0.044880978763103485 0.046913981437683105
v 0.02362697944045067 0.03307497128844261 0.04294198006391525
v 0.027162959799170494 0.03323595970869064 0.040921978652477264
v 0.034260980784893036 0.04830896109342575 0.03932898864150047
v 0.028938939794898033 0.05006396025419235 0.028272980824112892
v 0.022068969905376434 0.050095971673727036 0.033874981105327606
v -0.07067298144102097 0.05000697821378708 -0.005750000011175871
v -0.07940196245908737 0.043624989688396454 0.00398099422454834
v -0.07587599009275436 0.032134950160980225 0.0034079549368470907
v -0.07468301057815552 0.03227299079298973 0.011602990329265594
v 0.006035983096808195 0.047710951417684555 0.05222398042678833
v 0.006477952003479004 0.03161495178937912 0.048177000135183334
v 0.006648956798017025 0.03165297955274582 0.04816097021102905
v -0.07067298144102097 0.05000697821378708 -0.005750000011175871
v -0.07732099294662476 0.04815595969557762 -0.013603979721665382
v -0.07889597862958908 0.04815297946333885 0.0037549729458987713
v -0.07584594935178757 0.032006971538066864 -0.003903985023498535
v -0.07940196245908737 0.043624989688396454 0.00398099422454834
v -0.07860296219587326 0.04293698072433472 -0.010275949724018574
v -0.0585709810256958 0.04809600114822388 0.04144494980573654
v -0.046188950538635254 0.04814593866467476 0.0483739897608757
v -0.05380797013640404 0.05002998933196068 0.03493696078658104
v 0.04868495091795921 0.03145097941160202 -0.0034189820289611816
v 0.04847395047545433 0.0309329591691494 -0.004281997215002775
v 0.04859697073698044 0.03136198967695236 -0.0042489757761359215
v 0.04847395047545433 0.0309329591691494 -0.004281997215002775
v 0.048374950885772705 0.0309329591691494 -0.005403995048254728
v 0.04859697073698044 0.03136198967695236 -0.0042489757761359215
v -0.07065200060606003 0.033322978764772415 0.02276097983121872
v -0.06956797093153 0.03249698132276535 0.024162940680980682
v -0.06978695839643478 0.03266400098800659 0.023879999294877052
v -0.06672000139951706 0.032965000718832016 0.02881300076842308
v -0.06754696369171143 0.03301696851849556 0.02770400047302246
v -0.06672400236129761 0.03285396099090576 0.028753990307450294
v 0.051231980323791504 0.04387598857283592 0.011356939561665058
v 0.04645299166440964 0.032397981733083725 0.015625
v 0.04725198820233345 0.03230094164609909 0.012931999750435352
v -0.0522419810295105 0.044858988374471664 0.0461079403758049
v -0.05408095940947533 0.03279196843504906 0.04075998067855835
v -0.0534469410777092 0.03280096873641014 0.04122697934508324
v 0.0450129508972168 0.048565980046987534 -0.02510100044310093
v 0.026962989941239357 0.050072960555553436 -0.03264999017119408
v 0.036240991204977036 0.05015397071838379 -0.017973950132727623
v 0.03480498865246773 0.04475599154829979 0.03943096846342087
v 0.029336979612708092 0.03275996074080467 0.03921395167708397
v 0.0319969616830349 0.033015958964824677 0.03718698024749756
v 0.05189697816967964 0.048134978860616684 0.0036519758868962526
v 0.051231980323791504 0.04387598857283592 0.011356939561665058
v 0.05255395174026489 0.04377894848585129 -0.003778994083404541
v 0.022327950224280357 0.032835960388183594 0.04358594864606857
v 0.023287950083613396 0.044880978763103485 0.046913981437683105
v 0.021477989852428436 0.03302996978163719 0.04401694983243942
v 0.023287950083613396 0.044880978763103485 0.046913981437683105
v 0.018004000186920166 0.033408988267183304 0.04569398984313011
v 0.021477989852428436 0.03302996978163719 0.04401694983243942
v 0.007249950896948576 0.049303941428661346 -0.046950988471508026
v 0.007671951781958342 0.05012499913573265 -0.039350979030132294
v 0.026962989941239357 0.050072960555553436 -0.03264999017119408
v -0.04846996068954468 0.032965000718832016 0.04436599835753441
v -0.032418958842754364 0.03292994946241379 0.048772990703582764
v -0.034998949617147446 0.04480396956205368 0.05193798989057541
v 0.03906797990202904 0.05014597997069359 -0.01132798008620739
v 0.04013596847653389 0.05010896176099777 -0.007869957946240902
v 0.05080699175596237 0.048433948308229446 -0.010279949754476547
v 0.04013596847653389 0.05010896176099777 -0.007869957946240902
v 0.05080699175596237 0.048433948308229446 -0.010279949754476547
v 0.043110959231853485 0.031123990193009377 0.019052980467677116
v 0.04795597866177559 0.03224897012114525 0.009759961627423763
v 0.04725198820233345 0.03230094164609909 0.012931999750435352
v 0.04480797052383423 0.0309329591691494 -0.003440975910052657
v 0.03765295818448067 0.030928960070014 -0.03100495971739292
v 0.03831595182418823 0.03093099035322666 -0.030184980481863022
v -0.031286001205444336 0.10021299868822098 0.0324089489877224
v 0.004230976104736328 0.10392899811267853 0.018830949440598488
v -0.031901948153972626 0.10390900075435638 0.018676990643143654
v -0.06121598929166794 0.0971679612994194 -0.00925594475120306
v -0.06476598232984543 0.07355797290802002 -0.015996990725398064
v -0.06634598225355148 0.08064495772123337 -0.0028419489972293377
v 0.03694694861769676 0.05047297105193138 -0.014775989577174187
v 0.030410999432206154 0.05033694952726364 -0.02608196996152401
v 0.03542596101760864 0.053599949926137924 -0.021030960604548454
v -0.05372697114944458 0.07370197027921677 0.030915969982743263
v -0.06107097119092941 0.08117896318435669 0.02003598026931286
v -0.06349294632673264 0.06414800137281418 0.02158099040389061
v 0.020251980051398277 0.10038600116968155 -0.02569895051419735
v 0.030804989859461784 0.09994900226593018 -0.01232600025832653
v 0.026261979714035988 0.09758894890546799 -0.023818960413336754
v 0.029199950397014618 0.08268599957227707 0.026035960763692856
v 0.018595989793539047 0.08289896696805954 0.034219980239868164
v 0.024222970008850098 0.053621940314769745 0.03334397077560425
v -0.045027971267700195 0.07261496037244797 0.03695100173354149
v -0.056392960250377655 0.05044597014784813 0.03278594836592674
v -0.036550991237163544 0.050413958728313446 0.043088968843221664
v 0.0034109950065612793 0.0991249606013298 0.034346990287303925
v -0.031286001205444336 0.10021299868822098 0.0324089489877224
v -0.03277498111128807 0.09715496748685837 0.03517597168684006
v -0.0587269589304924 0.10042700171470642 -0.006284952163696289
v -0.06121598929166794 0.0971679612994194 -0.00925594475120306
v -0.06244397163391113 0.09730297327041626 -9.000000136438757e-05
v 0.004230976104736328 0.10392899811267853 0.018830949440598488
v 0.026346979662775993 0.10038699954748154 0.019275959581136703
v 0.013427969999611378 0.10497800260782242 0.003633975051343441
v -0.04884998872876167 0.10048700124025345 -0.023748990148305893
v -0.04646395891904831 0.09720200300216675 -0.029713980853557587
v -0.054776959121227264 0.09738694876432419 -0.021912990137934685
v 0.030804989859461784 0.09994900226593018 -0.01232600025832653
v 0.03255295008420944 0.10028800368309021 0.0031469459645450115
v 0.034908950328826904 0.09747897833585739 -0.005265951156616211
v -0.031286001205444336 0.10021299868822098 0.0324089489877224
v -0.04198098182678223 0.10009399801492691 0.02931296080350876
v -0.03277498111128807 0.09715496748685837 0.03517597168684006
v 0.032895978540182114 0.09718798846006393 -0.013207970187067986
v 0.026261979714035988 0.09758894890546799 -0.023818960413336754
v 0.030804989859461784 0.09994900226593018 -0.01232600025832653
v 0.02543199062347412 0.09761697053909302 0.0246499702334404
v 0.013945990242064 0.09742795675992966 0.03256797045469284
v 0.018595989793539047 0.08289896696805954 0.034219980239868164
v -0.03927396982908249 0.05049895867705345 -0.04229794815182686
v -0.03021096996963024 0.0751519724726677 -0.040422968566417694
v -0.026762960478663445 0.05047595128417015 -0.04409496858716011
v -0.0381009504199028 0.08291994780302048 -0.03737293928861618
v -0.03927396982908249 0.05049895867705345 -0.04229794815182686
v -0.04669398069381714 0.07270395010709763 -0.036104969680309296
v -0.06054997071623802 0.09707999229431152 0.011810950003564358
v -0.0685499906539917 0.06788098067045212 0.005779981147497892
v -0.06107097119092941 0.08117896318435669 0.02003598026931286
v -0.06244397163391113 0.09730297327041626 -9.000000136438757e-05
v -0.06634598225355148 0.08064495772123337 -0.0028419489972293377
v -0.0685499906539917 0.06788098067045212 0.005779981147497892
v 0.026261979714035988 0.09758894890546799 -0.023818960413336754
v 0.017607979476451874 0.09718798846006393 -0.03072798065841198
v 0.020251980051398277 0.10038600116968155 -0.02569895051419735
v -0.03361498937010765 0.09735696762800217 -0.034922000020742416
v -0.03586696833372116 0.10049399733543396 -0.031306978315114975
v 0.005679965019226074 0.10017000138759613 -0.03237098082900047
v 0.034908950328826904 0.09747897833585739 -0.005265951156616211
v 0.038657959550619125 0.083189956843853 0.005401968024671078
v 0.037383969873189926 0.08261697739362717 -0.011689960025250912
v 0.006491959095001221 0.08340399712324142 -0.03845899924635887
v -0.014398990198969841 0.05037200078368187 -0.043793968856334686
v -0.026762960478663445 0.05047595128417015 -0.04409496858716011
v -0.046028971672058105 0.09719394892454147 0.03004896081984043
v -0.05372697114944458 0.07370197027921677 0.030915969982743263
v -0.045027971267700195 0.07261496037244797 0.03695100173354149
v -0.04646395891904831 0.09720200300216675 -0.029713980853557587
v -0.04669398069381714 0.07270395010709763 -0.036104969680309296
v -0.05872296914458275 0.06784199923276901 -0.027424989268183708
v 0.013427969999611378 0.10497800260782242 0.003633975051343441
v 0.018164990469813347 0.10339099913835526 -0.01161396037787199
v 0.0059659481048583984 0.10465399920940399 -0.013877980411052704
v 0.029199950397014618 0.08268599957227707 0.026035960763692856
v 0.03524094074964523 0.08273196220397949 0.016381969675421715
v 0.032846979796886444 0.09733294695615768 0.013234970159828663
v -0.0685499906539917 0.06788098067045212 0.005779981147497892
v 0.013427969999611378 0.10497800260782242 0.003633975051343441
v -0.03277498111128807 0.09715496748685837 0.03517597168684006
v -0.046028971672058105 0.09719394892454147 0.03004896081984043
v -0.045027971267700195 0.07261496037244797 0.03695100173354149
v -0.04198098182678223 0.10009399801492691 0.02931296080350876
v -0.054177988320589066 0.09832494705915451 0.022020990028977394
v -0.046028971672058105 0.09719394892454147 0.03004896081984043
v 0.036944981664419174 0.03263700008392334 0.03215496987104416
v 0.03449498862028122 0.031263940036296844 0.03428494185209274
v 0.040199991315603256 0.030128000304102898 0.026845989748835564
v 0.04862796887755394 0.03213696926832199 0.005244969855993986
v 0.04840296134352684 0.0322069488465786 0.007428944110870361
v 0.04846196994185448 0.0309329591691494 -0.003131984965875745
v 0.04047399014234543 0.030910959467291832 -0.02731895074248314
v 0.04032396897673607 0.03092998079955578 -0.027574950829148293
v 0.0405849814414978 0.031694941222667694 -0.027912970632314682
v 0.048745978623628616 0.0320739708840847 0.003979980014264584
v 0.04862796887755394 0.03213696926832199 0.005244969855993986
v 0.0476529486477375 0.030263960361480713 0.009385943412780762
v 0.006477952003479004 0.03161495178937912 0.048177000135183334
v 0.00574797298759222 0.03156697005033493 0.04825197905302048
v 0.005656957160681486 0.03126800060272217 0.048179980367422104
v 0.04319094866514206 0.03247898072004318 0.023107999935746193
v 0.040199991315603256 0.030128000304102898 0.026845989748835564
v 0.045548971742391586 0.03191094845533371 0.01810299977660179
v 0.048933979123830795 0.03203194960951805 -0.002505958080291748
v 0.04867595061659813 0.03143196925520897 -0.0034779899287968874
v 0.04875694960355759 0.03200298175215721 -0.0041799540631473064
v 0.04867595061659813 0.03143196925520897 -0.0034779899287968874
v 0.04847395047545433 0.0309329591691494 -0.004281997215002775
v 0.04875694960355759 0.03200298175215721 -0.0041799540631473064
v -0.06653398275375366 0.031007999554276466 -0.02924495004117489
v -0.06463295221328735 0.030990950763225555 -0.03143996000289917
v -0.07246100157499313 0.031059980392456055 -0.012504990212619305
v 0.04010099172592163 0.03092998079955578 -0.027872970327734947
v 0.039428938180208206 0.03092998079955578 -0.028774969279766083
v 0.0405849814414978 0.031694941222667694 -0.027912970632314682
v 0.034306999295949936 0.031493961811065674 0.03441596031188965
v 0.03429697826504707 0.031580980867147446 0.034443970769643784
v 0.033893998712301254 0.031782981008291245 0.034878961741924286
v 0.04887497052550316 0.03180700168013573 -0.000990999978967011
v 0.048895951360464096 0.031856000423431396 -0.0006820000126026571
v 0.04846196994185448 0.0309329591691494 -0.003131984965875745
v 0.03306597098708153 0.030936000868678093 -0.0488010011613369
v 0.03831595182418823 0.03093099035322666 -0.030184980481863022
v 0.03765295818448067 0.030928960070014 -0.03100495971739292
v -0.06031996011734009 0.02899198979139328 0.03480498865246773
v -0.06106996163725853 0.03225594013929367 0.03501296043395996
v -0.060423970222473145 0.03269999846816063 0.03579895943403244
v -0.06422095745801926 0.032622989267110825 0.03188794106245041
v 0.047729961574077606 0.030942970886826515 -0.009575963020324707
v 0.04628700017929077 0.03178900107741356 -0.01614600047469139
v 0.04814593866467476 0.03192298859357834 -0.008999942801892757
v -0.0611339807510376 0.03095996007323265 -0.03379296883940697
v -0.06106996163725853 0.03225594013929367 0.03501296043395996
v -0.06130694970488548 0.03109597973525524 0.03431195020675659
v 0.03352797031402588 0.030928960070014 -0.034751951694488525
v 0.03514397144317627 0.030928960070014 -0.03387695178389549
v 0.0352739617228508 0.030342990532517433 -0.03363697975873947
v 0.03831595182418823 0.03093099035322666 -0.030184980481863022
v 0.03765295818448067 0.030928960070014 -0.03100495971739292
v 0.0405849814414978 0.031694941222667694 -0.027912970632314682
v 0.046935971826314926 0.03095196932554245 -0.013067959807813168
v 0.04539399966597557 0.03095399960875511 -0.017744949087500572
v 0.04628700017929077 0.03178900107741356 -0.01614600047469139
v 0.035688988864421844 0.030928960070014 -0.03332095965743065
v 0.035972949117422104 0.030950959771871567 -0.033008988946676254
v 0.0352739617228508 0.030342990532517433 -0.03363697975873947
v 0.02362697944045067 0.03307497128844261 0.04294198006391525
v 0.022327950224280357 0.032835960388183594 0.04358594864606857
v 0.023570949211716652 0.0329439602792263 0.042931970208883286
v -0.06549996137619019 0.031026000156998634 -0.04201798886060715
v -0.0697389766573906 0.03110997937619686 -0.024742960929870605
v -0.07284700125455856 0.03170394152402878 -0.017324980348348618
v -0.06298798322677612 0.030975989997386932 -0.03333896026015282
v -0.06185698136687279 0.030965980142354965 -0.03370796889066696
v -0.06852900236845016 0.013156949542462826 -0.0359339714050293
v 0.043178971856832504 0.030992979183793068 -0.022648990154266357
v 0.04628700017929077 0.03178900107741356 -0.01614600047469139
v 0.043549951165914536 0.030946960672736168 -0.021881990134716034
v 0.04010099172592163 0.03092998079955578 -0.027872970327734947
v 0.039428938180208206 0.03092998079955578 -0.028774969279766083
v -0.06653398275375366 0.031007999554276466 -0.02924495004117489
v -0.06463295221328735 0.030990950763225555 -0.03143996000289917
v -0.06852900236845016 0.013156949542462826 -0.0359339714050293
v -0.06319998949766159 0.030978970229625702 -0.03718996047973633
v -0.06373900175094604 0.030983980745077133 -0.037356968969106674
v -0.06072496995329857 0.030955970287322998 -0.03382498025894165
v -0.05862896889448166 0.030940940603613853 -0.03691798076033592
v -0.0628509521484375 0.03462100028991699 -0.03816895931959152
v -0.06321095675230026 0.032491978257894516 -0.05322097986936569
v -0.06356900185346603 0.032168980687856674 -0.052317969501018524
v 0.03858797997236252 0.031124940142035484 -0.06199996918439865
v 0.039014991372823715 0.0311159398406744 -0.05743597820401192
v 0.04056799039244652 0.030731970444321632 -0.062011949717998505
v 0.037180960178375244 0.013951949775218964 -0.06565195322036743
v 0.036868978291749954 -0.018087979406118393 -0.06532198190689087
v 0.036857958883047104 0.014186969958245754 -0.07757300138473511
v 0.03554695099592209 0.01591598056256771 -0.07747197151184082
v 0.037180960178375244 0.013951949775218964 -0.06565195322036743
v -0.01687793992459774 0.024021979421377182 -0.07750295847654343
v -0.02694796957075596 0.011581949889659882 -0.07750797271728516
v -0.027437979355454445 0.011824959889054298 -0.06533794850111008
v -0.021127989515662193 -0.020960979163646698 -0.06545495241880417
v -0.01980799064040184 -0.0214039608836174 -0.07751195877790451
v -0.009665966033935547 -0.02758299931883812 -0.07751595228910446
v -0.009665966033935547 -0.02758299931883812 -0.07751595228910446
v -0.004254995845258236 -0.02909195050597191 -0.06350796669721603
v -0.021127989515662193 -0.020960979163646698 -0.06545495241880417
v -0.05950295180082321 0.03591299057006836 -0.06199996918439865
v -0.027437979355454445 0.011824959889054298 -0.06533794850111008
v -0.07899600267410278 0.012189979664981365 -0.062000978738069534
v -0.003445982001721859 0.02902298979461193 -0.07750397175550461
v -0.008245944045484066 0.028441959992051125 -0.06394398212432861
v 0.005665956996381283 0.029089979827404022 -0.06351196020841599
v 0.0032129879109561443 -0.029172949492931366 -0.07747399061918259
v -0.010982990264892578 -0.04442596063017845 -0.07800596207380295
v -0.029115969315171242 -0.002658962970599532 -0.07752299308776855
v -0.02610497921705246 -0.012969969771802425 -0.07751195877790451
v -0.029010949656367302 -0.00634795380756259 -0.06522499769926071
v 0.037180960178375244 0.013951949775218964 -0.06565195322036743
v 0.03554695099592209 0.01591598056256771 -0.07747197151184082
v 0.033923979848623276 0.017088940367102623 -0.06627898663282394
v -0.029115969315171242 -0.002658962970599532 -0.07752299308776855
v -0.029010949656367302 -0.00634795380756259 -0.06522499769926071
v -0.027437979355454445 0.011824959889054298 -0.06533794850111008
v 0.03858797997236252 0.031124940142035484 -0.06199996918439865
v 0.033923979848623276 0.017088940367102623 -0.06627898663282394
v 0.005665956996381283 0.029089979827404022 -0.06351196020841599
v 0.03700000047683716 0.012894979678094387 -0.07756400108337402
v 0.036857958883047104 0.014186969958245754 -0.07757300138473511
v 0.037180960178375244 0.013951949775218964 -0.06565195322036743
v 0.0032129879109561443 -0.029172949492931366 -0.07747399061918259
v 0.003941953182220459 -0.02914196066558361 -0.06350897997617722
v -0.004254995845258236 -0.02909195050597191 -0.06350796669721603
v -0.008245944045484066 0.028441959992051125 -0.06394398212432861
v -0.01687793992459774 0.024021979421377182 -0.07750295847654343
v -0.018019970506429672 0.02326297014951706 -0.06541699171066284
v -0.021127989515662193 -0.020960979163646698 -0.06545495241880417
v -0.02610497921705246 -0.012969969771802425 -0.07751195877790451
v -0.01980799064040184 -0.0214039608836174 -0.07751195877790451
v -0.003445982001721859 0.02902298979461193 -0.07750397175550461
v -0.01687793992459774 0.024021979421377182 -0.07750295847654343
v -0.008245944045484066 0.028441959992051125 -0.06394398212432861
v 0.005665956996381283 0.029089979827404022 -0.06351196020841599
v -1.700000029813964e-05 -0.0319969616830349 -0.06200199946761131
v 0.04044394940137863 -0.030786989256739616 -0.0620109997689724
v 0.03853296861052513 -0.03111398033797741 -0.06200795993208885
v -0.043856970965862274 -0.05000697821378708 0.040696971118450165
v 0.04847395047545433 0.0309329591691494 -0.004281997215002775
v -0.06414598226547241 -0.031108969822525978 -0.041153959929943085
v -0.06413798779249191 -0.03111100010573864 -0.044341981410980225
v -0.0761609598994255 -0.032859981060028076 -0.004730999004095793
v 0.03449498862028122 0.031263940036296844 0.03428494185209274
v 0.016496950760483742 0.011895000003278255 0.029334960505366325
v 0.029174979776144028 0.011913949623703957 0.016970990225672722
v 0.03449498862028122 0.031263940036296844 0.03428494185209274
v 0.03429697826504707 0.031580980867147446 0.034443970769643784
v 0.034306999295949936 0.031493961811065674 0.03441596031188965
v -0.06796497106552124 0.031020989641547203 -0.027203969657421112
v -0.06950998306274414 0.03104596957564354 -0.025095989927649498
v -0.0702739879488945 0.031992968171834946 -0.02367197908461094
v -0.06106996163725853 0.03225594013929367 0.03501296043395996
v -0.06157194823026657 0.03206795081496239 0.034450940787792206
v -0.06031996011734009 0.02899198979139328 0.03480498865246773
v -0.06072496995329857 0.030955970287322998 -0.03382498025894165
v -0.0591849610209465 0.030941959470510483 -0.033860981464385986
v -0.06463295221328735 0.030990950763225555 -0.03143996000289917
v -0.06852900236845016 0.013156949542462826 -0.0359339714050293
v -0.0697389766573906 0.03110997937619686 -0.024742960929870605
v -0.06950998306274414 0.03104596957564354 -0.025095989927649498
v -0.06373900175094604 0.030983980745077133 -0.037356968969106674
v -0.06319998949766159 0.030978970229625702 -0.03718996047973633
v -0.06463295221328735 0.030990950763225555 -0.03143996000289917
v 0.00829994585365057 -0.047186970710754395 0.05192798003554344
v -0.03331397846341133 -0.033776991069316864 0.048983991146087646
v -0.035129960626363754 -0.04500395059585571 0.051952000707387924
v -0.062125980854034424 -0.030919959768652916 -0.03843998163938522
v -0.051636990159749985 -0.0458749495446682 -0.06199996918439865
v -0.053662948310375214 -0.0504639707505703 -0.03474795073270798
v -0.07491599768400192 -0.04842095822095871 -0.01994496025145054
v -0.04777698963880539 -0.033708978444337845 0.0448489710688591
v 0.03008997067809105 -0.033083971589803696 0.03939998149871826
v -0.06124395132064819 -0.03355097025632858 0.035605959594249725
v -0.062125980854034424 -0.030919959768652916 -0.03843998163938522
v -0.06124395132064819 -0.03355097025632858 0.035605959594249725
v -0.051636990159749985 -0.0458749495446682 -0.06199996918439865
v 0.03344899043440819 -0.031242959201335907 -0.062009990215301514
v 0.03853296861052513 -0.03111398033797741 -0.06200795993208885
v -0.051636990159749985 -0.0458749495446682 -0.06199996918439865
v 0.03853296861052513 -0.03111398033797741 -0.06200795993208885
v -0.049094971269369125 -0.046499960124492645 -0.06199996918439865
v 0.0023799529299139977 -0.09743297100067139 -0.03521095961332321
v -0.029989000409841537 -0.07454097270965576 -0.04055798053741455
v 0.006030975840985775 -0.08362197130918503 -0.03846894949674606
v 0.003396986983716488 -0.04538093879818916 -0.07800096273422241
v 0.0032129879109561443 -0.029172949492931366 -0.07747399061918259
v -0.010982990264892578 -0.04442596063017845 -0.07800596207380295
v -0.03322498872876167 -0.09689997881650925 0.03525495156645775
v 0.006723999045789242 -0.09743695706129074 0.034811969846487045
v 0.007041989825665951 -0.08405797928571701 0.03821295127272606
v -0.038941968232393265 -0.10491199791431427 0.008197963237762451
v -0.023726990446448326 -0.10549700260162354 -0.007836996577680111
v 0.005727945826947689 -0.10559599846601486 -0.00027799999224953353
v 0.008052945137023926 0.02801698073744774 -0.0773189589381218
v 0.03554695099592209 0.01591598056256771 -0.07747197151184082
v 0.027676990255713463 0.03645997866988182 -0.07800494879484177
v -0.04443395137786865 0.010999970138072968 -0.07799594849348068
v -0.029115969315171242 -0.002658962970599532 -0.07752299308776855
v -0.02694796957075596 0.011581949889659882 -0.07750797271728516
v -0.04487299174070358 -0.009008944034576416 -0.07799898833036423
v -0.02610497921705246 -0.012969969771802425 -0.07751195877790451
v -0.029115969315171242 -0.002658962970599532 -0.07752299308776855
v -0.02694796957075596 0.011581949889659882 -0.07750797271728516
v 0.03902494162321091 0.03110997937619686 -0.0571819506585598
v 0.03926699981093407 0.03109394945204258 -0.05434494838118553
v 0.04081796854734421 0.030806949362158775 -0.05308597907423973
v 0.03306597098708153 0.030936000868678093 -0.0488010011613369
v 0.035111960023641586 0.03080998919904232 -0.04977500066161156
v 0.04081796854734421 0.030806949362158775 -0.05308597907423973
v -0.06865494698286057 0.010728949680924416 -0.03563594073057175
v -0.05248694866895676 0.011920980177819729 -0.03506797179579735
v -0.06852900236845016 0.013156949542462826 -0.0359339714050293
v 0.00916594173759222 0.014113959856331348 -0.035901959985494614
v 0.003025949001312256 1.9999999949504854e-06 -0.03475099056959152
v 0.0102499695494771 -0.013659000396728516 -0.03584599122405052
v -0.07897894829511642 0.012242970056831837 -0.03901100158691406
v -0.0650019571185112 0.031208990141749382 -0.0459439717233181
v -0.0647529885172844 0.031370989978313446 -0.04709398001432419
v 0.03344899043440819 -0.031242959201335907 -0.062009990215301514
v 0.040314968675374985 -0.03103899024426937 -0.05289195850491524
v -1.700000029813964e-05 -0.0319969616830349 -0.06200199946761131
v -0.06260800361633301 -0.030897969380021095 -0.05904095992445946
v -0.06251697987318039 -0.03088497929275036 -0.059439949691295624
v -0.06211799010634422 -0.03100395016372204 -0.05937498062849045
v -0.06256598234176636 -0.03092700056731701 -0.038611941039562225
v -0.06190197914838791 -0.03177100047469139 -0.041496988385915756
v -0.062125980854034424 -0.030919959768652916 -0.03843998163938522
v 0.035111960023641586 0.03080998919904232 -0.04977500066161156
v 0.031583961099386215 0.030937960371375084 -0.04794393852353096
v 0.030474960803985596 0.030919959768652916 -0.04731094092130661
v -0.053568001836538315 -0.030833950266242027 -0.03836296871304512
v -0.0527869388461113 -0.03045796975493431 -0.037994980812072754
v -0.062125980854034424 -0.030919959768652916 -0.03843998163938522
v 0.05134999006986618 0.002586960094049573 -0.061869971454143524
v 0.005665956996381283 0.029089979827404022 -0.06351196020841599
v 0.03786097839474678 0.031638968735933304 -0.061592988669872284
v 0.03858797997236252 0.031124940142035484 -0.06199996918439865
v -0.05950295180082321 0.03591299057006836 -0.06199996918439865
v 0.005665956996381283 0.029089979827404022 -0.06351196020841599
v -0.008245944045484066 0.028441959992051125 -0.06394398212432861
v -0.018019970506429672 0.02326297014951706 -0.06541699171066284
v -0.06465697288513184 0.030992979183793068 -0.03799796104431152
v 0.04675298184156418 0.03233497962355614 0.014483979903161526
v 0.046338971704244614 0.03236299008131027 0.015749989077448845
v 0.045548971742391586 0.03191094845533371 0.01810299977660179
v 0.04047399014234543 0.030910959467291832 -0.02731895074248314
v 0.0439869686961174 0.029944950714707375 -0.020989950746297836
v 0.039428938180208206 0.03092998079955578 -0.028774969279766083
v 0.0033939480781555176 0.011410949751734734 -0.035373978316783905
v 0.006760953925549984 0.011426979675889015 -0.03552298992872238
v 0.016496950760483742 0.011895000003278255 0.029334960505366325
v 0.005266963969916105 0.031578950583934784 0.04830199107527733
v 0.00574797298759222 0.03156697005033493 0.04825197905302048
v 0.006648956798017025 0.03165297955274582 0.04816097021102905
v 0.04837094992399216 0.030287979170680046 -0.00447994377464056
v 0.048933979123830795 0.03203194960951805 -0.002505958080291748
v 0.04887497052550316 0.03180700168013573 -0.000990999978967011
v 0.034306999295949936 0.031493961811065674 0.03441596031188965
v 0.033893998712301254 0.031782981008291245 0.034878961741924286
v 0.03449498862028122 0.031263940036296844 0.03428494185209274
v -0.06653398275375366 0.031007999554276466 -0.02924495004117489
v -0.0702739879488945 0.031992968171834946 -0.02367197908461094
v -0.06248997896909714 0.03150194138288498 -0.03352295979857445
v -0.05470699071884155 0.025929979979991913 -0.035420000553131104
v -0.06072496995329857 0.030955970287322998 -0.03382498025894165
v -0.0591849610209465 0.030941959470510483 -0.033860981464385986
v 0.030962999910116196 0.032624948769807816 0.03780096024274826
v 0.03449498862028122 0.031263940036296844 0.03428494185209274
v 0.033893998712301254 0.031782981008291245 0.034878961741924286
v 0.045497000217437744 0.03239196166396141 0.018156999722123146
v 0.045548971742391586 0.03191094845533371 0.01810299977660179
v 0.046338971704244614 0.03236299008131027 0.015749989077448845
v 0.04047399014234543 0.030910959467291832 -0.02731895074248314
v 0.04067295044660568 0.030915969982743263 -0.026959000155329704
v 0.04010099172592163 0.03092998079955578 -0.027872970327734947
v 0.04194395989179611 0.030936000868678093 -0.024866990745067596
v 0.043549951165914536 0.030946960672736168 -0.021881990134716034
v 0.047729961574077606 0.030942970886826515 -0.009575963020324707
v 0.05255395174026489 0.04377894848585129 -0.003778994083404541
v 0.04825996980071068 0.0309329591691494 -0.006475985050201416
v 0.04804997891187668 0.0316009484231472 -0.00900799036026001
v 0.02506696991622448 0.03092998079955578 -0.03554898127913475
v 0.030103979632258415 0.03092998079955578 -0.03538595885038376
v 0.03765295818448067 0.030928960070014 -0.03100495971739292
v -0.0697389766573906 0.03110997937619686 -0.024742960929870605
v -0.06950998306274414 0.03104596957564354 -0.025095989927649498
v -0.0723559781908989 0.031058959662914276 -0.01295000035315752
v 0.018004000186920166 0.033408988267183304 0.04569398984313011
v 0.016066959127783775 0.03288298100233078 0.04625397175550461
v 0.021640000864863396 0.03283900022506714 0.04388897866010666
v 0.03429697826504707 0.031580980867147446 0.034443970769643784
v 0.0344499908387661 0.03148394078016281 0.03425896167755127
v 0.0346749983727932 0.03167098015546799 0.03411895036697388
v 0.021624980494379997 0.03286099061369896 0.043901968747377396
v 0.006503998767584562 0.031017949804663658 0.04800695180892944
v 0.022327950224280357 0.032835960388183594 0.04358594864606857
v 0.034306999295949936 0.031493961811065674 0.03441596031188965
v 0.03449498862028122 0.031263940036296844 0.03428494185209274
v 0.0344499908387661 0.03148394078016281 0.03425896167755127
v 0.04887497052550316 0.03180700168013573 -0.000990999978967011
v 0.048933979123830795 0.03203194960951805 -0.002505958080291748
v 0.048895951360464096 0.031856000423431396 -0.0006820000126026571
v -0.06321095675230026 0.032491978257894516 -0.05322097986936569
v -0.06349699944257736 0.03222595900297165 -0.05256098136305809
v -0.07732099294662476 0.04815595969557762 -0.013603979721665382
v -0.026607990264892578 0.05011998862028122 -0.04052596911787987
v -0.014306959696114063 0.05012695863842964 0.04389195889234543
v 0.026962989941239357 0.050072960555553436 -0.03264999017119408
v 0.046338971704244614 0.03236299008131027 0.015749989077448845
v 0.0463249608874321 0.03237396106123924 0.015860969200730324
v 0.043110959231853485 0.031123990193009377 0.019052980467677116
v 0.048933979123830795 0.03203194960951805 -0.002505958080291748
v 0.04868495091795921 0.03145097941160202 -0.0034189820289611816
v 0.04859697073698044 0.03136198967695236 -0.0042489757761359215
v 0.04010099172592163 0.03092998079955578 -0.027872970327734947
v 0.029055949300527573 0.08368294686079025 -0.02603697031736374
v 0.037383969873189926 0.08261697739362717 -0.011689960025250912
v 0.03542596101760864 0.053599949926137924 -0.021030960604548454
v -0.03277498111128807 0.09715496748685837 0.03517597168684006
v 0.006589949131011963 0.08338499069213867 0.03837095946073532
v 0.0034109950065612793 0.0991249606013298 0.034346990287303925
v 0.01869099959731102 0.0827779695391655 -0.03416496142745018
v 0.012283979915082455 0.053865961730480194 -0.03913199156522751
v 0.006491959095001221 0.08340399712324142 -0.03845899924635887
v 0.03440194949507713 0.053436990827322006 0.02242100052535534
v 0.03524094074964523 0.08273196220397949 0.016381969675421715
v 0.029199950397014618 0.08268599957227707 0.026035960763692856
v -0.036550991237163544 0.050413958728313446 0.043088968843221664
v -0.014398990198969841 0.05037200078368187 -0.043793968856334686
v 0.030410999432206154 0.05033694952726364 -0.02608196996152401
v -0.03361498937010765 0.09735696762800217 -0.034922000020742416
v 0.006491959095001221 0.08340399712324142 -0.03845899924635887
v -0.03021096996963024 0.0751519724726677 -0.040422968566417694
v 0.033893998712301254 0.031782981008291245 0.034878961741924286
v 0.0309829693287611 0.03287094086408615 0.0378679595887661
v 0.030962999910116196 0.032624948769807816 0.03780096024274826
v -0.06160597875714302 0.030963949859142303 -0.03696196898818016
v -0.06072496995329857 0.030955970287322998 -0.03382498025894165
v -0.0611339807510376 0.03095996007323265 -0.03379296883940697
v 0.04527597874403 0.03090899996459484 -0.018046969547867775
v 0.03930097073316574 0.031077979132533073 -0.05409996956586838
v 0.04539399966597557 0.03095399960875511 -0.017744949087500572
v 0.040812961757183075 0.030889980494976044 -0.026754969730973244
v 0.03306597098708153 0.030936000868678093 -0.0488010011613369
v 0.04117494076490402 0.03092998079955578 -0.026164939627051353
v 0.0405849814414978 0.031694941222667694 -0.027912970632314682
v 0.04194395989179611 0.030936000868678093 -0.024866990745067596
v 0.04117494076490402 0.03092998079955578 -0.026164939627051353
v 0.04895395040512085 0.0320819616317749 0.00044499998330138624
v 0.04892098158597946 0.031961970031261444 0.0004469999694265425
v 0.048895951360464096 0.031856000423431396 -0.0006820000126026571
v 0.03306597098708153 0.030936000868678093 -0.0488010011613369
v 0.04032396897673607 0.03092998079955578 -0.027574950829148293
v 0.04010099172592163 0.03092998079955578 -0.027872970327734947
v 0.023570949211716652 0.0329439602792263 0.042931970208883286
v 0.022327950224280357 0.032835960388183594 0.04358594864606857
v 0.026451999321579933 0.03279196843504906 0.04107600077986717
v 0.021624980494379997 0.03286099061369896 0.043901968747377396
v 0.021640000864863396 0.03283900022506714 0.04388897866010666
v 0.016066959127783775 0.03288298100233078 0.04625397175550461
v 0.040812961757183075 0.030889980494976044 -0.026754969730973244
v 0.04047399014234543 0.030910959467291832 -0.02731895074248314
v 0.03306597098708153 0.030936000868678093 -0.0488010011613369
v 0.03786097839474678 0.031638968735933304 -0.061592988669872284
v 0.039014991372823715 0.0311159398406744 -0.05743597820401192
v 0.03858797997236252 0.031124940142035484 -0.06199996918439865
v -0.04312098026275635 0.030938979238271713 -0.03699897974729538
v -0.008661985397338867 0.03093397058546543 -0.037756968289613724
v -0.01792198047041893 0.030936000868678093 -0.034718990325927734
v -0.06950998306274414 0.03104596957564354 -0.025095989927649498
v -0.06551098078489304 0.031012950465083122 -0.03859996050596237
v -0.06793694943189621 0.031020989641547203 -0.027324970811605453
v -0.0507199689745903 0.029024949297308922 -0.03627394884824753
v -0.05470699071884155 0.025929979979991913 -0.035420000553131104
v -0.02469700016081333 0.026776960119605064 -0.035895999521017075
v -0.05910497158765793 0.030940940603613853 -0.03692400082945824
v -0.06160597875714302 0.030963949859142303 -0.03696196898818016
v -0.05470699071884155 0.025929979979991913 -0.035420000553131104
v -0.06465697288513184 0.030992979183793068 -0.03799796104431152
v -0.0628509521484375 0.03462100028991699 -0.03816895931959152
v -0.06551098078489304 0.031012950465083122 -0.03859996050596237
v 0.028599970042705536 0.03099697083234787 -0.046462949365377426
v 0.01632899045944214 0.03093099035322666 -0.03992294892668724
v 0.024347959086298943 0.030916979536414146 -0.043930940330028534
v -0.06230795010924339 0.030969969928264618 -0.03706198185682297
v -0.06319998949766159 0.030978970229625702 -0.03718996047973633
v -0.05470699071884155 0.025929979979991913 -0.035420000553131104
v 0.0369829498231411 -0.017926989123225212 -0.07747899740934372
v 0.036868978291749954 -0.018087979406118393 -0.06532198190689087
v 0.030327970162034035 -0.02049100026488304 -0.06585495918989182
v 0.008052945137023926 0.02801698073744774 -0.0773189589381218
v 0.033923979848623276 0.017088940367102623 -0.06627898663282394
v 0.03554695099592209 0.01591598056256771 -0.07747197151184082
v -0.029010949656367302 -0.00634795380756259 -0.06522499769926071
v -0.021127989515662193 -0.020960979163646698 -0.06545495241880417
v -0.0789179801940918 -0.02650398015975952 -0.06200294941663742
v 0.02080499939620495 -0.046431951224803925 -0.062013980001211166
v 0.03853296861052513 -0.03111398033797741 -0.06200795993208885
v 0.04044394940137863 -0.030786989256739616 -0.0620109997689724
v -1.700000029813964e-05 -0.0319969616830349 -0.06200199946761131
v -0.01091098040342331 -0.031191999092698097 -0.06199996918439865
v -0.008409976027905941 -0.030874960124492645 -0.06199996918439865
v -1.4999999621068127e-05 -0.029401950538158417 -0.06349997967481613
v -1.700000029813964e-05 -0.0319969616830349 -0.06200199946761131
v -0.01091098040342331 -0.031191999092698097 -0.06199996918439865
v -0.062125980854034424 -0.030919959768652916 -0.03843998163938522
v -0.06606996059417725 -0.021927950903773308 -0.03664695844054222
v -0.07893996685743332 -0.026732979342341423 -0.039014991372823715
v -0.06413798779249191 -0.03111100010573864 -0.044341981410980225
v -0.06414598226547241 -0.031108969822525978 -0.041153959929943085
v -0.07893996685743332 -0.026732979342341423 -0.039014991372823715
v -0.06414598226547241 -0.031108969822525978 -0.041153959929943085
v -0.06285399198532104 -0.03092700056731701 -0.03890395164489746
v -0.06248693913221359 -0.030860960483551025 -0.040359970182180405
v -0.06260800361633301 -0.030897969380021095 -0.05904095992445946
v -0.0780169889330864 -0.02701698988676071 -0.06199996918439865
v -0.06251697987318039 -0.03088497929275036 -0.059439949691295624
v 0.040299948304891586 0.03258597105741501 0.02778898924589157
v 0.04304397106170654 0.032483991235494614 0.02334696054458618
v 0.039406001567840576 0.032650940120220184 0.02916097082197666
v 0.04675298184156418 0.03233497962355614 0.014483979903161526
v 0.04645299166440964 0.032397981733083725 0.015625
v 0.046338971704244614 0.03236299008131027 0.015749989077448845
v 0.04067295044660568 0.030915969982743263 -0.026959000155329704
v 0.048374950885772705 0.0309329591691494 -0.005403995048254728
v 0.04847395047545433 0.0309329591691494 -0.004281997215002775
v 0.04117494076490402 0.03092998079955578 -0.026164939627051353
v 0.0439869686961174 0.029944950714707375 -0.020989950746297836
v 0.040812961757183075 0.030889980494976044 -0.026754969730973244
v -0.07065200060606003 0.033322978764772415 0.02276097983121872
v -0.07188694924116135 0.044041991233825684 0.027201950550079346
v 0.03796093910932541 0.03260194882750511 0.030890999361872673
v 0.034908950328826904 0.03162597864866257 0.033813949674367905
v 0.0344499908387661 0.03148394078016281 0.03425896167755127
v 0.03304897993803024 0.05010699853301048 0.023332949727773666
v 0.03495800122618675 0.050133999437093735 0.02029097080230713
v 0.022068969905376434 0.050095971673727036 0.033874981105327606
v -0.06285399198532104 -0.03092700056731701 -0.03890395164489746
v -0.06190197914838791 -0.03177100047469139 -0.041496988385915756
v -0.06256598234176636 -0.03092700056731701 -0.038611941039562225
v -0.06256598234176636 -0.03092700056731701 -0.038611941039562225
v -0.062125980854034424 -0.030919959768652916 -0.03843998163938522
v -0.07893996685743332 -0.026732979342341423 -0.039014991372823715
v -0.06671398133039474 0.032851990312337875 0.02876698039472103
v -0.06684595346450806 0.029319999739527702 0.02686196006834507
v -0.06031996011734009 0.02899198979139328 0.03480498865246773
v 0.011958000250160694 -0.030781980603933334 -0.03828798979520798
v -0.053568001836538315 -0.030833950266242027 -0.03836296871304512
v -0.062125980854034424 -0.030919959768652916 -0.03843998163938522
v 0.024347959086298943 0.030916979536414146 -0.043930940330028534
v 0.017206959426403046 -0.030833950266242027 -0.039923958480358124
v 0.03509794920682907 -0.030800990760326385 -0.04976695030927658
v 0.011958000250160694 -0.030781980603933334 -0.03828798979520798
v 0.045972999185323715 -0.0222239401191473 -0.05597895011305809
v 0.035517990589141846 -0.030805999413132668 -0.050034988671541214
v 0.037018001079559326 -0.030799979344010353 -0.05086100101470947
v 0.04044394940137863 -0.030786989256739616 -0.0620109997689724
v 0.012462969869375229 0.018655000254511833 -0.03681600093841553
v 0.035111960023641586 0.03080998919904232 -0.04977500066161156
v 0.024347959086298943 0.030916979536414146 -0.043930940330028534
v 0.047729961574077606 0.030942970886826515 -0.009575963020324707
v 0.04804997891187668 0.0316009484231472 -0.00900799036026001
v 0.048243988305330276 0.030901959165930748 -0.006483972072601318
v 0.04508494958281517 0.03241394832730293 0.019057979807257652
v 0.04387294873595238 0.03245300054550171 0.021644940599799156
v 0.045548971742391586 0.03191094845533371 0.01810299977660179
v -0.05760496109724045 0.03274296969175339 0.03823494166135788
v -0.05623399838805199 0.032760970294475555 0.03929197043180466
v -0.05408095940947533 0.03279196843504906 0.04075998067855835
v 0.0309829693287611 0.03287094086408615 0.0378679595887661
v 0.02362697944045067 0.03307497128844261 0.04294198006391525
v 0.02422397956252098 0.03302495926618576 0.04255896061658859
v 0.03457396849989891 0.032693978399038315 0.034554000943899155
v 0.036944981664419174 0.03263700008392334 0.03215496987104416
v 0.03796796873211861 0.032621968537569046 0.030896959826350212
v 0.04304397106170654 0.032483991235494614 0.02334696054458618
v 0.04862796887755394 0.03213696926832199 0.005244969855993986
v 0.048948999494314194 0.03211294859647751 0.002181946998462081
v -0.05625997856259346 0.03777097910642624 -1.3999999282532372e-05
v 0.04875694960355759 0.03200298175215721 -0.0041799540631473064
v 0.04814593866467476 0.03192298859357834 -0.008999942801892757
v -0.05625997856259346 0.03777097910642624 -1.3999999282532372e-05
v 0.051231980323791504 0.04387598857283592 0.011356939561665058
v 0.04840296134352684 0.0322069488465786 0.007428944110870361
v 0.04862796887755394 0.03213696926832199 0.005244969855993986
v 0.04305195063352585 0.0324929915368557 0.023351959884166718
v -0.07246100157499313 0.031059980392456055 -0.012504990212619305
v -0.07532799243927002 0.031946949660778046 -0.007332980167120695
v -0.07531099766492844 0.031944990158081055 -0.007447957061231136
v -0.07704800367355347 0.04400599002838135 0.015464959666132927
v -0.07468301057815552 0.03227299079298973 0.011602990329265594
v -0.07217495888471603 0.03240697830915451 0.018897950649261475
v 0.03495800122618675 0.050133999437093735 0.02029097080230713
v 0.03519396856427193 0.050136979669332504 0.0199469905346632
v -0.014306959696114063 0.05012695863842964 0.04389195889234543
v 0.04591995105147362 0.04438893869519234 0.025635000318288803
v 0.044741980731487274 0.032491978257894516 0.019959980621933937
v 0.04508494958281517 0.03241394832730293 0.019057979807257652
v -0.003521977923810482 0.03292994946241379 0.04896795004606247
v 0.005656957160681486 0.03126800060272217 0.048179980367422104
v 0.005266963969916105 0.031578950583934784 0.04830199107527733
v 0.04032294824719429 0.03256100043654442 0.027804970741271973
v 0.03820699080824852 0.03268295153975487 0.03063398040831089
v 0.03796093910932541 0.03260194882750511 0.030890999361872673
v -0.06754696369171143 0.03301696851849556 0.02770400047302246
v -0.07188694924116135 0.044041991233825684 0.027201950550079346
v -0.06961899250745773 0.032712988555431366 0.024201979860663414
v -0.06956797093153 0.03249698132276535 0.024162940680980682
v -0.060992948710918427 0.03095399960875511 0.034581951797008514
v -0.06130694970488548 0.03109597973525524 0.03431195020675659
v -0.07860296219587326 0.04293698072433472 -0.010275949724018574
v -0.07531099766492844 0.031944990158081055 -0.007447957061231136
v -0.07532799243927002 0.031946949660778046 -0.007332980167120695
v -0.06653398275375366 0.031007999554276466 -0.02924495004117489
v -0.07246100157499313 0.031059980392456055 -0.012504990212619305
v -0.0723559781908989 0.031058959662914276 -0.01295000035315752
v 0.005266963969916105 0.031578950583934784 0.04830199107527733
v 0.0005419999943114817 0.0329279787838459 0.04892997816205025
v 0.009395956061780453 0.02918297052383423 0.04746298864483833
v 0.009395956061780453 0.02918297052383423 0.04746298864483833
v 0.013173989951610565 0.032895978540182114 0.04732400178909302
v 0.006648956798017025 0.03165297955274582 0.04816097021102905
v 0.009395956061780453 0.02918297052383423 0.04746298864483833
v 0.006648956798017025 0.03165297955274582 0.04816097021102905
v 0.006477952003479004 0.03161495178937912 0.048177000135183334
v 0.005637942813336849 0.03156298026442528 0.04826395958662033
v 0.005266963969916105 0.031578950583934784 0.04830199107527733
v 0.009395956061780453 0.02918297052383423 0.04746298864483833
v 0.009395956061780453 0.02918297052383423 0.04746298864483833
v 0.006477952003479004 0.03161495178937912 0.048177000135183334
v 0.00574797298759222 0.03156697005033493 0.04825197905302048
v 0.03902494162321091 0.03110997937619686 -0.0571819506585598
v 0.039014991372823715 0.0311159398406744 -0.05743597820401192
v 0.03786097839474678 0.031638968735933304 -0.061592988669872284
v 0.03926699981093407 0.03109394945204258 -0.05434494838118553
v 0.03786097839474678 0.031638968735933304 -0.061592988669872284
v 0.03631699085235596 0.031007999554276466 -0.05132699012756348
v 0.011958000250160694 -0.030781980603933334 -0.03828798979520798
v 0.017206959426403046 -0.030833950266242027 -0.039923958480358124
v 0.016635950654745102 -0.030816970393061638 -0.03964697942137718
v -0.06285399198532104 -0.03092700056731701 -0.03890395164489746
v -0.06256598234176636 -0.03092700056731701 -0.038611941039562225
v -0.07893996685743332 -0.026732979342341423 -0.039014991372823715
v -0.06256598234176636 -0.03092700056731701 -0.038611941039562225
v -0.06124395132064819 -0.03355097025632858 0.035605959594249725
v -0.062428951263427734 -0.030924970284104347 -0.038552988320589066
v 0.037018001079559326 -0.030799979344010353 -0.05086100101470947
v 0.035517990589141846 -0.030805999413132668 -0.050034988671541214
v 0.03509794920682907 -0.030800990760326385 -0.04976695030927658
v 0.0491749607026577 -0.032148949801921844 0.004482984077185392
v 0.037018001079559326 -0.030799979344010353 -0.05086100101470947
v 0.03509794920682907 -0.030800990760326385 -0.04976695030927658
v 0.01508294977247715 -0.030803969129920006 -0.03896193951368332
v 0.011958000250160694 -0.030781980603933334 -0.03828798979520798
v 0.0491749607026577 -0.032148949801921844 0.004482984077185392
v 0.016635950654745102 -0.030816970393061638 -0.03964697942137718
v 0.01508294977247715 -0.030803969129920006 -0.03896193951368332
v 0.0491749607026577 -0.032148949801921844 0.004482984077185392
v 0.0491749607026577 -0.032148949801921844 0.004482984077185392
v 0.03509794920682907 -0.030800990760326385 -0.04976695030927658
v 0.017206959426403046 -0.030833950266242027 -0.039923958480358124
v 0.02485995925962925 0.019339969381690025 -0.04379897937178612
v 0.012462969869375229 0.018655000254511833 -0.03681600093841553
v 0.012160000391304493 -0.018158970400691032 -0.03675299137830734
v 0.003025949001312256 1.9999999949504854e-06 -0.03475099056959152
v -0.059713948518037796 -0.010675960220396519 -0.03549695014953613
v -0.05447094887495041 -0.010900969617068768 -0.035512980073690414
v 0.017206959426403046 -0.030833950266242027 -0.039923958480358124
v 0.040314968675374985 -0.03103899024426937 -0.05289195850491524
v 0.035517990589141846 -0.030805999413132668 -0.050034988671541214
v 0.04047399014234543 0.030910959467291832 -0.02731895074248314
v 0.04067295044660568 0.030915969982743263 -0.026959000155329704
v 0.040812961757183075 0.030889980494976044 -0.026754969730973244
v 0.04539399966597557 0.03095399960875511 -0.017744949087500572
v 0.046935971826314926 0.03095196932554245 -0.013067959807813168
v 0.0439869686961174 0.029944950714707375 -0.020989950746297836
v 0.026451999321579933 0.03279196843504906 0.04107600077986717
v 0.02422397956252098 0.03302495926618576 0.04255896061658859
v 0.025251980870962143 0.029936959967017174 0.04122798889875412
v 0.02422397956252098 0.03302495926618576 0.04255896061658859
v 0.02362697944045067 0.03307497128844261 0.04294198006391525
v 0.02371996082365513 0.03295797109603882 0.04284900054335594
v 0.02371996082365513 0.03295797109603882 0.04284900054335594
v 0.023570949211716652 0.0329439602792263 0.042931970208883286
v 0.025251980870962143 0.029936959967017174 0.04122798889875412
v -0.07331997156143188 0.03235398977994919 0.0159449502825737
v -0.07217495888471603 0.03240697830915451 0.018897950649261475
v -0.07196897268295288 0.03242896869778633 0.019369950518012047
v 0.03552800044417381 0.031488001346588135 -0.033674001693725586
v 0.0405849814414978 0.031694941222667694 -0.027912970632314682
v 0.035972949117422104 0.030950959771871567 -0.033008988946676254
v 0.043110959231853485 0.031123990193009377 0.019052980467677116
v 0.045497000217437744 0.03239196166396141 0.018156999722123146
v 0.04508494958281517 0.03241394832730293 0.019057979807257652
v 0.044741980731487274 0.032491978257894516 0.019959980621933937
v 0.03820699080824852 0.03268295153975487 0.03063398040831089
v 0.04591995105147362 0.04438893869519234 0.025635000318288803
v 0.045497000217437744 0.03239196166396141 0.018156999722123146
v 0.0463249608874321 0.03237396106123924 0.015860969200730324
v -0.07065200060606003 0.033322978764772415 0.02276097983121872
v -0.0703989788889885 0.032471951097249985 0.022714970633387566
v -0.06956797093153 0.03249698132276535 0.024162940680980682
v -0.0522419810295105 0.044858988374471664 0.0461079403758049
v -0.05693095177412033 0.03273195028305054 0.038770969957113266
v -0.05408095940947533 0.03279196843504906 0.04075998067855835
v -0.031286001205444336 0.10021299868822098 0.0324089489877224
v 0.0034109950065612793 0.0991249606013298 0.034346990287303925
v 0.004230976104736328 0.10392899811267853 0.018830949440598488
v 0.034306999295949936 0.031493961811065674 0.03441596031188965
v 0.0344499908387661 0.03148394078016281 0.03425896167755127
v 0.03429697826504707 0.031580980867147446 0.034443970769643784
v -0.07479994744062424 0.0318869911134243 -0.010781999677419662
v -0.0650019571185112 0.031208990141749382 -0.0459439717233181
v -0.07284700125455856 0.03170394152402878 -0.017324980348348618
v -0.0650019571185112 0.031208990141749382 -0.0459439717233181
v -0.06549996137619019 0.031026000156998634 -0.04201798886060715
v -0.07284700125455856 0.03170394152402878 -0.017324980348348618
v -0.06549996137619019 0.031026000156998634 -0.04201798886060715
v -0.06950998306274414 0.03104596957564354 -0.025095989927649498
v -0.0697389766573906 0.03110997937619686 -0.024742960929870605
v 0.043178971856832504 0.030992979183793068 -0.022648990154266357
v 0.0405849814414978 0.031694941222667694 -0.027912970632314682
v 0.04628700017929077 0.03178900107741356 -0.01614600047469139
v -0.0647529885172844 0.031370989978313446 -0.04709398001432419
v -0.0650019571185112 0.031208990141749382 -0.0459439717233181
v -0.0628509521484375 0.03462100028991699 -0.03816895931959152
v -0.0650019571185112 0.031208990141749382 -0.0459439717233181
v -0.06549996137619019 0.031026000156998634 -0.04201798886060715
v -0.0628509521484375 0.03462100028991699 -0.03816895931959152
v -0.06549996137619019 0.031026000156998634 -0.04201798886060715
v -0.06551098078489304 0.031012950465083122 -0.03859996050596237
v -0.0628509521484375 0.03462100028991699 -0.03816895931959152
v -0.0628509521484375 0.03462100028991699 -0.03816895931959152
v -0.05950295180082321 0.03591299057006836 -0.06199996918439865
v -0.06321095675230026 0.032491978257894516 -0.05322097986936569
v -0.06321095675230026 0.032491978257894516 -0.05322097986936569
v -0.06349699944257736 0.03222595900297165 -0.05256098136305809
v -0.06356900185346603 0.032168980687856674 -0.052317969501018524
v -0.06356900185346603 0.032168980687856674 -0.052317969501018524
v -0.0647529885172844 0.031370989978313446 -0.04709398001432419
v -0.0628509521484375 0.03462100028991699 -0.03816895931959152
v -0.05950295180082321 0.03591299057006836 -0.06199996918439865
v -0.018019970506429672 0.02326297014951706 -0.06541699171066284
v -0.027437979355454445 0.011824959889054298 -0.06533794850111008
v -0.06413798779249191 -0.03111100010573864 -0.044341981410980225
v -0.06260800361633301 -0.030897969380021095 -0.05904095992445946
v -0.0761609598994255 -0.032859981060028076 -0.004730999004095793
v -0.0761609598994255 -0.032859981060028076 -0.004730999004095793
v -0.06285399198532104 -0.03092700056731701 -0.03890395164489746
v -0.06414598226547241 -0.031108969822525978 -0.041153959929943085
v 0.03449498862028122 0.031263940036296844 0.03428494185209274
v 0.025251980870962143 0.029936959967017174 0.04122798889875412
v 0.016496950760483742 0.011895000003278255 0.029334960505366325
v 0.03429697826504707 0.031580980867147446 0.034443970769643784
v -0.0697389766573906 0.03110997937619686 -0.024742960929870605
v -0.0702739879488945 0.031992968171834946 -0.02367197908461094
v -0.06950998306274414 0.03104596957564354 -0.025095989927649498
v -0.0702739879488945 0.031992968171834946 -0.02367197908461094
v -0.06653398275375366 0.031007999554276466 -0.02924495004117489
v -0.06796497106552124 0.031020989641547203 -0.027203969657421112
v -0.06653398275375366 0.031007999554276466 -0.02924495004117489
v -0.06793694943189621 0.031020989641547203 -0.027324970811605453
v -0.06796497106552124 0.031020989641547203 -0.027203969657421112
v -0.06157194823026657 0.03206795081496239 0.034450940787792206
v -0.06422095745801926 0.032622989267110825 0.03188794106245041
v -0.06031996011734009 0.02899198979139328 0.03480498865246773
v -0.06031996011734009 0.02899198979139328 0.03480498865246773
v -0.060423970222473145 0.03269999846816063 0.03579895943403244
v -0.06106996163725853 0.03225594013929367 0.03501296043395996
v -0.060992948710918427 0.03095399960875511 0.034581951797008514
v -0.07246100157499313 0.031059980392456055 -0.012504990212619305
v -0.0591849610209465 0.030941959470510483 -0.033860981464385986
v -0.07246100157499313 0.031059980392456055 -0.012504990212619305
v -0.06463295221328735 0.030990950763225555 -0.03143996000289917
v -0.0591849610209465 0.030941959470510483 -0.033860981464385986
v -0.06072496995329857 0.030955970287322998 -0.03382498025894165
v -0.06463295221328735 0.030990950763225555 -0.03143996000289917
v -0.0611339807510376 0.03095996007323265 -0.03379296883940697
v -0.06463295221328735 0.030990950763225555 -0.03143996000289917
v -0.06298798322677612 0.030975989997386932 -0.03333896026015282
v -0.06185698136687279 0.030965980142354965 -0.03370796889066696
v -0.06185698136687279 0.030965980142354965 -0.03370796889066696
v -0.0611339807510376 0.03095996007323265 -0.03379296883940697
v -0.06463295221328735 0.030990950763225555 -0.03143996000289917
v -0.06950998306274414 0.03104596957564354 -0.025095989927649498
v -0.06796497106552124 0.031020989641547203 -0.027203969657421112
v -0.06852900236845016 0.013156949542462826 -0.0359339714050293
v -0.06796497106552124 0.031020989641547203 -0.027203969657421112
v -0.06793694943189621 0.031020989641547203 -0.027324970811605453
v -0.06852900236845016 0.013156949542462826 -0.0359339714050293
v -0.06793694943189621 0.031020989641547203 -0.027324970811605453
v -0.06653398275375366 0.031007999554276466 -0.02924495004117489
v -0.06852900236845016 0.013156949542462826 -0.0359339714050293
v -0.06793694943189621 0.031020989641547203 -0.027324970811605453
v -0.06465697288513184 0.030992979183793068 -0.03799796104431152
v -0.06653398275375366 0.031007999554276466 -0.02924495004117489
v -0.06465697288513184 0.030992979183793068 -0.03799796104431152
v -0.06373900175094604 0.030983980745077133 -0.037356968969106674
v -0.06463295221328735 0.030990950763225555 -0.03143996000289917
v -0.06653398275375366 0.031007999554276466 -0.02924495004117489
v -0.06465697288513184 0.030992979183793068 -0.03799796104431152
v -0.06463295221328735 0.030990950763225555 -0.03143996000289917
v -0.06319998949766159 0.030978970229625702 -0.03718996047973633
v -0.06230795010924339 0.030969969928264618 -0.03706198185682297
v -0.06463295221328735 0.030990950763225555 -0.03143996000289917
v 0.00829994585365057 -0.047186970710754395 0.05192798003554344
v 0.008986948989331722 -0.03364795073866844 0.048678990453481674
v -0.03331397846341133 -0.033776991069316864 0.048983991146087646
v -0.051636990159749985 -0.0458749495446682 -0.06199996918439865
v -0.049094971269369125 -0.046499960124492645 -0.06199996918439865
v -0.053662948310375214 -0.0504639707505703 -0.03474795073270798
v -0.062125980854034424 -0.030919959768652916 -0.03843998163938522
v -0.062125980854034424 -0.030919959768652916 -0.03843998163938522
v -0.06220399960875511 -0.030899999663233757 -0.039133958518505096
v -0.062428951263427734 -0.030924970284104347 -0.038552988320589066
v -0.051636990159749985 -0.0458749495446682 -0.06199996918439865
v -0.05864197015762329 -0.03724997863173485 -0.06199996918439865
v 0.03344899043440819 -0.031242959201335907 -0.062009990215301514
v 0.0023799529299139977 -0.09743297100067139 -0.03521095961332321
v -0.0337439700961113 -0.09735094755887985 -0.03485000133514404
v -0.029989000409841537 -0.07454097270965576 -0.04055798053741455
v 0.003396986983716488 -0.04538093879818916 -0.07800096273422241
v 0.0369829498231411 -0.017926989123225212 -0.07747899740934372
v 0.0032129879109561443 -0.029172949492931366 -0.07747399061918259
v -0.04443395137786865 0.010999970138072968 -0.07799594849348068
v -0.04487299174070358 -0.009008944034576416 -0.07799898833036423
v -0.029115969315171242 -0.002658962970599532 -0.07752299308776855
v -0.04487299174070358 -0.009008944034576416 -0.07799898833036423
v -0.03895895928144455 -0.023523980751633644 -0.07800000160932541
v -0.02610497921705246 -0.012969969771802425 -0.07751195877790451
v 0.04056799039244652 0.030731970444321632 -0.062011949717998505
v 0.039014991372823715 0.0311159398406744 -0.05743597820401192
v 0.04081796854734421 0.030806949362158775 -0.05308597907423973
v 0.039014991372823715 0.0311159398406744 -0.05743597820401192
v 0.03902494162321091 0.03110997937619686 -0.0571819506585598
v 0.04081796854734421 0.030806949362158775 -0.05308597907423973
v 0.03306597098708153 0.030936000868678093 -0.0488010011613369
v 0.031583961099386215 0.030937960371375084 -0.04794393852353096
v 0.035111960023641586 0.03080998919904232 -0.04977500066161156
v -0.06865494698286057 0.010728949680924416 -0.03563594073057175
v 0.0102499695494771 -0.013659000396728516 -0.03584599122405052
v 0.009843944571912289 0.01611899957060814 -0.03604096174240112
v 0.009679973125457764 0.015215990133583546 -0.03600496053695679
v 0.009679973125457764 0.015215990133583546 -0.03600496053695679
v 0.00916594173759222 0.014113959856331348 -0.035901959985494614
v 0.0102499695494771 -0.013659000396728516 -0.03584599122405052
v -0.06349699944257736 0.03222595900297165 -0.05256098136305809
v -0.06321095675230026 0.032491978257894516 -0.05322097986936569
v -0.07899600267410278 0.012189979664981365 -0.062000978738069534
v -0.06321095675230026 0.032491978257894516 -0.05322097986936569
v -0.05950295180082321 0.03591299057006836 -0.06199996918439865
v -0.07899600267410278 0.012189979664981365 -0.062000978738069534
v -0.07899600267410278 0.012189979664981365 -0.062000978738069534
v -0.07897894829511642 0.012242970056831837 -0.03901100158691406
v -0.0647529885172844 0.031370989978313446 -0.04709398001432419
v -0.06349699944257736 0.03222595900297165 -0.05256098136305809
v -0.07899600267410278 0.012189979664981365 -0.062000978738069534
v -0.06356900185346603 0.032168980687856674 -0.052317969501018524
v -0.07897894829511642 0.012242970056831837 -0.03901100158691406
v -0.06551098078489304 0.031012950465083122 -0.03859996050596237
v -0.06549996137619019 0.031026000156998634 -0.04201798886060715
v -0.07897894829511642 0.012242970056831837 -0.03901100158691406
v -0.06549996137619019 0.031026000156998634 -0.04201798886060715
v -0.0650019571185112 0.031208990141749382 -0.0459439717233181
v -0.06356900185346603 0.032168980687856674 -0.052317969501018524
v -0.07899600267410278 0.012189979664981365 -0.062000978738069534
v -0.0647529885172844 0.031370989978313446 -0.04709398001432419
v 0.03344899043440819 -0.031242959201335907 -0.062009990215301514
v 0.03853296861052513 -0.03111398033797741 -0.06200795993208885
v 0.040314968675374985 -0.03103899024426937 -0.05289195850491524
v -0.06190197914838791 -0.03177100047469139 -0.041496988385915756
v -0.06413798779249191 -0.03111100010573864 -0.044341981410980225
v -0.06211799010634422 -0.03100395016372204 -0.05937498062849045
v -0.06413798779249191 -0.03111100010573864 -0.044341981410980225
v -0.06260800361633301 -0.030897969380021095 -0.05904095992445946
v -0.06211799010634422 -0.03100395016372204 -0.05937498062849045
v -0.053568001836538315 -0.030833950266242027 -0.03836296871304512
v 0.011958000250160694 -0.030781980603933334 -0.03828798979520798
v -0.0527869388461113 -0.03045796975493431 -0.037994980812072754
v 0.03786097839474678 0.031638968735933304 -0.061592988669872284
v -0.06465697288513184 0.030992979183793068 -0.03799796104431152
v -0.06551098078489304 0.031012950465083122 -0.03859996050596237
v -0.07897894829511642 0.012242970056831837 -0.03901100158691406
v 0.0352739617228508 0.030342990532517433 -0.03363697975873947
v 0.039428938180208206 0.03092998079955578 -0.028774969279766083
v 0.0439869686961174 0.029944950714707375 -0.020989950746297836
v 0.039428938180208206 0.03092998079955578 -0.028774969279766083
v 0.04010099172592163 0.03092998079955578 -0.027872970327734947
v 0.04047399014234543 0.030910959467291832 -0.02731895074248314
v 0.006760953925549984 0.011426979675889015 -0.03552298992872238
v 0.007789968978613615 0.011426979675889015 -0.035602979362010956
v 0.016496950760483742 0.011895000003278255 0.029334960505366325
v 0.016496950760483742 0.011895000003278255 0.029334960505366325
v -0.0332939587533474 0.011929979547858238 0.04228496178984642
v 0.0033939480781555176 0.011410949751734734 -0.035373978316783905
v -0.0332939587533474 0.011929979547858238 0.04228496178984642
v -0.04733198136091232 0.011401950381696224 -0.03379695862531662
v 0.0033939480781555176 0.011410949751734734 -0.035373978316783905
v 0.006648956798017025 0.03165297955274582 0.04816097021102905
v 0.0005419999943114817 0.0329279787838459 0.04892997816205025
v 0.005266963969916105 0.031578950583934784 0.04830199107527733
v 0.006648956798017025 0.03165297955274582 0.04816097021102905
v 0.005266963969916105 0.031578950583934784 0.04830199107527733
v 0.005637942813336849 0.03156298026442528 0.04826395958662033
v 0.00574797298759222 0.03156697005033493 0.04825197905302048
v 0.00574797298759222 0.03156697005033493 0.04825197905302048
v 0.006477952003479004 0.03161495178937912 0.048177000135183334
v 0.006648956798017025 0.03165297955274582 0.04816097021102905
v 0.04887497052550316 0.03180700168013573 -0.000990999978967011
v 0.048895951360464096 0.031856000423431396 -0.0006820000126026571
v 0.04837094992399216 0.030287979170680046 -0.00447994377464056
v 0.048895951360464096 0.031856000423431396 -0.0006820000126026571
v 0.04892098158597946 0.031961970031261444 0.0004469999694265425
v 0.04837094992399216 0.030287979170680046 -0.00447994377464056
v -0.06298798322677612 0.030975989997386932 -0.03333896026015282
v -0.06463295221328735 0.030990950763225555 -0.03143996000289917
v -0.06248997896909714 0.03150194138288498 -0.03352295979857445
v -0.06463295221328735 0.030990950763225555 -0.03143996000289917
v -0.06653398275375366 0.031007999554276466 -0.02924495004117489
v -0.06248997896909714 0.03150194138288498 -0.03352295979857445
v 0.031328968703746796 0.030314980074763298 -0.03593796119093895
v -0.02469700016081333 0.026776960119605064 -0.035895999521017075
v -0.01792198047041893 0.030936000868678093 -0.034718990325927734
v -0.02469700016081333 0.026776960119605064 -0.035895999521017075
v -0.05470699071884155 0.025929979979991913 -0.035420000553131104
v -0.0591849610209465 0.030941959470510483 -0.033860981464385986
v -0.01792198047041893 0.030936000868678093 -0.034718990325927734
v -0.02469700016081333 0.026776960119605064 -0.035895999521017075
v -0.0591849610209465 0.030941959470510483 -0.033860981464385986
v 0.030962999910116196 0.032624948769807816 0.03780096024274826
v 0.025251980870962143 0.029936959967017174 0.04122798889875412
v 0.03449498862028122 0.031263940036296844 0.03428494185209274
v 0.04675298184156418 0.03233497962355614 0.014483979903161526
v -0.05625997856259346 0.03777097910642624 -1.3999999282532372e-05
v 0.046338971704244614 0.03236299008131027 0.015749989077448845
v -0.05625997856259346 0.03777097910642624 -1.3999999282532372e-05
v 0.045497000217437744 0.03239196166396141 0.018156999722123146
v 0.046338971704244614 0.03236299008131027 0.015749989077448845
v 0.04847395047545433 0.0309329591691494 -0.004281997215002775
v 0.04846196994185448 0.0309329591691494 -0.003131984965875745
v 0.04067295044660568 0.030915969982743263 -0.026959000155329704
v 0.04846196994185448 0.0309329591691494 -0.003131984965875745
v 0.04010099172592163 0.03092998079955578 -0.027872970327734947
v 0.04067295044660568 0.030915969982743263 -0.026959000155329704
v 0.04010099172592163 0.03092998079955578 -0.027872970327734947
v 0.04032396897673607 0.03092998079955578 -0.027574950829148293
v 0.04047399014234543 0.030910959467291832 -0.02731895074248314
v 0.043178971856832504 0.030992979183793068 -0.022648990154266357
v 0.043549951165914536 0.030946960672736168 -0.021881990134716034
v 0.04194395989179611 0.030936000868678093 -0.024866990745067596
v 0.043549951165914536 0.030946960672736168 -0.021881990134716034
v 0.04527597874403 0.03090899996459484 -0.018046969547867775
v 0.047729961574077606 0.030942970886826515 -0.009575963020324707
v 0.047729961574077606 0.030942970886826515 -0.009575963020324707
v 0.04527597874403 0.03090899996459484 -0.018046969547867775
v 0.046935971826314926 0.03095196932554245 -0.013067959807813168
v 0.04527597874403 0.03090899996459484 -0.018046969547867775
v 0.04539399966597557 0.03095399960875511 -0.017744949087500572
v 0.046935971826314926 0.03095196932554245 -0.013067959807813168
v 0.047729961574077606 0.030942970886826515 -0.009575963020324707
v 0.04825996980071068 0.0309329591691494 -0.006475985050201416
v 0.04194395989179611 0.030936000868678093 -0.024866990745067596
v 0.04825996980071068 0.0309329591691494 -0.006475985050201416
v 0.04117494076490402 0.03092998079955578 -0.026164939627051353
v 0.04194395989179611 0.030936000868678093 -0.024866990745067596
v 0.04194395989179611 0.030936000868678093 -0.024866990745067596
v 0.042770981788635254 0.030942970886826515 -0.023442979902029037
v 0.043178971856832504 0.030992979183793068 -0.022648990154266357
v 0.04804997891187668 0.0316009484231472 -0.00900799036026001
v 0.047729961574077606 0.030942970886826515 -0.009575963020324707
v 0.05255395174026489 0.04377894848585129 -0.003778994083404541
v 0.047729961574077606 0.030942970886826515 -0.009575963020324707
v 0.03858797997236252 0.031124940142035484 -0.06199996918439865
v 0.05255395174026489 0.04377894848585129 -0.003778994083404541
v 0.030103979632258415 0.03092998079955578 -0.03538595885038376
v 0.03352797031402588 0.030928960070014 -0.034751951694488525
v 0.035972949117422104 0.030950959771871567 -0.033008988946676254
v 0.03352797031402588 0.030928960070014 -0.034751951694488525
v 0.03514397144317627 0.030928960070014 -0.03387695178389549
v 0.035688988864421844 0.030928960070014 -0.03332095965743065
v 0.035972949117422104 0.030950959771871567 -0.033008988946676254
v 0.03352797031402588 0.030928960070014 -0.034751951694488525
v 0.035688988864421844 0.030928960070014 -0.03332095965743065
v 0.035972949117422104 0.030950959771871567 -0.033008988946676254
v 0.036629971116781235 0.030928960070014 -0.03227096050977707
v 0.030103979632258415 0.03092998079955578 -0.03538595885038376
v 0.036629971116781235 0.030928960070014 -0.03227096050977707
v 0.03765295818448067 0.030928960070014 -0.03100495971739292
v 0.030103979632258415 0.03092998079955578 -0.03538595885038376
v 0.03765295818448067 0.030928960070014 -0.03100495971739292
v 0.04480797052383423 0.0309329591691494 -0.003440975910052657
v 0.02506696991622448 0.03092998079955578 -0.03554898127913475
v 0.04480797052383423 0.0309329591691494 -0.003440975910052657
v -0.060992948710918427 0.03095399960875511 0.034581951797008514
v -0.01792198047041893 0.030936000868678093 -0.034718990325927734
v 0.02506696991622448 0.03092998079955578 -0.03554898127913475
v 0.04480797052383423 0.0309329591691494 -0.003440975910052657
v -0.01792198047041893 0.030936000868678093 -0.034718990325927734
v -0.060992948710918427 0.03095399960875511 0.034581951797008514
v -0.0591849610209465 0.030941959470510483 -0.033860981464385986
v -0.01792198047041893 0.030936000868678093 -0.034718990325927734
v -0.07479994744062424 0.0318869911134243 -0.010781999677419662
v -0.07284700125455856 0.03170394152402878 -0.017324980348348618
v -0.0723559781908989 0.031058959662914276 -0.01295000035315752
v -0.07284700125455856 0.03170394152402878 -0.017324980348348618
v -0.0697389766573906 0.03110997937619686 -0.024742960929870605
v -0.0723559781908989 0.031058959662914276 -0.01295000035315752
v 0.022327950224280357 0.032835960388183594 0.04358594864606857
v 0.021477989852428436 0.03302996978163719 0.04401694983243942
v 0.021640000864863396 0.03283900022506714 0.04388897866010666
v 0.021477989852428436 0.03302996978163719 0.04401694983243942
v 0.018004000186920166 0.033408988267183304 0.04569398984313011
v 0.021640000864863396 0.03283900022506714 0.04388897866010666
v 0.0319969616830349 0.033015958964824677 0.03718698024749756
v 0.033893998712301254 0.031782981008291245 0.034878961741924286
v 0.0346749983727932 0.03167098015546799 0.03411895036697388
v 0.033893998712301254 0.031782981008291245 0.034878961741924286
v 0.03429697826504707 0.031580980867147446 0.034443970769643784
v 0.0346749983727932 0.03167098015546799 0.03411895036697388
v 0.021624980494379997 0.03286099061369896 0.043901968747377396
v 0.016066959127783775 0.03288298100233078 0.04625397175550461
v 0.006503998767584562 0.031017949804663658 0.04800695180892944
v 0.034306999295949936 0.031493961811065674 0.03441596031188965
v 0.02697199024260044 0.030955970287322998 0.03825293853878975
v 0.03449498862028122 0.031263940036296844 0.03428494185209274
v 0.04887497052550316 0.03180700168013573 -0.000990999978967011
v 0.04847395047545433 0.0309329591691494 -0.004281997215002775
v 0.04868495091795921 0.03145097941160202 -0.0034189820289611816
v 0.04868495091795921 0.03145097941160202 -0.0034189820289611816
v 0.048933979123830795 0.03203194960951805 -0.002505958080291748
v 0.04887497052550316 0.03180700168013573 -0.000990999978967011
v 0.048933979123830795 0.03203194960951805 -0.002505958080291748
v 0.0489959716796875 0.03206998109817505 0.0
v 0.048895951360464096 0.031856000423431396 -0.0006820000126026571
v -0.07860296219587326 0.04293698072433472 -0.010275949724018574
v -0.07732099294662476 0.04815595969557762 -0.013603979721665382
v -0.06349699944257736 0.03222595900297165 -0.05256098136305809
v -0.07732099294662476 0.04815595969557762 -0.013603979721665382
v -0.05950295180082321 0.03591299057006836 -0.06199996918439865
v -0.06321095675230026 0.032491978257894516 -0.05322097986936569
v -0.014306959696114063 0.05012695863842964 0.04389195889234543
v 0.04725198820233345 0.03230094164609909 0.012931999750435352
v 0.04675298184156418 0.03233497962355614 0.014483979903161526
v 0.043110959231853485 0.031123990193009377 0.019052980467677116
v 0.04675298184156418 0.03233497962355614 0.014483979903161526
v 0.046338971704244614 0.03236299008131027 0.015749989077448845
v 0.043110959231853485 0.031123990193009377 0.019052980467677116
v 0.048374950885772705 0.0309329591691494 -0.005403995048254728
v 0.05255395174026489 0.04377894848585129 -0.003778994083404541
v 0.04859697073698044 0.03136198967695236 -0.0042489757761359215
v 0.05255395174026489 0.04377894848585129 -0.003778994083404541
v 0.048933979123830795 0.03203194960951805 -0.002505958080291748
v 0.04859697073698044 0.03136198967695236 -0.0042489757761359215
v 0.03831595182418823 0.03093099035322666 -0.030184980481863022
v 0.039428938180208206 0.03092998079955578 -0.028774969279766083
v 0.04598294943571091 0.0309329591691494 -0.003182946937158704
v 0.039428938180208206 0.03092998079955578 -0.028774969279766083
v 0.04010099172592163 0.03092998079955578 -0.027872970327734947
v 0.04598294943571091 0.0309329591691494 -0.003182946937158704
v 0.01869099959731102 0.0827779695391655 -0.03416496142745018
v 0.023954980075359344 0.05410896986722946 -0.0335649810731411
v 0.012283979915082455 0.053865961730480194 -0.03913199156522751
v -0.036550991237163544 0.050413958728313446 0.043088968843221664
v -0.056392960250377655 0.05044597014784813 0.03278594836592674
v -0.014398990198969841 0.05037200078368187 -0.043793968856334686
v -0.03361498937010765 0.09735696762800217 -0.034922000020742416
v 0.00703197717666626 0.09745495766401291 -0.034751951694488525
v 0.006491959095001221 0.08340399712324142 -0.03845899924635887
v 0.033893998712301254 0.031782981008291245 0.034878961741924286
v 0.03457396849989891 0.032693978399038315 0.034554000943899155
v 0.0309829693287611 0.03287094086408615 0.0378679595887661
v -0.06298798322677612 0.030975989997386932 -0.03333896026015282
v -0.06463295221328735 0.030990950763225555 -0.03143996000289917
v -0.06230795010924339 0.030969969928264618 -0.03706198185682297
v -0.06160597875714302 0.030963949859142303 -0.03696196898818016
v -0.05910497158765793 0.030940940603613853 -0.03692400082945824
v -0.06072496995329857 0.030955970287322998 -0.03382498025894165
v -0.05910497158765793 0.030940940603613853 -0.03692400082945824
v -0.0591849610209465 0.030941959470510483 -0.033860981464385986
v -0.06072496995329857 0.030955970287322998 -0.03382498025894165
v -0.06298798322677612 0.030975989997386932 -0.03333896026015282
v -0.06230795010924339 0.030969969928264618 -0.03706198185682297
v -0.06185698136687279 0.030965980142354965 -0.03370796889066696
v -0.06230795010924339 0.030969969928264618 -0.03706198185682297
v -0.06160597875714302 0.030963949859142303 -0.03696196898818016
v -0.06185698136687279 0.030965980142354965 -0.03370796889066696
v -0.0611339807510376 0.03095996007323265 -0.03379296883940697
v -0.06185698136687279 0.030965980142354965 -0.03370796889066696
v -0.06160597875714302 0.030963949859142303 -0.03696196898818016
v 0.04117494076490402 0.03092998079955578 -0.026164939627051353
v 0.03306597098708153 0.030936000868678093 -0.0488010011613369
v 0.03631699085235596 0.031007999554276466 -0.05132699012756348
v 0.03930097073316574 0.031077979132533073 -0.05409996956586838
v 0.03926699981093407 0.03109394945204258 -0.05434494838118553
v 0.03902494162321091 0.03110997937619686 -0.0571819506585598
v 0.04117494076490402 0.03092998079955578 -0.026164939627051353
v 0.03631699085235596 0.031007999554276466 -0.05132699012756348
v 0.03930097073316574 0.031077979132533073 -0.05409996956586838
v 0.04194395989179611 0.030936000868678093 -0.024866990745067596
v 0.04117494076490402 0.03092998079955578 -0.026164939627051353
v 0.03930097073316574 0.031077979132533073 -0.05409996956586838
v 0.03902494162321091 0.03110997937619686 -0.0571819506585598
v 0.03858797997236252 0.031124940142035484 -0.06199996918439865
v 0.046935971826314926 0.03095196932554245 -0.013067959807813168
v 0.03858797997236252 0.031124940142035484 -0.06199996918439865
v 0.047729961574077606 0.030942970886826515 -0.009575963020324707
v 0.046935971826314926 0.03095196932554245 -0.013067959807813168
v 0.04194395989179611 0.030936000868678093 -0.024866990745067596
v 0.03930097073316574 0.031077979132533073 -0.05409996956586838
v 0.042770981788635254 0.030942970886826515 -0.023442979902029037
v 0.03930097073316574 0.031077979132533073 -0.05409996956586838
v 0.03902494162321091 0.03110997937619686 -0.0571819506585598
v 0.046935971826314926 0.03095196932554245 -0.013067959807813168
v 0.042770981788635254 0.030942970886826515 -0.023442979902029037
v 0.03930097073316574 0.031077979132533073 -0.05409996956586838
v 0.043178971856832504 0.030992979183793068 -0.022648990154266357
v 0.043178971856832504 0.030992979183793068 -0.022648990154266357
v 0.03930097073316574 0.031077979132533073 -0.05409996956586838
v 0.043549951165914536 0.030946960672736168 -0.021881990134716034
v 0.046935971826314926 0.03095196932554245 -0.013067959807813168
v 0.04539399966597557 0.03095399960875511 -0.017744949087500572
v 0.03930097073316574 0.031077979132533073 -0.05409996956586838
v 0.043549951165914536 0.030946960672736168 -0.021881990134716034
v 0.03930097073316574 0.031077979132533073 -0.05409996956586838
v 0.04527597874403 0.03090899996459484 -0.018046969547867775
v 0.04117494076490402 0.03092998079955578 -0.026164939627051353
v 0.040812961757183075 0.030889980494976044 -0.026754969730973244
v 0.0405849814414978 0.031694941222667694 -0.027912970632314682
v 0.040812961757183075 0.030889980494976044 -0.026754969730973244
v 0.04067295044660568 0.030915969982743263 -0.026959000155329704
v 0.0405849814414978 0.031694941222667694 -0.027912970632314682
v 0.048895951360464096 0.031856000423431396 -0.0006820000126026571
v 0.04887497052550316 0.03180700168013573 -0.000990999978967011
v 0.048933979123830795 0.03203194960951805 -0.002505958080291748
v 0.048933979123830795 0.03203194960951805 -0.002505958080291748
v 0.04895395040512085 0.0320819616317749 0.00044499998330138624
v 0.048895951360464096 0.031856000423431396 -0.0006820000126026571
v 0.03306597098708153 0.030936000868678093 -0.0488010011613369
v 0.04047399014234543 0.030910959467291832 -0.02731895074248314
v 0.04032396897673607 0.03092998079955578 -0.027574950829148293
v 0.024225950241088867 0.033007968217134476 0.042563971132040024
v 0.02371996082365513 0.03295797109603882 0.04284900054335594
v 0.026451999321579933 0.03279196843504906 0.04107600077986717
v 0.02371996082365513 0.03295797109603882 0.04284900054335594
v 0.023570949211716652 0.0329439602792263 0.042931970208883286
v 0.026451999321579933 0.03279196843504906 0.04107600077986717
v 0.021624980494379997 0.03286099061369896 0.043901968747377396
v 0.022327950224280357 0.032835960388183594 0.04358594864606857
v 0.021640000864863396 0.03283900022506714 0.04388897866010666
v 0.031583961099386215 0.030937960371375084 -0.04794393852353096
v 0.03306597098708153 0.030936000868678093 -0.0488010011613369
v 0.03352797031402588 0.030928960070014 -0.034751951694488525
v 0.036629971116781235 0.030928960070014 -0.03227096050977707
v 0.03306597098708153 0.030936000868678093 -0.0488010011613369
v 0.036629971116781235 0.030928960070014 -0.03227096050977707
v 0.035972949117422104 0.030950959771871567 -0.033008988946676254
v 0.030474960803985596 0.030919959768652916 -0.04731094092130661
v 0.031583961099386215 0.030937960371375084 -0.04794393852353096
v 0.03352797031402588 0.030928960070014 -0.034751951694488525
v 0.03306597098708153 0.030936000868678093 -0.0488010011613369
v 0.035972949117422104 0.030950959771871567 -0.033008988946676254
v 0.035688988864421844 0.030928960070014 -0.03332095965743065
v 0.03306597098708153 0.030936000868678093 -0.0488010011613369
v 0.035688988864421844 0.030928960070014 -0.03332095965743065
v 0.03514397144317627 0.030928960070014 -0.03387695178389549
v 0.03306597098708153 0.030936000868678093 -0.0488010011613369
v 0.03514397144317627 0.030928960070014 -0.03387695178389549
v 0.03352797031402588 0.030928960070014 -0.034751951694488525
v 0.024347959086298943 0.030916979536414146 -0.043930940330028534
v 0.030474960803985596 0.030919959768652916 -0.04731094092130661
v 0.030103979632258415 0.03092998079955578 -0.03538595885038376
v 0.030474960803985596 0.030919959768652916 -0.04731094092130661
v 0.03352797031402588 0.030928960070014 -0.034751951694488525
v 0.030103979632258415 0.03092998079955578 -0.03538595885038376
v 0.021646970883011818 0.030920980498194695 -0.0424419604241848
v 0.024347959086298943 0.030916979536414146 -0.043930940330028534
v 0.02506696991622448 0.03092998079955578 -0.03554898127913475
v 0.024347959086298943 0.030916979536414146 -0.043930940330028534
v 0.030103979632258415 0.03092998079955578 -0.03538595885038376
v 0.02506696991622448 0.03092998079955578 -0.03554898127913475
v 0.01632899045944214 0.03093099035322666 -0.03992294892668724
v 0.021646970883011818 0.030920980498194695 -0.0424419604241848
v 0.02506696991622448 0.03092998079955578 -0.03554898127913475
v 0.010819969698786736 0.03093194030225277 -0.03846894949674606
v 0.01632899045944214 0.03093099035322666 -0.03992294892668724
v 0.02506696991622448 0.03092998079955578 -0.03554898127913475
v -0.01792198047041893 0.030936000868678093 -0.034718990325927734
v -0.0591849610209465 0.030941959470510483 -0.033860981464385986
v -0.04312098026275635 0.030938979238271713 -0.03699897974729538
v -0.05862896889448166 0.030940940603613853 -0.03691798076033592
v 0.010819969698786736 0.03093194030225277 -0.03846894949674606
v 0.02506696991622448 0.03092998079955578 -0.03554898127913475
v 0.009108959697186947 0.03093194030225277 -0.03829300031065941
v 0.02506696991622448 0.03092998079955578 -0.03554898127913475
v -0.01792198047041893 0.030936000868678093 -0.034718990325927734
v 0.0036519758868962526 0.0309329591691494 -0.03805296868085861
v 0.009108959697186947 0.03093194030225277 -0.03829300031065941
v 0.02506696991622448 0.03092998079955578 -0.03554898127913475
v 0.0036519758868962526 0.0309329591691494 -0.03805296868085861
v -0.0591849610209465 0.030941959470510483 -0.033860981464385986
v -0.05862896889448166 0.030940940603613853 -0.03691798076033592
v -0.053331971168518066 0.030940940603613853 -0.03688395023345947
v -0.0591849610209465 0.030941959470510483 -0.033860981464385986
v -0.053331971168518066 0.030940940603613853 -0.03688395023345947
v -0.04312098026275635 0.030938979238271713 -0.03699897974729538
v -0.008661985397338867 0.03093397058546543 -0.037756968289613724
v 0.0036519758868962526 0.0309329591691494 -0.03805296868085861
v -0.01792198047041893 0.030936000868678093 -0.034718990325927734
v -0.06793694943189621 0.031020989641547203 -0.027324970811605453
v -0.06796497106552124 0.031020989641547203 -0.027203969657421112
v -0.06950998306274414 0.03104596957564354 -0.025095989927649498
v -0.06950998306274414 0.03104596957564354 -0.025095989927649498
v -0.06549996137619019 0.031026000156998634 -0.04201798886060715
v -0.06551098078489304 0.031012950465083122 -0.03859996050596237
v -0.06551098078489304 0.031012950465083122 -0.03859996050596237
v -0.06465697288513184 0.030992979183793068 -0.03799796104431152
v -0.06793694943189621 0.031020989641547203 -0.027324970811605453
v -0.0062909722328186035 0.02703499048948288 -0.036125000566244125
v 0.013047990389168262 0.030337980017066002 -0.03784298151731491
v -0.02469700016081333 0.026776960119605064 -0.035895999521017075
v 0.013047990389168262 0.030337980017066002 -0.03784298151731491
v -0.0507199689745903 0.029024949297308922 -0.03627394884824753
v -0.02469700016081333 0.026776960119605064 -0.035895999521017075
v -0.0507199689745903 0.029024949297308922 -0.03627394884824753
v -0.05862896889448166 0.030940940603613853 -0.03691798076033592
v -0.05470699071884155 0.025929979979991913 -0.035420000553131104
v -0.05862896889448166 0.030940940603613853 -0.03691798076033592
v -0.05910497158765793 0.030940940603613853 -0.03692400082945824
v -0.05470699071884155 0.025929979979991913 -0.035420000553131104
v -0.06465697288513184 0.030992979183793068 -0.03799796104431152
v -0.06373900175094604 0.030983980745077133 -0.037356968969106674
v -0.0628509521484375 0.03462100028991699 -0.03816895931959152
v -0.0628509521484375 0.03462100028991699 -0.03816895931959152
v 0.01632899045944214 0.03093099035322666 -0.03992294892668724
v 0.028599970042705536 0.03099697083234787 -0.046462949365377426
v 0.01632899045944214 0.03093099035322666 -0.03992294892668724
v 0.021646970883011818 0.030920980498194695 -0.0424419604241848
v 0.024347959086298943 0.030916979536414146 -0.043930940330028534
v -0.05470699071884155 0.025929979979991913 -0.035420000553131104
v -0.05470699071884155 0.025929979979991913 -0.035420000553131104
v -0.06160597875714302 0.030963949859142303 -0.03696196898818016
v -0.06230795010924339 0.030969969928264618 -0.03706198185682297
v 0.030327970162034035 -0.02049100026488304 -0.06585495918989182
v 0.003941953182220459 -0.02914196066558361 -0.06350897997617722
v 0.0032129879109561443 -0.029172949492931366 -0.07747399061918259
v 0.0032129879109561443 -0.029172949492931366 -0.07747399061918259
v 0.0369829498231411 -0.017926989123225212 -0.07747899740934372
v 0.030327970162034035 -0.02049100026488304 -0.06585495918989182
v 0.008052945137023926 0.02801698073744774 -0.0773189589381218
v 0.005665956996381283 0.029089979827404022 -0.06351196020841599
v 0.033923979848623276 0.017088940367102623 -0.06627898663282394
v -0.0789179801940918 -0.02650398015975952 -0.06200294941663742
v -0.07899600267410278 0.012189979664981365 -0.062000978738069534
v -0.029010949656367302 -0.00634795380756259 -0.06522499769926071
v -0.07899600267410278 0.012189979664981365 -0.062000978738069534
v -0.027437979355454445 0.011824959889054298 -0.06533794850111008
v -0.029010949656367302 -0.00634795380756259 -0.06522499769926071
v 0.02080499939620495 -0.046431951224803925 -0.062013980001211166
v -0.049094971269369125 -0.046499960124492645 -0.06199996918439865
v 0.03853296861052513 -0.03111398033797741 -0.06200795993208885
v 0.04044394940137863 -0.030786989256739616 -0.0620109997689724
v 0.03344899043440819 -0.031242959201335907 -0.062009990215301514
v -0.008409976027905941 -0.030874960124492645 -0.06199996918439865
v 0.03344899043440819 -0.031242959201335907 -0.062009990215301514
v -1.700000029813964e-05 -0.0319969616830349 -0.06200199946761131
v -0.008409976027905941 -0.030874960124492645 -0.06199996918439865
v -0.062375959008932114 -0.03086400032043457 -0.059986941516399384
v -0.06332498043775558 -0.028941979631781578 -0.06199996918439865
v -0.01091098040342331 -0.031191999092698097 -0.06199996918439865
v -0.06332498043775558 -0.028941979631781578 -0.06199996918439865
v -1.4999999621068127e-05 -0.029401950538158417 -0.06349997967481613
v -0.01091098040342331 -0.031191999092698097 -0.06199996918439865
v -0.0789179801940918 -0.02650398015975952 -0.06200294941663742
v -0.0780169889330864 -0.02701698988676071 -0.06199996918439865
v -0.07893996685743332 -0.026732979342341423 -0.039014991372823715
v -0.0780169889330864 -0.02701698988676071 -0.06199996918439865
v -0.06413798779249191 -0.03111100010573864 -0.044341981410980225
v -0.07893996685743332 -0.026732979342341423 -0.039014991372823715
v -0.062375959008932114 -0.03086400032043457 -0.059986941516399384
v -0.06260800361633301 -0.030897969380021095 -0.05904095992445946
v -0.06248693913221359 -0.030860960483551025 -0.040359970182180405
v -0.06260800361633301 -0.030897969380021095 -0.05904095992445946
v -0.06413798779249191 -0.03111100010573864 -0.044341981410980225
v -0.06248693913221359 -0.030860960483551025 -0.040359970182180405
v -0.06413798779249191 -0.03111100010573864 -0.044341981410980225
v -0.06414598226547241 -0.031108969822525978 -0.041153959929943085
v -0.06248693913221359 -0.030860960483551025 -0.040359970182180405
v -0.06260800361633301 -0.030897969380021095 -0.05904095992445946
v -0.06413798779249191 -0.03111100010573864 -0.044341981410980225
v -0.0780169889330864 -0.02701698988676071 -0.06199996918439865
v 0.04675298184156418 0.03233497962355614 0.014483979903161526
v 0.04725198820233345 0.03230094164609909 0.012931999750435352
v 0.04645299166440964 0.032397981733083725 0.015625
v 0.04067295044660568 0.030915969982743263 -0.026959000155329704
v 0.040812961757183075 0.030889980494976044 -0.026754969730973244
v 0.048374950885772705 0.0309329591691494 -0.005403995048254728
v 0.04117494076490402 0.03092998079955578 -0.026164939627051353
v 0.04194395989179611 0.030936000868678093 -0.024866990745067596
v 0.0439869686961174 0.029944950714707375 -0.020989950746297836
v 0.03796093910932541 0.03260194882750511 0.030890999361872673
v 0.03820699080824852 0.03268295153975487 0.03063398040831089
v 0.036944981664419174 0.03263700008392334 0.03215496987104416
v 0.034908950328826904 0.03162597864866257 0.033813949674367905
v 0.0346749983727932 0.03167098015546799 0.03411895036697388
v 0.0344499908387661 0.03148394078016281 0.03425896167755127
v 0.03796093910932541 0.03260194882750511 0.030890999361872673
v 0.036944981664419174 0.03263700008392334 0.03215496987104416
v 0.034908950328826904 0.03162597864866257 0.033813949674367905
v -0.06285399198532104 -0.03092700056731701 -0.03890395164489746
v 0.03509794920682907 -0.030800990760326385 -0.04976695030927658
v 0.035517990589141846 -0.030805999413132668 -0.050034988671541214
v 0.011958000250160694 -0.030781980603933334 -0.03828798979520798
v 0.011958000250160694 -0.030781980603933334 -0.03828798979520798
v 0.01508294977247715 -0.030803969129920006 -0.03896193951368332
v 0.016635950654745102 -0.030816970393061638 -0.03964697942137718
v 0.016635950654745102 -0.030816970393061638 -0.03964697942137718
v 0.017206959426403046 -0.030833950266242027 -0.039923958480358124
v 0.011958000250160694 -0.030781980603933334 -0.03828798979520798
f 4 5 6
f 7 8 9
f 10 11 12
f 13 14 15
f 16 17 18
f 19 20 21
f 22 23 24
f 25 26 27
f 28 29 30
f 31 32 33
f 34 35 36
f 37 38 39
f 40 41 42
f 43 44 45
f 46 47 48
f 49 50 51
f 52 53 54
f 55 56 57
f 58 59 60
f 61 62 63
f 64 65 66
f 67 68 69
f 70 71 72
f 73 74 75
f 76 77 78
f 79 80 81
f 82 79 81
f 83 84 85
f 86 87 88
f 89 90 91
f 92 93 94
f 95 96 97
f 98 99 100
f 101 102 103
f 104 105 106
f 107 108 109
f 110 111 112
f 113 114 115
f 85 116 117
f 118 119 120
f 121 122 123
f 124 125 126
f 127 128 129
f 130 131 132
f 133 134 135
f 136 137 138
f 139 140 141
f 142 143 144
f 145 146 147
f 148 149 142
f 150 148 142
f 151 152 153
f 154 155 156
f 157 158 159
f 160 161 162
f 108 107 101
f 163 164 165
f 166 167 168
f 169 170 171
f 172 173 174
f 175 176 177
f 178 179 180
f 181 182 183
f 184 185 186
f 187 188 189
f 149 148 190
f 191 192 193
f 149 190 194
f 149 194 143
f 144 143 195
f 196 197 198
f 199 200 201
f 202 203 204
f 186 205 206
f 184 186 206
f 207 208 209
f 210 211 212
f 213 214 215
f 80 79 82
f 216 217 218
f 219 220 221
f 194 190 222
f 143 194 222
f 195 143 222
f 223 224 225
f 226 227 228
f 229 230 231
f 232 233 234
f 235 236 237
f 238 239 240
f 241 242 243
f 244 245 246
f 247 248 249
f 250 251 252
f 253 254 255
f 256 257 258
f 259 260 261
f 262 263 264
f 265 266 267
f 268 269 270
f 271 272 273
f 274 275 276
f 277 278 279
f 280 281 282
f 283 284 285
f 286 287 288
f 289 290 291
f 292 293 294
f 295 296 297
f 298 299 300
f 301 302 303
f 304 305 306
f 307 308 309
f 310 311 312
f 313 314 315
f 316 317 318
f 319 320 321
f 322 323 324
f 325 326 327
f 328 329 330
f 331 332 333
f 334 335 336
f 337 338 339
f 340 341 342
f 343 344 345
f 346 347 348
f 349 350 351
f 352 353 354
f 355 356 357
f 358 359 360
f 361 362 363
f 364 365 366
f 367 368 369
f 370 371 372
f 373 374 375
f 376 377 378
f 379 380 381
f 382 383 384
f 385 386 387
f 388 389 390
f 391 392 393
f 394 395 396
f 381 205 397
f 398 399 400
f 401 402 403
f 404 405 406
f 407 408 409
f 410 411 412
f 413 414 415
f 416 417 418
f 419 420 421
f 422 423 424
f 425 426 427
f 428 429 430
f 431 432 433
f 434 435 436
f 437 438 439
f 440 441 442
f 443 444 445
f 446 447 448
f 449 450 451
f 452 453 454
f 455 456 457
f 458 459 460
f 461 462 463
f 464 465 466
f 467 468 469
f 470 471 472
f 473 474 475
f 476 477 478
f 479 480 481
f 482 483 484
f 485 486 487
f 488 489 490
f 491 492 493
f 494 495 496
f 497 498 499
f 500 501 502
f 503 504 505
f 506 507 508
f 509 510 511
f 512 513 514
f 515 516 517
f 518 519 520
f 521 522 523
f 524 525 526
f 527 528 529
f 486 530 531
f 532 533 534
f 535 536 537
f 538 539 540
f 541 542 543
f 544 545 546
f 547 548 549
f 550 551 552
f 553 554 555
f 556 557 558
f 559 560 561
f 562 563 564
f 565 566 567
f 568 569 570
f 571 572 573
f 574 575 576
f 487 531 577
f 578 579 580
f 581 582 583
f 584 585 586
f 587 588 589
f 380 205 381
f 590 591 592
f 593 594 595
f 596 597 598
f 599 600 601
f 602 603 604
f 605 606 607
f 608 609 610
f 604 611 612
f 613 614 602
f 615 616 617
f 618 619 620
f 621 622 623
f 624 625 626
f 627 628 629
f 630 631 632
f 633 634 635
f 636 637 638
f 639 640 641
f 642 643 644
f 645 646 647
f 648 649 650
f 651 652 613
f 651 613 602
f 651 602 604
f 651 604 608
f 651 608 653
f 651 653 654
f 655 656 657
f 658 659 660
f 661 662 663
f 664 665 666
f 667 668 669
f 670 671 672
f 673 674 675
f 676 677 678
f 679 680 681
f 682 683 684
f 685 686 667
f 686 668 667
f 687 688 689
f 690 691 692
f 693 694 695
f 631 696 632
f 697 698 699
f 700 701 702
f 703 631 630
f 653 704 654
f 705 706 707
f 708 709 710
f 711 712 713
f 714 715 716
f 608 610 653
f 717 718 719
f 604 609 608
f 720 721 722
f 723 724 725
f 726 727 728
f 729 730 731
f 732 733 734
f 735 736 737
f 738 739 740
f 741 742 743
f 744 745 746
f 747 748 745
f 749 750 751
f 752 753 754
f 755 754 756
f 757 758 759
f 760 761 762
f 763 764 765
f 766 767 768
f 766 769 767
f 770 771 769
f 772 773 774
f 775 776 777
f 778 779 780
f 781 748 747
f 782 783 784
f 785 786 787
f 788 789 790
f 791 792 793
f 794 795 796
f 797 798 799
f 798 797 800
f 801 802 799
f 803 804 805
f 806 807 808
f 809 810 811
f 801 799 812
f 813 814 815
f 816 817 818
f 787 819 785
f 820 821 822
f 823 824 825
f 826 827 828
f 829 830 831
f 823 832 824
f 55 57 833
f 823 834 832
f 835 836 837
f 838 839 840
f 841 842 843
f 844 845 846
f 847 848 849
f 850 851 849
f 852 853 850
f 854 855 856
f 857 858 859
f 858 860 859
f 861 862 863
f 858 864 860
f 864 865 860
f 866 867 868
f 869 870 871
f 872 873 874
f 864 858 865
f 857 875 858
f 875 876 858
f 877 878 879
f 880 881 882
f 883 884 885
f 886 887 888
f 889 890 891
f 892 893 835
f 894 895 896
f 892 897 893
f 898 899 900
f 901 902 903
f 904 905 906
f 751 750 907
f 908 909 910
f 911 912 913
f 914 915 916
f 917 918 919
f 920 921 922
f 923 924 925
f 926 927 928
f 929 930 931
f 932 933 934
f 935 936 937
f 938 939 940
f 941 942 943
f 944 945 946
f 947 948 949
f 950 951 952
f 953 954 955
f 956 957 958
f 959 960 961
f 962 963 964
f 960 965 961
f 966 967 968
f 969 970 971
f 972 973 974
f 975 976 977
f 978 979 980
f 981 982 983
f 984 985 986
f 987 988 989
f 990 991 992
f 993 994 995
f 996 997 998
f 999 1000 1001
f 1002 1003 1004
f 1005 960 959
f 1006 1007 1008
f 1009 1010 1011
f 1012 1013 1014
f 1015 1016 1017
f 1018 1019 1020
f 1021 1022 1023
f 1024 1025 1026
f 1027 1028 1029
f 1030 1031 1032
f 1033 1034 1035
f 1036 1037 1038
f 1039 1040 1041
f 1042 1043 1044
f 1045 1046 1047
f 1048 1049 1050
f 1051 1052 1053
f 1054 1055 1056
f 1057 1058 1059
f 1060 1061 1062
f 1027 1063 1028
f 1064 1065 1066
f 1067 1068 798
f 1069 1068 1070
f 1071 1072 1073
f 1074 1075 1076
f 1077 1075 1074
f 1077 1078 1079
f 1080 1081 1082
f 1083 1084 1081
f 815 1085 813
f 1085 1086 813
f 1087 1070 1067
f 1068 1067 1070
f 1088 1089 1090
f 1091 1092 1093
f 1094 1095 1096
f 1097 1074 1098
f 1097 1078 1077
f 1097 1083 1078
f 1097 1099 1083
f 1099 1100 1083
f 1101 1085 815
f 1102 1085 1101
f 1101 812 1102
f 1101 1103 801
f 1103 1104 801
f 1104 1105 801
f 1105 1106 801
f 1106 1107 801
f 1107 1108 801
f 1109 1070 1087
f 1110 1111 1112
f 1113 1114 1115
f 1116 1117 1118
f 1119 1120 1121
f 1122 1123 1124
f 1123 1125 1124
f 1126 1127 1128
f 1129 1130 1131
f 1132 1133 1134
f 1135 1136 1137
f 1138 1139 1097
f 1140 1141 1131
f 1139 1142 1097
f 1142 1099 1097
f 1099 1143 1144
f 1145 1146 1147
f 1148 1149 1150
f 1151 1152 1153
f 965 1154 1155
f 965 1156 1154
f 1156 1157 1154
f 1157 1158 1154
f 1158 1159 1154
f 1159 1160 1154
f 1161 1162 1163
f 1160 1164 1154
f 1164 1165 1154
f 1166 1167 1168
f 1169 1170 1171
f 1172 1173 1174
f 1175 1176 1177
f 1178 1179 1180
f 1181 1182 1183
f 1184 1185 1186
f 1187 1188 1189
f 1190 1191 1192
f 1193 1194 1195
f 1196 1197 1198
f 1199 1200 1201
f 1202 1203 1204
f 1205 1206 1207
f 1208 1209 1210
f 1211 1212 1213
f 1214 1215 1216
f 1217 1218 1219
f 1220 1221 1222
f 1223 1224 1225
f 1226 1227 1228
f 1229 1230 1231
f 1232 1233 1234
f 1235 1236 1237
f 1238 1239 1240
f 1241 1242 1243
f 1244 1245 1246
f 1247 1248 1249
f 1250 1251 1252
f 1253 1254 1255
f 1256 1257 1258
f 1259 1260 1261
f 1262 1263 1264
f 1265 1266 1267
f 1268 1269 1270
f 1271 1272 1273
f 1274 1275 1276
f 1277 1278 1279
f 1280 1281 1282
f 1283 1284 1285
f 1286 1287 1288
f 1289 1215 1214
f 1290 1291 1292
f 1293 1294 1295
f 1215 1296 1297
f 1298 1299 1300
f 1216 1215 1297
f 1301 1302 1303
f 1304 1305 1306
f 1216 1297 1307
f 1216 1307 1308
f 1309 1310 1305
f 1311 1312 1313
f 1314 1315 1316
f 1317 1316 1315
f 1318 1319 1320
f 1321 1322 1323
f 1324 1317 1315
f 1325 1326 1327
f 1328 1329 1330
f 1331 1324 1315
f 1332 1333 1334
f 1335 1336 1337
f 1338 1339 1340
f 1266 1341 1342
f 1343 1266 1342
f 1343 1342 1344
f 1345 1343 1344
f 1346 1345 1344
f 1347 1348 1349
f 1350 1351 1352
f 1353 1354 1355
f 1356 1357 1358
f 1359 1360 1361
f 1362 1363 1364
f 1362 1365 1363
f 1366 1367 1368
f 1362 1364 1369
f 1370 1371 1372
f 1373 1374 1375
f 1376 1377 1378
f 1379 1380 1381
f 1382 1383 1384
f 1385 1386 1387
f 1388 1389 1390
f 1391 1392 1393
f 1394 1395 1396
f 1397 1398 1399
f 1400 1397 1399
f 1401 1400 1399
f 1402 1403 1404
f 1405 1268 1406
f 1407 1408 1409
f 1410 1411 1412
f 1413 1414 1415
f 1416 1417 1418
f 1419 1420 1421
f 1422 1423 1424
f 1425 1426 1427
f 1428 1429 1430
f 1431 1432 1433
f 1434 1435 1436
f 1437 1438 1439
f 1440 1441 1442
f 1443 1439 1444
f 1344 1342 1445
f 1446 1447 1448
f 1449 1450 1451
f 1452 1453 1454
f 1455 1456 1457
f 1458 1459 1460
f 1461 1462 1463
f 1464 1465 1466
f 1467 1468 1469
f 1470 1471 1472
f 1473 1474 1475
f 1473 1475 1476
f 1473 1476 1477
f 1478 1479 1480
f 1439 1438 1481
f 1444 1439 1481
f 1482 1483 1484
f 1485 1486 1487
f 1444 1481 1488
f 1489 1444 1488
f 1490 1491 1492
f 1493 1494 1495
f 1489 1488 1496
f 1497 1498 1499
f 1500 1501 1502
f 1503 1504 1505
f 1506 1507 1508
f 1509 1510 1511
f 1512 1509 1511
f 1513 1512 1511
f 1403 1514 1515
f 1404 1403 1515
f 1516 1517 1518
f 1519 1511 1520
f 1521 1519 1520
f 1522 1521 1520
f 1523 1524 1525
f 1526 1527 1528
f 1529 1530 1531
f 1532 1533 1534
f 1535 1536 1537
f 1538 1539 1540
f 1541 1542 1543
f 1544 1236 1235
f 1545 1546 1547
f 1548 1549 1550
f 1551 1552 1553
f 1554 1555 1556
f 1557 1558 1559
f 1560 1561 1562
f 1510 1563 1564
f 1565 1566 1567
f 1405 1445 1268
f 1511 1510 1564
f 1520 1511 1564
f 1568 1569 1570
f 1571 1520 1564
f 1572 1573 1574
f 1575 1571 1564
f 1576 1577 1578
f 1579 1580 1581
f 1582 1583 1584
f 1585 1586 1587
f 1588 1589 1590
f 1376 1591 1592
f 1593 1594 1595
f 1596 1597 1598
f 1548 1599 1600
f 1601 1602 1603
f 1604 1605 1606
f 1607 1608 1609
f 1610 1611 1612
f 1613 1614 1615
f 1510 1616 1563
f 1617 1618 1619
f 1620 1621 1622
f 1563 1623 1564
f 1624 1625 1626
f 1627 1628 1629
f 1630 1631 1632
f 1633 1634 1635
f 1636 1637 1638
f 1639 1640 1641
f 1642 1643 1644
f 1481 1645 1646
f 1488 1481 1646
f 1339 1488 1646
f 1488 1339 1647
f 1647 1339 1648
f 1488 1647 1648
f 1496 1488 1648
f 1649 1650 1651
f 1648 1339 1338
f 1652 1653 1654
f 1655 1656 1657
f 1658 1659 1660
f 1575 1661 1571
f 1662 1663 1664
f 1665 1666 1667
f 1668 1669 1670
f 1671 1672 1673
f 1674 1675 1676
f 1677 1678 1679
f 1680 1681 1682
f 1683 1684 1685
f 1686 1687 1688
f 1689 1690 1691
f 1692 1693 1694
f 1695 1696 1697
f 1698 1699 1700
f 1701 1702 1703
f 1704 1705 1706
f 1707 1708 1709
f 1710 1711 1712
f 1713 1714 1715
f 1716 1717 1718
f 1719 1720 1721
f 1722 1723 1724
f 1725 1726 1727
f 1728 1729 1730
f 1731 1732 1733
f 1734 1735 1736
f 1737 1738 1739
f 1740 1741 1742
f 1743 1744 1745
f 1746 1747 1748
f 1749 1750 1751
f 1752 1753 1754
f 1755 1756 1757
f 1758 1759 1760
f 1761 1762 1763
f 1764 1765 1766
f 1767 1768 1769
f 1770 1771 1772
f 1773 1774 1775
f 1776 1777 1778
f 1779 1780 1781
f 1782 1783 1784
f 1785 1786 1787
f 1788 1789 1790
f 1791 1792 1793
f 1794 1795 1796
f 1797 1798 1799
f 1800 1801 1802
f 1803 1804 1805
f 1806 1807 1808
f 1809 1810 1811
f 1812 1813 1814
f 1815 1816 1817
f 1818 1819 1820
f 1819 1821 1820
f 1822 1823 1824
f 1825 1826 1827
f 1828 1829 1830
f 1826 1831 1827
f 1832 1833 1834
f 1831 1835 1827
f 1836 1837 1838
f 1837 1839 1838
f 1840 1841 1842
f 1836 1843 1837
f 1844 1845 1846
f 1841 1847 1842
f 1848 1849 1850
f 1843 1844 1846
f 1851 1852 1827
f 1853 1854 1855
f 1856 1857 1858
f 1859 1860 1861
f 1862 1819 1818
f 1863 1864 1865
f 1866 1826 1825
f 1867 1868 1869
f 1870 1844 1871
f 1872 1873 1874
f 1875 1876 1877
f 1878 1879 1880
f 1881 1882 1883
f 1884 1870 1885
f 1886 1887 1888
f 1889 1890 1891
f 1892 1893 1894
f 1895 1896 1897
f 1898 1899 1900
f 1901 1902 1903
f 1904 1905 1906
f 1907 1908 1909
f 1910 1911 1912
f 1913 1914 1915
f 1916 1917 1918
f 1919 1920 1921
f 1922 1923 1924
f 1925 1926 1927
f 1928 1929 1930
f 1931 1932 1933
f 1934 1935 1936
f 1937 1938 1939
f 1940 1941 1942
f 1943 1944 1884
f 1945 1946 1947
f 1948 1949 1950
f 1944 1951 1884
f 1951 1952 1884
f 1952 1953 1884
f 1953 1870 1884
f 1954 1813 1812
f 1955 1956 1957
f 1958 1959 1960
f 1944 1961 1962
f 1963 1964 1965
f 1966 1967 1968
f 1969 1970 1971
f 1972 1973 1974
f 1951 1953 1952
f 1975 1976 1977
f 1978 1979 1980
f 1981 1982 1983
f 1984 1985 1986
f 1962 1951 1944
f 1812 1814 1953
f 1987 1988 1989
f 1990 1991 1992
f 1838 1839 1953
f 1839 1870 1953
f 1839 1837 1870
f 1837 1846 1870
f 1846 1845 1870
f 1993 1994 1995
f 1996 1997 1998
f 1999 2000 2001
f 1951 1962 2002
f 2003 2004 2005
f 2006 2007 2008
f 2009 2010 2011
f 2012 2013 2014
f 2015 2016 2017
f 2018 2019 2020
f 2021 2022 2023
f 2024 1144 2025
f 2026 2027 2028
f 2029 2030 2031
f 2032 2033 2034
f 1079 2035 1077
f 2036 2037 2038
f 2039 2040 2041
f 2042 2043 2044
f 2045 2046 2047
f 2048 2049 2050
f 2051 2052 2053
f 2054 2055 2056
f 2057 2058 2059
f 2060 2061 2062
f 2063 2064 2065
f 2066 2024 2025
f 2067 2068 2069
f 1144 2070 2025
f 2071 2072 2073
f 2074 2075 2076
f 2077 2078 2079
f 2080 2081 2082
f 2083 2084 2085
f 1566 1565 2086
f 2087 2035 1079
f 2088 2089 2090
f 2091 2092 2093
f 2094 2095 2096
f 2097 2098 2099
f 2100 2101 2102
f 1527 1526 2103
f 2104 2105 2106
f 2107 2108 2109
f 2110 2111 2112
f 2113 2114 2115
f 2116 2117 2118
f 2119 2120 2121
f 2122 2123 2124
f 2125 1084 1083
f 2126 1397 1420
f 2127 2128 2129
f 2130 2131 2132
f 2133 2134 2135
f 2136 2137 2138
f 2139 2140 2141
f 2142 2143 2144
f 2145 2146 2147
f 2148 2149 2150
f 2151 2152 2153
f 1395 2154 2155
f 2156 2157 2158
f 2159 2160 2161
f 2162 2163 2164
f 2165 2166 2167
f 2168 2169 2170
f 2171 2172 2173
f 2174 2175 2176
f 2177 1083 1100
f 1530 1528 2178
f 2179 2180 2181
f 2182 2183 2184
f 815 2185 1101
f 2186 745 2187
f 2188 2189 2190
f 755 756 2191
f 2192 771 770
f 802 800 799
f 2193 2181 2194
f 2195 2196 2197
f 2198 2199 2181
f 2200 2201 2202
f 2199 2203 2181
f 2204 2205 2206
f 1102 2207 1085
f 800 2208 798
f 2209 2210 2211
f 2212 2181 2180
f 2213 2214 2215
f 2216 2217 2218
f 2219 2220 2221
f 2222 2223 2224
f 2225 2226 2227
f 2228 2229 2230
f 2231 2232 142
f 2233 2234 2235
f 2236 822 785
f 819 2236 785
f 2237 849 848
f 190 148 2238
f 2239 822 2236
f 2240 2241 2242
f 2243 144 195
f 2244 2245 2246
f 2247 2248 2249
f 113 2244 2246
f 2250 2251 2252
f 2253 2254 2255
f 2256 2257 2258
f 2259 2260 2261
f 2262 185 184
f 2263 106 105
f 101 107 102
f 113 2246 114
f 2264 2265 2266
f 2267 2268 2269
f 142 149 143
f 2270 145 147
f 2271 2272 2273
f 2274 2275 2276
f 2277 2278 2279
f 115 114 2280
f 2281 527 2282
f 2283 2284 2285
f 2286 2287 2288
f 2289 188 187
f 2290 2291 2292
f 2293 2294 2295
f 205 380 206
f 2296 2297 2298
f 85 117 2299
f 2300 2301 2302
f 223 2303 224
f 2304 2305 2306
f 2307 2308 2309
f 2310 2311 2312
f 2313 2314 2315
f 2316 2317 2318
f 2319 2320 2321
f 2322 2323 2324
f 2325 2326 2327
f 2328 2329 2330
f 2331 2332 2333
f 2334 2335 2336
f 2337 2338 2339
f 2340 2341 2342
f 2343 2344 2345
f 527 2281 528
f 2346 2347 2348
f 2349 2350 2351
f 2352 2353 2354
f 2355 2356 2357
f 2358 2359 2360
f 2361 2362 2363
f 2364 2365 2366
f 2367 2368 2369
f 2370 2371 2372
f 2373 2374 2375
f 2376 2377 2378
f 2379 2380 2381
f 409 408 2382
f 2383 2384 2385
f 2386 2387 2388
f 2389 406 405
f 2390 2391 2392
f 562 2393 563
f 2394 2395 2396
f 2397 2398 2399
f 2400 2401 2402
f 2403 2404 2405
f 2406 2407 2408
f 2409 2410 2411
f 2411 2412 2409
f 2413 2414 2415
f 2416 2417 2418
f 531 530 2419
f 2420 2421 2422
f 2423 2424 2425
f 2426 2427 2428
f 2429 2430 2431
f 2432 2433 2434
f 2435 686 685
f 2436 2435 685
f 2437 2438 2439
f 2440 2441 2442
f 2443 2444 2445
f 2446 2447 2448
f 2449 2450 2451
f 2452 2453 2454
f 2455 2456 2457
f 2458 2459 2460
f 744 747 745
f 755 2461 754
f 2462 2463 2464
f 766 770 769
f 835 837 892
f 2465 2466 2467
f 2468 2469 2470
f 2471 2472 2473
f 2474 2475 2476
f 2477 851 850
f 850 853 2477
f 2478 2479 2480
f 2481 2482 2483
f 798 2484 799
f 797 799 800
f 813 1086 814
f 2485 2486 2487
f 2488 2489 2490
f 795 1068 796
f 2491 2492 2493
f 2494 2495 2496
f 2497 2498 2499
f 2495 2494 848
f 2500 2501 2502
f 2503 2504 2505
f 2506 2507 2508
f 2509 2510 2511
f 2512 2513 2514
f 2203 2515 2181
f 2516 2517 2518
f 2519 2520 2521
f 2522 2523 2524
f 2525 2526 2527
f 2528 2529 2530
f 2531 2532 2533
f 2534 2535 2536
f 2537 2538 2539
f 960 1156 965
f 2540 2541 2542
f 2543 2544 2545
f 2546 2547 2548
f 2549 2550 2551
f 2552 2553 2554
f 2555 2556 2557
f 2558 2559 2560
f 2561 2562 2563
f 2564 2565 2566
f 2567 2568 2569
f 2570 2571 2572
f 2573 2574 2575
f 2576 2577 2578
f 2579 2580 2581
f 2582 2583 2584
f 2585 2586 2587
f 2588 2589 2590
f 2591 2592 2593
f 1027 2594 1063
f 798 2208 1067
f 2595 2596 2597
f 2598 2599 2600
f 1078 2601 1079
f 1085 2207 1086
f 2602 2603 2604
f 1097 1077 1074
f 1099 2605 1100
f 1101 801 812
f 1099 1144 2605
f 1099 1142 1143
f 2606 2607 2608
f 2609 2610 2611
f 2612 2613 2614
f 2615 2616 2617
f 2618 1397 1400
f 2619 2620 2621
f 2622 2623 2624
f 1268 1445 1269
f 2625 2626 2627
f 2628 2629 2630
f 1220 2631 1221
f 2632 2633 2634
f 2635 2636 2637
f 2638 2639 2640
f 1298 2641 1299
f 2642 2643 2644
f 2645 2646 2647
f 2648 2649 2650
f 2651 2652 2653
f 2654 2655 2656
f 2657 2658 2659
f 2660 2661 2662
f 1394 2663 1395
f 2664 2665 2666
f 1421 1397 2618
f 2667 2668 2669
f 2670 2671 2672
f 2673 2674 2675
f 2676 2677 2678
f 1289 1214 1216
f 2679 2680 2681
f 2682 2683 2684
f 2685 2686 2687
f 2688 1648 1338
f 2689 2690 2691
f 2692 2693 2694
f 2695 2696 2697
f 2698 2699 2700
f 1403 1402 1514
f 1529 1526 1530
f 2701 2702 2703
f 2704 2705 2706
f 2707 2708 2709
f 2710 2711 2712
f 1548 1600 1549
f 2713 2714 2715
f 2716 2717 2718
f 2719 2720 2721
f 1405 1344 1445
f 1376 1378 1591
f 2722 2723 2724
f 2725 2726 2727
f 2728 2729 2730
f 2731 2732 2733
f 2734 2735 2736
f 2737 2738 2739
f 2740 2741 2742
f 2743 2744 2745
f 1420 1397 1421
f 2746 1296 2747
f 2748 2749 2750
f 1405 1346 1344
f 2751 2752 2753
f 2754 2755 2756
f 2757 2758 2759
f 2760 2761 2762
f 2763 2764 2765
f 2766 2767 2768
f 2769 2770 2771
f 1870 1845 1844
f 2772 2773 2774
f 1843 1846 1837
f 2775 2776 2777
f 2778 2779 2780
f 2781 2782 2783
f 2784 2785 2786
f 2787 2788 2789
f 2790 2791 2792
f 2793 2794 2795
f 2796 2797 2798
f 2799 2800 2801
f 2802 2803 2804
f 2805 2806 2807
f 1951 1812 1953
f 2808 2809 2810
f 2811 2812 2813
f 2814 2815 2816
f 2817 2818 2819
f 2820 2821 2822
f 2823 2824 2825
f 2826 2827 2828
f 2829 2830 2831
f 2832 2833 2834
f 2835 1821 1819
f 1702 1701 2836
f 2837 2838 2839
f 2840 2841 2842
f 2843 2844 2845
f 2846 2847 2848
f 2849 2850 2851
f 2852 2853 2854
f 2855 2856 2857
f 2858 2859 2860
f 2861 2862 2863
f 2864 2865 2866
f 2867 2868 2869
f 2870 2871 2872
f 2873 2874 2875
f 2876 2877 2878
f 2879 2880 2881
f 1063 2594 2882
f 2883 2884 2885
f 2886 2887 2888
f 2117 2889 2118
f 2890 2665 2891
f 2892 2893 2894
f 2895 2896 2897
f 2898 2899 2900
f 2901 2902 2903
f 2904 2905 2906
f 2907 2908 2909
f 1395 2663 2154
f 2910 2911 2912
f 2913 2914 2915
f 2879 2916 2917
f 2917 2880 2879
f 2918 2919 2920
f 2177 2125 1083
f 1530 1526 1528
f 2921 2922 1068
f 2922 796 1068
f 2118 2889 2923
f 2924 2198 2181
f 2208 800 1067
f 2193 2924 2181
f 2925 2926 2927
f 2928 2929 2930
f 2212 2194 2181
f 669 2931 2932
f 2933 2934 2935
f 2936 2937 2938
f 2939 2940 2941
f 2942 2943 2944
f 2945 2946 2947
f 2948 2949 2950
f 2951 2457 2952
f 668 686 2931
f 669 668 2931
f 2953 2954 2955
f 2956 2957 2958
f 2959 2960 2961
f 2962 2963 2964
f 2965 2966 2967
f 847 2495 848
f 2968 2969 2970
f 2971 2972 2973
f 2974 2975 2976
f 2977 2978 2979
f 666 665 2980
f 2237 2981 849
f 225 2982 2983
f 2239 820 822
f 2246 2984 114
f 2247 2249 2985
f 2986 2987 2988
f 2989 2990 2991
f 2992 2993 2994
f 2995 2996 2997
f 2998 2999 3000
f 3001 3002 3003
f 3004 3005 3006
f 3007 3008 3009
f 3010 3011 3012
f 3013 148 150
f 3014 3015 3016
f 3017 3018 148
f 3019 3017 3020
f 146 145 3021
f 150 142 2232
f 3020 3017 148
f 3022 3023 3024
f 3025 3026 3027
f 3028 3029 3030
f 3031 3032 3033
f 3034 3035 3036
f 487 486 531
f 3037 3038 3039
f 3040 3041 3042
f 530 100 2419
f 3043 3044 3045
f 3046 3047 3048
f 610 609 3049
f 3050 3051 3052
f 3053 3054 3055
f 3056 3057 3058
f 3059 3060 3061
f 3062 3063 3064
f 3065 3066 3067
f 3068 3069 3070
f 3071 3072 3073
f 3074 3075 3076
f 3077 3078 3079
f 3080 2932 2931
f 3081 3082 3083
f 3084 3085 3086
f 3086 3087 3084
f 3088 796 2922
f 3089 3090 3091
f 3092 3093 3094
f 3095 3096 3097
f 3098 3099 3100
f 3101 3102 3103
f 3104 3105 3106
f 3107 3108 3109
f 3110 3111 3112
f 3113 3114 3115
f 3116 3117 3118
f 3119 3120 3121
f 3122 3123 3124
f 3125 3126 3127
f 3128 3129 3130
f 3131 3132 3133
f 3134 3135 3136
f 3137 3138 3139
f 3140 3141 3142
f 3143 3144 3145
f 3146 3147 3148
f 3149 3150 3151
f 3152 3153 3154
f 3155 3156 3157
f 3158 3159 3160
f 3161 1520 1571
f 3162 3163 3164
f 3165 3166 3167
f 3168 3169 3170
f 3171 3172 3173
f 3174 3175 3176
f 3177 3178 3179
f 3180 3181 3182
f 3183 3184 3185
f 2882 1028 1063
f 3186 3187 3188
f 3189 3190 3191
f 3192 3193 3194
f 3195 3196 3197
f 3198 3199 3200
f 3201 3202 3203
f 3204 3205 3206
f 3207 3208 3209
f 3210 3211 3212
f 3213 3214 3215
f 3216 3217 3218
f 3219 3220 3221
f 3222 3223 3224
f 3225 3226 3227
f 3228 3229 3230
f 3231 3232 3233
f 3234 3235 3236
f 3237 3238 3239
f 3240 3241 3242
f 3243 3244 3245
f 3246 3247 3248
f 148 3018 2238
f 3249 3250 3251
f 3252 3253 3254
f 3255 3256 3257
f 3258 3259 3260
f 3261 3262 3263
f 3264 3265 3266
f 3267 3268 3269
f 3270 3271 3272
f 3273 3274 3275
f 3276 2168 3277
f 3278 3279 3280
f 3281 3282 3283
f 3284 3285 3286
f 3287 3288 3289
f 3290 3291 3292
f 3293 3294 3295
f 3074 3076 3296
f 3297 3298 3299
f 826 828 3300
f 3301 3302 3303
f 3304 3305 3306
f 3307 3308 3309
f 3310 3311 3312
f 3313 3314 3315
f 3316 3317 3318
f 3319 3320 3321
f 1165 1164 3322
f 3323 3324 3325
f 3326 3327 3328
f 3329 3330 3331
f 1421 2618 3332
f 3333 3334 3335
f 3336 3337 3338
f 3339 3340 3341
f 3342 3343 3344
f 3345 3346 3347
f 3348 3349 3350
f 3351 3352 3353
f 3354 3355 3356
f 3357 3358 3359
f 3360 3361 3362
f 3363 3364 3365
f 3366 3367 3368
f 3369 3370 3371
f 3372 3373 3374
f 3375 3376 3377
f 3378 3379 3380
f 3381 3382 3383
f 3384 3385 3386
f 3387 3388 3389
f 3390 3391 3392
f 3393 3394 3395
f 3396 3397 3398
f 3399 3400 3401
f 3402 3403 3404
f 3405 3406 3407
f 3408 3409 3410
f 3411 3412 3413
f 3414 3415 3416
f 3417 3418 3419
f 3420 3421 3422
f 3423 3424 3425
f 3426 3427 3428
f 3429 3430 3431
f 3432 3433 3434
f 3435 3436 3437
f 3438 3439 3440
f 3441 1352 1351
f 1220 1222 3442
f 3443 3444 3445
f 3446 3447 3448
f 3449 3450 3451
f 3452 3453 3454
f 3455 3456 3457
f 3458 3459 3460
f 3461 3462 3463
f 3464 3465 3466
f 3467 3468 3469
f 3470 3471 3472
f 3473 3474 3475
f 3476 3477 3478
f 3479 3480 3481
f 3482 3483 3484
f 3485 3486 3487
f 3488 3489 3490
f 3491 3492 3493
f 3494 3495 3496
f 3497 3498 3499
f 2604 2603 3500
f 3501 3502 3503
f 3504 3505 3506
f 3507 3508 3509
f 3510 3511 3512
f 3513 3514 3515
f 3516 3517 3518
f 3519 3520 3521
f 3522 3523 3524
f 3525 3526 3527
f 3528 3529 3530
f 3531 3532 3533
f 3534 3535 3536
f 3537 3538 3539
f 3540 3541 3542
f 3543 3544 3545
f 3546 3547 3548
f 3549 3550 3551
f 3552 3553 3554
f 3555 3556 3557
f 3392 3391 3558
f 3559 3560 3561
f 3562 3563 3564
f 3565 3566 3567
f 3568 3569 3570
f 3571 3572 3573
f 3574 3575 3576
f 3577 3578 3579
f 3580 3581 3582
f 3583 3584 3585
f 3586 2484 798
f 3587 3588 3589
f 3590 3591 3592
f 3593 3594 3595
f 3596 3597 3598
f 3599 3600 3601
f 3602 3603 3604
f 3605 3606 3607
f 3608 3609 3610
f 3611 3612 3613
f 3614 3615 3616
f 3617 3618 3619
f 3620 3621 3622
f 3623 3624 3625
f 3085 3084 3626
f 3627 3628 3629
f 3630 3631 3632
f 3633 3634 3635
f 3636 3637 3638
f 3639 3640 3641
f 3642 3643 3644
f 1157 1156 3645
f 3646 3647 3648
f 3649 3650 3651
f 3652 3653 3654
f 3655 3656 3657
f 3658 3659 3660
f 3661 3662 3663
f 3664 3665 3666
f 3667 3668 3669
f 3670 3671 3672
f 3673 3674 3675
f 3676 3677 3678
f 3679 3680 3681
f 3682 3683 3684
f 3685 3686 3687
f 3688 3689 3690
f 3691 3692 3693
f 3694 3695 3696
f 3697 3698 3699
f 3700 3701 3702
f 3703 3704 3705
f 3706 3707 3708
f 3709 3710 3711
f 3712 3713 3714
f 3715 3716 3717
f 3718 3719 3720
f 3721 3722 3723
f 3724 3725 3726
f 3727 3728 3729
f 3730 3731 3732
f 3733 3734 3735
f 3736 3737 3738
f 3739 3740 3741
f 3742 3743 3744
f 3745 3746 3747
f 3748 3749 3750
f 3751 3752 3753
f 3754 3755 3756
f 3757 3758 3759
f 3760 3761 3762
f 3763 3764 3765
f 3766 3767 3768
f 3769 3770 3771
f 3772 3773 3774
f 3775 3776 3777
f 3778 3779 3780
f 3781 3782 3783
f 3784 3785 3786
f 1444 1489 3787
f 3788 3789 3790
f 3791 3792 3793
f 3794 3795 3796
f 3797 3798 3799
f 3800 3801 3802
f 3803 3804 3805
f 3806 3807 3808
f 3809 3810 3811
f 3812 3813 3814
f 3815 3816 3817
f 3818 3819 3820
f 3821 3822 3823
f 3824 3825 3826
f 3827 3828 3829
f 3830 3831 3832
f 3833 3834 3835
f 3836 3837 3838
f 3839 3840 3841
f 3842 3843 3844
f 3845 3846 3847
f 3848 3849 3850
f 3851 3852 3853
f 3854 3855 3856
f 3857 3858 3859
f 3860 3861 3862
f 3863 3864 3865
f 3866 3867 3868
f 3869 3870 3871
f 3872 3873 3874
f 3875 3876 3877
f 3878 3879 3880
f 3881 3882 3883
f 3884 3885 3886
f 3887 3888 3889
f 3890 3891 3892
f 3893 3894 3895
f 3896 3897 3898
f 2879 2881 3899
f 3900 3901 3902
f 3903 3904 3905
f 3906 3907 3908
f 3909 3910 3911
f 3912 3913 3914
f 3915 3916 3917
f 3918 3919 3920
f 3921 3922 3923
f 3924 3925 3926
f 3927 3928 3929
f 3930 3931 3932
f 3933 3934 3935
f 3825 3824 3936
f 3937 3938 3939
f 3940 3941 3942
f 3943 3944 3945
f 3946 3947 3948
f 3949 3950 3951
f 3952 3953 3954
f 3955 3956 3957
f 3958 3959 3960
f 3961 3962 3963
f 3964 3965 3966
f 3967 3968 3969
f 3970 3971 3972
f 3973 3974 3975
f 3976 3977 3978
f 3979 3980 3981
f 3982 3983 3984
f 1068 3985 2921
f 3986 3987 3988
f 3989 3990 3991
f 3992 3993 3994
f 3995 3996 3997
f 3998 3999 4000
f 4001 4002 4003
f 4004 4005 4006
f 4007 4008 4009
f 4010 4011 4012
f 4013 4014 4015
f 4016 4017 4018
f 4019 4020 4021
f 4022 4023 4024
f 4025 4026 4027
f 4028 4029 4030
f 4031 4032 4033
f 4034 4035 4036
f 4037 4038 4039
f 4040 4041 4042
f 4043 4044 4045
f 3276 2169 2168
f 4046 4047 4048
f 4049 4050 4051
f 4052 4053 4054
f 4055 899 898
f 4056 4057 4058
f 4059 4060 4061
f 4062 4063 4064
