v 0.06124395132064819 -0.02509397082030773 -0.028659990057349205
v 0.0559999905526638 -0.023093989118933678 -0.029671959578990936
v 0.061217959970235825 -0.02235596999526024 -0.030839970335364342
v 0.061217959970235825 -0.03352295979857445 -0.01808594912290573
v 0.05576198920607567 -0.03432898968458176 -0.015057980082929134
v 0.05587499961256981 -0.033038970082998276 -0.01787995919585228
v 0.07423198223114014 0.029083959758281708 0.024598000571131706
v 0.07420598715543747 0.026704959571361542 0.027165940031409264
v 0.07944995164871216 0.027662990614771843 0.025465959683060646
v 0.07944995164871216 -0.037086959928274155 0.006188988219946623
v 0.07421600073575974 -0.03788799047470093 0.003940999042242765
v 0.07944995164871216 -0.0374719500541687 0.003104984061792493
v 0.07423198223114014 -0.0010979770449921489 0.03807497024536133
v 0.07944995164871216 -0.003104984061792493 0.0374719500541687
v 0.07944995164871216 0.0 0.03759998083114624
v 0.07422994822263718 0.03805195912718773 -0.0017499920213595033
v 0.07422398775815964 0.03805296868085861 0.0017499920213595033
v 0.07944995164871216 0.03759998083114624 0.0
v 0.07944995164871216 -0.037086959928274155 -0.006188988219946623
v 0.07422398775815964 -0.03788696974515915 -0.003940999042242765
v 0.07420598715543747 -0.03736697882413864 -0.007401943206787109
v 0.07422398775815964 0.03788696974515915 0.003940999042242765
v 0.07944995164871216 0.037086959928274155 0.006188988219946623
v 0.07944995164871216 0.0374719500541687 0.003104984061792493
v 0.07420598715543747 -0.02054196037352085 0.032079990953207016
v 0.07944995164871216 -0.01789598912000656 0.03306800127029419
v 0.07423198223114014 -0.01750998944044113 0.03382796049118042
v 0.07420598715543747 -0.02509397082030773 0.028659990057349205
v 0.07944995164871216 -0.023093989118933678 0.029671959578990936
v 0.07423198223114014 -0.02235596999526024 0.030839970335364342
v 0.08030295372009277 0.03269999846816063 0.014780989848077297
v 0.08030295372009277 0.029731979593634605 0.020094990730285645
v 0.08031398057937622 0.023703990504145622 0.02693294920027256
v 0.08017700165510178 0.026151949539780617 0.024990970268845558
v 0.08018100261688232 0.02594899944961071 0.025192970409989357
v 0.08031398057937622 0.023703990504145622 0.02693294920027256
v 0.08031398057937622 0.03574895113706589 -0.003042994998395443
v 0.08030295372009277 0.03269999846816063 0.014780989848077297
v 0.08031398057937622 0.023703990504145622 0.02693294920027256
v 0.07423198223114014 0.0010979770449921489 -0.03807497024536133
v 0.07944995164871216 0.003104984061792493 -0.0374719500541687
v 0.07944995164871216 0.0 -0.03759998083114624
v 0.07423198223114014 0.012272000312805176 -0.036059968173503876
v 0.07944995164871216 0.015103990212082863 -0.03443294018507004
v 0.07944995164871216 0.012208989821374416 -0.03556298837065697
v 0.05576198920607567 0.027579959481954575 -0.02538895048201084
v 0.06124395132064819 0.026704959571361542 -0.027165940031409264
v 0.0559999905526638 0.025465959683060646 -0.027662990614771843
v 0.0559999905526638 -0.009229958057403564 0.03644895181059837
v 0.06124395132064819 -0.00676196813583374 0.037488989531993866
v 0.05576198920607567 -0.006169973872601986 0.0369749590754509
v 0.07992798089981079 -0.036470938473939896 -0.006140946876257658
v 0.08014798164367676 -0.03547399863600731 -0.007792949210852385
v 0.08014798164367676 -0.036059968173503876 -0.0043759942054748535
v 0.08031398057937622 -0.034720949828624725 -0.009040950797498226
v 0.08031398057937622 -0.032693978399038315 -0.014777950011193752
v 0.08031398057937622 -0.02972595952451229 -0.020090989768505096
v 0.08031398057937622 0.007558940909802914 -0.03507297858595848
v 0.08031398057937622 0.018810980021953583 -0.0305519700050354
v 0.08031398057937622 0.023703990504145622 -0.02693294920027256
v 0.08031398057937622 0.027915000915527344 -0.02253996953368187
v 0.08031398057937622 0.03132294863462448 -0.017497949302196503
v 0.08031398057937622 0.03132294863462448 -0.017497949302196503
v 0.08031398057937622 0.03574895113706589 -0.003042994998395443
v 0.08031398057937622 0.023703990504145622 0.02693294920027256
v 0.08031398057937622 0.013377959839999676 0.03329097852110863
v 0.08031398057937622 0.007558940909802914 0.03507297858595848
v 0.08031398057937622 -0.010505969636142254 0.03430597856640816
v 0.08031398057937622 -0.02972595952451229 0.020090989768505096
v 0.08031398057937622 -0.034720949828624725 -0.009040950797498226
v 0.08031398057937622 -0.032693978399038315 0.014777950011193752
v 0.08031398057937622 -0.034720949828624725 0.009040950797498226
v 0.08031398057937622 -0.03574895113706589 0.003042994998395443
v 0.07423198223114014 0.02670300006866455 -0.027163980528712273
v 0.07420598715543747 0.029084980487823486 -0.024599960073828697
v 0.07944995164871216 0.027662990614771843 -0.025465959683060646
v 0.08031398057937622 -0.034720949828624725 -0.009040950797498226
v 0.08031398057937622 -0.03574895113706589 0.003042994998395443
v 0.08031398057937622 -0.03574895113706589 -0.003042994998395443
v 0.08022599667310715 -0.03552298992872238 0.0060249557718634605
v 0.08023595064878464 -0.035894978791475296 0.003669976955279708
v 0.08031398057937622 -0.03574895113706589 0.003042994998395443
v 0.05576198920607567 0.023024970665574074 0.029581960290670395
v 0.06124395132064819 0.02509397082030773 0.028659990057349205
v 0.05576198920607567 0.02538895048201084 0.027579959481954575
v 0.08030295372009277 0.03472799062728882 -0.009041965007781982
v 0.08031398057937622 0.03574895113706589 -0.003042994998395443
v 0.08031398057937622 0.03132294863462448 -0.017497949302196503
v 0.08015596121549606 0.033971961587667465 0.012686960399150848
v 0.0802149698138237 0.03319697827100754 0.014274000190198421
v 0.08030295372009277 0.03269999846816063 0.014780989848077297
v 0.08031398057937622 0.03574895113706589 -0.003042994998395443
v 0.08030295372009277 0.03472799062728882 0.009041965007781982
v 0.08030295372009277 0.03269999846816063 0.014780989848077297
v 0.07994996756315231 0.031058959662914276 0.020291980355978012
v 0.08024095743894577 0.02935897931456566 0.020909959450364113
v 0.08026199787855148 0.02988594025373459 0.02011799067258835
v 0.061217959970235825 0.03352295979857445 0.01808594912290573
v 0.05576198920607567 0.03432898968458176 0.015057980082929134
v 0.05587499961256981 0.033038970082998276 0.01787995919585228
v 0.05576198920607567 0.015057980082929134 -0.03432898968458176
v 0.06124395132064819 0.012272950261831284 -0.03606199845671654
v 0.05576198920607567 0.012171979993581772 -0.03545600175857544
v 0.0801459476351738 0.03545796126127243 -0.007827997207641602
v 0.08031398057937622 0.03574895113706589 -0.003042994998395443
v 0.08030295372009277 0.03472799062728882 -0.009041965007781982
v 0.07420598715543747 0.03352499008178711 0.018086960539221764
v 0.07944995164871216 0.03443294018507004 0.015103990212082863
v 0.07423198223114014 0.03504198044538498 0.014932990074157715
v 0.07984399050474167 0.037328001111745834 0.0
v 0.08014798164367676 0.03629695996642113 0.00031999999191612005
v 0.08014500141143799 0.036306969821453094 0.0
v 0.08030295372009277 0.035757001489400864 0.003042994998395443
v 0.08030295372009277 0.03472799062728882 0.009041965007781982
v 0.08031398057937622 0.03574895113706589 -0.003042994998395443
v 0.08031398057937622 -0.034720949828624725 -0.009040950797498226
v 0.08012998104095459 -0.03494900092482567 -0.01024395041167736
v 0.0800819918513298 -0.034226950258016586 -0.012777980417013168
v 0.08016198128461838 -0.03395998105406761 0.012723979540169239
v 0.08015900105237961 -0.03438996896147728 0.011539990082383156
v 0.08031398057937622 -0.032693978399038315 0.014777950011193752
v 0.07423198223114014 0.03352295979857445 -0.01808594912290573
v 0.07944995164871216 0.03443294018507004 -0.015103990212082863
v 0.07944995164871216 0.03306800127029419 -0.01789598912000656
v 0.05576198920607567 0.0313829705119133 -0.020502980798482895
v 0.06124395132064819 0.03045498952269554 -0.02288197912275791
v 0.05576198920607567 0.029581960290670395 -0.023024970665574074
v 0.08023101091384888 0.03142993897199631 0.01757699064910412
v 0.08023195713758469 0.0329279787838459 0.014813950285315514
v 0.07984399050474167 0.03418397158384323 0.014993960037827492
v 0.061217959970235825 -0.03045295923948288 -0.02288096956908703
v 0.05576198920607567 -0.0313829705119133 -0.020502980798482895
v 0.05576198920607567 -0.029581960290670395 -0.023024970665574074
v 0.0559999905526638 -0.003104984061792493 0.0374719500541687
v 0.06124395132064819 -0.001098989974707365 0.0380779504776001
v 0.05587499961256981 0.0 0.03756694868206978
v 0.08030295372009277 -0.023708989843726158 -0.026938969269394875
v 0.08030295372009277 -0.01881497912108898 -0.030557990074157715
v 0.08031398057937622 -0.02972595952451229 -0.020090989768505096
v 0.08030295372009277 -0.01881497912108898 -0.030557990074157715
v 0.08031398057937622 0.007558940909802914 -0.03507297858595848
v 0.08031398057937622 -0.02972595952451229 -0.020090989768505096
v 0.07994996756315231 -0.031058959662914276 0.020291980355978012
v 0.08023595064878464 -0.0292659904807806 0.021097000688314438
v 0.07991600036621094 -0.02738695964217186 0.025211980566382408
v 0.08031398057937622 -0.010505969636142254 0.03430597856640816
v 0.08030295372009277 -0.023708989843726158 0.026938969269394875
v 0.08031398057937622 -0.02972595952451229 0.020090989768505096
v 0.08018194884061813 -0.02828299067914486 0.02253895066678524
v 0.08023595064878464 -0.0292659904807806 0.021097000688314438
v 0.08031398057937622 -0.02972595952451229 0.020090989768505096
v 0.07423198223114014 0.03045295923948288 -0.02288096956908703
v 0.07944995164871216 0.03147697076201439 -0.0205649696290493
v 0.07944995164871216 0.029671959578990936 -0.023093989118933678
v 0.07984399050474167 -0.027462949976325035 -0.025280950590968132
v 0.08015698194503784 -0.026181990280747414 -0.025076979771256447
v 0.08017098158597946 -0.02778898924589157 -0.02333098091185093
v 0.07984399050474167 -0.02292698062956333 -0.0294569693505764
v 0.08015698194503784 -0.02156895026564598 -0.029137959703803062
v 0.08016800135374069 -0.023479990661144257 -0.027677949517965317
v 0.07994996756315231 -0.017657989636063576 -0.03262798860669136
v 0.08015400171279907 -0.01628297008574009 -0.03233999013900757
v 0.08015400171279907 -0.01630895957350731 -0.03232795000076294
v 0.0801999494433403 -0.013421949930489063 -0.03340296819806099
v 0.08030295372009277 -0.00755995512008667 -0.0350799486041069
v 0.08030295372009277 -0.01881497912108898 -0.030557990074157715
v 0.08030295372009277 -0.00755995512008667 -0.0350799486041069
v 0.08030295372009277 -0.00755995512008667 -0.0350799486041069
v 0.08013998717069626 0.0015339850215241313 -0.03609997034072876
v 0.08031398057937622 0.007558940909802914 -0.03507297858595848
v 0.07984399050474167 0.012119939550757408 -0.0353049598634243
v 0.08014296740293503 0.013170000165700912 -0.03375798091292381
v 0.08012700080871582 0.009373961947858334 -0.03516494855284691
v 0.08021301031112671 0.01341794990003109 -0.03339295834302902
v 0.08031398057937622 0.018810980021953583 -0.0305519700050354
v 0.08031398057937622 0.007558940909802914 -0.03507297858595848
v 0.07991600036621094 -0.020359989255666733 0.03116399049758911
v 0.08014696091413498 -0.018968990072607994 0.03076498955488205
v 0.08014696091413498 -0.018935969099402428 0.030785970389842987
v 0.05587499961256981 -0.037053998559713364 -0.006182968150824308
v 0.061233989894390106 -0.03788799047470093 -0.003940999042242765
v 0.05577193945646286 -0.03736596927046776 -0.0030959839932620525
v 0.07421600073575974 0.03788799047470093 -0.003940999042242765
v 0.07944995164871216 0.037086959928274155 -0.006188988219946623
v 0.07423198223114014 0.03736494854092598 -0.007401943206787109
v 0.05587499961256981 -0.037053998559713364 0.006182968150824308
v 0.061225950717926025 -0.03788696974515915 0.003940999042242765
v 0.06124395132064819 -0.03736697882413864 0.007401943206787109
v 0.07420598715543747 -0.026704959571361542 -0.027165940031409264
v 0.07944995164871216 -0.027662990614771843 -0.025465959683060646
v 0.07423198223114014 -0.029083959758281708 -0.024598000571131706
v 0.07944995164871216 -0.01789598912000656 -0.03306800127029419
v 0.07423198223114014 -0.020540950819849968 -0.032077960669994354
v 0.07420598715543747 -0.017510950565338135 -0.033829979598522186
v 0.07994996756315231 0.017657989636063576 -0.03262798860669136
v 0.08014398068189621 0.01634299010038376 -0.03238296136260033
v 0.08014398068189621 0.016300970688462257 -0.03240197151899338
v 0.07984399050474167 0.02292698062956333 -0.0294569693505764
v 0.08014696091413498 0.02160595916211605 -0.029177960008382797
v 0.08015400171279907 0.02021598070859909 -0.030177950859069824
v 0.07991600036621094 0.0 0.037224940955638885
v 0.08018498867750168 0.0013809800148010254 0.036077968776226044
v 0.08013898134231567 0.004229961894452572 0.03602099046111107
v 0.08021301031112671 0.0015269509749487042 0.03595596179366112
v 0.08030295372009277 -0.00755995512008667 0.0350799486041069
v 0.08031398057937622 0.007558940909802914 0.03507297858595848
v 0.0801999494433403 -0.0015279649524018168 0.035966988652944565
v 0.08013396710157394 -0.004251956008374691 0.036017950624227524
v 0.08030295372009277 -0.00755995512008667 0.0350799486041069
v 0.07944995164871216 -0.027662990614771843 0.025465959683060646
v 0.07423198223114014 -0.02670300006866455 0.027163980528712273
v 0.07420598715543747 -0.029084980487823486 0.024599960073828697
v 0.06124395132064819 -0.026704959571361542 0.027165940031409264
v 0.05587499961256981 -0.02763896994292736 0.025442950427532196
v 0.061217959970235825 -0.029083959758281708 0.024598000571131706
v 0.07420598715543747 0.02509397082030773 -0.028659990057349205
v 0.07944995164871216 0.023093989118933678 -0.029671959578990936
v 0.07423198223114014 0.02235596999526024 -0.030839970335364342
v 0.07423198223114014 0.025092950090765953 0.02865796908736229
v 0.07944995164871216 0.023093989118933678 0.029671959578990936
v 0.07944995164871216 0.025465959683060646 0.027662990614771843
v 0.07420598715543747 0.03045498952269554 0.02288197912275791
v 0.07944995164871216 0.03147697076201439 0.0205649696290493
v 0.07423198223114014 0.03242497891187668 0.019988950341939926
v 0.07423198223114014 0.020540950819849968 0.032077960669994354
v 0.07944995164871216 0.01789598912000656 0.03306800127029419
v 0.07944995164871216 0.0205649696290493 0.03147697076201439
v 0.061225950717926025 -0.03805296868085861 0.0017499920213595033
v 0.05577193945646286 -0.0374940000474453 0.0
v 0.061219990253448486 -0.03805195912718773 -0.0017499920213595033
v 0.05576198920607567 0.0030959839932620525 -0.03735899180173874
v 0.06124395132064819 0.001098989974707365 -0.0380779504776001
v 0.05576198920607567 0.0 -0.0374869704246521
v 0.07423198223114014 -0.006760953925549984 0.03748594969511032
v 0.07944995164871216 -0.009229958057403564 0.03644895181059837
v 0.07944995164871216 -0.006188988219946623 0.037086959928274155
v 0.07944995164871216 -0.03759998083114624 0.0
v 0.07422994822263718 -0.03805195912718773 0.0017499920213595033
v 0.07422398775815964 -0.03805296868085861 -0.0017499920213595033
v 0.07984399050474167 0.027462949976325035 -0.025280950590968132
v 0.08014696091413498 0.02622300013899803 -0.02511196956038475
v 0.08015494793653488 0.024973979219794273 -0.02637499012053013
v 0.05549997091293335 -0.036967989057302475 0.003104984061792493
v 0.05549997091293335 -0.031058959662914276 0.020291980355978012
v 0.05549997091293335 -0.02906298078596592 0.023039989173412323
v 0.061217959970235825 -0.02670300006866455 -0.027163980528712273
v 0.05576198920607567 -0.027579959481954575 -0.02538895048201084
v 0.0559999905526638 -0.025465959683060646 -0.027662990614771843
v 0.08016800135374069 0.02147597074508667 0.029098980128765106
v 0.08015096187591553 0.01893394999206066 0.030759990215301514
v 0.08031398057937622 0.023703990504145622 0.02693294920027256
v 0.05549997091293335 -0.036967989057302475 0.003104984061792493
v 0.05549997091293335 -0.012045970186591148 0.03508995845913887
v 0.05549997091293335 -0.00910794734954834 0.0359649583697319
v 0.05549997091293335 -0.036967989057302475 0.003104984061792493
v 0.05549997091293335 0.00910794734954834 0.0359649583697319
v 0.05549997091293335 0.012045970186591148 0.03508995845913887
v 0.05549997091293335 -0.036967989057302475 0.003104984061792493
v 0.05549997091293335 0.02906298078596592 0.023039989173412323
v 0.05549997091293335 0.031058959662914276 0.020291980355978012
v 0.05549997091293335 -0.036967989057302475 0.003104984061792493
v 0.05549997091293335 0.031058959662914276 -0.020291980355978012
v 0.05549997091293335 0.02906298078596592 -0.023039989173412323
v 0.07423198223114014 -0.012272000312805176 0.036059968173503876
v 0.07944995164871216 -0.015103990212082863 0.03443294018507004
v 0.07944995164871216 -0.012208989821374416 0.03556298837065697
v 0.05576198920607567 -0.017841989174485207 -0.03296899050474167
v 0.06124395132064819 -0.02054196037352085 -0.032079990953207016
v 0.05576198920607567 -0.020502980798482895 -0.0313829705119133
v 0.05549997091293335 -0.036967989057302475 0.003104984061792493
v 0.05549997091293335 0.012045970186591148 -0.03508995845913887
v 0.05549997091293335 0.00910794734954834 -0.0359649583697319
v 0.0559999905526638 -0.015103990212082863 0.03443294018507004
v 0.06124395132064819 -0.012272950261831284 0.03606199845671654
v 0.05587499961256981 -0.012197970412671566 0.03553098067641258
v 0.05549997091293335 -0.036967989057302475 0.003104984061792493
v 0.05549997091293335 -0.00910794734954834 -0.0359649583697319
v 0.05549997091293335 -0.012045970186591148 -0.03508995845913887
v 0.05549997091293335 -0.036967989057302475 0.003104984061792493
v 0.05549997091293335 -0.02906298078596592 -0.023039989173412323
v 0.05549997091293335 -0.031058959662914276 -0.020291980355978012
v 0.07423198223114014 0.006760953925549984 -0.03748594969511032
v 0.07944995164871216 0.009229958057403564 -0.03644895181059837
v 0.07944995164871216 0.006188988219946623 -0.037086959928274155
v 0.05576198920607567 0.03545600175857544 0.012171979993581772
v 0.06124395132064819 0.03687797859311104 0.009543955326080322
v 0.05576198920607567 0.03633999079465866 0.009201942943036556
v 0.08015000075101852 -0.03629899024963379 0.00032900000223889947
v 0.0801459476351738 -0.036311980336904526 4.8999998398358e-05
v 0.08031398057937622 -0.03574895113706589 -0.003042994998395443
v 0.07423198223114014 0.03687595948576927 0.00954294204711914
v 0.07944995164871216 0.03556298837065697 0.012208989821374416
v 0.07944995164871216 0.03644895181059837 0.009229958057403564
v 0.07944995164871216 -0.03556298837065697 0.012208989821374416
v 0.07420598715543747 -0.03687797859311104 0.009543955326080322
v 0.07944995164871216 -0.03644895181059837 0.009229958057403564
v 0.05576198920607567 0.009201942943036556 -0.03633999079465866
v 0.06124395132064819 0.00676196813583374 -0.037488989531993866
v 0.05576198920607567 0.006169973872601986 -0.0369749590754509
v 0.05587499961256981 0.02763896994292736 0.025442950427532196
v 0.061217959970235825 0.02670300006866455 0.027163980528712273
v 0.06124395132064819 0.029084980487823486 0.024599960073828697
v 0.07423198223114014 -0.025092950090765953 -0.02865796908736229
v 0.07944995164871216 -0.023093989118933678 -0.029671959578990936
v 0.07944995164871216 -0.025465959683060646 -0.027662990614771843
v 0.05577193945646286 0.0374940000474453 0.0
v 0.061219990253448486 0.03805195912718773 0.0017499920213595033
v 0.061225950717926025 0.03805296868085861 -0.0017499920213595033
v 0.07984399050474167 0.0353049598634243 -0.012119939550757408
v 0.08007997274398804 0.034222960472106934 -0.012753959745168686
v 0.08009499311447144 0.03387999162077904 -0.013575970195233822
v 0.07984399050474167 -0.03418397158384323 0.014993960037827492
v 0.08023499697446823 -0.0329439602792263 0.014813950285315514
v 0.08023101091384888 -0.031447939574718475 0.01759897917509079
v 0.08022695034742355 0.035484958440065384 0.006094992160797119
v 0.08023399114608765 0.03504598140716553 0.008511959575116634
v 0.08030295372009277 0.03472799062728882 0.009041965007781982
v 0.05576198920607567 -0.03545600175857544 -0.012171979993581772
v 0.06124395132064819 -0.03687797859311104 -0.009543955326080322
v 0.05576198920607567 -0.03633999079465866 -0.009201942943036556
v 0.10179699957370758 0.008470951579511166 -0.06031094864010811
v 0.08912497013807297 0.01213895995169878 -0.05926996096968651
v 0.10179699957370758 0.014195970259606838 -0.059691961854696274
v 0.08016598224639893 -0.024828970432281494 -0.026443950831890106
v 0.0801689624786377 -0.024166999384760857 -0.027091970667243004
v 0.08101201057434082 -0.03024398908019066 -0.03839397057890892
v 0.08531396836042404 -0.04130195826292038 -0.03599797934293747
v 0.08172398060560226 -0.036421000957489014 -0.034969981759786606
v 0.08151596039533615 -0.030898980796337128 -0.03984694927930832
v 0.12601999938488007 -0.041726939380168915 -0.04470700025558472
v 0.08996295183897018 -0.04160397872328758 -0.034894999116659164
v 0.08564697951078415 -0.04155194014310837 -0.0358240008354187
v 0.14627699553966522 -0.03650796040892601 -0.043675001710653305
v 0.14621800184249878 0.04051493853330612 -0.04141997918486595
v 0.1462170034646988 -0.040509991347789764 -0.0414159782230854
v 0.13102500140666962 -0.041816938668489456 -0.04193698987364769
v 0.12055999785661697 -0.04197198152542114 -0.02815997041761875
v 0.08879995346069336 -0.041626978665590286 -0.03299998864531517
v 0.09384094923734665 -0.04144597053527832 -0.044449981302022934
v 0.12601999938488007 -0.041726939380168915 -0.04470700025558472
v 0.08564697951078415 -0.04155194014310837 -0.0358240008354187
v 0.08879995346069336 0.041626978665590286 -0.03299998864531517
v 0.08667796105146408 0.041521959006786346 -0.03731495141983032
v 0.08657395094633102 0.041680991649627686 -0.028898950666189194
v 0.08489900082349777 -0.011087950319051743 -0.05611199140548706
v 0.08105999231338501 -0.015118950046598911 -0.04729795083403587
v 0.08114396780729294 -0.009471951983869076 -0.049075961112976074
v 0.13102500140666962 0.041816938668489456 -0.04193698987364769
v 0.08879995346069336 0.041626978665590286 -0.03299998864531517
v 0.12017499655485153 0.04197198152542114 -0.02797096036374569
v 0.12601999938488007 0.041726939380168915 -0.04470700025558472
v 0.08996397256851196 0.04160397872328758 -0.0349079892039299
v 0.08879995346069336 0.041626978665590286 -0.03299998864531517
v 0.08752094954252243 -0.023773960769176483 -0.05397598817944527
v 0.08151596039533615 -0.030898980796337128 -0.03984694927930832
v 0.08165495842695236 -0.026304960250854492 -0.043201979249715805
v 0.1447959989309311 -0.016990000382065773 -0.024884989485144615
v 0.14300599694252014 -0.017316989600658417 -0.023253969848155975
v 0.1429498940706253 -0.018860990181565285 -0.024138979613780975
v 0.1359190046787262 -0.04180895909667015 -0.04468898847699165
v 0.13181200623512268 -0.0418739914894104 -0.03899997100234032
v 0.12055999785661697 -0.04197198152542114 -0.02815997041761875
v 0.08996295183897018 -0.04160397872328758 -0.034894999116659164
v 0.12601999938488007 -0.041726939380168915 -0.04470700025558472
v 0.08879995346069336 -0.041626978665590286 -0.03299998864531517
v 0.08996295183897018 -0.04160397872328758 -0.034894999116659164
v 0.08879995346069336 -0.041626978665590286 -0.03299998864531517
v 0.08564697951078415 -0.04155194014310837 -0.0358240008354187
v 0.1462170034646988 -0.040509991347789764 -0.0414159782230854
v 0.1429498940706253 -0.018860990181565285 -0.024138979613780975
v 0.14381200075149536 -0.041181981563568115 -0.04038697108626366
v 0.14627699553966522 -0.03650796040892601 -0.043675001710653305
v 0.14627400040626526 0.03652697056531906 -0.043675001710653305
v 0.14621800184249878 0.04051493853330612 -0.04141997918486595
v 0.08763498067855835 0.024213960394263268 -0.05387299880385399
v 0.08165495842695236 0.026304960250854492 -0.043201979249715805
v 0.08146995306015015 0.03092597983777523 -0.03976196050643921
v 0.1447959989309311 -0.015571950003504753 -0.024161990731954575
v 0.1447959989309311 0.015571950003504753 -0.024161990731954575
v 0.144119992852211 -0.013999990187585354 -0.023274000734090805
v 0.12055999785661697 -0.04197198152542114 -0.02815997041761875
v 0.09224796295166016 -0.04168498143553734 -0.031308941543102264
v 0.08879995346069336 -0.041626978665590286 -0.03299998864531517
v 0.13181200623512268 0.0418739914894104 -0.03899997100234032
v 0.13591699302196503 0.04180895909667015 -0.04468797892332077
v 0.12017499655485153 0.04197198152542114 -0.02797096036374569
v 0.08172398060560226 -0.036421000957489014 -0.034969981759786606
v 0.08531396836042404 -0.04130195826292038 -0.03599797934293747
v 0.08153896778821945 -0.037169989198446274 -0.033900968730449677
v 0.14621800184249878 0.04051493853330612 -0.04141997918486595
v 0.1449500024318695 -0.015367980115115643 -0.02479100041091442
v 0.1462170034646988 -0.040509991347789764 -0.0414159782230854
v 0.08879995346069336 0.041626978665590286 -0.03299998864531517
v 0.09226799011230469 0.04168498143553734 -0.031323958188295364
v 0.12017499655485153 0.04197198152542114 -0.02797096036374569
v 0.0801379606127739 -0.010857990011572838 -0.03459196910262108
v 0.08012896031141281 -0.00928497314453125 -0.03516494855284691
v 0.08094996213912964 -0.01593095064163208 -0.046499960124492645
v 0.08146995306015015 0.03092597983777523 -0.03976196050643921
v 0.08165495842695236 0.026304960250854492 -0.043201979249715805
v 0.08112800121307373 0.023631980642676353 -0.043971948325634
v 0.08146995306015015 0.03092597983777523 -0.03976196050643921
v 0.08151698112487793 0.037169989198446274 -0.03389995917677879
v 0.08643894642591476 0.04125100001692772 -0.03755395859479904
v 0.08146995306015015 0.03092597983777523 -0.03976196050643921
v 0.08124995231628418 0.031139960512518883 -0.03901296108961105
v 0.08122395724058151 0.03620100021362305 -0.03429095819592476
v 0.08130096644163132 -0.019091960042715073 -0.046499960124492645
v 0.08564597368240356 -0.015446959994733334 -0.055709950625896454
v 0.08112800121307373 -0.023631980642676353 -0.043971948325634
v 0.08564697951078415 -0.04155194014310837 -0.0358240008354187
v 0.08879995346069336 -0.041626978665590286 -0.03299998864531517
v 0.08799195289611816 -0.04171197861433029 -0.027785949409008026
v 0.08879995346069336 -0.041626978665590286 -0.03299998864531517
v 0.09224796295166016 -0.04168498143553734 -0.031308941543102264
v 0.08799195289611816 -0.04171197861433029 -0.027785949409008026
v 0.11744990199804306 -0.04033796861767769 0.030424950644373894
v 0.12524999678134918 -0.040541939437389374 0.0283349696546793
v 0.11932499706745148 -0.04038697108626366 0.031230980530381203
v 0.09224796295166016 -0.04168498143553734 -0.031308941543102264
v 0.12055999785661697 -0.04197198152542114 -0.02815997041761875
v 0.08799195289611816 -0.04171197861433029 -0.027785949409008026
v 0.13758589327335358 -0.03981399163603783 0.032667990773916245
v 0.14050790667533875 -0.03754299134016037 0.0331229493021965
v 0.11932499706745148 -0.03956096991896629 0.03221499174833298
v 0.14165499806404114 -0.03832000121474266 0.02935599908232689
v 0.14197799563407898 -0.03812098130583763 0.026324979960918427
v 0.14246700704097748 -0.037173978984355927 0.025375960394740105
v 0.14166800677776337 -0.038527961820364 0.02730095013976097
v 0.1411370038986206 -0.039143968373537064 0.026324979960918427
v 0.14175300300121307 -0.038442958146333694 -0.01744895987212658
v 0.14197799563407898 -0.03812098130583763 0.026324979960918427
v 0.14166800677776337 -0.038527961820364 0.02730095013976097
v 0.14175300300121307 -0.038442958146333694 -0.01744895987212658
v 0.12017499655485153 0.04197198152542114 -0.02797096036374569
v 0.08657395094633102 0.041680991649627686 -0.028898950666189194
v 0.09094595164060593 0.04169296845793724 -0.026833949610590935
v 0.12524999678134918 0.040541939437389374 0.0283349696546793
v 0.11744990199804306 0.04033796861767769 0.030424950644373894
v 0.11932499706745148 0.04038697108626366 0.031230980530381203
v 0.1425829976797104 -0.032832980155944824 0.030592970550060272
v 0.1423438936471939 -0.034851960837841034 0.0317869707942009
v 0.1428299993276596 -0.03176397085189819 0.028765970841050148
v 0.1425829976797104 -0.032832980155944824 0.030592970550060272
v 0.14270399510860443 -0.03221898898482323 0.029665939509868622
v 0.10249199718236923 -0.03359394893050194 0.03273797035217285
v 0.14133389294147491 -0.03500096872448921 0.03349994868040085
v 0.1425829976797104 -0.032832980155944824 0.030592970550060272
v 0.10249199718236923 -0.03359394893050194 0.03273797035217285
v 0.14050790667533875 -0.03754299134016037 0.0331229493021965
v 0.14133389294147491 -0.03500096872448921 0.03349994868040085
v 0.10249199718236923 -0.03359394893050194 0.03273797035217285
v 0.11932499706745148 -0.03956096991896629 0.03221499174833298
v 0.14050790667533875 -0.03754299134016037 0.0331229493021965
v 0.10249199718236923 -0.03359394893050194 0.03273797035217285
v 0.14210399985313416 -0.03703397139906883 0.03063696064054966
v 0.1428299993276596 -0.03176397085189819 0.028765970841050148
v 0.1423438936471939 -0.034851960837841034 0.0317869707942009
v 0.10294999927282333 -0.03995800018310547 0.030424950644373894
v 0.10249199718236923 -0.03359394893050194 0.03273797035217285
v 0.11679600179195404 -0.041562970727682114 -0.026542959734797478
v 0.13682399690151215 -0.04080294817686081 0.03182094916701317
v 0.11932499706745148 -0.04038697108626366 0.031230980530381203
v 0.12055999785661697 -0.04197198152542114 -0.02815997041761875
v 0.13967500627040863 -0.04010694846510887 -0.017859989777207375
v 0.13689300417900085 -0.04084496945142746 -0.017526980489492416
v 0.12055999785661697 -0.04197198152542114 -0.02815997041761875
v 0.14132000505924225 -0.03650796040892601 -0.01921498030424118
v 0.14138300716876984 -0.038155969232320786 -0.018273940309882164
v 0.12055999785661697 -0.04197198152542114 -0.02815997041761875
v 0.14247600734233856 -0.03470896929502487 -0.01887594908475876
v 0.14132000505924225 -0.03650796040892601 -0.01921498030424118
v 0.12055999785661697 -0.04197198152542114 -0.02815997041761875
v 0.14621800184249878 0.04051493853330612 -0.04141997918486595
v 0.1449580043554306 0.016026969999074936 -0.025073999539017677
v 0.1449500024318695 -0.015367980115115643 -0.02479100041091442
v 0.11679600179195404 -0.041562970727682114 -0.026542959734797478
v 0.11932499706745148 -0.04038697108626366 0.031230980530381203
v 0.10294999927282333 -0.03995800018310547 0.030424950644373894
v 0.1429498940706253 0.015778949484229088 -0.022358950227499008
v 0.1160300001502037 0.041559990495443344 -0.02652096003293991
v 0.09987998008728027 0.036052998155355453 -0.024074969813227654
v 0.14291299879550934 -0.03170299157500267 0.027673950418829918
v 0.14285199344158173 -0.035925980657339096 0.02478897012770176
v 0.14292700588703156 -0.03258800134062767 0.02587698958814144
v 0.14291299879550934 -0.03170299157500267 0.027673950418829918
v 0.14292700588703156 -0.03258800134062767 0.02587698958814144
v 0.1429498940706253 -0.03238296136260033 -0.018412940204143524
v 0.12055999785661697 -0.04197198152542114 -0.02815997041761875
v 0.11679600179195404 -0.041562970727682114 -0.026542959734797478
v 0.1429498940706253 -0.03238296136260033 -0.018412940204143524
v 0.14270099997520447 -0.034082941710948944 -0.01871996931731701
v 0.12055999785661697 -0.04197198152542114 -0.02815997041761875
v 0.1429498940706253 -0.03238296136260033 -0.018412940204143524
v 0.10394299775362015 0.025503989309072495 -0.05750494822859764
v 0.09408301115036011 0.03066498041152954 -0.05541396141052246
v 0.09597896784543991 0.034803979098796844 -0.05405199155211449
v 0.12017499655485153 0.04197198152542114 -0.02797096036374569
v 0.09226799011230469 0.04168498143553734 -0.031323958188295364
v 0.08657395094633102 0.041680991649627686 -0.028898950666189194
v 0.1442209929227829 0.04091399163007736 -0.0487629696726799
v 0.14627400040626526 0.03652697056531906 -0.043675001710653305
v 0.14625200629234314 0.036377958953380585 -0.04900997132062912
v 0.1429498940706253 -0.015778949484229088 -0.022358950227499008
v 0.09987998008728027 -0.036052998155355453 -0.024074969813227654
v 0.11679600179195404 -0.041562970727682114 -0.026542959734797478
v 0.14621800184249878 0.04051493853330612 -0.04141997918486595
v 0.1429498940706253 0.018860990181565285 -0.024138979613780975
v 0.1447959989309311 0.016990000382065773 -0.024884989485144615
v 0.08112800121307373 -0.023631980642676353 -0.043971948325634
v 0.08732198923826218 -0.023405959829688072 -0.05390696972608566
v 0.08165495842695236 -0.026304960250854492 -0.043201979249715805
v 0.09226799011230469 0.04168498143553734 -0.031323958188295364
v 0.08879995346069336 0.041626978665590286 -0.03299998864531517
v 0.08657395094633102 0.041680991649627686 -0.028898950666189194
v 0.0938289687037468 0.04144096001982689 -0.0444599911570549
v 0.08996397256851196 0.04160397872328758 -0.0349079892039299
v 0.12601999938488007 0.041726939380168915 -0.04470700025558472
v 0.1402910053730011 0.04158097133040428 -0.04676597937941551
v 0.09590095281600952 0.04078298062086105 -0.04827897995710373
v 0.09474294632673264 0.041386958211660385 -0.045796990394592285
v 0.14627699553966522 -0.03650796040892601 -0.043675001710653305
v 0.1462039053440094 -0.0407719612121582 -0.04852598160505295
v 0.14624400436878204 -0.036369968205690384 -0.04899698123335838
v 0.08099596947431564 -0.0035549988970160484 -0.04912196844816208
v 0.08006899803876877 -0.004700957797467709 -0.03619294986128807
v 0.08006799221038818 -0.004578948020935059 -0.03620100021362305
v 0.08098196238279343 -0.00932395365089178 -0.04833494871854782
v 0.08006995171308517 -0.004866957198828459 -0.036178939044475555
v 0.08006899803876877 -0.004700957797467709 -0.03619294986128807
v 0.08095800131559372 0.016101950779557228 -0.046499960124492645
v 0.08012700080871582 0.009373961947858334 -0.03516494855284691
v 0.08014296740293503 0.013170000165700912 -0.03375798091292381
v 0.08101201057434082 -0.03024398908019066 -0.03839397057890892
v 0.08016394823789597 -0.020055940374732018 -0.03022599034011364
v 0.08016800135374069 -0.01928699016571045 -0.030761949717998505
v 0.08094996213912964 -0.02323698066174984 -0.04324799031019211
v 0.08015400171279907 -0.01628297008574009 -0.03233999013900757
v 0.08094996213912964 -0.019499950110912323 -0.045062001794576645
v 0.08015698194503784 0.01934598945081234 -0.03078394941985607
v 0.08015400171279907 0.02021598070859909 -0.030177950859069824
v 0.08100395649671555 0.030269980430603027 -0.038387950509786606
v 0.08100395649671555 0.030269980430603027 -0.038387950509786606
v 0.08015900105237961 0.02422397956252098 -0.027107950299978256
v 0.08015494793653488 0.024973979219794273 -0.02637499012053013
v 0.10202199965715408 -0.024409940466284752 -0.05773298814892769
v 0.1042189970612526 -0.02557997964322567 -0.057484980672597885
v 0.09235095232725143 -0.026049969717860222 -0.05671197175979614
v 0.13830700516700745 0.007481991779059172 -0.057492971420288086
v 0.132765993475914 0.0067139859311282635 -0.059786971658468246
v 0.13128389418125153 0.010071990080177784 -0.06013797968626022
v 0.1458290070295334 0.023215940222144127 -0.05317597836256027
v 0.13830700516700745 0.007481991779059172 -0.057492971420288086
v 0.13128389418125153 0.010071990080177784 -0.06013797968626022
v 0.132765993475914 0.0067139859311282635 -0.059786971658468246
v 0.13830700516700745 0.007481991779059172 -0.057492971420288086
v 0.13132800161838531 0.004979968070983887 -0.06049596890807152
v 0.08146995306015015 0.03092597983777523 -0.03976196050643921
v 0.09261900186538696 0.037042971700429916 -0.04955095052719116
v 0.09066294878721237 0.032937999814748764 -0.051091961562633514
v 0.09683399647474289 -0.038697000592947006 -0.05154800042510033
v 0.09599900245666504 -0.0396299883723259 -0.050234969705343246
v 0.09620898216962814 -0.03795396909117699 -0.052115969359874725
v 0.08099596947431564 0.0037039509043097496 -0.049109991639852524
v 0.08006995171308517 0.004709959030151367 -0.036206960678100586
v 0.08098196238279343 0.009471951983869076 -0.0483049713075161
v 0.14618000388145447 -0.02867995947599411 -0.052186958491802216
v 0.1462389975786209 -0.035145990550518036 -0.05002598837018013
v 0.1462039053440094 -0.0407719612121582 -0.04852598160505295
v 0.1261020004749298 -0.035077981650829315 -0.05395495146512985
v 0.13032600283622742 -0.02242100052535534 -0.05817699059844017
v 0.14594900608062744 -0.04066698998212814 -0.0491669699549675
v 0.1315380036830902 -0.02042393945157528 -0.058522991836071014
v 0.14618000388145447 -0.02867995947599411 -0.052186958491802216
v 0.14594900608062744 -0.04066698998212814 -0.0491669699549675
v 0.14618000388145447 0.02867995947599411 -0.052186958491802216
v 0.1442209929227829 0.04091399163007736 -0.0487629696726799
v 0.14625200629234314 0.036377958953380585 -0.04900997132062912
v 0.13225600123405457 0.007356940768659115 -0.022293979302048683
v 0.14299699664115906 -0.013999990187585354 -0.022327950224280357
v 0.1429498940706253 0.015778949484229088 -0.022358950227499008
v 0.12603899836540222 0.040853969752788544 -0.04862295836210251
v 0.09590095281600952 0.04078298062086105 -0.04827897995710373
v 0.1442209929227829 0.04091399163007736 -0.0487629696726799
v 0.09590095281600952 0.04078298062086105 -0.04827897995710373
v 0.1402910053730011 0.04158097133040428 -0.04676597937941551
v 0.1442209929227829 0.04091399163007736 -0.0487629696726799
v 0.08858399838209152 -0.007754981052130461 -0.059714969247579575
v 0.10179699957370758 -0.003035962115973234 -0.06060897931456566
v 0.10179699957370758 -0.008063971064984798 -0.06034296005964279
v 0.14618000388145447 0.02867995947599411 -0.052186958491802216
v 0.1312370002269745 0.021324990317225456 -0.058372970670461655
v 0.1442209929227829 0.04091399163007736 -0.0487629696726799
v 0.12950399518013 0.022706979885697365 -0.05817699059844017
v 0.11630500108003616 0.02433495968580246 -0.057787951081991196
v 0.1261020004749298 0.035077981650829315 -0.05395495146512985
v 0.13034990429878235 0.022432979196310043 -0.05817198008298874
v 0.1261020004749298 0.035077981650829315 -0.05395495146512985
v 0.1442209929227829 0.04091399163007736 -0.0487629696726799
v 0.08125197142362595 0.01888597011566162 -0.046499960124492645
v 0.08669494837522507 0.021006999537348747 -0.05445098131895065
v 0.08572094887495041 0.016382990404963493 -0.05538398027420044
v 0.09987998008728027 -0.036052998155355453 -0.024074969813227654
v 0.1429498940706253 -0.015778949484229088 -0.022358950227499008
v 0.0807499811053276 -0.02776597999036312 -0.02241997979581356
v 0.14299699664115906 -0.013999990187585354 -0.022327950224280357
v 0.13225600123405457 -0.007356940768659115 -0.022293979302048683
v 0.0807499811053276 -0.02776597999036312 -0.02241997979581356
v 0.13225600123405457 -0.007356940768659115 -0.022293979302048683
v 0.08594994992017746 -0.017920970916748047 -0.022381959483027458
v 0.0807499811053276 -0.02776597999036312 -0.02241997979581356
v 0.08644998073577881 0.01160596963018179 -0.02242398075759411
v 0.13225600123405457 0.007356940768659115 -0.022293979302048683
v 0.08031398057937622 0.027915000915527344 -0.02253996953368187
v 0.132765993475914 -0.00014600000577047467 -0.05999397858977318
v 0.1383499950170517 -0.007481991779059172 -0.05747300013899803
v 0.13143999874591827 -0.00012199999764561653 -0.06059395894408226
v 0.13225600123405457 0.007356940768659115 -0.022293979302048683
v 0.1429498940706253 0.015778949484229088 -0.022358950227499008
v 0.08031398057937622 0.027915000915527344 -0.02253996953368187
v 0.13830700516700745 0.007481991779059172 -0.057492971420288086
v 0.132765993475914 -0.00014600000577047467 -0.05999397858977318
v 0.13143999874591827 -0.00012199999764561653 -0.06059395894408226
v 0.1429498940706253 0.015778949484229088 -0.022358950227499008
v 0.09987998008728027 0.036052998155355453 -0.024074969813227654
v 0.08031398057937622 0.027915000915527344 -0.02253996953368187
v 0.1458739936351776 -0.023121949285268784 -0.053250961005687714
v 0.132765993475914 -0.008052945137023926 -0.059691961854696274
v 0.1383499950170517 -0.007481991779059172 -0.05747300013899803
v 0.1383499950170517 -0.007481991779059172 -0.05747300013899803
v 0.132765993475914 -0.008052945137023926 -0.059691961854696274
v 0.13128389418125153 -0.005224943161010742 -0.06049095839262009
v 0.1458739936351776 -0.023121949285268784 -0.053250961005687714
v 0.13131000101566315 -0.010315950028598309 -0.06010996922850609
v 0.132765993475914 -0.008052945137023926 -0.059691961854696274
v 0.08094996213912964 0.02323698066174984 -0.04324799031019211
v 0.08014398068189621 0.016300970688462257 -0.03240197151899338
v 0.08014398068189621 0.01634299010038376 -0.03238296136260033
v 0.08118294924497604 0.028303980827331543 0.02417396940290928
v 0.08017700165510178 0.026151949539780617 0.024990970268845558
v 0.08829396218061447 0.039298951625823975 0.023234959691762924
v 0.08115296810865402 0.03027397021651268 0.02163398079574108
v 0.08017998188734055 0.028148939833045006 0.022682959213852882
v 0.08716195076704025 0.03909999132156372 0.0214649997651577
v 0.08124899119138718 0.03211693838238716 0.01899397000670433
v 0.08026199787855148 0.02988594025373459 0.02011799067258835
v 0.08024095743894577 0.02935897931456566 0.020909959450364113
v 0.08121997117996216 0.0370979905128479 0.0038009879644960165
v 0.08023399114608765 0.03597496822476387 0.0030489559285342693
v 0.08023499697446823 0.03588699921965599 0.0036089420318603516
v 0.08102195709943771 0.036292970180511475 -0.03332196921110153
v 0.0801459476351738 0.03545796126127243 -0.007827997207641602
v 0.08014798164367676 0.036059968173503876 -0.004376946948468685
v 0.08879995346069336 -0.041626978665590286 -0.03299998864531517
v 0.12601999938488007 -0.041726939380168915 -0.04470700025558472
v 0.12055999785661697 -0.04197198152542114 -0.02815997041761875
v 0.12601999938488007 -0.041726939380168915 -0.04470700025558472
v 0.11744990199804306 -0.04033796861767769 0.030424950644373894
v 0.12055999785661697 -0.04197198152542114 -0.02815997041761875
v 0.10294999927282333 -0.03995800018310547 0.030424950644373894
v 0.09791100025177002 -0.03982596844434738 0.03009497933089733
v 0.08799195289611816 -0.04171197861433029 -0.027785949409008026
v 0.09608399122953415 -0.03977799043059349 0.029387950897216797
v 0.09130799025297165 -0.039652999490499496 0.025813989341259003
v 0.08799195289611816 -0.04171197861433029 -0.027785949409008026
v 0.12603899836540222 -0.040853969752788544 -0.04862295836210251
v 0.13229000568389893 -0.021968960762023926 -0.05767296999692917
v 0.12601999938488007 -0.041726939380168915 -0.04470700025558472
v 0.13229000568389893 -0.021968960762023926 -0.05767296999692917
v 0.12547799944877625 -0.03949999064207077 -0.013185969553887844
v 0.12601999938488007 -0.041726939380168915 -0.04470700025558472
v 0.12547799944877625 -0.03949999064207077 -0.013185969553887844
v 0.12475000321865082 -0.04052894935011864 -0.01405095960944891
v 0.12601999938488007 -0.041726939380168915 -0.04470700025558472
v 0.12475000321865082 -0.04052894935011864 -0.01405095960944891
v 0.11744990199804306 -0.04033796861767769 0.030424950644373894
v 0.12601999938488007 -0.041726939380168915 -0.04470700025558472
v 0.11808899790048599 -0.01022398006170988 0.0339999683201313
v 0.1172889992594719 -0.011838969774544239 0.03614097088575363
v 0.11744990199804306 -0.04033796861767769 0.030424950644373894
v 0.1172889992594719 -0.011838969774544239 0.03614097088575363
v 0.11625900119543076 -0.006071983836591244 0.03752398118376732
v 0.11744990199804306 -0.04033796861767769 0.030424950644373894
v 0.11625900119543076 -0.006071983836591244 0.03752398118376732
v 0.10164900124073029 -0.03928095102310181 0.03173093870282173
v 0.11744990199804306 -0.04033796861767769 0.030424950644373894
v 0.1260679066181183 -0.03851199150085449 -0.05187999829649925
v 0.13229000568389893 -0.021968960762023926 -0.05767296999692917
v 0.12603899836540222 -0.040853969752788544 -0.04862295836210251
v 0.1315380036830902 -0.02042393945157528 -0.058522991836071014
v 0.132765993475914 -0.014046959578990936 -0.059055980294942856
v 0.13229000568389893 -0.021968960762023926 -0.05767296999692917
v 0.1261020004749298 -0.035077981650829315 -0.05395495146512985
v 0.13125300407409668 -0.021252980455756187 -0.05838698148727417
v 0.13229000568389893 -0.021968960762023926 -0.05767296999692917
v 0.13245299458503723 -0.021057959645986557 -0.05772893875837326
v 0.12494099885225296 -0.038875989615917206 -0.007330954074859619
v 0.12547799944877625 -0.03949999064207077 -0.013185969553887844
v 0.11878900229930878 0.006240963004529476 0.0339999683201313
v 0.1172889992594719 -0.011838969774544239 0.03614097088575363
v 0.11808899790048599 -0.01022398006170988 0.0339999683201313
v 0.11878900229930878 0.006240963004529476 0.0339999683201313
v 0.11888899654150009 0.008838950656354427 0.0339999683201313
v 0.1172889992594719 -0.011838969774544239 0.03614097088575363
v 0.11888899654150009 0.008838950656354427 0.0339999683201313
v 0.1172889992594719 0.005838990211486816 0.03757994994521141
v 0.1172889992594719 -0.011838969774544239 0.03614097088575363
v 0.1172889992594719 0.005838990211486816 0.03757994994521141
v 0.11625900119543076 -0.006071983836591244 0.03752398118376732
v 0.1172889992594719 -0.011838969774544239 0.03614097088575363
v 0.09883295744657516 -0.005940972827374935 0.03723800182342529
v 0.10249199718236923 -0.03359394893050194 0.03273797035217285
v 0.11625900119543076 -0.006071983836591244 0.03752398118376732
v 0.08690798282623291 -0.039537958800792694 0.018136970698833466
v 0.08611500263214111 -0.03932594880461693 0.01623797044157982
v 0.08476798981428146 -0.04153596982359886 -0.03284496068954468
v 0.08611500263214111 -0.03932594880461693 0.01623797044157982
v 0.08121699094772339 -0.03710395097732544 0.003801940940320492
v 0.08476798981428146 -0.04153596982359886 -0.03284496068954468
v 0.08139598369598389 -0.012665979564189911 0.03518199175596237
v 0.09521298855543137 -0.038920991122722626 0.030027979984879494
v 0.09775000065565109 -0.03934495896100998 0.030847959220409393
v 0.13131000101566315 -0.010315950028598309 -0.06010996922850609
v 0.132765993475914 -0.008052945137023926 -0.059691961854696274
v 0.132765993475914 -0.014046959578990936 -0.059055980294942856
v 0.132765993475914 -0.008052945137023926 -0.059691961854696274
v 0.132765993475914 0.0067139859311282635 -0.059786971658468246
v 0.132765993475914 0.012140979990363121 -0.059280991554260254
v 0.132765993475914 -0.008052945137023926 -0.059691961854696274
v 0.132765993475914 0.01271998044103384 -0.059226978570222855
v 0.132765993475914 -0.014046959578990936 -0.059055980294942856
v 0.132765993475914 0.01271998044103384 -0.059226978570222855
v 0.13276490569114685 0.019999980926513672 -0.058074951171875
v 0.132765993475914 -0.014046959578990936 -0.059055980294942856
v 0.13276490569114685 0.019999980926513672 -0.058074951171875
v 0.13181200623512268 0.0418739914894104 -0.03899997100234032
v 0.132765993475914 -0.014046959578990936 -0.059055980294942856
v 0.13181200623512268 0.0418739914894104 -0.03899997100234032
v 0.12995000183582306 0.0026259419973939657 -0.029714999720454216
v 0.132765993475914 -0.014046959578990936 -0.059055980294942856
v 0.12995000183582306 0.0026259419973939657 -0.029714999720454216
v 0.13245299458503723 -0.021057959645986557 -0.05772893875837326
v 0.132765993475914 -0.014046959578990936 -0.059055980294942856
v 0.11806699633598328 0.01173597015440464 0.03618896007537842
v 0.1172889992594719 0.005838990211486816 0.03757994994521141
v 0.11888899654150009 0.008838950656354427 0.0339999683201313
v 0.11991199851036072 0.028015969321131706 0.03244799003005028
v 0.11806699633598328 0.01173597015440464 0.03618896007537842
v 0.11888899654150009 0.008838950656354427 0.0339999683201313
v 0.11932499706745148 0.03956096991896629 0.03221499174833298
v 0.09883295744657516 0.005940972827374935 0.03723800182342529
v 0.1172889992594719 0.005838990211486816 0.03757994994521141
v 0.11806699633598328 0.01173597015440464 0.03618896007537842
v 0.11932499706745148 0.03956096991896629 0.03221499174833298
v 0.1172889992594719 0.005838990211486816 0.03757994994521141
v 0.08121997117996216 0.0370979905128479 0.0038009879644960165
v 0.08607298135757446 0.03932594880461693 0.01584899052977562
v 0.08481097221374512 0.04140698164701462 -0.031504981219768524
v 0.08607298135757446 0.03932594880461693 0.01584899052977562
v 0.08674895018339157 0.039412971585989 0.019400950521230698
v 0.08481097221374512 0.04140698164701462 -0.031504981219768524
v 0.13276490569114685 0.019999980926513672 -0.058074951171875
v 0.13102500140666962 0.041816938668489456 -0.04193698987364769
v 0.13181200623512268 0.0418739914894104 -0.03899997100234032
v 0.12017499655485153 0.04197198152542114 -0.02797096036374569
v 0.11932499706745148 0.04038697108626366 0.031230980530381203
v 0.13181200623512268 0.0418739914894104 -0.03899997100234032
v 0.11932499706745148 0.04038697108626366 0.031230980530381203
v 0.12818799912929535 0.04061894863843918 -0.011412969790399075
v 0.13181200623512268 0.0418739914894104 -0.03899997100234032
v 0.11932499706745148 0.03956096991896629 0.03221499174833298
v 0.11806699633598328 0.01173597015440464 0.03618896007537842
v 0.11991199851036072 0.028015969321131706 0.03244799003005028
v 0.08447200059890747 -0.041200991719961166 -0.03283094987273216
v 0.08014500141143799 -0.03631699085235596 -0.0019479990005493164
v 0.08013998717069626 -0.036303989589214325 -0.0026079409290105104
v 0.08014296740293503 -0.034217000007629395 0.012192959897220135
v 0.08624999970197678 -0.03921794146299362 0.018316980451345444
v 0.08740997314453125 -0.039108991622924805 0.021987970918416977
v 0.14291299879550934 -0.03170299157500267 0.027673950418829918
v 0.11679600179195404 -0.041562970727682114 -0.026542959734797478
v 0.10249199718236923 -0.03359394893050194 0.03273797035217285
v 0.08098798245191574 0.012549989856779575 0.03485900163650513
v 0.08030097931623459 0.010517950169742107 0.034317970275878906
v 0.08026397228240967 0.008123992942273617 0.03508995845913887
v 0.0809829831123352 0.023602960631251335 0.028530949726700783
v 0.08023697137832642 0.02350996993482113 0.027427969500422478
v 0.08022098988294601 0.02292495034635067 0.027917979285120964
v 0.08114998787641525 0.03353399038314819 0.01610296033322811
v 0.0801379606127739 0.034215979278087616 0.012184970080852509
v 0.08014696091413498 0.03409897908568382 0.01242494024336338
v 0.08096896857023239 -0.01265196967869997 0.034781988710165024
v 0.0802529975771904 -0.007734000217169523 0.03519998863339424
v 0.0803079605102539 -0.010490000247955322 0.03432798013091087
v 0.1325010061264038 0.021142950281500816 -0.05775897949934006
v 0.1260679066181183 0.03851199150085449 -0.05187999829649925
v 0.13102500140666962 0.041816938668489456 -0.04193698987364769
v 0.08132796734571457 0.035969968885183334 0.01014493964612484
v 0.0801379606127739 0.03422795981168747 0.012151000089943409
v 0.08617395162582397 0.03924094885587692 0.017865950241684914
v 0.1260679066181183 0.03851199150085449 -0.05187999829649925
v 0.12603899836540222 0.040853969752788544 -0.04862295836210251
v 0.13102500140666962 0.041816938668489456 -0.04193698987364769
v 0.12603899836540222 0.040853969752788544 -0.04862295836210251
v 0.12601999938488007 0.041726939380168915 -0.04470700025558472
v 0.13102500140666962 0.041816938668489456 -0.04193698987364769
v 0.08111000061035156 0.03644198179244995 0.006923973094671965
v 0.08023499697446823 0.03494495153427124 0.009059964679181576
v 0.08022098988294601 0.03482997044920921 0.009588955901563168
v 0.09094595164060593 0.04169296845793724 -0.026833949610590935
v 0.11932499706745148 0.04038697108626366 0.031230980530381203
v 0.12017499655485153 0.04197198152542114 -0.02797096036374569
v 0.09094595164060593 0.04169296845793724 -0.026833949610590935
v 0.08657395094633102 0.041680991649627686 -0.028898950666189194
v 0.11932499706745148 0.04038697108626366 0.031230980530381203
v 0.08740997314453125 -0.039108991622924805 0.021987970918416977
v 0.08016198128461838 -0.03395998105406761 0.012723979540169239
v 0.08014296740293503 -0.034217000007629395 0.012192959897220135
v 0.08123999089002609 -0.03211294859647751 0.01899193972349167
v 0.08023499697446823 -0.0329439602792263 0.014813950285315514
v 0.08021699637174606 -0.03323096036911011 0.014230960048735142
v 0.08790898323059082 0.03956395015120506 0.02112399972975254
v 0.08969496935606003 0.039610978215932846 0.024183979257941246
v 0.08657395094633102 0.041680991649627686 -0.028898950666189194
v 0.08969496935606003 0.039610978215932846 0.024183979257941246
v 0.09240894764661789 0.039681971073150635 0.027069980278611183
v 0.08657395094633102 0.041680991649627686 -0.028898950666189194
v 0.0986359715461731 0.03984497860074043 0.030028989538550377
v 0.10249199718236923 0.03994596004486084 0.030859939754009247
v 0.08657395094633102 0.041680991649627686 -0.028898950666189194
v 0.0809829831123352 -0.023602960631251335 0.028530949726700783
v 0.08023995161056519 -0.023960940539836884 0.027001969516277313
v 0.08023297041654587 -0.024373939260840416 0.02662700042128563
v 0.132765993475914 0.00558698084205389 -0.059852950274944305
v 0.13132800161838531 0.004979968070983887 -0.06049596890807152
v 0.132765993475914 0.0067139859311282635 -0.059786971658468246
v 0.088438980281353 -0.03914498910307884 0.023797979578375816
v 0.08122897148132324 -0.026169950142502785 0.02658396027982235
v 0.08017998188734055 -0.026124950498342514 0.024985959753394127
v 0.1261020004749298 0.035077981650829315 -0.05395495146512985
v 0.13187900185585022 0.02238297089934349 -0.05750900134444237
v 0.13097800314426422 0.02206498011946678 -0.05817699059844017
v 0.09179698675870895 0.038815971463918686 0.027828989550471306
v 0.09037797898054123 0.03920698165893555 0.02626298926770687
v 0.08121699094772339 0.021205959841609 0.03068297915160656
v 0.14291389286518097 0.03340797871351242 0.025241969153285027
v 0.14287599921226501 0.035223960876464844 0.02486795000731945
v 0.14293189346790314 0.03176695108413696 0.027276989072561264
v 0.14166800677776337 -0.038527961820364 0.02730095013976097
v 0.14197799563407898 -0.03812098130583763 0.026324979960918427
v 0.14165499806404114 -0.03832000121474266 0.02935599908232689
v 0.14213000237941742 0.03700399026274681 0.03074496053159237
v 0.14117300510406494 0.03821396082639694 0.032284971326589584
v 0.1415500044822693 0.03753596171736717 0.03240596875548363
v 0.14081500470638275 0.027770990505814552 0.03451395034790039
v 0.14280100166797638 0.03616195172071457 -0.017433999106287956
v 0.14293189346790314 0.03176695108413696 0.027276989072561264
v 0.14235800504684448 0.034851960837841034 0.03172396868467331
v 0.14285799860954285 0.03170299157500267 0.028463000431656837
v 0.14287599921226501 0.035223960876464844 0.02486795000731945
v 0.14235800504684448 0.034851960837841034 0.03172396868467331
v 0.14260199666023254 0.032712988555431366 0.03048098087310791
v 0.14285799860954285 0.03170299157500267 0.028463000431656837
v 0.14260199666023254 0.032712988555431366 0.03048098087310791
v 0.1427229940891266 0.03214197978377342 0.0295219998806715
v 0.14285799860954285 0.03170299157500267 0.028463000431656837
v 0.1427229940891266 0.03214197978377342 0.0295219998806715
v 0.1418910026550293 0.030119000002741814 0.03352396935224533
v 0.14285799860954285 0.03170299157500267 0.028463000431656837
v 0.1418910026550293 0.030119000002741814 0.03352396935224533
v 0.14081500470638275 0.027770990505814552 0.03451395034790039
v 0.14285799860954285 0.03170299157500267 0.028463000431656837
v 0.14125700294971466 0.03521895036101341 0.03347998112440109
v 0.1359499990940094 0.02781200036406517 0.03440796956419945
v 0.14081500470638275 0.027770990505814552 0.03451395034790039
v 0.1359499990940094 0.03848695009946823 -0.019168969243764877
v 0.14003999531269073 0.037656959146261215 -0.019074970856308937
v 0.14280100166797638 0.03616195172071457 -0.017433999106287956
v 0.14003999531269073 0.037656959146261215 -0.019074970856308937
v 0.1412149965763092 0.03843795880675316 -0.01817196048796177
v 0.14280100166797638 0.03616195172071457 -0.017433999106287956
v 0.13679799437522888 0.04084198921918869 0.028930960223078728
v 0.13679400086402893 0.04084395989775658 0.02675097994506359
v 0.11932499706745148 0.04038697108626366 0.031230980530381203
v 0.14213000237941742 0.03700399026274681 0.03074496053159237
v 0.14287599921226501 0.035223960876464844 0.02486795000731945
v 0.14275899529457092 0.03627096861600876 0.024973979219794273
v 0.13679300248622894 0.04084395989775658 0.026324979960918427
v 0.13251790404319763 0.0407329685986042 0.01886296086013317
v 0.11932499706745148 0.04038697108626366 0.031230980530381203
v 0.13251790404319763 0.0407329685986042 0.01886296086013317
v 0.1359499990940094 0.04082195833325386 -0.017497949302196503
v 0.11932499706745148 0.04038697108626366 0.031230980530381203
v 0.1429498940706253 -0.03238296136260033 -0.018412940204143524
v 0.14292700588703156 -0.03258800134062767 0.02587698958814144
v 0.1429498940706253 -0.0348469614982605 -0.017517980188131332
v 0.13679400086402893 0.04084395989775658 0.02675097994506359
v 0.1368509978055954 0.040838949382305145 0.03097998909652233
v 0.13681499660015106 0.04084496945142746 -0.017528949305415154
v 0.14049890637397766 0.037536971271038055 0.03312397003173828
v 0.1359499990940094 0.02781200036406517 0.03440796956419945
v 0.14125700294971466 0.03521895036101341 0.03347998112440109
v 0.12818799912929535 0.04061894863843918 -0.011412969790399075
v 0.1359499990940094 0.04051493853330612 -0.018189959228038788
v 0.1359499990940094 0.03848695009946823 -0.019168969243764877
v 0.14213000237941742 0.03700399026274681 0.03074496053159237
v 0.14247100055217743 0.03717594966292381 0.02536397986114025
v 0.1416819989681244 0.038238998502492905 0.029489990323781967
v 0.14197799563407898 0.03812098130583763 0.026324979960918427
v 0.1416819989681244 0.038238998502492905 0.029489990323781967
v 0.14247100055217743 0.03717594966292381 0.02536397986114025
v 0.13758589327335358 -0.03981399163603783 0.032667990773916245
v 0.13948699831962585 -0.038812991231679916 0.032880958169698715
v 0.14050790667533875 -0.03754299134016037 0.0331229493021965
v 0.1415330022573471 0.03871899098157883 -0.017451999709010124
v 0.14197799563407898 0.03812098130583763 0.026324979960918427
v 0.14247100055217743 0.03717594966292381 0.02536397986114025
v 0.13819600641727448 0.03977596014738083 0.03264397010207176
v 0.13604900240898132 0.04007697105407715 0.032554980367422104
v 0.14049890637397766 0.037536971271038055 0.03312397003173828
v 0.11932499706745148 0.04038697108626366 0.031230980530381203
v 0.12818799912929535 0.04061894863843918 -0.011412969790399075
v 0.11744990199804306 0.04033796861767769 0.030424950644373894
v 0.08016300201416016 0.03019499033689499 -0.020192980766296387
v 0.0801459476351738 0.03181295841932297 -0.017605960369110107
v 0.08102195709943771 0.036292970180511475 -0.03332196921110153
v 0.080237977206707 -0.03495895117521286 0.009060977958142757
v 0.08023595064878464 -0.03507297858595848 0.00845795776695013
v 0.08112096041440964 -0.03645199164748192 0.006926952861249447
v 0.08023101091384888 -0.031447939574718475 0.01759897917509079
v 0.08031398057937622 -0.032693978399038315 0.014777950011193752
v 0.08031398057937622 -0.02972595952451229 0.020090989768505096
v 0.08026199787855148 0.02988594025373459 0.02011799067258835
v 0.08024095743894577 0.02935897931456566 0.020909959450364113
v 0.08030295372009277 0.029731979593634605 0.020094990730285645
v 0.08015096187591553 0.01893394999206066 0.030759990215301514
v 0.08015096187591553 0.018941989168524742 0.030754979699850082
v 0.07991600036621094 0.020359989255666733 0.03116399049758911
v 0.08015698194503784 -0.026181990280747414 -0.025076979771256447
v 0.08030295372009277 -0.023708989843726158 -0.026938969269394875
v 0.08030295372009277 -0.027919940650463104 -0.022543959319591522
v 0.08014696091413498 0.02622300013899803 -0.02511196956038475
v 0.08031398057937622 0.027915000915527344 -0.02253996953368187
v 0.08031398057937622 0.023703990504145622 -0.02693294920027256
v 0.0801459476351738 -0.036311980336904526 4.8999998398358e-05
v 0.08015000075101852 -0.03629899024963379 0.00032900000223889947
v 0.07984399050474167 -0.037328001111745834 0.0
v 0.08022599667310715 -0.03552298992872238 0.0060249557718634605
v 0.08022599667310715 -0.03550899028778076 0.00610798504203558
v 0.07992798089981079 -0.036470938473939896 0.006140946876257658
v 0.0800819918513298 -0.034226950258016586 -0.012777980417013168
v 0.07984399050474167 -0.0353049598634243 -0.012119939550757408
v 0.08009599894285202 -0.03390495851635933 -0.013544970192015171
v 0.0801379606127739 0.034221939742565155 0.012170970439910889
v 0.0801379606127739 0.03422795981168747 0.012151000089943409
v 0.07984399050474167 0.0353049598634243 0.012119939550757408
v 0.08014798164367676 -0.03547399863600731 -0.007792949210852385
v 0.08031398057937622 -0.03574895113706589 -0.003042994998395443
v 0.08014798164367676 -0.036059968173503876 -0.0043759942054748535
v 0.08017998188734055 -0.026124950498342514 0.024985959753394127
v 0.08017998188734055 -0.026077980175614357 0.02503800019621849
v 0.07991600036621094 -0.02738695964217186 0.025211980566382408
v 0.08015698194503784 -0.02156895026564598 -0.029137959703803062
v 0.08030295372009277 -0.01881497912108898 -0.030557990074157715
v 0.08030295372009277 -0.023708989843726158 -0.026938969269394875
v 0.08030295372009277 0.035757001489400864 0.003042994998395443
v 0.08031398057937622 0.03574895113706589 -0.003042994998395443
v 0.08014798164367676 0.03629695996642113 0.00031999999191612005
v 0.0801999494433403 -0.013421949930489063 -0.03340296819806099
v 0.08030295372009277 -0.01881497912108898 -0.030557990074157715
v 0.08015400171279907 -0.01630895957350731 -0.03232795000076294
v 0.08014696091413498 0.02160595916211605 -0.029177960008382797
v 0.08031398057937622 0.023703990504145622 -0.02693294920027256
v 0.08031398057937622 0.018810980021953583 -0.0305519700050354
v 0.08031398057937622 0.018810980021953583 -0.0305519700050354
v 0.08021301031112671 0.01341794990003109 -0.03339295834302902
v 0.08014398068189621 0.016300970688462257 -0.03240197151899338
v 0.08014798164367676 0.036059968173503876 -0.004376946948468685
v 0.0801459476351738 0.03545796126127243 -0.007827997207641602
v 0.07992798089981079 0.036470938473939896 -0.006140946876257658
v 0.08013898134231567 0.004229961894452572 0.03602099046111107
v 0.08021301031112671 0.0015269509749487042 0.03595596179366112
v 0.08031398057937622 0.007558940909802914 0.03507297858595848
v 0.08022695034742355 0.035484958440065384 0.006094992160797119
v 0.08022695034742355 0.035492949187755585 0.006049990188330412
v 0.07992798089981079 0.036470938473939896 0.006140946876257658
v 0.08023595064878464 -0.0292659904807806 0.021097000688314438
v 0.08026199787855148 -0.029917949810624123 0.020119959488511086
v 0.08123999089002609 -0.03211294859647751 0.01899193972349167
v 0.08018194884061813 -0.02828299067914486 0.02253895066678524
v 0.08740997314453125 -0.039108991622924805 0.021987970918416977
v 0.08017700165510178 -0.02817499078810215 0.022693989798426628
v 0.0802149698138237 0.03319697827100754 0.014274000190198421
v 0.08023195713758469 0.0329279787838459 0.014813950285315514
v 0.08124899119138718 0.03211693838238716 0.01899397000670433
v 0.08023595064878464 -0.0292659904807806 0.021097000688314438
v 0.08026199787855148 -0.029917949810624123 0.020119959488511086
v 0.08031398057937622 -0.02972595952451229 0.020090989768505096
v 0.08013396710157394 -0.004251956008374691 0.036017950624227524
v 0.08017700165510178 -0.0014039869420230389 0.03606896847486496
v 0.07991600036621094 0.0 0.037224940955638885
v 0.08018498867750168 0.0013809800148010254 0.036077968776226044
v 0.08017700165510178 -0.0014039869420230389 0.03606896847486496
v 0.08117300271987915 0.0 0.037152938544750214
v 0.08012700080871582 0.009373961947858334 -0.03516494855284691
v 0.08021301031112671 0.01341794990003109 -0.03339295834302902
v 0.08031398057937622 0.007558940909802914 -0.03507297858595848
v 0.08007997274398804 0.034222960472106934 -0.012753959745168686
v 0.08030295372009277 0.03472799062728882 -0.009041965007781982
v 0.08030295372009277 0.03269999846816063 -0.014780989848077297
v 0.08014196157455444 -0.03422999009490013 0.0121609503403306
v 0.08014296740293503 -0.034217000007629395 0.012192959897220135
v 0.07984399050474167 -0.0353049598634243 0.012119939550757408
v 0.08017896860837936 0.028105970472097397 0.022733980789780617
v 0.08017998188734055 0.028148939833045006 0.022682959213852882
v 0.07991600036621094 0.02738695964217186 0.025211980566382408
v 0.08014196157455444 -0.03422999009490013 0.0121609503403306
v 0.08132796734571457 -0.035969968885183334 0.01014493964612484
v 0.08624999970197678 -0.03921794146299362 0.018316980451345444
v 0.08016996830701828 -0.021469950675964355 0.029071979224681854
v 0.08030295372009277 -0.023708989843726158 0.026938969269394875
v 0.08014696091413498 -0.018935969099402428 0.030785970389842987
v 0.08023101091384888 0.03142993897199631 0.01757699064910412
v 0.08030295372009277 0.029731979593634605 0.020094990730285645
v 0.08030295372009277 0.03269999846816063 0.014780989848077297
v 0.0801459476351738 -0.035242971032857895 -0.00908499862998724
v 0.08012998104095459 -0.03494900092482567 -0.01024395041167736
v 0.08102499693632126 -0.03632098063826561 -0.03323400020599365
v 0.08023595064878464 -0.03598998859524727 0.0030489559285342693
v 0.08021997660398483 -0.03606497868895531 0.002434968017041683
v 0.08121699094772339 -0.03710395097732544 0.003801940940320492
v 0.06124395132064819 -0.02509397082030773 -0.028659990057349205
v 0.0559999905526638 -0.025465959683060646 -0.027662990614771843
v 0.0559999905526638 -0.023093989118933678 -0.029671959578990936
v 0.061217959970235825 -0.03352295979857445 -0.01808594912290573
v 0.06124395132064819 -0.035043951123952866 -0.014933999627828598
v 0.05576198920607567 -0.03432898968458176 -0.015057980082929134
v 0.07944995164871216 -0.037086959928274155 0.006188988219946623
v 0.07423198223114014 -0.03736494854092598 0.007401943206787109
v 0.07421600073575974 -0.03788799047470093 0.003940999042242765
v 0.07423198223114014 -0.0010979770449921489 0.03807497024536133
v 0.07420598715543747 -0.004588961135596037 0.03781598061323166
v 0.07944995164871216 -0.003104984061792493 0.0374719500541687
v 0.07944995164871216 -0.037086959928274155 -0.006188988219946623
v 0.07944995164871216 -0.0374719500541687 -0.003104984061792493
v 0.07422398775815964 -0.03788696974515915 -0.003940999042242765
v 0.07422398775815964 0.03788696974515915 0.003940999042242765
v 0.07420598715543747 0.03736697882413864 0.007401943206787109
v 0.07944995164871216 0.037086959928274155 0.006188988219946623
v 0.07420598715543747 -0.02054196037352085 0.032079990953207016
v 0.07944995164871216 -0.0205649696290493 0.03147697076201439
v 0.07944995164871216 -0.01789598912000656 0.03306800127029419
v 0.07420598715543747 -0.02509397082030773 0.028659990057349205
v 0.07944995164871216 -0.025465959683060646 0.027662990614771843
v 0.07944995164871216 -0.023093989118933678 0.029671959578990936
v 0.08031398057937622 0.023703990504145622 0.02693294920027256
v 0.08030295372009277 0.029731979593634605 0.020094990730285645
v 0.08017896860837936 0.028105970472097397 0.022733980789780617
v 0.08030295372009277 0.029731979593634605 0.020094990730285645
v 0.08024095743894577 0.02935897931456566 0.020909959450364113
v 0.08018296211957932 0.028227979317307472 0.022570960223674774
v 0.08017896860837936 0.028105970472097397 0.022733980789780617
v 0.08018296211957932 0.028227979317307472 0.022570960223674774
v 0.08017998188734055 0.02816998027265072 0.022654950618743896
v 0.08030295372009277 0.029731979593634605 0.020094990730285645
v 0.08018296211957932 0.028227979317307472 0.022570960223674774
v 0.08017896860837936 0.028105970472097397 0.022733980789780617
v 0.08017998188734055 0.02816998027265072 0.022654950618743896
v 0.08017998188734055 0.028148939833045006 0.022682959213852882
v 0.08017896860837936 0.028105970472097397 0.022733980789780617
v 0.08017896860837936 0.028105970472097397 0.022733980789780617
v 0.08017700165510178 0.02617298997938633 0.024966949597001076
v 0.08031398057937622 0.023703990504145622 0.02693294920027256
v 0.08017700165510178 0.02617298997938633 0.024966949597001076
v 0.08017700165510178 0.026151949539780617 0.024990970268845558
v 0.08031398057937622 0.023703990504145622 0.02693294920027256
v 0.08017700165510178 0.026151949539780617 0.024990970268845558
v 0.08017700165510178 0.026087990030646324 0.025060949847102165
v 0.08018100261688232 0.02594899944961071 0.025192970409989357
v 0.08018100261688232 0.02594899944961071 0.025192970409989357
v 0.08023101091384888 0.024468950927257538 0.026575980708003044
v 0.08031398057937622 0.023703990504145622 0.02693294920027256
v 0.07423198223114014 0.0010979770449921489 -0.03807497024536133
v 0.07420598715543747 0.004588961135596037 -0.03781598061323166
v 0.07944995164871216 0.003104984061792493 -0.0374719500541687
v 0.07423198223114014 0.012272000312805176 -0.036059968173503876
v 0.07420598715543747 0.01553099974989891 -0.03478293865919113
v 0.07944995164871216 0.015103990212082863 -0.03443294018507004
v 0.05576198920607567 0.027579959481954575 -0.02538895048201084
v 0.061217959970235825 0.029083959758281708 -0.024598000571131706
v 0.06124395132064819 0.026704959571361542 -0.027165940031409264
v 0.0559999905526638 -0.009229958057403564 0.03644895181059837
v 0.061217959970235825 -0.010172960348427296 0.03670698031783104
v 0.06124395132064819 -0.00676196813583374 0.037488989531993866
v 0.08031398057937622 -0.03574895113706589 0.003042994998395443
v 0.08031398057937622 -0.034720949828624725 0.009040950797498226
v 0.08022599667310715 -0.03552298992872238 0.0060249557718634605
v 0.08031398057937622 -0.034720949828624725 0.009040950797498226
v 0.08023595064878464 -0.03507297858595848 0.00845795776695013
v 0.08022599667310715 -0.03550899028778076 0.00610798504203558
v 0.08022599667310715 -0.03552298992872238 0.0060249557718634605
v 0.08031398057937622 -0.034720949828624725 0.009040950797498226
v 0.08022599667310715 -0.03550899028778076 0.00610798504203558
v 0.05576198920607567 0.023024970665574074 0.029581960290670395
v 0.061217959970235825 0.02235596999526024 0.030839970335364342
v 0.06124395132064819 0.02509397082030773 0.028659990057349205
v 0.08030295372009277 0.03269999846816063 0.014780989848077297
v 0.08030295372009277 0.03472799062728882 0.009041965007781982
v 0.08015596121549606 0.033971961587667465 0.012686960399150848
v 0.08030295372009277 0.03472799062728882 0.009041965007781982
v 0.08022098988294601 0.03482997044920921 0.009588955901563168
v 0.08015400171279907 0.034379951655864716 0.011558939702808857
v 0.08014696091413498 0.03409897908568382 0.01242494024336338
v 0.08014296740293503 0.03428798168897629 0.011924980208277702
v 0.0801379606127739 0.034221939742565155 0.012170970439910889
v 0.08015400171279907 0.034379951655864716 0.011558939702808857
v 0.08014296740293503 0.03428798168897629 0.011924980208277702
v 0.08014696091413498 0.03409897908568382 0.01242494024336338
v 0.08015596121549606 0.033971961587667465 0.012686960399150848
v 0.08014296740293503 0.03428798168897629 0.011924980208277702
v 0.0801379606127739 0.03422795981168747 0.012151000089943409
v 0.0801379606127739 0.034221939742565155 0.012170970439910889
v 0.0801379606127739 0.034221939742565155 0.012170970439910889
v 0.0801379606127739 0.034215979278087616 0.012184970080852509
v 0.08014696091413498 0.03409897908568382 0.01242494024336338
v 0.08014696091413498 0.03409897908568382 0.01242494024336338
v 0.08015596121549606 0.033971961587667465 0.012686960399150848
v 0.08015400171279907 0.034379951655864716 0.011558939702808857
v 0.07994996756315231 0.031058959662914276 0.020291980355978012
v 0.07991600036621094 0.02738695964217186 0.025211980566382408
v 0.08024095743894577 0.02935897931456566 0.020909959450364113
v 0.061217959970235825 0.03352295979857445 0.01808594912290573
v 0.06124395132064819 0.035043951123952866 0.014933999627828598
v 0.05576198920607567 0.03432898968458176 0.015057980082929134
v 0.05576198920607567 0.015057980082929134 -0.03432898968458176
v 0.061217959970235825 0.01553099974989891 -0.034780971705913544
v 0.06124395132064819 0.012272950261831284 -0.03606199845671654
v 0.0801459476351738 0.03545796126127243 -0.007827997207641602
v 0.08014798164367676 0.036059968173503876 -0.004376946948468685
v 0.08031398057937622 0.03574895113706589 -0.003042994998395443
v 0.07420598715543747 0.03352499008178711 0.018086960539221764
v 0.07944995164871216 0.03306800127029419 0.01789598912000656
v 0.07944995164871216 0.03443294018507004 0.015103990212082863
v 0.07984399050474167 0.037328001111745834 0.0
v 0.08021897077560425 0.036044951528310776 0.002484977012500167
v 0.08014798164367676 0.03629695996642113 0.00031999999191612005
v 0.08014500141143799 0.036306969821453094 0.0
v 0.08014696091413498 0.036309000104665756 -0.0019629590678960085
v 0.07984399050474167 0.037328001111745834 0.0
v 0.08009599894285202 -0.03390495851635933 -0.013544970192015171
v 0.08031398057937622 -0.032693978399038315 -0.014777950011193752
v 0.0800819918513298 -0.034226950258016586 -0.012777980417013168
v 0.08031398057937622 -0.032693978399038315 -0.014777950011193752
v 0.08031398057937622 -0.034720949828624725 -0.009040950797498226
v 0.0800819918513298 -0.034226950258016586 -0.012777980417013168
v 0.08031398057937622 -0.034720949828624725 0.009040950797498226
v 0.08031398057937622 -0.032693978399038315 0.014777950011193752
v 0.08015900105237961 -0.03438996896147728 0.011539990082383156
v 0.08031398057937622 -0.032693978399038315 0.014777950011193752
v 0.08021699637174606 -0.03323096036911011 0.014230960048735142
v 0.08016198128461838 -0.03395998105406761 0.012723979540169239
v 0.08015900105237961 -0.03438996896147728 0.011539990082383156
v 0.08016198128461838 -0.03395998105406761 0.012723979540169239
v 0.08014798164367676 -0.03429495915770531 0.011917940340936184
v 0.08016198128461838 -0.03395998105406761 0.012723979540169239
v 0.08014296740293503 -0.034217000007629395 0.012192959897220135
v 0.08014798164367676 -0.03429495915770531 0.011917940340936184
v 0.08014296740293503 -0.034217000007629395 0.012192959897220135
v 0.08014196157455444 -0.03422999009490013 0.0121609503403306
v 0.08014798164367676 -0.03429495915770531 0.011917940340936184
v 0.08015900105237961 -0.03438996896147728 0.011539990082383156
v 0.08022397011518478 -0.03483295068144798 0.009631991386413574
v 0.08031398057937622 -0.034720949828624725 0.009040950797498226
v 0.07423198223114014 0.03352295979857445 -0.01808594912290573
v 0.07420598715543747 0.035043951123952866 -0.014933999627828598
v 0.07944995164871216 0.03443294018507004 -0.015103990212082863
v 0.05576198920607567 0.0313829705119133 -0.020502980798482895
v 0.061217959970235825 0.03242497891187668 -0.019988950341939926
v 0.06124395132064819 0.03045498952269554 -0.02288197912275791
v 0.07984399050474167 0.03418397158384323 0.014993960037827492
v 0.07994996756315231 0.031058959662914276 0.020291980355978012
v 0.08023101091384888 0.03142993897199631 0.01757699064910412
v 0.07994996756315231 0.031058959662914276 0.020291980355978012
v 0.08026199787855148 0.02988594025373459 0.02011799067258835
v 0.08023101091384888 0.03142993897199631 0.01757699064910412
v 0.061217959970235825 -0.03045295923948288 -0.02288096956908703
v 0.06124395132064819 -0.032426949590444565 -0.01998995989561081
v 0.05576198920607567 -0.0313829705119133 -0.020502980798482895
v 0.0559999905526638 -0.003104984061792493 0.0374719500541687
v 0.061217959970235825 -0.004588961135596037 0.03781396150588989
v 0.06124395132064819 -0.001098989974707365 0.0380779504776001
v 0.07994996756315231 -0.031058959662914276 0.020291980355978012
v 0.08026199787855148 -0.029917949810624123 0.020119959488511086
v 0.08023595064878464 -0.0292659904807806 0.021097000688314438
v 0.08031398057937622 -0.02972595952451229 0.020090989768505096
v 0.08030295372009277 -0.023708989843726158 0.026938969269394875
v 0.08017998188734055 -0.026077980175614357 0.02503800019621849
v 0.08030295372009277 -0.023708989843726158 0.026938969269394875
v 0.08023297041654587 -0.024373939260840416 0.02662700042128563
v 0.08018296211957932 -0.02597098983824253 0.025138970464468002
v 0.08031398057937622 -0.02972595952451229 0.020090989768505096
v 0.08017998188734055 -0.026077980175614357 0.02503800019621849
v 0.08018194884061813 -0.02828299067914486 0.02253895066678524
v 0.08018296211957932 -0.02597098983824253 0.025138970464468002
v 0.08017998188734055 -0.026077980175614357 0.02503800019621849
v 0.08030295372009277 -0.023708989843726158 0.026938969269394875
v 0.08017998188734055 -0.026077980175614357 0.02503800019621849
v 0.08017998188734055 -0.026124950498342514 0.024985959753394127
v 0.08017700165510178 -0.02817499078810215 0.022693989798426628
v 0.08017700165510178 -0.02817499078810215 0.022693989798426628
v 0.08018194884061813 -0.02828299067914486 0.02253895066678524
v 0.08017998188734055 -0.026077980175614357 0.02503800019621849
v 0.07423198223114014 0.03045295923948288 -0.02288096956908703
v 0.07420598715543747 0.032426949590444565 -0.01998995989561081
v 0.07944995164871216 0.03147697076201439 -0.0205649696290493
v 0.07984399050474167 -0.027462949976325035 -0.025280950590968132
v 0.08016598224639893 -0.024828970432281494 -0.026443950831890106
v 0.08015698194503784 -0.026181990280747414 -0.025076979771256447
v 0.07984399050474167 -0.02292698062956333 -0.0294569693505764
v 0.08016394823789597 -0.020055940374732018 -0.03022599034011364
v 0.08015698194503784 -0.02156895026564598 -0.029137959703803062
v 0.07994996756315231 -0.017657989636063576 -0.03262798860669136
v 0.08015196770429611 -0.01424098014831543 -0.03325295075774193
v 0.08015400171279907 -0.01628297008574009 -0.03233999013900757
v 0.08015400171279907 -0.01630895957350731 -0.03232795000076294
v 0.0801689624786377 -0.01837497018277645 -0.0313449501991272
v 0.07994996756315231 -0.017657989636063576 -0.03262798860669136
v 0.08014798164367676 -0.01890294998884201 0.030802959576249123
v 0.08021301031112671 -0.016201969236135483 0.032134950160980225
v 0.07991600036621094 -0.020359989255666733 0.03116399049758911
v 0.07991600036621094 -0.020359989255666733 0.03116399049758911
v 0.08022499084472656 -0.023029979318380356 0.02779597043991089
v 0.08017098158597946 -0.02153599075973034 0.029023999348282814
v 0.07991600036621094 -0.020359989255666733 0.03116399049758911
v 0.08017098158597946 -0.02153599075973034 0.029023999348282814
v 0.08016996830701828 -0.021469950675964355 0.029071979224681854
v 0.08014696091413498 -0.018935969099402428 0.030785970389842987
v 0.08014798164367676 -0.01890294998884201 0.030802959576249123
v 0.07991600036621094 -0.020359989255666733 0.03116399049758911
v 0.07991600036621094 -0.020359989255666733 0.03116399049758911
v 0.08016996830701828 -0.021469950675964355 0.029071979224681854
v 0.08014696091413498 -0.018968990072607994 0.03076498955488205
v 0.05587499961256981 -0.037053998559713364 -0.006182968150824308
v 0.061217959970235825 -0.03736494854092598 -0.007401943206787109
v 0.061233989894390106 -0.03788799047470093 -0.003940999042242765
v 0.07421600073575974 0.03788799047470093 -0.003940999042242765
v 0.07944995164871216 0.0374719500541687 -0.003104984061792493
v 0.07944995164871216 0.037086959928274155 -0.006188988219946623
v 0.05587499961256981 -0.037053998559713364 0.006182968150824308
v 0.05576198920607567 -0.03735899180173874 0.0030959839932620525
v 0.061225950717926025 -0.03788696974515915 0.003940999042242765
v 0.07944995164871216 -0.01789598912000656 -0.03306800127029419
v 0.07944995164871216 -0.0205649696290493 -0.03147697076201439
v 0.07423198223114014 -0.020540950819849968 -0.032077960669994354
v 0.07994996756315231 0.017657989636063576 -0.03262798860669136
v 0.08015798777341843 0.018317990005016327 -0.03143893927335739
v 0.08014398068189621 0.01634299010038376 -0.03238296136260033
v 0.08014398068189621 0.016300970688462257 -0.03240197151899338
v 0.08014398068189621 0.014522960409522057 -0.03319400176405907
v 0.07984399050474167 0.02292698062956333 -0.0294569693505764
v 0.08015798777341843 0.023445960134267807 -0.02777194045484066
v 0.08014696091413498 0.02160595916211605 -0.029177960008382797
v 0.0801999494433403 -0.0015279649524018168 0.035966988652944565
v 0.08017700165510178 -0.0014039869420230389 0.03606896847486496
v 0.08013396710157394 -0.004251956008374691 0.036017950624227524
v 0.07420598715543747 0.02509397082030773 -0.028659990057349205
v 0.07944995164871216 0.025465959683060646 -0.027662990614771843
v 0.07944995164871216 0.023093989118933678 -0.029671959578990936
v 0.07423198223114014 0.025092950090765953 0.02865796908736229
v 0.07420598715543747 0.0223580002784729 0.030842000618577003
v 0.07944995164871216 0.023093989118933678 0.029671959578990936
v 0.07420598715543747 0.03045498952269554 0.02288197912275791
v 0.07944995164871216 0.029671959578990936 0.023093989118933678
v 0.07944995164871216 0.03147697076201439 0.0205649696290493
v 0.07423198223114014 0.020540950819849968 0.032077960669994354
v 0.07420598715543747 0.017510950565338135 0.033829979598522186
v 0.07944995164871216 0.01789598912000656 0.03306800127029419
v 0.05576198920607567 0.0030959839932620525 -0.03735899180173874
v 0.061217959970235825 0.004588961135596037 -0.03781396150588989
v 0.06124395132064819 0.001098989974707365 -0.0380779504776001
v 0.07423198223114014 -0.006760953925549984 0.03748594969511032
v 0.07420598715543747 -0.010173969902098179 0.03670996055006981
v 0.07944995164871216 -0.009229958057403564 0.03644895181059837
v 0.07984399050474167 0.027462949976325035 -0.025280950590968132
v 0.08016198128461838 0.02776896022260189 -0.02342396043241024
v 0.08014696091413498 0.02622300013899803 -0.02511196956038475
v 0.061217959970235825 -0.02670300006866455 -0.027163980528712273
v 0.06124395132064819 -0.029084980487823486 -0.024599960073828697
v 0.05576198920607567 -0.027579959481954575 -0.02538895048201084
v 0.08031398057937622 0.013377959839999676 0.03329097852110863
v 0.08031398057937622 0.023703990504145622 0.02693294920027256
v 0.08020401000976562 0.0162039902061224 0.03215198963880539
v 0.08031398057937622 0.023703990504145622 0.02693294920027256
v 0.08022098988294601 0.02292495034635067 0.027917979285120964
v 0.08017098158597946 0.021573960781097412 0.029026979580521584
v 0.08020401000976562 0.0162039902061224 0.03215198963880539
v 0.08031398057937622 0.023703990504145622 0.02693294920027256
v 0.08015096187591553 0.01893394999206066 0.030759990215301514
v 0.08017098158597946 0.021573960781097412 0.029026979580521584
v 0.08016800135374069 0.02147597074508667 0.029098980128765106
v 0.08031398057937622 0.023703990504145622 0.02693294920027256
v 0.08016800135374069 0.02147597074508667 0.029098980128765106
v 0.08015096187591553 0.018941989168524742 0.030754979699850082
v 0.08015096187591553 0.01893394999206066 0.030759990215301514
v 0.08015096187591553 0.01893394999206066 0.030759990215301514
v 0.08015096187591553 0.01892595924437046 0.030763980001211166
v 0.08020401000976562 0.0162039902061224 0.03215198963880539
v 0.08020401000976562 0.0162039902061224 0.03215198963880539
v 0.08020401000976562 0.016186950728297234 0.03215998038649559
v 0.08029395341873169 0.01372199971228838 0.03318595141172409
v 0.08029395341873169 0.01372199971228838 0.03318595141172409
v 0.08031398057937622 0.013377959839999676 0.03329097852110863
v 0.08020401000976562 0.0162039902061224 0.03215198963880539
v 0.07423198223114014 -0.012272000312805176 0.036059968173503876
v 0.07420598715543747 -0.01553099974989891 0.03478293865919113
v 0.07944995164871216 -0.015103990212082863 0.03443294018507004
v 0.05576198920607567 -0.017841989174485207 -0.03296899050474167
v 0.061217959970235825 -0.01750998944044113 -0.03382796049118042
v 0.06124395132064819 -0.02054196037352085 -0.032079990953207016
v 0.0559999905526638 -0.015103990212082863 0.03443294018507004
v 0.061217959970235825 -0.01553099974989891 0.034780971705913544
v 0.06124395132064819 -0.012272950261831284 0.03606199845671654
v 0.07423198223114014 0.006760953925549984 -0.03748594969511032
v 0.07420598715543747 0.010173969902098179 -0.03670996055006981
v 0.07944995164871216 0.009229958057403564 -0.03644895181059837
v 0.05576198920607567 0.03545600175857544 0.012171979993581772
v 0.061217959970235825 0.03584498167037964 0.01288795005530119
v 0.06124395132064819 0.03687797859311104 0.009543955326080322
v 0.08014500141143799 -0.03631699085235596 -0.0019479990005493164
v 0.08031398057937622 -0.03574895113706589 -0.003042994998395443
v 0.08014196157455444 -0.036327000707387924 -0.0006889999494887888
v 0.08031398057937622 -0.03574895113706589 -0.003042994998395443
v 0.08031398057937622 -0.03574895113706589 0.003042994998395443
v 0.08015000075101852 -0.03629899024963379 0.00032900000223889947
v 0.08014196157455444 -0.036327000707387924 -0.0006889999494887888
v 0.08031398057937622 -0.03574895113706589 -0.003042994998395443
v 0.0801459476351738 -0.036311980336904526 4.8999998398358e-05
v 0.08031398057937622 -0.03574895113706589 0.003042994998395443
v 0.08021997660398483 -0.03606497868895531 0.002434968017041683
v 0.08015000075101852 -0.03629899024963379 0.00032900000223889947
v 0.07423198223114014 0.03687595948576927 0.00954294204711914
v 0.07420598715543747 0.03584694117307663 0.012888959608972073
v 0.07944995164871216 0.03556298837065697 0.012208989821374416
v 0.07944995164871216 -0.03556298837065697 0.012208989821374416
v 0.07423198223114014 -0.03584498167037964 0.01288795005530119
v 0.07420598715543747 -0.03687797859311104 0.009543955326080322
v 0.05576198920607567 0.009201942943036556 -0.03633999079465866
v 0.061217959970235825 0.010172960348427296 -0.03670698031783104
v 0.06124395132064819 0.00676196813583374 -0.037488989531993866
v 0.07423198223114014 -0.025092950090765953 -0.02865796908736229
v 0.07420598715543747 -0.0223580002784729 -0.030842000618577003
v 0.07944995164871216 -0.023093989118933678 -0.029671959578990936
v 0.07984399050474167 0.0353049598634243 -0.012119939550757408
v 0.08012896031141281 0.03494697064161301 -0.01020997017621994
v 0.08007997274398804 0.034222960472106934 -0.012753959745168686
v 0.08026199787855148 -0.029917949810624123 0.020119959488511086
v 0.07994996756315231 -0.031058959662914276 0.020291980355978012
v 0.08023101091384888 -0.031447939574718475 0.01759897917509079
v 0.07994996756315231 -0.031058959662914276 0.020291980355978012
v 0.07984399050474167 -0.03418397158384323 0.014993960037827492
v 0.08023101091384888 -0.031447939574718475 0.01759897917509079
v 0.08030295372009277 0.03472799062728882 0.009041965007781982
v 0.08030295372009277 0.035757001489400864 0.003042994998395443
v 0.08022695034742355 0.035484958440065384 0.006094992160797119
v 0.08030295372009277 0.035757001489400864 0.003042994998395443
v 0.08023499697446823 0.03588699921965599 0.0036089420318603516
v 0.08022695034742355 0.035492949187755585 0.006049990188330412
v 0.08022695034742355 0.035484958440065384 0.006094992160797119
v 0.08030295372009277 0.035757001489400864 0.003042994998395443
v 0.08022695034742355 0.035492949187755585 0.006049990188330412
v 0.05576198920607567 -0.03545600175857544 -0.012171979993581772
v 0.061217959970235825 -0.03584498167037964 -0.01288795005530119
v 0.06124395132064819 -0.03687797859311104 -0.009543955326080322
v 0.10179699957370758 0.008470951579511166 -0.06031094864010811
v 0.08876699209213257 0.009581983089447021 -0.05956298112869263
v 0.08912497013807297 0.01213895995169878 -0.05926996096968651
v 0.08015698194503784 -0.02156895026564598 -0.029137959703803062
v 0.08101201057434082 -0.03024398908019066 -0.03839397057890892
v 0.08016800135374069 -0.023479990661144257 -0.027677949517965317
v 0.08101201057434082 -0.03024398908019066 -0.03839397057890892
v 0.08102499693632126 -0.03632098063826561 -0.03323400020599365
v 0.08016598224639893 -0.024828970432281494 -0.026443950831890106
v 0.08016800135374069 -0.023479990661144257 -0.027677949517965317
v 0.08101201057434082 -0.03024398908019066 -0.03839397057890892
v 0.0801689624786377 -0.024166999384760857 -0.027091970667243004
v 0.08102499693632126 -0.03632098063826561 -0.03323400020599365
v 0.08015698194503784 -0.026181990280747414 -0.025076979771256447
v 0.08016598224639893 -0.024828970432281494 -0.026443950831890106
v 0.1447959989309311 -0.016990000382065773 -0.024884989485144615
v 0.14436699450016022 -0.015733949840068817 -0.023661969229578972
v 0.14300599694252014 -0.017316989600658417 -0.023253969848155975
v 0.1462170034646988 -0.040509991347789764 -0.0414159782230854
v 0.1447959989309311 -0.016990000382065773 -0.024884989485144615
v 0.1429498940706253 -0.018860990181565285 -0.024138979613780975
v 0.08094996213912964 -0.01593095064163208 -0.046499960124492645
v 0.08094996213912964 -0.019499950110912323 -0.045062001794576645
v 0.08014898747205734 -0.013235979713499546 -0.033674951642751694
v 0.08094996213912964 -0.019499950110912323 -0.045062001794576645
v 0.08015400171279907 -0.01628297008574009 -0.03233999013900757
v 0.08015196770429611 -0.01424098014831543 -0.03325295075774193
v 0.08094996213912964 -0.019499950110912323 -0.045062001794576645
v 0.08015196770429611 -0.01424098014831543 -0.03325295075774193
v 0.08015000075101852 -0.013640989549458027 -0.03351198881864548
v 0.08007997274398804 -0.005383967887610197 -0.03610998019576073
v 0.08006995171308517 -0.004866957198828459 -0.036178939044475555
v 0.08094996213912964 -0.01593095064163208 -0.046499960124492645
v 0.08010596036911011 -0.006746946834027767 -0.03592699021100998
v 0.08007997274398804 -0.005383967887610197 -0.03610998019576073
v 0.08094996213912964 -0.01593095064163208 -0.046499960124492645
v 0.08094996213912964 -0.019499950110912323 -0.045062001794576645
v 0.08015000075101852 -0.013640989549458027 -0.03351198881864548
v 0.08014898747205734 -0.013235979713499546 -0.033674951642751694
v 0.0801209807395935 -0.008196949027478695 -0.03551900014281273
v 0.08010596036911011 -0.006746946834027767 -0.03592699021100998
v 0.08094996213912964 -0.01593095064163208 -0.046499960124492645
v 0.08012896031141281 -0.00928497314453125 -0.03516494855284691
v 0.0801209807395935 -0.008196949027478695 -0.03551900014281273
v 0.08094996213912964 -0.01593095064163208 -0.046499960124492645
v 0.08094996213912964 -0.01593095064163208 -0.046499960124492645
v 0.08014898747205734 -0.013235979713499546 -0.033674951642751694
v 0.0801379606127739 -0.010857990011572838 -0.03459196910262108
v 0.14210399985313416 -0.03703397139906883 0.03063696064054966
v 0.14285199344158173 -0.035925980657339096 0.02478897012770176
v 0.1428299993276596 -0.03176397085189819 0.028765970841050148
v 0.11679600179195404 -0.041562970727682114 -0.026542959734797478
v 0.12055999785661697 -0.04197198152542114 -0.02815997041761875
v 0.11932499706745148 -0.04038697108626366 0.031230980530381203
v 0.10394299775362015 0.025503989309072495 -0.05750494822859764
v 0.10213600099086761 0.02438098005950451 -0.05776697024703026
v 0.09408301115036011 0.03066498041152954 -0.05541396141052246
v 0.1442209929227829 0.04091399163007736 -0.0487629696726799
v 0.14621800184249878 0.04051493853330612 -0.04141997918486595
v 0.14627400040626526 0.03652697056531906 -0.043675001710653305
v 0.14621800184249878 0.04051493853330612 -0.04141997918486595
v 0.14479100704193115 0.04077398031949997 -0.040753960609436035
v 0.1429498940706253 0.018860990181565285 -0.024138979613780975
v 0.08112800121307373 -0.023631980642676353 -0.043971948325634
v 0.08661495894193649 -0.02028696984052658 -0.05479395017027855
v 0.08732198923826218 -0.023405959829688072 -0.05390696972608566
v 0.14627699553966522 -0.03650796040892601 -0.043675001710653305
v 0.1462170034646988 -0.040509991347789764 -0.0414159782230854
v 0.1462039053440094 -0.0407719612121582 -0.04852598160505295
v 0.08099596947431564 -0.0035549988970160484 -0.04912196844816208
v 0.08098196238279343 -0.00932395365089178 -0.04833494871854782
v 0.08006899803876877 -0.004700957797467709 -0.03619294986128807
v 0.08098196238279343 -0.00932395365089178 -0.04833494871854782
v 0.08094996213912964 -0.01593095064163208 -0.046499960124492645
v 0.08006995171308517 -0.004866957198828459 -0.036178939044475555
v 0.08014398068189621 0.016300970688462257 -0.03240197151899338
v 0.08094996213912964 0.019499950110912323 -0.045062001794576645
v 0.08014398068189621 0.014522960409522057 -0.03319400176405907
v 0.08094996213912964 0.019499950110912323 -0.045062001794576645
v 0.08095800131559372 0.016101950779557228 -0.046499960124492645
v 0.08014296740293503 0.013170000165700912 -0.03375798091292381
v 0.08014398068189621 0.01371300034224987 -0.033540960401296616
v 0.08095800131559372 0.016101950779557228 -0.046499960124492645
v 0.08007097244262695 0.004884957801550627 -0.036190979182720184
v 0.08007895201444626 0.005324958823621273 -0.03613495081663132
v 0.08095800131559372 0.016101950779557228 -0.046499960124492645
v 0.08007895201444626 0.005324958823621273 -0.03613495081663132
v 0.08010399341583252 0.0067229862324893475 -0.035948991775512695
v 0.08014398068189621 0.01371300034224987 -0.033540960401296616
v 0.08094996213912964 0.019499950110912323 -0.045062001794576645
v 0.08014296740293503 0.013170000165700912 -0.03375798091292381
v 0.08095800131559372 0.016101950779557228 -0.046499960124492645
v 0.08010399341583252 0.0067229862324893475 -0.035948991775512695
v 0.08011894673109055 0.008224964141845703 -0.035534970462322235
v 0.08095800131559372 0.016101950779557228 -0.046499960124492645
v 0.08011894673109055 0.008224964141845703 -0.035534970462322235
v 0.08012700080871582 0.009373961947858334 -0.03516494855284691
v 0.08015400171279907 -0.01630895957350731 -0.03232795000076294
v 0.08094996213912964 -0.02323698066174984 -0.04324799031019211
v 0.0801689624786377 -0.01837497018277645 -0.0313449501991272
v 0.08094996213912964 -0.02323698066174984 -0.04324799031019211
v 0.08101201057434082 -0.03024398908019066 -0.03839397057890892
v 0.08016800135374069 -0.01928699016571045 -0.030761949717998505
v 0.0801689624786377 -0.01837497018277645 -0.0313449501991272
v 0.08094996213912964 -0.02323698066174984 -0.04324799031019211
v 0.08016800135374069 -0.01928699016571045 -0.030761949717998505
v 0.08101201057434082 -0.03024398908019066 -0.03839397057890892
v 0.08015698194503784 -0.02156895026564598 -0.029137959703803062
v 0.08016394823789597 -0.020055940374732018 -0.03022599034011364
v 0.08094996213912964 -0.02323698066174984 -0.04324799031019211
v 0.08015400171279907 -0.01630895957350731 -0.03232795000076294
v 0.08015400171279907 -0.01628297008574009 -0.03233999013900757
v 0.08100395649671555 0.030269980430603027 -0.038387950509786606
v 0.08094996213912964 0.02323698066174984 -0.04324799031019211
v 0.08015698194503784 0.01934598945081234 -0.03078394941985607
v 0.08094996213912964 0.02323698066174984 -0.04324799031019211
v 0.08014398068189621 0.01634299010038376 -0.03238296136260033
v 0.08015798777341843 0.018317990005016327 -0.03143893927335739
v 0.08094996213912964 0.02323698066174984 -0.04324799031019211
v 0.08015798777341843 0.018317990005016327 -0.03143893927335739
v 0.08015698194503784 0.01934598945081234 -0.03078394941985607
v 0.08015400171279907 0.02021598070859909 -0.030177950859069824
v 0.08014696091413498 0.02160595916211605 -0.029177960008382797
v 0.08100395649671555 0.030269980430603027 -0.038387950509786606
v 0.08102195709943771 0.036292970180511475 -0.03332196921110153
v 0.08100395649671555 0.030269980430603027 -0.038387950509786606
v 0.08015494793653488 0.024973979219794273 -0.02637499012053013
v 0.08100395649671555 0.030269980430603027 -0.038387950509786606
v 0.08014696091413498 0.02160595916211605 -0.029177960008382797
v 0.08015798777341843 0.023445960134267807 -0.02777194045484066
v 0.08100395649671555 0.030269980430603027 -0.038387950509786606
v 0.08015798777341843 0.023445960134267807 -0.02777194045484066
v 0.08015900105237961 0.02422397956252098 -0.027107950299978256
v 0.08015494793653488 0.024973979219794273 -0.02637499012053013
v 0.08014696091413498 0.02622300013899803 -0.02511196956038475
v 0.08102195709943771 0.036292970180511475 -0.03332196921110153
v 0.08146995306015015 0.03092597983777523 -0.03976196050643921
v 0.08643894642591476 0.04125100001692772 -0.03755395859479904
v 0.09261900186538696 0.037042971700429916 -0.04955095052719116
v 0.08099596947431564 0.0037039509043097496 -0.049109991639852524
v 0.08006899803876877 0.004581986926496029 -0.03621494024991989
v 0.08006995171308517 0.004709959030151367 -0.036206960678100586
v 0.13225600123405457 0.007356940768659115 -0.022293979302048683
v 0.13225600123405457 -0.007356940768659115 -0.022293979302048683
v 0.14299699664115906 -0.013999990187585354 -0.022327950224280357
v 0.08858399838209152 -0.007754981052130461 -0.059714969247579575
v 0.087894968688488 -0.0047109718434512615 -0.059802938252687454
v 0.10179699957370758 -0.003035962115973234 -0.06060897931456566
v 0.08125197142362595 0.01888597011566162 -0.046499960124492645
v 0.08112800121307373 0.023631980642676353 -0.043971948325634
v 0.08669494837522507 0.021006999537348747 -0.05445098131895065
v 0.08094996213912964 0.02323698066174984 -0.04324799031019211
v 0.08094996213912964 0.019499950110912323 -0.045062001794576645
v 0.08014398068189621 0.016300970688462257 -0.03240197151899338
v 0.08118294924497604 0.028303980827331543 0.02417396940290928
v 0.08017700165510178 0.02617298997938633 0.024966949597001076
v 0.08017700165510178 0.026151949539780617 0.024990970268845558
v 0.08115296810865402 0.03027397021651268 0.02163398079574108
v 0.08017998188734055 0.02816998027265072 0.022654950618743896
v 0.08017998188734055 0.028148939833045006 0.022682959213852882
v 0.08124899119138718 0.03211693838238716 0.01899397000670433
v 0.08023101091384888 0.03142993897199631 0.01757699064910412
v 0.08026199787855148 0.02988594025373459 0.02011799067258835
v 0.08024095743894577 0.02935897931456566 0.020909959450364113
v 0.08018296211957932 0.028227979317307472 0.022570960223674774
v 0.08124899119138718 0.03211693838238716 0.01899397000670433
v 0.08121997117996216 0.0370979905128479 0.0038009879644960165
v 0.08014798164367676 0.03629695996642113 0.00031999999191612005
v 0.08021897077560425 0.036044951528310776 0.002484977012500167
v 0.08121997117996216 0.0370979905128479 0.0038009879644960165
v 0.08021897077560425 0.036044951528310776 0.002484977012500167
v 0.08023399114608765 0.03597496822476387 0.0030489559285342693
v 0.08023499697446823 0.03588699921965599 0.0036089420318603516
v 0.08022695034742355 0.035492949187755585 0.006049990188330412
v 0.08121997117996216 0.0370979905128479 0.0038009879644960165
v 0.08102195709943771 0.036292970180511475 -0.03332196921110153
v 0.08007997274398804 0.034222960472106934 -0.012753959745168686
v 0.08012896031141281 0.03494697064161301 -0.01020997017621994
v 0.08102195709943771 0.036292970180511475 -0.03332196921110153
v 0.08012896031141281 0.03494697064161301 -0.01020997017621994
v 0.08014398068189621 0.03523194044828415 -0.009083986282348633
v 0.08014798164367676 0.036059968173503876 -0.004376946948468685
v 0.08015596121549606 0.03623497113585472 -0.0030559890437871218
v 0.08102195709943771 0.036292970180511475 -0.03332196921110153
v 0.08102195709943771 0.036292970180511475 -0.03332196921110153
v 0.08014398068189621 0.03523194044828415 -0.009083986282348633
v 0.0801459476351738 0.03545796126127243 -0.007827997207641602
v 0.08013998717069626 -0.036303989589214325 -0.0026079409290105104
v 0.08117800205945969 -0.03722697123885155 -0.03227496147155762
v 0.08447200059890747 -0.041200991719961166 -0.03283094987273216
v 0.08447200059890747 -0.041200991719961166 -0.03283094987273216
v 0.08014196157455444 -0.036327000707387924 -0.0006889999494887888
v 0.08014500141143799 -0.03631699085235596 -0.0019479990005493164
v 0.08014296740293503 -0.034217000007629395 0.012192959897220135
v 0.08014196157455444 -0.03422999009490013 0.0121609503403306
v 0.08624999970197678 -0.03921794146299362 0.018316980451345444
v 0.14291299879550934 -0.03170299157500267 0.027673950418829918
v 0.1429498940706253 -0.03238296136260033 -0.018412940204143524
v 0.11679600179195404 -0.041562970727682114 -0.026542959734797478
v 0.08098798245191574 0.012549989856779575 0.03485900163650513
v 0.08020401000976562 0.016186950728297234 0.03215998038649559
v 0.08029395341873169 0.01372199971228838 0.03318595141172409
v 0.08098798245191574 0.012549989856779575 0.03485900163650513
v 0.08029395341873169 0.01372199971228838 0.03318595141172409
v 0.08030200004577637 0.013523990288376808 0.03326797112822533
v 0.08021301031112671 0.006612956058233976 0.03552496060729027
v 0.08016496151685715 0.005582987796515226 0.03579794988036156
v 0.08098798245191574 0.012549989856779575 0.03485900163650513
v 0.0802459716796875 0.007353961002081633 0.035326000303030014
v 0.08021301031112671 0.006612956058233976 0.03552496060729027
v 0.08098798245191574 0.012549989856779575 0.03485900163650513
v 0.08098798245191574 0.012549989856779575 0.03485900163650513
v 0.08030200004577637 0.013523990288376808 0.03326797112822533
v 0.08030395954847336 0.013413960114121437 0.033310938626527786
v 0.08098798245191574 0.012549989856779575 0.03485900163650513
v 0.08030395954847336 0.013413960114121437 0.033310938626527786
v 0.08030498027801514 0.013347979635000229 0.03333598002791405
v 0.08025699108839035 0.007751941215246916 0.03520696982741356
v 0.0802459716796875 0.007353961002081633 0.035326000303030014
v 0.08026397228240967 0.008123992942273617 0.03508995845913887
v 0.08025699108839035 0.007751941215246916 0.03520696982741356
v 0.08098798245191574 0.012549989856779575 0.03485900163650513
v 0.08098798245191574 0.012549989856779575 0.03485900163650513
v 0.08030498027801514 0.013347979635000229 0.03333598002791405
v 0.08030097931623459 0.010517950169742107 0.034317970275878906
v 0.0809829831123352 0.023602960631251335 0.028530949726700783
v 0.08018100261688232 0.02594899944961071 0.025192970409989357
v 0.08023101091384888 0.024468950927257538 0.026575980708003044
v 0.0809829831123352 0.023602960631251335 0.028530949726700783
v 0.08023101091384888 0.024468950927257538 0.026575980708003044
v 0.08023995161056519 0.0239939596503973 0.027006980031728745
v 0.08022098988294601 0.02292495034635067 0.027917979285120964
v 0.08017098158597946 0.021573960781097412 0.029026979580521584
v 0.0809829831123352 0.023602960631251335 0.028530949726700783
v 0.0809829831123352 0.023602960631251335 0.028530949726700783
v 0.08023995161056519 0.0239939596503973 0.027006980031728745
v 0.08023697137832642 0.02350996993482113 0.027427969500422478
v 0.08114998787641525 0.03353399038314819 0.01610296033322811
v 0.08716195076704025 0.03909999132156372 0.0214649997651577
v 0.0801379606127739 0.034215979278087616 0.012184970080852509
v 0.08030896633863449 -0.010525999590754509 0.03431694954633713
v 0.08030295372009277 -0.013379990123212337 0.03329794853925705
v 0.08096896857023239 -0.01265196967869997 0.034781988710165024
v 0.08096896857023239 -0.01265196967869997 0.034781988710165024
v 0.0801609680056572 -0.0055849552154541016 0.035789959132671356
v 0.08021198958158493 -0.006676970981061459 0.035497959703207016
v 0.08096896857023239 -0.01265196967869997 0.034781988710165024
v 0.08021198958158493 -0.006676970981061459 0.035497959703207016
v 0.08024299144744873 -0.007373988162726164 0.035307999700307846
v 0.0803079605102539 -0.010490000247955322 0.03432798013091087
v 0.08030896633863449 -0.010525999590754509 0.03431694954633713
v 0.08096896857023239 -0.01265196967869997 0.034781988710165024
v 0.08096896857023239 -0.01265196967869997 0.034781988710165024
v 0.08024299144744873 -0.007373988162726164 0.035307999700307846
v 0.0802529975771904 -0.007734000217169523 0.03519998863339424
v 0.08132796734571457 0.035969968885183334 0.01014493964612484
v 0.08014296740293503 0.03428798168897629 0.011924980208277702
v 0.0801379606127739 0.03422795981168747 0.012151000089943409
v 0.08111000061035156 0.03644198179244995 0.006923973094671965
v 0.08022695034742355 0.035484958440065384 0.006094992160797119
v 0.08023399114608765 0.03504598140716553 0.008511959575116634
v 0.08023499697446823 0.03494495153427124 0.009059964679181576
v 0.08022098988294601 0.03482997044920921 0.009588955901563168
v 0.08015400171279907 0.034379951655864716 0.011558939702808857
v 0.08111000061035156 0.03644198179244995 0.006923973094671965
v 0.08740997314453125 -0.039108991622924805 0.021987970918416977
v 0.08123999089002609 -0.03211294859647751 0.01899193972349167
v 0.08016198128461838 -0.03395998105406761 0.012723979540169239
v 0.08123999089002609 -0.03211294859647751 0.01899193972349167
v 0.08023101091384888 -0.031447939574718475 0.01759897917509079
v 0.08023499697446823 -0.0329439602792263 0.014813950285315514
v 0.08021699637174606 -0.03323096036911011 0.014230960048735142
v 0.08016198128461838 -0.03395998105406761 0.012723979540169239
v 0.08123999089002609 -0.03211294859647751 0.01899193972349167
v 0.0809829831123352 -0.023602960631251335 0.028530949726700783
v 0.08017098158597946 -0.02153599075973034 0.029023999348282814
v 0.08022499084472656 -0.023029979318380356 0.02779597043991089
v 0.0809829831123352 -0.023602960631251335 0.028530949726700783
v 0.08022499084472656 -0.023029979318380356 0.02779597043991089
v 0.080237977206707 -0.023538939654827118 0.027369970455765724
v 0.08023297041654587 -0.024373939260840416 0.02662700042128563
v 0.08018296211957932 -0.02597098983824253 0.025138970464468002
v 0.0809829831123352 -0.023602960631251335 0.028530949726700783
v 0.0809829831123352 -0.023602960631251335 0.028530949726700783
v 0.080237977206707 -0.023538939654827118 0.027369970455765724
v 0.08023995161056519 -0.023960940539836884 0.027001969516277313
v 0.08950001001358032 -0.039179980754852295 0.025257999077439308
v 0.08122897148132324 -0.026169950142502785 0.02658396027982235
v 0.088438980281353 -0.03914498910307884 0.023797979578375816
v 0.08122897148132324 -0.026169950142502785 0.02658396027982235
v 0.08017998188734055 -0.026077980175614357 0.02503800019621849
v 0.08017998188734055 -0.026124950498342514 0.024985959753394127
v 0.14213000237941742 0.03700399026274681 0.03074496053159237
v 0.1416819989681244 0.038238998502492905 0.029489990323781967
v 0.14117300510406494 0.03821396082639694 0.032284971326589584
v 0.14213000237941742 0.03700399026274681 0.03074496053159237
v 0.14235800504684448 0.034851960837841034 0.03172396868467331
v 0.14287599921226501 0.035223960876464844 0.02486795000731945
v 0.14213000237941742 0.03700399026274681 0.03074496053159237
v 0.14275899529457092 0.03627096861600876 0.024973979219794273
v 0.14247100055217743 0.03717594966292381 0.02536397986114025
v 0.08102195709943771 0.036292970180511475 -0.03332196921110153
v 0.08014696091413498 0.02622300013899803 -0.02511196956038475
v 0.08016198128461838 0.02776896022260189 -0.02342396043241024
v 0.08102195709943771 0.036292970180511475 -0.03332196921110153
v 0.08016198128461838 0.02776896022260189 -0.02342396043241024
v 0.08016598224639893 0.028400950133800507 -0.022661980241537094
v 0.08009499311447144 0.03387999162077904 -0.013575970195233822
v 0.08007997274398804 0.034222960472106934 -0.012753959745168686
v 0.08102195709943771 0.036292970180511475 -0.03332196921110153
v 0.08011596649885178 0.033303968608379364 -0.014867959544062614
v 0.08009499311447144 0.03387999162077904 -0.013575970195233822
v 0.08102195709943771 0.036292970180511475 -0.03332196921110153
v 0.08102195709943771 0.036292970180511475 -0.03332196921110153
v 0.08016598224639893 0.028400950133800507 -0.022661980241537094
v 0.08016300201416016 0.03019499033689499 -0.020192980766296387
v 0.0801459476351738 0.03181295841932297 -0.017605960369110107
v 0.08011596649885178 0.033303968608379364 -0.014867959544062614
v 0.08102195709943771 0.036292970180511475 -0.03332196921110153
v 0.08112096041440964 -0.03645199164748192 0.006926952861249447
v 0.08015900105237961 -0.03438996896147728 0.011539990082383156
v 0.08022397011518478 -0.03483295068144798 0.009631991386413574
v 0.08112096041440964 -0.03645199164748192 0.006926952861249447
v 0.08022397011518478 -0.03483295068144798 0.009631991386413574
v 0.080237977206707 -0.03495895117521286 0.009060977958142757
v 0.08023595064878464 -0.03507297858595848 0.00845795776695013
v 0.08022599667310715 -0.03550899028778076 0.00610798504203558
v 0.08112096041440964 -0.03645199164748192 0.006926952861249447
v 0.08031398057937622 -0.02972595952451229 0.020090989768505096
v 0.08026199787855148 -0.029917949810624123 0.020119959488511086
v 0.08023101091384888 -0.031447939574718475 0.01759897917509079
v 0.08023101091384888 -0.031447939574718475 0.01759897917509079
v 0.08023499697446823 -0.0329439602792263 0.014813950285315514
v 0.08031398057937622 -0.032693978399038315 0.014777950011193752
v 0.07991600036621094 0.020359989255666733 0.03116399049758911
v 0.08029395341873169 0.01372199971228838 0.03318595141172409
v 0.08020401000976562 0.016186950728297234 0.03215998038649559
v 0.07991600036621094 0.020359989255666733 0.03116399049758911
v 0.08020401000976562 0.016186950728297234 0.03215998038649559
v 0.08020401000976562 0.0162039902061224 0.03215198963880539
v 0.08017098158597946 0.021573960781097412 0.029026979580521584
v 0.08022098988294601 0.02292495034635067 0.027917979285120964
v 0.07991600036621094 0.020359989255666733 0.03116399049758911
v 0.08016800135374069 0.02147597074508667 0.029098980128765106
v 0.08017098158597946 0.021573960781097412 0.029026979580521584
v 0.07991600036621094 0.020359989255666733 0.03116399049758911
v 0.07991600036621094 0.020359989255666733 0.03116399049758911
v 0.08020401000976562 0.0162039902061224 0.03215198963880539
v 0.08015096187591553 0.01892595924437046 0.030763980001211166
v 0.07991600036621094 0.020359989255666733 0.03116399049758911
v 0.08015096187591553 0.01892595924437046 0.030763980001211166
v 0.08015096187591553 0.01893394999206066 0.030759990215301514
v 0.08015096187591553 0.018941989168524742 0.030754979699850082
v 0.08016800135374069 0.02147597074508667 0.029098980128765106
v 0.07991600036621094 0.020359989255666733 0.03116399049758911
v 0.08030295372009277 -0.027919940650463104 -0.022543959319591522
v 0.08017098158597946 -0.02778898924589157 -0.02333098091185093
v 0.08015698194503784 -0.026181990280747414 -0.025076979771256447
v 0.08015698194503784 -0.026181990280747414 -0.025076979771256447
v 0.08016598224639893 -0.024828970432281494 -0.026443950831890106
v 0.08030295372009277 -0.023708989843726158 -0.026938969269394875
v 0.08031398057937622 0.023703990504145622 -0.02693294920027256
v 0.08015494793653488 0.024973979219794273 -0.02637499012053013
v 0.08014696091413498 0.02622300013899803 -0.02511196956038475
v 0.08014696091413498 0.02622300013899803 -0.02511196956038475
v 0.08016198128461838 0.02776896022260189 -0.02342396043241024
v 0.08031398057937622 0.027915000915527344 -0.02253996953368187
v 0.07984399050474167 -0.037328001111745834 0.0
v 0.08014500141143799 -0.03631699085235596 -0.0019479990005493164
v 0.08014196157455444 -0.036327000707387924 -0.0006889999494887888
v 0.07984399050474167 -0.037328001111745834 0.0
v 0.08014196157455444 -0.036327000707387924 -0.0006889999494887888
v 0.0801459476351738 -0.036311980336904526 4.8999998398358e-05
v 0.08015000075101852 -0.03629899024963379 0.00032900000223889947
v 0.08021997660398483 -0.03606497868895531 0.002434968017041683
v 0.07984399050474167 -0.037328001111745834 0.0
v 0.07992798089981079 -0.036470938473939896 0.006140946876257658
v 0.08023595064878464 -0.035894978791475296 0.003669976955279708
v 0.08022599667310715 -0.03552298992872238 0.0060249557718634605
v 0.08022599667310715 -0.03550899028778076 0.00610798504203558
v 0.08023595064878464 -0.03507297858595848 0.00845795776695013
v 0.07992798089981079 -0.036470938473939896 0.006140946876257658
v 0.0800819918513298 -0.034226950258016586 -0.012777980417013168
v 0.08012998104095459 -0.03494900092482567 -0.01024395041167736
v 0.07984399050474167 -0.0353049598634243 -0.012119939550757408
v 0.07984399050474167 0.0353049598634243 0.012119939550757408
v 0.0802149698138237 0.03319697827100754 0.014274000190198421
v 0.08015596121549606 0.033971961587667465 0.012686960399150848
v 0.07984399050474167 0.0353049598634243 0.012119939550757408
v 0.08015596121549606 0.033971961587667465 0.012686960399150848
v 0.08014696091413498 0.03409897908568382 0.01242494024336338
v 0.08015400171279907 0.034379951655864716 0.011558939702808857
v 0.08022098988294601 0.03482997044920921 0.009588955901563168
v 0.07984399050474167 0.0353049598634243 0.012119939550757408
v 0.08014296740293503 0.03428798168897629 0.011924980208277702
v 0.08015400171279907 0.034379951655864716 0.011558939702808857
v 0.07984399050474167 0.0353049598634243 0.012119939550757408
v 0.07984399050474167 0.0353049598634243 0.012119939550757408
v 0.08014696091413498 0.03409897908568382 0.01242494024336338
v 0.0801379606127739 0.034215979278087616 0.012184970080852509
v 0.07984399050474167 0.0353049598634243 0.012119939550757408
v 0.0801379606127739 0.034215979278087616 0.012184970080852509
v 0.0801379606127739 0.034221939742565155 0.012170970439910889
v 0.0801379606127739 0.03422795981168747 0.012151000089943409
v 0.08014296740293503 0.03428798168897629 0.011924980208277702
v 0.07984399050474167 0.0353049598634243 0.012119939550757408
v 0.08014798164367676 -0.03547399863600731 -0.007792949210852385
v 0.08031398057937622 -0.034720949828624725 -0.009040950797498226
v 0.08031398057937622 -0.03574895113706589 -0.003042994998395443
v 0.07991600036621094 -0.02738695964217186 0.025211980566382408
v 0.08023595064878464 -0.0292659904807806 0.021097000688314438
v 0.08018194884061813 -0.02828299067914486 0.02253895066678524
v 0.07991600036621094 -0.02738695964217186 0.025211980566382408
v 0.08018194884061813 -0.02828299067914486 0.02253895066678524
v 0.08017700165510178 -0.02817499078810215 0.022693989798426628
v 0.08018296211957932 -0.02597098983824253 0.025138970464468002
v 0.08023297041654587 -0.024373939260840416 0.02662700042128563
v 0.07991600036621094 -0.02738695964217186 0.025211980566382408
v 0.08017998188734055 -0.026077980175614357 0.02503800019621849
v 0.08018296211957932 -0.02597098983824253 0.025138970464468002
v 0.07991600036621094 -0.02738695964217186 0.025211980566382408
v 0.07991600036621094 -0.02738695964217186 0.025211980566382408
v 0.08017700165510178 -0.02817499078810215 0.022693989798426628
v 0.08017998188734055 -0.026124950498342514 0.024985959753394127
v 0.08030295372009277 -0.023708989843726158 -0.026938969269394875
v 0.08016800135374069 -0.023479990661144257 -0.027677949517965317
v 0.08015698194503784 -0.02156895026564598 -0.029137959703803062
v 0.08015698194503784 -0.02156895026564598 -0.029137959703803062
v 0.08016394823789597 -0.020055940374732018 -0.03022599034011364
v 0.08030295372009277 -0.01881497912108898 -0.030557990074157715
v 0.08031398057937622 0.03574895113706589 -0.003042994998395443
v 0.08014696091413498 0.036309000104665756 -0.0019629590678960085
v 0.08014500141143799 0.036306969821453094 0.0
v 0.08014500141143799 0.036306969821453094 0.0
v 0.08014798164367676 0.03629695996642113 0.00031999999191612005
v 0.08031398057937622 0.03574895113706589 -0.003042994998395443
v 0.08014798164367676 0.03629695996642113 0.00031999999191612005
v 0.08021897077560425 0.036044951528310776 0.002484977012500167
v 0.08030295372009277 0.035757001489400864 0.003042994998395443
v 0.08030295372009277 -0.01881497912108898 -0.030557990074157715
v 0.0801689624786377 -0.01837497018277645 -0.0313449501991272
v 0.08015400171279907 -0.01630895957350731 -0.03232795000076294
v 0.08015400171279907 -0.01630895957350731 -0.03232795000076294
v 0.08015400171279907 -0.01628297008574009 -0.03233999013900757
v 0.08015196770429611 -0.01424098014831543 -0.03325295075774193
v 0.08015196770429611 -0.01424098014831543 -0.03325295075774193
v 0.0801999494433403 -0.013421949930489063 -0.03340296819806099
v 0.08015400171279907 -0.01630895957350731 -0.03232795000076294
v 0.08031398057937622 0.018810980021953583 -0.0305519700050354
v 0.08015400171279907 0.02021598070859909 -0.030177950859069824
v 0.08014696091413498 0.02160595916211605 -0.029177960008382797
v 0.08014696091413498 0.02160595916211605 -0.029177960008382797
v 0.08015798777341843 0.023445960134267807 -0.02777194045484066
v 0.08031398057937622 0.023703990504145622 -0.02693294920027256
v 0.08021301031112671 0.01341794990003109 -0.03339295834302902
v 0.08014398068189621 0.014522960409522057 -0.03319400176405907
v 0.08014398068189621 0.016300970688462257 -0.03240197151899338
v 0.08014398068189621 0.016300970688462257 -0.03240197151899338
v 0.08014398068189621 0.01634299010038376 -0.03238296136260033
v 0.08031398057937622 0.018810980021953583 -0.0305519700050354
v 0.08014398068189621 0.01634299010038376 -0.03238296136260033
v 0.08015798777341843 0.018317990005016327 -0.03143893927335739
v 0.08031398057937622 0.018810980021953583 -0.0305519700050354
v 0.08013898134231567 0.004229961894452572 0.03602099046111107
v 0.08018498867750168 0.0013809800148010254 0.036077968776226044
v 0.08021301031112671 0.0015269509749487042 0.03595596179366112
v 0.07992798089981079 0.036470938473939896 0.006140946876257658
v 0.08023399114608765 0.03504598140716553 0.008511959575116634
v 0.08022695034742355 0.035484958440065384 0.006094992160797119
v 0.08022695034742355 0.035492949187755585 0.006049990188330412
v 0.08023499697446823 0.03588699921965599 0.0036089420318603516
v 0.07992798089981079 0.036470938473939896 0.006140946876257658
v 0.08123999089002609 -0.03211294859647751 0.01899193972349167
v 0.08018194884061813 -0.02828299067914486 0.02253895066678524
v 0.08023595064878464 -0.0292659904807806 0.021097000688314438
v 0.08026199787855148 -0.029917949810624123 0.020119959488511086
v 0.08023101091384888 -0.031447939574718475 0.01759897917509079
v 0.08123999089002609 -0.03211294859647751 0.01899193972349167
v 0.08018194884061813 -0.02828299067914486 0.02253895066678524
v 0.08123999089002609 -0.03211294859647751 0.01899193972349167
v 0.08740997314453125 -0.039108991622924805 0.021987970918416977
v 0.08124899119138718 0.03211693838238716 0.01899397000670433
v 0.08015596121549606 0.033971961587667465 0.012686960399150848
v 0.0802149698138237 0.03319697827100754 0.014274000190198421
v 0.08023195713758469 0.0329279787838459 0.014813950285315514
v 0.08023101091384888 0.03142993897199631 0.01757699064910412
v 0.08124899119138718 0.03211693838238716 0.01899397000670433
v 0.08117300271987915 0.0 0.037152938544750214
v 0.08013898134231567 0.004229961894452572 0.03602099046111107
v 0.08018498867750168 0.0013809800148010254 0.036077968776226044
v 0.08017700165510178 -0.0014039869420230389 0.03606896847486496
v 0.08013396710157394 -0.004251956008374691 0.036017950624227524
v 0.08117300271987915 0.0 0.037152938544750214
v 0.08012700080871582 0.009373961947858334 -0.03516494855284691
v 0.08014296740293503 0.013170000165700912 -0.03375798091292381
v 0.08021301031112671 0.01341794990003109 -0.03339295834302902
v 0.08030295372009277 0.03269999846816063 -0.014780989848077297
v 0.08009499311447144 0.03387999162077904 -0.013575970195233822
v 0.08007997274398804 0.034222960472106934 -0.012753959745168686
v 0.08007997274398804 0.034222960472106934 -0.012753959745168686
v 0.08012896031141281 0.03494697064161301 -0.01020997017621994
v 0.08030295372009277 0.03472799062728882 -0.009041965007781982
v 0.07984399050474167 -0.0353049598634243 0.012119939550757408
v 0.08022397011518478 -0.03483295068144798 0.009631991386413574
v 0.08015900105237961 -0.03438996896147728 0.011539990082383156
v 0.07984399050474167 -0.0353049598634243 0.012119939550757408
v 0.08015900105237961 -0.03438996896147728 0.011539990082383156
v 0.08014798164367676 -0.03429495915770531 0.011917940340936184
v 0.08016198128461838 -0.03395998105406761 0.012723979540169239
v 0.08021699637174606 -0.03323096036911011 0.014230960048735142
v 0.07984399050474167 -0.0353049598634243 0.012119939550757408
v 0.08014296740293503 -0.034217000007629395 0.012192959897220135
v 0.08016198128461838 -0.03395998105406761 0.012723979540169239
v 0.07984399050474167 -0.0353049598634243 0.012119939550757408
v 0.07984399050474167 -0.0353049598634243 0.012119939550757408
v 0.08014798164367676 -0.03429495915770531 0.011917940340936184
v 0.08014196157455444 -0.03422999009490013 0.0121609503403306
v 0.07991600036621094 0.02738695964217186 0.025211980566382408
v 0.08023101091384888 0.024468950927257538 0.026575980708003044
v 0.08018100261688232 0.02594899944961071 0.025192970409989357
v 0.07991600036621094 0.02738695964217186 0.025211980566382408
v 0.08018100261688232 0.02594899944961071 0.025192970409989357
v 0.08017700165510178 0.026087990030646324 0.025060949847102165
v 0.08018296211957932 0.028227979317307472 0.022570960223674774
v 0.08024095743894577 0.02935897931456566 0.020909959450364113
v 0.07991600036621094 0.02738695964217186 0.025211980566382408
v 0.08017998188734055 0.02816998027265072 0.022654950618743896
v 0.08018296211957932 0.028227979317307472 0.022570960223674774
v 0.07991600036621094 0.02738695964217186 0.025211980566382408
v 0.07991600036621094 0.02738695964217186 0.025211980566382408
v 0.08017700165510178 0.026087990030646324 0.025060949847102165
v 0.08017700165510178 0.026151949539780617 0.024990970268845558
v 0.07991600036621094 0.02738695964217186 0.025211980566382408
v 0.08017700165510178 0.026151949539780617 0.024990970268845558
v 0.08017700165510178 0.02617298997938633 0.024966949597001076
v 0.08017998188734055 0.028148939833045006 0.022682959213852882
v 0.08017998188734055 0.02816998027265072 0.022654950618743896
v 0.07991600036621094 0.02738695964217186 0.025211980566382408
v 0.07991600036621094 0.02738695964217186 0.025211980566382408
v 0.08017700165510178 0.02617298997938633 0.024966949597001076
v 0.08017896860837936 0.028105970472097397 0.022733980789780617
v 0.08014196157455444 -0.03422999009490013 0.0121609503403306
v 0.08014798164367676 -0.03429495915770531 0.011917940340936184
v 0.08132796734571457 -0.035969968885183334 0.01014493964612484
v 0.08021301031112671 -0.016201969236135483 0.032134950160980225
v 0.08014798164367676 -0.01890294998884201 0.030802959576249123
v 0.08014696091413498 -0.018935969099402428 0.030785970389842987
v 0.08014696091413498 -0.018935969099402428 0.030785970389842987
v 0.08014696091413498 -0.018968990072607994 0.03076498955488205
v 0.08016996830701828 -0.021469950675964355 0.029071979224681854
v 0.08016996830701828 -0.021469950675964355 0.029071979224681854
v 0.08017098158597946 -0.02153599075973034 0.029023999348282814
v 0.08030295372009277 -0.023708989843726158 0.026938969269394875
v 0.08017098158597946 -0.02153599075973034 0.029023999348282814
v 0.08022499084472656 -0.023029979318380356 0.02779597043991089
v 0.08030295372009277 -0.023708989843726158 0.026938969269394875
v 0.08030295372009277 -0.023708989843726158 0.026938969269394875
v 0.08021301031112671 -0.016201969236135483 0.032134950160980225
v 0.08014696091413498 -0.018935969099402428 0.030785970389842987
v 0.08030295372009277 0.03269999846816063 0.014780989848077297
v 0.08023195713758469 0.0329279787838459 0.014813950285315514
v 0.08023101091384888 0.03142993897199631 0.01757699064910412
v 0.08023101091384888 0.03142993897199631 0.01757699064910412
v 0.08026199787855148 0.02988594025373459 0.02011799067258835
v 0.08030295372009277 0.029731979593634605 0.020094990730285645
v 0.08102499693632126 -0.03632098063826561 -0.03323400020599365
v 0.08015596121549606 -0.03623795136809349 -0.0030559890437871218
v 0.08014798164367676 -0.036059968173503876 -0.0043759942054748535
v 0.08102499693632126 -0.03632098063826561 -0.03323400020599365
v 0.08014798164367676 -0.036059968173503876 -0.0043759942054748535
v 0.08014798164367676 -0.03547399863600731 -0.007792949210852385
v 0.08012998104095459 -0.03494900092482567 -0.01024395041167736
v 0.0800819918513298 -0.034226950258016586 -0.012777980417013168
v 0.08102499693632126 -0.03632098063826561 -0.03323400020599365
v 0.08102499693632126 -0.03632098063826561 -0.03323400020599365
v 0.08014798164367676 -0.03547399863600731 -0.007792949210852385
v 0.0801459476351738 -0.035242971032857895 -0.00908499862998724
v 0.08121699094772339 -0.03710395097732544 0.003801940940320492
v 0.08022599667310715 -0.03552298992872238 0.0060249557718634605
v 0.08023595064878464 -0.035894978791475296 0.003669976955279708
v 0.08121699094772339 -0.03710395097732544 0.003801940940320492
v 0.08023595064878464 -0.035894978791475296 0.003669976955279708
v 0.08023595064878464 -0.03598998859524727 0.0030489559285342693
v 0.08021997660398483 -0.03606497868895531 0.002434968017041683
v 0.08015000075101852 -0.03629899024963379 0.00032900000223889947
v 0.08121699094772339 -0.03710395097732544 0.003801940940320492
v 0.06124395132064819 0.032426949590444565 0.01998995989561081
v 0.07420598715543747 0.03352499008178711 0.018086960539221764
v 0.061217959970235825 0.03352295979857445 0.01808594912290573
v 0.05576198920607567 0.023024970665574074 0.029581960290670395
v 0.05556695908308029 0.02042894996702671 0.03126800060272217
v 0.05587499961256981 0.020546970888972282 0.031448960304260254
v 0.05549997091293335 -0.02676795981824398 -0.02565395087003708
v 0.05549997091293335 -0.02512698993086815 -0.027294989675283432
v 0.05565093830227852 -0.025353960692882538 -0.02754097990691662
v 0.07984399050474167 0.009162962436676025 0.03618495911359787
v 0.07969999313354492 0.01218700036406517 0.0354989692568779
v 0.07944995164871216 0.009229958057403564 0.03644895181059837
v 0.06124395132064819 -0.035043951123952866 -0.014933999627828598
v 0.07420598715543747 -0.03584694117307663 -0.012888959608972073
v 0.061217959970235825 -0.03584498167037964 -0.01288795005530119
v 0.05549997091293335 -0.016689950600266457 -0.033101968467235565
v 0.05549997091293335 -0.014902940019965172 -0.03397500142455101
v 0.05576198920607567 -0.015057980082929134 -0.03432898968458176
v 0.05565093830227852 -0.003090976970270276 0.03730696067214012
v 0.0559999905526638 -0.003104984061792493 0.0374719500541687
v 0.05587499961256981 0.0 0.03756694868206978
v 0.05549997091293335 0.0015729659935459495 -0.037034980952739716
v 0.05576198920607567 0.0030959839932620525 -0.03735899180173874
v 0.05576198920607567 0.0 -0.0374869704246521
v 0.05549997091293335 -0.03696893900632858 -0.003100991016253829
v 0.05549997091293335 -0.036576978862285614 -0.006187974940985441
v 0.05556695908308029 -0.03684097155928612 -0.006147980224341154
v 0.05576198920607567 0.012171979993581772 -0.03545600175857544
v 0.05549997091293335 0.013821950182318687 -0.0343969389796257
v 0.05576198920607567 0.015057980082929134 -0.03432898968458176
v 0.07423198223114014 -0.01750998944044113 0.03382796049118042
v 0.07420598715543747 -0.01553099974989891 0.03478293865919113
v 0.06124395132064819 -0.017510950565338135 0.033829979598522186
v 0.07423198223114014 0.020540950819849968 0.032077960669994354
v 0.07420598715543747 0.0223580002784729 0.030842000618577003
v 0.06124395132064819 0.02054196037352085 0.032079990953207016
v 0.07979100197553635 0.006162940990179777 -0.03693097084760666
v 0.07984399050474167 0.009162962436676025 -0.03618495911359787
v 0.07994996756315231 0.006105958949774504 -0.0365939699113369
v 0.07969999313354492 -0.033008988946676254 -0.017863979563117027
v 0.07944995164871216 -0.03306800127029419 -0.01789598912000656
v 0.07944995164871216 -0.03147697076201439 -0.0205649696290493
v 0.07423198223114014 0.03352295979857445 -0.01808594912290573
v 0.07420598715543747 0.032426949590444565 -0.01998995989561081
v 0.06124395132064819 0.03352499008178711 -0.018086960539221764
v 0.05549997091293335 0.02512698993086815 0.027294989675283432
v 0.05549997091293335 0.024495000019669533 0.027830950915813446
v 0.05576198920607567 0.02538895048201084 0.027579959481954575
v 0.07423198223114014 0.03045295923948288 -0.02288096956908703
v 0.07420598715543747 0.029084980487823486 -0.024599960073828697
v 0.06124395132064819 0.03045498952269554 -0.02288197912275791
v 0.05576198920607567 -0.006169973872601986 0.0369749590754509
v 0.07979100197553635 0.017820000648498535 -0.03292899951338768
v 0.07994996756315231 0.017657989636063576 -0.03262798860669136
v 0.07984399050474167 0.014993960037827492 -0.03418397158384323
v 0.05576198920607567 -0.017841989174485207 0.03296899050474167
v 0.05556695908308029 -0.02042894996702671 0.03126800060272217
v 0.05587499961256981 -0.020546970888972282 0.031448960304260254
v 0.05549997091293335 -0.031058959662914276 0.020291980355978012
v 0.05556695908308029 -0.03284800052642822 0.017776960507035255
v 0.05576198920607567 -0.0313829705119133 0.020502980798482895
v 0.07944995164871216 0.009229958057403564 -0.03644895181059837
v 0.07984399050474167 -0.03418397158384323 0.014993960037827492
v 0.07969999313354492 -0.033008988946676254 0.017863979563117027
v 0.07944995164871216 -0.03443294018507004 0.015103990212082863
v 0.07984399050474167 -0.020415959879755974 -0.03124897927045822
v 0.07979100197553635 -0.017820000648498535 -0.03292899951338768
v 0.07994996756315231 -0.017657989636063576 -0.03262798860669136
v 0.07944995164871216 -0.003104984061792493 0.0374719500541687
v 0.07969999313354492 0.0 0.0375329814851284
v 0.07944995164871216 0.0 0.03759998083114624
v 0.05587499961256981 0.012197970412671566 0.03553098067641258
v 0.05565093830227852 0.009189963340759277 0.036288969218730927
v 0.0559999905526638 0.009229958057403564 0.03644895181059837
v 0.07969999313354492 0.027613990008831024 0.025419950485229492
v 0.07979100197553635 0.025357959792017937 0.027546999976038933
v 0.07991600036621094 0.02738695964217186 0.025211980566382408
v 0.05549997091293335 -0.006105958949774504 -0.0365939699113369
v 0.05549997091293335 -0.004707992076873779 -0.03676794841885567
v 0.05576198920607567 -0.006169973872601986 -0.0369749590754509
v 0.06124395132064819 -0.032426949590444565 -0.01998995989561081
v 0.07420598715543747 -0.03352499008178711 -0.018086960539221764
v 0.061217959970235825 -0.03352295979857445 -0.01808594912290573
v 0.07979100197553635 -0.02299696020781994 0.02954697050154209
v 0.07969999313354492 -0.020528970286250114 0.03142093867063522
v 0.07944995164871216 -0.023093989118933678 0.029671959578990936
v 0.07423198223114014 0.01553099974989891 0.034780971705913544
v 0.07420598715543747 0.017510950565338135 0.033829979598522186
v 0.06124395132064819 0.01553099974989891 0.03478293865919113
v 0.07979100197553635 -0.025357959792017937 0.027546999976038933
v 0.07969999313354492 -0.027613990008831024 0.025419950485229492
v 0.07991600036621094 -0.02738695964217186 0.025211980566382408
v 0.07984399050474167 0.03618495911359787 0.009162962436676025
v 0.07969999313354492 0.037020981311798096 0.006177960895001888
v 0.07944995164871216 0.03644895181059837 0.009229958057403564
v 0.05549997091293335 -0.02512698993086815 0.027294989675283432
v 0.05556695908308029 -0.027478989213705063 0.02529596909880638
v 0.05577193945646286 -0.025393959134817123 0.02758496068418026
v 0.07423198223114014 -0.02235596999526024 0.030839970335364342
v 0.07420598715543747 -0.02054196037352085 0.032079990953207016
v 0.06124395132064819 -0.0223580002784729 0.030842000618577003
v 0.05549997091293335 -0.02676795981824398 0.02565395087003708
v 0.05549997091293335 -0.027294989675283432 0.02512698993086815
v 0.07423198223114014 -0.020540950819849968 -0.032077960669994354
v 0.07420598715543747 -0.0223580002784729 -0.030842000618577003
v 0.06124395132064819 -0.02054196037352085 -0.032079990953207016
v 0.07979100197553635 -0.017820000648498535 0.03292899951338768
v 0.07991600036621094 -0.020359989255666733 0.03116399049758911
v 0.07984399050474167 -0.0030819769017398357 0.037199970334768295
v 0.07944995164871216 -0.006188988219946623 0.037086959928274155
v 0.07984399050474167 -0.02292698062956333 -0.0294569693505764
v 0.07944995164871216 -0.023093989118933678 -0.029671959578990936
v 0.07944995164871216 -0.0205649696290493 -0.03147697076201439
v 0.061217959970235825 0.02235596999526024 0.030839970335364342
v 0.05549997091293335 0.017657989636063576 -0.03262798860669136
v 0.05549997091293335 0.019437959417700768 -0.03156799077987671
v 0.05576198920607567 0.017841989174485207 -0.03296899050474167
v 0.07984399050474167 -0.0294569693505764 0.02292698062956333
v 0.06124395132064819 0.026704959571361542 -0.027165940031409264
v 0.07420598715543747 0.02509397082030773 -0.028659990057349205
v 0.061217959970235825 0.025092950090765953 -0.02865796908736229
v 0.05549997091293335 0.0 -0.03709995001554489
v 0.05556695908308029 0.0 0.037349991500377655
v 0.05549997091293335 0.0 0.03709995001554489
v 0.05549997091293335 -0.0015729659935459495 0.037034980952739716
v 0.05549997091293335 -0.003063976066187024 -0.03697298839688301
v 0.05576198920607567 -0.0030959839932620525 -0.03735899180173874
v 0.05549997091293335 0.004707992076873779 -0.03676794841885567
v 0.05576198920607567 0.006169973872601986 -0.0369749590754509
v 0.07979100197553635 -0.006162940990179777 -0.03693097084760666
v 0.07944995164871216 -0.006188988219946623 -0.037086959928274155
v 0.07944995164871216 -0.003104984061792493 -0.0374719500541687
v 0.07994996756315231 0.02278696931898594 0.029276959598064423
v 0.07979100197553635 0.02299696020781994 0.02954697050154209
v 0.07991600036621094 0.020359989255666733 0.03116399049758911
v 0.05549997091293335 -0.02278696931898594 0.029276959598064423
v 0.05549997091293335 -0.024495000019669533 0.027830950915813446
v 0.05576198920607567 -0.023024970665574074 0.029581960290670395
v 0.07423198223114014 0.03504198044538498 0.014932990074157715
v 0.07420598715543747 0.03584694117307663 0.012888959608972073
v 0.06124395132064819 0.035043951123952866 0.014933999627828598
v 0.07979100197553635 0.017820000648498535 0.03292899951338768
v 0.07969999313354492 0.020528970286250114 0.03142093867063522
v 0.07944995164871216 0.01789598912000656 0.03306800127029419
v 0.07423198223114014 0.03242497891187668 0.019988950341939926
v 0.07423198223114014 0.03584498167037964 -0.01288795005530119
v 0.07420598715543747 0.035043951123952866 -0.014933999627828598
v 0.06124395132064819 0.03584694117307663 -0.012888959608972073
v 0.07984399050474167 -0.014993960037827492 -0.03418397158384323
v 0.05576198920607567 -0.03432898968458176 0.015057980082929134
v 0.05587499961256981 -0.033038970082998276 0.01787995919585228
v 0.07422398775815964 -0.03805296868085861 -0.0017499920213595033
v 0.061219990253448486 -0.03805195912718773 -0.0017499920213595033
v 0.061233989894390106 -0.03788799047470093 -0.003940999042242765
v 0.07420598715543747 0.012272950261831284 0.03606199845671654
v 0.061217959970235825 0.012272000312805176 0.036059968173503876
v 0.06124395132064819 0.010173969902098179 0.03670996055006981
v 0.07423198223114014 -0.03687595948576927 -0.00954294204711914
v 0.07420598715543747 -0.03736697882413864 -0.007401943206787109
v 0.06124395132064819 -0.03687797859311104 -0.009543955326080322
v 0.05556695908308029 -0.03684097155928612 0.006147980224341154
v 0.05576198920607567 -0.03735899180173874 0.0030959839932620525
v 0.05587499961256981 -0.037053998559713364 0.006182968150824308
v 0.061217959970235825 -0.01553099974989891 0.034780971705913544
v 0.05549997091293335 0.02278696931898594 0.029276959598064423
v 0.05549997091293335 -0.03397500142455101 0.014902940019965172
v 0.05549997091293335 -0.03504198044538498 0.01216994971036911
v 0.05576198920607567 -0.03545600175857544 0.012171979993581772
v 0.07423198223114014 -0.03584498167037964 0.01288795005530119
v 0.07420598715543747 -0.035043951123952866 0.014933999627828598
v 0.06124395132064819 -0.03584694117307663 0.012888959608972073
v 0.07420598715543747 -0.02509397082030773 0.028659990057349205
v 0.061217959970235825 -0.025092950090765953 0.02865796908736229
v 0.06124395132064819 -0.026704959571361542 0.027165940031409264
v 0.05549997091293335 -0.024495000019669533 -0.027830950915813446
v 0.05565093830227852 -0.02299295924603939 -0.029540950432419777
v 0.061217959970235825 0.03584498167037964 0.01288795005530119
v 0.07944995164871216 0.025465959683060646 0.027662990614771843
v 0.07944995164871216 0.023093989118933678 0.029671959578990936
v 0.05549997091293335 0.022045960649847984 0.029806969687342644
v 0.05549997091293335 0.020291980355978012 0.031058959662914276
v 0.05576198920607567 0.03633999079465866 0.009201942943036556
v 0.05549997091293335 0.03589396923780441 0.0093459477648139
v 0.05576198920607567 0.03545600175857544 0.012171979993581772
v 0.07984399050474167 -0.025280950590968132 -0.027462949976325035
v 0.07944995164871216 0.0205649696290493 0.03147697076201439
v 0.07984399050474167 0.037199970334768295 -0.0030819769017398357
v 0.07969999313354492 0.037020981311798096 -0.006177960895001888
v 0.07944995164871216 0.0374719500541687 -0.003104984061792493
v 0.05587499961256981 0.037053998559713364 -0.006182968150824308
v 0.05556695908308029 0.03684097155928612 -0.006147980224341154
v 0.05576198920607567 0.03735899180173874 -0.0030959839932620525
v 0.07969999313354492 -0.037020981311798096 0.006177960895001888
v 0.07944995164871216 -0.037086959928274155 0.006188988219946623
v 0.07944995164871216 -0.0374719500541687 0.003104984061792493
v 0.07984399050474167 0.0294569693505764 0.02292698062956333
v 0.07979100197553635 0.0313449501991272 0.020478960126638412
v 0.07944995164871216 0.029671959578990936 0.023093989118933678
v 0.061217959970235825 0.029083959758281708 -0.024598000571131706
v 0.07944995164871216 0.03443294018507004 0.015103990212082863
v 0.07984399050474167 0.0353049598634243 0.012119939550757408
v 0.07944995164871216 0.03556298837065697 0.012208989821374416
v 0.07984399050474167 0.014993960037827492 0.03418397158384323
v 0.07991600036621094 0.012086980044841766 0.03520797938108444
v 0.07423198223114014 -0.025092950090765953 -0.02865796908736229
v 0.07420598715543747 -0.026704959571361542 -0.027165940031409264
v 0.06124395132064819 -0.02509397082030773 -0.028659990057349205
v 0.07984399050474167 0.03418397158384323 -0.014993960037827492
v 0.07969999313354492 0.033008988946676254 -0.017863979563117027
v 0.07944995164871216 0.03443294018507004 -0.015103990212082863
v 0.07994996756315231 0.017657989636063576 0.03262798860669136
v 0.05549997091293335 0.036967989057302475 -0.003104984061792493
v 0.05549997091293335 -0.007809996139258146 -0.03623700141906738
v 0.05576198920607567 -0.03432898968458176 -0.015057980082929134
v 0.05576198920607567 -0.03545600175857544 -0.012171979993581772
v 0.05549997091293335 -0.03502994030714035 -0.012200949713587761
v 0.05549997091293335 0.0359649583697319 -0.00910794734954834
v 0.05576198920607567 0.03633999079465866 -0.009201942943036556
v 0.07984399050474167 0.0030819769017398357 -0.037199970334768295
v 0.08007895201444626 0.001223981031216681 -0.03635096177458763
v 0.07983797043561935 0.0 -0.03734099119901657
v 0.07420598715543747 0.026704959571361542 0.027165940031409264
v 0.061217959970235825 0.02670300006866455 0.027163980528712273
v 0.06124395132064819 0.02509397082030773 0.028659990057349205
v 0.07994996756315231 -0.02278696931898594 0.029276959598064423
v 0.07984399050474167 -0.009162962436676025 0.03618495911359787
v 0.07969999313354492 -0.01218700036406517 0.0354989692568779
v 0.07991600036621094 -0.012086980044841766 0.03520797938108444
v 0.05549997091293335 -0.036967989057302475 0.003104984061792493
v 0.05549997091293335 -0.03709995001554489 0.0
v 0.07423198223114014 -0.01553099974989891 -0.034780971705913544
v 0.07420598715543747 -0.017510950565338135 -0.033829979598522186
v 0.06124395132064819 -0.01553099974989891 -0.03478293865919113
v 0.07420598715543747 -0.032426949590444565 0.01998995989561081
v 0.061217959970235825 -0.03242497891187668 0.019988950341939926
v 0.06124395132064819 -0.03352499008178711 0.018086960539221764
v 0.05587499961256981 0.033038970082998276 -0.01787995919585228
v 0.05556695908308029 0.03284800052642822 -0.017776960507035255
v 0.05576198920607567 0.03432898968458176 -0.015057980082929134
v 0.05587499961256981 -0.033038970082998276 -0.01787995919585228
v 0.05556695908308029 -0.03284800052642822 -0.017776960507035255
v 0.07423198223114014 0.02670300006866455 -0.027163980528712273
v 0.07420598715543747 0.001098989974707365 0.0380779504776001
v 0.061217959970235825 0.0010979770449921489 0.03807497024536133
v 0.06124395132064819 -0.001098989974707365 0.0380779504776001
v 0.06124395132064819 0.0223580002784729 -0.030842000618577003
v 0.07420598715543747 0.02054196037352085 -0.032079990953207016
v 0.061217959970235825 0.020540950819849968 -0.032077960669994354
v 0.07984399050474167 0.03124897927045822 -0.020415959879755974
v 0.07984399050474167 0.0294569693505764 -0.02292698062956333
v 0.07944995164871216 0.03147697076201439 -0.0205649696290493
v 0.05556695908308029 0.03284800052642822 0.017776960507035255
v 0.05549997091293335 0.03379296883940697 0.015274999663233757
v 0.05549997091293335 0.0325009785592556 0.017870960757136345
v 0.061217959970235825 -0.02670300006866455 -0.027163980528712273
v 0.07994996756315231 -0.02512698993086815 0.027294989675283432
v 0.05587499961256981 0.033038970082998276 0.01787995919585228
v 0.05576198920607567 0.03432898968458176 0.015057980082929134
v 0.07423198223114014 -0.02670300006866455 0.027163980528712273
v 0.05565093830227852 0.003090976970270276 0.03730696067214012
v 0.07984399050474167 -0.014993960037827492 0.03418397158384323
v 0.05549997091293335 0.003063976066187024 -0.03697298839688301
v 0.07944995164871216 0.037086959928274155 0.006188988219946623
v 0.061217959970235825 0.03504198044538498 -0.014932990074157715
v 0.05549997091293335 -0.013821950182318687 -0.0343969389796257
v 0.05576198920607567 -0.012171979993581772 -0.03545600175857544
v 0.07984399050474167 -0.03618495911359787 0.009162962436676025
v 0.07984399050474167 -0.0353049598634243 0.012119939550757408
v 0.07944995164871216 -0.03644895181059837 0.009229958057403564
v 0.07423198223114014 -0.03504198044538498 -0.014932990074157715
v 0.05576198920607567 -0.0313829705119133 -0.020502980798482895
v 0.06124395132064819 -0.03045498952269554 0.02288197912275791
v 0.07420598715543747 -0.029084980487823486 0.024599960073828697
v 0.061217959970235825 -0.029083959758281708 0.024598000571131706
v 0.05549997091293335 -0.014902940019965172 0.03397500142455101
v 0.05549997091293335 -0.01707695983350277 0.03291194885969162
v 0.05565093830227852 -0.015037000179290771 0.03428094834089279
v 0.05549997091293335 0.03502994030714035 0.012200949713587761
v 0.07944995164871216 -0.03644895181059837 -0.009229958057403564
v 0.07969999313354492 -0.037020981311798096 -0.006177960895001888
v 0.07944995164871216 -0.037086959928274155 -0.006188988219946623
v 0.07423198223114014 0.0010979770449921489 -0.03807497024536133
v 0.07420598715543747 -0.001098989974707365 -0.0380779504776001
v 0.06124395132064819 0.001098989974707365 -0.0380779504776001
v 0.07984399050474167 -0.037199970334768295 0.0030819769017398357
v 0.05576198920607567 0.0313829705119133 -0.020502980798482895
v 0.05549997091293335 0.012045970186591148 -0.03508995845913887
v 0.07944995164871216 -0.03443294018507004 -0.015103990212082863
v 0.07984399050474167 -0.0353049598634243 -0.012119939550757408
v 0.07944995164871216 -0.03556298837065697 -0.012208989821374416
v 0.07984399050474167 0.020415959879755974 -0.03124897927045822
v 0.05556695908308029 -0.012127989903092384 0.035326000303030014
v 0.05549997091293335 -0.012045970186591148 0.03508995845913887
v 0.05549997091293335 -0.013821950182318687 0.0343969389796257
v 0.07984399050474167 -0.03418397158384323 -0.014993960037827492
v 0.07944995164871216 -0.015103990212082863 -0.03443294018507004
v 0.05576198920607567 0.017841989174485207 0.03296899050474167
v 0.07420598715543747 0.01553099974989891 -0.03478293865919113
v 0.061217959970235825 0.01553099974989891 -0.034780971705913544
v 0.06124395132064819 0.017510950565338135 -0.033829979598522186
v 0.07423198223114014 0.01750998944044113 -0.03382796049118042
v 0.07423198223114014 0.02235596999526024 -0.030839970335364342
v 0.061217959970235825 -0.0010979770449921489 -0.03807497024536133
v 0.061217959970235825 0.03242497891187668 -0.019988950341939926
v 0.07423198223114014 -0.03242497891187668 -0.019988950341939926
v 0.06124395132064819 -0.029084980487823486 -0.024599960073828697
v 0.07420598715543747 -0.03045498952269554 -0.02288197912275791
v 0.061217959970235825 -0.03045295923948288 -0.02288096956908703
v 0.07423198223114014 -0.029083959758281708 -0.024598000571131706
v 0.061217959970235825 -0.03736494854092598 -0.007401943206787109
v 0.07422398775815964 -0.03788696974515915 -0.003940999042242765
v 0.061217959970235825 -0.01750998944044113 -0.03382796049118042
v 0.061217959970235825 -0.02235596999526024 -0.030839970335364342
v 0.061217959970235825 -0.020540950819849968 0.032077960669994354
v 0.07423198223114014 -0.0010979770449921489 0.03807497024536133
v 0.061217959970235825 -0.03504198044538498 0.014932990074157715
v 0.07423198223114014 -0.03045295923948288 0.02288096956908703
v 0.07423198223114014 -0.03352295979857445 0.01808594912290573
v 0.07420598715543747 0.03045498952269554 0.02288197912275791
v 0.061217959970235825 0.03045295923948288 0.02288096956908703
v 0.06124395132064819 0.029084980487823486 0.024599960073828697
v 0.07423198223114014 0.029083959758281708 0.024598000571131706
v 0.07423198223114014 0.025092950090765953 0.02865796908736229
v 0.06124395132064819 0.03687797859311104 0.009543955326080322
v 0.07420598715543747 0.03736697882413864 0.007401943206787109
v 0.061217959970235825 0.03736494854092598 0.007401943206787109
v 0.07423198223114014 0.03687595948576927 0.00954294204711914
v 0.07423198223114014 0.010172960348427296 0.03670698031783104
v 0.061217959970235825 0.01750998944044113 0.03382796049118042
v 0.07944995164871216 0.027662990614771843 0.025465959683060646
v 0.07944995164871216 -0.0205649696290493 0.03147697076201439
v 0.0559999905526638 0.003104984061792493 0.0374719500541687
v 0.07944995164871216 0.015103990212082863 0.03443294018507004
v 0.05576198920607567 -0.03633999079465866 -0.009201942943036556
v 0.05549997091293335 -0.03589396923780441 -0.0093459477648139
v 0.07944995164871216 -0.03306800127029419 0.01789598912000656
v 0.05549997091293335 -0.0359649583697319 -0.00910794734954834
v 0.05549997091293335 -0.03397500142455101 -0.014902940019965172
v 0.05549997091293335 -0.0325009785592556 -0.017870960757136345
v 0.05549997091293335 -0.03379296883940697 -0.015274999663233757
v 0.05549997091293335 -0.02906298078596592 -0.023039989173412323
v 0.05576198920607567 -0.027579959481954575 -0.02538895048201084
v 0.05576198920607567 -0.029581960290670395 -0.023024970665574074
v 0.05549997091293335 -0.027294989675283432 -0.02512698993086815
v 0.05549997091293335 -0.02278696931898594 -0.029276959598064423
v 0.05549997091293335 -0.022045960649847984 -0.029806969687342644
v 0.05549997091293335 -0.019437959417700768 -0.03156799077987671
v 0.05549997091293335 -0.017657989636063576 -0.03262798860669136
v 0.05576198920607567 -0.017841989174485207 -0.03296899050474167
v 0.05549997091293335 -0.012045970186591148 -0.03508995845913887
v 0.05549997091293335 -0.00910794734954834 -0.0359649583697319
v 0.05576198920607567 -0.009201942943036556 -0.03633999079465866
v 0.05549997091293335 -0.0015729659935459495 -0.037034980952739716
v 0.05549997091293335 0.006105958949774504 -0.0365939699113369
v 0.05549997091293335 0.007809996139258146 -0.03623700141906738
v 0.05576198920607567 0.009201942943036556 -0.03633999079465866
v 0.05549997091293335 0.00910794734954834 -0.0359649583697319
v 0.05549997091293335 0.016689950600266457 -0.033101968467235565
v 0.05549997091293335 0.014902940019965172 -0.03397500142455101
v 0.05565093830227852 0.02299295924603939 -0.029540950432419777
v 0.05549997091293335 0.022045960649847984 -0.029806969687342644
v 0.05549997091293335 0.02278696931898594 -0.029276959598064423
v 0.05549997091293335 0.024495000019669533 -0.027830950915813446
v 0.055658988654613495 0.025357959792017937 -0.027546999976038933
v 0.05549997091293335 0.02512698993086815 -0.027294989675283432
v 0.05549997091293335 0.031058959662914276 -0.020291980355978012
v 0.05549997091293335 0.032512959092855453 -0.0178519394248724
v 0.05549997091293335 0.03397500142455101 -0.014902940019965172
v 0.05576198920607567 0.03545600175857544 -0.012171979993581772
v 0.05549997091293335 0.03504198044538498 -0.01216994971036911
v 0.05549997091293335 0.03589396923780441 -0.0093459477648139
v 0.05549997091293335 0.0365789495408535 -0.0061789751052856445
v 0.05549997091293335 0.03709995001554489 0.0
v 0.05577193945646286 0.0374940000474453 0.0
v 0.05549997091293335 0.03696893900632858 0.003100991016253829
v 0.05556695908308029 0.03684097155928612 0.006147980224341154
v 0.05577193945646286 0.03736596927046776 0.0030959839932620525
v 0.05549997091293335 0.036576978862285614 0.006187974940985441
v 0.05549997091293335 0.0359649583697319 0.00910794734954834
v 0.05549997091293335 0.03397500142455101 0.014902940019965172
v 0.05549997091293335 0.02906298078596592 0.023039989173412323
v 0.05556695908308029 0.027478989213705063 0.02529596909880638
v 0.05576198920607567 0.029581960290670395 0.023024970665574074
v 0.05549997091293335 0.027294989675283432 0.02512698993086815
v 0.05549997091293335 0.02676795981824398 0.02565395087003708
v 0.05549997091293335 0.019437959417700768 0.03156799077987671
v 0.05549997091293335 0.014902940019965172 0.03397500142455101
v 0.05565093830227852 0.015037000179290771 0.03428094834089279
v 0.05549997091293335 0.017173999920487404 0.03286498039960861
v 0.05549997091293335 0.012045970186591148 0.03508995845913887
v 0.05556695908308029 0.012127989903092384 0.035326000303030014
v 0.05549997091293335 0.013821950182318687 0.0343969389796257
v 0.05549997091293335 0.007809996139258146 0.03623700141906738
v 0.05549997091293335 0.00910794734954834 0.0359649583697319
v 0.0559999905526638 -0.025465959683060646 -0.027662990614771843
v 0.05549997091293335 0.004707992076873779 0.03676794841885567
v 0.05549997091293335 0.003063976066187024 0.03697298839688301
v 0.05549997091293335 0.0015729659935459495 0.037034980952739716
v 0.05549997091293335 -0.003063976066187024 0.03697298839688301
v 0.05549997091293335 -0.004707992076873779 0.03676794841885567
v 0.05565093830227852 -0.009189963340759277 0.036288969218730927
v 0.05549997091293335 -0.007809996139258146 0.03623700141906738
v 0.05549997091293335 -0.00910794734954834 0.0359649583697319
v 0.05549997091293335 -0.020291980355978012 0.031058959662914276
v 0.05549997091293335 -0.019437959417700768 0.03156799077987671
v 0.05549997091293335 -0.022045960649847984 0.029806969687342644
v 0.07984399050474167 -0.00614398717880249 0.0368189811706543
v 0.05549997091293335 -0.032512959092855453 0.0178519394248724
v 0.05549997091293335 -0.03589396923780441 0.0093459477648139
v 0.05549997091293335 -0.0359649583697319 0.00910794734954834
v 0.05576198920607567 -0.03633999079465866 0.009201942943036556
v 0.05587499961256981 0.02763896994292736 0.025442950427532196
v 0.05549997091293335 -0.0365789495408535 0.0061789751052856445
v 0.05577193945646286 -0.0374940000474453 0.0
v 0.05577193945646286 -0.03736596927046776 -0.0030959839932620525
v 0.05587499961256981 -0.02763896994292736 0.025442950427532196
v 0.05576198920607567 -0.029581960290670395 0.023024970665574074
v 0.05587499961256981 -0.012197970412671566 0.03553098067641258
v 0.05576198920607567 0.0313829705119133 0.020502980798482895
v 0.05587499961256981 0.037053998559713364 0.006182968150824308
v 0.05587499961256981 -0.037053998559713364 -0.006182968150824308
v 0.0559999905526638 -0.015103990212082863 0.03443294018507004
v 0.0559999905526638 -0.009229958057403564 0.03644895181059837
v 0.05576198920607567 0.006169973872601986 0.0369749590754509
v 0.0559999905526638 0.015103990212082863 0.03443294018507004
v 0.0559999905526638 0.025465959683060646 -0.027662990614771843
v 0.05576198920607567 0.027579959481954575 -0.02538895048201084
v 0.0559999905526638 0.023093989118933678 -0.029671959578990936
v 0.05576198920607567 0.020502980798482895 -0.0313829705119133
v 0.0559999905526638 -0.023093989118933678 -0.029671959578990936
v 0.05576198920607567 -0.020502980798482895 -0.0313829705119133
v 0.07994996756315231 0.031058959662914276 0.020291980355978012
v 0.07994996756315231 0.02512698993086815 0.027294989675283432
v 0.07994996756315231 -0.017657989636063576 0.03262798860669136
v 0.07979100197553635 -0.0313449501991272 0.020478960126638412
v 0.07994996756315231 -0.031058959662914276 0.020291980355978012
v 0.07994996756315231 -0.006105958949774504 -0.0365939699113369
v 0.07984399050474167 -0.009162962436676025 -0.03618495911359787
v 0.07984399050474167 -0.0030819769017398357 -0.037199970334768295
v 0.07983797043561935 0.0030839440878480673 0.03721398115158081
v 0.07991600036621094 0.0 0.037224940955638885
v 0.07984399050474167 0.037199970334768295 0.0030819769017398357
v 0.07984399050474167 0.037328001111745834 0.0
v 0.07944995164871216 0.0374719500541687 0.003104984061792493
v 0.07984399050474167 0.03418397158384323 0.014993960037827492
v 0.07969999313354492 0.033008988946676254 0.017863979563117027
v 0.07944995164871216 0.03306800127029419 0.01789598912000656
v 0.07944995164871216 0.03147697076201439 0.0205649696290493
v 0.07944995164871216 0.012208989821374416 0.03556298837065697
v 0.07944995164871216 0.006188988219946623 0.037086959928274155
v 0.07984399050474167 0.00614398717880249 0.0368189811706543
v 0.07944995164871216 -0.012208989821374416 0.03556298837065697
v 0.07944995164871216 -0.015103990212082863 0.03443294018507004
v 0.07944995164871216 -0.027662990614771843 0.025465959683060646
v 0.07944995164871216 -0.029671959578990936 0.023093989118933678
v 0.07944995164871216 -0.03556298837065697 0.012208989821374416
v 0.07984399050474167 -0.037328001111745834 0.0
v 0.07944995164871216 -0.03759998083114624 0.0
v 0.07944995164871216 -0.0374719500541687 -0.003104984061792493
v 0.07984399050474167 -0.037199970334768295 -0.0030819769017398357
v 0.07984399050474167 -0.03618495911359787 -0.009162962436676025
v 0.07984399050474167 -0.03124897927045822 -0.020415959879755974
v 0.07944995164871216 -0.027662990614771843 -0.025465959683060646
v 0.07984399050474167 -0.0294569693505764 -0.02292698062956333
v 0.07944995164871216 -0.029671959578990936 -0.023093989118933678
v 0.07984399050474167 -0.027462949976325035 -0.025280950590968132
v 0.07944995164871216 -0.025465959683060646 -0.027662990614771843
v 0.07944995164871216 -0.01789598912000656 -0.03306800127029419
v 0.07984399050474167 -0.012119939550757408 -0.0353049598634243
v 0.07944995164871216 -0.012208989821374416 -0.03556298837065697
v 0.07944995164871216 -0.009229958057403564 -0.03644895181059837
v 0.07944995164871216 0.0 -0.03759998083114624
v 0.07944995164871216 0.003104984061792493 -0.0374719500541687
v 0.07944995164871216 0.006188988219946623 -0.037086959928274155
v 0.07944995164871216 0.015103990212082863 -0.03443294018507004
v 0.07984399050474167 0.012119939550757408 -0.0353049598634243
v 0.07944995164871216 0.012208989821374416 -0.03556298837065697
v 0.07944995164871216 0.0205649696290493 -0.03147697076201439
v 0.07944995164871216 0.01789598912000656 -0.03306800127029419
v 0.07984399050474167 0.025280950590968132 -0.027462949976325035
v 0.07944995164871216 0.025465959683060646 -0.027662990614771843
v 0.07944995164871216 0.027662990614771843 -0.025465959683060646
v 0.07984399050474167 0.027462949976325035 -0.025280950590968132
v 0.07944995164871216 0.029671959578990936 -0.023093989118933678
v 0.07944995164871216 0.03306800127029419 -0.01789598912000656
v 0.07984399050474167 0.0353049598634243 -0.012119939550757408
v 0.07944995164871216 0.03556298837065697 -0.012208989821374416
v 0.07944995164871216 0.03644895181059837 -0.009229958057403564
v 0.07984399050474167 0.03618495911359787 -0.009162962436676025
v 0.07944995164871216 0.037086959928274155 -0.006188988219946623
v 0.07944995164871216 0.03759998083114624 0.0
v 0.061225950717926025 -0.03805296868085861 0.0017499920213595033
v 0.07422994822263718 -0.03805195912718773 0.0017499920213595033
v 0.05549997091293335 0.020291980355978012 -0.031058959662914276
v 0.05549997091293335 0.027294989675283432 -0.02512698993086815
v 0.07944995164871216 -0.03147697076201439 0.0205649696290493
v 0.061217959970235825 -0.010172960348427296 0.03670698031783104
v 0.07992798089981079 0.036470938473939896 0.006140946876257658
v 0.07420598715543747 -0.004588961135596037 0.03781598061323166
v 0.06124395132064819 -0.00676196813583374 0.037488989531993866
v 0.07423198223114014 -0.006760953925549984 0.03748594969511032
v 0.07420598715543747 -0.010173969902098179 0.03670996055006981
v 0.06124395132064819 -0.012272950261831284 0.03606199845671654
v 0.07423198223114014 -0.012272000312805176 0.036059968173503876
v 0.08016198128461838 0.02776896022260189 -0.02342396043241024
v 0.07944995164871216 0.023093989118933678 -0.029671959578990936
v 0.08016996830701828 -0.030191950500011444 -0.020190000534057617
v 0.08030295372009277 0.029731979593634605 -0.020094990730285645
v 0.08031398057937622 0.03132294863462448 -0.017497949302196503
v 0.08031398057937622 0.027915000915527344 -0.02253996953368187
v 0.08023101091384888 0.024468950927257538 0.026575980708003044
v 0.08023697137832642 0.02350996993482113 0.027427969500422478
v 0.08023995161056519 0.0239939596503973 0.027006980031728745
v 0.08022098988294601 0.02292495034635067 0.027917979285120964
v 0.07944995164871216 -0.009229958057403564 0.03644895181059837
v 0.07420598715543747 -0.00676196813583374 -0.037488989531993866
v 0.07423198223114014 -0.010172960348427296 -0.03670698031783104
v 0.07420598715543747 -0.012272950261831284 -0.03606199845671654
v 0.07423198223114014 -0.004588961135596037 -0.03781396150588989
v 0.06124395132064819 -0.004588961135596037 -0.03781598061323166
v 0.06124395132064819 -0.010173969902098179 -0.03670996055006981
v 0.061217959970235825 -0.006760953925549984 -0.03748594969511032
v 0.05549997091293335 -0.020291980355978012 -0.031058959662914276
v 0.06124395132064819 -0.03736697882413864 0.007401943206787109
v 0.061217959970235825 -0.03687595948576927 0.00954294204711914
v 0.07420598715543747 0.010173969902098179 -0.03670996055006981
v 0.06124395132064819 0.012272950261831284 -0.03606199845671654
v 0.07423198223114014 0.012272000312805176 -0.036059968173503876
v 0.07420598715543747 0.00676196813583374 0.037488989531993866
v 0.061217959970235825 0.006760953925549984 0.03748594969511032
v 0.06124395132064819 0.004588961135596037 0.03781598061323166
v 0.07423198223114014 0.004588961135596037 0.03781396150588989
v 0.07944995164871216 0.003104984061792493 0.0374719500541687
v 0.061217959970235825 -0.012272000312805176 -0.036059968173503876
v 0.07944995164871216 -0.025465959683060646 0.027662990614771843
v 0.07420598715543747 0.004588961135596037 -0.03781598061323166
v 0.08012998104095459 -0.03494900092482567 -0.01024395041167736
v 0.08031398057937622 -0.034720949828624725 -0.009040950797498226
v 0.08014798164367676 -0.03547399863600731 -0.007792949210852385
v 0.0801459476351738 -0.035242971032857895 -0.00908499862998724
v 0.08023595064878464 -0.035894978791475296 0.003669976955279708
v 0.07992798089981079 -0.036470938473939896 0.006140946876257658
v 0.05549997091293335 0.02906298078596592 -0.023039989173412323
v 0.07423198223114014 0.03736494854092598 -0.007401943206787109
v 0.07420598715543747 0.03687797859311104 -0.009543955326080322
v 0.08030295372009277 0.03269999846816063 -0.014780989848077297
v 0.08030295372009277 0.03472799062728882 -0.009041965007781982
v 0.061217959970235825 0.03687595948576927 -0.00954294204711914
v 0.0802149698138237 0.03319697827100754 0.014274000190198421
v 0.08014798164367676 0.036059968173503876 -0.004376946948468685
v 0.07992798089981079 0.036470938473939896 -0.006140946876257658
v 0.08013998717069626 0.03630298003554344 -0.0026659960858523846
v 0.08014696091413498 0.036309000104665756 -0.0019629590678960085
v 0.08009599894285202 -0.03390495851635933 -0.013544970192015171
v 0.08022397011518478 -0.03483295068144798 0.009631991386413574
v 0.08023595064878464 -0.03507297858595848 0.00845795776695013
v 0.080237977206707 -0.03495895117521286 0.009060977958142757
v 0.07420598715543747 -0.03687797859311104 0.009543955326080322
v 0.06124395132064819 0.00676196813583374 -0.037488989531993866
v 0.061217959970235825 0.010172960348427296 -0.03670698031783104
v 0.05549997091293335 -0.03379296883940697 0.015274999663233757
v 0.05549997091293335 -0.031058959662914276 -0.020291980355978012
v 0.0801459476351738 0.03181295841932297 -0.017605960369110107
v 0.08016300201416016 0.03019499033689499 -0.020192980766296387
v 0.07423198223114014 0.006760953925549984 -0.03748594969511032
v 0.07992798089981079 -0.03244799003005028 -0.01774596981704235
v 0.08011596649885178 0.033303968608379364 -0.014867959544062614
v 0.07992798089981079 0.03244799003005028 -0.01774596981704235
v 0.08030295372009277 -0.031328968703746796 -0.017500989139080048
v 0.08031398057937622 -0.02972595952451229 -0.020090989768505096
v 0.08031398057937622 -0.032693978399038315 -0.014777950011193752
v 0.08021699637174606 -0.03323096036911011 0.014230960048735142
v 0.08023499697446823 -0.0329439602792263 0.014813950285315514
v 0.05549997091293335 0.031058959662914276 0.020291980355978012
v 0.08030295372009277 -0.027919940650463104 -0.022543959319591522
v 0.08030295372009277 -0.023708989843726158 -0.026938969269394875
v 0.05576198920607567 0.029581960290670395 -0.023024970665574074
v 0.08017098158597946 -0.02778898924589157 -0.02333098091185093
v 0.08016800135374069 -0.023479990661144257 -0.027677949517965317
v 0.0801689624786377 -0.024166999384760857 -0.027091970667243004
v 0.08016598224639893 -0.024828970432281494 -0.026443950831890106
v 0.08016394823789597 -0.020055940374732018 -0.03022599034011364
v 0.0801689624786377 -0.01837497018277645 -0.0313449501991272
v 0.08016800135374069 -0.01928699016571045 -0.030761949717998505
v 0.08007097244262695 0.004816948901861906 -0.0361979603767395
v 0.08031398057937622 0.007558940909802914 -0.03507297858595848
v 0.08006995171308517 0.004709959030151367 -0.036206960678100586
v 0.08007895201444626 0.005324958823621273 -0.03613495081663132
v 0.08010399341583252 0.0067229862324893475 -0.035948991775512695
v 0.08012700080871582 0.009373961947858334 -0.03516494855284691
v 0.08011894673109055 0.008224964141845703 -0.035534970462322235
v 0.08030295372009277 -0.023708989843726158 0.026938969269394875
v 0.08023995161056519 -0.023960940539836884 0.027001969516277313
v 0.08023297041654587 -0.024373939260840416 0.02662700042128563
v 0.08031398057937622 0.007558940909802914 0.03507297858595848
v 0.08030295372009277 -0.00755995512008667 0.0350799486041069
v 0.08031398057937622 -0.010505969636142254 0.03430597856640816
v 0.0803079605102539 -0.010490000247955322 0.03432798013091087
v 0.0803079605102539 -0.010490000247955322 0.03432798013091087
v 0.08030295372009277 -0.013379990123212337 0.03329794853925705
v 0.08030896633863449 -0.010525999590754509 0.03431694954633713
v 0.08030295372009277 -0.023708989843726158 0.026938969269394875
v 0.08021301031112671 -0.016201969236135483 0.032134950160980225
v 0.08022499084472656 -0.023029979318380356 0.02779597043991089
v 0.080237977206707 -0.023538939654827118 0.027369970455765724
v 0.05549997091293335 -0.02906298078596592 0.023039989173412323
v 0.08015196770429611 -0.01424098014831543 -0.03325295075774193
v 0.08014898747205734 -0.013235979713499546 -0.033674951642751694
v 0.08015000075101852 -0.013640989549458027 -0.03351198881864548
v 0.0801379606127739 -0.010857990011572838 -0.03459196910262108
v 0.08021301031112671 -0.010537980124354362 -0.03441094979643822
v 0.08030295372009277 -0.00755995512008667 -0.0350799486041069
v 0.0801999494433403 -0.013421949930489063 -0.03340296819806099
v 0.08012896031141281 -0.00928497314453125 -0.03516494855284691
v 0.08012896031141281 -0.00928497314453125 -0.03516494855284691
v 0.08010596036911011 -0.006746946834027767 -0.03592699021100998
v 0.0801209807395935 -0.008196949027478695 -0.03551900014281273
v 0.08007997274398804 -0.005383967887610197 -0.03610998019576073
v 0.08006799221038818 -0.004578948020935059 -0.03620100021362305
v 0.08006899803876877 -0.004700957797467709 -0.03619294986128807
v 0.08013498038053513 -0.0015329710440710187 -0.03609799966216087
v 0.08013998717069626 0.0015339850215241313 -0.03609997034072876
v 0.08007799834012985 -0.0012389420298859477 -0.036336950957775116
v 0.08014296740293503 0.013170000165700912 -0.03375798091292381
v 0.08014398068189621 0.014522960409522057 -0.03319400176405907
v 0.08014398068189621 0.01371300034224987 -0.033540960401296616
v 0.08015798777341843 0.018317990005016327 -0.03143893927335739
v 0.08015400171279907 0.02021598070859909 -0.030177950859069824
v 0.08015698194503784 0.01934598945081234 -0.03078394941985607
v 0.08031398057937622 0.013377959839999676 0.03329097852110863
v 0.08030295372009277 0.010507999919354916 0.034312959760427475
v 0.08031398057937622 0.007558940909802914 0.03507297858595848
v 0.08026397228240967 0.008123992942273617 0.03508995845913887
v 0.08026397228240967 0.008123992942273617 0.03508995845913887
v 0.0802459716796875 0.007353961002081633 0.035326000303030014
v 0.08025699108839035 0.007751941215246916 0.03520696982741356
v 0.08021301031112671 0.006612956058233976 0.03552496060729027
v 0.08013396710157394 0.004730999004095793 0.035988979041576385
v 0.08014196157455444 0.005015968810766935 0.03593295067548752
v 0.08021301031112671 0.0015269509749487042 0.03595596179366112
v 0.0801999494433403 -0.0015279649524018168 0.035966988652944565
v 0.08030295372009277 -0.00755995512008667 0.0350799486041069
v 0.08012998104095459 -0.004724978934973478 0.03598593920469284
v 0.08013098686933517 -0.004487990867346525 0.03600597009062767
v 0.08021198958158493 -0.006676970981061459 0.035497959703207016
v 0.08024299144744873 -0.007373988162726164 0.035307999700307846
v 0.061225950717926025 0.03805296868085861 -0.0017499920213595033
v 0.061225950717926025 0.03788696974515915 -0.003940999042242765
v 0.0559999905526638 -0.025465959683060646 -0.027662990614771843
v 0.061219990253448486 0.03805195912718773 0.0017499920213595033
v 0.08007799834012985 -0.0012389420298859477 -0.036336950957775116
v 0.07422398775815964 0.03805296868085861 0.0017499920213595033
v 0.08016996830701828 -0.030191950500011444 -0.020190000534057617
v 0.061233989894390106 0.03788799047470093 0.003940999042242765
v 0.07421600073575974 0.03788799047470093 -0.003940999042242765
v 0.07422994822263718 0.03805195912718773 -0.0017499920213595033
v 0.08015798777341843 0.023445960134267807 -0.02777194045484066
v 0.07984399050474167 0.02292698062956333 -0.0294569693505764
v 0.08015494793653488 0.024973979219794273 -0.02637499012053013
v 0.08015900105237961 0.02422397956252098 -0.027107950299978256
v 0.05549997091293335 -0.036967989057302475 0.003104984061792493
v 0.08029395341873169 0.01372199971228838 0.03318595141172409
v 0.08030200004577637 0.013523990288376808 0.03326797112822533
v 0.08030498027801514 0.013347979635000229 0.03333598002791405
v 0.08030395954847336 0.013413960114121437 0.033310938626527786
v 0.08030097931623459 0.010517950169742107 0.034317970275878906
v 0.05549997091293335 -0.036967989057302475 0.003104984061792493
v 0.05549997091293335 -0.006105958949774504 0.0365939699113369
v 0.08017700165510178 -0.0014039869420230389 0.03606896847486496
v 0.05549997091293335 0.006105958949774504 0.0365939699113369
v 0.061217959970235825 0.004588961135596037 -0.03781396150588989
v 0.05549997091293335 -0.036967989057302475 0.003104984061792493
v 0.07423198223114014 -0.03736494854092598 0.007401943206787109
v 0.05549997091293335 -0.036967989057302475 0.003104984061792493
v 0.05549997091293335 0.03379296883940697 -0.015274999663233757
v 0.05549997091293335 -0.036967989057302475 0.003104984061792493
v 0.05549997091293335 0.02676795981824398 -0.02565395087003708
v 0.05549997091293335 -0.036967989057302475 0.003104984061792493
v 0.05549997091293335 -0.036967989057302475 0.003104984061792493
v 0.06124395132064819 0.03736697882413864 -0.007401943206787109
v 0.061217959970235825 -0.004588961135596037 0.03781396150588989
v 0.08031398057937622 -0.03574895113706589 -0.003042994998395443
v 0.08013998717069626 -0.036303989589214325 -0.0026079409290105104
v 0.08015596121549606 -0.03623795136809349 -0.0030559890437871218
v 0.07422398775815964 0.03788696974515915 0.003940999042242765
v 0.07992798089981079 -0.036470938473939896 -0.006140946876257658
v 0.08014798164367676 -0.036059968173503876 -0.0043759942054748535
v 0.08031398057937622 -0.03574895113706589 0.003042994998395443
v 0.08023595064878464 -0.03598998859524727 0.0030489559285342693
v 0.08021997660398483 -0.03606497868895531 0.002434968017041683
v 0.07421600073575974 -0.03788799047470093 0.003940999042242765
v 0.061225950717926025 -0.03788696974515915 0.003940999042242765
v 0.08009499311447144 0.03387999162077904 -0.013575970195233822
v 0.08012896031141281 0.03494697064161301 -0.01020997017621994
v 0.0801459476351738 0.03545796126127243 -0.007827997207641602
v 0.08014398068189621 0.03523194044828415 -0.009083986282348633
v 0.08023399114608765 0.03504598140716553 0.008511959575116634
v 0.08022098988294601 0.03482997044920921 0.009588955901563168
v 0.08023499697446823 0.03494495153427124 0.009059964679181576
v 0.08014898747205734 -0.031787991523742676 -0.017600949853658676
v 0.08021897077560425 0.036044951528310776 0.002484977012500167
v 0.08023499697446823 0.03588699921965599 0.0036089420318603516
v 0.08023399114608765 0.03597496822476387 0.0030489559285342693
v 0.07944995164871216 -0.01789598912000656 0.03306800127029419
v 0.08550094813108444 0.014457999728620052 -0.05581694096326828
v 0.08125197142362595 0.01888597011566162 -0.046499960124492645
v 0.08572094887495041 0.016382990404963493 -0.05538398027420044
v 0.13049599528312683 -0.012360990047454834 0.034516990184783936
v 0.12998400628566742 -0.012257990427315235 0.033920999616384506
v 0.13011400401592255 -0.009932993911206722 0.03488694876432419
v 0.22942499816417694 0.009738980792462826 -0.05288593843579292
v 0.227742001414299 0.01212495006620884 -0.05303895100951195
v 0.2274090051651001 0.011056950315833092 -0.05297695845365524
v 0.12996099889278412 0.03949999064207077 -0.008702993392944336
v 0.12793989479541779 0.03949999064207077 -0.011164960451424122
v 0.11962000280618668 0.03949999064207077 -0.01561294961720705
v 0.14014799892902374 0.03832196816802025 -0.01694398932158947
v 0.1405320018529892 0.03796594962477684 -0.01600700058043003
v 0.1392659991979599 0.038993000984191895 -0.01614397019147873
v 0.13332299888134003 -0.0029999609105288982 0.017866959795355797
v 0.13302700221538544 -0.004999995231628418 0.019844939932227135
v 0.13330300152301788 -0.003999948035925627 0.01813494972884655
v 0.09485799074172974 -0.040535978972911835 -0.04820096120238304
v 0.0947989821434021 -0.04107797145843506 -0.04702895134687424
v 0.08666098117828369 -0.041516948491334915 -0.03733199089765549
v 0.10179699957370758 -0.008063971064984798 -0.06034296005964279
v 0.13128389418125153 -0.005224943161010742 -0.06049095839262009
v 0.13131000101566315 -0.010315950028598309 -0.06010996922850609
v 0.09595298022031784 -0.040767960250377655 -0.04834597930312157
v 0.14198489487171173 -0.0414079986512661 -0.04733794182538986
v 0.09473896026611328 -0.04137200117111206 -0.045865949243307114
v 0.1462170034646988 -0.040509991347789764 -0.0414159782230854
v 0.14381200075149536 -0.041181981563568115 -0.04038697108626366
v 0.14368200302124023 -0.04134500026702881 -0.04067295044660568
v 0.09432797878980637 -0.033581968396902084 -0.05414700135588646
v 0.09355497360229492 -0.032583948224782944 -0.054236941039562225
v 0.09219896048307419 -0.029461970552802086 -0.0552169606089592
v 0.20250900089740753 -0.011759989894926548 -0.03579998016357422
v 0.21872200071811676 0.011428950354456902 -0.035631950944662094
v 0.2021780014038086 0.011925989761948586 -0.035812970250844955
v 0.1412860006093979 0.03647499904036522 0.01599395088851452
v 0.1364499032497406 0.036681950092315674 0.015909960493445396
v 0.1364499032497406 0.036681950092315674 0.014659999869763851
v 0.13277800381183624 -0.006526947021484375 0.03130095824599266
v 0.13298599421977997 -0.007853983901441097 0.029989950358867645
v 0.13804900646209717 -0.008549988269805908 0.035034000873565674
v 0.136230006814003 -0.02949899062514305 0.03286498039960861
v 0.1359499990940094 -0.02781200036406517 0.03440796956419945
v 0.13617190718650818 -0.02844798006117344 0.03281496837735176
v 0.1384499967098236 0.03362493962049484 0.03038197010755539
v 0.14230599999427795 0.03365498036146164 0.030710989609360695
v 0.1384499967098236 0.03261797875165939 0.029374949634075165
v 0.13269999623298645 -0.03949999064207077 0.014824979938566685
v 0.13269999623298645 -0.03949999064207077 0.00032500000088475645
v 0.13288800418376923 -0.038399990648031235 0.014824979938566685
v 0.13146300613880157 -0.03949999064207077 -0.005893945228308439
v 0.12996099889278412 -0.03949999064207077 -0.008702993392944336
v 0.13146300613880157 -0.038399990648031235 -0.005893945228308439
v 0.1512729972600937 -0.037817951291799545 -0.04167497158050537
v 0.15958000719547272 0.03459494933485985 -0.04166698083281517
v 0.15005989372730255 -0.03751295059919357 -0.041660960763692856
v 0.12155690044164658 -0.008273959159851074 0.03491199016571045
v 0.12144999951124191 -0.005361973773688078 0.03521496057510376
v 0.12158100306987762 -0.005435943137854338 0.03570394963026047
v 0.2274090051651001 0.011056950315833092 -0.05297695845365524
v 0.23093800246715546 0.009145975112915039 -0.05347096174955368
v 0.22798900306224823 0.012151000089943409 -0.05316995829343796
v 0.12818799912929535 -0.04061894863843918 -0.011412969790399075
v 0.12475000321865082 -0.038399990648031235 -0.01405095960944891
v 0.12806400656700134 -0.038399990648031235 -0.011288999579846859
v 0.1364499032497406 -0.03907196968793869 -0.0006379999686032534
v 0.13921000063419342 -0.0390239916741848 -0.002398967044427991
v 0.1364499032497406 -0.03907196968793869 -0.002447962062433362
v 0.09545999020338058 -0.03930598124861717 -0.05019700154662132
v 0.09435497969388962 -0.04038900136947632 -0.047883979976177216
v 0.09223096817731857 -0.03633296117186546 -0.04979699105024338
v 0.1442209929227829 0.04091399163007736 -0.0487629696726799
v 0.14428800344467163 0.04105097055435181 -0.048235949128866196
v 0.14621800184249878 0.04051493853330612 -0.04141997918486595
v 0.13083100318908691 -0.009746967814862728 0.035451941192150116
v 0.1300898939371109 -0.009041965007781982 0.03556596860289574
v 0.1359499990940094 -0.008313952945172787 0.035906970500946045
v 0.12806400656700134 -0.038399990648031235 -0.011288999579846859
v 0.12547799944877625 -0.03949999064207077 -0.013185969553887844
v 0.12547799944877625 -0.038399990648031235 -0.013185969553887844
v 0.1364499032497406 -0.036681950092315674 0.0067309727892279625
v 0.1413010060787201 -0.036453958600759506 0.0068159690126776695
v 0.1364499032497406 -0.036681950092315674 0.005480945110321045
v 0.09240894764661789 0.039681971073150635 0.027069980278611183
v 0.09338498115539551 0.03959900140762329 0.02837699092924595
v 0.09363894909620285 0.03971397131681442 0.028002969920635223
v 0.15523900091648102 -0.037519991397857666 -0.04614698141813278
v 0.1549479067325592 -0.03813498839735985 -0.04610997065901756
v 0.1573140025138855 -0.037109971046447754 -0.04701095074415207
v 0.1405320018529892 0.03796594962477684 0.00234997202642262
v 0.13921000063419342 0.0390239916741848 0.002372979884967208
v 0.1405320018529892 0.03796594962477684 0.0006829999620094895
v 0.1394059956073761 0.005412994883954525 0.03803395852446556
v 0.13940800726413727 0.0024559490848332644 0.03830999135971069
v 0.14011290669441223 0.005157947074621916 0.03769296035170555
v 0.08100699633359909 0.017357999458909035 -0.04638195037841797
v 0.08112894743680954 0.013964950107038021 -0.04796797037124634
v 0.08096294850111008 0.013742979615926743 -0.04723399132490158
v 0.15930600464344025 0.03444695100188255 -0.04713594168424606
v 0.1594419926404953 0.035399969667196274 -0.04736094921827316
v 0.16001500189304352 0.035636961460113525 -0.04736899957060814
v 0.1384499967098236 -0.037749938666820526 0.027999989688396454
v 0.14142100512981415 -0.03765897825360298 0.029056960716843605
v 0.14131200313568115 -0.03781098127365112 0.028011970221996307
v 0.08564697951078415 -0.04155194014310837 -0.0358240008354187
v 0.08572094887495041 -0.04163794964551926 -0.02986793965101242
v 0.08476798981428146 -0.04153596982359886 -0.03284496068954468
v 0.1299169957637787 -0.02154999040067196 -0.05842595919966698
v 0.12896199524402618 -0.023185959085822105 -0.057991981506347656
v 0.11718399822711945 -0.02424895018339157 -0.05780797824263573
v 0.19854900240898132 -0.015151970088481903 -0.05263495072722435
v 0.20035700500011444 -0.01434599980711937 -0.053026970475912094
v 0.20023900270462036 -0.013233950361609459 -0.052804939448833466
v 0.1359499990940094 -0.036195989698171616 0.027798950672149658
v 0.13604100048542023 -0.04071097820997238 0.03190099820494652
v 0.13619999587535858 -0.03856997936964035 0.024189939722418785
v 0.12930400669574738 -0.009148955345153809 0.034985948354005814
v 0.12927600741386414 -0.00919497013092041 0.028482969850301743
v 0.12570889294147491 -0.009001970291137695 0.03497397154569626
v 0.14091600477695465 0.028388969600200653 0.032375991344451904
v 0.14097799360752106 0.02932094968855381 0.031995948404073715
v 0.14062699675559998 0.021028989925980568 0.033305998891592026
v 0.1364499032497406 -0.036681950092315674 0.00854098703712225
v 0.1364499032497406 -0.03907196968793869 0.00854098703712225
v 0.1364499032497406 -0.03907196968793869 0.009790956042706966
v 0.08807896822690964 -0.014457999728620052 -0.058395981788635254
v 0.08489900082349777 -0.011087950319051743 -0.05611199140548706
v 0.08816199749708176 -0.012598990462720394 -0.058937959372997284
v 0.08452098816633224 -0.006047964096069336 -0.056728001683950424
v 0.0843929573893547 -0.006040989886969328 -0.05647199973464012
v 0.0842689797282219 -0.001227973960340023 -0.05681395158171654
v 0.1494860053062439 0.038255978375673294 -0.043425969779491425
v 0.14619199931621552 0.03795896843075752 -0.041496988385915756
v 0.14693500101566315 0.037869978696107864 -0.043675001710653305
v 0.08105295151472092 0.02038395032286644 -0.04521995037794113
v 0.08112894743680954 0.018155990168452263 -0.046499960124492645
v 0.1412860006093979 0.03647499904036522 0.006814956199377775
v 0.14131100475788116 0.03644895181059837 0.008455990813672543
v 0.1405320018529892 0.03796594962477684 0.008468984626233578
v 0.1364499032497406 -0.03907196968793869 -0.00675696088001132
v 0.1364499032497406 -0.036681950092315674 -0.00675696088001132
v 0.1405320018529892 -0.03796594962477684 -0.00682795001193881
v 0.13617190718650818 0.013342970050871372 0.03435599058866501
v 0.14004600048065186 0.011967949569225311 0.03466897830367088
v 0.13948500156402588 0.010918970219790936 0.03487294167280197
v 0.1404159963130951 -0.005827962886542082 0.03689097985625267
v 0.1328829973936081 -0.004359960090368986 0.030640950426459312
v 0.14028200507164001 -0.004085958003997803 0.03712695091962814
v 0.1366720050573349 0.0031019439920783043 0.035849981009960175
v 0.13264499604701996 0.004853962920606136 0.032142989337444305
v 0.1325989067554474 0.0029999609105288982 0.03243296965956688
v 0.13096100091934204 -0.00849997904151678 0.03318595141172409
v 0.13491490483283997 -0.004999995231628418 0.007993996143341064
v 0.12937000393867493 0.008406995795667171 0.035766951739788055
v 0.1301880031824112 0.009091973304748535 0.03556298837065697
v 0.1359499990940094 0.008313952945172787 0.035906970500946045
v 0.1412860006093979 0.03647499904036522 -0.011541959829628468
v 0.1364499032497406 0.036681950092315674 -0.011625939980149269
v 0.1364499032497406 0.036681950092315674 -0.01287597045302391
v 0.2069070041179657 -0.012947970069944859 -0.053089968860149384
v 0.20969800651073456 -0.012034949846565723 -0.05302798002958298
v 0.20690999925136566 -0.012037989683449268 -0.05298696830868721
v 0.14266400039196014 0.008480966091156006 0.0028209679294377565
v 0.13736799359321594 0.004349946044385433 0.002320945030078292
v 0.14264890551567078 0.005876957904547453 0.00060299999313429
v 0.14285199344158173 0.013113969936966896 0.02703797072172165
v 0.13353799283504486 0.007400989066809416 0.02650696039199829
v 0.14282700419425964 0.011345979757606983 0.009215950034558773
v 0.1359499990940094 0.04051493853330612 -0.018189959228038788
v 0.1359499990940094 0.03944795951247215 -0.018503960222005844
v 0.10248500108718872 0.039403971284627914 -0.017413970082998276
v 0.13813099265098572 0.00924694538116455 0.03556400164961815
v 0.13832999765872955 0.008971989154815674 0.03507297858595848
v 0.13744999468326569 0.007415949832648039 0.03572499006986618
v 0.1359499990940094 0.03848695009946823 -0.019168969243764877
v 0.11622600257396698 0.03801196068525314 -0.03137195110321045
v 0.1024869978427887 0.03780895099043846 -0.018451979383826256
v 0.1359499990940094 0.014157949946820736 0.035778988152742386
v 0.13611699640750885 0.014241989701986313 0.03415900096297264
v 0.13617190718650818 0.013342970050871372 0.03435599058866501
v 0.09533298015594482 -0.03505396097898483 -0.05382198095321655
v 0.09527897089719772 -0.036322951316833496 -0.0528709813952446
v 0.09477198123931885 -0.03518199175596237 -0.05337195843458176
v 0.08139996975660324 0.01266700029373169 0.03518294915556908
v 0.1244949996471405 0.013220960274338722 0.035792939364910126
v 0.11929699778556824 0.013426950201392174 0.03561794012784958
v 0.1207398995757103 -0.04173696041107178 -0.027827970683574677
v 0.14300599694252014 -0.017316989600658417 -0.023253969848155975
v 0.1429498940706253 -0.015778949484229088 -0.022358950227499008
v 0.14031699299812317 0.01193499006330967 0.03417795151472092
v 0.14014600217342377 0.011424950323998928 0.034199949353933334
v 0.14013899862766266 0.011509950272738934 0.034596968442201614
v 0.14489899575710297 -0.013999990187585354 -0.024353979155421257
v 0.144896000623703 0.013999990187585354 -0.024340979754924774
v 0.1447959989309311 -0.015571950003504753 -0.024161990731954575
v 0.1359499990940094 0.04082195833325386 -0.017497949302196503
v 0.1359499990940094 0.04051493853330612 -0.018189959228038788
v 0.1359499990940094 0.03744595870375633 -0.0033049581106752157
v 0.1359499990940094 0.0 0.038356948643922806
v 0.1190359964966774 0.0064469571225345135 0.03751099109649658
v 0.11806599795818329 0.005940972827374935 0.037577979266643524
v 0.1401049941778183 -0.03760099038481712 -0.019097980111837387
v 0.1392659991979599 -0.03809498995542526 -0.044131990522146225
v 0.14115500450134277 -0.036650948226451874 -0.04389195889234543
v 0.21489499509334564 0.011521990410983562 -0.043499939143657684
v 0.20982399582862854 -0.0009960000170394778 -0.043474968522787094
v 0.20982900261878967 0.0009979999158531427 -0.043475981801748276
v 0.1447959989309311 0.015571950003504753 -0.024161990731954575
v 0.14405900239944458 0.013999990187585354 -0.02324599027633667
v 0.144119992852211 -0.013999990187585354 -0.023274000734090805
v 0.1412860006093979 0.03647499904036522 -0.01460099034011364
v 0.14131100475788116 0.03644895181059837 -0.012960970401763916
v 0.1405320018529892 0.03796594962477684 -0.0129469595849514
v 0.1363389939069748 0.03941195830702782 -0.016034960746765137
v 0.1364499032497406 0.036681950092315674 -0.014685980044305325
v 0.1364499032497406 0.03907196968793869 -0.014685980044305325
v 0.09929198026657104 -0.039035968482494354 0.031472980976104736
v 0.09775000065565109 -0.03934495896100998 0.030847959220409393
v 0.0993880033493042 -0.039684951305389404 0.030941959470510483
v 0.08108395338058472 0.006662963889539242 -0.049228958785533905
v 0.08114396780729294 0.009621976874768734 -0.04904596880078316
v 0.08115500211715698 0.0037619469221681356 -0.04985594004392624
v 0.08799195289611816 -0.04171197861433029 -0.027785949409008026
v 0.14225900173187256 0.034698959439992905 0.030998999252915382
v 0.09066294878721237 0.032937999814748764 -0.051091961562633514
v 0.09057997912168503 0.03259294852614403 -0.05128597840666771
v 0.08146995306015015 0.03092597983777523 -0.03976196050643921
v 0.1359499990940094 0.04082195833325386 -0.017497949302196503
v 0.1359499990940094 0.03847998008131981 -0.0019969940185546875
v 0.13604700565338135 0.040700968354940414 0.03192894905805588
v 0.1200530007481575 -0.009937942028045654 0.0367579385638237
v 0.1321129947900772 -0.012969969771802425 0.0360260009765625
v 0.12028899788856506 -0.008838950656354427 0.037042971700429916
v 0.08153396099805832 -0.03612995147705078 -0.03493297100067139
v 0.08113598078489304 -0.03055495023727417 -0.03916095942258835
v 0.08151596039533615 -0.030898980796337128 -0.03984694927930832
v 0.1396860033273697 -0.04018700122833252 -0.017511960119009018
v 0.1411370038986206 -0.039143968373537064 0.026324979960918427
v 0.13913099467754364 -0.04043399915099144 0.02697795070707798
v 0.13611699640750885 -0.014241989701986313 0.03415900096297264
v 0.13619999587535858 -0.013342970050871372 0.03435599058866501
v 0.14029599726200104 -0.014110979624092579 0.033968981355428696
v 0.13633599877357483 -0.03667895868420601 0.020955970510840416
v 0.13620899617671967 -0.03646694868803024 0.021990949288010597
v 0.14130690693855286 -0.036238960921764374 0.022010980173945427
v 0.1309330016374588 0.012224970385432243 0.03467696160078049
v 0.1309330016374588 0.010389979928731918 0.03526996821165085
v 0.13050200045108795 0.012185989879071712 0.03456699103116989
v 0.09522198885679245 -0.040259949862957 -0.04885696992278099
v 0.2295919954776764 -0.008960962295532227 -0.052981968969106674
v 0.23083999752998352 -0.009476958774030209 -0.05303895100951195
v 0.22809100151062012 -0.011060950346291065 -0.052963968366384506
v 0.132874995470047 0.038399990648031235 0.00032500000088475645
v 0.1328458935022354 0.038399990648031235 0.014824979938566685
v 0.13204500079154968 0.03848296031355858 0.008074997924268246
v 0.0889589712023735 0.028643960133194923 -0.052435990422964096
v 0.08763498067855835 0.024213960394263268 -0.05387299880385399
v 0.23003000020980835 0.010865979827940464 -0.052913960069417953
v 0.23243990540504456 0.012703949585556984 -0.040081970393657684
v 0.23106299340724945 0.00889599323272705 -0.053023990243673325
v 0.14095599949359894 0.030025949701666832 0.03173195943236351
v 0.14061200618743896 0.029457980766892433 0.032377950847148895
v 0.13921000063419342 -0.0390239916741848 0.01901697926223278
v 0.1413010060787201 -0.036453958600759506 0.019053990021348
v 0.1364499032497406 -0.03907196968793869 0.018968990072607994
v 0.08114498108625412 -0.01828497089445591 -0.0465119406580925
v 0.08564597368240356 -0.015446959994733334 -0.055709950625896454
v 0.08130096644163132 -0.019091960042715073 -0.046499960124492645
v 0.2203110009431839 0.012050979770720005 -0.03980797156691551
v 0.22148199379444122 0.011817989870905876 -0.040745969861745834
v 0.22278299927711487 0.011852970346808434 -0.04005198925733566
v 0.08782397955656052 -0.007812975905835629 -0.05955898016691208
v 0.08717899769544601 -0.007838964462280273 -0.059124939143657684
v 0.08695899695158005 -0.004809975158423185 -0.059305958449840546
v 0.1512729972600937 -0.037817951291799545 -0.04167497158050537
v 0.15174500644207 -0.03827898949384689 -0.041563980281353
v 0.1523430049419403 -0.037727948278188705 -0.0416640006005764
v 0.13606299459934235 -0.03835897892713547 -0.043785981833934784
v 0.1359499990940094 -0.03848898038268089 -0.019159970805048943
v 0.13186399638652802 -0.03856198862195015 -0.039199940860271454
v 0.12601999938488007 -0.041726939380168915 -0.04470700025558472
v 0.1359190046787262 -0.04180895909667015 -0.04468898847699165
v 0.08879995346069336 -0.041626978665590286 -0.03299998864531517
v 0.1364499032497406 -0.03907196968793869 0.005480945110321045
v 0.1364499032497406 -0.03907196968793869 0.003671943908557296
v 0.1364089995622635 -0.039557989686727524 -0.01600795052945614
v 0.12218599766492844 -0.0055019850842654705 0.03613400086760521
v 0.12243299931287766 -0.0027749529108405113 0.03651499003171921
v 0.1364399939775467 -0.003037988906726241 0.03669195994734764
v 0.1359499990940094 -0.03748797997832298 -0.0033079979475587606
v 0.13612200319766998 -0.038445938378572464 -0.018067950382828712
v 0.1359499990940094 -0.03949600085616112 -0.018503960222005844
v 0.13082590699195862 0.012883960269391537 0.03443598002195358
v 0.13617190718650818 0.013342970050871372 0.03435599058866501
v 0.1364499032497406 -0.036681950092315674 -0.00856697466224432
v 0.1413010060787201 -0.036453958600759506 -0.008481979370117188
v 0.1364499032497406 -0.036681950092315674 -0.009816943667829037
v 0.0845789909362793 0.0068849921226501465 -0.05667299032211304
v 0.08448100090026855 0.004852950107306242 -0.056764960289001465
v 0.08428198099136353 0.002016961108893156 -0.0568009614944458
v 0.14210200309753418 -0.03441696986556053 -0.018130000680685043
v 0.14169999957084656 -0.0347369909286499 0.02306097000837326
v 0.14169999957084656 -0.03327995166182518 -0.018042979761958122
v 0.11936499923467636 0.015645980834960938 0.035134971141815186
v 0.11091499775648117 0.015166990458965302 0.03498195856809616
v 0.11933299899101257 0.01452696043998003 0.03529398888349533
v 0.14096699655056 0.013249989598989487 0.03178995102643967
v 0.1332470029592514 0.00870597269386053 0.028337949886918068
v 0.14058800041675568 0.012490980327129364 0.0328439399600029
v 0.22736500203609467 -0.011800999753177166 -0.03749698027968407
v 0.2229200005531311 -0.011790989898145199 -0.04003595933318138
v 0.22254900634288788 -0.01187795028090477 -0.04013298824429512
v 0.13753299415111542 0.002286969916895032 0.0012819760013371706
v 0.14263899624347687 0.0024669759441167116 -0.0008369999704882503
v 0.14264099299907684 0.0031339519191533327 -0.0005679999594576657
v 0.13631699979305267 0.02844798006117344 0.03281496837735176
v 0.1362829953432083 0.02940797060728073 0.03285396099090576
v 0.1359499990940094 0.02781200036406517 0.03440796956419945
v 0.1405480057001114 -0.007122993003576994 0.03701496124267578
v 0.14093999564647675 -0.008713959716260433 0.03573000058531761
v 0.14071500301361084 -0.007325946819037199 0.036550991237163544
v 0.0899539515376091 -0.01712298020720482 -0.058593980967998505
v 0.09001696109771729 -0.02183794043958187 -0.05735898017883301
v 0.08884996175765991 -0.017283970490098 -0.058168940246105194
v 0.1429498940706253 -0.0348469614982605 -0.017517980188131332
v 0.14289000630378723 -0.03354597091674805 -0.018288960680365562
v 0.1429000049829483 -0.009904979728162289 0.00428998377174139
v 0.11933299899101257 -0.01452696043998003 0.03529398888349533
v 0.1104779988527298 -0.015143989585340023 0.034969981759786606
v 0.12776489555835724 -0.014361970126628876 0.035535991191864014
v 0.14447100460529327 0.041201941668987274 -0.04109698161482811
v 0.19984500110149384 0.013561960309743881 -0.03643995150923729
v 0.15603600442409515 0.03627299889922142 -0.035901959985494614
v 0.1959639936685562 0.015220990404486656 -0.04166495054960251
v 0.1384499967098236 0.036374978721141815 0.025617949664592743
v 0.14150799810886383 0.0376729890704155 0.027081960812211037
v 0.1384499967098236 0.037381939589977264 0.026624970138072968
v 0.14057089388370514 -0.028377950191497803 0.032723959535360336
v 0.14080199599266052 -0.028351960703730583 0.032576970756053925
v 0.1407908946275711 -0.029116980731487274 0.032442979514598846
v 0.09025996178388596 0.0237649604678154 -0.05668199062347412
v 0.09012895077466965 0.022170960903167725 -0.057300981134176254
v 0.08669494837522507 0.021006999537348747 -0.05445098131895065
v 0.1405470073223114 0.028459960594773293 0.03272097930312157
v 0.14079700410366058 0.028414959087967873 0.032579950988292694
v 0.13332499563694 -0.007185995113104582 0.027849970385432243
v 0.13353799283504486 -0.007400989066809416 0.02650696039199829
v 0.13353799283504486 -0.008999942801892757 0.02650696039199829
v 0.13274599611759186 -0.020289000123739243 -0.05801796168088913
v 0.132765993475914 -0.014046959578990936 -0.059055980294942856
v 0.20250700414180756 -0.012319980189204216 -0.059226978570222855
v 0.15523900091648102 -0.037519991397857666 -0.04614698141813278
v 0.15718300640583038 -0.03648995980620384 -0.04680496081709862
v 0.1573140025138855 -0.037109971046447754 -0.04701095074415207
v 0.1425829976797104 -0.032832980155944824 0.030592970550060272
v 0.14178599417209625 -0.02753995917737484 0.033863961696624756
v 0.14246299862861633 -0.033345989882946014 0.030668970197439194
v 0.14436699450016022 0.015733949840068817 -0.023661969229578972
v 0.13001500070095062 -0.013055980205535889 0.0340389609336853
v 0.12998400628566742 -0.012257990427315235 0.033920999616384506
v 0.131449893116951 -0.013288970105350018 0.03374195098876953
v 0.1164499968290329 -0.03949999064207077 -0.01592499017715454
v 0.11962000280618668 -0.03949999064207077 -0.01561294961720705
v 0.12923690676689148 -0.008368968032300472 0.03577398881316185
v 0.13921000063419342 0.0390239916741848 0.0006599999614991248
v 0.1364499032497406 0.03907196968793869 0.002421974902972579
v 0.1359499990940094 -0.04082195833325386 -0.017497949302196503
v 0.12475000321865082 -0.04052894935011864 -0.01405095960944891
v 0.12074600160121918 -0.040423981845378876 -0.015708979219198227
v 0.1364499032497406 -0.036681950092315674 -0.01287597045302391
v 0.14129599928855896 -0.03646998852491379 -0.012960970401763916
v 0.1405320018529892 -0.03796594962477684 -0.0129469595849514
v 0.1362379938364029 0.030249949544668198 0.031838949769735336
v 0.1362829953432083 0.02940797060728073 0.03285396099090576
v 0.13623300194740295 0.030445989221334457 0.03266400098800659
v 0.14157399535179138 0.014000950381159782 0.0277519803494215
v 0.1416890025138855 0.014172970317304134 0.02703499048948288
v 0.1415410041809082 0.013841980136930943 0.027054959908127785
v 0.14129599928855896 -0.03646998852491379 0.002336977981030941
v 0.1405320018529892 -0.03796594962477684 0.00234997202642262
v 0.1364499032497406 -0.036681950092315674 0.002421974902972579
v 0.08993195742368698 -0.03955595940351486 0.024902990087866783
v 0.0910249873995781 -0.039380960166454315 0.026669969782233238
v 0.08950001001358032 -0.039179980754852295 0.025257999077439308
v 0.1325989067554474 -0.0029999609105288982 0.03243296965956688
v 0.13680599629878998 -0.003069995902478695 0.03608899936079979
v 0.13685500621795654 -0.002151966094970703 0.03612697124481201
v 0.1405559927225113 -0.02918194979429245 0.03251497820019722
v 0.12995000183582306 -0.010107990354299545 0.03431098908185959
v 0.13638100028038025 0.039814941585063934 0.022028980776667595
v 0.1364499032497406 0.03907196968793869 -0.0006379999686032534
v 0.1364499032497406 0.03907196968793869 0.0006119999452494085
v 0.13615299761295319 0.038445938378572464 -0.018067000433802605
v 0.10249599814414978 0.038195960223674774 -0.01785098947584629
v 0.09384094923734665 -0.04144597053527832 -0.044449981302022934
v 0.11896300315856934 -0.006375967990607023 0.03752195090055466
v 0.11806599795818329 -0.005940972827374935 0.037577979266643524
v 0.22515900433063507 -0.012887000106275082 -0.05313897132873535
v 0.22536590695381165 -0.012074939906597137 -0.05303299054503441
v 0.22814099490642548 -0.012114999815821648 -0.05342400074005127
v 0.08447200059890747 -0.041200991719961166 -0.03283094987273216
v 0.08153896778821945 -0.037169989198446274 -0.033900968730449677
v 0.08531396836042404 -0.04130195826292038 -0.03599797934293747
v 0.13757100701332092 -0.005289970897138119 0.0010429619578644633
v 0.1414860039949417 -0.004082976840436459 -0.0014339679619297385
v 0.14140090346336365 -0.006514966022223234 -3.199999991920777e-05
v 0.1364499032497406 -0.036681950092315674 -0.011625939980149269
v 0.1413010060787201 -0.036453958600759506 -0.011540940031409264
v 0.13248400390148163 0.038399990648031235 -0.003970980178564787
v 0.12977199256420135 0.038368988782167435 -0.0016429419629275799
v 0.132874995470047 0.038399990648031235 0.00032500000088475645
v 0.13921000063419342 -0.0390239916741848 -0.006804943084716797
v 0.13921000063419342 -0.0390239916741848 -0.008517979644238949
v 0.1462170034646988 -0.040509991347789764 -0.0414159782230854
v 0.1449500024318695 -0.015367980115115643 -0.02479100041091442
v 0.204025000333786 0.012480969540774822 -0.041633959859609604
v 0.20048199594020844 0.013353999704122543 -0.041633959859609604
v 0.1959639936685562 -0.01522194966673851 -0.04166299104690552
v 0.1414330005645752 -0.034398969262838364 0.02360795997083187
v 0.14146800339221954 -0.0355370007455349 0.022890979424118996
v 0.14120790362358093 -0.03509293869137764 0.02345198020339012
v 0.229763001203537 0.010990969836711884 -0.05293095111846924
v 0.22817300260066986 0.010177959688007832 -0.05256098136305809
v 0.22727300226688385 0.011132000014185905 -0.0525999590754509
v 0.2274090051651001 0.011056950315833092 -0.05297695845365524
v 0.19770100712776184 0.014081950299441814 -0.04348098859190941
v 0.2040189951658249 0.010288950055837631 -0.04361896961927414
v 0.1986279934644699 0.011532960459589958 -0.043475981801748276
v 0.14169999957084656 0.03149997815489769 -0.04465800151228905
v 0.14169900119304657 0.03248095139861107 -0.018384989351034164
v 0.14169900119304657 0.0322839617729187 -0.04423695057630539
v 0.08094996213912964 0.02323698066174984 -0.04324799031019211
v 0.08112800121307373 0.023631980642676353 -0.043971948325634
v 0.10249199718236923 -0.03994596004486084 -0.016621939837932587
v 0.10248599946498871 -0.03940194100141525 -0.017409980297088623
v 0.14115500450134277 0.036652978509664536 -0.04379497841000557
v 0.139164999127388 0.03807299956679344 -0.019136959686875343
v 0.1393039971590042 0.038155969232320786 -0.04415297135710716
v 0.14132699370384216 0.03644198179244995 -0.01602094992995262
v 0.14165499806404114 0.035464998334646225 -0.017322950065135956
v 0.14169999957084656 0.034834980964660645 -0.017418980598449707
v 0.08643894642591476 0.04125100001692772 -0.03755395859479904
v 0.08151698112487793 0.037169989198446274 -0.03389995917677879
v 0.0848659798502922 0.041318949311971664 -0.03475499153137207
v 0.13102500140666962 0.041816938668489456 -0.04193698987364769
v 0.13591699302196503 0.04180895909667015 -0.04468797892332077
v 0.08879995346069336 0.041626978665590286 -0.03299998864531517
v 0.14125700294971466 0.01537798997014761 0.035242971032857895
v 0.14160999655723572 0.010971959680318832 0.03404998034238815
v 0.14160500466823578 0.022732969373464584 0.03441493958234787
v 0.1367889940738678 0.007038949988782406 0.005975961219519377
v 0.13711200654506683 0.005987942218780518 0.0039379592053592205
v 0.1426829993724823 0.01033496018499136 0.005789995193481445
v 0.08804696053266525 0.014468960464000702 -0.05841999873518944
v 0.08896999806165695 0.01760398969054222 -0.058150939643383026
v 0.13611699640750885 -0.014241989701986313 0.03415900096297264
v 0.13001500070095062 -0.013055980205535889 0.0340389609336853
v 0.13619999587535858 -0.013342970050871372 0.03435599058866501
v 0.1332480013370514 -0.029518960043787956 0.03234397992491722
v 0.1332470029592514 -0.03043198026716709 0.03147494047880173
v 0.11846599727869034 -0.02913898043334484 0.0320199690759182
v 0.11614999920129776 0.006090998183935881 0.037519991397857666
v 0.10006500035524368 0.005898952018469572 0.037265948951244354
v 0.14129599928855896 -0.03646998852491379 -0.009900987148284912
v 0.1405320018529892 -0.03796594962477684 -0.009887993335723877
v 0.13086499273777008 0.009862959384918213 0.035420000553131104
v 0.14146900177001953 -0.030485980212688446 0.02794896997511387
v 0.1416890025138855 -0.014172970317304134 0.02703499048948288
v 0.14169999957084656 -0.014113959856331348 0.026324979960918427
v 0.14164899289608002 -0.03664594143629074 0.030272960662841797
v 0.1384499967098236 -0.036374978721141815 0.03038197010755539
v 0.14184799790382385 -0.03666596859693527 0.030335960909724236
v 0.1411370038986206 0.039143968373537064 0.026324979960918427
v 0.13913199305534363 0.040430959314107895 0.02703797072172165
v 0.14112700521945953 0.03913997858762741 0.027103960514068604
v 0.1462039053440094 -0.0407719612121582 -0.04852598160505295
v 0.14430199563503265 -0.04119294136762619 -0.04100596159696579
v 0.14040300250053406 -0.03631597012281418 -0.01808297075331211
v 0.14014889299869537 -0.037522971630096436 -0.01744496077299118
v 0.14108599722385406 -0.03717796877026558 -0.017251959070563316
v 0.08661495894193649 -0.02028696984052658 -0.05479395017027855
v 0.08112800121307373 -0.023631980642676353 -0.043971948325634
v 0.19867190718650818 0.015160970389842987 -0.05254095047712326
v 0.1993280053138733 0.013751979917287827 -0.05272597074508667
v 0.19720390439033508 0.015453989617526531 -0.052711959928274155
v 0.08113496750593185 -0.03612995147705078 -0.034136950969696045
v 0.08172398060560226 -0.036421000957489014 -0.034969981759786606
v 0.08752094954252243 -0.023773960769176483 -0.05397598817944527
v 0.09026198834180832 -0.023763950914144516 -0.05667996034026146
v 0.21571899950504303 0.010916939936578274 -0.0437309704720974
v 0.22640900313854218 0.01108098030090332 -0.05283397063612938
v 0.20728200674057007 0.011413989588618279 -0.05289195850491524
v 0.13283999264240265 -0.038399990648031235 0.00032500000088475645
v 0.14854399859905243 -0.03540598973631859 -0.04160099849104881
v 0.14878490567207336 -0.03541398048400879 -0.04167497158050537
v 0.1959639936685562 -0.01522194966673851 -0.04166299104690552
v 0.1560239940881729 0.036306969821453094 -0.0416640006005764
v 0.1595740020275116 -0.03458397835493088 -0.04166597127914429
v 0.13617700338363647 -0.028487980365753174 0.033563971519470215
v 0.136230006814003 -0.02949899062514305 0.03286498039960861
v 0.1359499990940094 -0.027758950367569923 0.03441398963332176
v 0.1359499990940094 0.04082195833325386 -0.017497949302196503
v 0.1359499990940094 0.04051493853330612 -0.018189959228038788
v 0.13617190718650818 0.03943895921111107 -0.017019979655742645
v 0.22278299927711487 0.011852970346808434 -0.04005198925733566
v 0.228303000330925 0.009199975989758968 -0.03696494922041893
v 0.22762100398540497 0.01111197005957365 -0.03735797852277756
v 0.14155900478363037 -0.00993496086448431 0.0029569859616458416
v 0.14155100286006927 -0.007352948188781738 0.00027699998463504016
v 0.14169999957084656 -0.010194949805736542 0.0027749529108405113
v 0.20048199594020844 0.013353999704122543 -0.041633959859609604
v 0.20503200590610504 -0.012137940153479576 -0.04166495054960251
v 0.12996099889278412 0.038399990648031235 -0.008702993392944336
v 0.13146300613880157 0.038399990648031235 -0.005893945228308439
v 0.12845399975776672 0.03864495828747749 -0.0037879939191043377
v 0.20937000215053558 -0.010857990011572838 -0.04382698982954025
v 0.22053200006484985 -0.011300980113446712 -0.04311800003051758
v 0.22675999999046326 -0.011052959598600864 -0.05294597148895264
v 0.1310950070619583 -0.03859800100326538 -0.038291990756988525
v 0.14129599928855896 -0.03646998852491379 -0.006841957103461027
v 0.1413010060787201 -0.036453958600759506 -0.005421996116638184
v 0.10091400146484375 -0.027600999921560287 0.031995948404073715
v 0.10108400136232376 -0.02452296018600464 0.03235900029540062
v 0.11848200112581253 -0.027983959764242172 0.03241394832730293
v 0.1384499967098236 -0.03362493962049484 0.03038197010755539
v 0.1384499967098236 -0.03261797875165939 0.029374949634075165
v 0.1422549933195114 -0.03321396932005882 0.03024398908019066
v 0.22517000138759613 0.012902970425784588 -0.053071968257427216
v 0.20970900356769562 0.012887000106275082 -0.05303096026182175
v 0.20970399677753448 0.012053960002958775 -0.053031980991363525
v 0.14253689348697662 0.03243397921323776 0.026841990649700165
v 0.1384499967098236 0.03261797875165939 0.026624970138072968
v 0.14247800409793854 0.03219199180603027 0.027924949303269386
v 0.2281769961118698 -0.01002299040555954 -0.039455950260162354
v 0.22376300394535065 -0.011277969926595688 -0.04177999123930931
v 0.22793790698051453 -0.011212999932467937 -0.03937995061278343
v 0.14428800344467163 0.04105097055435181 -0.048235949128866196
v 0.15232400596141815 0.039107970893383026 -0.04502695053815842
v 0.15224400162696838 0.039055999368429184 -0.05146199092268944
v 0.14130200445652008 -0.009979963302612305 0.03492897003889084
v 0.1416189968585968 -0.01093900017440319 0.0340309701859951
v 0.1331329047679901 -0.006560980807989836 0.029061969369649887
v 0.1519320011138916 0.0383489690721035 -0.04017096012830734
v 0.1495790034532547 0.03739595040678978 -0.041581980884075165
v 0.1514918953180313 0.03807394951581955 -0.041615959256887436
v 0.20970399677753448 0.012053960002958775 -0.053031980991363525
v 0.20691099762916565 0.012026960030198097 -0.052980948239564896
v 0.11808899790048599 -0.007452963851392269 0.0339999683201313
v 0.11867400258779526 -0.00803899671882391 0.0339999683201313
v 0.11988700181245804 -0.0073389410972595215 0.0339999683201313
v 0.19701600074768066 0.014298969879746437 -0.05241096019744873
v 0.12216400355100632 0.0 0.036543961614370346
v 0.12243299931287766 0.0027749529108405113 0.03651499003171921
v 0.13639189302921295 0.003014981048181653 0.036694999784231186
v 0.1323879063129425 -0.03949999064207077 -0.0028449890669435263
v 0.1323879063129425 -0.038399990648031235 -0.0028449890669435263
v 0.14169999957084656 -0.031550999730825424 0.02465498074889183
v 0.141634002327919 -0.03172897920012474 0.024827949702739716
v 0.14169999957084656 -0.030940940603613853 0.025430969893932343
v 0.1462039053440094 -0.0407719612121582 -0.04852598160505295
v 0.152305006980896 -0.03859299048781395 -0.04480098932981491
v 0.15523900091648102 -0.037519991397857666 -0.04614698141813278
v 0.15232700109481812 -0.03910195082426071 -0.04501497000455856
v 0.1359499990940094 0.0 0.038356948643922806
v 0.13922500610351562 0.0 0.03839695081114769
v 0.1359499990940094 0.034238990396261215 0.028937989845871925
v 0.1359499990940094 0.03541398048400879 0.029119959101080894
v 0.1359499990940094 0.02781200036406517 0.03440796956419945
v 0.13921000063419342 -0.0390239916741848 -0.005458950065076351
v 0.1405320018529892 -0.03796594962477684 -0.005435943137854338
v 0.15431900322437286 0.03738296031951904 -0.04577295854687691
v 0.1556929051876068 0.03738898038864136 -0.04630696028470993
v 0.15437400341033936 0.038260988891124725 -0.045915961265563965
v 0.12772299349308014 0.013120939955115318 0.03588895872235298
v 0.13326700031757355 -0.028329959139227867 0.032760970294475555
v 0.1304599940776825 0.012688989751040936 0.0344119593501091
v 0.10249199718236923 -0.03359394893050194 0.03273797035217285
v 0.1359499990940094 -0.02781200036406517 0.03440796956419945
v 0.10249199718236923 -0.023930959403514862 0.033968981355428696
v 0.12028899788856506 0.008838950656354427 0.037042971700429916
v 0.1200530007481575 0.009936988353729248 0.0367579385638237
v 0.12028899788856506 0.008838950656354427 0.0339999683201313
v 0.1413010060787201 -0.036453958600759506 0.009874998591840267
v 0.14129599928855896 -0.03646998852491379 0.011515970341861248
v 0.1560239940881729 -0.036306969821453094 -0.0416640006005764
v 0.15147800743579865 -0.037911951541900635 -0.03606396168470383
v 0.1523430049419403 -0.037727948278188705 -0.0416640006005764
v 0.08111696690320969 0.016797000542283058 -0.0470309816300869
v 0.17798100411891937 0.025583980605006218 -0.05053997039794922
v 0.17764100432395935 0.024456970393657684 -0.05032895877957344
v 0.17766490578651428 0.02495097927749157 -0.05030297860503197
v 0.08096896857023239 -0.01265196967869997 0.034781988710165024
v 0.08116494864225388 -0.01558195985853672 0.03379898890852928
v 0.08139598369598389 -0.012665979564189911 0.03518199175596237
v 0.08445799350738525 0.006877957843244076 -0.05644797906279564
v 0.132874995470047 0.038399990648031235 0.00032500000088475645
v 0.13204500079154968 0.03848296031355858 0.008074997924268246
v 0.13189400732517242 0.03865896910429001 0.005566954147070646
v 0.13164399564266205 0.0029999609105288982 0.028231969103217125
v 0.13173599541187286 0.003999948035925627 0.027974959462881088
v 0.13174299895763397 0.0029999609105288982 0.028247950598597527
v 0.12793989479541779 -0.03949999064207077 -0.011164960451424122
v 0.12996099889278412 -0.038399990648031235 -0.008702993392944336
v 0.1384499967098236 0.036374978721141815 0.03038197010755539
v 0.14207099378108978 0.036490969359874725 0.03067898005247116
v 0.1384499967098236 0.03499995917081833 0.03074996918439865
v 0.1359499990940094 -0.03848898038268089 -0.019159970805048943
v 0.1359499990940094 -0.036681950092315674 -0.003496943973004818
v 0.1359499990940094 -0.036672938615083694 -0.03509293869137764
v 0.12917600572109222 -0.00875997543334961 0.03557996824383736
v 0.13256600499153137 0.012971989810466766 0.03603297099471092
v 0.11806699633598328 0.01173597015440464 0.03618896007537842
v 0.11900290101766586 0.011289950460195541 0.03634798154234886
v 0.13605399429798126 -0.04009794816374779 0.0325469896197319
v 0.1359499990940094 -0.02781200036406517 0.03440796956419945
v 0.1359499990940094 -0.03552800044417381 0.029124969616532326
v 0.08115696161985397 0.0007929999846965075 -0.04999399185180664
v 0.1364499032497406 -0.036681950092315674 0.009790956042706966
v 0.13945290446281433 -0.0008289999677799642 0.03837596997618675
v 0.21852800250053406 0.011803979985415936 -0.03615498170256615
v 0.21841399371623993 0.011816970072686672 -0.041525948792696
v 0.2174479067325592 0.011913949623703957 -0.03670495003461838
v 0.08094996213912964 0.019499950110912323 -0.045062001794576645
v 0.1359499990940094 -0.014202949590981007 0.0357699915766716
v 0.1359499990940094 -0.015544950030744076 0.035576991736888885
v 0.13855500519275665 -0.015477949753403664 0.03564995154738426
v 0.14197200536727905 0.011827940121293068 0.03286498039960861
v 0.14234299957752228 0.012681960128247738 0.03179996833205223
v 0.14164100587368011 0.02367495931684971 0.03430097922682762
v 0.1405320018529892 -0.03796594962477684 -0.002375959884375334
v 0.1413010060787201 -0.036453958600759506 -0.0023629660718142986
v 0.20288999378681183 -0.012691969983279705 -0.052798978984355927
v 0.20035700500011444 -0.01434599980711937 -0.053026970475912094
v 0.2032908946275711 -0.013751979917287827 -0.05314397066831589
v 0.1323879063129425 -0.03949999064207077 -0.0028449890669435263
v 0.13269999623298645 -0.03949999064207077 0.00032500000088475645
v 0.13283999264240265 -0.038399990648031235 0.00032500000088475645
v 0.08124995231628418 0.031139960512518883 -0.03901296108961105
v 0.08115196228027344 0.030571989715099335 -0.039202980697155
v 0.08122395724058151 0.03620100021362305 -0.03429095819592476
v 0.13921000063419342 0.0390239916741848 -0.006804943084716797
v 0.14131100475788116 0.03644895181059837 -0.006841957103461027
v 0.1364499032497406 0.03907196968793869 -0.00675696088001132
v 0.14300599694252014 0.017316989600658417 -0.023253969848155975
v 0.1447959989309311 0.016990000382065773 -0.024884989485144615
v 0.1429498940706253 0.018860990181565285 -0.024138979613780975
v 0.2069070041179657 -0.012947970069944859 -0.053089968860149384
v 0.20349499583244324 -0.013229959644377232 -0.05305600166320801
v 0.2032908946275711 -0.013751979917287827 -0.05314397066831589
v 0.1490270048379898 -0.03683096170425415 -0.04157799109816551
v 0.14899300038814545 -0.0363839790225029 -0.04166299104690552
v 0.14129599928855896 -0.03646998852491379 0.005395947955548763
v 0.13251790404319763 0.038399990648031235 0.01886296086013317
v 0.13096000254154205 0.038399990648031235 0.02262496016919613
v 0.13251790404319763 0.0407329685986042 0.01886296086013317
v 0.14095599949359894 -0.027684979140758514 0.034522950649261475
v 0.14133389294147491 -0.03500096872448921 0.03349994868040085
v 0.1368360072374344 0.03943698853254318 -0.018543949350714684
v 0.13910000026226044 0.039647988975048065 -0.018430940806865692
v 0.139397993683815 0.03873395174741745 -0.018511949107050896
v 0.11988700181245804 0.010338960215449333 0.0339999683201313
v 0.1405320018529892 -0.03796594962477684 0.009861946105957031
v 0.14160899817943573 0.038289960473775864 0.02810800075531006
v 0.14143000543117523 0.0376659594476223 0.0290409903973341
v 0.1412779986858368 0.037817951291799545 0.02806699089705944
v 0.15930600464344025 0.03444695100188255 -0.04713594168424606
v 0.15925000607967377 0.03397398814558983 -0.043675001710653305
v 0.16744999587535858 0.02985798940062523 -0.04876399040222168
v 0.1429498940706253 -0.03238296136260033 -0.018412940204143524
v 0.1429498940706253 -0.007698953151702881 0.0013609520392492414
v 0.1395229995250702 0.010712980292737484 0.03435099124908447
v 0.1412860006093979 0.03647499904036522 0.0037559859920293093
v 0.1405320018529892 0.03796594962477684 0.00540995504707098
v 0.1405320018529892 0.03796594962477684 0.0037429919466376305
v 0.1429498940706253 -0.018860990181565285 -0.024138979613780975
v 0.13603399693965912 -0.04173295944929123 -0.036223940551280975
v 0.13685500621795654 0.002151966094970703 0.03612697124481201
v 0.13679000735282898 0.0020759699400514364 0.03662097081542015
v 0.1367969959974289 0.003102957969531417 0.036464981734752655
v 0.11878900229930878 0.006240963004529476 0.0339999683201313
v 0.1359499990940094 -0.036195989698171616 0.027798950672149658
v 0.1359499990940094 -0.03737396001815796 0.020722979679703712
v 0.13604100048542023 -0.04071097820997238 0.03190099820494652
v 0.1364320069551468 -0.007400989066809416 0.008234976790845394
v 0.1368670016527176 -0.008559942245483398 0.005487977992743254
v 0.1364320069551468 -0.008999942801892757 0.008234976790845394
v 0.1359499990940094 -0.03848898038268089 -0.019159970805048943
v 0.1024869978427887 -0.037806980311870575 -0.01846097968518734
v 0.09285598248243332 -0.037604980170726776 -0.03216098994016647
v 0.12933500111103058 0.00916594173759222 0.034967951476573944
v 0.12990300357341766 0.00933897402137518 0.035034000873565674
v 0.13921000063419342 -0.0390239916741848 0.009838998317718506
v 0.1405320018529892 -0.03796594962477684 0.011528960429131985
v 0.14511500298976898 0.03951495140790939 -0.04017496109008789
v 0.1449500024318695 0.03871994838118553 -0.04017496109008789
v 0.14869989454746246 0.03667699918150902 -0.040182940661907196
v 0.14249899983406067 -0.01288795005530119 0.03056894987821579
v 0.1428229957818985 -0.013237950392067432 0.02852099947631359
v 0.14259900152683258 -0.012969969771802425 0.029259970411658287
v 0.1359499990940094 -0.04082195833325386 -0.017497949302196503
v 0.13619999587535858 -0.03981798142194748 0.022028980776667595
v 0.13753299415111542 -0.002286969916895032 0.0012819760013371706
v 0.13736799359321594 -0.004349946044385433 0.002320945030078292
v 0.142644003033638 -0.004424989223480225 -0.00019400000746827573
v 0.10108400136232376 -0.014992949552834034 0.033194951713085175
v 0.11862699687480927 -0.014338970184326172 0.033744990825653076
v 0.14178599417209625 0.03702998161315918 -0.018390949815511703
v 0.14115799963474274 0.03744494169950485 -0.01853298954665661
v 0.1412149965763092 0.03843795880675316 -0.01817196048796177
v 0.1359499990940094 0.03944795951247215 -0.018503960222005844
v 0.13615299761295319 0.038445938378572464 -0.018067000433802605
v 0.1359499990940094 0.03744595870375633 -0.0033049581106752157
v 0.1429498940706253 0.01073496975004673 0.005589962005615234
v 0.14292700588703156 0.03258800134062767 0.02587698958814144
v 0.1429498940706253 0.011645969934761524 0.00918799638748169
v 0.1384499967098236 0.03224997967481613 0.027999989688396454
v 0.1424430012702942 0.03238296136260033 0.029142970219254494
v 0.12266899645328522 -0.03949999064207077 -0.014687949791550636
v 0.08121699094772339 0.021205959841609 0.03068297915160656
v 0.08098798245191574 0.018356969580054283 0.03218299150466919
v 0.08135396242141724 0.01852094940841198 0.0324699804186821
v 0.08112800121307373 -0.023631980642676353 -0.043971948325634
v 0.13921000063419342 -0.0390239916741848 -0.011577960103750229
v 0.13921000063419342 -0.0390239916741848 -0.009864985011518002
v 0.1384499967098236 -0.037381939589977264 0.026624970138072968
v 0.1323879063129425 0.03949999064207077 -0.0028449890669435263
v 0.13146300613880157 0.03949999064207077 -0.005893945228308439
v 0.13663099706172943 -0.006306945811957121 0.036309950053691864
v 0.13654200732707977 -0.005104959011077881 0.036460988223552704
v 0.13699500262737274 -0.006077945232391357 0.03581696003675461
v 0.14182400703430176 0.03821295127272606 0.027002990245819092
v 0.14184600114822388 0.037668999284505844 0.02670793980360031
v 0.08719997853040695 0.039545949548482895 0.019257960841059685
v 0.08674895018339157 0.039412971585989 0.019400950521230698
v 0.08748196810483932 0.03943495824933052 0.021317949518561363
v 0.14154399931430817 -0.013775999657809734 0.02635698951780796
v 0.14158199727535248 -0.012189979664981365 0.0090179443359375
v 0.0957149788737297 -0.03949999064207077 -0.008509992621839046
v 0.14131100475788116 0.03644895181059837 -0.003781974082812667
v 0.1412860006093979 0.03647499904036522 -0.005422948859632015
v 0.14285500347614288 0.03425300121307373 -0.01808594912290573
v 0.14287790656089783 0.03350298851728439 -0.01828794926404953
v 0.1425040066242218 0.034832000732421875 -0.018511949107050896
v 0.14017589390277863 -0.009888947010040283 0.03701496124267578
v 0.1410280019044876 -0.012519950047135353 0.03583097085356712
v 0.14076100289821625 -0.00969696044921875 0.036556001752614975
v 0.13284899294376373 0.0029999609105288982 0.030853979289531708
v 0.09520196169614792 0.040243979543447495 -0.04886095970869064
v 0.09590095281600952 0.04078298062086105 -0.04827897995710373
v 0.09609197825193405 0.04059499129652977 -0.04871397837996483
v 0.1172889992594719 -0.007238984107971191 0.0339999683201313
v 0.11878900229930878 -0.006240963004529476 0.0339999683201313
v 0.1172889992594719 -0.005838990211486816 0.0339999683201313
v 0.13240699470043182 -0.03949999064207077 0.017799969762563705
v 0.13269999623298645 -0.03949999064207077 0.014824979938566685
v 0.13240699470043182 -0.038399990648031235 0.017799969762563705
v 0.14131100475788116 0.03644895181059837 -0.0007229999755509198
v 0.13921000063419342 0.0390239916741848 -0.0006859999848529696
v 0.1405320018529892 0.03796594962477684 -0.0007089999853633344
v 0.20349399745464325 0.013221969828009605 -0.05305600166320801
v 0.20023000240325928 0.01323097012937069 -0.05278598889708519
v 0.20348100364208221 0.01227795984596014 -0.05294299125671387
v 0.14176200330257416 -0.018911950290203094 -0.027403950691223145
v 0.14175300300121307 -0.01920294016599655 -0.02899998053908348
v 0.13802100718021393 0.008552967570722103 0.03494495153427124
v 0.1373869925737381 0.007332980167120695 0.035223960876464844
v 0.14160099625587463 0.033518970012664795 -0.018230969086289406
v 0.14157399535179138 0.03345495089888573 -0.018649989739060402
v 0.22517000138759613 0.012902970425784588 -0.053071968257427216
v 0.227742001414299 0.01212495006620884 -0.05303895100951195
v 0.13617190718650818 -0.02844798006117344 0.03281496837735176
v 0.13283999264240265 -0.038399990648031235 0.00032500000088475645
v 0.14221100509166718 0.03649497032165527 0.025612950325012207
v 0.1384499967098236 0.03499995917081833 0.02524995058774948
v 0.1359499990940094 -0.04082195833325386 -0.017497949302196503
v 0.1359499990940094 -0.03748797997832298 -0.0033079979475587606
v 0.1359499990940094 -0.04052697867155075 -0.01817696914076805
v 0.13298599421977997 0.007853983901441097 0.029989950358867645
v 0.13277800381183624 0.006526947021484375 0.03130095824599266
v 0.1415490061044693 -0.013849969953298569 0.027054959908127785
v 0.19655199348926544 -0.013810990378260612 -0.04367398843169212
v 0.19579890370368958 -0.014803940430283546 -0.05246800184249878
v 0.19700400531291962 -0.014346949756145477 -0.052547991275787354
v 0.1362379938364029 0.030249949544668198 0.031838949769735336
v 0.1325259953737259 0.02949994057416916 0.03232795000076294
v 0.13252399861812592 0.03041297011077404 0.03146195039153099
v 0.13248400390148163 0.038399990648031235 -0.003970980178564787
v 0.12977199256420135 0.038368988782167435 -0.0016429419629275799
v 0.12693600356578827 0.03846495971083641 -0.005790947936475277
v 0.132765993475914 -0.00014600000577047467 -0.05999397858977318
v 0.132765993475914 0.00558698084205389 -0.059852950274944305
v 0.20389190316200256 0.011989950202405453 -0.05924797058105469
v 0.2274090051651001 0.011056950315833092 -0.05297695845365524
v 0.22539900243282318 0.012006989680230618 -0.05301897972822189
v 0.22640900313854218 0.01108098030090332 -0.05283397063612938
v 0.20288600027561188 -0.012535979971289635 -0.040180981159210205
v 0.2070118933916092 -0.012101939879357815 -0.04156094044446945
v 0.20174500346183777 -0.013046969659626484 -0.04161994904279709
v 0.13604900240898132 0.04007697105407715 0.032554980367422104
v 0.1359499990940094 0.03541398048400879 0.029119959101080894
v 0.1359499990940094 0.02781200036406517 0.03440796956419945
v 0.09599900245666504 -0.0396299883723259 -0.050234969705343246
v 0.11127600073814392 -0.013740000315010548 0.035350970923900604
v 0.1405320018529892 0.03796594962477684 -0.014613980427384377
v 0.14160600304603577 -0.03341393917798996 -0.01833396963775158
v 0.14169999957084656 -0.03238099068403244 -0.018412940204143524
v 0.14169999957084656 -0.0322839617729187 -0.04417895898222923
v 0.1413010060787201 -0.036453958600759506 0.012934979982674122
v 0.13921000063419342 -0.0390239916741848 0.012897959910333157
v 0.1405320018529892 -0.03796594962477684 0.012920970097184181
v 0.08103495091199875 -0.02034997008740902 -0.04514598101377487
v 0.08100198954343796 -0.017283970490098 -0.04637699946761131
v 0.14880399405956268 -0.03685294836759567 -0.040175970643758774
v 0.15229299664497375 -0.038293950259685516 -0.04017496109008789
v 0.14207200706005096 0.035576991736888885 -0.018908970057964325
v 0.14128200709819794 0.03656398877501488 -0.019207000732421875
v 0.14113900065422058 0.036464981734752655 -0.018132980912923813
v 0.12977199256420135 0.038368988782167435 -0.0016429419629275799
v 0.132874995470047 0.038399990648031235 0.00032500000088475645
v 0.1311980038881302 0.03850597143173218 0.003153979079797864
v 0.13619999587535858 -0.008288978599011898 0.03667699918150902
v 0.1364499032497406 -0.00944298505783081 0.035625990480184555
v 0.1405320018529892 0.03796594962477684 0.009861946105957031
v 0.1412860006093979 0.03647499904036522 0.009874998591840267
v 0.1405320018529892 0.03796594962477684 0.011528960429131985
v 0.132765993475914 -0.012137940153479576 -0.05925898998975754
v 0.132765993475914 -0.010645980015397072 -0.059416938573122025
v 0.12601999938488007 0.041726939380168915 -0.04470700025558472
v 0.13468189537525177 -0.004697978030890226 0.009688973426818848
v 0.1379069983959198 -0.04176795110106468 -0.04552799090743065
v 0.13181200623512268 -0.0418739914894104 -0.03899997100234032
v 0.1359499990940094 0.006599961780011654 0.037784989923238754
v 0.13639189302921295 0.003014981048181653 0.036694999784231186
v 0.1359499990940094 0.0 0.038356948643922806
v 0.11991199851036072 0.028015969321131706 0.03244799003005028
v 0.13611699640750885 0.014241989701986313 0.03415900096297264
v 0.11862590163946152 0.014314940199255943 0.03374999016523361
v 0.1164499968290329 -0.040311988443136215 -0.01627497933804989
v 0.1364499032497406 0.036681950092315674 -0.015935949981212616
v 0.13677099347114563 0.0407789908349514 0.03187495097517967
v 0.13786500692367554 0.04019695147871971 0.032493941485881805
v 0.13801300525665283 0.04052596911787987 0.03196597099304199
v 0.11988700181245804 -0.0073389410972595215 0.03736196830868721
v 0.1359499990940094 -0.006599961780011654 0.037784989923238754
v 0.11942599713802338 -0.006732999812811613 0.03746794909238815
v 0.1364320069551468 0.008999942801892757 0.008234976790845394
v 0.14159099757671356 0.012203989550471306 0.009015977382659912
v 0.14143399894237518 0.011149999685585499 0.005422948859632015
v 0.1359499990940094 -0.02958500012755394 0.032395001500844955
v 0.2185949981212616 -0.011730959638953209 -0.035815950483083725
v 0.22494199872016907 0.010767989791929722 -0.03215295076370239
v 0.14207200706005096 0.035576991736888885 -0.018908970057964325
v 0.1422899067401886 0.03616195172071457 -0.018290989100933075
v 0.14113900065422058 0.036464981734752655 -0.018132980912923813
v 0.1364499032497406 -0.03907196968793869 0.002421974902972579
v 0.1364499032497406 -0.03907196968793869 0.0006119999452494085
v 0.22033199667930603 -0.010059949941933155 -0.043414950370788574
v 0.20937000215053558 -0.010857990011572838 -0.04382698982954025
v 0.22053200006484985 -0.011300980113446712 -0.04311800003051758
v 0.10164900124073029 -0.03928095102310181 0.03173093870282173
v 0.10248500108718872 -0.03983895853161812 0.031308941543102264
v 0.11931800097227097 -0.040151000022888184 0.031833939254283905
v 0.14034299552440643 -0.021316999569535255 0.033507999032735825
v 0.14058800041675568 -0.021296970546245575 0.033364951610565186
v 0.14169800281524658 -0.030388949438929558 0.0266569796949625
v 0.19847199320793152 -0.015634950250387192 -0.040175970643758774
v 0.20595599710941315 -0.013437979854643345 -0.04017698019742966
v 0.12547799944877625 -0.008272944949567318 0.03572899103164673
v 0.14101989567279816 -0.030448969453573227 0.031114989891648293
v 0.141342893242836 -0.030583970248699188 0.030095990747213364
v 0.14097599685192108 -0.030895939096808434 0.030236000195145607
v 0.11932499706745148 -0.04038697108626366 0.031230980530381203
v 0.10249199718236923 0.03359394893050194 0.03273797035217285
v 0.1359499990940094 0.02781200036406517 0.03440796956419945
v 0.11932499706745148 0.03956096991896629 0.03221499174833298
v 0.12207300215959549 0.008194983005523682 0.035586949437856674
v 0.12220299988985062 0.0055019850842654705 0.036138951778411865
v 0.12155900150537491 0.008261977694928646 0.0349389910697937
v 0.1359499990940094 -0.006599961780011654 0.037784989923238754
v 0.1359499990940094 -0.01286797970533371 0.03613400086760521
v 0.13619999587535858 -0.008288978599011898 0.03667699918150902
v 0.1282069981098175 0.03824995830655098 -0.002031981013715267
v 0.12907400727272034 0.038564980030059814 -0.001286983024328947
v 0.12820099294185638 0.03574996814131737 -0.0021009440533816814
v 0.23121200501918793 0.007081985007971525 -0.053235940635204315
v 0.23090599477291107 -0.009174942038953304 -0.05350898951292038
v 0.20503300428390503 0.012142949737608433 -0.04166495054960251
v 0.14055000245571136 -0.02030497044324875 0.03532397001981735
v 0.14123199880123138 -0.020255979150533676 0.035013969987630844
v 0.08115500211715698 -0.003610967891290784 -0.049866970628499985
v 0.08099699020385742 -0.0021669859997928143 -0.049205001443624496
v 0.08115594834089279 -0.0022009611129760742 -0.04995094984769821
v 0.14185500144958496 -0.03760695084929466 0.0299260001629591
v 0.14153900742530823 -0.037236981093883514 0.029727989807724953
v 0.14247600734233856 0.034706950187683105 -0.01887594908475876
v 0.1427990049123764 0.033708978444337845 -0.018643969669938087
v 0.1172889992594719 0.011838969774544239 0.03614097088575363
v 0.14128699898719788 -0.03645699843764305 0.020956989377737045
v 0.1405320018529892 -0.03796594962477684 0.019039979204535484
v 0.10249199718236923 0.03877197951078415 -0.017620980739593506
v 0.11087200045585632 0.01376098021864891 0.035332970321178436
v 0.1419990062713623 -0.011854940094053745 0.032962970435619354
v 0.14182999730110168 -0.011624990031123161 0.032761991024017334
v 0.1359499990940094 -0.01286797970533371 0.03613400086760521
v 0.13846799731254578 -0.012816959992051125 0.0361979603767395
v 0.14004990458488464 0.0024109480436891317 0.03794198855757713
v 0.13440899550914764 -0.0038299560546875 0.011168000288307667
v 0.1345839947462082 -0.004697978030890226 0.009672999382019043
v 0.13485099375247955 0.0 0.007983981631696224
v 0.13611699640750885 -0.014241989701986313 0.03415900096297264
v 0.13617190718650818 -0.02844798006117344 0.03281496837735176
v 0.1359499990940094 -0.015544950030744076 0.035576991736888885
v 0.13540300726890564 0.0038299560546875 0.004817962180823088
v 0.13516800105571747 0.004697978030890226 0.006302951835095882
v 0.20705799758434296 0.011944940313696861 -0.03630799055099487
v 0.21737200021743774 0.011774949729442596 -0.0361899696290493
v 0.20643100142478943 0.01310097984969616 -0.05294996127486229
v 0.20349399745464325 0.013221969828009605 -0.05305600166320801
v 0.20325900614261627 0.01376098021864891 -0.05313795059919357
v 0.13085199892520905 -0.012800989672541618 0.034466978162527084
v 0.13276490569114685 0.018679970875382423 -0.0583229586482048
v 0.13276490569114685 0.019999980926513672 -0.058074951171875
v 0.1789339929819107 0.02417795918881893 -0.05713098868727684
v 0.12996000051498413 0.038563959300518036 0.0009929999941959977
v 0.1308349072933197 0.038538988679647446 0.0006469999789260328
v 0.13921000063419342 0.0390239916741848 0.006778954993933439
v 0.1364499032497406 0.03907196968793869 0.00854098703712225
v 0.1364499032497406 0.03907196968793869 0.0067309727892279625
v 0.13110299408435822 0.01114295981824398 -0.060040950775146484
v 0.10179699957370758 0.014195970259606838 -0.059691961854696274
v 0.13131000101566315 0.015132959932088852 -0.059523988515138626
v 0.08146995306015015 0.03092597983777523 -0.03976196050643921
v 0.08112996071577072 0.02637897990643978 -0.04211394861340523
v 0.13785399496555328 -0.0417589507997036 -0.04565994814038277
v 0.09562098234891891 -0.03763198107481003 -0.05201195925474167
v 0.09310299158096313 -0.029259970411658287 -0.055754948407411575
v 0.14187200367450714 0.018053939566016197 -0.026053959503769875
v 0.14169999957084656 0.017183950170874596 -0.024616949260234833
v 0.1401209980249405 -0.004142999183386564 0.03774695843458176
v 0.14027099311351776 -0.0029999609105288982 0.03758496046066284
v 0.14000600576400757 -0.0011339780176058412 0.03802096098661423
v 0.22558589279651642 -0.011534979566931725 -0.05928599089384079
v 0.22830800712108612 -0.008567987941205502 -0.0596279501914978
v 0.1359499990940094 -0.014202949590981007 0.0357699915766716
v 0.1359499990940094 -0.015544950030744076 0.035576991736888885
v 0.13618089258670807 -0.01361398957669735 0.03505200147628784
v 0.09473896026611328 -0.04137200117111206 -0.045865949243307114
v 0.12601999938488007 -0.041726939380168915 -0.04470700025558472
v 0.1405320018529892 -0.03796594962477684 0.02070694975554943
v 0.13921000063419342 -0.0390239916741848 0.020730970427393913
v 0.1364499032497406 -0.03907196968793869 0.020778950303792953
v 0.14046700298786163 0.008169949054718018 0.03710395097732544
v 0.14092500507831573 0.010960989631712437 0.03618096932768822
v 0.14070700109004974 0.011082939803600311 0.03648995980620384
v 0.1215210035443306 0.002718985080718994 0.03578798845410347
v 0.12158100306987762 0.005435943137854338 0.03570394963026047
v 0.14166800677776337 -0.011743959970772266 0.006261943839490414
v 0.14169999957084656 -0.012483949773013592 0.008989988826215267
v 0.14150890707969666 -0.00038499999209307134 -0.00216996599920094
v 0.13783900439739227 0.0 -0.0006549999816343188
v 0.14154399931430817 0.0031709671020507812 -0.001794992946088314
v 0.14132200181484222 -0.036445971578359604 -0.01602094992995262
v 0.1416500061750412 -0.03548895940184593 -0.017322000116109848
v 0.1414259970188141 -0.036380939185619354 -0.01727895997464657
v 0.13921000063419342 0.0390239916741848 -0.014636989682912827
v 0.13864199817180634 -0.010402970016002655 0.03531794995069504
v 0.13793499767780304 -0.008932948112487793 0.035653941333293915
v 0.13895200192928314 -0.010074970312416553 0.03497897833585739
v 0.1429498940706253 -0.004608987830579281 -0.000615999975707382
v 0.14289000630378723 -0.0010559549555182457 -0.0013559459475800395
v 0.1428540050983429 -0.004497944843024015 -0.00036199999158270657
v 0.14129599928855896 -0.03646998852491379 -0.003781974082812667
v 0.14003190398216248 0.008290945552289486 0.037446968257427216
v 0.1384499967098236 0.037749938666820526 0.027999989688396454
v 0.15232400596141815 0.039107970893383026 -0.04502695053815842
v 0.15229900181293488 0.038601990789175034 -0.044801950454711914
v 0.14479100704193115 0.04077398031949997 -0.040753960609436035
v 0.1311980038881302 0.03850597143173218 0.003153979079797864
v 0.132874995470047 0.038399990648031235 0.00032500000088475645
v 0.13204500079154968 0.03848296031355858 0.008074997924268246
v 0.14281490445137024 0.00851899292320013 0.002676963107660413
v 0.1172889992594719 -0.005838990211486816 0.03757994994521141
v 0.1412860006093979 0.03647499904036522 -0.0023629660718142986
v 0.19872699677944183 -0.013971979729831219 -0.05251795053482056
v 0.20023900270462036 -0.013233950361609459 -0.052804939448833466
v 0.20023000240325928 -0.013052989728748798 -0.052438970655202866
v 0.1423438936471939 -0.034851960837841034 0.0317869707942009
v 0.1420930027961731 -0.03486495837569237 0.03281598910689354
v 0.14189299941062927 -0.03624897822737694 0.03275996074080467
v 0.13921000063419342 0.0390239916741848 0.008491992019116879
v 0.1405320018529892 0.03796594962477684 0.006801961921155453
v 0.1215210035443306 -0.002718985080718994 0.03578798845410347
v 0.13631699979305267 0.02844798006117344 0.03281496837735176
v 0.13254399597644806 0.02831196039915085 0.032743990421295166
v 0.1359499990940094 -0.014202949590981007 0.0357699915766716
v 0.1359499990940094 -0.01286797970533371 0.03613400086760521
v 0.13618089258670807 -0.01361398957669735 0.03505200147628784
v 0.0943799614906311 0.040419988334178925 -0.04788297042250633
v 0.09261900186538696 0.037042971700429916 -0.04955095052719116
v 0.1364499032497406 -0.036681950092315674 0.0006119999452494085
v 0.1413010060787201 -0.036453958600759506 0.0006970000104047358
v 0.1364499032497406 -0.036681950092315674 -0.0006379999686032534
v 0.13102500140666962 -0.041816938668489456 -0.04193698987364769
v 0.1405320018529892 0.03796594962477684 -0.003768980037420988
v 0.1405320018529892 0.03796594962477684 -0.005435943137854338
v 0.132765993475914 0.012140979990363121 -0.059280991554260254
v 0.132765993475914 0.01271998044103384 -0.059226978570222855
v 0.1332470029592514 -0.00870597269386053 0.028337949886918068
v 0.14059199392795563 -0.012493959628045559 0.03284800052642822
v 0.14004090428352356 0.037525951862335205 -0.017466960474848747
v 0.1359499990940094 0.014157949946820736 0.035778988152742386
v 0.12776489555835724 0.014361970126628876 0.035535991191864014
v 0.12883199751377106 0.03769998997449875 -0.0011639590375125408
v 0.12907400727272034 0.038564980030059814 -0.001286983024328947
v 0.14258399605751038 0.01302896998822689 0.030088959261775017
v 0.13332499563694 0.007185995113104582 0.027849970385432243
v 0.14262190461158752 0.012948979623615742 0.02827996015548706
v 0.1362379938364029 0.030249949544668198 0.031838949769735336
v 0.1359499990940094 0.029575999826192856 0.03237998113036156
v 0.1359499990940094 0.02781200036406517 0.03440796956419945
v 0.1359499990940094 0.029575999826192856 0.03237998113036156
v 0.14621500670909882 -0.0379289910197258 -0.043675001710653305
v 0.14719200134277344 -0.038387950509786606 -0.04204899072647095
v 0.14730100333690643 -0.037809960544109344 -0.043675001710653305
v 0.14247199892997742 -0.032531969249248505 0.029699979349970818
v 0.14261500537395477 -0.013143000192940235 0.030365999788045883
v 0.14270399510860443 -0.03221898898482323 0.029665939509868622
v 0.13813099265098572 -0.008593975566327572 0.03538094833493233
v 0.1364499032497406 -0.036681950092315674 -0.003697990905493498
v 0.09532295912504196 0.03975898027420044 0.029015950858592987
v 0.09704297035932541 0.039744969457387924 0.030052950605750084
v 0.0986359715461731 0.03984497860074043 0.030028989538550377
v 0.12806400656700134 0.038399990648031235 -0.011288999579846859
v 0.12693600356578827 0.03846495971083641 -0.005790947936475277
v 0.13082590699195862 0.038399990648031235 -0.007974982261657715
v 0.14146900177001953 -0.03761500120162964 0.02702295035123825
v 0.20969800651073456 -0.012034949846565723 -0.05302798002958298
v 0.22536590695381165 -0.012074939906597137 -0.05303299054503441
v 0.22675999999046326 -0.011052959598600864 -0.05294597148895264
v 0.13200700283050537 0.004999995231628418 0.026263950392603874
v 0.13185599446296692 0.004731953144073486 0.02725297026336193
v 0.08094996213912964 -0.02323698066174984 -0.04324799031019211
v 0.08823996037244797 3.599999763537198e-05 -0.060001958161592484
v 0.10179699957370758 -0.003035962115973234 -0.06060897931456566
v 0.087894968688488 -0.0047109718434512615 -0.059802938252687454
v 0.14130690693855286 -0.036448001861572266 -0.01460099034011364
v 0.14169999957084656 -0.034814950078725815 -0.017423979938030243
v 0.13298000395298004 -0.00558698084205389 0.03002399019896984
v 0.14059500396251678 -0.007235943805426359 0.0362689383327961
v 0.14169999957084656 -0.004218995105475187 -0.0018079869914799929
v 0.14169999957084656 -0.0005039999959990382 -0.0025409460067749023
v 0.13920600712299347 0.03664594143629074 -0.019039979204535484
v 0.13904400169849396 0.03663694113492966 -0.039567939937114716
v 0.13996900618076324 0.036039941012859344 -0.019418949261307716
v 0.22675999999046326 -0.011052959598600864 -0.05294597148895264
v 0.22715100646018982 -0.011114000342786312 -0.052793968468904495
v 0.23162999749183655 -0.010346939787268639 -0.04070698842406273
v 0.1986590027809143 0.012764990329742432 -0.043669991195201874
v 0.1429498940706253 0.0025709860492497683 -0.0012879959540441632
v 0.1429498940706253 0.015778949484229088 -0.022358950227499008
v 0.14294900000095367 0.03249698132276535 -0.018394939601421356
v 0.12838000059127808 0.03822499141097069 -0.03143996000289917
v 0.1364499032497406 -0.03907196968793869 -0.01287597045302391
v 0.1364499032497406 -0.03907196968793869 -0.011625939980149269
v 0.1359499990940094 0.03617994859814644 0.027785949409008026
v 0.13604700565338135 0.040700968354940414 0.03192894905805588
v 0.1359499990940094 0.0361209511756897 0.028647949919104576
v 0.13811899721622467 -0.040480971336364746 0.03197199106216431
v 0.1389240026473999 -0.04029595106840134 0.031174950301647186
v 0.13884800672531128 -0.04023497924208641 0.03183995932340622
v 0.14215199649333954 -0.03545600175857544 -0.01887696050107479
v 0.14132000505924225 -0.03650796040892601 -0.01921498030424118
v 0.1424829065799713 -0.0346679612994194 -0.04407000169157982
v 0.13921000063419342 -0.0390239916741848 -0.0006859999848529696
v 0.14169999957084656 0.015673989430069923 -0.02384798973798752
v 0.14169999957084656 0.013999990187585354 -0.02358298934996128
v 0.14169999957084656 -0.007550953887403011 1.8999999156221747e-05
v 0.1412038952112198 0.02279496006667614 0.034900959581136703
v 0.13131000101566315 -0.010315950028598309 -0.06010996922850609
v 0.1458739936351776 -0.023121949285268784 -0.053250961005687714
v 0.13128499686717987 -0.015381990000605583 -0.05949198827147484
v 0.15709100663661957 0.03610396012663841 -0.04149096831679344
v 0.1359499990940094 -0.03844999894499779 -0.0019969940185546875
v 0.1359499990940094 -0.03829097002744675 -0.002700984012335539
v 0.22640900313854218 0.01108098030090332 -0.05283397063612938
v 0.22727300226688385 0.011132000014185905 -0.0525999590754509
v 0.23131200671195984 0.010502990335226059 -0.04060494154691696
v 0.09200900048017502 0.039408981800079346 0.027556000277400017
v 0.09179698675870895 0.038815971463918686 0.027828989550471306
v 0.09319298714399338 0.039290960878133774 0.028669949620962143
v 0.2080869972705841 0.011976949870586395 -0.04159098118543625
v 0.20503200590610504 -0.012137940153479576 -0.04166495054960251
v 0.14133389294147491 -0.03500096872448921 0.03349994868040085
v 0.14131100475788116 -0.03648196905851364 0.03318297117948532
v 0.14188799262046814 -0.03493297100067139 0.03320198878645897
v 0.1402910053730011 0.013955949805676937 0.033992938697338104
v 0.14031299948692322 0.02105896919965744 0.033537980169057846
v 0.14169999957084656 -0.015673989430069923 -0.02384798973798752
v 0.14169999957084656 -0.03317695111036301 0.023554980754852295
v 0.1359499990940094 0.03617994859814644 0.027785949409008026
v 0.1359499990940094 0.03838597983121872 0.01968996971845627
v 0.13604700565338135 0.040700968354940414 0.03192894905805588
v 0.12547799944877625 0.008272944949567318 0.03572899103164673
v 0.14129599928855896 -0.03646998852491379 0.017634980380535126
v 0.1364499032497406 -0.036681950092315674 0.017718970775604248
v 0.1405320018529892 -0.03796594962477684 -0.014613980427384377
v 0.1384499967098236 -0.037381939589977264 0.029374949634075165
v 0.1359499990940094 0.04082195833325386 -0.017497949302196503
v 0.1164499968290329 0.040311988443136215 -0.01627497933804989
v 0.12074600160121918 0.040423981845378876 -0.015708979219198227
v 0.08497297018766403 0.011667960323393345 -0.05603599175810814
v 0.0873679518699646 0.009685993194580078 -0.05897098034620285
v 0.11989600211381912 0.029173970222473145 0.0320509597659111
v 0.12995000183582306 0.017893970012664795 0.033217959105968475
v 0.12995000183582306 0.01434599980711937 0.03349398821592331
v 0.131449893116951 0.01434599980711937 0.033506978303194046
v 0.08127695322036743 0.037239961326122284 -0.03311299905180931
v 0.08481097221374512 0.04140698164701462 -0.031504981219768524
v 0.08114998787641525 0.015573970042169094 0.0337829515337944
v 0.08098798245191574 0.012549989856779575 0.03485900163650513
v 0.08139996975660324 0.01266700029373169 0.03518294915556908
v 0.1367969959974289 -0.003102957969531417 0.036464981734752655
v 0.13679000735282898 -0.0020759699400514364 0.03662097081542015
v 0.22515900433063507 -0.012887000106275082 -0.05313897132873535
v 0.22715100646018982 -0.011114000342786312 -0.052793968468904495
v 0.22725200653076172 -0.012521980330348015 -0.05293095111846924
v 0.1407800018787384 -0.038475990295410156 0.03261493891477585
v 0.14137299358844757 -0.03788197040557861 0.032344989478588104
v 0.14101900160312653 -0.03778295964002609 0.03288298100233078
v 0.08643894642591476 -0.04125100001692772 -0.03755395859479904
v 0.1359499990940094 0.01286797970533371 0.03613400086760521
v 0.2069070041179657 0.012948979623615742 -0.0530969500541687
v 0.20970900356769562 0.012887000106275082 -0.05303096026182175
v 0.20970399677753448 0.012053960002958775 -0.053031980991363525
v 0.1359499990940094 -0.036195989698171616 0.027798950672149658
v 0.13604100048542023 -0.04071097820997238 0.03190099820494652
v 0.1359499990940094 -0.036108970642089844 0.02863997034728527
v 0.08696197718381882 0.004867970012128353 -0.05930399149656296
v 0.08747398108243942 7.199999527074397e-05 -0.059849970042705536
v 0.08682495355606079 7.199999527074397e-05 -0.059416938573122025
v 0.204585999250412 -0.013158969581127167 -0.058070000261068344
v 0.19619999825954437 -0.01630895957350731 -0.0576169416308403
v 0.10106100142002106 -0.014014950022101402 0.03328096121549606
v 0.1150050014257431 -0.013765989802777767 0.03379499167203903
v 0.1403139978647232 -0.011899939738214016 0.034173961728811264
v 0.14014799892902374 -0.011424950323998928 0.03420393913984299
v 0.10092999786138535 -0.02871798910200596 0.03162698820233345
v 0.14153699576854706 0.013768970035016537 0.02635698951780796
v 0.20349499583244324 -0.013229959644377232 -0.05305600166320801
v 0.20641900599002838 -0.013103960081934929 -0.052940960973501205
v 0.2032908946275711 -0.013751979917287827 -0.05314397066831589
v 0.09791100025177002 -0.03982596844434738 0.03009497933089733
v 0.09356199949979782 0.032579001039266586 -0.054233960807323456
v 0.09477198123931885 0.03518199175596237 -0.05337195843458176
v 0.1219400018453598 0.002763985889032483 0.0363759882748127
v 0.1328829973936081 0.004359960090368986 0.030640950426459312
v 0.14045099914073944 0.006101964972913265 0.03681999072432518
v 0.1401980072259903 0.004542945884168148 0.036876969039440155
v 0.1312289983034134 -0.023141980171203613 -0.05738496035337448
v 0.13018900156021118 -0.023940980434417725 -0.057229988276958466
v 0.14703600108623505 -0.036811940371990204 -0.041953980922698975
v 0.1462170034646988 -0.040509991347789764 -0.0414159782230854
v 0.14512689411640167 -0.039508990943431854 -0.04091893881559372
v 0.08667796105146408 0.041521959006786346 -0.03731495141983032
v 0.08657395094633102 0.041680991649627686 -0.028898950666189194
v 0.08099596947431564 0.0037039509043097496 -0.049109991639852524
v 0.08098196238279343 0.009471951983869076 -0.0483049713075161
v 0.09246796369552612 -0.039269980043172836 0.028145959600806236
v 0.09078799933195114 -0.038770969957113266 0.026919959113001823
v 0.2281389981508255 0.01018499955534935 -0.0370599590241909
v 0.1364499032497406 0.036681950092315674 -0.00856697466224432
v 0.1405320018529892 0.03796594962477684 -0.008494973182678223
v 0.1364499032497406 0.03907196968793869 -0.00856697466224432
v 0.1359499990940094 0.015544950030744076 0.035576991736888885
v 0.1359499990940094 0.014157949946820736 0.035778988152742386
v 0.13855500519275665 0.015477949753403664 0.03564995154738426
v 0.12995000183582306 0.010107990354299545 0.03431098908185959
v 0.12998299300670624 0.012296970002353191 0.03388696163892746
v 0.13013489544391632 0.00997394323348999 0.03488396853208542
v 0.1447959989309311 -0.016990000382065773 -0.024884989485144615
v 0.14436699450016022 -0.015733949840068817 -0.023661969229578972
v 0.1368670016527176 0.008559942245483398 0.005487977992743254
v 0.14131100475788116 0.03644895181059837 0.002336977981030941
v 0.1412860006093979 0.03647499904036522 0.0006960000027902424
v 0.1359499990940094 -0.03748797997832298 -0.0033079979475587606
v 0.1359499990940094 -0.04052697867155075 -0.01817696914076805
v 0.1359499990940094 -0.03949600085616112 -0.018503960222005844
v 0.1359499990940094 0.0 0.038356948643922806
v 0.1362829953432083 0.0027830000035464764 0.03749798983335495
v 0.1362829953432083 -0.0027830000035464764 0.03749798983335495
v 0.1384499967098236 0.037381939589977264 0.029374949634075165
v 0.16027800738811493 -0.035905949771404266 -0.04017496109008789
v 0.13082590699195862 0.038399990648031235 -0.007974982261657715
v 0.13631699979305267 0.02844798006117344 0.03281496837735176
v 0.13611699640750885 0.014241989701986313 0.03415900096297264
v 0.1359499990940094 0.02781200036406517 0.03440796956419945
v 0.1359499990940094 0.015544950030744076 0.035576991736888885
v 0.12783800065517426 0.015661949291825294 0.035355981439352036
v 0.1219400018453598 -0.002763985889032483 0.0363759882748127
v 0.1359499990940094 -0.0383639894425869 0.01978795975446701
v 0.1359499990940094 -0.03737396001815796 0.020722979679703712
v 0.13604100048542023 -0.04071097820997238 0.03190099820494652
v 0.1359499990940094 0.036681950092315674 -0.003496943973004818
v 0.13615299761295319 0.038445938378572464 -0.018067000433802605
v 0.1359499990940094 0.03848695009946823 -0.019168969243764877
v 0.1359499990940094 -0.03425997123122215 0.028930960223078728
v 0.1359499990940094 -0.02781200036406517 0.03440796956419945
v 0.1359499990940094 -0.03552800044417381 0.029124969616532326
v 0.13604900240898132 0.04007697105407715 0.032554980367422104
v 0.14619199931621552 -0.03795896843075752 -0.041496988385915756
v 0.14384900033473969 -0.04084997996687889 -0.04022495821118355
v 0.13604900240898132 0.04007697105407715 0.032554980367422104
v 0.1359499990940094 0.0361209511756897 0.028647949919104576
v 0.1359499990940094 0.03541398048400879 0.029119959101080894
v 0.13638100028038025 0.039814941585063934 0.022028980776667595
v 0.1363389939069748 0.03941195830702782 -0.016034960746765137
v 0.1359499990940094 0.034238990396261215 0.028937989845871925
v 0.08102499693632126 -0.03632098063826561 -0.03323400020599365
v 0.08128499239683151 -0.0372309610247612 -0.03307700157165527
v 0.13611699640750885 -0.014241989701986313 0.03415900096297264
v 0.13619999587535858 -0.013342970050871372 0.03435599058866501
v 0.1359499990940094 -0.014202949590981007 0.0357699915766716
v 0.1359499990940094 0.01286797970533371 0.03613400086760521
v 0.1359499990940094 0.008313952945172787 0.035906970500946045
v 0.1359499990940094 0.006599961780011654 0.037784989923238754
v 0.1359499990940094 0.008313952945172787 0.035906970500946045
v 0.1359499990940094 0.006599961780011654 0.037784989923238754
v 0.13639189302921295 0.003014981048181653 0.036694999784231186
v 0.1359499990940094 0.0 0.038356948643922806
v 0.1359499990940094 0.0 0.038356948643922806
v 0.1364399939775467 -0.003037988906726241 0.03669195994734764
v 0.1359499990940094 -0.008313952945172787 0.035906970500946045
v 0.1359499990940094 -0.006599961780011654 0.037784989923238754
v 0.13602299988269806 0.038357969373464584 -0.0437849685549736
v 0.1359499990940094 0.03848695009946823 -0.019168969243764877
v 0.1359499990940094 0.03667597845196724 -0.0350639782845974
v 0.13619999587535858 -0.013342970050871372 0.03435599058866501
v 0.1359499990940094 -0.008313952945172787 0.035906970500946045
v 0.1359499990940094 -0.006599961780011654 0.037784989923238754
v 0.1359499990940094 -0.01286797970533371 0.03613400086760521
v 0.13619999587535858 -0.013342970050871372 0.03435599058866501
v 0.1359499990940094 -0.014202949590981007 0.0357699915766716
v 0.13617190718650818 -0.02844798006117344 0.03281496837735176
v 0.1359499990940094 -0.015544950030744076 0.035576991736888885
v 0.1359499990940094 -0.015544950030744076 0.035576991736888885
v 0.13605399429798126 -0.04009794816374779 0.0325469896197319
v 0.1359499990940094 -0.03552800044417381 0.029124969616532326
v 0.13604100048542023 -0.04071097820997238 0.03190099820494652
v 0.12018699944019318 -0.008063971064984798 0.03721797093749046
v 0.1359499990940094 -0.03552800044417381 0.029124969616532326
v 0.13604100048542023 -0.04071097820997238 0.03190099820494652
v 0.1359499990940094 -0.036108970642089844 0.02863997034728527
v 0.22793790698051453 -0.011212999932467937 -0.03937995061278343
v 0.2281769961118698 -0.01002299040555954 -0.039455950260162354
v 0.22948700189590454 -0.011301989667117596 -0.03984897956252098
v 0.13611699640750885 0.014241989701986313 0.03415900096297264
v 0.1359499990940094 0.014157949946820736 0.035778988152742386
v 0.1359499990940094 0.014157949946820736 0.035778988152742386
v 0.1359499990940094 -0.03425997123122215 0.028930960223078728
v 0.1359499990940094 -0.02781200036406517 0.03440796956419945
v 0.13627399504184723 -0.030289940536022186 0.03199797123670578
v 0.1359499990940094 -0.02958500012755394 0.032395001500844955
v 0.13627399504184723 -0.030289940536022186 0.03199797123670578
v 0.1359499990940094 -0.02958500012755394 0.032395001500844955
v 0.10474690049886703 0.025574980303645134 -0.057479970157146454
v 0.10394299775362015 0.025503989309072495 -0.05750494822859764
v 0.09597896784543991 0.034803979098796844 -0.05405199155211449
v 0.1359499990940094 0.03847998008131981 -0.0019969940185546875
v 0.1359499990940094 0.03828096017241478 -0.0026949639432132244
v 0.1359499990940094 0.04082195833325386 -0.017497949302196503
v 0.1359499990940094 0.03847998008131981 -0.0019969940185546875
v 0.1359499990940094 0.03744595870375633 -0.0033049581106752157
v 0.1364499032497406 0.03907196968793869 0.005480945110321045
v 0.1364499032497406 0.036681950092315674 0.0067309727892279625
v 0.1359499990940094 -0.03844999894499779 -0.0019969940185546875
v 0.10249199718236923 0.023935969918966293 0.033968981355428696
v 0.1126750037074089 0.015632979571819305 0.03495996817946434
v 0.1359499990940094 0.03944795951247215 -0.018503960222005844
v 0.1359499990940094 0.04051493853330612 -0.018189959228038788
v 0.1359499990940094 0.03744595870375633 -0.0033049581106752157
v 0.1359499990940094 -0.03848898038268089 -0.019159970805048943
v 0.1359499990940094 -0.036681950092315674 -0.003496943973004818
v 0.13612200319766998 -0.038445938378572464 -0.018067950382828712
v 0.13689300417900085 -0.04084496945142746 -0.017526980489492416
v 0.1359499990940094 0.03667597845196724 -0.0350639782845974
v 0.14973099529743195 -0.03850597143173218 -0.04334896057844162
v 0.1492788940668106 -0.036448001861572266 -0.04327398166060448
v 0.15649600327014923 -0.0358240008354187 -0.04345196112990379
v 0.13749200105667114 -0.007418990135192871 0.03531496971845627
v 0.13606299459934235 -0.03835897892713547 -0.043785981833934784
v 0.11878900229930878 -0.011436990462243557 0.03629796952009201
v 0.11941300332546234 -0.010956999845802784 0.03645699843764305
v 0.14292599260807037 -0.030640000477433205 -0.045387979596853256
v 0.1430439054965973 -0.03234696015715599 -0.0441739484667778
v 0.12018699944019318 0.008065997622907162 0.03721797093749046
v 0.13304999470710754 -0.040745969861745834 0.014824979938566685
v 0.13251790404319763 -0.0407329685986042 0.01886296086013317
v 0.13288800418376923 -0.038399990648031235 0.014824979938566685
v 0.22920000553131104 0.008140981197357178 -0.05294400081038475
v 0.1405320018529892 -0.03796594962477684 0.015980949625372887
v 0.1405320018529892 -0.03796594962477684 0.01764797978103161
v 0.15226100385189056 -0.037506990134716034 -0.044749971479177475
v 0.15081200003623962 -0.037604980170726776 -0.043808989226818085
v 0.15231290459632874 -0.03732496127486229 -0.04448597878217697
v 0.13562199473381042 -0.000868000031914562 0.0031209581065922976
v 0.13562199473381042 0.000868000031914562 0.0031209581065922976
v 0.16006800532341003 -0.03555595129728317 -0.05347393825650215
v 0.14151300489902496 -0.030734000727534294 0.02672296017408371
v 0.14147000014781952 -0.03125697001814842 0.025630950927734375
v 0.14131200313568115 -0.03090899996459484 0.026577940210700035
v 0.13906599581241608 0.040384940803050995 0.029139989987015724
v 0.19642899930477142 -0.016122989356517792 -0.05248599871993065
v 0.19661399722099304 -0.016016000881791115 -0.052822940051555634
v 0.1965889036655426 -0.01509695965796709 -0.052661001682281494
v 0.22944100201129913 -0.00795894768089056 -0.05891894921660423
v 0.22915999591350555 0.008213995955884457 -0.05923699960112572
v 0.14013899862766266 -0.011503989808261395 0.03459297865629196
v 0.1412860006093979 0.03647499904036522 -0.008481979370117188
v 0.14131100475788116 0.03644895181059837 -0.009900987148284912
v 0.1331849992275238 -0.004731953144073486 0.01885795034468174
v 0.20969800651073456 -0.012034949846565723 -0.05302798002958298
v 0.20690999925136566 -0.012037989683449268 -0.05298696830868721
v 0.2073100060224533 -0.011382989585399628 -0.052864961326122284
v 0.14131499826908112 0.0138889504596591 0.030533960089087486
v 0.14105990529060364 0.030536940321326256 0.0309139396995306
v 0.14144699275493622 0.013978949747979641 0.029120979830622673
v 0.10248500108718872 0.03983895853161812 0.031308941543102264
v 0.10249199718236923 0.03994596004486084 0.030859939754009247
v 0.10049500316381454 0.03984098881483078 0.030918950214982033
v 0.13096000254154205 -0.04069197177886963 0.02262496016919613
v 0.13251790404319763 -0.038399990648031235 0.01886296086013317
v 0.13604700565338135 0.040700968354940414 0.03192894905805588
v 0.13622300326824188 0.039482951164245605 0.023275969550013542
v 0.10294999927282333 -0.03995800018310547 0.030424950644373894
v 0.10152199864387512 -0.039879970252513885 0.03102296032011509
v 0.23162999749183655 -0.010346939787268639 -0.04070698842406273
v 0.23029999434947968 -0.008316992782056332 -0.040450990200042725
v 0.22806400060653687 -0.010648960247635841 -0.05888396129012108
v 0.22618600726127625 -0.012348939664661884 -0.05839997157454491
v 0.13096000254154205 0.04069197177886963 0.02262496016919613
v 0.11867400258779526 -0.009638965129852295 0.0339999683201313
v 0.11808899790048599 -0.01022398006170988 0.0339999683201313
v 0.11878900229930878 -0.011436990462243557 0.0339999683201313
v 0.08800995349884033 0.009652972221374512 -0.05940496176481247
v 0.1429498940706253 0.015778949484229088 -0.022358950227499008
v 0.14301100373268127 0.013999990187585354 -0.022388989105820656
v 0.10164900124073029 -0.03928095102310181 0.03173093870282173
v 0.13725900650024414 -0.007280944846570492 0.0030099740251898766
v 0.14141489565372467 -0.009140968322753906 0.002320945030078292
v 0.1429498940706253 -0.015778949484229088 -0.022358950227499008
v 0.09042798727750778 -0.03240697830915451 -0.05125999078154564
v 0.22376300394535065 -0.011277969926595688 -0.04177999123930931
v 0.22793790698051453 -0.011212999932467937 -0.03937995061278343
v 0.2279359996318817 0.01125895045697689 -0.03935997933149338
v 0.08690798282623291 -0.039537958800792694 0.018136970698833466
v 0.086963951587677 -0.03934894874691963 0.01991998963057995
v 0.08624999970197678 -0.03921794146299362 0.018316980451345444
v 0.14300599694252014 0.017316989600658417 -0.023253969848155975
v 0.12003300338983536 0.04166597127914429 -0.02740699052810669
v 0.1429498940706253 0.015778949484229088 -0.022358950227499008
v 0.09411399811506271 -0.03954397886991501 0.02883796952664852
v 0.09608399122953415 -0.03977799043059349 0.029387950897216797
v 0.09578496217727661 -0.03932195156812668 0.03006798028945923
v 0.14300599694252014 -0.017316989600658417 -0.023253969848155975
v 0.08732198923826218 -0.023405959829688072 -0.05390696972608566
v 0.08165495842695236 -0.026304960250854492 -0.043201979249715805
v 0.09281294792890549 -0.0396379791200161 0.027682960033416748
v 0.088438980281353 -0.03914498910307884 0.023797979578375816
v 0.08740997314453125 -0.039108991622924805 0.021987970918416977
v 0.08873199671506882 -0.03947097063064575 0.023602960631251335
v 0.08791500329971313 -0.03949999064207077 0.021735960617661476
v 0.1413169950246811 0.03644198179244995 0.017633970826864243
v 0.13921000063419342 0.0390239916741848 0.017670979723334312
v 0.1405320018529892 0.03796594962477684 0.01764797978103161
v 0.1414860039949417 0.030608950182795525 0.027163980528712273
v 0.14144399762153625 0.03126800060272217 0.025637980550527573
v 0.14166299998760223 0.030674990266561508 0.026390960440039635
v 0.13921000063419342 0.0390239916741848 0.020730970427393913
v 0.141293004155159 0.03645199164748192 0.0207819901406765
v 0.1364499032497406 0.03907196968793869 0.020778950303792953
v 0.14287790656089783 0.00585698988288641 0.0002610000083222985
v 0.20349499583244324 0.012117980048060417 -0.05257498845458031
v 0.2049919068813324 0.011899939738214016 -0.05260998010635376
v 0.1359499990940094 -0.03949600085616112 -0.018503960222005844
v 0.13688799738883972 -0.03946799039840698 -0.018544970080256462
v 0.13690200448036194 -0.0405229888856411 -0.018178990110754967
v 0.1405320018529892 0.03796594962477684 -0.002375959884375334
v 0.1364499032497406 0.036681950092315674 -0.002447962062433362
v 0.15355700254440308 -0.038743969053030014 -0.045113980770111084
v 0.15306399762630463 -0.0374789796769619 -0.04503500089049339
v 0.15523900091648102 -0.037519991397857666 -0.04614698141813278
v 0.1359499990940094 -0.01286797970533371 0.03613400086760521
v 0.228303000330925 -0.009196995757520199 -0.03696494922041893
v 0.2229200005531311 -0.011790989898145199 -0.04003595933318138
v 0.2098218947649002 -0.01176195964217186 -0.04166495054960251
v 0.21706299483776093 -0.011756950058043003 -0.04166495054960251
v 0.1364499032497406 0.036681950092315674 0.005480945110321045
v 0.1405320018529892 -0.03796594962477684 -0.01600700058043003
v 0.22817300260066986 0.010177959688007832 -0.05256098136305809
v 0.12926900386810303 0.00878894329071045 0.03557394817471504
v 0.13618089258670807 -0.01361398957669735 0.03505200147628784
v 0.08114098757505417 -0.026392990723252296 -0.04217398166656494
v 0.14189200103282928 -0.01801598072052002 -0.02608196996152401
v 0.14169999957084656 -0.017183950170874596 -0.024616949260234833
v 0.13711200654506683 -0.005987942218780518 0.0039379592053592205
v 0.1367889940738678 -0.007038949988782406 0.005975961219519377
v 0.14264999330043793 -0.00960695743560791 0.004412949085235596
v 0.08752595633268356 0.024025969207286835 -0.05382996052503586
v 0.08165495842695236 0.026304960250854492 -0.043201979249715805
v 0.14265300333499908 -0.0129469595849514 0.02795100025832653
v 0.13921000063419342 0.0390239916741848 0.014610939659178257
v 0.13921000063419342 0.0390239916741848 0.012897959910333157
v 0.1405320018529892 0.03796594962477684 0.012920970097184181
v 0.15226100385189056 -0.037506990134716034 -0.044749971479177475
v 0.15519799292087555 -0.036561958491802216 -0.045986950397491455
v 0.1359499990940094 -0.04052697867155075 -0.01817696914076805
v 0.11806800216436386 -0.01173597015440464 0.03618896007537842
v 0.13298000395298004 0.00558698084205389 0.03002399019896984
v 0.1410679966211319 0.009099960327148438 0.03560996055603027
v 0.1407029926776886 0.007515965960919857 0.03620897978544235
v 0.14247199892997742 -0.032531969249248505 0.029699979349970818
v 0.1359499990940094 0.01286797970533371 0.03613400086760521
v 0.13692300021648407 0.0 0.03618096932768822
v 0.19655199348926544 -0.013810990378260612 -0.04367398843169212
v 0.15930500626564026 -0.0344429612159729 -0.047132961452007294
v 0.17755599319934845 -0.024446960538625717 -0.05029695853590965
v 0.14041300117969513 0.015429969877004623 0.03570199012756348
v 0.14034000039100647 0.014057990163564682 0.03588895872235298
v 0.15234099328517914 0.03772300109267235 -0.04166597127914429
v 0.1512479931116104 0.037814971059560776 -0.04167497158050537
v 0.14899900555610657 0.036380939185619354 -0.0416640006005764
v 0.13647690415382385 0.0 0.03685598820447922
v 0.1429498940706253 0.018860990181565285 -0.024138979613780975
v 0.12074699997901917 0.04170595854520798 -0.027813969179987907
v 0.22493399679660797 0.012775950133800507 -0.05816996097564697
v 0.20620200037956238 0.012977000325918198 -0.05818796157836914
v 0.20747600495815277 0.013079999946057796 -0.053588978946208954
v 0.2067449986934662 0.012080959975719452 -0.05296897143125534
v 0.2049919068813324 0.011899939738214016 -0.05260998010635376
v 0.20348100364208221 0.01227795984596014 -0.05294299125671387
v 0.12996700406074524 0.03825198858976364 -0.03211497887969017
v 0.12920500338077545 0.038238998502492905 -0.03136700019240379
v 0.14104799926280975 -0.03903995826840401 -0.017458969727158546
v 0.1309330016374588 -0.012224970385432243 0.03467696160078049
v 0.1309330016374588 -0.010389979928731918 0.03526996821165085
v 0.12571099400520325 -0.008276998065412045 0.0357319712638855
v 0.12571099400520325 0.008276998065412045 0.0357319712638855
v 0.12207400053739548 -0.008194983005523682 0.035586949437856674
v 0.1172889992594719 -0.011838969774544239 0.0339999683201313
v 0.1172889992594719 -0.011838969774544239 0.03614097088575363
v 0.12028899788856506 -0.008838950656354427 0.0339999683201313
v 0.08117800205945969 -0.03722697123885155 -0.03227496147155762
v 0.15947599709033966 -0.03607194870710373 -0.04724495857954025
v 0.1573140025138855 -0.037109971046447754 -0.04701095074415207
v 0.1487870067358017 0.03536897152662277 -0.04167497158050537
v 0.15234099328517914 0.03772300109267235 -0.04166597127914429
v 0.14899900555610657 0.036380939185619354 -0.0416640006005764
v 0.14169999957084656 -0.03149997815489769 -0.04465800151228905
v 0.14169999957084656 -0.02986793965101242 -0.04502195119857788
v 0.13602299988269806 0.038357969373464584 -0.0437849685549736
v 0.10249199718236923 0.02769898995757103 0.033488981425762177
v 0.20665399730205536 -0.01209396030753851 -0.052988938987255096
v 0.2069070041179657 -0.012947970069944859 -0.053089968860149384
v 0.20690999925136566 -0.012037989683449268 -0.05298696830868721
v 0.11679600179195404 -0.041562970727682114 -0.026542959734797478
v 0.12475000321865082 0.04052894935011864 -0.01405095960944891
v 0.12818799912929535 0.04061894863843918 -0.011412969790399075
v 0.1449580043554306 0.016026969999074936 -0.025073999539017677
v 0.14621800184249878 0.04051493853330612 -0.04141997918486595
v 0.08120696991682053 -0.021201960742473602 0.030675940215587616
v 0.0809829831123352 -0.023602960631251335 0.028530949726700783
v 0.08133596181869507 -0.023823970928788185 0.028797980397939682
v 0.19854900240898132 -0.015151970088481903 -0.05263495072722435
v 0.19661399722099304 -0.016016000881791115 -0.052822940051555634
v 0.19720390439033508 -0.015453989617526531 -0.052711959928274155
v 0.10326399654150009 0.02407699078321457 -0.057865969836711884
v 0.11630500108003616 0.02433495968580246 -0.057787951081991196
v 0.12950399518013 0.022706979885697365 -0.05817699059844017
v 0.14247600734233856 -0.03470896929502487 -0.01887594908475876
v 0.14282390475273132 -0.03404200077056885 -0.018238959833979607
v 0.14210200309753418 -0.03441696986556053 -0.018130000680685043
v 0.13571999967098236 0.000868000031914562 0.0031369919888675213
v 0.13571999967098236 -0.000868000031914562 0.0031369919888675213
v 0.1401910036802292 -0.00849997904151678 -0.025087950751185417
v 0.1362829953432083 -0.0027830000035464764 0.03749798983335495
v 0.13181200623512268 0.0418739914894104 -0.03899997100234032
v 0.13602499663829803 0.041754961013793945 -0.036240991204977036
v 0.09601496905088425 -0.036904990673065186 -0.052895959466695786
v 0.1384499967098236 -0.03362493962049484 0.025617949664592743
v 0.1384499967098236 -0.03499995917081833 0.02524995058774948
v 0.14251799881458282 -0.03466194123029709 0.02520494908094406
v 0.14167800545692444 0.03655397146940231 0.03033697046339512
v 0.13723699748516083 -0.007680952083319426 0.03600198030471802
v 0.12570889294147491 0.009001970291137695 0.03497397154569626
v 0.1257060021162033 0.00867599155753851 0.035537950694561005
v 0.14301100373268127 0.013999990187585354 -0.022388989105820656
v 0.1429498940706253 0.015778949484229088 -0.022358950227499008
v 0.14299699664115906 -0.013999990187585354 -0.022327950224280357
v 0.2281389981508255 0.01018499955534935 -0.0370599590241909
v 0.1819240003824234 0.02401196025311947 -0.05130999907851219
v 0.19661590456962585 0.01600497029721737 -0.05281198024749756
v 0.1995290070772171 0.014711970463395119 -0.05795197933912277
v 0.08102195709943771 0.036292970180511475 -0.03332196921110153
v 0.08114200085401535 0.03718798980116844 -0.032104961574077606
v 0.08114396780729294 -0.009471951983869076 -0.049075961112976074
v 0.08098196238279343 -0.00932395365089178 -0.04833494871854782
v 0.08107799291610718 -0.00650894595310092 -0.04922198876738548
v 0.08165495842695236 -0.026304960250854492 -0.043201979249715805
v 0.13110299408435822 0.02017097920179367 -0.0587039515376091
v 0.1299169957637787 0.021543970331549644 -0.05842696875333786
v 0.1172889992594719 0.005838990211486816 0.03757994994521141
v 0.14279599487781525 0.013216969557106495 0.02859394997358322
v 0.08100395649671555 0.030269980430603027 -0.038387950509786606
v 0.1401910036802292 0.00849997904151678 -0.025087950751185417
v 0.13082590699195862 -0.04068797081708908 -0.007974982261657715
v 0.13248400390148163 -0.04073195904493332 -0.003970980178564787
v 0.13082590699195862 -0.038399990648031235 -0.007974982261657715
v 0.14043399691581726 0.03559993952512741 -0.019338959828019142
v 0.14025400578975677 0.036511000245809555 -0.018039999529719353
v 0.1405320018529892 -0.03796594962477684 -0.008494973182678223
v 0.13096100091934204 0.00849997904151678 0.03318595141172409
v 0.13300900161266327 0.004999995231628418 0.019841959699988365
v 0.1364320069551468 0.007400989066809416 0.008234976790845394
v 0.14099200069904327 0.039083950221538544 0.02939694933593273
v 0.12628300487995148 0.03846395015716553 -0.0052019949071109295
v 0.13611699640750885 -0.014241989701986313 0.03415900096297264
v 0.13619999587535858 -0.013342970050871372 0.03435599058866501
v 0.13619999587535858 -0.01428896002471447 0.03490297868847847
v 0.1405320018529892 -0.03796594962477684 0.0006829999620094895
v 0.13921000063419342 -0.0390239916741848 0.0006599999614991248
v 0.08790898323059082 0.03956395015120506 0.02112399972975254
v 0.14091399312019348 -0.028323939070105553 0.03238600119948387
v 0.1409589946269989 -0.029329000040888786 0.03209894150495529
v 0.1257060021162033 -0.00867599155753851 0.035537950694561005
v 0.13620899617671967 -0.03646694868803024 0.021990949288010597
v 0.13625800609588623 -0.039482951164245605 0.023275969550013542
v 0.13619999587535858 -0.03981798142194748 0.022028980776667595
v 0.1565520018339157 -0.03598998859524727 -0.035880979150533676
v 0.19973500072956085 -0.01358299981802702 -0.03641599044203758
v 0.1595740020275116 -0.03458397835493088 -0.04166597127914429
v 0.13604900240898132 0.04007697105407715 0.032554980367422104
v 0.1359499990940094 0.03541398048400879 0.029119959101080894
v 0.1359499990940094 0.03499995917081833 0.029449990019202232
v 0.1512099951505661 0.036190979182720184 -0.043609969317913055
v 0.15877999365329742 0.03309094160795212 -0.043675001710653305
v 0.19770100712776184 0.014081950299441814 -0.04348098859190941
v 0.20280399918556213 0.012638979591429234 -0.05278496816754341
v 0.20022399723529816 0.013012940064072609 -0.05243796110153198
v 0.1261020004749298 0.035077981650829315 -0.05395495146512985
v 0.15938100218772888 0.03584694117307663 -0.05338095873594284
v 0.09302394837141037 -0.03760695084929466 -0.03319400176405907
v 0.13014300167560577 -0.03860795125365257 -0.03797297924757004
v 0.19642899930477142 -0.016122989356517792 -0.05248599871993065
v 0.18910600244998932 -0.01966899074614048 -0.051999978721141815
v 0.19617800414562225 -0.01520793978124857 -0.0524439811706543
v 0.1359499990940094 -0.03848898038268089 -0.019159970805048943
v 0.1310950070619583 -0.03859800100326538 -0.038291990756988525
v 0.13014300167560577 -0.03860795125365257 -0.03797297924757004
v 0.08799099177122116 0.004848957061767578 -0.0598139688372612
v 0.1311980038881302 0.03850597143173218 0.003153979079797864
v 0.13104400038719177 0.03863399848341942 0.005666971206665039
v 0.1304370015859604 0.038442958146333694 0.003336966037750244
v 0.19717200100421906 0.01453595981001854 -0.05271095037460327
v 0.19701600074768066 0.014298969879746437 -0.05241096019744873
v 0.20023000240325928 0.01323097012937069 -0.05278598889708519
v 0.1412860006093979 0.03647499904036522 0.019053990021348
v 0.1405320018529892 0.03796594962477684 0.02070694975554943
v 0.1405320018529892 0.03796594962477684 0.019039979204535484
v 0.13619999587535858 0.03667895868420601 0.020943989977240562
v 0.09116499871015549 0.0266720000654459 -0.055987950414419174
v 0.09311795234680176 0.030941959470510483 -0.054979968816041946
v 0.09214197844266891 0.026473989710211754 -0.05653500184416771
v 0.20035700500011444 -0.01434599980711937 -0.053026970475912094
v 0.13921000063419342 -0.0390239916741848 0.006778954993933439
v 0.1364499032497406 -0.03907196968793869 0.0067309727892279625
v 0.08146995306015015 0.03092597983777523 -0.03976196050643921
v 0.1160300001502037 0.041559990495443344 -0.02652096003293991
v 0.14674289524555206 -0.04079699143767357 -0.04022793844342232
v 0.15232700109481812 -0.03910195082426071 -0.04501497000455856
v 0.13652800023555756 -0.0022519819904118776 0.03675895184278488
v 0.1364499032497406 -0.03907196968793869 -0.00856697466224432
v 0.09620898216962814 0.03795396909117699 -0.052115969359874725
v 0.09565597027540207 0.03780394047498703 -0.05187296122312546
v 0.09597796201705933 0.038510970771312714 -0.05141996964812279
v 0.1359499990940094 0.006599961780011654 0.037784989923238754
v 0.08139598369598389 -0.012665979564189911 0.03518199175596237
v 0.1401350051164627 -0.03834395855665207 -0.016934990882873535
v 0.1364499032497406 -0.038520991802215576 -0.016903990879654884
v 0.13439799845218658 0.0038299560546875 0.011166979558765888
v 0.13468189537525177 0.004697978030890226 0.009688973426818848
v 0.13332000374794006 0.003999948035925627 0.018137989565730095
v 0.1500529944896698 0.03751599043607712 -0.04165995121002197
v 0.11988700181245804 0.0073389410972595215 0.03736196830868721
v 0.08117300271987915 0.0 0.037152938544750214
v 0.10006500035524368 0.005898952018469572 0.037265948951244354
v 0.09883295744657516 0.005940972827374935 0.03723800182342529
v 0.10007700324058533 -0.005899964831769466 0.037265948951244354
v 0.08117300271987915 0.0 0.037152938544750214
v 0.09883295744657516 -0.005940972827374935 0.03723800182342529
v 0.11625900119543076 -0.006071983836591244 0.03752398118376732
v 0.08117300271987915 0.0 0.037152938544750214
v 0.11625900119543076 -0.006071983836591244 0.03752398118376732
v 0.1359499990940094 -0.03949600085616112 -0.018503960222005844
v 0.10238590091466904 -0.038180939853191376 -0.01785098947584629
v 0.13110299408435822 -0.011144990101456642 -0.06004500016570091
v 0.11932499706745148 -0.03956096991896629 0.03221499174833298
v 0.13605399429798126 -0.04009794816374779 0.0325469896197319
v 0.09474294632673264 0.041386958211660385 -0.045796990394592285
v 0.09481096267700195 0.04109996184706688 -0.04695795848965645
v 0.14027799665927887 0.03905998915433884 0.03249996155500412
v 0.1402370035648346 0.03928297013044357 0.03206998109817505
v 0.13967899978160858 0.039584990590810776 0.03238796815276146
v 0.1024869978427887 0.03938800096511841 0.03172897920012474
v 0.10249199718236923 0.03359394893050194 0.03273797035217285
v 0.11932499706745148 0.03956096991896629 0.03221499174833298
v 0.1415330022573471 0.03871899098157883 -0.017451999709010124
v 0.14235900342464447 0.03711700066924095 -0.017439959570765495
v 0.1427139937877655 0.03613197058439255 -0.01783894933760166
v 0.08829396218061447 0.039298951625823975 0.023234959691762924
v 0.08716195076704025 0.03909999132156372 0.0214649997651577
v 0.23123900592327118 -0.007053970824927092 -0.05317496880888939
v 0.23551000654697418 -0.009827971458435059 -0.03931897133588791
v 0.13846799731254578 0.012816959992051125 0.0361979603767395
v 0.13422299921512604 0.002499996917322278 0.012268959544599056
v 0.09503400325775146 0.03891599178314209 0.029954960569739342
v 0.0950390100479126 0.03949296101927757 0.02957295998930931
v 0.09682898968458176 0.039179980754852295 0.03065996989607811
v 0.10087700188159943 0.03907698020339012 0.03171097859740257
v 0.10041400045156479 0.03927695006132126 0.031580980867147446
v 0.08617395162582397 0.03924094885587692 0.017865950241684914
v 0.08641195297241211 0.039069950580596924 0.019508950412273407
v 0.09834598749876022 0.039361000061035156 0.03102296032011509
v 0.08685696125030518 0.03953694924712181 0.017925970256328583
v 0.08916497230529785 0.0393030010163784 0.02457999996840954
v 0.09094797819852829 0.039606980979442596 0.025753969326615334
v 0.08969496935606003 0.039610978215932846 0.024183979257941246
v 0.1428419053554535 0.013184960000216961 0.027949979528784752
v 0.14293189346790314 0.03176695108413696 0.027276989072561264
v 0.10249199718236923 0.03994596004486084 -0.016621939837932587
v 0.14284899830818176 0.03453296050429344 0.02497093938291073
v 0.14289900660514832 0.03562694042921066 -0.017439959570765495
v 0.14287599921226501 0.035223960876464844 0.02486795000731945
v 0.11931800097227097 0.04011398181319237 0.03187799081206322
v 0.14138400554656982 -0.030641969293355942 0.02924698032438755
v 0.14131799340248108 -0.013900989666581154 0.030527940019965172
v 0.12806400656700134 0.038399990648031235 -0.011288999579846859
v 0.23265400528907776 0.010380979627370834 -0.040772970765829086
v 0.13617190718650818 -0.02844798006117344 0.03281496837735176
v 0.13617700338363647 -0.028487980365753174 0.033563971519470215
v 0.1364499032497406 -0.028846969828009605 0.033495958894491196
v 0.140406996011734 -0.012741980142891407 0.0362129807472229
v 0.14034399390220642 -0.014110979624092579 0.03587799891829491
v 0.14089100062847137 -0.014114970341324806 0.035699959844350815
v 0.1364499032497406 -0.03907196968793869 0.011599949561059475
v 0.1364499032497406 -0.03907196968793869 0.012849980033934116
v 0.14145199954509735 0.0304979607462883 0.02790497988462448
v 0.13921000063419342 -0.0390239916741848 0.015957949683070183
v 0.1413010060787201 -0.036453958600759506 0.01599395088851452
v 0.1364499032497406 -0.03907196968793869 0.015909960493445396
v 0.1311980038881302 0.03850597143173218 0.003153979079797864
v 0.12883199751377106 0.03769998997449875 -0.0011639590375125408
v 0.13048799335956573 0.03769998997449875 0.0033239719923585653
v 0.1362379938364029 0.030249949544668198 0.031838949769735336
v 0.14063499867916107 0.030204949900507927 0.03179198130965233
v 0.13284899294376373 -0.0029999609105288982 0.030853979289531708
v 0.2069070041179657 0.012948979623615742 -0.0530969500541687
v 0.20970900356769562 0.012887000106275082 -0.05303096026182175
v 0.13120800256729126 0.03848898038268089 0.008074997924268246
v 0.13658489286899567 0.006122945807874203 0.03634196147322655
v 0.13683100044727325 0.005091965198516846 0.03600800037384033
v 0.1365330070257187 0.005095957778394222 0.03646396845579147
v 0.13304999470710754 -0.040745969861745834 0.014824979938566685
v 0.13283999264240265 -0.038399990648031235 0.00032500000088475645
v 0.13288800418376923 -0.038399990648031235 0.014824979938566685
v 0.14187690615653992 0.03755294904112816 0.029985960572957993
v 0.14154699444770813 0.0371849499642849 0.029787950217723846
v 0.13616399466991425 -0.03943198174238205 -0.017030000686645508
v 0.12151599675416946 0.0 0.03586798161268234
v 0.1364499032497406 0.03907196968793869 -0.003697990905493498
v 0.1364499032497406 0.036681950092315674 -0.003697990905493498
v 0.1405320018529892 -0.03796594962477684 0.014587990008294582
v 0.13921000063419342 -0.0390239916741848 0.014610939659178257
v 0.1364499032497406 -0.03907196968793869 0.014659999869763851
v 0.08115296810865402 -0.009536980651319027 0.035966988652944565
v 0.1359499990940094 0.015544950030744076 0.035576991736888885
v 0.13618089258670807 0.01428896002471447 0.03490297868847847
v 0.13921000063419342 0.0390239916741848 0.015957949683070183
v 0.1364499032497406 0.03907196968793869 0.017718970775604248
v 0.1364499032497406 0.03907196968793869 0.015909960493445396
v 0.1424829065799713 0.034672971814870834 -0.04402595013380051
v 0.23323200643062592 0.007226943038403988 -0.04109698161482811
v 0.23014189302921295 0.008052945137023926 -0.04018998146057129
v 0.23030899465084076 0.0016179679660126567 -0.04029899090528488
v 0.22942499816417694 0.009738980792462826 -0.05288593843579292
v 0.23319000005722046 -0.00718796206638217 -0.04109996184706688
v 0.12921999394893646 -0.013099960051476955 0.03384596109390259
v 0.1364499032497406 0.03907196968793869 0.014659999869763851
v 0.13639189302921295 0.003014981048181653 0.036694999784231186
v 0.22254900634288788 -0.01187795028090477 -0.04013298824429512
v 0.2185949981212616 -0.011730959638953209 -0.035815950483083725
v 0.22402389347553253 -0.011797959916293621 -0.03321193903684616
v 0.12756800651550293 0.03840094059705734 -0.0031959409825503826
v 0.12972700595855713 0.035245951265096664 0.0011439910158514977
v 0.1364499032497406 0.038496971130371094 -0.016919970512390137
v 0.13667400181293488 0.004591940902173519 0.035688988864421844
v 0.1355780065059662 -0.002499996917322278 0.0037149779964238405
v 0.14169999957084656 0.003257988952100277 -0.0021139970049262047
v 0.14055800437927246 0.029347950592637062 0.032445959746837616
v 0.14264099299907684 -0.0031369919888675213 -0.0005249999812804163
v 0.1573140025138855 -0.037109971046447754 -0.04701095074415207
v 0.1549479067325592 -0.03813498839735985 -0.04610997065901756
v 0.15309099853038788 -0.0387609601020813 -0.051752980798482895
v 0.140406996011734 -0.038203950971364975 -0.018510989844799042
v 0.13785600662231445 -0.038926951587200165 -0.01857900060713291
v 0.136230006814003 -0.02949899062514305 0.03286498039960861
v 0.1415330022573471 0.009310959838330746 0.0021869540214538574
v 0.14146099984645844 0.006523965857923031 -0.00019099999917671084
v 0.13725900650024414 0.007280944846570492 0.0030099740251898766
v 0.14266599714756012 -0.007391989231109619 0.0016919970512390137
v 0.10092300176620483 -0.02960699051618576 0.030855000019073486
v 0.14038899540901184 0.012744960375130177 0.03621596097946167
v 0.1428530067205429 0.0025079839397221804 -0.001014946959912777
v 0.15234099328517914 0.03772300109267235 -0.04166597127914429
v 0.15431900322437286 0.03738296031951904 -0.04577295854687691
v 0.15226200222969055 0.03750497102737427 -0.044752951711416245
v 0.15229900181293488 0.038601990789175034 -0.044801950454711914
v 0.220210999250412 -0.012059980072081089 -0.0399169884622097
v 0.2200230062007904 -0.011854940094053745 -0.04120694845914841
v 0.21958699822425842 -0.011828949674963951 -0.041247960180044174
v 0.15226200222969055 0.03750497102737427 -0.044752951711416245
v 0.15229900181293488 0.038601990789175034 -0.044801950454711914
v 0.14169999957084656 0.009577988646924496 0.0019689789041876793
v 0.14169999957084656 0.01155798975378275 0.00525397015735507
v 0.14131100475788116 0.03644895181059837 0.01151495985686779
v 0.14292700588703156 -0.03258800134062767 0.02587698958814144
v 0.1428540050983429 -0.013052989728748798 0.026343999430537224
v 0.14285199344158173 -0.03227299079298973 0.0266069695353508
v 0.14169999957084656 -0.030496949329972267 0.026324979960918427
v 0.1512479931116104 0.037814971059560776 -0.04167497158050537
v 0.1364499032497406 -0.03907196968793869 -0.014685980044305325
v 0.13921000063419342 -0.0390239916741848 -0.014636989682912827
v 0.14027099311351776 0.0029999609105288982 0.03758496046066284
v 0.14163999259471893 -0.02352594956755638 0.03430097922682762
v 0.15925000607967377 0.03619997948408127 -0.04712200164794922
v 0.15749290585517883 0.03633999079465866 -0.04690200090408325
v 0.15427100658416748 0.03852897137403488 -0.04544597119092941
v 0.13635499775409698 -0.035145990550518036 0.023516949266195297
v 0.22933700680732727 -0.011398970149457455 -0.05293899029493332
v 0.14169999957084656 0.033598948270082474 -0.017847949638962746
v 0.14225900173187256 -0.0344269797205925 0.030920980498194695
v 0.1402219980955124 0.013240990228950977 0.034181948751211166
v 0.14134199917316437 0.030619969591498375 0.030062969774007797
v 0.14100000262260437 0.0309139396995306 0.02996695041656494
v 0.1405320018529892 -0.03796594962477684 0.00540995504707098
v 0.22539900243282318 0.012006989680230618 -0.05301897972822189
v 0.22376300394535065 0.011277969926595688 -0.04177999123930931
v 0.22053200006484985 0.011300980113446712 -0.04311800003051758
v 0.2097110003232956 -0.012885980308055878 -0.053034961223602295
v 0.22515900433063507 -0.012887000106275082 -0.05313897132873535
v 0.22536590695381165 -0.012074939906597137 -0.05303299054503441
v 0.13152900338172913 0.020416969433426857 -0.05852394923567772
v 0.1458290070295334 0.023215940222144127 -0.05317597836256027
v 0.13131000101566315 0.015132959932088852 -0.059523988515138626
v 0.13353799283504486 0.008999942801892757 0.02650696039199829
v 0.20593400299549103 0.01344894990324974 -0.040175970643758774
v 0.09599298238754272 0.03964494913816452 -0.05021195858716965
v 0.09545999020338058 0.03930598124861717 -0.05019700154662132
v 0.0946989580988884 0.04089200124144554 -0.04731196165084839
v 0.13422299921512604 -0.002499996917322278 0.012268959544599056
v 0.23211899399757385 -0.010781999677419662 -0.04061596840620041
v 0.23319000005722046 -0.00718796206638217 -0.04109996184706688
v 0.22948700189590454 -0.011301989667117596 -0.03984897956252098
v 0.1410139948129654 0.03727595880627632 -0.017249999567866325
v 0.1414259970188141 0.036348991096019745 -0.017279980704188347
v 0.08996397256851196 0.04160397872328758 -0.0349079892039299
v 0.08879995346069336 0.041626978665590286 -0.03299998864531517
v 0.1312370002269745 0.021324990317225456 -0.058372970670461655
v 0.13152900338172913 0.020416969433426857 -0.05852394923567772
v 0.1364499032497406 0.03907196968793869 0.018968990072607994
v 0.1364499032497406 0.036681950092315674 0.018968990072607994
v 0.1975950002670288 0.014624949544668198 -0.041565001010894775
v 0.1959639936685562 0.015220990404486656 -0.04166495054960251
v 0.1595740020275116 -0.03458397835493088 -0.04166597127914429
v 0.14187400043010712 0.011491949670016766 0.033464960753917694
v 0.1418749988079071 0.01163696963340044 0.03357696160674095
v 0.14153100550174713 0.010540960356593132 0.034518949687480927
v 0.1565520018339157 -0.03598998859524727 -0.035880979150533676
v 0.1560239940881729 -0.036306969821453094 -0.0416640006005764
v 0.1595740020275116 -0.03458397835493088 -0.04166597127914429
v 0.22291600704193115 0.011821979656815529 -0.040028978139162064
v 0.22684690356254578 0.011534979566931725 -0.037808001041412354
v 0.228303000330925 0.009199975989758968 -0.03696494922041893
v 0.22752699255943298 -0.011255970224738121 -0.03741395100951195
v 0.22487600147724152 -0.010896979831159115 -0.03219300135970116
v 0.22402389347553253 -0.011797959916293621 -0.03321193903684616
v 0.20280399918556213 0.012638979591429234 -0.05278496816754341
v 0.2003549039363861 0.014337950386106968 -0.05302000045776367
v 0.20325900614261627 0.01376098021864891 -0.05313795059919357
v 0.13612200319766998 -0.038445938378572464 -0.018067950382828712
v 0.1405320018529892 0.03796594962477684 -0.00682795001193881
v 0.20243500173091888 0.012635939754545689 -0.040182940661907196
v 0.09668499231338501 0.03958898037672043 -0.0504799410700798
v 0.09683399647474289 0.038697000592947006 -0.05154800042510033
v 0.17825700342655182 -0.02595495991408825 -0.05039298161864281
v 0.18910600244998932 -0.01966899074614048 -0.051999978721141815
v 0.17800800502300262 -0.025595959275960922 -0.05054396018385887
v 0.0809980034828186 0.0007800000021234155 -0.04924798011779785
v 0.12936599552631378 0.03536098822951317 0.0008169999928213656
v 0.1359499990940094 0.006599961780011654 0.037784989923238754
v 0.13779599964618683 -0.038428958505392075 -0.019168969243764877
v 0.13913799822330475 -0.03784399852156639 -0.019474979490041733
v 0.13910000026226044 0.039647988975048065 -0.018430940806865692
v 0.13931800425052643 0.040152959525585175 -0.01803594082593918
v 0.1412149965763092 0.03843795880675316 -0.01817196048796177
v 0.1819240003824234 0.02401196025311947 -0.05130999907851219
v 0.19617800414562225 0.01520793978124857 -0.0524439811706543
v 0.19637790322303772 0.014504959806799889 -0.05239998921751976
v 0.0809829831123352 0.023602960631251335 0.028530949726700783
v 0.08135396242141724 0.023826949298381805 0.028801970183849335
v 0.08121699094772339 0.026165960356593132 0.026579970493912697
v 0.14169999957084656 0.03452599048614502 0.023140959441661835
v 0.14169999957084656 0.03317695111036301 0.023554980754852295
v 0.08115898817777634 0.009536980651319027 0.035969968885183334
v 0.0809829831123352 -0.018345950171351433 0.03216499090194702
v 0.0813489481806755 -0.018519990146160126 0.032468970865011215
v 0.08122897148132324 -0.026169950142502785 0.02658396027982235
v 0.19617800414562225 0.01520793978124857 -0.0524439811706543
v 0.19642899930477142 0.016122989356517792 -0.05248599871993065
v 0.14293399453163147 0.008712947368621826 0.0025079839397221804
v 0.09663795679807663 0.03683298081159592 -0.053068991750478745
v 0.09608595818281174 0.03648597002029419 -0.053180988878011703
v 0.08095800131559372 0.016101950779557228 -0.046499960124492645
v 0.1556929051876068 0.03738898038864136 -0.04630696028470993
v 0.15803299844264984 0.03687493875622749 -0.04729598015546799
v 0.15437400341033936 0.038260988891124725 -0.045915961265563965
v 0.11993200331926346 0.04193698987364769 -0.02763598971068859
v 0.14132699370384216 0.03644198179244995 -0.01602094992995262
v 0.1405320018529892 0.03796594962477684 -0.01600700058043003
v 0.1392659991979599 0.038993000984191895 -0.01614397019147873
v 0.14251700043678284 -0.03217899054288864 0.027734989300370216
v 0.1384499967098236 -0.03224997967481613 0.027999989688396454
v 0.1425420045852661 -0.03248000144958496 0.02670598030090332
v 0.22762100398540497 0.01111197005957365 -0.03735797852277756
v 0.22398999333381653 0.011839980259537697 -0.03322798013687134
v 0.12017499655485153 0.04197198152542114 -0.02797096036374569
v 0.2200230062007904 -0.011854940094053745 -0.04120694845914841
v 0.2185949981212616 -0.011730959638953209 -0.035815950483083725
v 0.22164100408554077 -0.011768990196287632 -0.04071097820997238
v 0.1405320018529892 -0.03796594962477684 -0.0007089999853633344
v 0.14129599928855896 0.013852950185537338 0.035267941653728485
v 0.14090900123119354 0.013975970447063446 0.03571294993162155
v 0.13921000063419342 0.0390239916741848 -0.009864985011518002
v 0.1364499032497406 0.03907196968793869 -0.009816943667829037
v 0.13921000063419342 0.0390239916741848 -0.01292395032942295
v 0.1364499032497406 0.03907196968793869 -0.01287597045302391
v 0.12818799912929535 0.04061894863843918 -0.011412969790399075
v 0.19872699677944183 -0.013971979729831219 -0.05251795053482056
v 0.1375889927148819 0.0 0.0009239999344572425
v 0.14287500083446503 0.010505969636142254 0.005686997901648283
v 0.14261500537395477 -0.013143000192940235 0.030365999788045883
v 0.1428299993276596 -0.03176397085189819 0.028765970841050148
v 0.2253980040550232 0.011642989702522755 -0.05929100140929222
v 0.22782400250434875 0.01092499028891325 -0.05888199061155319
v 0.22731390595436096 0.008488953113555908 -0.05971597880125046
v 0.1333409994840622 0.0029999609105288982 0.017869940027594566
v 0.15947599709033966 -0.03607194870710373 -0.04724495857954025
v 0.1594419926404953 -0.03540294989943504 -0.047359999269247055
v 0.1573140025138855 -0.037109971046447754 -0.04701095074415207
v 0.1494860053062439 0.038255978375673294 -0.043425969779491425
v 0.1359499990940094 0.03848695009946823 -0.019168969243764877
v 0.13685199618339539 0.03851699084043503 -0.019173970445990562
v 0.13613800704479218 -0.03559093922376633 0.0231929998844862
v 0.14166200160980225 -0.004153965972363949 -0.0016279809642583132
v 0.1325010061264038 0.021142950281500816 -0.05775897949934006
v 0.13187900185585022 0.02238297089934349 -0.05750900134444237
v 0.1359499990940094 0.03847998008131981 -0.0019969940185546875
v 0.1359499990940094 0.03838597983121872 0.01968996971845627
v 0.13494999706745148 0.03846395015716553 -0.0019969940185546875
v 0.1359499990940094 0.03828096017241478 -0.0026949639432132244
v 0.12985000014305115 -0.009290993213653564 0.034968968480825424
v 0.14169999957084656 0.030940940603613853 0.025430969893932343
v 0.14169999957084656 0.031550999730825424 0.02465498074889183
v 0.1560239940881729 -0.036306969821453094 -0.0416640006005764
v 0.14878490567207336 -0.03541398048400879 -0.04167497158050537
v 0.1523430049419403 -0.037727948278188705 -0.0416640006005764
v 0.1359499990940094 -0.04082195833325386 -0.017497949302196503
v 0.1359499990940094 -0.04052697867155075 -0.01817696914076805
v 0.13616399466991425 -0.03943198174238205 -0.017030000686645508
v 0.1405320018529892 0.03796594962477684 -0.009887993335723877
v 0.1298840045928955 0.009859979152679443 0.028482969850301743
v 0.12995000183582306 0.010064950212836266 0.031858980655670166
v 0.1394370049238205 -0.039628978818655014 -0.018346959725022316
v 0.22728300094604492 0.012687980197370052 -0.05365198105573654
v 0.13933299481868744 -0.004227994941174984 0.038181960582733154
v 0.1359499990940094 -0.006599961780011654 0.037784989923238754
v 0.13952100276947021 -0.006858943961560726 0.037792980670928955
v 0.17764100432395935 0.024456970393657684 -0.05032895877957344
v 0.19637790322303772 0.014504959806799889 -0.05239998921751976
v 0.13681800663471222 0.0405309684574604 -0.018168980255723
v 0.11988700181245804 0.0073389410972595215 0.0339999683201313
v 0.1359499990940094 0.027758950367569923 0.03441398963332176
v 0.1406320035457611 0.022832980379462242 0.03508596867322922
v 0.14081500470638275 0.027770990505814552 0.03451395034790039
v 0.13618899881839752 -0.030901959165930748 0.03222893923521042
v 0.13628900051116943 -0.030728990212082863 0.031129950657486916
v 0.13624300062656403 -0.031533949077129364 0.031055979430675507
v 0.17825700342655182 -0.02595495991408825 -0.05039298161864281
v 0.16212299466133118 -0.03375500068068504 -0.047864969819784164
v 0.17800800502300262 -0.025595959275960922 -0.05054396018385887
v 0.1328458935022354 0.038399990648031235 0.014824979938566685
v 0.13304999470710754 0.040745969861745834 0.014824979938566685
v 0.15231500566005707 0.03731197118759155 -0.04448198899626732
v 0.132874995470047 0.038399990648031235 0.00032500000088475645
v 0.142302006483078 0.032967980951070786 0.03002697043120861
v 0.15967300534248352 0.036427970975637436 -0.04017698019742966
v 0.1598840057849884 0.03595298156142235 -0.04702895134687424
v 0.14224599301815033 0.0124049698933959 0.0316540002822876
v 0.1422470062971115 0.012483949773013592 0.031005969271063805
v 0.1292629987001419 -0.012802000157535076 0.03323096036911011
v 0.1412860006093979 0.03647499904036522 0.012934979982674122
v 0.14131100475788116 0.03644895181059837 0.014574999921023846
v 0.1405320018529892 0.03796594962477684 0.014587990008294582
v 0.1405320018529892 -0.03796594962477684 0.006801961921155453
v 0.13612200319766998 -0.038445938378572464 -0.018067950382828712
v 0.1359499990940094 -0.03949600085616112 -0.018503960222005844
v 0.13616399466991425 -0.03943198174238205 -0.017030000686645508
v 0.08447396010160446 -0.004853962920606136 -0.05677293986082077
v 0.13611699640750885 -0.014241989701986313 0.03415900096297264
v 0.13619999587535858 -0.01428896002471447 0.03490297868847847
v 0.19757099449634552 -0.014623990282416344 -0.041562970727682114
v 0.1595740020275116 -0.03458397835493088 -0.04166597127914429
v 0.12547799944877625 0.008272944949567318 0.03572899103164673
v 0.12242790311574936 0.008617997169494629 0.035492949187755585
v 0.1364499032497406 -0.03907196968793869 -0.003697990905493498
v 0.1364499032497406 -0.03907196968793869 -0.005506991874426603
v 0.0957149788737297 0.03949999064207077 -0.008509992621839046
v 0.11609890311956406 0.03949999064207077 0.0024039740674197674
v 0.20500090718269348 0.01195198018103838 -0.043474968522787094
v 0.20280399918556213 0.012638979591429234 -0.05278496816754341
v 0.12693600356578827 0.03846495971083641 -0.005790947936475277
v 0.1422410011291504 -0.01240795012563467 0.031833939254283905
v 0.20022399723529816 0.013012940064072609 -0.05243796110153198
v 0.22727300226688385 0.011132000014185905 -0.0525999590754509
v 0.23265400528907776 0.010380979627370834 -0.040772970765829086
v 0.2294459044933319 0.011263960041105747 -0.03985195979475975
v 0.14157189428806305 0.011269980110228062 0.005355954170227051
v 0.18585500121116638 0.02106695994734764 -0.05161594972014427
v 0.17798100411891937 0.025583980605006218 -0.05053997039794922
v 0.17766490578651428 0.02495097927749157 -0.05030297860503197
v 0.11878900229930878 0.011436990462243557 0.0339999683201313
v 0.13245299458503723 -0.021057959645986557 -0.05772893875837326
v 0.1326880007982254 -0.02081196941435337 -0.05791395157575607
v 0.1412999927997589 -0.01391195971518755 0.03525596112012863
v 0.14246200025081635 -0.03532999008893967 -0.018351970240473747
v 0.1429498940706253 0.03467994183301926 -0.017557969316840172
v 0.1428309977054596 0.03525995835661888 -0.01789598912000656
v 0.14049890637397766 0.037536971271038055 0.03312397003173828
v 0.1412220001220703 0.0374709889292717 0.03290795907378197
v 0.14084599912166595 0.038100000470876694 0.032812949270009995
v 0.20500090718269348 0.01195198018103838 -0.043474968522787094
v 0.2067449986934662 0.012080959975719452 -0.05296897143125534
v 0.2049919068813324 0.011899939738214016 -0.05260998010635376
v 0.1975138932466507 -0.01416397001594305 -0.04348098859190941
v 0.17680199444293976 -0.022797999903559685 -0.043630000203847885
v 0.1789650022983551 -0.021600959822535515 -0.04346596822142601
v 0.15519799292087555 -0.036561958491802216 -0.045986950397491455
v 0.14121900498867035 0.0344269797205925 -0.018953969702124596
v 0.15226200222969055 0.03750497102737427 -0.044752951711416245
v 0.15229900181293488 0.038601990789175034 -0.044801950454711914
v 0.15437400341033936 0.038260988891124725 -0.045915961265563965
v 0.14263799786567688 -0.0010289540514349937 -0.0010669820476323366
v 0.13680599629878998 0.003065943019464612 0.036093950271606445
v 0.1447419971227646 0.041082970798015594 -0.04094398021697998
v 0.14447100460529327 0.041201941668987274 -0.04109698161482811
v 0.14129599928855896 -0.03646998852491379 0.008455990813672543
v 0.1487870067358017 0.03536897152662277 -0.04167497158050537
v 0.13621899485588074 0.008288978599011898 0.03667699918150902
v 0.13622300326824188 0.013612980023026466 0.03505098074674606
v 0.23169000446796417 -0.012908989563584328 -0.040197961032390594
v 0.15947599709033966 -0.03607194870710373 -0.04724495857954025
v 0.1607629954814911 -0.03542798012495041 -0.04794095829129219
v 0.21841399371623993 0.011816970072686672 -0.041525948792696
v 0.2173680067062378 0.011990959756076336 -0.041457951068878174
v 0.21706299483776093 0.011768990196287632 -0.04166299104690552
v 0.2098218947649002 0.011762970127165318 -0.04166299104690552
v 0.2098218947649002 -0.01176195964217186 -0.04166495054960251
v 0.21706299483776093 -0.011756950058043003 -0.04166495054960251
v 0.1364499032497406 0.03907196968793869 0.012849980033934116
v 0.13921000063419342 -0.0390239916741848 0.011551969684660435
v 0.1415500044822693 0.03753596171736717 0.03240596875548363
v 0.14172199368476868 0.0370439812541008 0.03248697146773338
v 0.14188100397586823 0.03707199916243553 0.03191297873854637
v 0.228303000330925 -0.009196995757520199 -0.03696494922041893
v 0.1331329047679901 0.006560980807989836 0.029061969369649887
v 0.1417900025844574 0.011336980387568474 0.03332895040512085
v 0.14263799786567688 -7.999999979801942e-06 -0.0009999870089814067
v 0.14075100421905518 0.007660984061658382 0.03652298077940941
v 0.1364499032497406 -0.03907196968793869 -0.009816943667829037
v 0.1405320018529892 -0.03796594962477684 -0.003768980037420988
v 0.13921000063419342 -0.0390239916741848 -0.0037459731101989746
v 0.13032600283622742 -0.02242100052535534 -0.05817699059844017
v 0.13110299408435822 -0.020182959735393524 -0.05870198830962181
v 0.08099596947431564 -0.0035549988970160484 -0.04912196844816208
v 0.14132599532604218 0.030214959755539894 0.034079961478710175
v 0.15603600442409515 0.03627299889922142 -0.035901959985494614
v 0.1565520018339157 -0.03598998859524727 -0.035880979150533676
v 0.1364499032497406 -0.036681950092315674 -0.002447962062433362
v 0.20503300428390503 0.012142949737608433 -0.04166495054960251
v 0.12213499844074249 -0.008870959281921387 0.0348849818110466
v 0.12242790311574936 -0.008617997169494629 0.035492949187755585
v 0.12194500118494034 -0.008533000014722347 0.03538595885038376
v 0.2067449986934662 0.012080959975719452 -0.05296897143125534
v 0.08113496750593185 0.012507970444858074 -0.04837696999311447
v 0.14285899698734283 -0.007517992984503508 0.001563966041430831
v 0.11988700181245804 -0.010338960215449333 0.0339999683201313
v 0.13615299761295319 0.038445938378572464 -0.018067000433802605
v 0.13693299889564514 0.005922973155975342 0.03586798161268234
v 0.14059700071811676 -0.030012959614396095 0.03198695182800293
v 0.1408810019493103 -0.029941970482468605 0.03190296143293381
v 0.10179699957370758 -0.013062950223684311 -0.05983996018767357
v 0.08911895006895065 -0.012299950234591961 -0.05927395075559616
v 0.12995000183582306 -0.01006597001105547 0.03186500072479248
v 0.12987299263477325 -0.009817956946790218 0.028482969850301743
v 0.12998400628566742 -0.012257990427315235 0.033920999616384506
v 0.12985189259052277 -0.012194990180432796 0.032922979444265366
v 0.12965600192546844 -0.01259499043226242 0.03322898969054222
v 0.09620898216962814 -0.03795396909117699 -0.052115969359874725
v 0.09599900245666504 -0.038518961519002914 -0.05142693966627121
v 0.15724900364875793 0.03566896170377731 -0.04347895830869675
v 0.1563670039176941 0.03617696836590767 -0.04639798030257225
v 0.15749290585517883 0.03633999079465866 -0.04690200090408325
v 0.12972499430179596 -0.005078970920294523 0.030758969485759735
v 0.12986800074577332 -0.0049939751625061035 0.029859960079193115
v 0.13003499805927277 -0.005920946132391691 0.02995597943663597
v 0.16212299466133118 -0.03375500068068504 -0.047864969819784164
v 0.15930500626564026 -0.0344429612159729 -0.047132961452007294
v 0.1594419926404953 -0.03540294989943504 -0.047359999269247055
v 0.14041300117969513 -0.015429969877004623 0.03570199012756348
v 0.13965490460395813 0.008342981338500977 0.03750497102737427
v 0.1401830017566681 0.01121996995061636 0.03671497106552124
v 0.1512479931116104 0.037814971059560776 -0.04167497158050537
v 0.14966599643230438 0.037356968969106674 -0.03625499829649925
v 0.1500529944896698 0.03751599043607712 -0.04165995121002197
v 0.13777099549770355 0.0027809729799628258 -0.00021899999410379678
v 0.1384499967098236 -0.03499995917081833 0.03074996918439865
v 0.14214299619197845 -0.03564399108290672 0.030910959467291832
v 0.14110100269317627 0.013485959731042385 0.03063100017607212
v 0.11888899654150009 0.008838950656354427 0.0339999683201313
v 0.11867400258779526 0.00803899671882391 0.0339999683201313
v 0.15551500022411346 -0.03525799140334129 -0.043698959052562714
v 0.13413000106811523 0.000868000031914562 0.01285593956708908
v 0.1512479931116104 0.037814971059560776 -0.04167497158050537
v 0.1364499032497406 0.009465992450714111 0.03561997041106224
v 0.13921000063419342 0.0390239916741848 0.011551969684660435
v 0.14291299879550934 -0.03170299157500267 0.027673950418829918
v 0.14282900094985962 -0.013084939680993557 0.027148960158228874
v 0.1487870067358017 0.03536897152662277 -0.04167497158050537
v 0.14883500337600708 0.035746991634368896 -0.0359029695391655
v 0.14899900555610657 0.036380939185619354 -0.0416640006005764
v 0.1364499032497406 0.036681950092315674 0.012849980033934116
v 0.14157399535179138 -0.027591999620199203 0.03423094004392624
v 0.14188799262046814 -0.03493297100067139 0.03320198878645897
v 0.1462039053440094 -0.0407719612121582 -0.04852598160505295
v 0.15232700109481812 -0.03910195082426071 -0.04501497000455856
v 0.13060800731182098 0.03824995830655098 0.00456500006839633
v 0.13064399361610413 0.030899999663233757 0.004576981067657471
v 0.14169999957084656 -0.032306961715221405 0.024020960554480553
v 0.1415448933839798 -0.03249698132276535 0.024302000179886818
v 0.10179699957370758 0.008470951579511166 -0.06031094864010811
v 0.13128389418125153 0.010071990080177784 -0.06013797968626022
v 0.12617400288581848 0.03769998997449875 -0.005140960216522217
v 0.13619999587535858 -0.03143297880887985 0.02574199065566063
v 0.14129599928855896 -0.03209197148680687 0.02481894940137863
v 0.1172889992594719 0.005838990211486816 0.0339999683201313
v 0.1359499990940094 0.03539096936583519 0.026851950213313103
v 0.13618089258670807 0.03856997936964035 0.024189939722418785
v 0.1362168937921524 0.03732198104262352 0.024523969739675522
v 0.14270099997520447 -0.034082941710948944 -0.01871996931731701
v 0.1364499032497406 -0.036681950092315674 -0.005506991874426603
v 0.14247199892997742 -0.032531969249248505 0.029699979349970818
v 0.14967699348926544 -0.037363938987255096 -0.03626798838376999
v 0.14899300038814545 -0.0363839790225029 -0.04166299104690552
v 0.15005989372730255 -0.03751295059919357 -0.041660960763692856
v 0.13516800105571747 -0.004697978030890226 0.006302951835095882
v 0.14621800184249878 0.04051493853330612 -0.04141997918486595
v 0.15232400596141815 0.039107970893383026 -0.04502695053815842
v 0.22814099490642548 -0.012114999815821648 -0.05342400074005127
v 0.22515900433063507 -0.012887000106275082 -0.05313897132873535
v 0.225073903799057 -0.013013949617743492 -0.0536719486117363
v 0.205252006649971 -0.011847970075905323 -0.04347895830869675
v 0.2098308950662613 -0.00957399606704712 -0.043477948755025864
v 0.21706299483776093 -0.01155798975378275 -0.043474968522787094
v 0.13682499527931213 0.0 0.03671199083328247
v 0.14112700521945953 -0.03913997858762741 0.027103960514068604
v 0.13753299415111542 -0.0074959988705813885 0.035741981118917465
v 0.1364499032497406 0.036681950092315674 0.017718970775604248
v 0.2073100060224533 -0.011382989585399628 -0.052864961326122284
v 0.13921000063419342 -0.0390239916741848 0.017670979723334312
v 0.1364499032497406 -0.03907196968793869 0.017718970775604248
v 0.13120800256729126 0.03848898038268089 0.008074997924268246
v 0.1410280019044876 0.012519950047135353 0.03583097085356712
v 0.13264499604701996 -0.004853962920606136 0.032142989337444305
v 0.1364499032497406 0.03907196968793869 0.003671943908557296
v 0.1359499990940094 -0.03425997123122215 0.028930960223078728
v 0.23211899399757385 -0.010781999677419662 -0.04061596840620041
v 0.1364499032497406 0.036681950092315674 0.009790956042706966
v 0.1364499032497406 0.03907196968793869 0.009790956042706966
v 0.1487870067358017 -0.03575396165251732 -0.03593200072646141
v 0.22821900248527527 -0.010231969878077507 -0.05256098136305809
v 0.19637790322303772 0.014504959806799889 -0.05239998921751976
v 0.13625800609588623 -0.039482951164245605 0.023275969550013542
v 0.14096499979496002 -0.013255000114440918 0.03179198130965233
v 0.14071199297904968 -0.012739949859678745 0.03304398059844971
v 0.1364399939775467 -0.003037988906726241 0.03669195994734764
v 0.13627399504184723 -0.030289940536022186 0.03199797123670578
v 0.1323879063129425 0.038399990648031235 -0.0028449890669435263
v 0.14035600423812866 0.004570960067212582 0.03716795891523361
v 0.228303000330925 -0.009196995757520199 -0.03696494922041893
v 0.23565390706062317 0.009436964057385921 -0.039330948144197464
v 0.228303000330925 0.009199975989758968 -0.03696494922041893
v 0.1424809992313385 -0.032219938933849335 0.02868293970823288
v 0.2279359996318817 0.01125895045697689 -0.03935997933149338
v 0.14169399440288544 0.035073988139629364 0.022891990840435028
v 0.1416199952363968 0.03571294993162155 0.022343989461660385
v 0.2003549039363861 0.014337950386106968 -0.05302000045776367
v 0.09002094715833664 0.01744496077299118 -0.058539979159832
v 0.13921000063419342 0.0390239916741848 0.003719985019415617
v 0.14140300452709198 0.010385990142822266 0.03430895879864693
v 0.14101989567279816 0.009143947623670101 0.035264961421489716
v 0.1429498940706253 0.018860990181565285 -0.024138979613780975
v 0.1429498940706253 0.019953960552811623 -0.02556198090314865
v 0.1364499032497406 0.036681950092315674 0.00854098703712225
v 0.12848100066184998 -0.040626998990774155 0.02585594914853573
v 0.13096000254154205 -0.038399990648031235 0.02262496016919613
v 0.13304999470710754 -0.040745969861745834 0.00032500000088475645
v 0.13248400390148163 -0.038399990648031235 -0.003970980178564787
v 0.13283999264240265 -0.038399990648031235 0.00032500000088475645
v 0.13304999470710754 -0.040745969861745834 0.00032500000088475645
v 0.13248400390148163 -0.038399990648031235 -0.003970980178564787
v 0.12806400656700134 -0.038399990648031235 -0.011288999579846859
v 0.12818799912929535 -0.04061894863843918 -0.011412969790399075
v 0.12475000321865082 -0.04052894935011864 -0.01405095960944891
v 0.12818799912929535 -0.04061894863843918 -0.011412969790399075
v 0.12475000321865082 -0.038399990648031235 -0.01405095960944891
v 0.13304999470710754 -0.040745969861745834 0.00032500000088475645
v 0.13304999470710754 -0.040745969861745834 0.014824979938566685
v 0.13283999264240265 -0.038399990648031235 0.00032500000088475645
v 0.14004799723625183 -0.01195393968373537 0.034669991582632065
v 0.2295919954776764 -0.008960962295532227 -0.052981968969106674
v 0.2291959971189499 -0.007962942123413086 -0.052935000509023666
v 0.1384499967098236 -0.036374978721141815 0.025617949664592743
v 0.14211489260196686 -0.03735094889998436 0.025989940389990807
v 0.14232699573040009 -0.03647993877530098 0.025524970144033432
v 0.189069002866745 -0.02011799067258835 -0.05212496966123581
v 0.136230006814003 -0.02949899062514305 0.03286498039960861
v 0.14118699729442596 0.03635799139738083 0.03328698128461838
v 0.22291600704193115 0.011821979656815529 -0.040028978139162064
v 0.228303000330925 0.009199975989758968 -0.03696494922041893
v 0.12055999785661697 -0.04197198152542114 -0.02815997041761875
v 0.1500529944896698 0.03751599043607712 -0.04165995121002197
v 0.2069070041179657 0.012948979623615742 -0.0530969500541687
v 0.20691099762916565 0.012026960030198097 -0.052980948239564896
v 0.22148199379444122 0.011817989870905876 -0.040745969861745834
v 0.2200230062007904 -0.011854940094053745 -0.04120694845914841
v 0.22164100408554077 -0.011768990196287632 -0.04071097820997238
v 0.1359499990940094 0.03617994859814644 0.027785949409008026
v 0.1359499990940094 0.03625594824552536 0.02727496065199375
v 0.1366720050573349 -0.0031019439920783043 0.035849981009960175
v 0.13667400181293488 -0.004591940902173519 0.035688988864421844
v 0.1405320018529892 0.03796594962477684 -0.011554949916899204
v 0.1422470062971115 -0.012483949773013592 0.03100495971739292
v 0.1549479067325592 -0.03813498839735985 -0.04610997065901756
v 0.2098218947649002 -0.01176195964217186 -0.04166495054960251
v 0.2070000022649765 -0.011955969966948032 -0.03631997108459473
v 0.218983992934227 0.013248980045318604 -0.04002796858549118
v 0.13490499556064606 0.004999995231628418 0.007992981933057308
v 0.13120800256729126 0.03848898038268089 0.008074997924268246
v 0.13928000628948212 -0.03898495063185692 -0.016176989302039146
v 0.13921000063419342 0.0390239916741848 -0.005458950065076351
v 0.1364499032497406 0.03907196968793869 -0.005506991874426603
v 0.20325900614261627 0.01376098021864891 -0.05313795059919357
v 0.15081200003623962 -0.037604980170726776 -0.043808989226818085
v 0.131741002202034 -0.003999948035925627 0.02797597087919712
v 0.13174299895763397 -0.0029999609105288982 0.028247950598597527
v 0.12628300487995148 0.03846395015716553 -0.0052019949071109295
v 0.12789300084114075 0.03884093835949898 -0.0034129610285162926
v 0.1607629954814911 -0.03542798012495041 -0.04794095829129219
v 0.1776849925518036 -0.024936970323324203 -0.05032794922590256
v 0.17800800502300262 -0.025595959275960922 -0.05054396018385887
v 0.1413010060787201 -0.036453958600759506 0.0037559859920293093
v 0.1447419971227646 0.041082970798015594 -0.04094398021697998
v 0.1310500055551529 0.03769998997449875 0.008074997924268246
v 0.19720390439033508 -0.015453989617526531 -0.052711959928274155
v 0.20035700500011444 -0.01434599980711937 -0.053026970475912094
v 0.19714799523353577 -0.01591598056256771 -0.052960991859436035
v 0.1355780065059662 0.002499996917322278 0.0037149779964238405
v 0.15523900091648102 -0.037519991397857666 -0.04614698141813278
v 0.15718300640583038 -0.03648995980620384 -0.04680496081709862
v 0.1558919996023178 -0.03582495078444481 -0.04634999856352806
v 0.1364499032497406 0.03907196968793869 -0.011625939980149269
v 0.1560239940881729 -0.036306969821453094 -0.0416640006005764
v 0.14110800623893738 -0.013492999598383904 0.030634989961981773
v 0.1369619071483612 -0.04032497853040695 0.032460980117321014
v 0.13826900720596313 -0.04004697874188423 0.03253297880291939
v 0.14169999957084656 -0.013999990187585354 -0.02358298934996128
v 0.13095000386238098 0.030899999663233757 0.008074997924268246
v 0.20937000215053558 -0.010857990011572838 -0.04382698982954025
v 0.2049919068813324 -0.011899939738214016 -0.05260998010635376
v 0.13635000586509705 0.0360260009765625 0.02276694029569626
v 0.14131399989128113 0.03630799055099487 0.02171999029815197
v 0.1412840038537979 0.03597896918654442 0.022601960226893425
v 0.1405320018529892 -0.03796594962477684 0.0037429919466376305
v 0.12806400656700134 0.038399990648031235 -0.011288999579846859
v 0.12693600356578827 0.03846495971083641 -0.005790947936475277
v 0.12996099889278412 0.038399990648031235 -0.008702993392944336
v 0.1364499032497406 0.036681950092315674 -0.005506991874426603
v 0.14040489494800568 0.041610948741436005 -0.04648195952177048
v 0.1402910053730011 0.04158097133040428 -0.04676597937941551
v 0.19661399722099304 -0.016016000881791115 -0.052822940051555634
v 0.13034990429878235 0.022432979196310043 -0.05817198008298874
v 0.13097800314426422 0.02206498011946678 -0.05817699059844017
v 0.13276490569114685 0.01762896031141281 -0.058483000844717026
v 0.1164499968290329 0.03949999064207077 -0.01592499017715454
v 0.1512729972600937 -0.037817951291799545 -0.04167497158050537
v 0.15005989372730255 -0.03751295059919357 -0.041660960763692856
v 0.14166299998760223 -0.030674990266561508 0.026390960440039635
v 0.13921000063419342 0.0390239916741848 -0.002398967044427991
v 0.17798100411891937 0.025583980605006218 -0.05053997039794922
v 0.13652800023555756 0.0022519819904118776 0.03675895184278488
v 0.14071300625801086 0.01274596992880106 0.03304797038435936
v 0.21851399540901184 -0.011855949647724628 -0.04149496182799339
v 0.1402440071105957 -0.0029999609105288982 0.03715699166059494
v 0.14698900282382965 0.03683298081159592 -0.04192996025085449
v 0.14512689411640167 0.039508990943431854 -0.04091893881559372
v 0.15718300640583038 -0.03648995980620384 -0.04680496081709862
v 0.1594419926404953 -0.03540294989943504 -0.047359999269247055
v 0.13625599443912506 -0.03126299008727074 0.030054980888962746
v 0.23123900592327118 -0.007053970824927092 -0.05317496880888939
v 0.14144499599933624 -0.013971979729831219 0.029119959101080894
v 0.17755599319934845 -0.024446960538625717 -0.05029695853590965
v 0.17800800502300262 -0.025595959275960922 -0.05054396018385887
v 0.19579890370368958 -0.014803940430283546 -0.05246800184249878
v 0.1776849925518036 -0.024936970323324203 -0.05032794922590256
v 0.14133599400520325 -0.03460096940398216 -0.018094949424266815
v 0.14117300510406494 -0.03521095961332321 -0.01807600073516369
v 0.14160999655723572 0.010971959680318832 0.03404998034238815
v 0.1315380036830902 -0.02042393945157528 -0.058522991836071014
v 0.14618000388145447 -0.02867995947599411 -0.052186958491802216
v 0.14284999668598175 -0.011195950210094452 0.007790981791913509
v 0.131449893116951 0.020700989291071892 0.03301297873258591
v 0.13948699831962585 -0.038812991231679916 0.032880958169698715
v 0.14034299552440643 -0.03821200132369995 0.03295499086380005
v 0.14050790667533875 -0.03754299134016037 0.0331229493021965
v 0.1405320018529892 -0.03796594962477684 -0.011554949916899204
v 0.13605399429798126 -0.04009794816374779 0.0325469896197319
v 0.13758589327335358 -0.03981399163603783 0.032667990773916245
v 0.11932499706745148 -0.03956096991896629 0.03221499174833298
v 0.11932499706745148 -0.03956096991896629 0.03221499174833298
v 0.11931800097227097 -0.040151000022888184 0.031833939254283905
v 0.15947599709033966 -0.03607194870710373 -0.04724495857954025
v 0.15718300640583038 -0.03648995980620384 -0.04680496081709862
v 0.1594419926404953 -0.03540294989943504 -0.047359999269247055
v 0.11931800097227097 -0.040151000022888184 0.031833939254283905
v 0.10294999927282333 -0.03995800018310547 0.030424950644373894
v 0.11932499706745148 -0.04038697108626366 0.031230980530381203
v 0.1413239985704422 0.0346369706094265 -0.018092980608344078
v 0.20288999378681183 -0.012691969983279705 -0.052798978984355927
v 0.20035700500011444 -0.01434599980711937 -0.053026970475912094
v 0.20023900270462036 -0.013233950361609459 -0.052804939448833466
v 0.1359499990940094 0.01286797970533371 0.03613400086760521
v 0.15930500626564026 -0.0344429612159729 -0.047132961452007294
v 0.15714100003242493 -0.03539896011352539 -0.046496979892253876
v 0.13622400164604187 0.03647898882627487 0.021963950246572495
v 0.14139099419116974 0.003388941055163741 -0.001554965041577816
v 0.13906599581241608 -0.040384940803050995 0.029139989987015724
v 0.13682399690151215 -0.04080294817686081 0.03182094916701317
v 0.14149199426174164 -0.011403970420360565 0.006073950789868832
v 0.14247600734233856 -0.03470896929502487 -0.01887594908475876
v 0.1364499032497406 0.036681950092315674 -0.009816943667829037
v 0.1364499032497406 -0.036681950092315674 0.015909960493445396
v 0.1364499032497406 -0.036681950092315674 0.014659999869763851
v 0.15551500022411346 -0.03525799140334129 -0.043698959052562714
v 0.15930500626564026 -0.0344429612159729 -0.047132961452007294
v 0.15714100003242493 -0.03539896011352539 -0.046496979892253876
v 0.15437400341033936 0.038260988891124725 -0.045915961265563965
v 0.1422899067401886 0.03616195172071457 -0.018290989100933075
v 0.11932499706745148 -0.04038697108626366 0.031230980530381203
v 0.22684690356254578 0.011534979566931725 -0.037808001041412354
v 0.2281389981508255 0.01018499955534935 -0.0370599590241909
v 0.17676900327205658 0.02295297011733055 -0.04365396127104759
v 0.1986590027809143 0.012764990329742432 -0.043669991195201874
v 0.14144299924373627 0.03527598828077316 0.02318095974624157
v 0.13604100048542023 -0.04071097820997238 0.03190099820494652
v 0.15958000719547272 0.03459494933485985 -0.04166698083281517
v 0.20037199556827545 -0.013310959562659264 -0.04166495054960251
v 0.13675090670585632 0.04032294824719429 0.03246498107910156
v 0.1975138932466507 -0.01416397001594305 -0.04348098859190941
v 0.13605399429798126 -0.04009794816374779 0.0325469896197319
v 0.136230006814003 -0.02949899062514305 0.03286498039960861
v 0.1359499990940094 -0.03552800044417381 0.029124969616532326
v 0.1398880034685135 0.038740988820791245 0.03285294026136398
v 0.13623900711536407 -0.03600995987653732 0.02278696931898594
v 0.22727300226688385 0.011132000014185905 -0.0525999590754509
v 0.13112400472164154 0.023163970559835434 -0.05736695975065231
v 0.13036790490150452 0.023689979687333107 -0.05727194994688034
v 0.09682399034500122 0.0381159707903862 -0.052095938473939896
v 0.1261020004749298 0.035077981650829315 -0.05395495146512985
v 0.23121200501918793 0.007081985007971525 -0.053235940635204315
v 0.23123900592327118 -0.007053970824927092 -0.05317496880888939
v 0.22920000553131104 0.008140981197357178 -0.05294400081038475
v 0.09533298015594482 0.03505396097898483 -0.05382198095321655
v 0.09527897089719772 0.036322951316833496 -0.0528709813952446
v 0.13622799515724182 0.03129798173904419 0.029069960117340088
v 0.1362168937921524 0.030825970694422722 0.027366990223526955
v 0.14025600254535675 0.0029999609105288982 0.03717796877026558
v 0.1384499967098236 -0.03261797875165939 0.026624970138072968
v 0.21911199390888214 0.011902979575097561 -0.036262981593608856
v 0.13264499604701996 -0.004853962920606136 0.032142989337444305
v 0.152305006980896 -0.03859299048781395 -0.04480098932981491
v 0.1560239940881729 0.036306969821453094 -0.0416640006005764
v 0.1384499967098236 0.03362493962049484 0.025617949664592743
v 0.14081700146198273 0.0154149504378438 0.035628970712423325
v 0.13540300726890564 -0.0038299560546875 0.004817962180823088
v 0.23121200501918793 0.007081985007971525 -0.053235940635204315
v 0.14130799472332 0.034173961728811264 -0.04379497841000557
v 0.13708290457725525 0.007639944087713957 0.036044951528310776
v 0.2260819971561432 0.012124000117182732 -0.03747998923063278
v 0.223130002617836 0.013293979689478874 -0.03826195001602173
v 0.22725200653076172 -0.012521980330348015 -0.05293095111846924
v 0.14109590649604797 0.035290949046611786 -0.018112000077962875
v 0.14086799323558807 0.03505795821547508 -0.01918797940015793
v 0.13318000733852386 0.004731953144073486 0.018857000395655632
v 0.1364499032497406 0.031197959557175636 0.030700979754328728
v 0.13921000063419342 0.0390239916741848 0.009838998317718506
v 0.13679589331150055 -0.04084198921918869 0.028927979990839958
v 0.13681499660015106 0.04084496945142746 -0.017528949305415154
v 0.13913699984550476 0.04043399915099144 0.026324979960918427
v 0.13924500346183777 0.04035793989896774 -0.017484959214925766
v 0.13921000063419342 -0.0390239916741848 0.002372979884967208
v 0.08872698992490768 -0.02787094935774803 -0.052774958312511444
v 0.08151596039533615 -0.030898980796337128 -0.03984694927930832
v 0.14115500450134277 0.036652978509664536 -0.04379497841000557
v 0.13967500627040863 -0.04010694846510887 -0.017859989777207375
v 0.14215199649333954 -0.03545600175857544 -0.01887696050107479
v 0.14132000505924225 -0.03650796040892601 -0.01921498030424118
v 0.14247600734233856 -0.03470896929502487 -0.01887594908475876
v 0.13932999968528748 0.036782968789339066 -0.018435949459671974
v 0.23003000020980835 0.010865979827940464 -0.052913960069417953
v 0.229763001203537 0.010990969836711884 -0.05293095111846924
v 0.22798900306224823 0.012151000089943409 -0.05316995829343796
v 0.14004899561405182 -0.0070309629663825035 0.037615951150655746
v 0.13619999587535858 -0.03856997936964035 0.024189939722418785
v 0.15226100385189056 -0.037506990134716034 -0.044749971479177475
v 0.15231290459632874 -0.03732496127486229 -0.04448597878217697
v 0.2098218947649002 -0.01176195964217186 -0.04166495054960251
v 0.2070000022649765 -0.011955969966948032 -0.03631997108459473
v 0.1364499032497406 -0.036681950092315674 -0.014685980044305325
v 0.17755599319934845 -0.024446960538625717 -0.05029695853590965
v 0.13947300612926483 -0.03979998081922531 0.03219997137784958
v 0.23020200431346893 -0.0014409420546144247 -0.04027199000120163
v 0.23319000005722046 -0.00718796206638217 -0.04109996184706688
v 0.1364499032497406 0.036681950092315674 0.003671943908557296
v 0.09612499922513962 -0.03625797852873802 -0.05333596095442772
v 0.09663795679807663 -0.03683298081159592 -0.053068991750478745
v 0.1364499032497406 0.036681950092315674 -0.00675696088001132
v 0.20757099986076355 -0.013077969662845135 -0.053683988749980927
v 0.22254900634288788 -0.01187795028090477 -0.04013298824429512
v 0.2185949981212616 -0.011730959638953209 -0.035815950483083725
v 0.22164100408554077 -0.011768990196287632 -0.04071097820997238
v 0.14572499692440033 0.018981989473104477 -0.04018700122833252
v 0.14559699594974518 0.019473960623145103 -0.04018998146057129
v 0.22514499723911285 -0.01204793993383646 -0.037053998559713364
v 0.1403380036354065 0.038180939853191376 -0.018529949709773064
v 0.20348100364208221 -0.012259960174560547 -0.05294698104262352
v 0.20349499583244324 -0.012145989574491978 -0.05257498845458031
v 0.20023000240325928 -0.013052989728748798 -0.052438970655202866
v 0.14014999568462372 -0.03939998149871826 0.03204696998000145
v 0.14095300436019897 -0.03852998837828636 0.032224949449300766
v 0.22254900634288788 -0.01187795028090477 -0.04013298824429512
v 0.22278299927711487 0.011852970346808434 -0.04005198925733566
v 0.1364499032497406 -0.036681950092315674 -0.015935949981212616
v 0.14216600358486176 0.03565299138426781 0.03090994991362095
v 0.14215199649333954 -0.03545600175857544 -0.01887696050107479
v 0.14247600734233856 -0.03470896929502487 -0.01887594908475876
v 0.1427379995584488 -0.03596793860197067 -0.01785694994032383
v 0.22803500294685364 -0.009897947311401367 -0.043708980083465576
v 0.22033199667930603 -0.010059949941933155 -0.043414950370788574
v 0.1364499032497406 0.036681950092315674 0.011599949561059475
v 0.13611699640750885 0.014241989701986313 0.03415900096297264
v 0.13618089258670807 0.01428896002471447 0.03490297868847847
v 0.15031400322914124 0.038382939994335175 -0.04355698078870773
v 0.15226200222969055 0.03750497102737427 -0.044752951711416245
v 0.15229900181293488 0.038601990789175034 -0.044801950454711914
v 0.14129599928855896 -0.03646998852491379 0.014574999921023846
v 0.13298000395298004 0.00558698084205389 0.03002399019896984
v 0.1331329047679901 0.006560980807989836 0.029061969369649887
v 0.13277800381183624 0.006526947021484375 0.03130095824599266
v 0.08858399838209152 -0.007754981052130461 -0.059714969247579575
v 0.14133599400520325 -0.03460096940398216 -0.018094949424266815
v 0.14210200309753418 -0.03441696986556053 -0.018130000680685043
v 0.14169999957084656 -0.034814950078725815 -0.017423979938030243
v 0.1512729972600937 -0.037817951291799545 -0.04167497158050537
v 0.15147800743579865 -0.037911951541900635 -0.03606396168470383
v 0.19850699603557587 0.015620940364897251 -0.040175970643758774
v 0.13921000063419342 0.0390239916741848 0.01901697926223278
v 0.14878490567207336 -0.03541398048400879 -0.04167497158050537
v 0.1364499032497406 0.036681950092315674 0.002421974902972579
v 0.13921000063419342 -0.0390239916741848 -0.01292395032942295
v 0.136230006814003 -0.02949899062514305 0.03286498039960861
v 0.1364499032497406 -0.030009979382157326 0.03301494941115379
v 0.12848100066184998 0.040626998990774155 0.02585594914853573
v 0.11744990199804306 0.04033796861767769 0.030424950644373894
v 0.12524999678134918 0.040541939437389374 0.0283349696546793
v 0.13921000063419342 0.0390239916741848 0.005432962905615568
v 0.1776849925518036 -0.024936970323324203 -0.05032794922590256
v 0.22398999333381653 0.011839980259537697 -0.03322798013687134
v 0.22291600704193115 0.011821979656815529 -0.040028978139162064
v 0.22278299927711487 0.011852970346808434 -0.04005198925733566
v 0.1565520018339157 -0.03598998859524727 -0.035880979150533676
v 0.1560239940881729 -0.036306969821453094 -0.0416640006005764
v 0.15147800743579865 -0.037911951541900635 -0.03606396168470383
v 0.2097110003232956 -0.012885980308055878 -0.053034961223602295
v 0.2069070041179657 -0.012947970069944859 -0.053089968860149384
v 0.13921000063419342 0.0390239916741848 -0.011577960103750229
v 0.2097110003232956 -0.012885980308055878 -0.053034961223602295
v 0.21911199390888214 0.011902979575097561 -0.036262981593608856
v 0.22016200423240662 0.011824959889054298 -0.04115498065948486
v 0.22398999333381653 0.011839980259537697 -0.03322798013687134
v 0.13777099549770355 -0.0027809729799628258 -0.00021899999410379678
v 0.14131100475788116 0.03644895181059837 0.005395947955548763
v 0.0965769812464714 -0.039792951196432114 -0.050203971564769745
v 0.09595298022031784 -0.040767960250377655 -0.04834597930312157
v 0.2229200005531311 -0.011790989898145199 -0.04003595933318138
v 0.13987800478935242 -0.039202980697155 0.032607968896627426
v 0.1359499990940094 0.03944795951247215 -0.018503960222005844
v 0.13615299761295319 0.038445938378572464 -0.018067000433802605
v 0.1359499990940094 0.03848695009946823 -0.019168969243764877
v 0.13264499604701996 -0.004853962920606136 0.032142989337444305
v 0.13277800381183624 -0.006526947021484375 0.03130095824599266
v 0.1328829973936081 -0.004359960090368986 0.030640950426459312
v 0.131850004196167 -0.004731953144073486 0.027251949533820152
v 0.13164399564266205 -0.0029999609105288982 0.028231969103217125
v 0.13198800384998322 -0.004999995231628418 0.026260970160365105
v 0.1405320018529892 -0.03796594962477684 0.008468984626233578
v 0.2281389981508255 0.01018499955534935 -0.0370599590241909
v 0.14169499278068542 -0.0383949801325798 -0.01782798022031784
v 0.14125700294971466 -0.01537798997014761 0.035242971032857895
v 0.14169999957084656 0.014113959856331348 0.026324979960918427
v 0.13921000063419342 -0.0390239916741848 0.005432962905615568
v 0.13921000063419342 -0.0390239916741848 0.003719985019415617
v 0.14132000505924225 -0.03650796040892601 -0.01921498030424118
v 0.1364499032497406 0.036681950092315674 -0.0006379999686032534
v 0.14138300716876984 -0.038155969232320786 -0.018273940309882164
v 0.13617190718650818 -0.02844798006117344 0.03281496837735176
v 0.19720390439033508 0.015453989617526531 -0.052711959928274155
v 0.1965889036655426 0.01509695965796709 -0.052661001682281494
v 0.19617800414562225 0.01520793978124857 -0.0524439811706543
v 0.13921000063419342 0.0390239916741848 -0.0037459731101989746
v 0.21706299483776093 0.011768990196287632 -0.04166299104690552
v 0.14023099839687347 -0.013236990198493004 0.034173961728811264
v 0.1359499990940094 0.04051493853330612 -0.018189959228038788
v 0.1362829953432083 0.02940797060728073 0.03285396099090576
v 0.1359499990940094 0.027758950367569923 0.03441398963332176
v 0.13621899485588074 0.028487980365753174 0.033562950789928436
v 0.1429498940706253 -0.015778949484229088 -0.022358950227499008
v 0.14300599694252014 -0.017316989600658417 -0.023253969848155975
v 0.15551500022411346 -0.03525799140334129 -0.043698959052562714
v 0.1558919996023178 -0.03582495078444481 -0.04634999856352806
v 0.15714100003242493 -0.03539896011352539 -0.046496979892253876
v 0.14160999655723572 0.010971959680318832 0.03404998034238815
v 0.14140300452709198 0.010385990142822266 0.03430895879864693
v 0.1417900025844574 0.011336980387568474 0.03332895040512085
v 0.15047399699687958 -0.03823595866560936 -0.04375100135803223
v 0.152305006980896 -0.03859299048781395 -0.04480098932981491
v 0.14384900033473969 -0.04084997996687889 -0.04022495821118355
v 0.1424490064382553 0.03538994863629341 -0.018348990008234978
v 0.14479100704193115 0.04077398031949997 -0.040753960609436035
v 0.14165599644184113 0.03825395926833153 0.029066970571875572
v 0.14299699664115906 -0.013999990187585354 -0.022327950224280357
v 0.14301100373268127 0.013999990187585354 -0.022388989105820656
v 0.13631699979305267 0.02844798006117344 0.03281496837735176
v 0.229763001203537 0.010990969836711884 -0.05293095111846924
v 0.22798900306224823 0.012151000089943409 -0.05316995829343796
v 0.13932999968528748 0.036782968789339066 -0.018435949459671974
v 0.1364499032497406 0.036881979554891586 -0.018482979387044907
v 0.0938289687037468 0.04144096001982689 -0.0444599911570549
v 0.2098218947649002 -0.01176195964217186 -0.04166495054960251
v 0.2185949981212616 -0.011730959638953209 -0.035815950483083725
v 0.21706299483776093 -0.011756950058043003 -0.04166495054960251
v 0.14175300300121307 -0.038442958146333694 -0.01744895987212658
v 0.14160600304603577 -0.03341393917798996 -0.01833396963775158
v 0.1414330005645752 -0.03332597017288208 0.023917969316244125
v 0.20982900261878967 0.00954496767371893 -0.043504949659109116
v 0.14132599532604218 0.030214959755539894 0.034079961478710175
v 0.14137400686740875 0.03059994988143444 0.02902298979461193
v 0.1594419926404953 -0.03540294989943504 -0.047359999269247055
v 0.16001200675964355 -0.03562295064330101 -0.04737298935651779
v 0.19720390439033508 -0.015453989617526531 -0.052711959928274155
v 0.20035700500011444 -0.01434599980711937 -0.053026970475912094
v 0.20023900270462036 -0.013233950361609459 -0.052804939448833466
v 0.13617190718650818 -0.02844798006117344 0.03281496837735176
v 0.22517000138759613 0.012902970425784588 -0.053071968257427216
v 0.227742001414299 0.01212495006620884 -0.05303895100951195
v 0.22539900243282318 0.012006989680230618 -0.05301897972822189
v 0.0810609981417656 -0.012269970029592514 -0.04808098077774048
v 0.09408301115036011 0.03066498041152954 -0.05541396141052246
v 0.14169999957084656 0.030496949329972267 0.026324979960918427
v 0.13611699640750885 0.014241989701986313 0.03415900096297264
v 0.1359499990940094 -0.03949600085616112 -0.018503960222005844
v 0.15232400596141815 0.039107970893383026 -0.04502695053815842
v 0.15437400341033936 0.038260988891124725 -0.045915961265563965
v 0.14106999337673187 -0.030864950269460678 0.02926498092710972
v 0.13757100701332092 0.005289970897138119 0.0010429619578644633
v 0.22278299927711487 0.011852970346808434 -0.04005198925733566
v 0.22254900634288788 -0.01187795028090477 -0.04013298824429512
v 0.14246700704097748 -0.037173978984355927 0.025375960394740105
v 0.14197799563407898 -0.03812098130583763 0.026324979960918427
v 0.08105999231338501 -0.015118950046598911 -0.04729795083403587
v 0.1359499990940094 0.03944795951247215 -0.018503960222005844
v 0.19617800414562225 -0.01520793978124857 -0.0524439811706543
v 0.21852800250053406 0.011803979985415936 -0.03615498170256615
v 0.21841399371623993 0.011816970072686672 -0.041525948792696
v 0.22016200423240662 0.011824959889054298 -0.04115498065948486
v 0.1405320018529892 0.03796594962477684 0.015980949625372887
v 0.22291600704193115 0.011821979656815529 -0.040028978139162064
v 0.13921000063419342 -0.0390239916741848 0.008491992019116879
v 0.2003549039363861 0.014337950386106968 -0.05302000045776367
v 0.20349399745464325 0.013221969828009605 -0.05305600166320801
v 0.20023000240325928 0.01323097012937069 -0.05278598889708519
v 0.13611699640750885 -0.03431195020675659 0.023830950260162354
v 0.19714799523353577 0.015913959592580795 -0.05295794829726219
v 0.14188100397586823 -0.03707199916243553 0.03191297873854637
v 0.14172999560832977 -0.03704594820737839 0.03248697146773338
v 0.2097110003232956 -0.012885980308055878 -0.053034961223602295
v 0.20969800651073456 -0.012034949846565723 -0.05302798002958298
v 0.22536590695381165 -0.012074939906597137 -0.05303299054503441
v 0.1359499990940094 0.03944795951247215 -0.018503960222005844
v 0.1359499990940094 0.04051493853330612 -0.018189959228038788
v 0.13617190718650818 0.03943895921111107 -0.017019979655742645
v 0.14152100682258606 0.01067297998815775 0.03465700149536133
v 0.152305006980896 -0.03859299048781395 -0.04480098932981491
v 0.15226100385189056 -0.037506990134716034 -0.044749971479177475
v 0.1364499032497406 0.03907196968793869 0.011599949561059475
v 0.13691000640392303 0.03857797011733055 -0.04411095008254051
v 0.139164999127388 0.03807299956679344 -0.019136959686875343
v 0.1393039971590042 0.038155969232320786 -0.04415297135710716
v 0.14285799860954285 0.03170299157500267 0.028463000431656837
v 0.14256300032138824 0.036153968423604965 0.025271950289607048
v 0.14165499806404114 -0.03832000121474266 0.02935599908232689
v 0.14210399985313416 -0.03703397139906883 0.03063696064054966
v 0.22398999333381653 0.011839980259537697 -0.03322798013687134
v 0.22291600704193115 0.011821979656815529 -0.040028978139162064
v 0.22684690356254578 0.011534979566931725 -0.037808001041412354
v 0.19770100712776184 0.014081950299441814 -0.04348098859190941
v 0.18585500121116638 0.02106695994734764 -0.05161594972014427
v 0.19617800414562225 0.01520793978124857 -0.0524439811706543
v 0.08094996213912964 -0.01593095064163208 -0.046499960124492645
v 0.09111297130584717 0.02197694033384323 -0.0576709508895874
v 0.14212900400161743 -0.03639297932386398 0.030754979699850082
v 0.13681800663471222 0.0405309684574604 -0.018168980255723
v 0.13110299408435822 -0.00012199999764561653 -0.06065195053815842
v 0.10179699957370758 0.00272196508012712 -0.06061697006225586
v 0.13110299408435822 0.003719985019415617 -0.06056398153305054
v 0.22053200006484985 0.011300980113446712 -0.04311800003051758
v 0.1420930027961731 -0.03486495837569237 0.03281598910689354
v 0.13618089258670807 -0.01361398957669735 0.03505200147628784
v 0.1449608951807022 -0.03871994838118553 -0.040828999131917953
v 0.1460839956998825 -0.035991959273815155 -0.041438989341259
v 0.15047399699687958 -0.03823595866560936 -0.04375100135803223
v 0.152305006980896 -0.03859299048781395 -0.04480098932981491
v 0.20280399918556213 0.012638979591429234 -0.05278496816754341
v 0.20349399745464325 0.013221969828009605 -0.05305600166320801
v 0.20348100364208221 0.01227795984596014 -0.05294299125671387
v 0.13950799405574799 0.006612956058233976 0.03781700134277344
v 0.132765993475914 -0.008052945137023926 -0.059691961854696274
v 0.14169999957084656 -0.011909959837794304 0.00620794203132391
v 0.14129599928855896 -0.03646998852491379 -0.0007229999755509198
v 0.228303000330925 -0.009196995757520199 -0.03696494922041893
v 0.2229200005531311 -0.011790989898145199 -0.04003595933318138
v 0.22752699255943298 -0.011255970224738121 -0.03741395100951195
v 0.1429498940706253 -0.018860990181565285 -0.024138979613780975
v 0.1429498940706253 -0.019953960552811623 -0.02556198090314865
v 0.1560239940881729 -0.036306969821453094 -0.0416640006005764
v 0.22684690356254578 0.011534979566931725 -0.037808001041412354
v 0.228303000330925 0.009199975989758968 -0.03696494922041893
v 0.2281389981508255 0.01018499955534935 -0.0370599590241909
v 0.1415569931268692 -0.013980980031192303 0.0277519803494215
v 0.1387699991464615 0.04023395851254463 0.03201394900679588
v 0.1389240026473999 0.04029595106840134 0.031174950301647186
v 0.14113900065422058 0.036464981734752655 -0.018132980912923813
v 0.14169999957084656 0.032306961715221405 0.024020960554480553
v 0.2185949981212616 -0.011730959638953209 -0.035815950483083725
v 0.21706299483776093 -0.011756950058043003 -0.04166495054960251
v 0.21851399540901184 -0.011855949647724628 -0.04149496182799339
v 0.23323200643062592 0.007226943038403988 -0.04109698161482811
v 0.2291959971189499 -0.007962942123413086 -0.052935000509023666
v 0.23319000005722046 -0.00718796206638217 -0.04109996184706688
v 0.13682599365711212 -0.0050909509882330894 0.03600800037384033
v 0.14185890555381775 0.036609940230846405 0.030345970764756203
v 0.1556929051876068 0.03738898038864136 -0.04630696028470993
v 0.15422989428043365 0.036654941737651825 -0.04572296142578125
v 0.1555200070142746 0.03646193817257881 -0.04609297960996628
v 0.15431900322437286 0.03738296031951904 -0.04577295854687691
v 0.1563670039176941 0.03617696836590767 -0.04639798030257225
v 0.15427200496196747 0.03660093992948532 -0.045458968728780746
v 0.1965889036655426 0.01509695965796709 -0.052661001682281494
v 0.19617800414562225 0.01520793978124857 -0.0524439811706543
v 0.19642899930477142 0.016122989356517792 -0.05248599871993065
v 0.14294900000095367 0.03249698132276535 -0.018394939601421356
v 0.14287790656089783 0.03350298851728439 -0.01828794926404953
v 0.14285500347614288 0.03425300121307373 -0.01808594912290573
v 0.1425829976797104 -0.032832980155944824 0.030592970550060272
v 0.1364499032497406 -0.036681950092315674 0.011599949561059475
v 0.2098218947649002 0.011762970127165318 -0.04166299104690552
v 0.16617390513420105 0.031106939539313316 -0.048539988696575165
v 0.13628900051116943 -0.030728990212082863 0.031129950657486916
v 0.1359499990940094 0.0 0.038356948643922806
v 0.22821900248527527 -0.010231969878077507 -0.05256098136305809
v 0.1359499990940094 -0.03848898038268089 -0.019159970805048943
v 0.13624200224876404 -0.037426941096782684 -0.039567939937114716
v 0.13621099293231964 -0.03750497102737427 -0.019110970199108124
v 0.14164699614048004 -0.03555595129728317 0.021958939731121063
v 0.15047399699687958 -0.03823595866560936 -0.04375100135803223
v 0.15226100385189056 -0.037506990134716034 -0.044749971479177475
v 0.15231290459632874 -0.03732496127486229 -0.04448597878217697
v 0.1414330005645752 0.03332597017288208 0.023917969316244125
v 0.2003549039363861 0.014337950386106968 -0.05302000045776367
v 0.22053200006484985 -0.011300980113446712 -0.04311800003051758
v 0.22376300394535065 -0.011277969926595688 -0.04177999123930931
v 0.22536590695381165 -0.012074939906597137 -0.05303299054503441
v 0.14117300510406494 0.03821396082639694 0.032284971326589584
v 0.14070400595664978 0.038975950330495834 0.03161095827817917
v 0.15234099328517914 0.03772300109267235 -0.04166597127914429
v 0.14861400425434113 0.036077968776226044 -0.041542939841747284
v 0.14144590497016907 0.034422989934682846 0.023594969883561134
v 0.1345839947462082 0.004697978030890226 0.009672999382019043
v 0.15234099328517914 0.03772300109267235 -0.04166597127914429
v 0.14899900555610657 0.036380939185619354 -0.0416640006005764
v 0.13685299456119537 -0.03850996121764183 -0.019176950678229332
v 0.20037199556827545 -0.013310959562659264 -0.04166495054960251
v 0.20503200590610504 -0.012137940153479576 -0.04166495054960251
v 0.19973500072956085 -0.01358299981802702 -0.03641599044203758
v 0.14270399510860443 -0.03221898898482323 0.029665939509868622
v 0.1425829976797104 -0.032832980155944824 0.030592970550060272
v 0.1428299993276596 -0.03176397085189819 0.028765970841050148
v 0.1359499990940094 0.03848695009946823 -0.019168969243764877
v 0.13617900013923645 0.0375019907951355 -0.019126949831843376
v 0.13619999587535858 0.03742796182632446 -0.039567939937114716
v 0.13605399429798126 -0.04009794816374779 0.0325469896197319
v 0.1359499990940094 0.03847998008131981 -0.0019969940185546875
v 0.1359499990940094 0.03838597983121872 0.01968996971845627
v 0.1359499990940094 0.006599961780011654 0.037784989923238754
v 0.1359499990940094 0.0 0.038356948643922806
v 0.1362829953432083 0.0027830000035464764 0.03749798983335495
v 0.131449893116951 -0.01434599980711937 0.033506978303194046
v 0.12995000183582306 -0.015693960711359978 0.03336596116423607
v 0.131449893116951 -0.02820098027586937 0.032198961824178696
v 0.14115099608898163 -0.03591196984052658 0.022757939994335175
v 0.10179699957370758 -0.018291950225830078 -0.05904697999358177
v 0.13110299408435822 -0.018511949107050896 -0.058987971395254135
v 0.15234099328517914 0.03772300109267235 -0.04166597127914429
v 0.15151600539684296 0.03785394877195358 -0.03603595122694969
v 0.13621899485588074 0.028487980365753174 0.033562950789928436
v 0.2067449986934662 0.012080959975719452 -0.05296897143125534
v 0.20349399745464325 0.013221969828009605 -0.05305600166320801
v 0.20348100364208221 0.01227795984596014 -0.05294299125671387
v 0.13606299459934235 -0.03835897892713547 -0.043785981833934784
v 0.1512729972600937 -0.037817951291799545 -0.04167497158050537
v 0.15147800743579865 -0.037911951541900635 -0.03606396168470383
v 0.1523430049419403 -0.037727948278188705 -0.0416640006005764
v 0.14428800344467163 0.04105097055435181 -0.048235949128866196
v 0.14447100460529327 0.041201941668987274 -0.04109698161482811
v 0.1408499926328659 0.03702294081449509 -0.019126949831843376
v 0.1394840031862259 0.03708194941282272 -0.017973950132727623
v 0.13920600712299347 0.03664594143629074 -0.019039979204535484
v 0.13932999968528748 0.036782968789339066 -0.018435949459671974
v 0.12995000183582306 0.02068798989057541 0.03300093859434128
v 0.1428299993276596 -0.03176397085189819 0.028765970841050148
v 0.14291299879550934 -0.03170299157500267 0.027673950418829918
v 0.10249199718236923 -0.03359394893050194 0.03273797035217285
v 0.13001500070095062 -0.013055980205535889 0.0340389609336853
v 0.131449893116951 -0.013288970105350018 0.03374195098876953
v 0.12995000183582306 -0.014344990253448486 0.03349398821592331
v 0.13921000063419342 0.0390239916741848 -0.008517979644238949
v 0.12995000183582306 -0.028187990188598633 0.03218698129057884
v 0.20288999378681183 -0.012691969983279705 -0.052798978984355927
v 0.20349499583244324 -0.013229959644377232 -0.05305600166320801
v 0.2032908946275711 -0.013751979917287827 -0.05314397066831589
v 0.08876699209213257 0.009581983089447021 -0.05956298112869263
v 0.22148199379444122 0.011817989870905876 -0.040745969861745834
v 0.228303000330925 -0.009196995757520199 -0.03696494922041893
v 0.14169999957084656 0.006723999045789242 -0.0005629999795928597
v 0.228303000330925 0.009199975989758968 -0.03696494922041893
v 0.14280100166797638 0.03616195172071457 -0.017433999106287956
v 0.16811099648475647 0.03131597861647606 -0.04908597096800804
v 0.14270399510860443 -0.03221898898482323 0.029665939509868622
v 0.14164699614048004 -0.03555595129728317 0.021958939731121063
v 0.14128699898719788 -0.03645699843764305 0.020956989377737045
v 0.14169999957084656 -0.0347369909286499 0.02306097000837326
v 0.21841399371623993 0.011816970072686672 -0.041525948792696
v 0.21958699822425842 -0.011828949674963951 -0.041247960180044174
v 0.21851399540901184 -0.011855949647724628 -0.04149496182799339
v 0.1362150013446808 -0.030825970694422722 0.027366990223526955
v 0.14151300489902496 -0.030734000727534294 0.02672296017408371
v 0.1429498940706253 -0.011645969934761524 0.00918799638748169
v 0.1417279988527298 0.038035981357097626 0.02924196980893612
v 0.22827699780464172 0.0 -0.04106396064162254
v 0.22421100735664368 -0.000893999938853085 -0.0557439886033535
v 0.1442209929227829 0.04091399163007736 -0.0487629696726799
v 0.1260679066181183 0.03851199150085449 -0.05187999829649925
v 0.13413000106811523 -0.000868000031914562 0.01285593956708908
v 0.22016200423240662 0.011824959889054298 -0.04115498065948486
v 0.13128499686717987 -0.015381990000605583 -0.05949198827147484
v 0.14300599694252014 0.017316989600658417 -0.023253969848155975
v 0.13003499805927277 0.005920946132391691 0.02995597943663597
v 0.12986800074577332 0.0049939751625061035 0.029859960079193115
v 0.12972499430179596 0.005078970920294523 0.030758969485759735
v 0.20023000240325928 -0.013052989728748798 -0.052438970655202866
v 0.14270399510860443 -0.03221898898482323 0.029665939509868622
v 0.14169999957084656 0.012483949773013592 0.008989988826215267
v 0.13125300407409668 -0.021252980455756187 -0.05838698148727417
v 0.2281578928232193 0.0 -0.03954695910215378
v 0.1364499032497406 -0.036681950092315674 0.018968990072607994
v 0.1364499032497406 -0.036681950092315674 0.012849980033934116
v 0.1364499032497406 0.03907196968793869 -0.002447962062433362
v 0.1364499032497406 -0.036681950092315674 0.003671943908557296
v 0.1362829953432083 0.02940797060728073 0.03285396099090576
v 0.13631699979305267 0.02844798006117344 0.03281496837735176
v 0.1364499032497406 0.036681950092315674 -0.019497990608215332
v 0.1364499032497406 0.036681950092315674 0.0006119999452494085
v 0.2069070041179657 0.012948979623615742 -0.0530969500541687
v 0.20349399745464325 0.013221969828009605 -0.05305600166320801
v 0.20348100364208221 0.01227795984596014 -0.05294299125671387
v 0.1406880021095276 -0.021275989711284637 0.03318297117948532
v 0.20037199556827545 -0.013310959562659264 -0.04166495054960251
v 0.1359499990940094 -0.03499995917081833 0.029449990019202232
v 0.13606299459934235 -0.03835897892713547 -0.043785981833934784
v 0.1359499990940094 -0.03848898038268089 -0.019159970805048943
v 0.13624200224876404 -0.037426941096782684 -0.039567939937114716
v 0.1359499990940094 -0.03848898038268089 -0.019159970805048943
v 0.13612200319766998 -0.038445938378572464 -0.018067950382828712
v 0.13621099293231964 -0.03750497102737427 -0.019110970199108124
v 0.136230006814003 -0.02949899062514305 0.03286498039960861
v 0.1359499990940094 -0.03499995917081833 0.029449990019202232
v 0.13618899881839752 -0.030901959165930748 0.03222893923521042
v 0.1359499990940094 -0.03848898038268089 -0.019159970805048943
v 0.13612200319766998 -0.038445938378572464 -0.018067950382828712
v 0.1359499990940094 -0.03949600085616112 -0.018503960222005844
v 0.13605399429798126 -0.04009794816374779 0.0325469896197319
v 0.136230006814003 -0.02949899062514305 0.03286498039960861
v 0.1359499990940094 -0.027758950367569923 0.03441398963332176
v 0.13615299761295319 0.038445938378572464 -0.018067000433802605
v 0.1359499990940094 0.03848695009946823 -0.019168969243764877
v 0.13617900013923645 0.0375019907951355 -0.019126949831843376
v 0.13602299988269806 0.038357969373464584 -0.0437849685549736
v 0.1359499990940094 0.03944795951247215 -0.018503960222005844
v 0.139164999127388 0.03807299956679344 -0.019136959686875343
v 0.14003999531269073 0.037656959146261215 -0.019074970856308937
v 0.13618089258670807 -0.01361398957669735 0.03505200147628784
v 0.1359499990940094 0.006599961780011654 0.037784989923238754
v 0.1359499990940094 0.006599961780011654 0.037784989923238754
v 0.13622300326824188 0.013612980023026466 0.03505098074674606
v 0.1359499990940094 0.04082195833325386 -0.017497949302196503
v 0.13679300248622894 0.04084395989775658 0.026324979960918427
v 0.13602299988269806 0.038357969373464584 -0.0437849685549736
v 0.13685199618339539 0.03851699084043503 -0.019173970445990562
v 0.13691000640392303 0.03857797011733055 -0.04411095008254051
v 0.1359499990940094 0.03848695009946823 -0.019168969243764877
v 0.1368979960680008 -0.038541968911886215 -0.04414498060941696
v 0.14291389286518097 0.03340797871351242 0.025241969153285027
v 0.14287790656089783 0.03350298851728439 -0.01828794926404953
v 0.14291700720787048 -0.033401958644390106 0.025231949985027313
v 0.14310899376869202 0.02026396058499813 -0.02732097916305065
v 0.1430470049381256 0.03235995024442673 -0.04414695128798485
v 0.13685199618339539 0.03851699084043503 -0.019173970445990562
v 0.13691000640392303 0.03857797011733055 -0.04411095008254051
v 0.139164999127388 0.03807299956679344 -0.019136959686875343
v 0.14289000630378723 -0.03354597091674805 -0.018288960680365562
v 0.09102296084165573 -0.02164399065077305 -0.05774198845028877
v 0.10179699957370758 -0.022704949602484703 -0.05817794054746628
v 0.14283999800682068 -0.03598998859524727 -0.017432980239391327
v 0.14285199344158173 -0.035925980657339096 0.02478897012770176
v 0.14261099696159363 -0.03674798831343651 0.025237970054149628
v 0.1391180008649826 -0.03937995061278343 0.03272097930312157
v 0.12055999785661697 -0.04197198152542114 -0.02815997041761875
v 0.14259199798107147 0.03269898146390915 0.03022599034011364
v 0.1427229940891266 0.03214197978377342 0.0295219998806715
v 0.1427599936723709 0.032006971538066864 0.028853949159383774
v 0.1418910026550293 0.030119000002741814 0.03352396935224533
v 0.12017499655485153 0.04197198152542114 -0.02797096036374569
v 0.1534530073404312 -0.03524994105100632 -0.04357897862792015
v 0.12055999785661697 -0.04197198152542114 -0.02815997041761875
v 0.1359499990940094 -0.04052697867155075 -0.01817696914076805
v 0.14479100704193115 0.04077398031949997 -0.040753960609436035
v 0.14070400595664978 -0.038975950330495834 0.03161095827817917
v 0.14099200069904327 -0.039083950221538544 0.02939694933593273
v 0.14270099997520447 -0.034082941710948944 -0.01871996931731701
v 0.14185500144958496 0.036424990743398666 0.0327489897608757
v 0.1368509978055954 0.040838949382305145 0.03097998909652233
v 0.14247600734233856 -0.03470896929502487 -0.01887594908475876
v 0.12055999785661697 -0.04197198152542114 -0.02815997041761875
v 0.14270099997520447 -0.034082941710948944 -0.01871996931731701
v 0.14289000630378723 -0.03354597091674805 -0.018288960680365562
v 0.14285799860954285 -0.035073988139629364 -0.01789098046720028
v 0.14293800294399261 -0.035220980644226074 -0.017468979582190514
v 0.14178599417209625 0.03702998161315918 -0.018390949815511703
v 0.14115799963474274 0.03744494169950485 -0.01853298954665661
v 0.14113900065422058 0.036464981734752655 -0.018132980912923813
v 0.14247600734233856 -0.03470896929502487 -0.01887594908475876
v 0.14246200025081635 -0.03532999008893967 -0.018351970240473747
v 0.14210200309753418 -0.03441696986556053 -0.018130000680685043
v 0.1429498940706253 -0.0348469614982605 -0.017517980188131332
v 0.14291700720787048 -0.033401958644390106 0.025231949985027313
v 0.1419299989938736 0.035429950803518295 0.03301398828625679
v 0.14150890707969666 0.03572696074843407 0.03334695100784302
v 0.14125700294971466 0.03521895036101341 0.03347998112440109
v 0.13819600641727448 0.03977596014738083 0.03264397010207176
v 0.11932499706745148 -0.03956096991896629 0.03221499174833298
v 0.21958699822425842 -0.011828949674963951 -0.041247960180044174
v 0.1364499032497406 -0.030009979382157326 0.03301494941115379
v 0.1364499032497406 -0.028846969828009605 0.033495958894491196
v 0.13110299408435822 -0.003721951972693205 -0.06056100130081177
v 0.132765993475914 -0.006467998027801514 -0.059802938252687454
v 0.13110299408435822 0.01850998029112816 -0.05898696184158325
v 0.20665399730205536 -0.01209396030753851 -0.052988938987255096
v 0.2049919068813324 -0.011899939738214016 -0.05260998010635376
v 0.1409440040588379 -0.03597097843885422 -0.017755979672074318
v 0.14025400578975677 0.036511000245809555 -0.018039999529719353
v 0.1362130045890808 0.030751999467611313 0.031079940497875214
v 0.13617190718650818 -0.02844798006117344 0.03281496837735176
v 0.14146900177001953 -0.030485980212688446 0.02794896997511387
v 0.14245900511741638 0.033300988376140594 0.025778939947485924
v 0.14267799258232117 -0.03325694054365158 0.025761960074305534
v 0.14225900173187256 0.03722095116972923 0.025785980746150017
v 0.142535001039505 0.035151951014995575 0.025167999789118767
v 0.14252899587154388 0.03466194123029709 0.02520197071135044
v 0.14248999953269958 -0.03551995009183884 0.025223970413208008
v 0.15395399928092957 -0.038739971816539764 -0.04017496109008789
v 0.13332499563694 -0.007185995113104582 0.027849970385432243
v 0.1332470029592514 -0.00870597269386053 0.028337949886918068
v 0.13353799283504486 -0.008999942801892757 0.02650696039199829
v 0.13298000395298004 -0.00558698084205389 0.03002399019896984
v 0.1332470029592514 0.00870597269386053 0.028337949886918068
v 0.13298599421977997 0.007853983901441097 0.029989950358867645
v 0.13332499563694 0.007185995113104582 0.027849970385432243
v 0.13353799283504486 0.007400989066809416 0.02650696039199829
v 0.14139099419116974 -0.003389954101294279 -0.001505970023572445
v 0.14479100704193115 0.04077398031949997 -0.040753960609436035
v 0.1261020004749298 -0.035077981650829315 -0.05395495146512985
v 0.141634002327919 0.03172897920012474 0.024827949702739716
v 0.1415448933839798 0.03249698132276535 0.024302000179886818
v 0.14594900608062744 -0.04066698998212814 -0.0491669699549675
v 0.14166299998760223 0.006621955893933773 -0.00040499999886378646
v 0.12848100066184998 -0.040626998990774155 0.02585594914853573
v 0.12524999678134918 -0.040541939437389374 0.0283349696546793
v 0.11744990199804306 -0.04033796861767769 0.030424950644373894
v 0.1598840057849884 -0.03595298156142235 -0.04702895134687424
v 0.14291299879550934 -0.03170299157500267 0.027673950418829918
v 0.1428299993276596 -0.03176397085189819 0.028765970841050148
v 0.14285199344158173 -0.035925980657339096 0.02478897012770176
v 0.14292700588703156 -0.03258800134062767 0.02587698958814144
v 0.14160999655723572 0.010971959680318832 0.03404998034238815
v 0.1418749988079071 0.01163696963340044 0.03357696160674095
v 0.14153100550174713 0.010540960356593132 0.034518949687480927
v 0.21852800250053406 0.011803979985415936 -0.03615498170256615
v 0.21911199390888214 0.011902979575097561 -0.036262981593608856
v 0.22016200423240662 0.011824959889054298 -0.04115498065948486
v 0.2098218947649002 0.011762970127165318 -0.04166299104690552
v 0.21706299483776093 0.011768990196287632 -0.04166299104690552
v 0.20705799758434296 0.011944940313696861 -0.03630799055099487
v 0.20048199594020844 0.013353999704122543 -0.041633959859609604
v 0.19984500110149384 0.013561960309743881 -0.03643995150923729
v 0.20503300428390503 0.012142949737608433 -0.04166495054960251
v 0.2098218947649002 0.011762970127165318 -0.04166299104690552
v 0.15958000719547272 0.03459494933485985 -0.04166698083281517
v 0.15603600442409515 0.03627299889922142 -0.035901959985494614
v 0.1959639936685562 0.015220990404486656 -0.04166495054960251
v 0.15234099328517914 0.03772300109267235 -0.04166597127914429
v 0.1560239940881729 0.036306969821453094 -0.0416640006005764
v 0.15603600442409515 0.03627299889922142 -0.035901959985494614
v 0.1560239940881729 0.036306969821453094 -0.0416640006005764
v 0.14966599643230438 0.037356968969106674 -0.03625499829649925
v 0.1500529944896698 0.03751599043607712 -0.04165995121002197
v 0.1512479931116104 0.037814971059560776 -0.04167497158050537
v 0.21851399540901184 -0.011855949647724628 -0.04149496182799339
v 0.2229200005531311 -0.011790989898145199 -0.04003595933318138
v 0.2229200005531311 -0.011790989898145199 -0.04003595933318138
v 0.22278299927711487 0.011852970346808434 -0.04005198925733566
v 0.22254900634288788 -0.01187795028090477 -0.04013298824429512
v 0.22148199379444122 0.011817989870905876 -0.040745969861745834
v 0.22016200423240662 0.011824959889054298 -0.04115498065948486
v 0.2200230062007904 -0.011854940094053745 -0.04120694845914841
v 0.22016200423240662 0.011824959889054298 -0.04115498065948486
v 0.2200230062007904 -0.011854940094053745 -0.04120694845914841
v 0.21841399371623993 0.011816970072686672 -0.041525948792696
v 0.21706299483776093 -0.011756950058043003 -0.04166495054960251
v 0.21851399540901184 -0.011855949647724628 -0.04149496182799339
v 0.21706299483776093 0.011768990196287632 -0.04166299104690552
v 0.14899300038814545 -0.0363839790225029 -0.04166299104690552
v 0.15234099328517914 0.03772300109267235 -0.04166597127914429
v 0.19661590456962585 0.01600497029721737 -0.05281198024749756
v 0.19617800414562225 0.01520793978124857 -0.0524439811706543
v 0.19642899930477142 0.016122989356517792 -0.05248599871993065
v 0.21852800250053406 0.011803979985415936 -0.03615498170256615
v 0.21911199390888214 0.011902979575097561 -0.036262981593608856
v 0.21737200021743774 0.011774949729442596 -0.0361899696290493
v 0.21852800250053406 0.011803979985415936 -0.03615498170256615
v 0.1757120043039322 -0.02625495009124279 -0.056591980159282684
v 0.129271999001503 -0.024070970714092255 -0.05719798058271408
v 0.1594419926404953 0.035399969667196274 -0.04736094921827316
v 0.10202199965715408 -0.024409940466284752 -0.05773298814892769
v 0.10175599902868271 -0.02349494956433773 -0.05797696113586426
v 0.10309100151062012 -0.024279950186610222 -0.05781697854399681
v 0.1042189970612526 -0.02557997964322567 -0.057484980672597885
v 0.10179699957370758 -0.011143979616463184 -0.060032960027456284
v 0.20969800651073456 -0.012034949846565723 -0.05302798002958298
v 0.20690999925136566 -0.012037989683449268 -0.05298696830868721
v 0.22821900248527527 -0.010231969878077507 -0.05256098136305809
v 0.2291959971189499 -0.007962942123413086 -0.052935000509023666
v 0.22675999999046326 -0.011052959598600864 -0.05294597148895264
v 0.22086100280284882 0.0100629897788167 -0.04328494891524315
v 0.09651297330856323 0.04002099856734276 -0.04982893913984299
v 0.17766490578651428 0.02495097927749157 -0.05030297860503197
v 0.2279359996318817 0.01125895045697689 -0.03935997933149338
v 0.22808800637722015 0.010042959824204445 -0.03947395086288452
v 0.15947599709033966 -0.03607194870710373 -0.04724495857954025
v 0.15718300640583038 -0.03648995980620384 -0.04680496081709862
v 0.1573140025138855 -0.037109971046447754 -0.04701095074415207
v 0.17764100432395935 0.024456970393657684 -0.05032895877957344
v 0.1315380036830902 -0.02042393945157528 -0.058522991836071014
v 0.20349499583244324 0.012117980048060417 -0.05257498845458031
v 0.15930500626564026 -0.0344429612159729 -0.047132961452007294
v 0.10179699957370758 0.01987694948911667 -0.058761000633239746
v 0.10179699957370758 0.02270597033202648 -0.05817794054746628
v 0.23131200671195984 0.010502990335226059 -0.04060494154691696
v 0.15047399699687958 -0.03823595866560936 -0.04375100135803223
v 0.1965889036655426 -0.01509695965796709 -0.052661001682281494
v 0.19617800414562225 -0.01520793978124857 -0.0524439811706543
v 0.14719200134277344 -0.038387950509786606 -0.04204899072647095
v 0.22376300394535065 -0.011277969926595688 -0.04177999123930931
v 0.22053200006484985 -0.011300980113446712 -0.04311800003051758
v 0.22033199667930603 -0.010059949941933155 -0.043414950370788574
v 0.0910489484667778 -0.026332970708608627 -0.05607699975371361
v 0.09545797109603882 0.03685598820447922 -0.05256294831633568
v 0.16001500189304352 0.035636961460113525 -0.04736899957060814
v 0.16744999587535858 0.02985798940062523 -0.04876399040222168
v 0.17798100411891937 0.025583980605006218 -0.05053997039794922
v 0.1965889036655426 0.01509695965796709 -0.052661001682281494
v 0.19717200100421906 0.01453595981001854 -0.05271095037460327
v 0.19720390439033508 0.015453989617526531 -0.052711959928274155
v 0.19661590456962585 0.01600497029721737 -0.05281198024749756
v 0.1965889036655426 0.01509695965796709 -0.052661001682281494
v 0.19720390439033508 0.015453989617526531 -0.052711959928274155
v 0.1965889036655426 0.01509695965796709 -0.052661001682281494
v 0.15930600464344025 0.03444695100188255 -0.04713594168424606
v 0.1594419926404953 0.035399969667196274 -0.04736094921827316
v 0.1567700058221817 0.03540294989943504 -0.046564988791942596
v 0.15803299844264984 0.03687493875622749 -0.04729598015546799
v 0.1594419926404953 0.035399969667196274 -0.04736094921827316
v 0.1567700058221817 0.03540294989943504 -0.046564988791942596
v 0.1555200070142746 0.03646193817257881 -0.04609297960996628
v 0.1555200070142746 0.03646193817257881 -0.04609297960996628
v 0.15437400341033936 0.038260988891124725 -0.045915961265563965
v 0.15226200222969055 0.03750497102737427 -0.044752951711416245
v 0.15519799292087555 -0.036561958491802216 -0.045986950397491455
v 0.15718300640583038 -0.03648995980620384 -0.04680496081709862
v 0.15930500626564026 -0.0344429612159729 -0.047132961452007294
v 0.1594419926404953 -0.03540294989943504 -0.047359999269247055
v 0.15551500022411346 -0.03525799140334129 -0.043698959052562714
v 0.15231290459632874 -0.03732496127486229 -0.04448597878217697
v 0.15930600464344025 0.03444695100188255 -0.04713594168424606
v 0.15925000607967377 0.03397398814558983 -0.043675001710653305
v 0.1567700058221817 0.03540294989943504 -0.046564988791942596
v 0.15427200496196747 0.03660093992948532 -0.045458968728780746
v 0.1567700058221817 0.03540294989943504 -0.046564988791942596
v 0.19661399722099304 -0.016016000881791115 -0.052822940051555634
v 0.19720390439033508 -0.015453989617526531 -0.052711959928274155
v 0.1965889036655426 -0.01509695965796709 -0.052661001682281494
v 0.19642899930477142 -0.016122989356517792 -0.05248599871993065
v 0.19617800414562225 -0.01520793978124857 -0.0524439811706543
v 0.15930500626564026 -0.0344429612159729 -0.047132961452007294
v 0.1607629954814911 -0.03542798012495041 -0.04794095829129219
v 0.16001200675964355 -0.03562295064330101 -0.04737298935651779
v 0.15930500626564026 -0.0344429612159729 -0.047132961452007294
v 0.1594419926404953 -0.03540294989943504 -0.047359999269247055
v 0.16001200675964355 -0.03562295064330101 -0.04737298935651779
v 0.20348100364208221 -0.012259960174560547 -0.05294698104262352
v 0.2069070041179657 -0.012947970069944859 -0.053089968860149384
v 0.20348100364208221 -0.012259960174560547 -0.05294698104262352
v 0.20690999925136566 -0.012037989683449268 -0.05298696830868721
v 0.19720390439033508 -0.015453989617526531 -0.052711959928274155
v 0.19700400531291962 -0.014346949756145477 -0.052547991275787354
v 0.20023900270462036 -0.013233950361609459 -0.052804939448833466
v 0.20035700500011444 -0.01434599980711937 -0.053026970475912094
v 0.20348100364208221 -0.012259960174560547 -0.05294698104262352
v 0.20023900270462036 -0.013233950361609459 -0.052804939448833466
v 0.20349499583244324 -0.013229959644377232 -0.05305600166320801
v 0.2274090051651001 0.011056950315833092 -0.05297695845365524
v 0.22539900243282318 0.012006989680230618 -0.05301897972822189
v 0.22798900306224823 0.012151000089943409 -0.05316995829343796
v 0.20691099762916565 0.012026960030198097 -0.052980948239564896
v 0.2069070041179657 0.012948979623615742 -0.0530969500541687
v 0.20691099762916565 0.012026960030198097 -0.052980948239564896
v 0.20348100364208221 0.01227795984596014 -0.05294299125671387
v 0.2003549039363861 0.014337950386106968 -0.05302000045776367
v 0.19717200100421906 0.01453595981001854 -0.05271095037460327
v 0.19720390439033508 0.015453989617526531 -0.052711959928274155
v 0.2003549039363861 0.014337950386106968 -0.05302000045776367
v 0.2294459044933319 0.011263960041105747 -0.03985195979475975
v 0.2279359996318817 0.01125895045697689 -0.03935997933149338
v 0.22376300394535065 0.011277969926595688 -0.04177999123930931
v 0.2294459044933319 0.011263960041105747 -0.03985195979475975
v 0.22640900313854218 0.01108098030090332 -0.05283397063612938
v 0.22376300394535065 0.011277969926595688 -0.04177999123930931
v 0.22640900313854218 0.01108098030090332 -0.05283397063612938
v 0.22376300394535065 0.011277969926595688 -0.04177999123930931
v 0.22053200006484985 0.011300980113446712 -0.04311800003051758
v 0.2291959971189499 -0.007962942123413086 -0.052935000509023666
v 0.22793790698051453 -0.011212999932467937 -0.03937995061278343
v 0.22948700189590454 -0.011301989667117596 -0.03984897956252098
v 0.22675999999046326 -0.011052959598600864 -0.05294597148895264
v 0.22376300394535065 -0.011277969926595688 -0.04177999123930931
v 0.22376300394535065 -0.011277969926595688 -0.04177999123930931
v 0.22053200006484985 -0.011300980113446712 -0.04311800003051758
v 0.22675999999046326 -0.011052959598600864 -0.05294597148895264
v 0.2294459044933319 0.011263960041105747 -0.03985195979475975
v 0.22376300394535065 0.011277969926595688 -0.04177999123930931
v 0.23162999749183655 -0.010346939787268639 -0.04070698842406273
v 0.20035700500011444 -0.01434599980711937 -0.053026970475912094
v 0.19714799523353577 -0.01591598056256771 -0.052960991859436035
v 0.19661399722099304 -0.016016000881791115 -0.052822940051555634
v 0.14430199563503265 -0.04119294136762619 -0.04100596159696579
v 0.1319669932126999 -0.02223598025739193 -0.05754094943404198
v 0.13229000568389893 -0.021968960762023926 -0.05767296999692917
v 0.132765993475914 -0.0012059799628332257 -0.05997598171234131
v 0.132765993475914 0.0067139859311282635 -0.059786971658468246
v 0.132765993475914 0.00824797060340643 -0.059643980115652084
v 0.12995600700378418 0.02394597977399826 -0.05722396820783615
v 0.12176500260829926 0.030499989166855812 -0.05546395853161812
v 0.1261020004749298 -0.035077981650829315 -0.05395495146512985
v 0.12119100242853165 -0.03150194138288498 -0.05515294894576073
v 0.12176500260829926 -0.030499989166855812 -0.05546395853161812
v 0.12158799916505814 -0.02984297089278698 -0.05566095933318138
v 0.17568090558052063 0.027462949976325035 -0.04995298013091087
v 0.19642899930477142 0.016122989356517792 -0.05248599871993065
v 0.20280399918556213 0.012638979591429234 -0.05278496816754341
v 0.2003549039363861 0.014337950386106968 -0.05302000045776367
v 0.20023000240325928 0.01323097012937069 -0.05278598889708519
v 0.1260679066181183 -0.03851199150085449 -0.05187999829649925
v 0.12603899836540222 -0.040853969752788544 -0.04862295836210251
v 0.1260679066181183 -0.03851199150085449 -0.05187999829649925
v 0.09683399647474289 -0.038697000592947006 -0.05154800042510033
v 0.09682399034500122 -0.03812795132398605 -0.05208396166563034
v 0.1260679066181183 0.03851199150085449 -0.05187999829649925
v 0.22948700189590454 -0.011301989667117596 -0.03984897956252098
v 0.22715100646018982 -0.011114000342786312 -0.052793968468904495
v 0.23162999749183655 -0.010346939787268639 -0.04070698842406273
v 0.2291959971189499 -0.007962942123413086 -0.052935000509023666
v 0.22817300260066986 0.010177959688007832 -0.05256098136305809
v 0.22727300226688385 0.011132000014185905 -0.0525999590754509
v 0.2294459044933319 0.011263960041105747 -0.03985195979475975
v 0.23323200643062592 0.007226943038403988 -0.04109698161482811
v 0.1789180040359497 0.021584980189800262 -0.04351197928190231
v 0.09165000170469284 -0.026239989325404167 -0.05651700124144554
v 0.09235095232725143 -0.026049969717860222 -0.05671197175979614
v 0.08902698010206223 0.014373949728906155 -0.05893098935484886
v 0.08912497013807297 0.01213895995169878 -0.05926996096968651
v 0.09597896784543991 -0.034803979098796844 -0.05405199155211449
v 0.2249978929758072 -0.002120970981195569 -0.056704990565776825
v 0.20280399918556213 0.012638979591429234 -0.05278496816754341
v 0.20349399745464325 0.013221969828009605 -0.05305600166320801
v 0.20325900614261627 0.01376098021864891 -0.05313795059919357
v 0.22933700680732727 -0.011398970149457455 -0.05293899029493332
v 0.22697800397872925 -0.012763969600200653 -0.052850961685180664
v 0.22725200653076172 -0.012521980330348015 -0.05293095111846924
v 0.22948700189590454 -0.011301989667117596 -0.03984897956252098
v 0.22517000138759613 0.012902970425784588 -0.053071968257427216
v 0.22539900243282318 0.012006989680230618 -0.05301897972822189
v 0.22798900306224823 0.012151000089943409 -0.05316995829343796
v 0.22517000138759613 0.012902970425784588 -0.053071968257427216
v 0.22517000138759613 0.012902970425784588 -0.053071968257427216
v 0.22539900243282318 0.012006989680230618 -0.05301897972822189
v 0.20970399677753448 0.012053960002958775 -0.053031980991363525
v 0.23123900592327118 -0.007053970824927092 -0.05317496880888939
v 0.2069070041179657 0.012948979623615742 -0.0530969500541687
v 0.20349399745464325 0.013221969828009605 -0.05305600166320801
v 0.20325900614261627 0.01376098021864891 -0.05313795059919357
v 0.19720390439033508 0.015453989617526531 -0.052711959928274155
v 0.2003549039363861 0.014337950386106968 -0.05302000045776367
v 0.20349399745464325 0.013221969828009605 -0.05305600166320801
v 0.23123900592327118 -0.007053970824927092 -0.05317496880888939
v 0.23090599477291107 -0.009174942038953304 -0.05350898951292038
v 0.2291959971189499 -0.007962942123413086 -0.052935000509023666
v 0.16001500189304352 0.035636961460113525 -0.04736899957060814
v 0.2069070041179657 -0.012947970069944859 -0.053089968860149384
v 0.20035700500011444 -0.01434599980711937 -0.053026970475912094
v 0.20349499583244324 -0.013229959644377232 -0.05305600166320801
v 0.2032908946275711 -0.013751979917287827 -0.05314397066831589
v 0.15925000607967377 0.03619997948408127 -0.04712200164794922
v 0.1594419926404953 0.035399969667196274 -0.04736094921827316
v 0.15925000607967377 0.03619997948408127 -0.04712200164794922
v 0.16001500189304352 0.035636961460113525 -0.04736899957060814
v 0.19642899930477142 -0.016122989356517792 -0.05248599871993065
v 0.19661399722099304 -0.016016000881791115 -0.052822940051555634
v 0.19714799523353577 -0.01591598056256771 -0.052960991859436035
v 0.1594419926404953 0.035399969667196274 -0.04736094921827316
v 0.17825700342655182 -0.02595495991408825 -0.05039298161864281
v 0.17800800502300262 -0.025595959275960922 -0.05054396018385887
v 0.189069002866745 -0.02011799067258835 -0.05212496966123581
v 0.17825700342655182 -0.02595495991408825 -0.05039298161864281
v 0.17800800502300262 -0.025595959275960922 -0.05054396018385887
v 0.14479100704193115 0.04077398031949997 -0.040753960609436035
v 0.1447419971227646 0.041082970798015594 -0.04094398021697998
v 0.16001200675964355 -0.03562295064330101 -0.04737298935651779
v 0.15947599709033966 -0.03607194870710373 -0.04724495857954025
v 0.1594419926404953 -0.03540294989943504 -0.047359999269247055
v 0.16001200675964355 -0.03562295064330101 -0.04737298935651779
v 0.1549479067325592 -0.03813498839735985 -0.04610997065901756
v 0.14381200075149536 -0.041181981563568115 -0.04038697108626366
v 0.152305006980896 -0.03859299048781395 -0.04480098932981491
v 0.14384900033473969 -0.04084997996687889 -0.04022495821118355
v 0.20023000240325928 -0.013052989728748798 -0.052438970655202866
v 0.0949009582400322 0.040509991347789764 -0.0482669398188591
v 0.1487870067358017 0.03536897152662277 -0.04167497158050537
v 0.08007895201444626 0.001223981031216681 -0.03635096177458763
v 0.08007799834012985 0.0018599620088934898 -0.03633195161819458
v 0.15231500566005707 0.03731197118759155 -0.04448198899626732
v 0.15422989428043365 0.036654941737651825 -0.04572296142578125
v 0.1965889036655426 0.01509695965796709 -0.052661001682281494
v 0.19617800414562225 0.01520793978124857 -0.0524439811706543
v 0.1965889036655426 0.01509695965796709 -0.052661001682281494
v 0.19717200100421906 0.01453595981001854 -0.05271095037460327
v 0.19701600074768066 0.014298969879746437 -0.05241096019744873
v 0.20728200674057007 0.011413989588618279 -0.05289195850491524
v 0.20349499583244324 0.012117980048060417 -0.05257498845458031
v 0.2049919068813324 0.011899939738214016 -0.05260998010635376
v 0.20348100364208221 0.01227795984596014 -0.05294299125671387
v 0.2049919068813324 0.011899939738214016 -0.05260998010635376
v 0.22539900243282318 0.012006989680230618 -0.05301897972822189
v 0.22640900313854218 0.01108098030090332 -0.05283397063612938
v 0.20970399677753448 0.012053960002958775 -0.053031980991363525
v 0.2049919068813324 -0.011899939738214016 -0.05260998010635376
v 0.20348100364208221 -0.012259960174560547 -0.05294698104262352
v 0.20349499583244324 -0.012145989574491978 -0.05257498845458031
v 0.20348100364208221 -0.012259960174560547 -0.05294698104262352
v 0.20690999925136566 -0.012037989683449268 -0.05298696830868721
v 0.20348100364208221 -0.012259960174560547 -0.05294698104262352
v 0.20023900270462036 -0.013233950361609459 -0.052804939448833466
v 0.20023000240325928 -0.013052989728748798 -0.052438970655202866
v 0.1965889036655426 -0.01509695965796709 -0.052661001682281494
v 0.19617800414562225 -0.01520793978124857 -0.0524439811706543
v 0.19579890370368958 -0.014803940430283546 -0.05246800184249878
v 0.1607629954814911 -0.03542798012495041 -0.04794095829129219
v 0.15930500626564026 -0.0344429612159729 -0.047132961452007294
v 0.1558919996023178 -0.03582495078444481 -0.04634999856352806
v 0.15714100003242493 -0.03539896011352539 -0.046496979892253876
v 0.15226100385189056 -0.037506990134716034 -0.044749971479177475
v 0.1558919996023178 -0.03582495078444481 -0.04634999856352806
v 0.15226100385189056 -0.037506990134716034 -0.044749971479177475
v 0.15231290459632874 -0.03732496127486229 -0.04448597878217697
v 0.22016200423240662 0.011824959889054298 -0.04115498065948486
v 0.2211149036884308 -0.013399000279605389 -0.03941195830702782
v 0.1975138932466507 -0.01416397001594305 -0.04348098859190941
v 0.19617800414562225 -0.01520793978124857 -0.0524439811706543
v 0.19700400531291962 -0.014346949756145477 -0.052547991275787354
v 0.15031400322914124 0.038382939994335175 -0.04355698078870773
v 0.15229900181293488 0.038601990789175034 -0.044801950454711914
v 0.1512099951505661 0.036190979182720184 -0.043609969317913055
v 0.1449608951807022 0.03871994838118553 -0.040828999131917953
v 0.2033820003271103 -0.010361960157752037 -0.043617960065603256
v 0.19869300723075867 -0.011518949642777443 -0.043477948755025864
v 0.1763329952955246 0.021945949643850327 -0.04345500096678734
v 0.1789180040359497 0.021584980189800262 -0.04351197928190231
v 0.19770100712776184 0.014081950299441814 -0.04348098859190941
v 0.1763329952955246 0.021945949643850327 -0.04345500096678734
v 0.17676900327205658 0.02295297011733055 -0.04365396127104759
v 0.14664000272750854 0.04077398031949997 -0.04025297984480858
v 0.1451680064201355 -0.019892990589141846 -0.04019695147871971
v 0.14559300243854523 -0.019480999559164047 -0.04019194096326828
v 0.1449500024318695 -0.03871994838118553 -0.04017496109008789
v 0.14511500298976898 -0.03951495140790939 -0.04017496109008789
v 0.1457120031118393 -0.01903199963271618 -0.04020398110151291
v 0.1594419926404953 0.035399969667196274 -0.04736094921827316
v 0.16001500189304352 0.035636961460113525 -0.04736899957060814
v 0.19661590456962585 0.01600497029721737 -0.05281198024749756
v 0.15431900322437286 0.03738296031951904 -0.04577295854687691
v 0.1556929051876068 0.03738898038864136 -0.04630696028470993
v 0.1555200070142746 0.03646193817257881 -0.04609297960996628
v 0.1563670039176941 0.03617696836590767 -0.04639798030257225
v 0.1556929051876068 0.03738898038864136 -0.04630696028470993
v 0.15749290585517883 0.03633999079465866 -0.04690200090408325
v 0.15523900091648102 -0.037519991397857666 -0.04614698141813278
v 0.15519799292087555 -0.036561958491802216 -0.045986950397491455
v 0.15718300640583038 -0.03648995980620384 -0.04680496081709862
v 0.15930600464344025 0.03444695100188255 -0.04713594168424606
v 0.15231500566005707 0.03731197118759155 -0.04448198899626732
v 0.15427200496196747 0.03660093992948532 -0.045458968728780746
v 0.15724900364875793 0.03566896170377731 -0.04347895830869675
v 0.1555200070142746 0.03646193817257881 -0.04609297960996628
v 0.15427200496196747 0.03660093992948532 -0.045458968728780746
v 0.1555200070142746 0.03646193817257881 -0.04609297960996628
v 0.19661399722099304 -0.016016000881791115 -0.052822940051555634
v 0.19720390439033508 -0.015453989617526531 -0.052711959928274155
v 0.1965889036655426 -0.01509695965796709 -0.052661001682281494
v 0.19661399722099304 -0.016016000881791115 -0.052822940051555634
v 0.1965889036655426 -0.01509695965796709 -0.052661001682281494
v 0.19617800414562225 -0.01520793978124857 -0.0524439811706543
v 0.19661399722099304 -0.016016000881791115 -0.052822940051555634
v 0.19642899930477142 -0.016122989356517792 -0.05248599871993065
v 0.19617800414562225 -0.01520793978124857 -0.0524439811706543
v 0.20665399730205536 -0.01209396030753851 -0.052988938987255096
v 0.1975138932466507 -0.01416397001594305 -0.04348098859190941
v 0.19700400531291962 -0.014346949756145477 -0.052547991275787354
v 0.20349499583244324 -0.012145989574491978 -0.05257498845458031
v 0.205252006649971 -0.011847970075905323 -0.04347895830869675
v 0.20288999378681183 -0.012691969983279705 -0.052798978984355927
v 0.20349499583244324 -0.012145989574491978 -0.05257498845458031
v 0.20970399677753448 0.012053960002958775 -0.053031980991363525
v 0.22942499816417694 0.009738980792462826 -0.05288593843579292
v 0.23323200643062592 0.007226943038403988 -0.04109698161482811
v 0.23319000005722046 -0.00718796206638217 -0.04109996184706688
v 0.22793790698051453 -0.011212999932467937 -0.03937995061278343
v 0.2049919068813324 0.011899939738214016 -0.05260998010635376
v 0.19770100712776184 0.014081950299441814 -0.04348098859190941
v 0.1993280053138733 0.013751979917287827 -0.05272597074508667
v 0.19701600074768066 0.014298969879746437 -0.05241096019744873
v 0.19770100712776184 0.014081950299441814 -0.04348098859190941
v 0.1993280053138733 0.013751979917287827 -0.05272597074508667
v 0.20022399723529816 0.013012940064072609 -0.05243796110153198
v 0.21706299483776093 -0.01155798975378275 -0.043474968522787094
v 0.22053200006484985 -0.011300980113446712 -0.04311800003051758
v 0.22053200006484985 0.011300980113446712 -0.04311800003051758
v 0.22376300394535065 0.011277969926595688 -0.04177999123930931
v 0.22376300394535065 -0.011277969926595688 -0.04177999123930931
v 0.22053200006484985 -0.011300980113446712 -0.04311800003051758
v 0.22376300394535065 0.011277969926595688 -0.04177999123930931
v 0.23319000005722046 -0.00718796206638217 -0.04109996184706688
v 0.22948700189590454 -0.011301989667117596 -0.03984897956252098
v 0.2279359996318817 0.01125895045697689 -0.03935997933149338
v 0.20970900356769562 0.012887000106275082 -0.05303096026182175
v 0.16001500189304352 0.035636961460113525 -0.04736899957060814
v 0.22727300226688385 0.011132000014185905 -0.0525999590754509
v 0.22942499816417694 0.009738980792462826 -0.05288593843579292
v 0.22697800397872925 -0.012763969600200653 -0.052850961685180664
v 0.14627699553966522 -0.03650796040892601 -0.043675001710653305
v 0.2098218947649002 0.011762970127165318 -0.04166299104690552
v 0.22016200423240662 0.011824959889054298 -0.04115498065948486
v 0.2200230062007904 -0.011854940094053745 -0.04120694845914841
v 0.21841399371623993 0.011816970072686672 -0.041525948792696
v 0.21958699822425842 -0.011828949674963951 -0.041247960180044174
v 0.22164100408554077 -0.011768990196287632 -0.04071097820997238
v 0.15958000719547272 0.03459494933485985 -0.04166698083281517
v 0.1560239940881729 0.036306969821453094 -0.0416640006005764
v 0.15355700254440308 -0.038743969053030014 -0.045113980770111084
v 0.152305006980896 -0.03859299048781395 -0.04480098932981491
v 0.15232700109481812 -0.03910195082426071 -0.04501497000455856
v 0.15718300640583038 -0.03648995980620384 -0.04680496081709862
v 0.1549479067325592 -0.03813498839735985 -0.04610997065901756
v 0.15718300640583038 -0.03648995980620384 -0.04680496081709862
v 0.1549479067325592 -0.03813498839735985 -0.04610997065901756
v 0.1573140025138855 -0.037109971046447754 -0.04701095074415207
v 0.22515900433063507 -0.012887000106275082 -0.05313897132873535
v 0.22715100646018982 -0.011114000342786312 -0.052793968468904495
v 0.22536590695381165 -0.012074939906597137 -0.05303299054503441
v 0.227742001414299 0.01212495006620884 -0.05303895100951195
v 0.23003000020980835 0.010865979827940464 -0.052913960069417953
v 0.227742001414299 0.01212495006620884 -0.05303895100951195
v 0.22517000138759613 0.012902970425784588 -0.053071968257427216
v 0.227742001414299 0.01212495006620884 -0.05303895100951195
v 0.22798900306224823 0.012151000089943409 -0.05316995829343796
v 0.22517000138759613 0.012902970425784588 -0.053071968257427216
v 0.20970900356769562 0.012887000106275082 -0.05303096026182175
v 0.22539900243282318 0.012006989680230618 -0.05301897972822189
v 0.20970900356769562 0.012887000106275082 -0.05303096026182175
v 0.20970399677753448 0.012053960002958775 -0.053031980991363525
v 0.19661590456962585 0.01600497029721737 -0.05281198024749756
v 0.17798100411891937 0.025583980605006218 -0.05053997039794922
v 0.16617390513420105 0.031106939539313316 -0.048539988696575165
v 0.17568090558052063 0.027462949976325035 -0.04995298013091087
v 0.16811099648475647 0.03131597861647606 -0.04908597096800804
v 0.16811099648475647 0.03131597861647606 -0.04908597096800804
v 0.16001500189304352 0.035636961460113525 -0.04736899957060814
v 0.15437400341033936 0.038260988891124725 -0.045915961265563965
v 0.1556929051876068 0.03738898038864136 -0.04630696028470993
v 0.15226200222969055 0.03750497102737427 -0.044752951711416245
v 0.15749290585517883 0.03633999079465866 -0.04690200090408325
v 0.15930600464344025 0.03444695100188255 -0.04713594168424606
v 0.1594419926404953 0.035399969667196274 -0.04736094921827316
v 0.1555200070142746 0.03646193817257881 -0.04609297960996628
v 0.15431900322437286 0.03738296031951904 -0.04577295854687691
v 0.1563670039176941 0.03617696836590767 -0.04639798030257225
v 0.15431900322437286 0.03738296031951904 -0.04577295854687691
v 0.15231500566005707 0.03731197118759155 -0.04448198899626732
v 0.15427200496196747 0.03660093992948532 -0.045458968728780746
v 0.20280399918556213 0.012638979591429234 -0.05278496816754341
v 0.20022399723529816 0.013012940064072609 -0.05243796110153198
v 0.20023000240325928 0.01323097012937069 -0.05278598889708519
v 0.1993280053138733 0.013751979917287827 -0.05272597074508667
v 0.20022399723529816 0.013012940064072609 -0.05243796110153198
v 0.20023000240325928 0.01323097012937069 -0.05278598889708519
v 0.20280399918556213 0.012638979591429234 -0.05278496816754341
v 0.20349499583244324 0.012117980048060417 -0.05257498845458031
v 0.20348100364208221 0.01227795984596014 -0.05294299125671387
v 0.20023000240325928 0.01323097012937069 -0.05278598889708519
v 0.22727300226688385 0.011132000014185905 -0.0525999590754509
v 0.22539900243282318 0.012006989680230618 -0.05301897972822189
v 0.20665399730205536 -0.01209396030753851 -0.052988938987255096
v 0.2049919068813324 -0.011899939738214016 -0.05260998010635376
v 0.20348100364208221 -0.012259960174560547 -0.05294698104262352
v 0.20348100364208221 -0.012259960174560547 -0.05294698104262352
v 0.20349499583244324 -0.013229959644377232 -0.05305600166320801
v 0.20348100364208221 -0.012259960174560547 -0.05294698104262352
v 0.20023900270462036 -0.013233950361609459 -0.052804939448833466
v 0.1776849925518036 -0.024936970323324203 -0.05032794922590256
v 0.15718300640583038 -0.03648995980620384 -0.04680496081709862
v 0.15930500626564026 -0.0344429612159729 -0.047132961452007294
v 0.15714100003242493 -0.03539896011352539 -0.046496979892253876
v 0.15519799292087555 -0.036561958491802216 -0.045986950397491455
v 0.152305006980896 -0.03859299048781395 -0.04480098932981491
v 0.09474294632673264 0.041386958211660385 -0.045796990394592285
v 0.12601999938488007 0.041726939380168915 -0.04470700025558472
v 0.10179100185632706 0.023531969636678696 -0.05797195062041283
v 0.10213600099086761 0.02438098005950451 -0.05776697024703026
v 0.08006799221038818 -0.004550992976874113 -0.03620295971632004
v 0.13132800161838531 0.004979968070983887 -0.06049596890807152
v 0.08006899803876877 -0.004489957820624113 -0.03620593994855881
v 0.09524296969175339 -0.03328698128461838 -0.05457298830151558
v 0.132765993475914 0.0067139859311282635 -0.059786971658468246
v 0.13128389418125153 0.010071990080177784 -0.06013797968626022
v 0.13830700516700745 0.007481991779059172 -0.057492971420288086
v 0.13143999874591827 -0.00012199999764561653 -0.06059395894408226
v 0.13132800161838531 0.004979968070983887 -0.06049596890807152
v 0.08112800121307373 0.023631980642676353 -0.043971948325634
v 0.12603899836540222 -0.040853969752788544 -0.04862295836210251
v 0.08007097244262695 0.004884957801550627 -0.036190979182720184
v 0.08096998184919357 0.012310979887843132 -0.047639958560466766
v 0.08007097244262695 0.004816948901861906 -0.0361979603767395
v 0.14594900608062744 -0.04066698998212814 -0.0491669699549675
v 0.08006995171308517 0.0047789812088012695 -0.03620100021362305
v 0.0965769812464714 -0.039792951196432114 -0.050203971564769745
v 0.14594900608062744 -0.04066698998212814 -0.0491669699549675
v 0.14618000388145447 -0.02867995947599411 -0.052186958491802216
v 0.1462039053440094 -0.0407719612121582 -0.04852598160505295
v 0.1260679066181183 -0.03851199150085449 -0.05187999829649925
v 0.1462389975786209 -0.035145990550518036 -0.05002598837018013
v 0.14624400436878204 -0.036369968205690384 -0.04899698123335838
v 0.1462039053440094 -0.0407719612121582 -0.04852598160505295
v 0.1260679066181183 -0.03851199150085449 -0.05187999829649925
v 0.1261020004749298 -0.035077981650829315 -0.05395495146512985
v 0.14594900608062744 -0.04066698998212814 -0.0491669699549675
v 0.13032600283622742 -0.02242100052535534 -0.05817699059844017
v 0.13125300407409668 -0.021252980455756187 -0.05838698148727417
v 0.14594900608062744 -0.04066698998212814 -0.0491669699549675
v 0.1315380036830902 -0.02042393945157528 -0.058522991836071014
v 0.1261020004749298 0.035077981650829315 -0.05395495146512985
v 0.1260679066181183 0.03851199150085449 -0.05187999829649925
v 0.1442209929227829 0.04091399163007736 -0.0487629696726799
v 0.08094996213912964 -0.019499950110912323 -0.045062001794576645
v 0.1260679066181183 0.03851199150085449 -0.05187999829649925
v 0.09668499231338501 0.03958898037672043 -0.0504799410700798
v 0.1442209929227829 0.04091399163007736 -0.0487629696726799
v 0.09651297330856323 0.04002099856734276 -0.04982893913984299
v 0.09609197825193405 0.04059499129652977 -0.04871397837996483
v 0.12603899836540222 0.040853969752788544 -0.04862295836210251
v 0.1312370002269745 0.021324990317225456 -0.058372970670461655
v 0.14618000388145447 0.02867995947599411 -0.052186958491802216
v 0.1442209929227829 0.04091399163007736 -0.0487629696726799
v 0.1261020004749298 0.035077981650829315 -0.05395495146512985
v 0.08101201057434082 -0.03024398908019066 -0.03839397057890892
v 0.1312370002269745 0.021324990317225456 -0.058372970670461655
v 0.13097800314426422 0.02206498011946678 -0.05817699059844017
v 0.1442209929227829 0.04091399163007736 -0.0487629696726799
v 0.13034990429878235 0.022432979196310043 -0.05817198008298874
v 0.12603899836540222 0.040853969752788544 -0.04862295836210251
v 0.1429498940706253 -0.015778949484229088 -0.022358950227499008
v 0.14299699664115906 -0.013999990187585354 -0.022327950224280357
v 0.0807499811053276 -0.02776597999036312 -0.02241997979581356
v 0.14299699664115906 -0.013999990187585354 -0.022327950224280357
v 0.09176795929670334 0.024114960804581642 -0.05716395005583763
v 0.13143999874591827 -0.00012199999764561653 -0.06059395894408226
v 0.13143999874591827 -0.00012199999764561653 -0.06059395894408226
v 0.1383499950170517 -0.007481991779059172 -0.05747300013899803
v 0.13128389418125153 -0.005224943161010742 -0.06049095839262009
v 0.132765993475914 -0.008052945137023926 -0.059691961854696274
v 0.132765993475914 -0.00014600000577047467 -0.05999397858977318
v 0.13830700516700745 0.007481991779059172 -0.057492971420288086
v 0.1383499950170517 -0.007481991779059172 -0.05747300013899803
v 0.09037797898054123 0.03920698165893555 0.02626298926770687
v 0.08018100261688232 0.02594899944961071 0.025192970409989357
v 0.12601999938488007 0.041726939380168915 -0.04470700025558472
v 0.09590095281600952 0.04078298062086105 -0.04827897995710373
v 0.09474294632673264 0.041386958211660385 -0.045796990394592285
v 0.08118294924497604 0.028303980827331543 0.02417396940290928
v 0.08017896860837936 0.028105970472097397 0.022733980789780617
v 0.08017700165510178 0.02617298997938633 0.024966949597001076
v 0.08115296810865402 0.03027397021651268 0.02163398079574108
v 0.08018296211957932 0.028227979317307472 0.022570960223674774
v 0.08017998188734055 0.02816998027265072 0.022654950618743896
v 0.08716195076704025 0.03909999132156372 0.0214649997651577
v 0.08124899119138718 0.03211693838238716 0.01899397000670433
v 0.08114998787641525 0.03353399038314819 0.01610296033322811
v 0.08607298135757446 0.03932594880461693 0.01584899052977562
v 0.08121997117996216 0.0370979905128479 0.0038009879644960165
v 0.08111000061035156 0.03644198179244995 0.006923973094671965
v 0.08132796734571457 0.035969968885183334 0.01014493964612484
v 0.08022695034742355 0.035492949187755585 0.006049990188330412
v 0.08119100332260132 0.0372159406542778 0.0
v 0.08014798164367676 0.03629695996642113 0.00031999999191612005
v 0.08121997117996216 0.0370979905128479 0.0038009879644960165
v 0.09668499231338501 0.03958898037672043 -0.0504799410700798
v 0.12603899836540222 0.040853969752788544 -0.04862295836210251
v 0.1260679066181183 0.03851199150085449 -0.05187999829649925
v 0.08015596121549606 0.03623497113585472 -0.0030559890437871218
v 0.08013998717069626 0.03630298003554344 -0.0026659960858523846
v 0.08799195289611816 -0.04171197861433029 -0.027785949409008026
v 0.09130799025297165 -0.039652999490499496 0.025813989341259003
v 0.10164900124073029 -0.03928095102310181 0.03173093870282173
v 0.10248500108718872 -0.03983895853161812 0.031308941543102264
v 0.11744990199804306 -0.04033796861767769 0.030424950644373894
v 0.10152199864387512 -0.039879970252513885 0.03102296032011509
v 0.10294999927282333 -0.03995800018310547 0.030424950644373894
v 0.08857399225234985 -0.03958195075392723 0.02212500013411045
v 0.10152199864387512 -0.039879970252513885 0.03102296032011509
v 0.10294999927282333 -0.03995800018310547 0.030424950644373894
v 0.0965769812464714 -0.039792951196432114 -0.050203971564769745
v 0.1260679066181183 -0.03851199150085449 -0.05187999829649925
v 0.12603899836540222 -0.040853969752788544 -0.04862295836210251
v 0.13125300407409668 -0.021252980455756187 -0.05838698148727417
v 0.1315380036830902 -0.02042393945157528 -0.058522991836071014
v 0.13229000568389893 -0.021968960762023926 -0.05767296999692917
v 0.132765993475914 -0.014046959578990936 -0.059055980294942856
v 0.13245299458503723 -0.021057959645986557 -0.05772893875837326
v 0.13229000568389893 -0.021968960762023926 -0.05767296999692917
v 0.13245299458503723 -0.021057959645986557 -0.05772893875837326
v 0.12547799944877625 -0.03949999064207077 -0.013185969553887844
v 0.13229000568389893 -0.021968960762023926 -0.05767296999692917
v 0.1260679066181183 -0.03851199150085449 -0.05187999829649925
v 0.1261020004749298 -0.035077981650829315 -0.05395495146512985
v 0.13229000568389893 -0.021968960762023926 -0.05767296999692917
v 0.1172889992594719 0.005838990211486816 0.03757994994521141
v 0.08117300271987915 0.0 0.037152938544750214
v 0.11625900119543076 -0.006071983836591244 0.03752398118376732
v 0.10249199718236923 -0.03359394893050194 0.03273797035217285
v 0.10164900124073029 -0.03928095102310181 0.03173093870282173
v 0.11625900119543076 -0.006071983836591244 0.03752398118376732
v 0.10249199718236923 -0.03359394893050194 0.03273797035217285
v 0.08123999089002609 -0.00641399621963501 0.03675299137830734
v 0.10248500108718872 -0.03983895853161812 0.031308941543102264
v 0.1325010061264038 0.021142950281500816 -0.05775897949934006
v 0.13152900338172913 0.020416969433426857 -0.05852394923567772
v 0.1312370002269745 0.021324990317225456 -0.058372970670461655
v 0.08121699094772339 -0.03710395097732544 0.003801940940320492
v 0.08120696991682053 -0.037285979837179184 0.0005859999801032245
v 0.08611500263214111 -0.03932594880461693 0.01623797044157982
v 0.09521298855543137 -0.038920991122722626 0.030027979984879494
v 0.09384596347808838 -0.03888100013136864 0.029299970716238022
v 0.12055999785661697 -0.04197198152542114 -0.02815997041761875
v 0.1261020004749298 -0.035077981650829315 -0.05395495146512985
v 0.13032600283622742 -0.02242100052535534 -0.05817699059844017
v 0.13125300407409668 -0.021252980455756187 -0.05838698148727417
v 0.13128499686717987 -0.015381990000605583 -0.05949198827147484
v 0.132765993475914 -0.014046959578990936 -0.059055980294942856
v 0.1315380036830902 -0.02042393945157528 -0.058522991836071014
v 0.13131000101566315 -0.010315950028598309 -0.06010996922850609
v 0.132765993475914 -0.008052945137023926 -0.059691961854696274
v 0.132765993475914 -0.006467998027801514 -0.059802938252687454
v 0.132765993475914 -0.0012059799628332257 -0.05997598171234131
v 0.132765993475914 -0.00014600000577047467 -0.05999397858977318
v 0.132765993475914 0.00558698084205389 -0.059852950274944305
v 0.132765993475914 0.0067139859311282635 -0.059786971658468246
v 0.132765993475914 -0.008052945137023926 -0.059691961854696274
v 0.132765993475914 0.01271998044103384 -0.059226978570222855
v 0.08123999089002609 0.00641399621963501 0.03675299137830734
v 0.0810609981417656 0.0031719799153506756 0.036873988807201385
v 0.08013898134231567 0.004229961894452572 0.03602099046111107
v 0.08107595890760422 -0.003180979983881116 0.03688699007034302
v 0.09790897369384766 -0.006403982173651457 0.037144001573324203
v 0.08012998104095459 -0.004724978934973478 0.03598593920469284
v 0.13102500140666962 0.041816938668489456 -0.04193698987364769
v 0.12017499655485153 0.04197198152542114 -0.02797096036374569
v 0.13181200623512268 0.0418739914894104 -0.03899997100234032
v 0.14289000630378723 -0.03354597091674805 -0.018288960680365562
v 0.14270099997520447 -0.034082941710948944 -0.01871996931731701
v 0.1429498940706253 -0.03238296136260033 -0.018412940204143524
v 0.08112096041440964 -0.03645199164748192 0.006926952861249447
v 0.08022599667310715 -0.03552298992872238 0.0060249557718634605
v 0.08121699094772339 -0.03710395097732544 0.003801940940320492
v 0.08015596121549606 -0.03623795136809349 -0.0030559890437871218
v 0.08132796734571457 -0.035969968885183334 0.01014493964612484
v 0.08017998188734055 0.028148939833045006 0.022682959213852882
v 0.13128389418125153 -0.005224943161010742 -0.06049095839262009
v 0.132765993475914 -0.006467998027801514 -0.059802938252687454
v 0.132765993475914 -0.008052945137023926 -0.059691961854696274
v 0.132765993475914 0.012140979990363121 -0.059280991554260254
v 0.13128389418125153 0.010071990080177784 -0.06013797968626022
v 0.132765993475914 0.01271998044103384 -0.059226978570222855
v 0.13131000101566315 0.015132959932088852 -0.059523988515138626
v 0.13276490569114685 0.01762896031141281 -0.058483000844717026
v 0.13276490569114685 0.01762896031141281 -0.058483000844717026
v 0.13276490569114685 0.018679970875382423 -0.0583229586482048
v 0.132765993475914 0.01271998044103384 -0.059226978570222855
v 0.13276490569114685 0.019999980926513672 -0.058074951171875
v 0.13276490569114685 0.018679970875382423 -0.0583229586482048
v 0.13276490569114685 0.019999980926513672 -0.058074951171875
v 0.1325010061264038 0.021142950281500816 -0.05775897949934006
v 0.13102500140666962 0.041816938668489456 -0.04193698987364769
v 0.13276490569114685 0.019999980926513672 -0.058074951171875
v 0.09595298022031784 -0.040767960250377655 -0.04834597930312157
v 0.12601999938488007 -0.041726939380168915 -0.04470700025558472
v 0.09473896026611328 -0.04137200117111206 -0.045865949243307114
v 0.13187900185585022 0.02238297089934349 -0.05750900134444237
v 0.1260679066181183 0.03851199150085449 -0.05187999829649925
v 0.1325010061264038 0.021142950281500816 -0.05775897949934006
v 0.132765993475914 -0.00014600000577047467 -0.05999397858977318
v 0.13132800161838531 0.004979968070983887 -0.06049596890807152
v 0.132765993475914 0.00558698084205389 -0.059852950274944305
v 0.11932499706745148 0.03956096991896629 0.03221499174833298
v 0.09794998168945312 0.006349979899823666 0.037154968827962875
v 0.08014696091413498 0.036309000104665756 -0.0019629590678960085
v 0.08014500141143799 0.036306969821453094 0.0
v 0.08014196157455444 0.005015968810766935 0.03593295067548752
v 0.08020401000976562 0.016186950728297234 0.03215998038649559
v 0.08015096187591553 0.01892595924437046 0.030763980001211166
v 0.08020401000976562 0.0162039902061224 0.03215198963880539
v 0.08016800135374069 0.02147597074508667 0.029098980128765106
v 0.08015096187591553 0.018941989168524742 0.030754979699850082
v 0.08016496151685715 0.005582987796515226 0.03579794988036156
v 0.08015096187591553 0.01893394999206066 0.030759990215301514
v 0.08017098158597946 0.021573960781097412 0.029026979580521584
v 0.0801609680056572 -0.0055849552154541016 0.035789959132671356
v 0.08015596121549606 0.033971961587667465 0.012686960399150848
v 0.0801379606127739 0.034215979278087616 0.012184970080852509
v 0.0801379606127739 0.034221939742565155 0.012170970439910889
v 0.08015400171279907 0.034379951655864716 0.011558939702808857
v 0.08014296740293503 0.03428798168897629 0.011924980208277702
v 0.12601999938488007 0.041726939380168915 -0.04470700025558472
v 0.13102500140666962 0.041816938668489456 -0.04193698987364769
v 0.08657395094633102 0.041680991649627686 -0.028898950666189194
v 0.11932499706745148 0.04038697108626366 0.031230980530381203
v 0.1429498940706253 -0.03238296136260033 -0.018412940204143524
v 0.1261020004749298 0.035077981650829315 -0.05395495146512985
v 0.141075000166893 0.03906195983290672 -0.017458969727158546
v 0.08015900105237961 -0.03438996896147728 0.011539990082383156
v 0.09651297330856323 0.04002099856734276 -0.04982893913984299
v 0.09609197825193405 0.04059499129652977 -0.04871397837996483
v 0.13187900185585022 0.02238297089934349 -0.05750900134444237
v 0.13097800314426422 0.02206498011946678 -0.05817699059844017
v 0.132765993475914 -0.0012059799628332257 -0.05997598171234131
v 0.13143999874591827 -0.00012199999764561653 -0.06059395894408226
v 0.08657395094633102 0.041680991649627686 -0.028898950666189194
v 0.08021301031112671 -0.016201969236135483 0.032134950160980225
v 0.08014798164367676 -0.01890294998884201 0.030802959576249123
v 0.08030295372009277 -0.013379990123212337 0.03329794853925705
v 0.08014696091413498 -0.018968990072607994 0.03076498955488205
v 0.08018296211957932 -0.02597098983824253 0.025138970464468002
v 0.08017700165510178 0.026151949539780617 0.024990970268845558
v 0.08017700165510178 0.026087990030646324 0.025060949847102165
v 0.132765993475914 -0.00014600000577047467 -0.05999397858977318
v 0.132765993475914 0.0067139859311282635 -0.059786971658468246
v 0.1261020004749298 0.035077981650829315 -0.05395495146512985
v 0.13097800314426422 0.02206498011946678 -0.05817699059844017
v 0.13034990429878235 0.022432979196310043 -0.05817198008298874
v 0.1359499990940094 0.04082195833325386 -0.017497949302196503
v 0.12818799912929535 0.04061894863843918 -0.011412969790399075
v 0.1359499990940094 0.04082195833325386 -0.017497949302196503
v 0.1359499990940094 0.04051493853330612 -0.018189959228038788
v 0.12818799912929535 0.04061894863843918 -0.011412969790399075
v 0.13934500515460968 0.039216991513967514 0.03275495022535324
v 0.1416819989681244 0.038238998502492905 0.029489990323781967
v 0.14132599532604218 0.030214959755539894 0.034079961478710175
v 0.1418910026550293 0.030119000002741814 0.03352396935224533
v 0.1415330022573471 0.03871899098157883 -0.017451999709010124
v 0.11931800097227097 0.04011398181319237 0.03187799081206322
v 0.14166800677776337 -0.038527961820364 0.02730095013976097
v 0.14292700588703156 0.03258800134062767 0.02587698958814144
v 0.14291389286518097 0.03340797871351242 0.025241969153285027
v 0.14293189346790314 0.03176695108413696 0.027276989072561264
v 0.14197799563407898 0.03812098130583763 0.026324979960918427
v 0.13685199618339539 0.03851699084043503 -0.019173970445990562
v 0.13681800663471222 0.0405309684574604 -0.018168980255723
v 0.14287599921226501 0.035223960876464844 0.02486795000731945
v 0.14285799860954285 0.03170299157500267 0.028463000431656837
v 0.14293189346790314 0.03176695108413696 0.027276989072561264
v 0.14285799860954285 0.03170299157500267 0.028463000431656837
v 0.14081500470638275 0.027770990505814552 0.03451395034790039
v 0.14293189346790314 0.03176695108413696 0.027276989072561264
v 0.14280100166797638 0.03616195172071457 -0.017433999106287956
v 0.14292700588703156 0.03258800134062767 0.02587698958814144
v 0.14293189346790314 0.03176695108413696 0.027276989072561264
v 0.14235800504684448 0.034851960837841034 0.03172396868467331
v 0.14213000237941742 0.03700399026274681 0.03074496053159237
v 0.14291389286518097 0.03340797871351242 0.025241969153285027
v 0.14287599921226501 0.035223960876464844 0.02486795000731945
v 0.14280100166797638 0.03616195172071457 -0.017433999106287956
v 0.14275899529457092 0.03627096861600876 0.024973979219794273
v 0.14287599921226501 0.035223960876464844 0.02486795000731945
v 0.14003999531269073 0.037656959146261215 -0.019074970856308937
v 0.139164999127388 0.03807299956679344 -0.019136959686875343
v 0.1418910026550293 0.030119000002741814 0.03352396935224533
v 0.14132599532604218 0.030214959755539894 0.034079961478710175
v 0.14081500470638275 0.027770990505814552 0.03451395034790039
v 0.14081500470638275 0.027770990505814552 0.03451395034790039
v 0.13604900240898132 0.04007697105407715 0.032554980367422104
v 0.14292700588703156 -0.03258800134062767 0.02587698958814144
v 0.14291700720787048 -0.033401958644390106 0.025231949985027313
v 0.1429498940706253 -0.0348469614982605 -0.017517980188131332
v 0.11932499706745148 0.04038697108626366 0.031230980530381203
v 0.13679799437522888 0.04084198921918869 0.028930960223078728
v 0.13679400086402893 0.04084395989775658 0.02675097994506359
v 0.11932499706745148 0.04038697108626366 0.031230980530381203
v 0.1412149965763092 0.03843795880675316 -0.01817196048796177
v 0.14235900342464447 0.03711700066924095 -0.017439959570765495
v 0.14280100166797638 0.03616195172071457 -0.017433999106287956
v 0.13251790404319763 0.0407329685986042 0.01886296086013317
v 0.1420930027961731 0.03486495837569237 0.03281598910689354
v 0.14260199666023254 0.032712988555431366 0.03048098087310791
v 0.1427229940891266 0.03214197978377342 0.0295219998806715
v 0.1359499990940094 0.04051493853330612 -0.018189959228038788
v 0.14235900342464447 0.03711700066924095 -0.017439959570765495
v 0.14247100055217743 0.03717594966292381 0.02536397986114025
v 0.14049890637397766 0.037536971271038055 0.03312397003173828
v 0.11932499706745148 0.03956096991896629 0.03221499174833298
v 0.1359499990940094 0.02781200036406517 0.03440796956419945
v 0.11932499706745148 0.03956096991896629 0.03221499174833298
v 0.11744990199804306 0.04033796861767769 0.030424950644373894
v 0.1359499990940094 0.02781200036406517 0.03440796956419945
v 0.14188799262046814 -0.03493297100067139 0.03320198878645897
v 0.13679400086402893 0.04084395989775658 0.02675097994506359
v 0.13685199618339539 0.03851699084043503 -0.019173970445990562
v 0.139164999127388 0.03807299956679344 -0.019136959686875343
v 0.1359499990940094 0.03848695009946823 -0.019168969243764877
v 0.14003999531269073 0.037656959146261215 -0.019074970856308937
v 0.14133389294147491 -0.03500096872448921 0.03349994868040085
v 0.1415330022573471 0.03871899098157883 -0.017451999709010124
v 0.1415330022573471 0.03871899098157883 -0.017451999709010124
v 0.13935300707817078 0.03806297853589058 0.033004991710186005
v 0.11931800097227097 0.04011398181319237 0.03187799081206322
v 0.11932499706745148 0.04038697108626366 0.031230980530381203
v 0.08012998104095459 -0.03494900092482567 -0.01024395041167736
v 0.08017294853925705 -0.02835397981107235 -0.022651970386505127
v 0.08023297041654587 -0.024373939260840416 0.02662700042128563
v 0.0801209807395935 -0.008196949027478695 -0.03551900014281273
v 0.08010596036911011 -0.006746946834027767 -0.03592699021100998
v 0.08014898747205734 -0.031787991523742676 -0.017600949853658676
v 0.08016996830701828 -0.030191950500011444 -0.020190000534057617
v 0.08102499693632126 -0.03632098063826561 -0.03323400020599365
v 0.08011596649885178 0.033303968608379364 -0.014867959544062614
v 0.08009499311447144 0.03387999162077904 -0.013575970195233822
v 0.08015000075101852 -0.03629899024963379 0.00032900000223889947
v 0.08013998717069626 0.03630298003554344 -0.0026659960858523846
v 0.08031398057937622 0.03574895113706589 -0.003042994998395443
v 0.08015596121549606 0.03623497113585472 -0.0030559890437871218
v 0.08025699108839035 0.007751941215246916 0.03520696982741356
v 0.08023399114608765 0.03504598140716553 0.008511959575116634
v 0.08023499697446823 0.03494495153427124 0.009059964679181576
v 0.08030295372009277 0.03472799062728882 0.009041965007781982
v 0.08014196157455444 -0.036327000707387924 -0.0006889999494887888
v 0.0802149698138237 0.03319697827100754 0.014274000190198421
v 0.08023195713758469 0.0329279787838459 0.014813950285315514
v 0.08030295372009277 0.03269999846816063 0.014780989848077297
v 0.08014500141143799 -0.03631699085235596 -0.0019479990005493164
v 0.08015196770429611 -0.01424098014831543 -0.03325295075774193
v 0.08015000075101852 -0.013640989549458027 -0.03351198881864548
v 0.08021897077560425 0.036044951528310776 0.002484977012500167
v 0.08023399114608765 0.03597496822476387 0.0030489559285342693
v 0.08030295372009277 0.035757001489400864 0.003042994998395443
v 0.08017700165510178 -0.0014039869420230389 0.03606896847486496
v 0.08018498867750168 0.0013809800148010254 0.036077968776226044
v 0.07991600036621094 0.0 0.037224940955638885
v 0.08014798164367676 -0.03547399863600731 -0.007792949210852385
v 0.0801459476351738 -0.035242971032857895 -0.00908499862998724
v 0.0801689624786377 -0.024166999384760857 -0.027091970667243004
v 0.08016800135374069 -0.023479990661144257 -0.027677949517965317
v 0.08030295372009277 -0.023708989843726158 -0.026938969269394875
v 0.08016598224639893 0.028400950133800507 -0.022661980241537094
v 0.08014898747205734 -0.031787991523742676 -0.017600949853658676
v 0.08014798164367676 0.036059968173503876 -0.004376946948468685
v 0.08015900105237961 0.02422397956252098 -0.027107950299978256
v 0.08015494793653488 0.024973979219794273 -0.02637499012053013
v 0.08031398057937622 0.023703990504145622 -0.02693294920027256
v 0.08014898747205734 -0.013235979713499546 -0.033674951642751694
v 0.08014398068189621 0.01371300034224987 -0.033540960401296616
v 0.08014398068189621 0.014522960409522057 -0.03319400176405907
v 0.08021301031112671 0.01341794990003109 -0.03339295834302902
v 0.08006995171308517 0.0047789812088012695 -0.03620100021362305
v 0.08006995171308517 0.004709959030151367 -0.036206960678100586
v 0.08013898134231567 0.004229961894452572 0.03602099046111107
v 0.08016496151685715 0.005582987796515226 0.03579794988036156
v 0.08014398068189621 0.03523194044828415 -0.009083986282348633
v 0.0801459476351738 0.03545796126127243 -0.007827997207641602
v 0.08030295372009277 0.03472799062728882 -0.009041965007781982
v 0.08014798164367676 -0.036059968173503876 -0.0043759942054748535
v 0.08017700165510178 -0.02817499078810215 0.022693989798426628
v 0.08017998188734055 -0.026124950498342514 0.024985959753394127
v 0.080237977206707 -0.023538939654827118 0.027369970455765724
v 0.08013396710157394 0.004730999004095793 0.035988979041576385
v 0.08007997274398804 -0.005383967887610197 -0.03610998019576073
v 0.08016198128461838 0.02776896022260189 -0.02342396043241024
v 0.08023595064878464 -0.035894978791475296 0.003669976955279708
v 0.08023697137832642 0.02350996993482113 0.027427969500422478
v 0.08022098988294601 0.02292495034635067 0.027917979285120964
v 0.08031398057937622 0.023703990504145622 0.02693294920027256
v 0.0802459716796875 0.007353961002081633 0.035326000303030014
v 0.08015698194503784 0.01934598945081234 -0.03078394941985607
v 0.08015400171279907 0.02021598070859909 -0.030177950859069824
v 0.08031398057937622 0.018810980021953583 -0.0305519700050354
v 0.0801379606127739 -0.004997968208044767 0.03593295067548752
v 0.080237977206707 -0.03495895117521286 0.009060977958142757
v 0.08023595064878464 -0.03507297858595848 0.00845795776695013
v 0.08031398057937622 -0.034720949828624725 0.009040950797498226
v 0.08012896031141281 0.03494697064161301 -0.01020997017621994
v 0.08016394823789597 -0.020055940374732018 -0.03022599034011364
v 0.08016800135374069 -0.01928699016571045 -0.030761949717998505
v 0.08030295372009277 -0.01881497912108898 -0.030557990074157715
v 0.08010399341583252 0.0067229862324893475 -0.035948991775512695
v 0.08011894673109055 0.008224964141845703 -0.035534970462322235
v 0.0802529975771904 -0.007734000217169523 0.03519998863339424
v 0.08016598224639893 -0.024828970432281494 -0.026443950831890106
v 0.0801459476351738 0.03181295841932297 -0.017605960369110107
v 0.08021997660398483 -0.03606497868895531 0.002434968017041683
v 0.08021198958158493 -0.006676970981061459 0.035497959703207016
v 0.08024299144744873 -0.007373988162726164 0.035307999700307846
v 0.08029395341873169 0.01372199971228838 0.03318595141172409
v 0.08030200004577637 0.013523990288376808 0.03326797112822533
v 0.08007699251174927 -0.001842975034378469 -0.03631895035505295
v 0.08022098988294601 0.03482997044920921 0.009588955901563168
v 0.08015798777341843 0.023445960134267807 -0.02777194045484066
v 0.08007895201444626 0.005324958823621273 -0.03613495081663132
v 0.08006995171308517 -0.004866957198828459 -0.036178939044475555
v 0.08006899803876877 -0.004489957820624113 -0.03620593994855881
v 0.08017098158597946 -0.02153599075973034 0.029023999348282814
v 0.08016996830701828 -0.021469950675964355 0.029071979224681854
v 0.0802529975771904 -0.007734000217169523 0.03519998863339424
v 0.08023995161056519 0.0239939596503973 0.027006980031728745
v 0.08007895201444626 0.001223981031216681 -0.03635096177458763
v 0.08007799834012985 0.0018599620088934898 -0.03633195161819458
v 0.0801609680056572 -0.0055849552154541016 0.035789959132671356
v 0.08030395954847336 0.013413960114121437 0.033310938626527786
v 0.08030498027801514 0.013347979635000229 0.03333598002791405
v 0.08009599894285202 -0.03390495851635933 -0.013544970192015171
v 0.08011894673109055 -0.03331397846341133 -0.014867959544062614
v 0.08022499084472656 -0.023029979318380356 0.02779597043991089
v 0.08011894673109055 -0.03331397846341133 -0.014867959544062614
v 0.08021301031112671 0.006612956058233976 0.03552496060729027
v 0.08016300201416016 0.03019499033689499 -0.020192980766296387
v 0.08013396710157394 -0.004251956008374691 0.036017950624227524
v 0.08022397011518478 -0.03483295068144798 0.009631991386413574
v 0.08014296740293503 0.013170000165700912 -0.03375798091292381
v 0.08023101091384888 0.024468950927257538 0.026575980708003044
v 0.0801689624786377 -0.01837497018277645 -0.0313449501991272
v 0.08023499697446823 0.03588699921965599 0.0036089420318603516
v 0.08023499697446823 -0.0329439602792263 0.014813950285315514
v 0.08021699637174606 -0.03323096036911011 0.014230960048735142
v 0.08031398057937622 -0.032693978399038315 0.014777950011193752
v 0.08012700080871582 0.009373961947858334 -0.03516494855284691
v 0.08017098158597946 -0.02778898924589157 -0.02333098091185093
v 0.08007799834012985 0.0018599620088934898 -0.03633195161819458
v 0.08016598224639893 0.028400950133800507 -0.022661980241537094
v 0.08017294853925705 -0.02835397981107235 -0.022651970386505127
v 0.08023595064878464 -0.03598998859524727 0.0030489559285342693
v 0.08023195713758469 0.0329279787838459 0.014813950285315514
v 0.08015596121549606 0.03623497113585472 -0.0030559890437871218
v 0.08006899803876877 0.004581986926496029 -0.03621494024991989
v 0.08006995171308517 0.0047789812088012695 -0.03620100021362305
v 0.08007097244262695 0.004884957801550627 -0.036190979182720184
v 0.08023995161056519 -0.023960940539836884 0.027001969516277313
v 0.0801379606127739 -0.010857990011572838 -0.03459196910262108
v 0.08007699251174927 -0.001842975034378469 -0.03631895035505295
v 0.08006899803876877 -0.004489957820624113 -0.03620593994855881
v 0.08006799221038818 -0.004550992976874113 -0.03620295971632004
v 0.08006995171308517 -0.004866957198828459 -0.036178939044475555
v 0.08030097931623459 0.010517950169742107 0.034317970275878906
v 0.08013898134231567 0.004229961894452572 0.03602099046111107
v 0.08013498038053513 0.0044789910316467285 0.03600995987653732
v 0.08016496151685715 0.005582987796515226 0.03579794988036156
v 0.08013396710157394 -0.004251956008374691 0.036017950624227524
v 0.0801609680056572 -0.0055849552154541016 0.035789959132671356
v 0.0801379606127739 -0.004997968208044767 0.03593295067548752
v 0.08018498867750168 0.0013809800148010254 0.036077968776226044
v 0.08014500141143799 -0.03631699085235596 -0.0019479990005493164
v 0.08015596121549606 -0.03623795136809349 -0.0030559890437871218
v 0.10249199718236923 -0.03359394893050194 0.03273797035217285
v 0.08006899803876877 0.004581986926496029 -0.03621494024991989
v 0.08007699251174927 -0.001842975034378469 -0.03631895035505295
v 0.08007799834012985 -0.0012389420298859477 -0.036336950957775116
v 0.08006799221038818 -0.004578948020935059 -0.03620100021362305
v 0.08006995171308517 0.004709959030151367 -0.036206960678100586
v 0.12603899836540222 0.040853969752788544 -0.04862295836210251
v 0.08022695034742355 0.035484958440065384 0.006094992160797119
v 0.08799195289611816 -0.04171197861433029 -0.027785949409008026
v 0.08013498038053513 0.0044789910316467285 0.03600995987653732
v 0.08013098686933517 -0.004487990867346525 0.03600597009062767
v 0.08022599667310715 -0.03550899028778076 0.00610798504203558
v 0.08013998717069626 -0.036303989589214325 -0.0026079409290105104
v 0.12603899836540222 -0.040853969752788544 -0.04862295836210251
v 0.13143999874591827 -0.00012199999764561653 -0.06059395894408226
v 0.08014696091413498 0.03409897908568382 0.01242494024336338
v 0.0801379606127739 0.03422795981168747 0.012151000089943409
v 0.08014798164367676 -0.03429495915770531 0.011917940340936184
v 0.08014696091413498 -0.018935969099402428 0.030785970389842987
v 0.08017998188734055 -0.026077980175614357 0.02503800019621849
v 0.1359499990940094 0.04051493853330612 -0.018189959228038788
v 0.1359499990940094 0.03848695009946823 -0.019168969243764877
v 0.0800819918513298 -0.034226950258016586 -0.012777980417013168
v 0.08009599894285202 -0.03390495851635933 -0.013544970192015171
v 0.08011894673109055 -0.03331397846341133 -0.014867959544062614
v 0.08017098158597946 -0.02778898924589157 -0.02333098091185093
v 0.08015698194503784 -0.026181990280747414 -0.025076979771256447
v 0.08017294853925705 -0.02835397981107235 -0.022651970386505127
v 0.0801459476351738 -0.036311980336904526 4.8999998398358e-05
v 0.08014696091413498 0.036309000104665756 -0.0019629590678960085
v 0.08013998717069626 -0.036303989589214325 -0.0026079409290105104
v 0.08007097244262695 0.004884957801550627 -0.036190979182720184
v 0.08007097244262695 0.004816948901861906 -0.0361979603767395
v 0.08006899803876877 0.004581986926496029 -0.03621494024991989
v 0.08014196157455444 0.005015968810766935 0.03593295067548752
v 0.08013396710157394 0.004730999004095793 0.035988979041576385
v 0.08013498038053513 0.0044789910316467285 0.03600995987653732
v 0.08006899803876877 -0.004700957797467709 -0.03619294986128807
v 0.08006799221038818 -0.004578948020935059 -0.03620100021362305
v 0.08006799221038818 -0.004550992976874113 -0.03620295971632004
v 0.08013396710157394 -0.004251956008374691 0.036017950624227524
v 0.08013098686933517 -0.004487990867346525 0.03600597009062767
v 0.0801379606127739 -0.004997968208044767 0.03593295067548752
v 0.08012998104095459 -0.004724978934973478 0.03598593920469284
f 1 2 3
f 4 5 6
f 7 8 9
f 10 11 12
f 13 14 15
f 16 17 18
f 19 20 21
f 22 23 24
f 25 26 27
f 28 29 30
f 31 32 33
f 34 35 36
f 37 38 39
f 40 41 42
f 43 44 45
f 46 47 48
f 49 50 51
f 52 53 54
f 55 56 57
f 55 57 58
f 55 58 59
f 55 59 60
f 55 60 61
f 55 61 62
f 55 63 64
f 55 64 65
f 55 65 66
f 55 66 67
f 55 67 68
f 55 68 69
f 70 69 71
f 70 71 72
f 70 72 73
f 74 75 76
f 77 78 79
f 80 81 82
f 83 84 85
f 86 87 88
f 89 90 91
f 92 93 94
f 95 96 97
f 98 99 100
f 101 102 103
f 104 105 106
f 107 108 109
f 110 111 112
f 113 114 115
f 116 117 118
f 119 120 121
f 122 123 124
f 125 126 127
f 128 129 130
f 131 132 133
f 134 135 136
f 137 138 139
f 140 141 142
f 143 144 145
f 146 147 148
f 149 150 151
f 152 153 154
f 155 156 157
f 158 159 160
f 161 162 163
f 164 165 166
f 167 141 140
f 168 169 170
f 171 172 173
f 174 175 176
f 177 178 179
f 180 181 182
f 183 184 185
f 186 187 188
f 189 190 191
f 192 193 194
f 195 196 197
f 198 199 200
f 201 202 203
f 204 205 206
f 207 208 209
f 210 211 212
f 213 214 215
f 216 217 218
f 219 220 221
f 222 223 224
f 225 226 227
f 228 229 230
f 231 232 233
f 234 235 236
f 237 238 239
f 240 241 242
f 243 244 245
f 246 247 248
f 249 250 251
f 252 253 254
f 255 256 257
f 258 259 260
f 261 262 263
f 264 265 266
f 267 268 269
f 270 271 272
f 273 274 275
f 276 277 278
f 279 280 281
f 282 283 284
f 285 286 287
f 288 289 290
f 291 292 293
f 294 295 296
f 297 298 299
f 300 301 302
f 303 304 305
f 306 307 308
f 309 310 311
f 312 313 314
f 315 316 317
f 318 319 320
f 321 322 323
f 324 325 326
f 327 328 329
f 330 331 332
f 333 334 335
f 336 337 338
f 339 340 341
f 342 343 344
f 345 346 347
f 348 349 350
f 351 352 353
f 354 355 356
f 357 358 359
f 360 361 362
f 363 364 365
f 366 367 368
f 369 370 371
f 372 373 374
f 375 376 377
f 378 379 380
f 381 382 383
f 384 385 386
f 387 388 389
f 390 391 392
f 393 394 395
f 396 397 398
f 399 400 401
f 402 403 404
f 405 406 407
f 408 409 410
f 411 412 413
f 414 415 416
f 417 418 419
f 420 421 422
f 423 424 425
f 426 427 428
f 429 430 431
f 432 433 434
f 435 436 437
f 438 439 440
f 441 442 443
f 444 445 446
f 447 448 449
f 450 451 452
f 453 454 455
f 456 457 458
f 459 460 461
f 462 463 464
f 465 466 467
f 468 469 470
f 471 472 473
f 474 475 476
f 477 478 479
f 480 481 482
f 483 484 485
f 486 487 488
f 489 490 491
f 492 493 494
f 495 496 497
f 498 499 500
f 501 502 503
f 504 505 506
f 507 508 509
f 510 511 512
f 513 514 515
f 516 517 518
f 519 520 521
f 522 523 524
f 525 526 527
f 528 529 530
f 531 532 533
f 534 535 536
f 537 538 539
f 540 541 542
f 543 544 545
f 546 547 548
f 549 550 551
f 552 553 554
f 555 556 557
f 558 559 560
f 561 562 563
f 564 565 566
f 567 568 569
f 570 571 572
f 573 574 575
f 576 577 578
f 579 580 581
f 582 583 584
f 585 586 587
f 588 589 590
f 591 592 593
f 594 595 596
f 597 598 599
f 600 601 602
f 603 604 605
f 606 607 608
f 609 610 611
f 612 613 614
f 615 616 617
f 618 619 620
f 621 622 623
f 624 625 626
f 627 628 629
f 630 631 632
f 633 634 635
f 636 637 638
f 639 640 641
f 642 643 644
f 645 646 647
f 648 649 650
f 651 652 653
f 654 655 656
f 657 658 659
f 660 661 662
f 663 664 665
f 666 667 668
f 669 670 671
f 672 673 674
f 675 676 677
f 678 679 680
f 681 682 683
f 684 685 686
f 687 688 689
f 690 691 692
f 693 694 695
f 696 697 698
f 699 700 701
f 702 703 704
f 705 706 707
f 708 709 710
f 711 712 713
f 714 715 716
f 717 718 719
f 720 721 722
f 723 724 725
f 726 727 728
f 729 730 731
f 732 733 734
f 735 736 737
f 738 739 740
f 741 742 743
f 744 745 746
f 747 748 749
f 750 751 752
f 753 754 755
f 756 757 758
f 759 760 761
f 762 763 764
f 765 766 767
f 768 769 770
f 771 772 773
f 774 775 776
f 777 778 779
f 780 781 782
f 783 784 785
f 786 787 788
f 789 790 791
f 792 793 794
f 795 796 797
f 798 799 800
f 801 802 803
f 804 805 806
f 807 808 809
f 810 811 812
f 813 814 815
f 816 817 818
f 819 820 821
f 822 823 824
f 825 826 827
f 828 829 830
f 831 832 833
f 834 835 836
f 837 838 839
f 840 841 842
f 843 844 845
f 846 847 848
f 849 850 851
f 852 853 854
f 855 856 857
f 858 859 860
f 861 862 863
f 864 865 866
f 867 868 869
f 870 871 872
f 873 874 875
f 876 877 878
f 879 880 881
f 882 883 884
f 885 886 887
f 888 889 890
f 891 892 893
f 894 895 896
f 897 898 899
f 900 901 902
f 903 904 905
f 906 907 908
f 909 910 911
f 912 913 914
f 915 916 917
f 918 919 920
f 921 922 923
f 924 925 926
f 927 928 929
f 930 931 932
f 933 934 935
f 936 937 938
f 939 940 941
f 942 943 944
f 945 946 947
f 948 949 950
f 951 952 953
f 954 955 956
f 957 958 959
f 960 961 962
f 963 964 965
f 966 967 968
f 969 970 971
f 972 973 974
f 975 976 977
f 978 979 980
f 981 982 983
f 984 985 986
f 987 988 989
f 990 991 992
f 993 994 995
f 996 997 998
f 999 1000 1001
f 1002 1003 1004
f 1005 1006 1007
f 1008 1009 1010
f 1011 1012 1013
f 1014 1015 1016
f 1017 1018 1019
f 1020 1021 1022
f 1023 1024 1025
f 1026 1027 1028
f 1029 1030 1031
f 1032 1033 1034
f 1035 1036 1037
f 1038 1039 1040
f 1041 1042 1043
f 1044 1045 1046
f 1047 1048 1049
f 1050 1051 1052
f 1053 1054 1055
f 1056 1057 1058
f 1059 1060 1061
f 1062 1063 1064
f 1065 1066 1067
f 1068 1069 1070
f 1071 1072 1073
f 1074 1075 1076
f 1077 1078 1079
f 1080 1081 1082
f 1083 1084 1085
f 1086 1087 1088
f 1089 1090 1091
f 1092 1093 1094
f 1095 1096 1097
f 1098 1099 1100
f 1101 1102 1103
f 1104 1105 1106
f 1107 1108 1109
f 1110 1111 1112
f 1113 1114 1115
f 1116 1117 1118
f 1110 1112 1119
f 1120 1121 1122
f 1123 1124 1125
f 1126 1127 1128
f 1129 1130 1131
f 1132 1133 1134
f 1135 1136 1137
f 1138 1139 1140
f 1141 1142 1143
f 1144 1145 1146
f 1147 1148 1149
f 1150 1151 1152
f 1153 1154 1155
f 1156 1157 1158
f 1159 1160 1161
f 1162 1163 1164
f 1165 1166 1167
f 1168 1169 1170
f 1171 1172 1173
f 1174 1175 1176
f 1177 1178 1179
f 1180 1181 1182
f 1183 1184 1185
f 1186 1187 1188
f 1189 1190 1191
f 1192 1193 1194
f 1195 1196 1197
f 1198 1199 1200
f 1201 1202 1203
f 1204 1205 1206
f 1207 1208 1209
f 1210 1211 1212
f 1213 1214 1215
f 1216 1217 1218
f 1219 1220 1221
f 1222 1223 1224
f 1225 1226 1227
f 1228 1229 1230
f 1231 1232 1233
f 1234 1235 1236
f 1237 1238 1239
f 1240 1241 1242
f 1243 1244 1245
f 1246 1247 1248
f 1249 1250 1251
f 1252 1253 1254
f 1255 1256 1257
f 1258 1259 1255
f 1260 1261 1262
f 1263 1264 1265
f 1266 1267 1268
f 1269 1270 1271
f 1272 1273 1274
f 1275 1276 1277
f 1278 1279 1280
f 1281 1282 1283
f 1284 1285 1286
f 1287 1288 1289
f 1290 1291 1292
f 1293 1294 1295
f 1296 1297 1298
f 1299 1300 1301
f 1302 1303 1304
f 1305 1306 1307
f 1308 1309 1310
f 1311 1312 1313
f 1314 1315 1316
f 1317 1318 1319
f 1320 1321 1322
f 1323 1324 1325
f 1326 1327 1328
f 1329 1330 1331
f 1332 1333 1334
f 1335 1336 1337
f 1338 1339 1340
f 1341 1342 1343
f 1344 1345 1346
f 1347 1348 1349
f 1350 1351 1352
f 1353 1354 1355
f 1356 1357 1358
f 1359 1360 1361
f 1362 1363 1364
f 1365 1366 1367
f 1368 1369 1370
f 1371 1372 1373
f 1374 1375 1376
f 1377 1378 1379
f 1380 1381 1382
f 1383 1384 1385
f 1386 1387 1388
f 1389 1390 1391
f 1392 1393 1394
f 1395 1396 1397
f 1398 1399 1400
f 1401 1402 1403
f 1404 1405 1406
f 1407 1408 1409
f 1410 1411 1412
f 1413 1414 1415
f 1416 1417 1418
f 1419 1420 1421
f 1422 1423 1424
f 1425 1426 1427
f 1428 1429 1430
f 1431 1432 1433
f 1434 1435 1436
f 1437 1438 1439
f 1440 1441 1442
f 1443 1444 1445
f 1446 1447 1448
f 1449 1450 1451
f 1452 1453 1454
f 1451 1450 1455
f 1456 1457 1458
f 1459 1460 1461
f 1462 1463 1464
f 1465 1466 1467
f 1468 1469 1470
f 1471 1472 1473
f 1474 1475 1476
f 1477 1478 1479
f 1480 1481 1482
f 1483 1484 1485
f 1486 1487 1488
f 1489 1490 1491
f 1492 1493 1494
f 1495 1496 1497
f 1498 1499 1500
f 1501 1502 1503
f 1504 1505 1506
f 1507 1508 1509
f 1510 1511 1512
f 1513 1514 1515
f 1516 1517 1518
f 1519 1520 1521
f 1522 1523 1524
f 1525 1526 1527
f 1528 1529 1530
f 1531 1532 1533
f 1534 1535 1536
f 1537 1538 1539
f 1540 1541 1542
f 1543 1544 1545
f 1546 1547 1548
f 1549 1550 1551
f 1552 1553 1554
f 1555 1556 1557
f 1558 1559 1560
f 1561 1562 1563
f 1564 1565 1566
f 1567 1568 1569
f 1570 1571 1572
f 1573 1574 1575
f 1576 1577 1578
f 1579 1580 1581
f 1582 1583 1584
f 1585 1586 1587
f 1588 1589 1590
f 1591 1592 1576
f 1593 1594 1595
f 1596 1597 1598
f 1599 1600 1601
f 1602 1603 1604
f 1605 1606 1607
f 1608 1609 1610
f 1611 1612 1613
f 1614 1615 1616
f 1617 1618 1619
f 1620 1621 1622
f 1623 1624 1625
f 1626 1627 1628
f 1629 1630 1631
f 1632 1633 1634
f 1632 1634 1635
f 1636 1637 1638
f 1639 1640 1641
f 1642 1643 1644
f 1645 1646 1647
f 1648 1649 1650
f 1651 1652 1653
f 1654 1655 1656
f 1657 1658 1659
f 1660 1661 1662
f 1663 1664 1665
f 1666 1667 1668
f 1669 1670 1671
f 1672 1673 1674
f 1675 1676 1677
f 1678 1679 1680
f 1681 1682 1683
f 1684 1685 1686
f 1687 1688 1689
f 1690 1691 1692
f 1693 1694 1695
f 1696 1697 1698
f 1699 1700 1701
f 1702 1703 1704
f 1705 1706 1707
f 1708 1709 1710
f 1711 1712 1713
f 1714 1715 1716
f 1717 1718 1719
f 1720 1721 1722
f 1723 1724 1725
f 1726 1727 1728
f 1729 1730 1731
f 1732 1733 1734
f 1735 1736 1737
f 1738 1739 1740
f 1741 1742 1743
f 1744 1745 1746
f 1747 1748 1749
f 1750 1751 1752
f 1753 1754 1755
f 1756 1757 1758
f 1759 1760 1761
f 1762 1763 1764
f 1765 1766 1767
f 1768 1769 1770
f 1771 1772 1773
f 1774 1775 1776
f 1777 1778 1779
f 1780 1781 1782
f 1783 1784 1785
f 1786 1787 1788
f 1789 1790 1791
f 1792 1793 1794
f 1795 1796 1797
f 1798 1799 1800
f 1801 1802 1803
f 1804 1805 1806
f 1807 1808 1809
f 1810 1811 1812
f 1813 1814 1815
f 1816 1817 1818
f 1819 1820 1821
f 1822 1823 1824
f 1825 1826 1827
f 1828 1829 1830
f 1831 1832 1833
f 1834 1835 1836
f 1837 1838 1839
f 1840 1841 1842
f 1843 1844 1845
f 1846 1847 1848
f 1849 1850 1851
f 1852 1853 1854
f 1855 1856 1857
f 1858 1859 1860
f 1861 1862 1863
f 1864 1865 1866
f 1867 1868 1869
f 1870 1871 1872
f 1873 1874 1875
f 1876 1877 1878
f 1879 1880 1881
f 1882 1883 1884
f 1885 1886 1887
f 1888 1889 1890
f 1891 1892 1893
f 1894 1895 1896
f 1897 1898 1899
f 1900 1901 1902
f 1903 1904 1905
f 1906 1907 1908
f 1909 1910 1911
f 1912 1913 1914
f 1915 1916 1917
f 1918 1919 1920
f 1921 1922 1923
f 1924 1925 1926
f 1927 1928 1929
f 1930 1931 1932
f 1933 1934 1935
f 1936 1937 1938
f 1939 1940 1941
f 1942 1943 1944
f 1945 1946 1947
f 1948 1949 1950
f 1951 1952 1953
f 1954 1955 1956
f 1957 1958 1959
f 1960 1961 1962
f 1963 1964 1965
f 1966 1967 1968
f 1969 1970 1971
f 1972 1973 1974
f 1975 1976 1977
f 1978 1979 1980
f 1981 1982 1983
f 1984 1985 1986
f 1987 1988 1989
f 1990 1991 1992
f 1993 1994 1995
f 1996 1997 1998
f 1999 2000 2001
f 2002 2003 2004
f 2005 2006 2007
f 2008 2009 2010
f 1979 1978 2011
f 2012 2013 2014
f 2015 2016 2017
f 2018 2019 2020
f 1997 1996 2021
f 2022 2023 2024
f 2025 2026 2027
f 2028 2029 2030
f 2031 2032 2033
f 2034 2035 2036
f 2037 2038 2039
f 2040 2041 2042
f 2043 2044 2045
f 2046 2047 2048
f 2049 2050 2051
f 2052 2053 2054
f 2055 2056 2057
f 2058 2059 2060
f 2061 2062 2056
f 2063 2064 2065
f 2066 2044 2067
f 2068 2028 2069
f 2070 2071 2072
f 1994 2073 1995
f 2074 2075 2076
f 2051 2050 2077
f 2078 2079 2080
f 2081 1981 1983
f 2082 2083 2084
f 2038 2085 2086
f 2087 2088 1982
f 2089 2090 2091
f 2092 2093 2094
f 2095 2096 2097
f 2098 2099 2100
f 2101 2102 2103
f 2104 1961 1960
f 2105 2106 2107
f 2026 2108 2027
f 2019 2109 2110
f 2111 2112 2113
f 2114 2115 2116
f 2117 2118 2119
f 2097 2096 2057
f 2120 2121 2122
f 1991 2123 1992
f 2006 2124 1963
f 2125 2126 2127
f 2128 2129 2130
f 2131 2132 2133
f 2134 2135 1968
f 2100 2099 2136
f 2035 2137 2138
f 2139 2140 1964
f 2141 2142 2143
f 2071 2070 2144
f 2102 2145 2103
f 2146 2147 2148
f 2149 2150 2151
f 2152 2153 2154
f 2155 2156 2157
f 2010 2009 2158
f 2159 2160 2161
f 2038 2086 2039
f 2162 1970 2163
f 2164 2165 2166
f 2167 2168 2169
f 2094 2101 2170
f 2150 2171 2151
f 2172 2037 2039
f 2173 2174 2175
f 2176 2150 2177
f 2178 2179 2180
f 2181 2182 2183
f 2067 2043 2184
f 2185 2186 2187
f 2188 2189 2121
f 2190 2191 2192
f 2193 2194 2195
f 2196 2197 2198
f 2199 2173 2200
f 2201 2079 2078
f 2202 2203 2204
f 2205 2206 2207
f 2208 2209 2210
f 2044 2043 2067
f 2211 2212 2213
f 2165 2214 2166
f 2215 2049 2051
f 2211 2216 2217
f 2006 1963 2007
f 2218 2131 2133
f 2219 2082 1980
f 2187 2186 2220
f 1981 2221 1982
f 2054 2053 2222
f 2125 2127 2109
f 2107 2106 2223
f 1977 2224 2225
f 2226 2227 2228
f 2229 1973 1972
f 2230 2199 2200
f 2231 2232 2233
f 2234 2235 2236
f 2237 2217 2143
f 2238 2239 2240
f 2241 2242 2243
f 2244 2152 2154
f 2197 2196 2245
f 2246 1988 1987
f 2247 2248 2249
f 2013 2012 2250
f 2251 2252 2253
f 2254 2248 2247
f 2026 2255 2108
f 1964 2256 1965
f 2257 2258 2259
f 2260 2257 2259
f 2261 2206 2205
f 2243 2242 2262
f 2003 2263 2004
f 2264 2041 2040
f 2265 2266 2267
f 2268 2266 2265
f 2119 2118 2269
f 2270 2111 2113
f 2191 2271 2192
f 2064 2272 2065
f 2059 2273 2060
f 2274 2202 2204
f 2129 2275 2130
f 2276 2232 2231
f 2277 2193 2195
f 2278 2279 2280
f 2281 2278 2280
f 2282 2181 2183
f 2283 2284 2285
f 2286 2284 2283
f 2287 2114 2116
f 2047 2288 2048
f 2137 2034 2289
f 2044 2290 2045
f 2291 2219 1980
f 2019 2110 2020
f 2292 2101 2103
f 2174 2293 2294
f 2024 2023 2295
f 2294 2293 2296
f 2175 2174 2294
f 2173 2175 2297
f 2298 2200 2299
f 2300 2301 2302
f 2300 2303 2301
f 1967 2134 1968
f 2134 2304 2135
f 2135 2304 2305
f 2306 2307 2308
f 2307 1975 2308
f 1975 1977 2308
f 1976 2224 1977
f 2224 2309 2225
f 2310 2172 2311
f 2311 2172 2039
f 2085 2312 2086
f 2086 2312 1983
f 2312 2081 1983
f 2221 2087 1982
f 2087 2313 2088
f 2313 2314 2088
f 2314 2315 2088
f 2314 2316 2315
f 2317 2076 1989
f 1988 2318 1989
f 2318 2317 1989
f 2317 2074 2076
f 2319 2320 2321
f 2322 2319 2321
f 2323 2319 2322
f 2324 2323 2322
f 2325 2197 2245
f 2197 2325 2326
f 2198 2327 2328
f 2327 2329 2328
f 2330 2176 2177
f 2150 2176 2331
f 2171 2150 2331
f 2171 2332 2151
f 2151 2332 2333
f 2334 2335 2336
f 2335 2334 2337
f 2338 2142 2141
f 2142 2237 2143
f 2237 2339 2217
f 2340 2341 2342
f 2340 2343 2341
f 2343 2344 2341
f 2140 2345 1964
f 2346 2347 2348
f 2349 2350 2351
f 2352 2032 2353
f 2301 1968 2354
f 2355 2356 2219
f 2083 2082 2357
f 1978 2358 2359
f 2360 2361 2362
f 2363 2016 2364
f 2016 2363 2365
f 2366 2068 2069
f 2096 2055 2057
f 2055 2061 2056
f 2019 2018 2367
f 2368 2369 2370
f 2369 2120 2370
f 2341 2371 2342
f 2369 2372 2120
f 2372 2188 2120
f 2120 2188 2121
f 2189 2373 2121
f 2374 1984 1986
f 2120 2122 2370
f 2375 2056 2376
f 2056 2375 2057
f 2016 2097 2017
f 2251 2236 2377
f 2360 2251 2377
f 2082 1978 1980
f 2350 2032 2031
f 2347 2350 2031
f 2371 2341 2007
f 2211 2378 2216
f 2335 2141 2379
f 2336 2335 2379
f 2177 2150 2149
f 2293 2380 1986
f 2380 2374 1986
f 2236 2015 2381
f 2377 2236 2381
f 2382 2360 2377
f 2360 2382 2011
f 2219 2291 2383
f 2032 2383 2033
f 2347 2031 2384
f 2256 2347 2384
f 2385 2323 2386
f 2387 2323 2385
f 2319 2323 2387
f 2388 2319 2387
f 2389 2135 2390
f 2391 2156 2155
f 2035 2392 2036
f 2101 2162 2170
f 2066 2393 2220
f 2393 2066 2067
f 2043 2049 2184
f 2049 2215 2184
f 2394 2395 2077
f 2089 2396 2397
f 2089 2398 2396
f 2178 1996 1998
f 2034 2036 2155
f 2093 2102 2094
f 2102 2101 2094
f 2163 1970 1969
f 2399 2029 2400
f 2400 2029 2068
f 2401 2402 2403
f 2404 2160 2159
f 2405 2406 2407
f 2156 2405 2407
f 2157 2156 2407
f 2035 2034 2137
f 2093 2035 2138
f 2162 2101 2292
f 1971 1970 2408
f 1969 1971 2409
f 2410 1969 2409
f 2068 2029 2028
f 2186 2411 2412
f 2220 2186 2412
f 2050 2413 2414
f 2077 2050 2414
f 2227 2415 2228
f 2416 2417 2418
f 2419 2416 2418
f 2420 2239 2238
f 2421 1999 2001
f 2422 2423 2424
f 2423 2422 2425
f 2426 2071 2144
f 2025 2070 2072
f 2255 2026 2427
f 2428 2429 2430
f 2428 2430 2397
f 2398 2089 2091
f 2180 2431 2432
f 2178 2180 2432
f 1996 2433 2021
f 2434 2435 2436
f 2014 2435 2434
f 2437 2012 2438
f 2250 2012 2437
f 2439 2440 2441
f 2442 2439 2441
f 2209 2443 2210
f 2169 2168 2444
f 2445 2446 2447
f 2448 2445 2447
f 2148 2147 2449
f 2402 2450 2403
f 2451 2111 2452
f 2319 2388 2453
f 2293 1985 2296
f 2323 2454 2386
f 2231 2020 2194
f 2231 2193 2276
f 2193 2295 2455
f 2377 2456 2382
f 2022 2415 2227
f 2228 2152 2226
f 2401 2052 2457
f 2401 2053 2052
f 2109 2130 2275
f 2247 1973 2229
f 2109 2195 2110
f 1999 2247 2000
f 2238 2118 2117
f 2268 2424 2266
f 2266 2001 2264
f 2426 2165 2164
f 2418 2111 2270
f 2239 2418 2240
f 2064 2166 2272
f 2249 2117 1973
f 2362 2251 2360
f 2458 2069 2028
f 2204 2458 2274
f 2458 2459 2460
f 2461 2459 2456
f 2461 2462 2463
f 1991 2462 2123
f 1992 2059 1990
f 2058 2290 2059
f 2244 2417 2416
f 2209 2464 2442
f 2439 2465 2440
f 2423 2466 2421
f 2467 2468 2469
f 2205 2079 2261
f 2207 2076 2388
f 2342 2280 2279
f 2392 2470 2036
f 2392 2471 2472
f 2092 2473 2471
f 2186 2474 2411
f 2475 2430 2476
f 2476 2429 2477
f 2478 2090 2475
f 2242 2091 2478
f 2265 2302 2301
f 2479 2242 2478
f 2475 2479 2478
f 2475 2480 2481
f 2354 2135 2389
f 2287 2408 2114
f 2260 2434 2257
f 2016 2095 2097
f 2306 2308 2482
f 2308 2390 2482
f 2370 2483 2484
f 1995 2047 1993
f 2114 2048 2115
f 2485 2486 2487
f 2488 2116 2489
f 2488 2490 2491
f 2029 2492 2030
f 2490 2202 2491
f 2262 1983 2243
f 2374 2112 2373
f 2233 2376 2231
f 2024 2128 2415
f 2272 2390 2065
f 2429 2108 2255
f 2031 2116 2115
f 1977 2493 2192
f 1977 2271 2308
f 2494 2050 2049
f 2243 2495 2241
f 2376 2018 2020
f 2232 2414 2413
f 2496 2420 2248
f 2497 2498 2499
f 2244 2500 2501
f 2501 2226 2244
f 2181 2137 2289
f 2226 2152 2244
f 2502 2386 2454
f 2503 2447 2504
f 2505 2506 2468
f 2504 2446 2105
f 2504 2107 2507
f 2191 2065 2271
f 2198 2107 2223
f 2404 2508 2160
f 2368 2127 2126
f 2330 2328 2329
f 2391 2155 2036
f 2297 2200 2173
f 2100 1961 2098
f 2146 2509 2510
f 2511 2146 2512
f 2447 2147 2448
f 2254 2513 2248
f 2205 2388 2387
f 2226 2514 2227
f 2226 2515 2516
f 1990 2412 1991
f 2477 2255 2190
f 2443 2442 2441
f 2105 2169 2106
f 2483 2517 2484
f 2106 2004 2223
f 2198 2004 2196
f 2477 2480 2476
f 2485 2518 2519
f 2019 2125 2109
f 2019 2520 2125
f 2299 2200 2297
f 2274 2030 2202
f 2298 2521 2200
f 2203 1980 2204
f 2521 2230 2200
f 2208 2522 2523
f 2216 1960 1962
f 2433 2495 2524
f 2104 2406 1961
f 2191 2255 2427
f 2283 2099 2286
f 2421 2254 1999
f 2421 2525 2254
f 2526 2527 2167
f 2016 2365 2095
f 1989 2259 2258
f 2528 2529 2530
f 2015 2236 2016
f 2022 2531 2532
f 2236 2235 2016
f 2235 2364 2016
f 2206 2438 2260
f 2225 2480 2493
f 2196 2263 2245
f 2114 2292 2046
f 2367 2520 2019
f 2533 2342 2378
f 2378 2279 1960
f 1960 2278 2104
f 2069 2185 2366
f 2534 2535 2529
f 2051 2077 2395
f 2394 2023 2395
f 2023 2022 2395
f 2026 2072 2427
f 2206 2259 2207
f 1994 2145 2138
f 2325 2536 2502
f 2292 1970 2162
f 2057 2133 2132
f 2537 2423 2425
f 2144 2538 2539
f 2144 2540 2425
f 2025 2541 2070
f 2025 2542 2543
f 2544 2545 2546
f 1998 2547 2178
f 1997 2548 1998
f 1997 2549 2550
f 2551 2552 2553
f 2554 2555 2556
f 2555 2557 2556
f 2187 2558 2185
f 2187 2559 2560
f 2559 2561 2556
f 2559 2562 2561
f 2184 2563 2067
f 2215 2564 2184
f 2138 2102 2093
f 2056 2565 2376
f 2056 2062 2565
f 1966 1968 2303
f 1968 2301 2303
f 2183 1994 2282
f 2291 2203 2490
f 2465 2250 2437
f 2108 2566 2027
f 2108 2567 2568
f 2428 2569 2567
f 2570 2571 2572
f 2570 2573 2571
f 2397 2574 2428
f 2397 2575 2576
f 2396 2577 2575
f 2398 2578 2579
f 2580 2581 2571
f 2582 2581 2580
f 2264 2000 2041
f 2054 2160 2052
f 2014 2583 2435
f 2014 2584 2585
f 2250 2586 2013
f 2250 2587 2588
f 2455 2023 2394
f 2425 2426 2144
f 2589 2590 2591
f 2590 2592 2591
f 1969 2593 2163
f 1969 2594 2595
f 2410 2596 2594
f 2399 2597 2598
f 2599 2600 2601
f 2068 2602 2603
f 2366 2604 2068
f 2185 2605 2366
f 2021 2435 1997
f 2168 2210 2444
f 2220 2559 2187
f 2393 2562 2559
f 2220 2393 2559
f 2393 2067 2562
f 2280 2181 2281
f 2151 2606 2607
f 2045 2049 2043
f 2166 2214 2608
f 2167 2446 2445
f 2412 2066 2220
f 2336 2609 2333
f 2310 2225 2309
f 2610 2398 2180
f 2611 2606 2609
f 2332 2336 2333
f 2528 2612 2529
f 2379 2613 2336
f 2411 2461 2463
f 2284 2613 2285
f 2189 2374 2373
f 2154 2452 2417
f 2485 2436 2021
f 1996 2432 2433
f 2614 2606 2615
f 2188 2372 2369
f 2421 2424 2423
f 2188 2369 2368
f 2188 2368 2126
f 2439 2616 2617
f 2188 2126 2125
f 2188 2125 2520
f 2439 2618 2619
f 2188 2520 2367
f 2188 2367 2018
f 2201 2440 2079
f 2620 2565 2062
f 2620 2062 2061
f 2620 2061 2055
f 2620 2055 2096
f 2620 2096 2095
f 2620 2095 2365
f 2620 2365 2363
f 2170 2621 2094
f 2620 2363 2364
f 2162 2622 2170
f 2620 2364 2235
f 2162 2623 2624
f 2620 2235 2234
f 2163 2625 2623
f 2620 2234 2253
f 2620 2253 2252
f 2626 2362 2361
f 2626 2361 2627
f 2626 2627 2359
f 2091 2180 2398
f 2626 2359 2358
f 2626 2358 2084
f 2626 2084 2083
f 2626 2083 2357
f 2626 2357 2356
f 2599 2628 2600
f 2626 2356 2355
f 2626 2355 2629
f 2626 2629 2352
f 2626 2352 2353
f 2088 2630 1982
f 2631 2349 2351
f 2228 2632 2153
f 2631 2351 2346
f 2631 2346 2348
f 2631 2348 2345
f 2631 2345 2140
f 2631 2140 2139
f 2631 2139 2124
f 2012 2434 2438
f 2631 2124 2006
f 2631 2006 2005
f 2269 2293 2119
f 2631 2005 2344
f 2631 2344 2343
f 2631 2343 2340
f 2633 2533 2213
f 2633 2213 2212
f 2633 2212 2339
f 2633 2339 2237
f 2633 2237 2142
f 2633 2142 2338
f 2633 2338 2337
f 2305 2482 2135
f 2633 2337 2334
f 2482 2390 2135
f 2633 2334 2332
f 2633 2332 2171
f 2284 2054 2222
f 2633 2171 2331
f 2633 2331 2176
f 2633 2176 2330
f 2060 2131 2058
f 2633 2330 2329
f 2633 2329 2327
f 2633 2327 2634
f 2633 2634 2326
f 2633 2326 2325
f 2047 2292 2103
f 2635 2502 2454
f 2635 2454 2636
f 2635 2636 2324
f 2635 2324 2322
f 2635 2322 2321
f 2635 2321 2320
f 2490 2383 2291
f 2635 2320 2453
f 2635 2453 2075
f 2635 2075 2074
f 2635 2074 2317
f 2635 2317 2318
f 2611 2403 2450
f 2635 2318 1988
f 2635 1988 2246
f 2242 2241 2431
f 2637 2316 2314
f 2637 2314 2313
f 2637 2313 2087
f 2637 2087 2221
f 2637 2221 1981
f 2637 1981 2081
f 2637 2081 2312
f 2637 2312 2085
f 2637 2085 2038
f 2637 2038 2037
f 2637 2037 2172
f 2637 2172 2310
f 2032 2629 2383
f 2629 2219 2383
f 2638 2309 2224
f 2629 2355 2219
f 2638 2224 1976
f 2638 1976 1975
f 2356 2082 2219
f 2638 1975 2307
f 2356 2357 2082
f 2638 2307 2306
f 2638 2306 2482
f 2638 2482 2305
f 2084 2358 2082
f 2638 2305 2304
f 2358 1978 2082
f 2638 2304 2134
f 2638 2134 1967
f 2359 2627 1978
f 2638 1967 1966
f 2361 2360 2627
f 2638 1966 2303
f 2638 2303 2300
f 2353 2350 2349
f 2188 2521 2298
f 2253 2234 2251
f 2188 2298 2299
f 2188 2299 2297
f 2188 2297 2175
f 2188 2175 2294
f 2188 2294 2296
f 2188 2296 1985
f 2324 2636 2323
f 2188 1985 1984
f 2636 2454 2323
f 2188 1984 2189
f 2302 2521 2300
f 2149 2607 2639
f 2337 2141 2335
f 2277 2024 2295
f 2041 1972 2042
f 2141 2285 2379
f 2491 2409 2488
f 2266 2040 2267
f 2127 2484 2130
f 2011 2640 1979
f 2157 2034 2155
f 1973 2119 1974
f 2450 2146 2148
f 2615 2148 2614
f 2614 2639 2607
f 2009 2078 2158
f 2639 2177 2149
f 2414 2394 2077
f 2477 2192 2493
f 2003 2010 2263
f 2130 2517 2128
f 2488 1971 2287
f 2165 2265 2214
f 2641 2642 2643
f 2239 2420 2419
f 2611 2613 2644
f 2420 2645 2419
f 2646 2419 2645
f 2113 2118 2270
f 2647 2648 2649
f 2451 2650 2651
f 2483 2650 2632
f 2202 2492 2491
f 2033 2489 2116
f 2053 2403 2222
f 2504 2639 2503
f 2507 2328 2177
f 1964 2347 2256
f 2346 2350 2347
f 1964 2348 2347
f 2346 2351 2350
f 2217 2136 2143
f 2040 2199 2230
f 2352 2629 2032
f 2326 2634 2197
f 2634 2327 2197
f 2327 2198 2197
f 1987 2519 2315
f 2194 2110 2195
f 2173 1974 2174
f 2017 2060 2273
f 2256 1995 1965
f 2007 2182 2371
f 2495 2518 2524
f 2089 2430 2090
f 2015 2273 1992
f 2384 2115 2048
f 2276 2455 2414
f 2035 2092 2392
f 2536 2158 2386
f 2039 2479 2481
f 2121 2451 2651
f 2075 2453 2076
f 2453 2388 2076
f 2086 2262 2479
f 2381 1992 2123
f 2281 2157 2278
f 2385 2078 2080
f 2443 2009 2008
f 2341 2005 2007
f 2133 2232 2218
f 2124 1964 1963
f 2345 2348 1964
f 2124 2139 1964
f 2261 2437 2206
f 2523 2209 2208
f 2405 2159 2406
f 2168 2167 2208
f 2444 2003 2002
f 2167 2527 2208
f 2652 2167 2445
f 2448 2653 2445
f 2448 2654 2655
f 2384 2288 2256
f 2052 2656 2457
f 2339 2211 2217
f 2052 2657 2658
f 2211 2533 2378
f 2530 2659 2528
f 2248 2238 2249
f 2405 2391 2404
f 2405 2156 2391
f 2097 2132 2060
f 2041 2247 2229
f 2341 2344 2005
f 2448 2146 2510
f 2448 2147 2146
f 2409 2399 2410
f 2401 2660 2402
f 2339 2212 2211
f 2401 2661 2662
f 2213 2533 2211
f 2064 2072 2071
f 2663 2044 2066
f 2387 2080 2205
f 2195 2129 2277
f 2257 2486 2258
f 2099 2159 2161
f 1965 2073 1963
f 2311 2481 2480
f 2218 2494 2131
f 1978 2627 2011
f 2627 2360 2011
f 2251 2234 2236
f 2316 1987 2315
f 2320 2319 2453
f 2664 2665 2666
f 2667 2668 2669
f 2670 2671 2672
f 2673 2674 2675
f 2676 2677 2678
f 2679 2680 2681
f 2682 2683 2684
f 2685 2686 2687
f 2688 2689 2690
f 2691 2692 2693
f 2694 2695 2696
f 2697 2698 2699
f 2700 2701 2702
f 2703 2704 2705
f 2706 2707 2708
f 2709 2710 2711
f 2712 2713 2714
f 2715 2716 2717
f 2718 2719 2720
f 2721 2722 2723
f 2724 2725 2726
f 2727 2728 2729
f 2730 2731 2732
f 2733 2734 2735
f 2736 2737 2738
f 2739 2740 2741
f 2742 2743 2744
f 2745 2746 2747
f 2748 2749 2750
f 2751 2752 2753
f 2754 2755 2756
f 2757 2758 2759
f 2760 2761 2762
f 2763 2764 2765
f 2766 2767 2768
f 2769 2770 2771
f 2772 2773 2774
f 2775 2776 2777
f 2778 2779 2780
f 2781 2782 2783
f 2784 2785 2786
f 2787 2788 2789
f 2733 2682 2734
f 2790 2791 2792
f 2793 2794 2795
f 2796 2797 2798
f 2760 2799 2800
f 2801 2802 2803
f 2804 2805 2806
f 2807 2808 2809
f 2810 2811 2812
f 2813 2814 2815
f 2680 2816 2817
f 2818 2819 2820
f 2821 2822 2823
f 2824 2825 2826
f 2827 2828 2829
f 2830 2831 2832
f 2833 2834 2835
f 2836 2837 2838
f 2839 2840 2841
f 2842 2843 2844
f 2845 2846 2847
f 2848 2849 2850
f 2851 2852 2853
f 2854 2855 2856
f 2857 2858 2859
f 2860 2861 2862
f 2863 2864 2865
f 2866 2867 2868
f 2869 2870 2871
f 2872 2873 2874
f 2875 2876 2877
f 2878 2879 2880
f 2881 2882 2883
f 2884 2885 2886
f 2769 2887 2770
f 2888 2710 2709
f 2889 2890 2891
f 2892 2893 2894
f 2895 2896 2897
f 2898 2899 2900
f 2901 2902 2903
f 2904 2905 2906
f 2907 2908 2909
f 2910 2911 2912
f 2733 2913 2682
f 2914 2915 2916
f 2917 2918 2919
f 2920 2921 2891
f 2922 2923 2924
f 2925 2785 2926
f 2927 2928 2929
f 2930 2931 2932
f 2933 2934 2935
f 2936 2937 2938
f 2939 2940 2941
f 2942 2943 2944
f 2945 2946 2947
f 2948 2949 2950
f 2951 2952 2953
f 2954 2955 2956
f 2910 2957 2958
f 2959 2960 2961
f 2962 2963 2964
f 2965 2966 2967
f 2968 2969 2970
f 2971 2972 2973
f 2974 2975 2976
f 2977 2978 2979
f 2980 2981 2982
f 2983 2984 2985
f 2986 2987 2988
f 2989 2990 2991
f 2992 2993 2994
f 2737 2995 2738
f 2996 2997 2998
f 2999 3000 3001
f 3002 3003 3004
f 3005 3006 3007
f 3008 2785 3009
f 3010 3011 3012
f 3013 3014 3015
f 3016 3017 3018
f 3019 3020 3021
f 2873 2872 3022
f 3023 3024 3025
f 2716 3026 3027
f 2740 3028 2741
f 3029 2755 3030
f 3031 3032 3033
f 3034 3035 3036
f 3037 3038 3039
f 3040 3041 3042
f 3043 3044 3045
f 3046 3047 3048
f 3049 3050 3051
f 3052 3002 3004
f 2668 3053 2669
f 3054 3055 3056
f 2834 3057 3058
f 2684 3059 2769
f 3060 2863 3061
f 3062 3063 3064
f 3065 3066 3067
f 3068 3069 3070
f 3071 3072 3034
f 3073 3074 3075
f 3076 2806 3077
f 3078 3079 2859
f 3080 3081 3082
f 3083 3084 3085
f 2922 2924 3086
f 3087 3088 3089
f 3090 3091 3092
f 3093 3094 3095
f 3096 3097 2799
f 3031 3098 3099
f 3100 3101 3102
f 3103 3104 3105
f 3106 3107 3108
f 3109 3110 3111
f 3112 3113 3114
f 3115 3116 3117
f 3118 2666 3119
f 3120 3121 3122
f 3123 3124 3125
f 2863 3126 3127
f 2961 3128 3129
f 3130 2911 2820
f 3131 3132 3133
f 3134 3135 3136
f 3137 3138 3139
f 3140 3141 2693
f 3142 3143 3144
f 2931 3145 3146
f 3147 3148 3149
f 3150 3151 3066
f 3152 2987 3153
f 3154 3155 3156
f 2713 3157 2714
f 2719 3158 3159
f 3160 3161 3162
f 3163 3164 3165
f 3166 3167 3168
f 3169 3170 3171
f 3172 3173 3174
f 3175 2998 3176
f 3177 3178 3179
f 3180 3181 3182
f 2943 3183 2944
f 3184 2805 3185
f 3186 3187 3188
f 3189 3190 3191
f 3192 3193 3194
f 3195 3196 3197
f 3198 3199 3200
f 3201 3202 3203
f 3204 3205 3206
f 3207 3208 3209
f 3210 3211 3156
f 3212 3213 3214
f 3148 3215 3149
f 3216 3217 3218
f 3219 2715 3220
f 3221 3222 3223
f 3141 3224 2691
f 3225 3226 3227
f 2758 3228 3229
f 3230 3231 3232
f 3185 3233 3234
f 3235 3236 3237
f 2848 3238 2849
f 3188 3239 3125
f 2957 2910 3240
f 3241 3242 3243
f 3244 3245 3246
f 3247 3248 2966
f 3249 3250 3251
f 2760 2800 3252
f 3253 3254 3255
f 3256 3257 3258
f 3259 2886 2885
f 3260 3261 3262
f 3263 3264 3265
f 2716 3266 3267
f 3268 3269 3270
f 3271 3272 3273
f 2781 2783 3274
f 3275 3276 3277
f 3278 3279 3280
f 2964 3281 2886
f 2787 2789 3282
f 3228 3283 3229
f 3284 3285 3286
f 3287 2799 2760
f 3288 3289 3290
f 3291 3292 3293
f 3294 3295 2731
f 3296 3297 3298
f 3299 3300 3301
f 3302 3303 3304
f 2689 3140 2693
f 3305 3306 3307
f 3308 3309 3310
f 3311 3312 3313
f 3158 3314 3315
f 2746 3316 2747
f 3317 3318 3319
f 3320 3165 3321
f 3322 3323 3324
f 3245 3277 3325
f 3220 2715 2717
f 3248 3247 3326
f 3327 3328 3329
f 3330 3331 3332
f 2991 3333 3334
f 2837 2809 3335
f 3336 3337 3338
f 2692 3339 3340
f 3341 3342 3343
f 2865 2864 3344
f 3345 3346 3347
f 3348 3349 3350
f 3351 3352 3353
f 2819 3354 3355
f 3356 3357 3326
f 3358 3359 3360
f 3361 3362 3363
f 3364 3365 2950
f 3366 3367 3368
f 3187 3369 3370
f 3371 3372 3373
f 3266 2743 2742
f 3374 3375 3376
f 2890 2920 2891
f 3377 3378 3379
f 3380 3381 3197
f 2716 3027 3266
f 3027 3382 3266
f 3266 2742 3267
f 3382 2743 3266
f 3383 3384 3385
f 2930 2932 3386
f 3129 3387 3388
f 3389 2766 2768
f 3390 3178 3391
f 3392 3393 3394
f 3395 3000 3396
f 3397 3398 3399
f 3400 3401 3133
f 2716 3402 3026
f 3403 3404 3105
f 3405 3406 3407
f 3408 3409 3410
f 3411 3049 2815
f 2804 3076 3077
f 3412 3413 3414
f 3415 3416 3417
f 3418 3419 3420
f 3421 3422 3423
f 3424 3425 3426
f 2966 3427 3428
f 3429 3430 2838
f 3431 3432 3094
f 3433 2923 3434
f 3239 3435 3123
f 2717 2716 3267
f 3436 3219 3220
f 3437 2999 3438
f 3439 3440 3441
f 3429 3442 3443
f 3012 3400 3444
f 3445 3446 3447
f 3448 3449 3450
f 3451 3452 3453
f 3454 3455 3456
f 3457 3458 3459
f 2855 2809 2856
f 3460 3461 3462
f 3463 3464 3465
f 3466 2913 2733
f 2896 3467 2994
f 2879 3468 2880
f 3469 3470 3471
f 2730 2732 2950
f 3472 3473 3474
f 2930 3475 3476
f 3477 3478 2940
f 3479 3480 3481
f 3482 3483 3484
f 3485 3393 3486
f 3487 3488 3489
f 3239 3123 3125
f 3490 3491 3015
f 3110 3492 3111
f 2681 2817 3493
f 3494 3495 2946
f 3496 3497 3498
f 3499 3500 3501
f 3098 3031 3502
f 2879 2878 3503
f 3504 3505 3506
f 3507 3508 3509
f 3510 3511 3512
f 3123 3513 3124
f 2698 3514 3515
f 3516 3517 3518
f 3519 3520 2950
f 3521 3522 3523
f 3524 3525 3526
f 3003 3527 3528
f 3529 3131 3133
f 3460 3530 3531
f 3532 2951 2741
f 3533 3534 3535
f 3525 3536 3526
f 3537 3538 3539
f 3540 3541 3542
f 2921 3005 3007
f 3543 3544 3545
f 3546 3547 3548
f 2725 3549 3550
f 3551 3175 3176
f 3552 3320 3553
f 3554 3555 3556
f 3557 3558 3136
f 3559 3406 3560
f 3275 2848 3561
f 3562 2928 3563
f 3564 2834 3058
f 2848 2850 3565
f 3205 3566 3567
f 3072 3128 2966
f 3568 3569 3408
f 2758 3283 3570
f 3571 3572 3573
f 3574 3575 3576
f 3577 3578 3573
f 3286 3579 3580
f 3581 3582 3583
f 2951 2953 2741
f 3121 3584 3122
f 3585 3586 3587
f 3588 3452 3589
f 3590 3591 3592
f 3593 3594 3595
f 3596 3097 3597
f 2689 3598 2690
f 3599 2733 2735
f 3600 2694 2696
f 3094 3601 3602
f 3603 3604 3605
f 3606 3015 3607
f 3608 3609 3610
f 2694 2847 2695
f 3611 3612 3059
f 3613 3614 3615
f 3616 3617 3618
f 3541 3619 3620
f 3401 3621 3622
f 3623 3624 3625
f 3626 3627 3628
f 3468 3629 2880
f 3283 3603 3605
f 3630 3631 3632
f 3633 3634 3635
f 3636 3295 2966
f 3637 3616 3618
f 3000 3329 3638
f 3639 3640 3641
f 3642 3643 3644
f 3117 2827 3645
f 3061 3646 3417
f 3421 3647 3105
f 3648 3649 3650
f 3651 3652 3653
f 3654 3590 3655
f 2722 3656 2723
f 2981 3657 3658
f 3659 3660 3661
f 3662 3663 3106
f 3664 3665 3666
f 2946 3667 2947
f 3404 3668 3669
f 3670 3671 3456
f 2704 3672 3673
f 2677 2676 3674
f 3275 3675 3676
f 3484 3677 3678
f 3679 3680 3681
f 3682 3683 3684
f 3448 3685 3449
f 2795 3554 3556
f 3686 3687 3688
f 3689 3690 3691
f 2705 3632 3692
f 3295 3636 3693
f 3694 3695 3696
f 3697 3698 3699
f 3700 3389 2768
f 3701 3702 3703
f 3264 3704 3705
f 3386 3706 3475
f 3707 3708 3709
f 3710 2966 3711
f 3712 2810 3713
f 3714 3623 3715
f 3716 3717 3718
f 3719 3720 3721
f 3722 3154 3156
f 3723 3724 3725
f 2840 2839 3726
f 3727 3728 3034
f 3729 3730 3731
f 2758 3229 3283
f 3732 3733 3734
f 3735 3736 3737
f 2730 3738 2731
f 3739 3740 3741
f 3112 3114 3742
f 3743 3744 3745
f 3207 3209 3746
f 3439 3747 3748
f 2719 3159 3315
f 3749 3750 3751
f 3752 3753 3754
f 3461 3755 3756
f 3757 3758 3759
f 2786 3760 3761
f 3762 2966 3763
f 3764 3765 3766
f 3541 3767 3218
f 2928 3768 3769
f 3036 3035 3770
f 2766 3771 2767
f 3772 3773 3774
f 3775 3118 3776
f 3449 3499 3777
f 3778 3779 3780
f 3781 3782 3108
f 3783 3784 3785
f 3050 3786 3787
f 3788 3789 3790
f 3791 3792 3793
f 2682 2684 3794
f 3795 2820 2958
f 3796 3797 3798
f 3799 3800 3801
f 3802 3803 3804
f 3015 3805 3806
f 3370 3807 3808
f 3809 3810 3673
f 3811 3188 3125
f 3511 3510 3812
f 3813 3814 3815
f 2882 3816 2883
f 3817 2889 3818
f 3619 3541 3819
f 3820 3821 3822
f 3823 3015 3824
f 3825 3826 3827
f 3828 3782 3829
f 3021 3189 3191
f 2884 3830 3831
f 3047 3832 3833
f 3672 2704 3206
f 2923 3171 3834
f 3835 3836 3837
f 3838 3839 3840
f 3841 3842 3843
f 3844 2859 3845
f 3510 3846 3115
f 3847 3848 3105
f 3849 3850 3851
f 3852 3853 3854
f 3328 3855 3329
f 3478 3856 3460
f 3451 3453 3857
f 3858 3859 3860
f 3097 3096 3597
f 3675 3861 3862
f 2678 3103 2878
f 3656 3863 2723
f 3864 3865 3866
f 3867 3868 3869
f 3870 3871 3872
f 3730 3873 3731
f 3452 3547 3179
f 3687 3874 3875
f 3876 3877 3878
f 2981 3685 2982
f 2892 3879 3880
f 3685 2981 3449
f 3881 3682 3684
f 3882 3066 3883
f 3884 3885 3886
f 3887 3888 3889
f 3890 3891 3892
f 3218 3893 2953
f 3894 3895 3896
f 3894 3896 3897
f 3898 3899 3900
f 3901 3902 3903
f 3901 3903 3904
f 3905 3906 3568
f 3242 3907 3908
f 3884 3886 3909
f 3910 3911 3912
f 3508 3507 3913
f 3914 3915 3916
f 3917 3918 3919
f 3861 3920 3538
f 3861 3921 3920
f 3922 3795 2958
f 3923 3924 3925
f 3926 3924 3927
f 2706 3928 2707
f 3929 3930 3931
f 3765 3932 3766
f 3933 3934 3935
f 3934 3933 3936
f 3937 3938 3592
f 3939 3864 3866
f 3364 3939 3866
f 3538 3940 3941
f 3942 3943 3944
f 3945 3946 3947
f 3948 2901 2903
f 3867 3869 3949
f 3950 3951 3952
f 3439 3748 3440
f 3953 2703 2705
f 3954 3271 3273
f 3955 2896 3956
f 3957 3333 3958
f 3959 3244 3246
f 3960 3961 3962
f 3336 3847 3105
f 3185 3636 2966
f 2725 2724 3963
f 3768 3964 3965
f 3966 3967 3968
f 3573 3969 3970
f 3971 3015 3806
f 3502 3031 3033
f 3972 3973 3974
f 3139 3138 3975
f 3976 3977 3978
f 3979 3607 3980
f 3632 3810 3981
f 3982 3983 3105
f 3984 2680 2817
f 3985 3986 3987
f 3988 3989 3990
f 3558 3134 3136
f 3991 3992 3993
f 3961 3994 3995
f 3996 3054 3997
f 3998 3536 3999
f 3198 4000 4001
f 4002 4003 3606
f 3318 4004 3319
f 4005 4006 4007
f 3118 4008 3776
f 2873 4009 4010
f 4011 2881 2883
f 3172 4012 4013
f 2874 4014 3845
f 2735 3794 4015
f 3047 3833 3048
f 4016 4017 4018
f 4019 4020 4021
f 4022 4023 4024
f 4025 4026 4027
f 4026 3816 4027
f 3816 2882 4027
f 4028 3845 4014
f 4029 3152 4030
f 4031 4025 3832
f 4031 3832 3047
f 4032 4033 4034
f 4033 4035 4034
f 4020 4035 4033
f 4036 4037 4038
f 4039 4040 4041
f 4042 4043 4044
f 2827 4045 3645
f 3022 3308 4009
f 2863 3646 3061
f 3613 3563 2927
f 4046 3722 4047
f 4048 4049 4050
f 3647 4051 4052
f 3874 3687 3686
f 4053 4054 4055
f 4056 3508 2896
f 4057 3169 4058
f 2683 3611 2684
f 4059 3461 4060
f 3937 4061 3938
f 3626 3143 4062
f 4063 2670 2672
f 3354 2819 4064
f 4065 3485 3486
f 3386 4066 3706
f 4067 2966 4068
f 4069 4070 4071
f 2921 4072 4073
f 3011 3363 4074
f 4075 4076 4077
f 3225 4078 4079
f 4080 3031 3099
f 4081 3955 4007
f 3238 2848 3275
f 3178 3177 3391
f 4082 4083 4084
f 3020 3019 4085
f 4086 3675 3275
f 3049 4087 2815
f 4088 4089 4090
f 4091 3840 4092
f 4093 4094 4095
f 3853 4096 3854
f 4097 4098 4023
f 4099 4100 4101
f 4102 4103 4104
f 2839 4105 4106
f 4107 2902 2901
f 4108 4109 2741
f 4109 2739 2741
f 3028 4110 2741
f 2819 3130 2820
f 2911 2910 2958
f 2820 2911 2958
f 3540 3767 3541
f 3217 3541 3218
f 4111 2818 2820
f 3532 4112 2951
f 4113 4114 4007
f 4110 3532 2741
f 2952 3218 2953
f 2952 3216 3218
f 2704 3632 2705
f 2895 2897 4115
f 4116 3882 3883
f 4117 4053 4118
f 4119 4120 4121
f 4122 3470 4123
f 2839 4124 4105
f 2966 3470 2967
f 3538 3537 4125
f 3828 3108 3782
f 3370 3120 3239
f 4126 4127 4128
f 2851 2853 4129
f 3772 4130 4131
f 4132 4133 2872
f 4134 4135 4136
f 4137 4138 4139
f 4140 4141 4142
f 4143 4144 4145
f 4146 4147 4148
f 3543 3545 4149
f 3110 4150 4151
f 4152 3599 2846
f 4153 4154 4155
f 3269 3268 4156
f 3631 3486 4157
f 4158 3354 4159
f 3480 3372 3481
f 4160 4161 4162
f 4081 2896 3955
f 3406 3725 3560
f 3171 3170 4163
f 4164 4165 4166
f 2896 2895 3956
f 4167 4168 3781
f 3524 3242 3241
f 4169 4170 4171
f 4172 4066 3386
f 4173 4174 4142
f 3665 3043 2966
f 3126 2863 4175
f 4176 3679 3681
f 3303 3096 4177
f 3578 3577 4178
f 4179 4180 4181
f 3861 3538 3862
f 4182 4183 3718
f 3077 2806 4184
f 4185 4186 4178
f 2832 2831 4187
f 4188 3139 3975
f 3242 3908 2993
f 3453 3452 4189
f 4190 4191 4192
f 4193 3665 4194
f 4195 3397 3399
f 4196 4197 3003
f 4110 3028 4198
f 4199 4200 4201
f 4202 4203 4204
f 4205 4206 4207
f 3331 4208 4209
f 2839 4106 3726
f 4210 4211 4212
f 4213 3203 4214
f 4167 3107 3304
f 4215 3351 3353
f 3351 4215 4216
f 4217 4218 4219
f 4220 4221 4222
f 2858 2872 2859
f 2665 3252 2800
f 3803 4223 3707
f 4224 4225 4226
f 4227 4228 4229
f 4230 4231 4232
f 4233 3054 4044
f 2664 3252 2665
f 4234 4235 4236
f 2734 2682 3794
f 4137 4237 3815
f 4238 2746 4239
f 3107 4240 3304
f 3078 2859 3844
f 3252 3775 2761
f 4023 4241 4024
f 3141 2691 2693
f 3244 3275 3245
f 4053 4242 4243
f 4096 4244 3854
f 2896 4081 4114
f 3847 2755 2754
f 2959 4245 2960
f 3012 3011 3350
f 4246 4247 4248
f 3245 3275 3277
f 3132 3400 3133
f 3276 3275 3561
f 2969 2968 3941
f 4249 4086 3275
f 4249 3244 3959
f 4249 3275 3244
f 3508 3913 2897
f 2896 3508 2897
f 4250 2896 4114
f 2950 4251 4252
f 3281 3830 2886
f 2896 4250 3467
f 4253 4254 4255
f 3209 3208 4256
f 4249 3959 4257
f 3143 3626 3144
f 4249 4257 2864
f 2863 4249 2864
f 2863 2865 4175
f 4258 4259 4260
f 2680 2679 4186
f 4261 4262 4263
f 4262 4261 4264
f 3627 3626 3711
f 4265 2863 3127
f 2863 4265 3646
f 3646 4265 4266
f 3508 2863 3060
f 3509 3508 3060
f 4267 3099 4268
f 4267 4080 3099
f 4269 2685 2687
f 3242 3524 4270
f 4271 3242 4270
f 4272 4273 3828
f 3243 3242 2993
f 3536 3525 3999
f 4270 3524 3526
f 4274 4275 4276
f 4277 4278 4279
f 4280 4281 4282
f 2837 3429 2838
f 3538 4125 3940
f 4283 3399 4284
f 4285 4286 2915
f 2968 3538 3941
f 3538 2968 3862
f 3839 3795 4287
f 4253 4255 4288
f 4289 4290 3754
f 4289 4291 4290
f 3626 3628 3144
f 4292 4277 4293
f 4294 4295 3398
f 3398 4295 4284
f 3399 3398 4284
f 3509 3060 3416
f 2749 3752 3754
f 4290 2749 3754
f 4291 3695 4290
f 4291 4296 3695
f 4296 4293 3993
f 3397 4297 3398
f 4298 4299 4300
f 4299 3752 2748
f 3752 2749 2748
f 4301 2830 4302
f 3773 3772 4303
f 4130 3772 3774
f 4304 4305 4306
f 2835 2834 3564
f 2833 2835 4303
f 3772 2833 4303
f 4277 4279 4307
f 3991 4277 4307
f 3131 4308 4309
f 2872 3309 3022
f 3177 4310 2673
f 4063 4311 2670
f 4312 4313 4314
f 4315 4316 4317
f 4318 2950 4319
f 3041 3040 4320
f 4321 4322 4323
f 4324 4325 4326
f 4327 3989 4328
f 4329 3049 3411
f 3225 4079 3226
f 4330 4331 4101
f 3380 2711 3381
f 4332 4225 3262
f 4333 4334 4335
f 4336 4337 4338
f 2900 4066 4172
f 3328 4339 4340
f 3364 2950 4341
f 4342 3619 3819
f 4052 4343 4344
f 4345 4346 4347
f 4348 3256 3258
f 4349 3675 4350
f 4351 4352 4353
f 3479 4354 3480
f 4355 4356 4357
f 4358 2914 4359
f 3120 3370 4360
f 4353 3054 4361
f 3352 3351 4268
f 4334 4362 4335
f 3187 3370 3188
f 3054 3056 3030
f 3188 3370 3239
f 3500 3499 3658
f 3658 3499 3449
f 2981 3658 3449
f 2808 2854 2856
f 4363 4364 4365
f 3547 3546 4366
f 3588 4226 4367
f 3674 2676 4368
f 4369 2814 2813
f 4370 3969 3573
f 3715 3625 4371
f 3810 2704 3673
f 2926 2785 4372
f 4373 3368 3635
f 4374 4375 4376
f 4377 4049 4378
f 3435 4379 3123
f 4380 4381 4382
f 4379 3513 3123
f 3368 4383 3635
f 3186 3188 3811
f 4384 3811 3125
f 3840 4385 4092
f 4045 2979 4386
f 3746 3209 4387
f 4388 4389 4390
f 4391 4392 4393
f 4394 4395 2796
f 4396 4397 3105
f 2785 3008 4372
f 4398 3488 3105
f 2692 3340 2693
f 4343 3403 4344
f 3588 4224 4226
f 4399 4400 4401
f 3133 3223 4402
f 3209 4403 4387
f 4133 3309 2872
f 4404 3727 4405
f 3604 4406 3605
f 3908 3288 2994
f 4407 3020 3361
f 4408 4409 4410
f 3675 3862 3676
f 2850 2849 3676
f 2849 3238 3676
f 3238 3275 3676
f 3084 4411 3085
f 3862 2968 3676
f 3676 2968 2970
f 2850 3676 2970
f 2969 2850 2970
f 3565 2850 2969
f 3789 4412 3790
f 3094 4396 4413
f 4414 3189 3021
f 4415 2854 2808
f 4416 3989 4417
f 3316 4418 2747
f 4419 4420 4421
f 4422 4423 4424
f 4425 4426 4427
f 2831 4428 4187
f 3147 4429 3581
f 4430 4431 3412
f 2839 2841 3058
f 3057 2839 3058
f 2993 3908 2994
f 3288 4056 2896
f 3288 2896 2994
f 4273 4432 3828
f 4255 3571 4433
f 2855 2854 2973
f 3467 2993 2992
f 3467 2992 2994
f 4434 4435 4436
f 2695 2847 4015
f 4169 4171 3554
f 3103 4437 4438
f 4439 3828 4440
f 4173 4441 4442
f 3611 3059 2684
f 2735 2734 3794
f 4015 3794 3067
f 4072 2921 3007
f 3172 4013 3173
f 4443 4352 4444
f 4445 4446 4447
f 2665 2800 3097
f 3302 3596 3303
f 4448 4449 4450
f 4451 4452 4453
f 2914 4285 2915
f 4301 4176 3681
f 3020 4414 3021
f 4454 4455 4456
f 4457 4458 4459
f 2859 2874 3845
f 3667 2946 337
f 4460 4461 4462
f 4463 4267 4268
f 3351 4463 4268
f 3982 3306 4464
f 4465 3207 3746
f 4466 4467 4430
f 4468 4469 4470
f 3281 3556 4471
f 3547 4472 3548
f 3121 3120 4360
f 3370 3369 3807
f 4473 3228 2758
f 3989 4416 3990
f 4474 2867 4475
f 4476 4477 4478
f 4479 4480 4481
f 4482 4483 4484
f 4482 3383 4483
f 3384 3783 3385
f 4485 3105 4486
f 3784 4487 3785
f 3257 4488 4489
f 4489 4488 4134
f 4136 4135 4490
f 4164 4491 4492
f 4045 4493 3645
f 4111 4159 4064
f 4494 4495 4246
f 2760 2762 4496
f 4497 4498 4499
f 4098 4151 4500
f 4501 4502 4503
f 4504 4505 4506
f 4507 4508 3515
f 3110 3109 4509
f 4510 4511 4512
f 3294 2731 4513
f 4514 3112 4515
f 4516 3983 4517
f 3203 3202 4499
f 3629 4518 4519
f 3771 3135 3558
f 3470 3469 2967
f 3697 3699 4520
f 4045 3723 3725
f 4521 4137 4139
f 2977 4522 2978
f 2832 3117 4523
f 3175 2996 2998
f 3362 4524 4525
f 4526 4527 4528
f 2679 3571 4529
f 4530 4531 4532
f 3640 4533 3641
f 4534 3322 4535
f 4536 4411 3084
f 3012 3350 3401
f 3173 4537 3741
f 4538 4539 3587
f 4540 4541 4542
f 4543 4540 4542
f 2781 2740 4544
f 3143 4251 4062
f 4545 4040 4546
f 4547 4548 4549
f 4550 4551 4552
f 4553 3983 4516
f 4554 4555 3843
f 4176 4301 4302
f 4049 4377 4556
f 3011 3010 3363
f 2936 2792 2937
f 4557 4099 4101
f 4558 4559 4560
f 4164 4561 4562
f 3323 3322 4563
f 3344 2864 4564
f 4565 4566 4567
f 4137 3530 4217
f 4568 4569 4570
f 4571 4572 4573
f 4574 3317 4575
f 2878 3168 4368
f 2796 3331 4576
f 4577 4224 3589
f 2711 4578 3381
f 4408 4579 4580
f 4581 3680 4582
f 4239 2948 2950
f 4157 3392 3394
f 3863 2951 2723
f 3507 3509 3214
f 3121 4360 4583
f 4584 4585 4586
f 2711 2710 4578
f 4587 2746 4238
f 2819 2818 4064
f 3572 2817 3573
f 4588 4589 4590
f 2793 4591 2938
f 2831 2830 3681
f 4592 3163 4593
f 2725 3980 4527
f 3207 3360 3208
f 4594 3082 4595
f 4159 4596 4597
f 4598 4599 2950
f 2673 4600 4601
f 4602 3090 4603
f 4604 3177 3179
f 4605 3566 4407
f 4606 4046 3426
f 2747 4418 2948
f 4607 4608 4609
f 4232 4443 4444
f 2962 3802 2963
f 4610 4380 3846
f 4611 4612 4613
f 3837 3054 4517
f 2701 4361 2702
f 3325 3277 4614
f 3015 4615 4616
f 3409 4617 3205
f 4144 4618 4145
f 2950 3365 2929
f 4619 3405 4620
f 4621 4622 4623
f 4624 4625 4626
f 4627 4628 4629
f 3569 4315 3408
f 4147 4146 3970
f 4054 3952 4630
f 3431 4631 3432
f 4632 4633 4634
f 3634 4635 4373
f 4636 3341 3343
f 4637 3202 4638
f 4114 4081 4007
f 4257 3959 4564
f 4639 3247 2966
f 4548 4547 4640
f 2807 4641 4642
f 2732 4598 2950
f 4412 4286 4643
f 4644 4374 4645
f 3416 3212 3214
f 4646 4647 4648
f 2966 3762 4068
f 4649 4650 4651
f 4230 4232 4444
f 4652 4076 4361
f 3268 3328 4340
f 2809 2855 3335
f 3357 4653 4318
f 2875 2879 3503
f 3598 2946 2945
f 4654 4655 4656
f 4158 4159 4597
f 2972 3442 2855
f 3550 4002 3979
f 3370 3808 4360
f 4657 4458 4457
f 2889 3663 3818
f 4658 3680 4659
f 4109 2667 2669
f 4660 3634 4386
f 4083 3617 4661
f 3387 4662 3388
f 4663 3233 4664
f 4665 2772 4666
f 3554 4667 3555
f 2907 3562 3613
f 3293 4668 3742
f 4669 4670 2697
f 4671 3295 3693
f 3462 3755 4672
f 3151 2898 2900
f 3532 4110 4198
f 3028 3274 4198
f 3274 2783 4198
f 2783 4673 4198
f 4112 3532 4674
f 4674 3532 4198
f 4673 4674 4198
f 4112 4674 4675
f 2721 4112 4675
f 4674 4673 4675
f 2952 2951 3863
f 3216 2952 3863
f 3204 3409 3205
f 3581 4676 3582
f 3217 3216 3819
f 3541 3217 3819
f 2951 4112 2721
f 2951 2721 2723
f 3656 3216 3863
f 4342 3216 3656
f 3216 4342 3819
f 3542 3541 3620
f 4111 4596 4159
f 3259 2885 4677
f 2818 4111 4064
f 3357 3248 3326
f 4159 3354 4064
f 4383 2991 4678
f 2802 2801 3105
f 3956 2895 4679
f 3168 4680 4368
f 4334 4681 2814
f 4354 3559 3560
f 4682 3052 4683
f 3846 4380 4382
f 4684 2986 4685
f 3848 3847 2754
f 3228 4559 4558
f 2875 2877 3468
f 3053 4686 2669
f 4686 4687 2669
f 4687 4544 2669
f 2781 4687 2782
f 4687 2781 4544
f 2739 4109 2669
f 2740 2739 2669
f 3028 2740 3274
f 4544 2740 2669
f 2740 2781 3274
f 4109 4108 2667
f 3584 3121 2667
f 3121 2668 2667
f 4688 3121 4689
f 4689 3121 4690
f 3121 4583 4690
f 4691 4692 3599
f 3010 3361 3363
f 4693 4694 4695
f 4696 4697 4698
f 3035 3710 3770
f 4082 3821 3820
f 4699 4700 4701
f 4702 3290 3552
f 3795 4703 4704
f 3486 3393 3392
f 4705 4706 4707
f 4554 3843 3355
f 4555 3841 3843
f 2910 2912 3240
f 2912 3842 3240
f 3843 2819 3355
f 3289 3320 3552
f 3130 2819 3843
f 2911 3130 3843
f 2912 2911 3843
f 3842 2912 3843
f 4318 3356 2789
f 4519 2878 2880
f 3624 4708 3625
f 3135 4709 4710
f 3988 3990 4711
f 2876 2821 2823
f 3636 3234 4663
f 4564 4712 4713
f 4088 4714 4089
f 4255 4715 4288
f 3208 4716 4256
f 2807 4717 4641
f 3489 4398 4718
f 3362 4719 4720
f 2866 2868 3736
f 3293 3113 4449
f 3460 3462 4594
f 4351 4037 4352
f 2867 2866 4475
f 4721 4722 4723
f 4584 4077 4724
f 4725 3321 4726
f 3378 2830 3379
f 2837 3442 3429
f 4727 4376 4728
f 4729 4225 4730
f 4731 4732 3221
f 4036 2700 3105
f 4733 3593 4734
f 3677 4735 3678
f 3344 4564 4713
f 3246 3245 3325
f 3959 3246 4564
f 2864 4257 4564
f 4736 3973 4737
f 2865 3344 4738
f 4175 2865 4738
f 3277 3276 4614
f 4739 4740 4741
f 3958 4742 3737
f 2700 4036 4038
f 2979 2978 4386
f 3185 4743 4599
f 4012 4069 3068
f 4002 3550 4003
f 3190 4744 3191
f 4087 3341 2815
f 4745 4746 4747
f 4748 2817 4148
f 3415 3212 3416
f 4749 4410 4750
f 4751 4752 4753
f 4006 4113 4007
f 4559 3408 4560
f 3509 3416 3214
f 3913 3507 3214
f 3014 3490 3015
f 4754 4755 4756
f 3913 3214 4115
f 2897 3913 4115
f 4757 3051 3787
f 4679 2895 4115
f 3955 4679 4007
f 4610 3511 4397
f 3955 3956 4679
f 3060 3061 3416
f 3416 3061 3417
f 2903 2902 4758
f 3646 4266 3417
f 3631 4157 4759
f 2704 3712 3206
f 4352 4036 4760
f 4761 3701 3703
f 4567 4566 3742
f 4762 4321 4763
f 4324 4326 4764
f 4527 3980 4528
f 3617 4765 3618
f 4329 4766 3049
f 4767 3937 3054
f 3839 4287 3840
f 4768 4568 4570
f 2914 4769 4359
f 4770 3487 4771
f 4772 4722 4721
f 2830 3378 4302
f 4773 3720 3719
f 3722 4228 4774
f 3680 3679 4582
f 4148 4147 4370
f 3866 4775 3365
f 4776 2906 4777
f 3393 4778 3786
f 4779 4569 4568
f 3452 4780 3589
f 2759 4406 4781
f 4782 4783 4784
f 4663 4664 4598
f 3043 3665 4193
f 3190 4505 4785
f 4419 4786 4420
f 2725 4527 4557
f 2788 4239 2950
f 3723 4045 4386
f 4787 4788 4043
f 3148 3147 4789
f 3119 3006 4790
f 3338 4791 4767
f 4225 4224 3262
f 4575 3317 3319
f 3511 4610 3512
f 4658 4792 4793
f 3725 4794 4795
f 2802 3488 4796
f 3094 3714 3715
f 3994 4797 4798
f 3994 4798 3995
f 3961 3995 3962
f 4799 4800 4801
f 4180 4802 4803
f 4180 4803 4181
f 4179 4181 4804
f 4805 4179 4804
f 4806 4807 4808
f 4809 4810 4811
f 4763 4323 2950
f 4812 3630 3632
f 4813 3550 4814
f 4815 4816 4817
f 3971 4818 4645
f 4819 4312 4314
f 3634 4373 3635
f 4051 3647 3423
f 4621 4820 4622
f 3290 4702 4316
f 4821 4058 4822
f 3340 2851 4823
f 4094 4824 4095
f 3601 3094 3093
f 3581 4825 4826
f 3547 3588 4472
f 4205 3038 4565
f 4043 4233 4044
f 3356 4653 3357
f 4579 4408 4410
f 4075 4585 4361
f 4827 4828 4829
f 4830 3996 4831
f 4832 3049 4833
f 4834 4553 4516
f 3010 4605 4835
f 4053 4055 4836
f 4837 3514 4838
f 4465 4839 4429
f 4254 4840 4255
f 3642 3644 4841
f 3482 3484 3678
f 4189 3452 3678
f 4062 4842 2950
f 3669 4843 4844
f 4845 4101 4100
f 3714 3739 3741
f 4235 2920 2890
f 3687 4846 3688
f 2816 4847 4848
f 4849 4604 4850
f 4851 4852 4853
f 3411 3820 3822
f 4854 3316 2966
f 2995 4855 2738
f 4326 4856 4764
f 4735 4189 3678
f 4857 4858 4859
f 3577 4860 4178
f 4861 4862 4863
f 3045 3044 3519
f 4428 3042 3812
f 3054 4864 4517
f 4446 4865 4447
f 4152 4691 3599
f 4309 4776 4866
f 4013 4012 3173
f 3112 4514 3113
f 3178 3452 3179
f 3983 2821 3105
f 4867 3732 4868
f 4635 3634 4660
f 3431 3094 4413
f 4869 3174 3741
f 2810 3712 2811
f 4472 3588 4367
f 4225 4332 4870
f 4730 4225 4870
f 4641 4717 4335
f 4871 4872 4761
f 4873 4874 4875
f 3316 4876 4418
f 4224 3260 3262
f 4780 4577 3589
f 4780 3452 3178
f 4877 4878 4879
f 3404 3669 4880
f 4881 4882 3110
f 4883 4857 4859
f 3665 3664 3520
f 4441 4884 4885
f 4744 3190 4785
f 3671 4886 3456
f 4600 2673 4887
f 4887 2673 2675
f 4888 4549 4889
f 3223 4890 4402
f 4780 3178 3390
f 3177 2673 3391
f 2673 4310 2674
f 4051 3422 4891
f 2940 4594 4595
f 4892 4561 4164
f 3853 4362 4893
f 4415 4894 2854
f 4060 3461 4895
f 3283 4558 3603
f 3604 3603 4896
f 4749 4897 4898
f 3547 3452 3588
f 4224 3588 3589
f 4899 4900 3018
f 4901 3533 3535
f 4366 4849 4850
f 3547 4366 4850
f 2984 3713 2985
f 4598 3233 4599
f 2814 3820 2815
f 4154 4815 4817
f 3603 2810 2812
f 3179 3547 4850
f 4604 3179 4850
f 4225 4729 4226
f 3261 4332 3262
f 3549 4902 3550
f 4903 3672 3012
f 4904 4905 4906
f 4627 4218 4907
f 3422 4051 3423
f 4659 3291 4448
f 3627 4908 4909
f 3820 3411 2815
f 4658 4910 4792
f 4076 4075 4361
f 4911 3744 4912
f 4196 3003 3528
f 4913 4070 3348
f 3778 3780 4914
f 4915 4916 4917
f 3072 3387 4918
f 4919 4920 4921
f 4867 4919 4922
f 4923 4867 4922
f 4924 4925 4926
f 4927 4928 4929
f 4631 3431 4930
f 4245 4662 2950
f 4931 4932 4933
f 4522 3366 4635
f 3675 4934 4350
f 3952 4935 4936
f 4233 4937 3054
f 4938 4708 4381
f 4939 3732 4940
f 2903 4939 4940
f 4941 3349 3172
f 4942 3735 3737
f 2817 2816 4148
f 3049 4766 4833
f 3983 4943 4517
f 4944 4322 4945
f 4075 4077 4586
f 4946 4947 4948
f 4388 4390 4949
f 4950 3371 3373
f 4923 4951 4940
f 4952 4507 4953
f 3331 4954 4955
f 4956 4787 4485
f 4957 4923 4940
f 4958 3160 4959
f 3504 4960 3505
f 4061 2801 3938
f 4961 3648 3650
f 4962 4963 4964
f 4274 4965 4623
f 2908 4966 2909
f 3459 4967 3457
f 4968 4969 3587
f 2773 2772 4665
f 4970 4971 4494
f 4972 4973 4974
f 2703 3953 3394
f 3320 3321 4725
f 2758 3570 2759
f 4617 3409 4317
f 4495 4975 4976
f 4977 4978 4320
f 4979 4406 4896
f 2983 3410 2984
f 2906 4776 4309
f 4505 4980 4506
f 3570 4406 2759
f 3712 2984 3206
f 4508 4981 2698
f 4765 3617 4083
f 4792 4659 4450
f 4982 2703 3394
f 4054 4053 4983
f 4636 2813 2815
f 3158 2719 4984
f 3050 3049 4832
f 3314 2940 2720
f 3196 3195 4985
f 3742 4091 4986
f 4748 4987 3573
f 4285 4988 4783
f 3247 3356 3326
f 3051 3050 3787
f 3432 4631 4989
f 4990 2836 2838
f 2933 4991 4992
f 4493 4045 3725
f 4412 4643 4993
f 3404 3306 3105
f 4937 4043 4874
f 4391 3461 3460
f 2949 3045 3519
f 4941 3172 3621
f 4631 4994 4995
f 4779 3052 4682
f 4323 4322 4944
f 4186 4529 4996
f 3768 4322 3964
f 4385 4287 4704
f 4417 3989 4997
f 3487 4998 4771
f 2903 4940 4999
f 5000 5001 5002
f 2972 2971 4711
f 4970 4494 4246
f 3044 5003 3519
f 4132 2858 3079
f 3152 5004 5005
f 4354 5006 3480
f 2901 3948 5007
f 3067 2769 2771
f 5008 5009 5010
f 4077 4652 4724
f 4333 4717 4990
f 3716 4183 5011
f 5012 5013 5014
f 2983 3603 5015
f 3363 3362 4074
f 4874 4788 4875
f 4775 3866 5016
f 4565 3838 3840
f 4054 5017 5018
f 5019 3176 5020
f 3103 2677 4437
f 4404 5021 2950
f 3393 3485 3854
f 4851 5022 4852
f 3732 5023 4868
f 4772 4670 4722
f 4357 5024 5025
f 2984 3204 3206
f 4012 3068 3173
f 5026 3338 4767
f 3289 4065 4593
f 5027 5028 4152
f 3307 3306 5029
f 3973 4736 3974
f 3805 4753 5030
f 5031 5032 5033
f 3983 3982 4943
f 4662 3129 3388
f 4966 2908 4775
f 3553 3320 4725
f 3533 4682 4683
f 3571 2679 2681
f 5034 3360 5035
f 5036 4643 2974
f 3372 5037 3373
f 5038 5039 5040
f 5041 5042 3791
f 2731 3738 4513
f 3015 4003 3805
f 3097 2800 2799
f 5043 5044 4829
f 3306 3404 5029
f 5021 3710 5045
f 5046 2888 3270
f 3303 3597 3096
f 3680 3291 4659
f 5047 5048 5049
f 3044 4193 4194
f 4732 3222 3221
f 3198 5050 5051
f 3430 4681 2838
f 4242 3826 4243
f 4880 3669 4844
f 4385 4704 4765
f 5052 4584 4724
f 2977 2979 2829
f 4054 4630 4055
f 3617 3616 4661
f 5053 4642 5054
f 2966 4067 3427
f 4816 4815 3700
f 3306 3982 3105
f 5055 5056 5057
f 4322 5058 4945
f 4591 2793 2795
f 5059 5060 5061
f 2936 3709 5062
f 4185 2816 4848
f 5063 5064 5065
f 4070 4012 3349
f 4745 5066 5067
f 5068 3207 4465
f 4042 5069 4232
f 3636 4663 3693
f 4339 3269 4340
f 4507 4952 4508
f 5070 4772 4721
f 3096 2799 3287
f 5071 3336 5026
f 3727 3036 5072
f 4812 2905 3630
f 5073 4779 5074
f 2940 3478 4594
f 3342 4757 4893
f 5075 5076 5077
f 3247 2787 3282
f 3338 5078 4791
f 4904 5079 4905
f 5080 5081 5082
f 3367 4069 4383
f 5083 5084 5085
f 3291 4449 4448
f 4585 2700 2702
f 5086 3531 5087
f 5088 4516 4517
f 4208 2796 2798
f 4566 4565 3840
f 3368 3367 4383
f 3379 2830 2832
f 4670 4772 5067
f 3616 2759 3821
f 4752 5089 5030
f 4988 4358 2924
f 3655 3590 3592
f 3624 3366 4522
f 2792 2791 2937
f 5090 5091 5092
f 3366 5093 3367
f 2940 2939 2720
f 5078 5094 3937
f 5095 5096 3466
f 3586 4538 3587
f 4459 5097 4457
f 3479 3559 4354
f 4916 5098 3791
f 3406 3559 3407
f 3552 3553 4317
f 4185 3704 4186
f 5099 5100 5101
f 5102 5103 5104
f 3623 3625 3715
f 4756 2869 4421
f 5105 5106 4847
f 2816 2680 5107
f 5108 4587 4238
f 2821 4834 2822
f 3809 4812 3981
f 4894 4415 3760
f 5109 4507 3515
f 4231 4230 4043
f 4253 4288 3573
f 3495 3340 4823
f 5047 5049 5110
f 3264 4185 3265
f 3103 2875 3503
f 3520 2730 2950
f 5111 4617 4317
f 3041 4039 5112
f 4594 3080 3082
f 3606 4003 3015
f 3553 5111 4317
f 3404 4880 5029
f 2905 4065 3486
f 3953 2705 3692
f 4234 3005 2921
f 3035 3072 2966
f 3395 3327 3000
f 5113 5114 2948
f 3714 3094 3602
f 3654 3655 2803
f 5115 5047 5110
f 3055 3421 5116
f 4044 3054 4443
f 5117 5115 5110
f 5118 3002 3052
f 5119 5120 5121
f 5122 3403 4343
f 3285 5123 3286
f 3809 4777 5124
f 3322 5125 4563
f 3803 3802 4223
f 3563 2928 2927
f 5126 5127 5128
f 3569 3290 4316
f 3008 3038 4372
f 5129 3634 5130
f 4659 4448 4450
f 4157 3486 3392
f 4092 4385 4515
f 4197 3533 4683
f 3679 4581 4582
f 4640 4547 3162
f 5131 5132 5133
f 4676 3581 4826
f 5134 5135 5136
f 4411 3083 3085
f 4151 4881 3110
f 3628 3142 3144
f 5137 5138 5139
f 3479 5140 3407
f 2796 5141 2797
f 3327 5142 3328
f 4418 5113 2948
f 4107 2901 5007
f 4720 4400 3011
f 3723 5143 5144
f 4287 3795 4704
f 3964 4321 3965
f 5145 3038 3008
f 2923 5146 5147
f 4305 4619 4620
f 3716 5148 5149
f 4439 5150 3828
f 2676 2678 4368
f 4146 4860 3970
f 2979 4045 2829
f 5151 5152 5153
f 2902 4107 5154
f 2804 4245 2950
f 2760 4496 3287
f 3350 4941 3401
f 3054 3837 3307
f 3155 3210 3156
f 5063 5155 5064
f 5156 4732 4731
f 4643 4286 2974
f 5157 2869 2871
f 5070 4746 4772
f 2789 2788 2950
f 5158 4205 4565
f 3461 4391 4895
f 5159 3040 3990
f 5160 4572 5161
f 5162 5163 5164
f 3083 5156 3763
f 2930 3386 3475
f 3337 5078 3338
f 3364 3866 3365
f 4592 5165 3163
f 5166 5167 5168
f 4170 4169 5169
f 2983 2810 3603
f 4235 4975 5170
f 4334 2814 4369
f 4950 4282 4620
f 5112 4039 5171
f 3760 5172 3761
f 4346 3473 4347
f 3629 4519 2880
f 4920 4867 4868
f 3094 3432 3095
f 4551 5173 4552
f 3072 3035 3034
f 4396 3105 4413
f 5174 4633 5175
f 3487 4718 4998
f 3533 4197 4309
f 3738 2730 4513
f 5021 4404 3710
f 3972 3529 4402
f 4537 3714 3741
f 3625 4938 4381
f 4308 3131 5176
f 2769 3067 2684
f 4965 4621 4623
f 4599 2804 2950
f 3672 4776 3673
f 4653 3356 4318
f 3728 4662 3387
f 4381 5177 4382
f 5178 4827 5179
f 3328 3268 3855
f 4739 4831 4740
f 4585 4075 4586
f 5180 5181 5154
f 3969 4147 3970
f 3953 3692 4759
f 2791 2930 5182
f 4854 3043 3045
f 4082 2814 3443
f 3786 4778 4244
f 4534 5183 3322
f 5123 3579 3286
f 3488 3487 4770
f 3976 3978 5184
f 3937 3592 3054
f 4529 4255 4996
f 5185 5186 5187
f 4840 3578 4178
f 4037 5188 4038
f 4991 5189 3171
f 5190 4238 2788
f 4335 4362 3853
f 5191 5192 5193
f 5194 5156 3083
f 3292 3291 4581
f 4165 5195 4166
f 4316 4702 4317
f 3792 5196 5197
f 4779 5073 3052
f 3365 2907 3615
f 5198 5199 5200
f 5201 5202 5203
f 4514 5204 3113
f 4505 4504 4785
f 5205 5206 4846
f 2960 3128 2961
f 4717 2836 4990
f 4998 4718 5207
f 5208 5209 5210
f 3989 3988 2785
f 4002 3606 3607
f 3054 4844 4343
f 4318 2789 2950
f 3679 4176 5211
f 2802 4796 3591
f 3645 4493 4523
f 3437 3438 5212
f 5196 5213 5214
f 3616 3821 4661
f 5215 5216 5217
f 3758 4917 3793
f 5218 5219 5220
f 2930 3476 5182
f 4742 4942 3737
f 4558 4560 5015
f 3831 2885 2884
f 2886 3830 2884
f 3556 3555 4471
f 4667 3554 4171
f 3476 5221 5182
f 3006 5222 4790
f 3135 5223 3136
f 3592 3591 3054
f 4913 2991 4071
f 4476 5224 4477
f 5225 5226 5227
f 3155 3154 5228
f 5204 4765 4083
f 3133 3622 3223
f 5229 3020 4726
f 4191 5230 4192
f 3825 5231 5232
f 3950 5233 5234
f 4411 5194 3083
f 4087 4757 3342
f 5235 5236 5237
f 5211 4176 4302
f 3470 2966 3428
f 2735 2847 2846
f 4703 5238 3637
f 3491 5239 3015
f 3973 3972 3223
f 3221 3622 5240
f 3666 3665 5241
f 5196 5214 3651
f 2977 2828 5177
f 4043 4230 4485
f 3411 3822 4979
f 5242 5243 5244
f 4255 4178 4996
f 5245 3333 5246
f 5247 2940 4595
f 5248 5249 5250
f 3132 3131 5251
f 5252 5253 3506
f 2801 3655 3938
f 4418 4876 5114
f 4396 4610 4397
f 5254 4994 4438
f 3105 5255 4486
f 3003 4197 3004
f 3010 3672 3206
f 5256 5257 5258
f 5259 5260 5261
f 4777 3809 3673
f 5262 3393 3786
f 3680 2831 3681
f 3269 4156 5263
f 5264 5265 5266
f 2789 3247 3282
f 3740 4869 3741
f 3137 5001 3138
f 3510 3115 4187
f 5267 5268 5269
f 5270 5271 5272
f 4380 4610 4396
f 5273 5274 5275
f 2812 2811 4896
f 5276 3652 3651
f 4493 3377 4523
f 3472 3248 5277
f 5019 5278 3551
f 3116 3846 4382
f 3366 3624 5093
f 5218 4693 5279
f 4901 5280 3533
f 5281 3543 4149
f 2802 3654 2803
f 5282 4769 2914
f 5283 5284 5285
f 4731 3221 3762
f 5286 3562 2909
f 5204 4514 4765
f 5110 5007 5117
f 5183 5125 3322
f 4982 3394 5262
f 5287 5288 5289
f 5290 4485 4486
f 2677 3674 4437
f 3692 3631 4759
f 5291 4845 4166
f 3357 4318 5277
f 5292 5293 5294
f 4559 3568 3408
f 2990 3333 2991
f 5295 5296 4275
f 3160 4203 4959
f 5297 5298 4984
f 4197 3052 3004
f 4157 3394 4759
f 4566 4091 3742
f 4606 3722 4046
f 3633 3635 4678
f 5299 4956 4485
f 4522 4660 2978
f 4994 4930 3104
f 3578 4840 3573
f 5188 2700 4038
f 4834 5088 4864
f 4091 4092 4986
f 5196 3653 5197
f 4840 4254 5300
f 5301 3208 5302
f 5303 4474 4378
f 3333 5245 3633
f 3472 5058 2966
f 4346 4345 3473
f 5241 3295 3294
f 5304 5305 5306
f 4787 4043 4485
f 4428 3510 4187
f 2678 2878 4368
f 2946 3598 3494
f 4703 4473 5238
f 4085 4524 3361
f 5307 5308 5309
f 2966 3083 3763
f 3664 3666 3520
f 3185 2805 4743
f 3846 3510 3512
f 4183 3716 3718
f 4571 3530 4572
f 2925 2926 4328
f 2905 3631 3630
f 4617 5111 3205
f 3044 3043 4193
f 5310 5311 5312
f 2960 4245 3077
f 4831 3996 4740
f 3727 4404 2950
f 3770 3710 4405
f 4903 3131 4309
f 4077 4584 4586
f 3165 5313 3321
f 4397 5255 3105
f 5314 5315 3936
f 4994 3104 4438
f 4767 3054 3030
f 5150 4272 3828
f 3082 3081 4447
f 3348 4070 3349
f 3581 4429 4825
f 5316 5317 5318
f 5319 5320 5321
f 4321 4323 4763
f 4788 4787 4956
f 4966 3084 5322
f 4397 4545 4546
f 4666 5323 5324
f 5325 5326 4669
f 4746 4745 4772
f 4865 2719 4549
f 3316 2746 2966
f 3838 5327 5054
f 5328 5329 5330
f 3377 3379 4523
f 4062 4251 4842
f 3409 3204 3410
f 3351 5331 5303
f 5332 5333 5334
f 4560 3408 5015
f 3403 5122 3668
f 5335 4881 5336
f 3401 4941 3621
f 3480 5337 3372
f 5338 5339 5340
f 2759 3616 3637
f 4636 4334 2813
f 4166 4845 4100
f 5058 4322 2966
f 2786 3761 3009
f 3112 3742 4986
f 4238 4239 2788
f 4987 4148 4370
f 3442 2837 3335
f 5341 3778 4914
f 4254 4253 5300
f 4071 2991 4383
f 5342 5343 5344
f 3710 3626 5045
f 3988 2971 3760
f 4622 5295 4623
f 5345 5319 5346
f 5345 5347 5319
f 3836 5348 3837
f 5320 5349 5321
f 5347 5320 5319
f 5069 4042 4044
f 3114 3293 3742
f 4869 3762 3174
f 3933 5314 3936
f 5350 5351 5352
f 4783 2923 3834
f 3534 3533 4309
f 4008 5353 4223
f 3128 2960 2966
f 4231 4042 4232
f 4975 4495 3931
f 3038 3037 2926
f 3408 4315 3409
f 5354 5080 5082
f 4058 5355 4822
f 4670 5326 4722
f 4978 4039 4320
f 4194 3520 3519
f 5073 5118 3052
f 3510 4428 3812
f 3094 4371 5356
f 4054 4983 5017
f 4815 3389 3700
f 3068 4069 3367
f 3515 5357 5109
f 4281 5358 4282
f 3341 4087 3342
f 4376 3971 4645
f 4777 2906 5124
f 4166 4214 5359
f 5358 4305 4282
f 5360 5342 5344
f 5361 5362 5363
f 3534 5176 3535
f 4245 2804 3077
f 5364 5365 5366
f 3634 5245 5130
f 5367 3131 5368
f 3289 4593 3165
f 4015 2696 2695
f 3054 4519 4864
f 3377 4493 3725
f 5369 4400 4399
f 3408 2983 5015
f 4339 3328 5370
f 5371 5372 5024
f 2928 3562 2966
f 5373 3203 5374
f 3591 4771 3054
f 4396 3094 5356
f 5105 2816 5107
f 2681 3984 2817
f 2854 4894 2973
f 4185 3264 3705
f 2816 5105 4847
f 3265 4185 4848
f 3704 4185 3705
f 4178 4186 4996
f 4529 3571 4255
f 5375 4255 4433
f 4715 4255 5375
f 3571 2681 3493
f 3054 4652 4361
f 4987 4748 4148
f 4255 4840 4178
f 4860 4146 4178
f 3295 5241 2966
f 4146 4148 4178
f 4847 5106 4848
f 5106 3263 4848
f 3263 3265 4848
f 2680 4186 5107
f 4186 3704 5107
f 2679 4529 4186
f 2680 3984 2681
f 5106 5105 5107
f 3263 5106 5107
f 3704 3263 5107
f 3263 3704 3264
f 4147 3969 4370
f 3571 3493 3572
f 3493 2817 3572
f 2817 4748 3573
f 4715 5375 3573
f 5375 4433 3573
f 4433 3571 3573
f 5300 4253 3573
f 4288 4715 3573
f 5354 5376 5080
f 4840 5300 3573
f 4860 3573 3970
f 4323 4944 4945
f 4860 3577 3573
f 5323 5377 5324
f 4987 4370 3573
f 3724 5378 3725
f 3199 3198 5051
f 3303 4177 4167
f 5379 5380 5381
f 4627 4931 5382
f 2785 2784 3009
f 4605 3361 4835
f 4239 2747 2948
f 2876 2875 3105
f 5114 4854 2949
f 3634 5129 5143
f 4524 5383 4525
f 2888 2709 3270
f 2966 2965 3711
f 3714 3602 3739
f 3291 3680 4581
f 3094 3715 4371
f 5384 5112 5171
f 4545 5384 5171
f 4545 4397 5384
f 3622 3221 3223
f 3762 3221 5240
f 3174 3762 5240
f 5255 4397 4546
f 4731 3762 3763
f 3471 3470 4122
f 3470 3428 4123
f 3607 3015 4528
f 5385 4665 4666
f 4322 3768 2966
f 3043 4854 2966
f 4498 3203 4499
f 4015 5005 5004
f 2858 4132 2872
f 3079 2857 2859
f 3758 3653 3759
f 3152 4029 3145
f 4352 3054 4353
f 2701 4353 4361
f 5371 5024 5386
f 3172 3174 5240
f 4341 2950 4252
f 3769 2929 5387
f 3769 4763 2929
f 3054 4352 4443
f 4352 4760 4444
f 3336 5094 3337
f 4319 5388 5277
f 4519 3054 2878
f 3055 3054 5389
f 3054 4343 5389
f 4343 4052 5389
f 3054 4937 3997
f 4937 4740 3997
f 4937 4873 4740
f 4740 4873 4741
f 3054 3307 4844
f 2908 2907 3365
f 5026 4767 3030
f 5071 5026 3030
f 4966 4775 5016
f 3365 3615 2929
f 4763 2950 2929
f 4652 5207 4724
f 4652 3054 5207
f 3054 4771 5207
f 5179 4827 4829
f 2949 4854 5390
f 4323 4945 4347
f 4323 4347 2950
f 2950 4347 4319
f 4318 4319 5277
f 5391 5392 5327
f 5327 5392 5054
f 5392 5053 5054
f 5053 2807 4642
f 2949 3519 2950
f 2937 2793 2938
f 4239 2745 2747
f 4244 4778 3854
f 4671 3693 2732
f 4096 3853 4893
f 3693 4598 2732
f 4894 2971 2973
f 3666 2730 3520
f 4641 4335 3853
f 4778 3393 3854
f 4245 2959 2961
f 4662 3728 2950
f 4245 2961 4662
f 3728 3727 2950
f 5021 5045 2950
f 5390 4854 3045
f 2928 3769 5387
f 5388 3472 5277
f 3247 4639 2787
f 3717 3716 5393
f 4943 3982 3835
f 3647 4052 4344
f 3403 3647 4344
f 3421 3848 5116
f 3848 5394 5116
f 4398 4584 5052
f 3488 4770 4796
f 5094 2801 4061
f 3847 3336 5071
f 4036 4230 4760
f 5395 5396 5397
f 4760 4230 4444
f 2807 4415 2808
f 4717 2807 2809
f 4717 2809 2836
f 4717 4333 4335
f 2905 4812 5124
f 2905 3486 3631
f 3529 3133 4402
f 3131 4903 5251
f 4308 3534 4309
f 4197 4196 4309
f 4196 5398 4309
f 5398 2906 4309
f 4416 5159 3990
f 3040 5159 4320
f 4039 3041 4320
f 2925 3989 2785
f 2971 4894 3760
f 2786 3988 3760
f 2785 3988 2786
f 3080 4594 5399
f 4768 5400 4568
f 3693 4663 4598
f 5401 5402 5403
f 5404 5405 5406
f 2892 2894 3879
f 4740 3996 3997
f 5407 5408 5409
f 5410 5411 5412
f 5413 5414 5415
f 3166 3168 2878
f 5416 5417 5418
f 5419 5310 5312
f 5420 4680 3168
f 4908 3627 3711
f 3838 4565 5327
f 3038 4205 3039
f 4205 4207 3039
f 4593 3163 3165
f 5006 5421 5422
f 3544 5423 3545
f 5424 4641 3853
f 4934 5425 4641
f 4934 4641 5426
f 4934 5426 4350
f 5158 4565 4567
f 4091 4566 3840
f 3795 4473 4703
f 4473 2758 2757
f 4473 2757 5238
f 3228 4558 3283
f 3290 3289 3552
f 3289 3165 3320
f 4979 3822 4781
f 4867 4957 4940
f 5427 5428 5000
f 5429 5430 5431
f 5429 5432 5430
f 3131 5367 5176
f 5303 5331 5433
f 3377 5434 3378
f 3205 3010 3206
f 5246 3333 3957
f 5435 3377 3725
f 4619 3377 5435
f 5378 4794 3725
f 3333 3633 3334
f 5245 3634 3633
f 4913 5369 4399
f 2991 4913 4399
f 5436 2991 4399
f 2989 2991 5436
f 5434 3377 4304
f 3377 4619 4304
f 3723 3634 5143
f 3724 3723 5144
f 5437 3725 4795
f 3725 5437 5438
f 4083 4792 4450
f 5006 5422 5337
f 3480 5006 5337
f 5439 5440 5441
f 4354 3560 5438
f 3560 3725 5438
f 4334 4636 3343
f 3614 3613 2927
f 5303 5433 4474
f 5433 2867 4474
f 3736 2868 3737
f 3333 5442 3958
f 3958 5442 4742
f 4999 3948 2903
f 5443 5323 5444
f 5445 5446 5447
f 5098 5448 4868
f 4999 4940 5449
f 4304 4619 4305
f 5098 4868 5023
f 4306 4305 5358
f 5450 3679 5451
f 3259 4677 2761
f 2690 3598 2945
f 3679 5211 5452
f 5451 3679 5452
f 3292 3679 3293
f 3679 5450 3293
f 5450 5453 3293
f 3948 4999 5449
f 5067 4772 4745
f 3410 3204 2984
f 3113 3293 3114
f 3291 3293 4449
f 4151 5454 4500
f 4406 3570 3605
f 3020 5229 4414
f 4605 4407 3361
f 3205 5111 3553
f 3205 3553 4407
f 3713 2810 2985
f 3566 3205 4407
f 5455 4628 3952
f 4400 4719 4401
f 3020 4085 3361
f 4719 4400 4720
f 4719 3362 4525
f 5117 5007 5456
f 4280 4282 3373
f 4282 4950 3373
f 5140 4950 4620
f 4282 4305 4620
f 3405 5140 4620
f 4619 5435 3405
f 5457 4048 4050
f 4049 4556 4050
f 5154 4107 5110
f 4107 5007 5110
f 4082 4658 4793
f 4855 5458 2738
f 5028 4691 4152
f 5459 5042 5041
f 5023 3733 5041
f 3733 5023 3734
f 3651 3653 5196
f 5459 5460 5213
f 5049 5048 5461
f 4656 4655 5462
f 5463 3504 3506
f 5459 5041 5460
f 5464 5465 5466
f 5461 5467 5468
f 3792 5197 3793
f 5049 5461 5468
f 5049 5469 5445
f 5448 5098 4916
f 5253 4188 3975
f 3394 3953 4759
f 3568 3288 3569
f 3569 3288 3290
f 4315 3569 4316
f 4287 4385 3840
f 4535 3322 3324
f 3371 4950 3518
f 3350 3349 4941
f 5470 5471 5472
f 5337 5422 3372
f 3479 4950 5140
f 5422 5037 3372
f 3559 3479 3407
f 5045 4062 2950
f 5140 3405 3407
f 2855 3442 3335
f 4048 3351 4049
f 4049 3351 5303
f 4049 5303 4378
f 4474 4377 4378
f 5473 5474 5475
f 4622 4654 5295
f 5446 5476 5477
f 5448 4916 4915
f 5478 5462 5479
f 5448 4915 4920
f 5214 5447 5446
f 4820 5480 5479
f 4960 5481 3505
f 5453 4668 3293
f 5482 4928 4927
f 4510 5483 4511
f 4668 4567 3742
f 4385 4765 4515
f 4765 4514 4515
f 4092 4515 4986
f 4515 3112 4986
f 4704 4703 3637
f 5238 2759 3637
f 5238 2757 2759
f 3603 4558 5015
f 4765 4704 3618
f 4704 3637 3618
f 3570 3283 3605
f 4151 4150 5454
f 2983 3408 3410
f 3259 2962 2964
f 3409 4315 4317
f 4702 3552 4317
f 4407 3553 4725
f 3020 4407 4725
f 3020 4725 4726
f 5023 3732 3734
f 5023 5041 5098
f 5098 5041 3791
f 5042 3792 3791
f 3653 3652 3759
f 4867 4940 3732
f 4916 3791 3793
f 5448 4920 4868
f 4917 4916 3793
f 5407 5409 5484
f 4779 4568 5074
f 3164 3163 5485
f 3366 3368 4373
f 4930 3431 4413
f 3105 4930 4413
f 3104 4930 3105
f 4631 4930 4994
f 3469 2965 2967
f 5486 3708 5225
f 4345 5058 3474
f 5239 5487 3015
f 4173 3595 5488
f 3433 4992 2923
f 4754 5489 5490
f 3627 4909 3628
f 3628 4909 5491
f 3142 3628 5491
f 3626 3710 3711
f 3710 3035 2966
f 3184 3185 2966
f 2960 3184 2966
f 5241 3665 2966
f 3248 3472 2966
f 2746 4639 2966
f 3084 5286 2909
f 5286 3084 2966
f 3768 2928 2966
f 3044 4194 5003
f 5241 3294 4513
f 3636 3185 3234
f 3234 3233 4663
f 3184 2960 4184
f 2806 3184 4184
f 3128 3072 4918
f 3129 3128 4918
f 3387 3129 4918
f 3036 3770 4405
f 3036 4405 5072
f 3613 3562 3563
f 4321 4762 3965
f 5058 3472 3474
f 3473 4345 3474
f 4639 2746 4587
f 5108 4639 4587
f 5108 4238 5190
f 3316 4854 4876
f 4945 4345 4347
f 5113 4418 5114
f 4043 4788 4874
f 3647 3403 3105
f 4230 4036 4485
f 4036 3105 4485
f 2700 4585 3105
f 4584 4398 3105
f 4585 4584 3105
f 3488 2802 3105
f 5094 3336 3105
f 2801 5094 3105
f 3848 3421 3105
f 2875 3103 3105
f 2821 2876 3105
f 3104 3103 4438
f 3468 2877 4518
f 3468 4518 3629
f 2821 3983 4553
f 2821 4553 4834
f 4834 4516 5088
f 3982 4464 3836
f 4464 3305 3836
f 3836 3305 5348
f 3404 3403 3668
f 3668 5122 3669
f 4394 2796 4576
f 5122 4843 3669
f 3647 3421 3423
f 3848 2754 2756
f 2755 3029 2756
f 3655 2801 2803
f 3488 4398 3489
f 3487 3489 4718
f 5188 4037 4351
f 4437 3674 5492
f 5254 4437 5492
f 4437 5254 4438
f 4631 4995 4989
f 3717 4182 3718
f 4937 4233 4043
f 4873 4937 4874
f 5159 4977 4320
f 3038 2926 4372
f 3989 5493 4997
f 4327 5493 3989
f 4415 2807 3760
f 2807 5172 3760
f 2906 2905 5124
f 5494 2904 2906
f 5494 2906 3527
f 3533 5280 4682
f 3562 2907 2909
f 2909 4966 5322
f 4966 4536 3084
f 3052 4197 4683
f 5495 3972 3974
f 4156 4340 5263
f 4985 3195 5496
f 3196 3380 3197
f 4156 3268 4340
f 3269 5046 3270
f 4153 4155 5497
f 3329 3855 3638
f 3000 3638 3001
f 5498 2999 3437
f 2999 5498 3000
f 5212 3438 5499
f 5500 4985 5496
f 5500 3438 4985
f 3438 5500 5499
f 4155 4154 5501
f 4154 4817 5501
f 3558 3135 3134
f 2767 3771 3558
f 3135 4710 5223
f 4709 3189 4414
f 4709 4414 4710
f 4153 5497 4506
f 4980 4153 4506
f 4708 2977 5177
f 2977 4708 4522
f 4708 3624 4522
f 3856 3478 5502
f 5093 3068 3367
f 4012 4070 4069
f 3011 3348 3350
f 5503 5504 5505
f 2704 2703 3712
f 5103 5506 5104
f 4766 4329 2811
f 4082 3820 2814
f 3442 4658 3443
f 3442 3680 4658
f 3511 5112 5384
f 5507 5508 5509
f 5510 5507 5509
f 2831 2972 4428
f 3846 3116 3115
f 2828 3116 4382
f 5177 2828 4382
f 3400 3012 3401
f 5251 3012 3444
f 3632 2704 3810
f 4776 3672 4866
f 3672 4903 4866
f 5251 4903 3012
f 3341 4636 2815
f 3049 3051 4087
f 3304 3303 4167
f 3990 3040 4428
f 2972 3990 4428
f 3990 2972 4711
f 3430 3429 3443
f 2972 2855 2973
f 2814 4681 3443
f 4681 3430 3443
f 3040 3042 4428
f 3349 4012 3172
f 3173 3068 3070
f 3068 5093 3069
f 3069 5093 5511
f 5093 3623 5511
f 5093 3624 3623
f 3625 4708 4938
f 4708 5177 4381
f 4610 3846 3512
f 3115 2832 4187
f 2832 3115 3117
f 3116 2827 3117
f 3621 3172 5240
f 3116 2828 2827
f 2828 2977 2829
f 4522 4635 4660
f 4635 3366 4373
f 5512 4151 4097
f 4069 4071 4383
f 5513 2774 2773
f 4070 4913 4071
f 4677 2762 2761
f 5068 4429 3147
f 3821 4082 4084
f 4083 4082 4793
f 4910 4658 4659
f 4329 4979 4896
f 4329 3411 4979
f 3361 3010 4835
f 3010 3205 3567
f 4605 3010 3567
f 2811 4329 4896
f 2984 3712 3713
f 3348 4400 4913
f 4400 3348 3011
f 4720 3011 4074
f 4842 4251 2950
f 4788 4956 4875
f 4041 4545 5171
f 4041 4040 4545
f 4040 5514 4546
f 5514 5255 4546
f 5514 5515 5255
f 5255 5515 4486
f 5515 5290 4486
f 5290 5299 4485
f 4039 4041 5171
f 5159 4416 4417
f 3989 2925 4328
f 4727 5516 4376
f 2784 2786 3009
f 2971 3988 4711
f 3042 3041 5112
f 3812 3042 5112
f 3511 3812 5112
f 3069 3173 3070
f 3623 3069 5511
f 4381 4380 5517
f 3625 4381 5517
f 3069 3623 4537
f 3173 3069 4537
f 3622 3621 5240
f 3174 3173 3741
f 4537 3623 3714
f 3625 5517 4371
f 4371 5517 5356
f 5517 4380 5356
f 4380 4396 5356
f 4397 3511 5384
f 3401 3622 3133
f 3132 5251 3444
f 3400 3132 3444
f 4903 4309 4866
f 4776 4777 3673
f 3810 3809 3981
f 4812 3809 5124
f 5398 4196 3528
f 2906 5398 3528
f 3527 2906 3528
f 2809 2808 2856
f 3534 4308 5176
f 4890 3972 4402
f 3131 3529 3972
f 3972 4890 3223
f 3222 3973 3223
f 5156 4731 3763
f 4737 3973 3222
f 4737 3222 4732
f 5156 4737 4732
f 3084 3083 2966
f 3084 2909 5322
f 3394 3393 5262
f 3632 3631 3692
f 4812 3632 3981
f 3050 4832 4833
f 3050 5262 3786
f 5262 3050 4833
f 3787 3786 4244
f 4757 4096 4893
f 4096 3787 4244
f 4096 4757 3787
f 4087 3051 4757
f 3342 4362 3343
f 4334 4369 2813
f 4362 4334 3343
f 4333 4990 4681
f 4681 4990 2838
f 4333 4681 4334
f 4232 5069 4443
f 4042 4231 4043
f 5069 4044 4443
f 5518 5519 5520
f 2878 3103 3503
f 5393 3716 5149
f 3336 3338 5026
f 3337 5094 5078
f 3937 5094 4061
f 4791 3937 4767
f 4791 5078 3937
f 3938 3655 3592
f 3654 2802 3591
f 3590 3654 3591
f 4398 5052 5207
f 4718 4398 5207
f 4771 4998 5207
f 4077 4076 4652
f 4361 4585 2702
f 5188 4351 4353
f 5188 4353 2701
f 2700 5188 2701
f 4037 4036 4352
f 4844 4843 4343
f 4843 5122 4343
f 2756 3029 3056
f 5394 2756 3056
f 3848 2756 5394
f 3847 5071 3030
f 2755 3847 3030
f 3056 3029 3030
f 4051 4891 5389
f 4052 4051 5389
f 3422 3421 3055
f 4891 3055 5389
f 4891 3422 3055
f 3982 3836 3835
f 3306 3305 4464
f 3837 5348 3307
f 5348 3305 3307
f 5521 4117 5161
f 2822 4834 4864
f 4864 5088 4517
f 2875 3468 2879
f 2877 2876 4518
f 4519 2876 2823
f 4518 2876 4519
f 2907 3613 3615
f 2929 2928 5387
f 3615 2927 2929
f 3614 2927 3615
f 5045 3626 4062
f 4251 3143 4252
f 4876 4854 5114
f 5114 2949 2948
f 5108 5190 2788
f 2787 5108 2788
f 4639 5108 2787
f 4239 2746 2745
f 3248 3357 5277
f 3356 3247 2789
f 5058 4345 4945
f 3472 5388 4319
f 3473 3472 4319
f 4347 3473 4319
f 3965 4762 4763
f 3768 3965 3769
f 4322 4321 3964
f 3233 3185 4599
f 4664 3233 4598
f 4194 3665 3520
f 5003 4194 3519
f 2730 3666 4513
f 3666 5241 4513
f 3295 4671 2732
f 2731 3295 2732
f 2804 2806 3076
f 2805 3184 2806
f 2960 3077 4184
f 4662 2961 3129
f 3072 3071 3728
f 3072 3728 3387
f 3727 3034 3036
f 3710 4404 4405
f 4405 3727 5072
f 3557 2767 3558
f 4923 4957 4867
f 5522 5523 5524
f 4920 4919 4867
f 5446 5477 5525
f 5447 5213 5180
f 3000 3327 3329
f 4340 3269 5263
f 3328 5142 5370
f 4939 3733 3732
f 5110 5445 5154
f 5498 3437 5212
f 3000 5498 3396
f 2810 2983 2985
f 3603 2812 4896
f 3566 4605 3567
f 4524 3362 3361
f 4406 3604 4896
f 3362 4720 4074
f 3113 5204 4450
f 3107 3781 3108
f 5526 5527 5528
f 5204 4083 4450
f 4792 4083 4793
f 3679 3292 4581
f 4661 3821 4084
f 4083 4661 4084
f 4406 4979 4781
f 3821 2759 4781
f 3822 3821 4781
f 4400 5369 4913
f 2830 4301 3681
f 4151 4098 4097
f 3635 4383 4678
f 2978 4660 4386
f 3117 3645 4523
f 4045 2827 2829
f 3634 3723 4386
f 3334 3633 4678
f 2991 3334 4678
f 3379 2832 4523
f 5529 5530 5531
f 5532 5533 5534
f 5535 5536 5537
f 3579 5538 5537
f 5536 3579 5537
f 5539 5540 5541
f 5542 5543 5544
f 5539 5545 5540
f 4722 5546 4723
f 5546 5547 4723
f 5325 5548 5326
f 5548 5546 5326
f 5066 4745 4747
f 4203 3160 4204
f 5306 5305 4838
f 5483 5549 4511
f 4365 5550 4363
f 4657 3515 4458
f 3515 4657 5357
f 3514 4458 3515
f 2697 3514 2698
f 4669 2697 2699
f 4670 4669 5326
f 5551 5552 5553
f 4001 5050 3198
f 4821 5178 4058
f 5554 5555 4829
f 5555 5556 4829
f 5557 5558 5365
f 5364 5557 5365
f 5559 5560 5561
f 5559 5562 5560
f 5562 4649 4651
f 5019 3551 3176
f 4958 3161 3160
f 2998 4958 4959
f 2998 4959 3176
f 4549 5563 4889
f 4548 5563 4549
f 5564 4640 3162
f 3161 5564 3162
f 4670 5306 2697
f 4722 5326 5546
f 2697 5306 4838
f 3514 2697 4838
f 2699 5536 4669
f 5565 5566 5567
f 5536 2699 3579
f 4459 4458 3514
f 3579 2698 3580
f 2699 2698 3579
f 3284 3286 3580
f 5568 5569 5570
f 4981 5571 2698
f 2698 5571 3580
f 4508 2698 3515
f 5572 5573 3824
f 4409 4408 5574
f 3803 3707 3709
f 5359 3332 4892
f 5575 5576 5577
f 5576 5444 5577
f 2774 5578 5577
f 3252 2761 2760
f 3708 5226 5225
f 4684 5579 4269
f 5377 4684 4269
f 5323 4684 5377
f 3595 3594 5488
f 3826 3825 3950
f 4754 5580 5581
f 3414 4430 3412
f 4602 3091 3090
f 5582 5583 5584
f 3154 5585 5228
f 3414 5586 4430
f 5219 5218 5587
f 5588 5585 5589
f 2974 4286 4782
f 5590 5591 5592
f 4734 3593 3595
f 3331 4955 5593
f 2687 5377 4269
f 5385 4666 5594
f 4173 4442 3595
f 3339 2852 2851
f 4602 4603 5595
f 4862 5596 4863
f 4754 4756 5294
f 4358 3086 2924
f 5597 5222 5598
f 5589 4356 5599
f 5600 5205 4846
f 4521 5601 5602
f 3687 5600 4846
f 5603 5137 5139
f 5604 5605 5606
f 5096 2683 2682
f 4015 2847 2735
f 3599 2735 2846
f 5004 5607 2696
f 4015 5004 2696
f 3145 2988 2987
f 2931 2988 3145
f 2988 2931 2790
f 2791 2793 2937
f 2964 3804 2795
f 2964 3802 3804
f 3802 2964 2963
f 3802 2962 3776
f 2962 3775 3776
f 3775 2664 3118
f 4234 2921 2920
f 4235 4234 2920
f 3817 4235 2890
f 3663 4976 3818
f 4976 3663 5608
f 3663 4247 5608
f 3108 3828 3106
f 2858 2857 3079
f 3314 2719 3315
f 3330 5359 5609
f 3330 3332 5359
f 5610 5611 3255
f 5612 5613 5614
f 5615 5616 5617
f 4099 4557 4527
f 5565 5618 5566
f 5619 5620 5621
f 5622 5623 5624
f 5622 5624 5625
f 4498 4497 5626
f 5265 5264 5627
f 5628 5265 5627
f 5629 4861 4863
f 5630 5631 5632
f 3967 5633 3968
f 5131 5634 5132
f 4954 3331 4209
f 2796 4208 3331
f 5635 5636 5637
f 5638 3331 5639
f 4576 3331 5638
f 5640 5641 3447
f 5642 5640 3447
f 5643 5644 4818
f 5644 4906 4818
f 4906 4905 4818
f 5645 5646 5647
f 5648 5649 5650
f 3311 5651 3312
f 5652 5653 5654
f 5655 5656 5657
f 5658 5659 5660
f 5659 5658 5661
f 4871 3445 5039
f 4872 4871 5039
f 3445 3447 5040
f 5039 3445 5040
f 4813 4751 3550
f 4751 4813 3703
f 3702 4751 3703
f 5662 5663 5664
f 3796 3798 5665
f 5666 5667 5668
f 5669 4227 4229
f 5670 5671 5672
f 3856 5521 5161
f 5673 5674 5675
f 5676 5677 5678
f 5679 5680 5681
f 4355 5682 3963
f 5683 5684 5685
f 5686 5683 5685
f 4871 4761 3703
f 5687 5688 5689
f 3332 3331 5593
f 5690 5589 5599
f 3722 4606 4228
f 3722 3156 4047
f 5585 5691 5228
f 5585 5588 5691
f 5690 5588 5589
f 4355 5599 4356
f 4357 5386 5024
f 4355 4357 5025
f 3918 5692 3919
f 5025 4001 4000
f 5025 5024 4001
f 5195 5291 4166
f 3979 3980 2725
f 3979 2725 3550
f 3805 4003 4753
f 5030 3313 3805
f 5693 3805 3313
f 5693 3806 3805
f 3806 5693 5694
f 5694 5695 3806
f 5695 4818 3806
f 3806 4818 3971
f 4374 4376 4645
f 4727 4728 5696
f 4375 4728 4376
f 3340 3494 2693
f 3494 2689 2693
f 3823 5697 3015
f 3015 5697 5698
f 4615 3015 5698
f 3013 3015 4616
f 5487 5699 3015
f 5699 3454 3015
f 3015 3454 4528
f 3454 3456 4528
f 3456 4526 4528
f 3455 5700 3456
f 5700 5701 3456
f 5701 3670 3456
f 4886 3585 3456
f 3456 3585 3587
f 4539 4968 3587
f 4969 5702 3587
f 5702 4214 3587
f 5702 5703 4214
f 5703 4213 4214
f 5704 5705 3971
f 5705 5706 3971
f 3015 5572 3824
f 5572 5707 5573
f 5707 5572 5706
f 5572 3971 5706
f 4214 4498 5359
f 4164 4166 5359
f 5336 4881 4151
f 3202 3201 4638
f 4214 3203 4498
f 5219 5708 5709
f 5710 5711 5712
f 3596 3597 3303
f 3340 3339 2851
f 4992 4991 2923
f 4003 3550 4751
f 4003 4751 4753
f 5516 5713 4376
f 4376 5704 3971
f 4376 5713 5704
f 5714 5096 5095
f 5182 5169 4169
f 5715 5095 5716
f 5717 5715 5716
f 4097 4023 4022
f 3611 2683 5096
f 5374 3203 4213
f 4970 4467 5718
f 3719 3721 5719
f 5582 5720 5721
f 5583 5582 5721
f 5722 5025 4000
f 4355 3963 5599
f 3963 5723 5599
f 5723 5724 5599
f 5725 3749 3751
f 3203 5373 3201
f 4882 4881 5335
f 4214 4166 3587
f 4166 3456 3587
f 3456 4166 4100
f 4526 3456 4100
f 4099 4526 4100
f 4099 4527 4526
f 3980 3607 4528
f 3979 4002 3607
f 3971 5572 3015
f 4609 4608 5726
f 5727 3090 3092
f 3494 3598 2689
f 5586 4466 4430
f 4430 4248 4431
f 4495 4976 5608
f 4976 4975 3818
f 2845 2847 2694
f 5728 5729 3600
f 2988 2790 2792
f 5443 5728 2987
f 2988 2792 2986
f 2936 2938 3709
f 2936 5062 4685
f 2792 2936 4685
f 2792 4685 2986
f 4008 3118 5730
f 3118 3119 5730
f 5730 3119 4790
f 5731 4008 5730
f 5353 4008 5731
f 4235 5170 4236
f 5170 4975 3931
f 2913 5096 2682
f 3466 5096 2913
f 4692 3466 2733
f 5027 2845 5732
f 4391 5036 2976
f 2923 4991 3171
f 5733 4001 5024
f 5734 5735 5736
f 2940 5247 2941
f 5737 5738 5739
f 5723 3963 2724
f 5024 5372 5733
f 3530 4218 4217
f 3789 5294 5740
f 3494 3340 3495
f 2725 4557 2726
f 3549 2725 3963
f 5741 5742 5743
f 4557 5744 2726
f 4331 4557 4101
f 4331 5744 4557
f 5745 5746 5747
f 5748 3963 5682
f 4845 4330 4101
f 5749 5750 5751
f 5752 5291 5195
f 5753 5754 5751
f 5755 5756 5757
f 4165 5752 5195
f 4753 4752 5030
f 5359 4498 5758
f 4164 5359 4892
f 4165 4164 4492
f 5030 3311 3313
f 5089 3311 5030
f 5198 5759 5199
f 5760 5761 5762
f 4498 5763 5758
f 5764 5765 5766
f 5767 5768 5769
f 5763 4498 5770
f 5695 5643 4818
f 5771 5772 5773
f 4645 5774 5775
f 4818 5774 4645
f 3202 4637 5776
f 5777 4151 5512
f 5777 5336 4151
f 5778 4644 4645
f 5779 5780 5781
f 3226 5782 3227
f 4728 5783 5696
f 5784 5785 4728
f 5785 5783 4728
f 3067 3794 2684
f 5657 5656 5786
f 3065 3067 2771
f 3662 4432 5787
f 5298 5297 5788
f 2791 2794 2793
f 4471 5789 5790
f 5265 5628 5638
f 5628 5791 5638
f 5265 5638 5639
f 5792 5625 5624
f 5610 3255 3254
f 5793 5794 4774
f 5795 5796 5797
f 4228 5793 4774
f 5667 5798 5668
f 5799 5800 5801
f 5798 5802 5668
f 3425 4606 3426
f 4228 4606 4229
f 5803 5804 5805
f 4813 4814 3703
f 5806 5807 5808
f 5809 5810 4761
f 5811 5812 5813
f 4872 5809 4761
f 5814 5815 5816
f 3446 5642 3447
f 4089 5817 4090
f 5818 5819 5820
f 4863 5821 5629
f 5822 5823 5824
f 4991 2933 2935
f 2933 4646 5825
f 2933 4647 4646
f 4391 4393 4895
f 5826 5036 4391
f 3826 3950 5234
f 5827 5828 5829
f 3950 3825 3951
f 5830 4749 5831
f 5832 4749 5830
f 4897 4749 5832
f 3827 5231 3825
f 4898 4897 5833
f 2870 2869 4755
f 3952 4628 4627
f 3951 5455 3952
f 4755 2869 4756
f 4755 4754 5834
f 5835 5834 4754
f 4627 5835 4754
f 5835 4627 4629
f 5836 5837 5838
f 2869 5157 4602
f 5157 3091 4602
f 5839 5840 5218
f 5218 5840 4693
f 5840 5832 4693
f 5832 5830 4693
f 4242 5502 3478
f 3207 5841 3360
f 3207 4579 5841
f 3478 3477 4242
f 5826 4391 3531
f 4391 3460 3531
f 3856 3530 3460
f 5842 3477 5843
f 5842 5844 3477
f 3477 5844 5845
f 4242 3477 5845
f 4465 2933 4839
f 4465 4429 5068
f 5068 4579 3207
f 3358 3360 5841
f 3360 3359 5035
f 3477 3360 5034
f 3477 5034 5846
f 5843 3477 5846
f 5279 5847 5848
f 5220 5219 5709
f 5849 5270 5272
f 5850 5851 5852
f 5853 5854 5266
f 5853 5855 5854
f 5856 5857 5858
f 3950 3952 5018
f 3952 4054 5018
f 4749 4750 5831
f 4630 3952 4936
f 4693 4695 5859
f 4693 5830 5860
f 4693 5860 5861
f 5862 5863 5864
f 4694 4693 5865
f 5866 5867 5868
f 5869 5870 5871
f 5872 5873 5874
f 4218 4627 4219
f 4572 4627 4907
f 3952 4627 4572
f 3952 4572 4935
f 5875 3814 3813
f 3814 5875 5087
f 5876 4521 5877
f 4754 5490 5878
f 5879 5880 5881
f 4627 4754 4931
f 5489 4754 5581
f 4988 2914 4358
f 4988 4285 2914
f 2915 4412 2916
f 4412 3789 2916
f 4419 4609 4786
f 4419 2869 5882
f 2869 4419 4421
f 5883 5884 5885
f 5580 4754 5294
f 5293 5886 5740
f 5294 5293 5740
f 4756 5292 5294
f 5218 5279 5587
f 5279 4693 5859
f 4602 5595 5887
f 4602 4676 4826
f 2869 4602 4826
f 5882 2869 4826
f 5218 5220 3215
f 5888 5889 5890
f 5891 5892 5893
f 5894 5895 5896
f 5895 5897 5896
f 5898 5899 5900
f 4016 4018 4420
f 4017 5901 5902
f 4017 5726 5901
f 5726 4017 5903
f 4609 5726 5903
f 3433 5904 4429
f 4839 3433 4429
f 4992 3433 4839
f 5068 3147 5709
f 4429 5904 4825
f 5708 5068 5709
f 4579 5068 5708
f 4579 5708 5905
f 2933 4992 4839
f 4286 4783 4782
f 4286 4285 4783
f 5826 3788 4643
f 5086 5826 3531
f 5086 3788 5826
f 3814 3531 4137
f 3531 3814 5087
f 3531 3530 4137
f 3530 4571 4218
f 3530 3856 4572
f 4572 3856 5161
f 3856 4117 5521
f 3856 5502 4053
f 4117 3856 4053
f 5502 4242 4053
f 4580 4579 5905
f 5841 4579 4410
f 4607 4609 4419
f 4063 5906 4311
f 4608 5907 5726
f 4769 5282 2916
f 3789 4769 2916
f 4769 3789 5740
f 4286 4412 2915
f 4643 5908 4993
f 4643 3788 5908
f 3434 2923 5147
f 2923 2922 5146
f 4783 4988 2924
f 2924 2923 4783
f 3826 4242 5845
f 4898 3358 5841
f 4749 4898 5841
f 2974 4782 2975
f 3825 5232 5909
f 3478 3460 4594
f 4465 4445 3081
f 3755 4465 3080
f 4465 3081 3080
f 4445 4465 3746
f 3360 5298 3208
f 3360 3158 5298
f 3360 3477 3158
f 3314 3477 2940
f 3158 3477 3314
f 5036 2974 2976
f 4647 2933 3755
f 2933 4465 3755
f 5189 3169 3171
f 3169 4057 3170
f 5562 4650 4651
f 5562 4649 4650
f 5910 3461 4059
f 3755 3461 5910
f 4672 3080 5399
f 3462 4672 5399
f 3755 3462 3756
f 3081 4445 4447
f 2719 4865 4446
f 2719 2718 4549
f 5298 3158 4984
f 2719 3314 2720
f 4716 3208 5301
f 5044 4827 4829
f 4827 5911 4828
f 5912 5187 5561
f 5187 5913 5561
f 5914 5912 5561
f 4392 4391 5915
f 4391 2976 5915
f 4594 3462 5399
f 3462 3461 3756
f 4403 3209 4256
f 5916 3746 5917
f 3746 4387 5917
f 4445 3746 4446
f 3746 5916 4446
f 3755 3080 4672
f 4647 3755 4648
f 3755 5910 4648
f 2934 2933 5825
f 5189 4991 2935
f 3826 5234 4243
f 5918 5919 5920
f 5856 5921 5922
f 5923 5924 5925
f 4053 4836 4118
f 4138 4137 4217
f 3814 4137 3815
f 5926 5927 5928
f 5908 3788 3790
f 4358 5929 3086
f 5929 5930 3086
f 5931 5012 5014
f 5932 5933 5934
f 5935 5936 5937
f 5938 5746 5939
f 3147 3581 3583
f 4789 3147 3583
f 5940 3147 3149
f 3147 5940 5709
f 5708 5219 5941
f 5942 5943 5944
f 5279 5708 5941
f 5708 5945 5905
f 5942 5944 5946
f 4408 4580 5905
f 4410 4409 5947
f 4409 5948 5947
f 4750 4410 5947
f 4410 4749 5841
f 5830 5949 5860
f 5950 5951 5952
f 5268 5953 5269
f 5954 5955 5266
f 5956 5628 5957
f 5956 5957 5958
f 5279 5941 5587
f 5279 5859 5847
f 3149 3215 5220
f 5959 5960 5961
f 5962 5963 5964
f 5965 5966 5967
f 3148 4789 5968
f 5969 5662 5970
f 5167 5662 5168
f 2916 5282 2914
f 5971 5972 5973
f 5880 5974 5881
f 5971 5973 5975
f 5350 5976 5351
f 4137 4521 5977
f 4931 4933 5382
f 4521 4139 5601
f 4521 5602 5877
f 4469 5978 4470
f 4572 4907 4573
f 5979 5980 5981
f 5982 5979 5981
f 5287 5983 5288
f 5233 3950 5018
f 4784 4783 3834
f 5036 5826 4643
f 4882 5984 3110
f 5984 3492 3110
f 4272 5150 5985
f 3413 4273 4272
f 3413 5787 4273
f 5787 4432 4273
f 4431 3663 3662
f 4431 4247 3663
f 4234 3006 3005
f 2795 3281 2964
f 4790 5731 5730
f 2685 5579 5062
f 4666 5444 5323
f 2772 5577 5444
f 4666 2772 5444
f 5579 4685 5062
f 5986 4236 5987
f 4667 5988 3555
f 3709 3804 3803
f 2774 5577 2772
f 4734 5989 4733
f 2794 4169 3554
f 5578 5575 5577
f 3555 5990 4471
f 4142 5597 5598
f 5578 3600 5729
f 2696 5728 3600
f 5991 2845 3600
f 2845 2694 3600
f 5992 5989 4734
f 4427 4426 5993
f 5578 5991 3600
f 5991 5732 2845
f 5027 4152 2845
f 5994 5995 5996
f 2774 5513 5578
f 4152 2846 2845
f 5513 5732 5578
f 5732 5991 5578
f 5513 5028 5732
f 5028 5027 5732
f 4692 2733 3599
f 4072 5997 4073
f 5717 5716 4691
f 5998 2689 2688
f 2762 5999 4496
f 6000 6001 2762
f 3466 4692 4691
f 5998 6002 2689
f 3831 6003 6000
f 5716 5095 3466
f 6004 6002 5998
f 6002 3140 2689
f 6005 6006 6007
f 6008 6002 6004
f 6009 6010 6011
f 6012 6013 6014
f 6015 6016 6017
f 4171 4170 4667
f 6016 6018 6017
f 5169 5221 4170
f 6019 6020 6021
f 3476 6022 5221
f 5169 5182 5221
f 6023 6024 6025
f 6024 6026 6025
f 3476 3475 6022
f 3475 3706 6022
f 6026 6027 6025
f 6027 6028 6025
f 2885 6000 4677
f 4425 6029 6030
f 3931 4494 4971
f 4882 5335 6031
f 4066 2899 3706
f 4884 4142 6032
f 2899 6033 3706
f 6034 6035 6036
f 6035 6037 6036
f 4141 3929 4971
f 2899 3882 6033
f 3929 3931 4971
f 2899 3150 3882
f 4467 4466 5718
f 6038 3414 3413
f 5607 3152 3153
f 4248 4247 4431
f 4173 4884 4441
f 4246 5608 4247
f 4173 4142 4884
f 2685 5486 2686
f 4467 4246 4430
f 4246 4495 5608
f 4246 4248 4430
f 4467 4970 4246
f 4494 3931 4495
f 6039 6040 6041
f 3119 3007 3006
f 2873 6042 2874
f 3106 4432 3662
f 5598 6043 5986
f 4236 3006 4234
f 4174 4173 5597
f 6043 5222 4236
f 5170 5987 4236
f 2938 2795 3804
f 4140 4142 5598
f 5717 5513 5715
f 6044 2686 5225
f 2686 5486 5225
f 3930 4140 5987
f 6045 6046 6047
f 6048 2687 2686
f 4008 3802 3776
f 6049 6050 6051
f 5597 5488 3594
f 5594 4666 5377
f 5513 2773 4665
f 4666 5324 5377
f 6052 4483 3383
f 3385 3754 3383
f 4484 6053 4482
f 6054 6055 6056
f 6057 6058 6059
f 6060 6061 6062
f 6060 6063 6064
f 6063 6065 6064
f 3398 6066 4294
f 6066 6067 4294
f 6067 6068 4294
f 6068 6069 4294
f 6070 6068 6067
f 6071 6072 6073
f 6074 6075 6076
f 4168 6077 6078
f 3775 2962 2761
f 2962 3259 2761
f 5444 5729 5443
f 3816 4026 6079
f 6080 2770 2887
f 6081 6082 6083
f 6082 6084 6083
f 6084 6085 6083
f 6080 6086 2770
f 6086 4019 2770
f 4019 2771 2770
f 6087 3816 6088
f 6087 2883 3816
f 4025 4031 4026
f 4031 6080 4026
f 4031 3046 6080
f 3046 6086 6080
f 6089 6090 6091
f 6092 6093 6094
f 6095 6096 6097
f 6098 6099 6100
f 6101 6102 6103
f 4758 4939 2903
f 6104 6105 6106
f 4261 4263 4264
f 6107 6108 6109
f 6110 6111 4011
f 6111 2881 4011
f 2883 6112 4011
f 2883 6087 6112
f 6113 6114 6115
f 4790 3594 5731
f 6116 6117 2771
f 3046 4034 6086
f 4034 4035 6086
f 4035 4019 6086
f 4035 4020 4019
f 4021 6118 4019
f 6119 4027 2882
f 2881 3258 2882
f 6119 6120 4027
f 6120 3832 4027
f 3832 4025 4027
f 3047 3046 4031
f 6085 6121 6083
f 6122 6123 6124
f 6125 6126 6127
f 6125 6128 6126
f 6129 6130 6131
f 6129 6131 6132
f 6129 6132 6133
f 6129 6133 6134
f 6135 728 6136
f 4260 4259 6104
f 4259 6105 6104
f 4260 6137 4258
f 6137 6138 4258
f 6138 6139 4258
f 6071 6073 3782
f 6140 6111 4262
f 6111 4263 4262
f 3398 4297 3782
f 6111 6141 4263
f 6141 6110 4263
f 6141 6111 6110
f 6140 6142 6111
f 3399 4300 4195
f 3399 4283 4300
f 4348 2881 6111
f 4283 4298 4300
f 4348 3258 2881
f 4299 2748 4300
f 6143 6144 6145
f 2749 3694 2750
f 6146 6147 6148
f 2749 3695 3694
f 3695 3993 3696
f 3695 4296 3993
f 6149 6150 6151
f 6118 4021 6151
f 4021 6149 6151
f 4116 6152 3882
f 4116 3883 3065
f 3707 4223 5226
f 3754 3385 4289
f 3752 6052 3753
f 4298 4484 6052
f 4484 4483 6052
f 3752 4298 6052
f 3752 4299 4298
f 4141 4140 3929
f 4140 3930 3929
f 3662 5787 3412
f 4431 3662 3412
f 4290 3695 2749
f 5986 4140 5598
f 5986 5987 4140
f 4235 3817 4975
f 3817 3818 4975
f 4033 4021 4020
f 6153 6149 4021
f 3258 3257 6119
f 3257 4489 6119
f 4489 6120 6119
f 4489 3832 6120
f 4489 4134 3832
f 4134 3833 3832
f 3833 4136 3048
f 4136 4490 3048
f 6154 6058 6057
f 6155 6156 6157
f 6158 6159 6160
f 6159 6161 6160
f 6161 6162 6160
f 6163 6164 6165
f 6164 6166 6165
f 6114 6167 6161
f 6167 6114 6168
f 6167 6162 6161
f 6169 6170 6171
f 6172 6173 6174
f 6175 6176 6177
f 5728 5443 5729
f 6178 6179 6180
f 5576 5575 5729
f 4278 6137 6181
f 6137 6182 6181
f 6183 6184 6071
f 6182 4260 6181
f 6182 6137 4260
f 6185 6137 4487
f 4292 4293 4487
f 4293 3785 4487
f 4278 4277 6137
f 3783 6186 3784
f 4277 4292 6137
f 4292 4487 6137
f 3783 6187 6188
f 3383 6189 6190
f 4487 6191 6185
f 3384 6187 3783
f 3384 6190 6192
f 3383 6193 6189
f 4348 6194 3256
f 6065 6195 6064
f 4295 6196 4284
f 4294 6197 4295
f 6069 6198 6199
f 6200 3111 6201
f 6202 3992 6203
f 4733 5227 5226
f 3048 4034 3046
f 5467 6204 5469
f 5468 5467 5469
f 6175 6205 6176
f 6206 5001 3137
f 6153 6207 6149
f 6208 6209 6075
f 6210 6115 6211
f 3782 4297 3829
f 4297 3397 3829
f 3397 4195 3829
f 6212 6155 6213
f 2748 2750 6214
f 2750 3694 6214
f 3694 3696 6214
f 3696 3993 3992
f 3256 6215 3257
f 2987 5607 3153
f 6215 6216 3257
f 2987 5728 5607
f 6217 6215 3256
f 4136 3833 4134
f 4488 6218 4134
f 6219 4490 4135
f 5227 5989 5225
f 5989 6044 5225
f 6220 6221 4484
f 6222 6212 6213
f 4293 3991 3993
f 3991 6203 3992
f 4223 4733 5226
f 6223 6159 6158
f 6224 6225 6226
f 4296 3785 4293
f 4296 4291 3785
f 4291 4289 3785
f 4289 3783 3785
f 4289 3385 3783
f 3754 3753 3383
f 921 6227 6228
f 6229 6230 6231
f 5224 5427 5000
f 4274 6232 4965
f 3733 5460 5041
f 5296 6233 4188
f 5154 5447 5180
f 5478 6234 6235
f 5042 5459 5213
f 5002 6206 4477
f 6206 6236 4477
f 3504 6237 4960
f 5460 6238 5213
f 6239 6240 6241
f 3137 3139 6242
f 4476 6243 6244
f 6245 6246 6247
f 6248 6249 6250
f 6251 6252 6253
f 3792 5213 5196
f 5462 6254 6255
f 6251 6256 6252
f 6251 6257 6256
f 3139 6233 6242
f 6258 6259 6260
f 5295 4274 4623
f 3137 6236 6206
f 4476 6261 6262
f 6263 6264 6265
f 3505 5481 6232
f 6234 5480 6266
f 4960 6267 5481
f 5002 5224 5000
f 6268 6269 6270
f 3504 5463 6271
f 5463 6272 6271
f 6273 5428 6274
f 6275 6276 6277
f 3758 3757 4917
f 6278 5428 5427
f 5469 6204 5476
f 5252 6232 4276
f 5428 6273 5000
f 3758 3793 3653
f 6279 6235 6254
f 5463 5001 5000
f 6235 6280 6254
f 6235 6281 6280
f 6243 6282 6244
f 6279 5478 6235
f 6259 6283 6284
f 3792 5042 5213
f 5479 5480 6234
f 4820 4621 5480
f 5253 4275 4188
f 6285 6286 6287
f 4275 5296 4188
f 6288 6289 6290
f 4275 4274 5295
f 4275 5253 4276
f 5253 5252 4276
f 6291 3652 5276
f 5252 3506 3505
f 4758 2902 6238
f 6292 6272 5463
f 3506 3975 5463
f 6293 6294 6295
f 6294 6296 6295
f 3975 3138 5463
f 3138 5001 5463
f 6291 5276 6297
f 3506 5253 3975
f 4477 6236 4478
f 6298 6276 6275
f 6299 6284 6283
f 4654 4656 6255
f 4656 5462 6255
f 3793 5197 3653
f 4655 4654 5462
f 4654 4622 5462
f 4622 5479 5462
f 5478 6279 5462
f 4622 4820 5479
f 4965 6232 4621
f 6232 5481 4621
f 6267 6300 6285
f 6300 6286 6285
f 6300 6267 6286
f 6267 4960 6286
f 4960 6237 6286
f 6301 6289 6288
f 6301 6302 6289
f 2499 6303 2497
f 6304 2529 2612
f 6305 2215 2051
f 6306 6307 2571
f 6308 6309 6310
f 6311 6312 2505
f 6313 6117 6116
f 6314 6315 6316
f 2592 6317 2591
f 6318 6319 6320
f 6321 2771 6117
f 2179 2610 2180
f 6322 6323 6324
f 6325 2416 2419
f 6326 6327 2572
f 2557 2560 2556
f 6328 6329 6330
f 6331 6332 6333
f 6334 2420 6335
f 6336 6337 6338
f 6339 2467 2469
f 6340 2421 2466
f 6341 6316 6315
f 6342 6343 6344
f 2573 6306 2571
f 6327 6345 2572
f 6346 6347 6348
f 6349 6350 2178
f 6351 2591 6352
f 6353 6354 6355
f 2643 6356 2641
f 6357 4032 6358
f 6359 2552 2551
f 6216 4488 3257
f 6360 6138 6137
f 6345 2570 2572
f 6307 6361 2571
f 6362 6339 2469
f 6363 2648 2647
f 6364 6365 6366
f 6317 6367 2591
f 6368 6369 6370
f 6371 6111 6142
f 6372 6373 6374
f 6375 6353 6355
f 6376 6377 6378
f 6379 6380 2545
f 2558 6381 2185
f 6382 6336 6338
f 6383 2505 2468
f 6384 2244 2416
f 6385 6386 2555
f 6387 6388 2589
f 6389 2582 2580
f 6319 6390 6320
f 6391 6342 6344
f 6392 6379 2545
f 2571 6393 6394
f 6395 4134 6396
f 6386 6397 2555
f 6398 6364 6366
f 6399 6400 2581
f 6401 6385 2555
f 6402 6403 2589
f 6404 6405 2530
f 6406 6359 2551
f 6407 2525 6340
f 2560 2559 2556
f 6367 6408 2591
f 6388 6402 2589
f 2574 2569 2428
f 2593 2625 2163
f 6409 2468 2467
f 6410 6140 4262
f 6411 6372 6374
f 6412 6346 6348
f 6413 6398 6366
f 6377 6414 6378
f 6329 6415 6330
f 6416 6417 6418
f 2586 6368 6370
f 6380 6419 2545
f 6218 6396 4134
f 6403 2590 2589
f 6304 6420 2534
f 2178 6421 2179
f 2451 2112 2111
f 2293 1986 1985
f 2231 2376 2020
f 2231 2194 2193
f 2193 2277 2295
f 2377 2462 2456
f 2022 2024 2415
f 2228 2153 2152
f 2109 2127 2130
f 2247 2249 1973
f 2109 2275 2195
f 1999 2254 2247
f 2238 2240 2118
f 2268 2422 2424
f 2266 2424 2001
f 2426 2422 2165
f 2418 2417 2111
f 2239 2419 2418
f 2064 2164 2166
f 2249 2238 2117
f 2362 2252 2251
f 2458 2460 2069
f 2204 2640 2458
f 2458 2640 2459
f 2461 2460 2459
f 2461 2456 2462
f 1991 2463 2462
f 1992 2273 2059
f 2058 2045 2290
f 2244 2154 2417
f 2209 6422 2464
f 2439 2617 2465
f 2423 6423 2466
f 2205 2080 2079
f 2207 2259 2076
f 2342 2371 2280
f 2392 2472 2470
f 2392 2092 2471
f 2092 2094 2473
f 2186 2185 2474
f 2475 2090 2430
f 2476 2430 2429
f 2478 2091 2090
f 2242 2431 2091
f 2265 2267 2302
f 2479 2262 2242
f 2475 2481 2479
f 2475 2476 2480
f 2354 1968 2135
f 2287 1971 2408
f 2260 2438 2434
f 2370 2122 2483
f 1995 2288 2047
f 2114 2046 2048
f 2485 2519 2486
f 2488 2287 2116
f 2488 2489 2490
f 2029 2399 2492
f 2490 2203 2202
f 2374 2113 2112
f 2233 2375 2376
f 2024 2129 2128
f 2272 2389 2390
f 2429 2428 2108
f 2031 2033 2116
f 1977 2225 2493
f 1977 2192 2271
f 2494 2413 2050
f 2243 2630 2495
f 2376 2565 2018
f 2232 2276 2414
f 2496 6335 2420
f 2244 6424 2500
f 2181 2282 2137
f 2502 2536 2386
f 2503 2449 2447
f 2504 2447 2446
f 2504 2105 2107
f 2191 2063 2065
f 2198 2328 2107
f 2404 6425 2508
f 2368 2370 2127
f 2330 2177 2328
f 2100 1962 1961
f 2146 6426 2509
f 6426 2146 2511
f 2146 2402 2512
f 2447 2449 2147
f 2254 6407 2513
f 2205 2207 2388
f 2226 2516 2514
f 2226 2501 2515
f 1990 2663 2412
f 2477 2429 2255
f 2443 2209 2442
f 2105 2446 2169
f 2483 2632 2517
f 2106 2002 2004
f 2198 2223 2004
f 2477 2493 2480
f 2485 2524 2518
f 2208 2527 2522
f 2216 2378 1960
f 2433 2432 2495
f 2104 2407 2406
f 2191 2190 2255
f 2283 2136 2099
f 2526 2522 2527
f 1989 2076 2259
f 2022 2227 2531
f 2206 2437 2438
f 2225 2311 2480
f 2196 2004 2263
f 2114 2408 2292
f 2533 2340 2342
f 2378 2342 2279
f 1960 2279 2278
f 2069 2474 2185
f 2026 2025 2072
f 2206 2260 2259
f 1994 1993 2145
f 2325 2245 2536
f 2292 2408 1970
f 2057 2375 2133
f 2537 6423 2423
f 2144 2070 2538
f 2144 2539 2540
f 2025 2543 2541
f 2025 2027 2542
f 2545 2581 6427
f 2581 6400 6427
f 2545 2544 6392
f 6427 2546 2545
f 2546 6428 2544
f 2544 6429 6392
f 1998 2548 2547
f 1997 2550 2548
f 1997 2435 2549
f 2555 6397 2557
f 2187 2560 2558
f 2184 2564 2563
f 2215 6430 2564
f 2138 2145 2102
f 2183 2073 1994
f 2291 1980 2203
f 2465 2617 2250
f 2108 2568 2566
f 2108 2428 2567
f 2570 6431 2573
f 2397 2576 2574
f 2397 2396 2575
f 2396 2398 2577
f 2398 6432 6433
f 2398 6433 6434
f 6435 2577 2398
f 2579 6435 2398
f 2398 6434 2578
f 2582 6399 2581
f 2264 2001 2000
f 2054 2161 2160
f 2014 2585 2583
f 2014 2013 2584
f 2250 2588 2586
f 2250 2617 2587
f 2455 2295 2023
f 2425 2422 2426
f 2590 6436 2592
f 1969 2595 2593
f 1969 2410 2594
f 2410 2399 2596
f 2399 2400 6437
f 2399 6437 6438
f 6439 2596 2399
f 2598 6439 2399
f 2399 6438 2597
f 6440 2400 2068
f 2068 2604 6441
f 2068 6441 6442
f 2603 6440 2068
f 2068 6442 2602
f 2366 2605 2604
f 2185 6381 2605
f 2021 2436 2435
f 2168 2208 2210
f 2280 2182 2181
f 2151 2333 2606
f 2045 2494 2049
f 2167 2169 2446
f 2412 2663 2066
f 2336 2613 2609
f 2310 2311 2225
f 2610 6432 2398
f 2611 2615 2606
f 2332 2334 2336
f 2528 2659 2612
f 2379 2285 2613
f 2411 2474 2461
f 2284 2644 2613
f 2189 1984 2374
f 2154 2650 2452
f 2485 2487 2436
f 1996 2178 2432
f 2614 2607 2606
f 2421 2001 2424
f 2439 2619 2616
f 2439 2442 2618
f 2201 2441 2440
f 2170 2622 2621
f 2162 2624 2622
f 2162 2163 2623
f 2091 2431 2180
f 2599 6443 2628
f 2088 2518 2630
f 2228 2517 2632
f 2012 2014 2434
f 2269 2380 2293
f 2284 2286 2054
f 2060 2132 2131
f 2047 2046 2292
f 2490 2489 2383
f 2611 2644 2403
f 2353 2032 2350
f 2302 2230 2521
f 2149 2151 2607
f 2337 2338 2141
f 2277 2129 2024
f 2041 2229 1972
f 2141 2283 2285
f 2491 2492 2409
f 2266 2264 2040
f 2127 2370 2484
f 2011 2459 2640
f 2157 2289 2034
f 1973 2117 2119
f 2450 2402 2146
f 2615 2450 2148
f 2614 2503 2639
f 2009 2201 2078
f 2639 2507 2177
f 2414 2455 2394
f 2477 2190 2192
f 2003 2008 2010
f 2130 2484 2517
f 2488 2409 1971
f 2165 2268 2265
f 2641 6444 2642
f 2611 2609 2613
f 2646 6445 2419
f 2113 2269 2118
f 2451 2452 2650
f 2483 2651 2650
f 2202 2030 2492
f 2033 2383 2489
f 2053 2401 2403
f 2504 2507 2639
f 2507 2107 2328
f 2217 2100 2136
f 2040 2042 2199
f 1987 2486 2519
f 2194 2020 2110
f 2173 1972 1974
f 2017 2097 2060
f 2256 2288 1995
f 2007 2183 2182
f 2495 2630 2518
f 2089 2397 2430
f 2015 2017 2273
f 2384 2031 2115
f 2276 2193 2455
f 2035 2093 2092
f 2536 2010 2158
f 2039 2086 2479
f 2121 2373 2451
f 2086 1983 2262
f 2381 2015 1992
f 2281 2289 2157
f 2443 2441 2009
f 2133 2233 2232
f 2261 2465 2437
f 2523 6422 2209
f 2405 2404 2159
f 2444 2210 2003
f 2652 2526 2167
f 2448 2655 2653
f 2448 2510 2654
f 2384 2048 2288
f 2052 2658 2656
f 2052 2160 2657
f 2530 6405 2659
f 2248 2420 2238
f 2097 2057 2132
f 2041 2000 2247
f 2409 2492 2399
f 2401 2662 2660
f 2401 2457 2661
f 2064 2063 2072
f 2663 2290 2044
f 2387 2385 2080
f 2195 2275 2129
f 2257 2487 2486
f 2099 2098 2159
f 1965 1995 2073
f 2311 2039 2481
f 2218 2413 2494
f 2316 2246 1987
f 2790 2931 2791
f 2898 3150 2899
f 2930 2791 2931
f 2986 5443 2987
f 3065 3883 3066
f 3118 2664 2666
f 3150 2898 3151
f 3152 3145 2987
f 3259 2964 2886
f 3308 3022 3309
f 3412 5787 3413
f 3593 4733 3594
f 2795 2794 3554
f 3707 5226 3708
f 3781 4168 3782
f 3817 2890 2889
f 3882 3150 3066
f 2873 3022 4009
f 2874 6042 4014
f 4167 3781 3107
f 2664 3775 3252
f 3281 4471 3830
f 4269 5579 2685
f 2900 2899 4066
f 4425 6030 4426
f 4684 5323 2986
f 4911 3745 3744
f 4970 5718 4971
f 4015 3067 5005
f 5443 2986 5323
f 5445 5469 5446
f 5028 5717 4691
f 5049 5468 5469
f 5446 5469 5476
f 5482 6446 4928
f 4677 6000 2762
f 5447 5214 5213
f 5110 5049 5445
f 5597 4790 5222
f 6447 3830 5790
f 3830 4471 5790
f 4471 5990 6448
f 4471 6448 6449
f 4471 6449 5789
f 2795 3556 3281
f 5579 4684 4685
f 5986 6043 4236
f 4667 6450 5988
f 3709 2938 3804
f 2794 2791 4169
f 3555 5988 5990
f 4142 4174 5597
f 2696 5607 5728
f 4072 3007 5997
f 2762 6001 5999
f 6000 6003 6001
f 3831 6451 6003
f 2885 3831 6000
f 5607 5004 3152
f 2685 3708 5486
f 3119 2666 3007
f 2873 4010 6042
f 3106 3828 4432
f 5598 5222 6043
f 4236 5222 3006
f 2938 4591 2795
f 5717 5028 5513
f 4008 4223 3802
f 5597 4173 5488
f 4484 6221 6053
f 6054 6452 6055
f 6060 6064 6061
f 6070 6453 6068
f 6071 6184 6072
f 6074 6208 6075
f 4168 4167 6077
f 5444 5576 5729
f 4758 5460 4939
f 6113 6168 6114
f 4790 5597 3594
f 6085 6454 6121
f 6138 6455 6139
f 6140 6456 6142
f 6149 6457 6150
f 4116 6458 6152
f 6057 4283 4284
f 4284 6154 6057
f 6172 6459 6173
f 6178 6460 6179
f 6071 3782 6078
f 3782 4168 6078
f 6071 6078 6183
f 6185 6360 6137
f 3783 6188 6186
f 4487 3784 6191
f 3384 6192 6187
f 3384 3383 6190
f 3383 4482 6193
f 4348 6371 6194
f 6065 6461 6195
f 4295 6197 6196
f 4294 6462 6197
f 6069 6068 6198
f 4733 5989 5227
f 3048 4032 4034
f 6206 5002 5001
f 6153 6463 6207
f 6210 6113 6115
f 6212 6156 6155
f 4488 6464 6218
f 6219 6465 4490
f 4484 4298 4283
f 4283 6220 4484
f 4293 4277 3991
f 3991 4307 6203
f 4223 5353 4733
f 5224 6466 5427
f 4274 4276 6232
f 3733 4939 5460
f 5296 5295 6233
f 5154 5445 5447
f 5478 5479 6234
f 3504 6271 6237
f 5460 4758 6238
f 4476 6262 6243
f 5462 6279 6254
f 3139 4188 6233
f 3137 6242 6236
f 4476 4478 6261
f 5002 4477 5224
f 5252 3505 6232
f 6243 6467 6282
f 6259 6258 6283
f 6304 2534 2529
f 6305 6430 2215
f 6310 6468 6469
f 6310 6469 6470
f 6471 6472 6310
f 6473 6471 6310
f 6310 6470 6308
f 6309 6473 6310
f 6313 6474 6117
f 6314 6475 6315
f 6117 6474 6321
f 6321 3065 2771
f 2419 6445 6476
f 6476 6325 2419
f 6334 2645 2420
f 6339 6409 2467
f 6340 2525 2421
f 2178 2547 6477
f 2178 6477 6478
f 6479 6421 2178
f 6350 6479 2178
f 2178 6478 6349
f 2591 6408 6352
f 6352 6480 6351
f 6480 6481 6482
f 6351 6480 6482
f 6357 4033 4032
f 6216 6464 4488
f 6360 6455 6138
f 6345 6431 2570
f 6371 4348 6111
f 6383 6311 2505
f 6384 6424 2244
f 2571 6361 6393
f 6393 6483 6394
f 6483 6484 6394
f 6484 6485 6394
f 6394 6389 2580
f 2580 2571 6394
f 6395 4135 4134
f 2555 6486 6401
f 6486 6487 6488
f 6401 6486 6488
f 6487 6489 6488
f 6407 2254 2525
f 6409 6383 2468
f 6410 6456 6140
f 6403 6436 2590
