v -0.027303989976644516 0.026759980246424675 0.0010509489802643657
v -0.027424989268183708 0.0259319506585598 -0.00034100000630132854
v -0.027702979743480682 0.023000000044703484 0.0018339749658480287
v 0.0026539559476077557 0.0244559608399868 -0.027462000027298927
v -0.0017129769548773766 0.0244559608399868 -0.027534959837794304
v 0.002473949920386076 0.025840990245342255 -0.027064969763159752
v -0.01906495913863182 0.027737969532608986 -0.016251979395747185
v -0.022458970546722412 0.026984980329871178 -0.01366495992988348
v -0.02140199951827526 0.027737969532608986 -0.013020990416407585
v -0.017980989068746567 0.027999989688396454 -0.015327990055084229
v -0.01532095018774271 0.027999989688396454 -0.017986949533224106
v -0.01906495913863182 0.027737969532608986 -0.016251979395747185
v -0.009451985359191895 0.027737969532608986 -0.023200979456305504
v -0.005650997161865234 0.027737969532608986 -0.0244059506803751
v -0.009918986819684505 0.026984980329871178 -0.024346940219402313
v 0.0069549670442938805 0.0244559608399868 -0.02670096978545189
v 0.0026539559476077557 0.0244559608399868 -0.027462000027298927
v 0.006736992858350277 0.025840990245342255 -0.026329990476369858
v 0.010997950099408627 0.0244559608399868 -0.025314979255199432
v 0.0069549670442938805 0.0244559608399868 -0.02670096978545189
v 0.010829979553818703 0.025840990245342255 -0.02492797002196312
v -0.019925950095057487 0.01852094940841198 -0.019321970641613007
v -0.023052990436553955 0.01849997043609619 -0.015275949612259865
v -0.023377949371933937 0.018782969564199448 -0.0154909398406744
v -0.005650997161865234 0.027737969532608986 -0.0244059506803751
v -0.001706957002170384 0.027737969532608986 -0.024993950501084328
v -0.005929945968091488 0.026984980329871178 -0.025611989200115204
v 0.017502959817647934 0.026984980329871178 -0.019615940749645233
v 0.014646939933300018 0.025840990245342255 -0.022892950102686882
v 0.014168970286846161 0.026984980329871178 -0.022144969552755356
v 0.01840895041823387 0.0244559608399868 -0.02055995911359787
v 0.014932990074157715 0.0244559608399868 -0.023205989971756935
v 0.018093999475240707 0.025840990245342255 -0.020278990268707275
v -0.020665999501943588 0.0244559608399868 -0.01824497990310192
v -0.020810959860682487 0.023000000044703484 -0.01837599091231823
v -0.021004969254136086 0.0244559608399868 -0.01790595054626465
v -0.0102079501375556 0.0244559608399868 -0.025626949965953827
v -0.010253960266709328 0.025840990245342255 -0.025169959291815758
v -0.0061299800872802734 0.025840990245342255 -0.026477990671992302
v -0.023396959528326988 0.0244559608399868 -0.014598960056900978
v -0.025419950485229492 0.0244559608399868 -0.010695990175008774
v -0.023218980059027672 0.025840990245342255 -0.014125999994575977
v -0.001706957002170384 0.027737969532608986 -0.024993950501084328
v 0.002150951884686947 0.027999989688396454 -0.023528989404439926
v 0.002280950080603361 0.027737969532608986 -0.02494800090789795
v -0.014117949642241001 0.025840990245342255 -0.023223990574479103
v -0.017540989443659782 0.0244559608399868 -0.02126896008849144
v -0.017623959109187126 0.025840990245342255 -0.020689960569143295
v -0.0018519749864935875 0.025840990245342255 -0.027114979922771454
v 0.0023929469753056765 0.026984980329871178 -0.02618098072707653
v 0.002473949920386076 0.025840990245342255 -0.027064969763159752
v -0.01624494045972824 0.027737969532608986 -0.019070979207754135
v -0.012272950261831284 0.027999989688396454 -0.020190000534057617
v -0.013012940064072609 0.027737969532608986 -0.02140693925321102
v -0.017897959798574448 0.0244559608399868 -0.021011939272284508
v -0.020665999501943588 0.0244559608399868 -0.01824497990310192
v -0.017623959109187126 0.025840990245342255 -0.020689960569143295
v -0.027417000383138657 0.025031980127096176 -0.0025319450069218874
v -0.027448950335383415 0.02556896023452282 -0.001098989974707365
v -0.02708595059812069 0.026665979996323586 -0.0016609430313110352
v -0.025756949558854103 0.018727950751781464 -0.010901980102062225
v -0.027014970779418945 0.01849997043609619 -0.005915998946875334
v -0.027395959943532944 0.018782969564199448 -0.005999981891363859
v -0.020682990550994873 0.025840990245342255 -0.017630990594625473
v -0.023218980059027672 0.025840990245342255 -0.014125999994575977
v -0.020006949082016945 0.026984980329871178 -0.01705496944487095
v -0.023441970348358154 0.023000000044703484 -0.014875940047204494
v -0.025509949773550034 0.022729989141225815 -0.01092499028891325
v -0.025419950485229492 0.0244559608399868 -0.010695990175008774
v 0.006516993045806885 0.026984980329871178 -0.02546899951994419
v 0.009981988929212093 0.027737969532608986 -0.022976990789175034
v 0.010474969632923603 0.026984980329871178 -0.024111980572342873
v -0.009918986819684505 0.026984980329871178 -0.024346940219402313
v -0.005650997161865234 0.027737969532608986 -0.0244059506803751
v -0.005929945968091488 0.026984980329871178 -0.025611989200115204
v -0.020665999501943588 0.0244559608399868 -0.01824497990310192
v -0.020682990550994873 0.025840990245342255 -0.017630990594625473
v -0.017623959109187126 0.025840990245342255 -0.020689960569143295
v -0.027702979743480682 0.023000000044703484 0.0018339749658480287
v -0.02704297937452793 0.023000000044703484 0.006278990767896175
v -0.02708297036588192 0.027813969179987907 0.0024029610212892294
v 0.006516993045806885 0.026984980329871178 -0.02546899951994419
v 0.00620996905490756 0.027737969532608986 -0.024269990622997284
v 0.009981988929212093 0.027737969532608986 -0.022976990789175034
v -0.01433700043708086 0.0244559608399868 -0.023584960028529167
v -0.017540989443659782 0.0244559608399868 -0.02126896008849144
v -0.014117949642241001 0.025840990245342255 -0.023223990574479103
v -0.013979969546198845 0.0244559608399868 -0.0237649604678154
v -0.014117949642241001 0.025840990245342255 -0.023223990574479103
v -0.010253960266709328 0.025840990245342255 -0.025169959291815758
v 0.010829979553818703 0.025840990245342255 -0.02492797002196312
v 0.0069549670442938805 0.0244559608399868 -0.02670096978545189
v 0.006736992858350277 0.025840990245342255 -0.026329990476369858
v -0.020006949082016945 0.026984980329871178 -0.01705496944487095
v -0.01624494045972824 0.027737969532608986 -0.019070979207754135
v -0.017046980559825897 0.026984980329871178 -0.02001296915113926
v -0.013655959628522396 0.026984980329871178 -0.022464990615844727
v -0.014117949642241001 0.025840990245342255 -0.023223990574479103
v -0.017623959109187126 0.025840990245342255 -0.020689960569143295
v -0.001717983977869153 0.01863097958266735 -0.027852950617671013
v -0.006854950916022062 0.018858959898352623 -0.0272559504956007
v -0.0017329449765384197 0.019043980166316032 -0.028099950402975082
v -0.017663000151515007 0.023000000044703484 -0.02142000012099743
v -0.017897959798574448 0.0244559608399868 -0.021011939272284508
v -0.017540989443659782 0.0244559608399868 -0.02126896008849144
v -0.0016499749617651105 0.022729989141225815 -0.027716990560293198
v -0.0017129769548773766 0.0244559608399868 -0.027534959837794304
v 0.0027679800987243652 0.023000000044703484 -0.027624959126114845
v 0.0027679800987243652 0.023000000044703484 -0.027624959126114845
v -0.0017129769548773766 0.0244559608399868 -0.027534959837794304
v 0.0026539559476077557 0.0244559608399868 -0.027462000027298927
v -0.005878983996808529 0.02267497032880783 -0.027146989479660988
v -0.006225943099707365 0.0244559608399868 -0.026889970526099205
v -0.005909978877753019 0.0244559608399868 -0.026936940848827362
v -0.023396959528326988 0.0244559608399868 -0.014598960056900978
v -0.023441970348358154 0.023000000044703484 -0.014875940047204494
v -0.025419950485229492 0.0244559608399868 -0.010695990175008774
v -0.02697199024260044 0.024461980909109116 -0.005857944022864103
v -0.026778990402817726 0.0244559608399868 -0.006578980945050716
v -0.026901960372924805 0.023000000044703484 -0.006859958171844482
v -0.020665999501943588 0.0244559608399868 -0.01824497990310192
v -0.021004969254136086 0.0244559608399868 -0.01790595054626465
v -0.020682990550994873 0.025840990245342255 -0.017630990594625473
v 0.00585698988288641 0.027999989688396454 -0.022889969870448112
v 0.00620996905490756 0.027737969532608986 -0.024269990622997284
v 0.002280950080603361 0.027737969532608986 -0.02494800090789795
v 0.018093999475240707 0.025840990245342255 -0.020278990268707275
v 0.014932990074157715 0.0244559608399868 -0.023205989971756935
v 0.014646939933300018 0.025840990245342255 -0.022892950102686882
v 0.021082989871501923 0.025840990245342255 -0.017151949927210808
v 0.01840895041823387 0.0244559608399868 -0.02055995911359787
v 0.018093999475240707 0.025840990245342255 -0.020278990268707275
v -0.02722894959151745 0.024595970287919044 -0.004415987990796566
v -0.027283959090709686 0.024664990603923798 -0.004008947871625423
v -0.026917990297079086 0.025757959112524986 -0.004386960994452238
v -0.027417000383138657 0.025031980127096176 -0.0025319450069218874
v -0.02708595059812069 0.026665979996323586 -0.0016609430313110352
v -0.02705799974501133 0.026146940886974335 -0.0029189579654484987
v 0.0026539559476077557 0.0244559608399868 -0.027462000027298927
v 0.002473949920386076 0.025840990245342255 -0.027064969763159752
v 0.006736992858350277 0.025840990245342255 -0.026329990476369858
v 0.02142398990690708 0.0244559608399868 -0.01739995926618576
v 0.01840895041823387 0.0244559608399868 -0.02055995911359787
v 0.021082989871501923 0.025840990245342255 -0.017151949927210808
v -0.0017129769548773766 0.0244559608399868 -0.027534959837794304
v -0.0018519749864935875 0.025840990245342255 -0.027114979922771454
v 0.002473949920386076 0.025840990245342255 -0.027064969763159752
v -0.0017129769548773766 0.0244559608399868 -0.027534959837794304
v -0.005909978877753019 0.0244559608399868 -0.026936940848827362
v -0.0018519749864935875 0.025840990245342255 -0.027114979922771454
v -0.006225943099707365 0.0244559608399868 -0.026889970526099205
v -0.0102079501375556 0.0244559608399868 -0.025626949965953827
v -0.0061299800872802734 0.025840990245342255 -0.026477990671992302
v -0.0102079501375556 0.0244559608399868 -0.025626949965953827
v -0.013979969546198845 0.0244559608399868 -0.0237649604678154
v -0.010253960266709328 0.025840990245342255 -0.025169959291815758
v -0.013979969546198845 0.0244559608399868 -0.0237649604678154
v -0.01433700043708086 0.0244559608399868 -0.023584960028529167
v -0.014117949642241001 0.025840990245342255 -0.023223990574479103
v -0.017540989443659782 0.0244559608399868 -0.02126896008849144
v -0.017897959798574448 0.0244559608399868 -0.021011939272284508
v -0.017623959109187126 0.025840990245342255 -0.020689960569143295
v -0.023218980059027672 0.025840990245342255 -0.014125999994575977
v -0.025419950485229492 0.0244559608399868 -0.010695990175008774
v -0.025165969505906105 0.025840990245342255 -0.010262959636747837
v -0.022458970546722412 0.026984980329871178 -0.01366495992988348
v -0.017046980559825897 0.026984980329871178 -0.02001296915113926
v -0.013655959628522396 0.026984980329871178 -0.022464990615844727
v -0.017623959109187126 0.025840990245342255 -0.020689960569143295
v 0.014168970286846161 0.026984980329871178 -0.022144969552755356
v 0.010829979553818703 0.025840990245342255 -0.02492797002196312
v 0.010474969632923603 0.026984980329871178 -0.024111980572342873
v 0.0023929469753056765 0.026984980329871178 -0.02618098072707653
v -0.0018519749864935875 0.025840990245342255 -0.027114979922771454
v -0.001791000016964972 0.026984980329871178 -0.02622896060347557
v 0.014646939933300018 0.025840990245342255 -0.022892950102686882
v 0.010829979553818703 0.025840990245342255 -0.02492797002196312
v 0.014168970286846161 0.026984980329871178 -0.022144969552755356
v 0.018093999475240707 0.025840990245342255 -0.020278990268707275
v 0.014646939933300018 0.025840990245342255 -0.022892950102686882
v 0.017502959817647934 0.026984980329871178 -0.019615940749645233
v -0.001706957002170384 0.027737969532608986 -0.024993950501084328
v -0.001791000016964972 0.026984980329871178 -0.02622896060347557
v -0.005929945968091488 0.026984980329871178 -0.025611989200115204
v -0.013655959628522396 0.026984980329871178 -0.022464990615844727
v -0.009451985359191895 0.027737969532608986 -0.023200979456305504
v -0.009918986819684505 0.026984980329871178 -0.024346940219402313
v -0.009451985359191895 0.027737969532608986 -0.023200979456305504
v -0.013655959628522396 0.026984980329871178 -0.022464990615844727
v -0.013012940064072609 0.027737969532608986 -0.02140693925321102
v -0.01906495913863182 0.027737969532608986 -0.016251979395747185
v -0.022458970546722412 0.026984980329871178 -0.01366495992988348
v -0.01906495913863182 0.027737969532608986 -0.016251979395747185
v -0.020006949082016945 0.026984980329871178 -0.01705496944487095
v 0.002150951884686947 0.027999989688396454 -0.023528989404439926
v 0.00585698988288641 0.027999989688396454 -0.022889969870448112
v 0.002280950080603361 0.027737969532608986 -0.02494800090789795
v -0.0016099809436127543 0.027999989688396454 -0.023571960628032684
v -0.01532095018774271 0.027999989688396454 -0.017986949533224106
v -0.012272950261831284 0.027999989688396454 -0.020190000534057617
v -0.01624494045972824 0.027737969532608986 -0.019070979207754135
v -0.01906495913863182 0.027737969532608986 -0.016251979395747185
v -0.01532095018774271 0.027999989688396454 -0.017986949533224106
v -0.01624494045972824 0.027737969532608986 -0.019070979207754135
v -0.02433997020125389 0.018866950646042824 0.01405297964811325
v -0.026461949571967125 0.018810980021953583 0.009324966929852962
v -0.024123959243297577 0.018541989848017693 0.013927989639341831
v 0.02132898010313511 0.022662989795207977 -0.017796989530324936
v 0.024243950843811035 0.02068096026778221 -0.013996950350701809
v 0.021300969645380974 0.018792979419231415 -0.018248969689011574
v 0.0034369819331914186 0.018727950751781464 -0.027756979689002037
v -0.001717983977869153 0.01863097958266735 -0.027852950617671013
v -0.0017329449765384197 0.019043980166316032 -0.028099950402975082
v 0.024243950843811035 0.02068096026778221 -0.013996950350701809
v 0.02433698996901512 0.018848950043320656 -0.01405095960944891
v 0.021300969645380974 0.018792979419231415 -0.018248969689011574
v 0.0368499718606472 0.022026000544428825 0.02854095958173275
v 0.03779995068907738 0.022026000544428825 0.028146980330348015
v 0.03794794902205467 0.017281940206885338 0.028194960206747055
v 0.02112697996199131 0.022351980209350586 -0.018099959939718246
v 0.02132898010313511 0.022662989795207977 -0.017796989530324936
v 0.021300969645380974 0.018792979419231415 -0.018248969689011574
v -0.027395959943532944 0.018782969564199448 -0.005999981891363859
v -0.027891989797353745 0.01863097958266735 -0.0008590000215917826
v -0.028139939531683922 0.019043980166316032 -0.0008669999660924077
v 0.02433698996901512 0.018848950043320656 -0.01405095960944891
v 0.02403699979186058 0.01852094940841198 -0.013877980411052704
v 0.021300969645380974 0.018792979419231415 -0.018248969689011574
v -0.027891989797353745 0.01863097958266735 -0.0008590000215917826
v -0.027637949213385582 0.018727950751781464 0.00428998377174139
v -0.028139939531683922 0.019043980166316032 -0.0008669999660924077
v -0.014732000418007374 0.022690949961543083 -0.023483989760279655
v -0.011689960025250912 0.018727950751781464 -0.025408979505300522
v -0.0162039902061224 0.018782969564199448 -0.022889969870448112
v -0.006769955158233643 0.01852094940841198 -0.026916980743408203
v -0.011689960025250912 0.018727950751781464 -0.025408979505300522
v -0.006854950916022062 0.018858959898352623 -0.0272559504956007
v -0.006854950916022062 0.018858959898352623 -0.0272559504956007
v -0.005878983996808529 0.02267497032880783 -0.027146989479660988
v -0.0017329449765384197 0.019043980166316032 -0.028099950402975082
v 0.021000979468226433 0.01849997043609619 -0.01799296960234642
v 0.017534969374537468 0.018727950751781464 -0.02178996056318283
v 0.021300969645380974 0.018792979419231415 -0.018248969689011574
v -0.001717983977869153 0.01863097958266735 -0.027852950617671013
v -0.006769955158233643 0.01852094940841198 -0.026916980743408203
v -0.006854950916022062 0.018858959898352623 -0.0272559504956007
v -0.015977969393134117 0.01849997043609619 -0.022571979090571404
v -0.019925950095057487 0.01852094940841198 -0.019321970641613007
v -0.0162039902061224 0.018782969564199448 -0.022889969870448112
v 0.03775094822049141 0.023302970454096794 0.027238959446549416
v 0.038467999547719955 0.022764980792999268 0.027372950688004494
v 0.03769499063491821 0.022764980792999268 0.027965959161520004
v -0.019925950095057487 0.01852094940841198 -0.019321970641613007
v -0.023377949371933937 0.018782969564199448 -0.0154909398406744
v -0.02017693966627121 0.018858959898352623 -0.01956396922469139
v -0.0162039902061224 0.018782969564199448 -0.022889969870448112
v -0.019925950095057487 0.01852094940841198 -0.019321970641613007
v -0.02017693966627121 0.018858959898352623 -0.01956396922469139
v -0.027637949213385582 0.018727950751781464 0.00428998377174139
v -0.02608299069106579 0.01849997043609619 0.009190975688397884
v -0.026461949571967125 0.018810980021953583 0.009324966929852962
v -0.027014970779418945 0.01849997043609619 -0.005915998946875334
v -0.027891989797353745 0.01863097958266735 -0.0008590000215917826
v -0.027395959943532944 0.018782969564199448 -0.005999981891363859
v -0.023052990436553955 0.01849997043609619 -0.015275949612259865
v -0.025756949558854103 0.018727950751781464 -0.010901980102062225
v -0.023377949371933937 0.018782969564199448 -0.0154909398406744
v -0.011689960025250912 0.018727950751781464 -0.025408979505300522
v -0.015977969393134117 0.01849997043609619 -0.022571979090571404
v -0.0162039902061224 0.018782969564199448 -0.022889969870448112
v 0.013082980178296566 0.01849997043609619 -0.024363990873098373
v 0.008478999137878418 0.018727950751781464 -0.02665298990905285
v 0.013267990201711655 0.018782969564199448 -0.024707969278097153
v 0.017534969374537468 0.018727950751781464 -0.02178996056318283
v 0.013082980178296566 0.01849997043609619 -0.024363990873098373
v 0.013267990201711655 0.018782969564199448 -0.024707969278097153
v 0.02403699979186058 0.01852094940841198 -0.013877980411052704
v 0.021000979468226433 0.01849997043609619 -0.01799296960234642
v 0.021300969645380974 0.018792979419231415 -0.018248969689011574
v 0.01840895041823387 0.0244559608399868 -0.02055995911359787
v 0.015064950101077557 0.023000000044703484 -0.023320969194173813
v 0.014932990074157715 0.0244559608399868 -0.023205989971756935
v 0.028230959549546242 0.023111989721655846 -0.006604969035834074
v 0.02469599060714245 0.0244559608399868 -0.012427980080246925
v 0.026681950315833092 0.025507979094982147 -0.008741973899304867
v 0.03583097085356712 0.022026000544428825 0.028674960136413574
v 0.01909898966550827 0.026978960260748863 0.03046596050262451
v 0.0188019797205925 0.026978960260748863 0.030504999682307243
v 0.0368499718606472 0.022026000544428825 0.02854095958173275
v 0.0199469905346632 0.026977000758051872 0.030305979773402214
v 0.01909898966550827 0.026978960260748863 0.03046596050262451
v -0.024707969278097153 0.02567696012556553 0.011976949870586395
v -0.024210980162024498 0.02067697048187256 0.013977999798953533
v -0.023799950256943703 0.0248369500041008 0.013740950264036655
v 0.0367959700524807 0.022764980792999268 0.028337949886918068
v 0.02024495042860508 0.026975980028510094 0.03018397092819214
v 0.0199469905346632 0.026977000758051872 0.030305979773402214
v 0.011209960095584393 0.023000000044703484 -0.02539896033704281
v 0.008478999137878418 0.018727950751781464 -0.02665298990905285
v 0.00881498958915472 0.022522980347275734 -0.026289990171790123
v 0.03769499063491821 0.022764980792999268 0.027965959161520004
v 0.021074950695037842 0.02697199024260044 0.029822999611496925
v 0.02024495042860508 0.026975980028510094 0.03018397092819214
v 0.03775094822049141 0.023302970454096794 0.027238959446549416
v 0.021672960370779037 0.02696800045669079 0.029505960643291473
v 0.021074950695037842 0.02697199024260044 0.029822999611496925
v -0.008016943000257015 0.02899998053908348 0.02049398049712181
v -0.024698970839381218 0.027999989688396454 0.01085096038877964
v -0.010074970312416553 0.027947960421442986 0.024648960679769516
v 0.012900940142571926 0.028967969119548798 0.03074299916625023
v 0.013390949927270412 0.02897696942090988 0.029911989346146584
v 0.011854940094053745 0.02899998053908348 0.03125094994902611
v -0.020628979429602623 0.027779990807175636 0.015405950136482716
v -0.010074970312416553 0.027947960421442986 0.024648960679769516
v -0.024698970839381218 0.027999989688396454 0.01085096038877964
v 0.013390949927270412 0.02897696942090988 0.029911989346146584
v 0.02168196067214012 0.02899998053908348 0.016765950247645378
v 0.011854940094053745 0.02899998053908348 0.03125094994902611
v 0.02168196067214012 0.02899998053908348 0.016765950247645378
v 0.006445943843573332 0.029004989191889763 0.030353959649801254
v 0.011854940094053745 0.02899998053908348 0.03125094994902611
v 0.006445943843573332 0.029004989191889763 0.030353959649801254
v 0.008642970584332943 0.02899998053908348 0.03125094994902611
v 0.011854940094053745 0.02899998053908348 0.03125094994902611
v 0.007076978217810392 0.023000000044703484 -0.026845989748835564
v 0.0034369819331914186 0.018727950751781464 -0.027756979689002037
v 0.003416955005377531 0.022351980209350586 -0.02756798081099987
v -0.005546987056732178 0.01667100004851818 0.028718940913677216
v 0.003706990974023938 0.026982959359884262 0.030429000034928322
v -0.01698100008070469 0.018526969477534294 0.026984980329871178
v 0.02142398990690708 0.0244559608399868 -0.01739995926618576
v 0.02132898010313511 0.022662989795207977 -0.017796989530324936
v 0.02112697996199131 0.022351980209350586 -0.018099959939718246
v 0.006445943843573332 0.029004989191889763 0.030353959649801254
v -0.010074970312416553 0.027947960421442986 0.024648960679769516
v 0.008642970584332943 0.02899998053908348 0.03125094994902611
v -0.0102079501375556 0.0244559608399868 -0.025626949965953827
v -0.006854950916022062 0.018858959898352623 -0.0272559504956007
v -0.011689960025250912 0.018727950751781464 -0.025408979505300522
v -0.0004479999770410359 0.026968950405716896 0.028847990557551384
v 0.003706990974023938 0.026982959359884262 0.030429000034928322
v 0.008642970584332943 0.02899998053908348 0.03125094994902611
v 0.0367959700524807 0.022764980792999268 0.028337949886918068
v 0.03779995068907738 0.022026000544428825 0.028146980330348015
v 0.03769499063491821 0.022764980792999268 0.027965959161520004
v 0.023902950808405876 0.0244559608399868 -0.013800970278680325
v 0.02469599060714245 0.0244559608399868 -0.012427980080246925
v 0.024243950843811035 0.02068096026778221 -0.013996950350701809
v 0.028230959549546242 0.023111989721655846 -0.006604969035834074
v 0.028647949919104576 0.022324969992041588 -0.006020963191986084
v 0.024243950843811035 0.02068096026778221 -0.013996950350701809
v -0.024707969278097153 0.02567696012556553 0.011976949870586395
v -0.024698970839381218 0.027999989688396454 0.01085096038877964
v -0.025440990924835205 0.025616999715566635 0.01034598983824253
v 0.02433698996901512 0.018848950043320656 -0.01405095960944891
v 0.04614394158124924 0.01876896061003208 0.02385300025343895
v 0.04646496847271919 0.01874195970594883 0.024392960593104362
v 0.036291949450969696 0.022091979160904884 0.007302999030798674
v 0.03241097182035446 0.022109979763627052 0.0004999999655410647
v 0.028230959549546242 0.023111989721655846 -0.006604969035834074
v 0.027677949517965317 0.02736395038664341 -0.006555974017828703
v 0.032446980476379395 0.024032950401306152 0.001012980006635189
v 0.03097200021147728 0.023843999952077866 -0.0016339420108124614
v 0.029785990715026855 0.027696959674358368 -0.0027409789618104696
v 0.03462398052215576 0.02417599968612194 0.004886983893811703
v 0.027677949517965317 0.02736395038664341 -0.006555974017828703
v 0.030825970694422722 0.02726799063384533 0.0024429550394415855
v 0.029785990715026855 0.027696959674358368 -0.0027409789618104696
v 0.02799694985151291 0.02865695022046566 -0.005651949904859066
v 0.02433698996901512 0.018848950043320656 -0.01405095960944891
v 0.04646496847271919 0.01874195970594883 0.024392960593104362
v 0.02403699979186058 0.01852094940841198 -0.013877980411052704
v 0.03890395164489746 0.023302970454096794 0.025559959933161736
v 0.03858596086502075 0.023302970454096794 0.026326950639486313
v 0.04646496847271919 0.01874195970594883 0.024392960593104362
v 0.04646496847271919 0.01874195970594883 0.024392960593104362
v 0.04590100049972534 0.018492989242076874 0.02417795918881893
v 0.02403699979186058 0.01852094940841198 -0.013877980411052704
v 0.03858596086502075 0.023302970454096794 0.026326950639486313
v 0.038467999547719955 0.022764980792999268 0.027372950688004494
v 0.04646496847271919 0.01874195970594883 0.024392960593104362
v 0.03861600160598755 0.017383990809321404 0.02785700000822544
v 0.02403699979186058 0.01852094940841198 -0.013877980411052704
v 0.04590100049972534 0.018492989242076874 0.02417795918881893
v -0.0053289528004825115 0.027999989688396454 -0.02301800064742565
v -0.001706957002170384 0.027737969532608986 -0.024993950501084328
v -0.005650997161865234 0.027737969532608986 -0.0244059506803751
v 0.03893493860960007 0.017450980842113495 0.02775496058166027
v 0.03794794902205467 0.017281940206885338 0.028194960206747055
v 0.03861600160598755 0.017383990809321404 0.02785700000822544
v 0.0396459586918354 0.017705969512462616 0.027433989569544792
v 0.04157298058271408 0.018137989565730095 0.026570970192551613
v 0.03779995068907738 0.022026000544428825 0.028146980330348015
v -0.020810959860682487 0.023000000044703484 -0.01837599091231823
v -0.020665999501943588 0.0244559608399868 -0.01824497990310192
v -0.017897959798574448 0.0244559608399868 -0.021011939272284508
v 0.0368499718606472 0.022026000544428825 0.02854095958173275
v 0.03583097085356712 0.022026000544428825 0.028674960136413574
v 0.03794794902205467 0.017281940206885338 0.028194960206747055
v -0.022233959287405014 0.02256995067000389 -0.016542969271540642
v -0.023441970348358154 0.023000000044703484 -0.014875940047204494
v -0.020810959860682487 0.023000000044703484 -0.01837599091231823
v -0.005358994007110596 0.02899998053908348 0.018379980698227882
v 0.019727999344468117 0.028913969174027443 -0.005953967105597258
v -0.01915496028959751 0.028913969174027443 -0.0006489999359473586
v -0.026778990402817726 0.0244559608399868 -0.006578980945050716
v -0.025165969505906105 0.025840990245342255 -0.010262959636747837
v -0.025419950485229492 0.0244559608399868 -0.010695990175008774
v 0.018093999475240707 0.025840990245342255 -0.020278990268707275
v 0.020392950624227524 0.026984980329871178 -0.016590949147939682
v 0.021082989871501923 0.025840990245342255 -0.017151949927210808
v -0.015977969393134117 0.01849997043609619 -0.022571979090571404
v -0.0024989841040223837 0.016249949112534523 0.029142970219254494
v -0.019925950095057487 0.01852094940841198 -0.019321970641613007
v -0.008913992904126644 0.027999989688396454 -0.02188098058104515
v -0.02404797077178955 0.028756970539689064 -0.0024839630350470543
v -0.0053289528004825115 0.027999989688396454 -0.02301800064742565
v 0.016678979620337486 0.027737969532608986 -0.018692970275878906
v 0.014168970286846161 0.026984980329871178 -0.022144969552755356
v 0.013500980101525784 0.027737969532608986 -0.021101949736475945
v -0.02404797077178955 0.028756970539689064 -0.0024839630350470543
v -0.01915496028959751 0.028913969174027443 -0.0006489999359473586
v -0.01748698018491268 0.028804000467061996 -0.003346978919580579
v -0.01915496028959751 0.028913969174027443 -0.0006489999359473586
v -0.01704495958983898 0.028804000467061996 -0.0034049740061163902
v -0.01748698018491268 0.028804000467061996 -0.003346978919580579
v -0.026964960619807243 0.02779597043991089 0.000195999993593432
v -0.027424989268183708 0.0259319506585598 -0.00034100000630132854
v -0.027303989976644516 0.026759980246424675 0.0010509489802643657
v -0.012272950261831284 0.027999989688396454 -0.020190000534057617
v -0.02404797077178955 0.028756970539689064 -0.0024839630350470543
v -0.008913992904126644 0.027999989688396454 -0.02188098058104515
v 0.009414969943463802 0.027999989688396454 -0.02167098969221115
v 0.013500980101525784 0.027737969532608986 -0.021101949736475945
v 0.009981988929212093 0.027737969532608986 -0.022976990789175034
v 0.019727999344468117 0.028913969174027443 -0.005953967105597258
v -0.01704495958983898 0.028804000467061996 -0.0034049740061163902
v -0.01915496028959751 0.028913969174027443 -0.0006489999359473586
v 0.019727999344468117 0.028913969174027443 -0.005953967105597258
v 0.017796989530324936 0.028813950717449188 -0.007884979248046875
v 0.017437990754842758 0.0288159791380167 -0.007844983600080013
v 0.002150951884686947 0.027999989688396454 -0.023528989404439926
v 0.017791980877518654 0.02881300076842308 -0.007888971827924252
v 0.017796989530324936 0.028813950717449188 -0.007884979248046875
v -0.012272950261831284 0.027999989688396454 -0.020190000534057617
v -0.009451985359191895 0.027737969532608986 -0.023200979456305504
v -0.013012940064072609 0.027737969532608986 -0.02140693925321102
v 0.02379094995558262 0.02870994061231613 -0.008477984927594662
v 0.018110990524291992 0.028806980699300766 -0.007927954196929932
v 0.01811397075653076 0.02880799025297165 -0.007923959754407406
v 0.02379596047103405 0.02870994061231613 -0.008477984927594662
v 0.02379596047103405 0.02870994061231613 -0.008477984927594662
v 0.00585698988288641 0.027999989688396454 -0.022889969870448112
v 0.013500980101525784 0.027737969532608986 -0.021101949736475945
v 0.010474969632923603 0.026984980329871178 -0.024111980572342873
v 0.009981988929212093 0.027737969532608986 -0.022976990789175034
v 0.009981988929212093 0.027737969532608986 -0.022976990789175034
v 0.00585698988288641 0.027999989688396454 -0.022889969870448112
v 0.009414969943463802 0.027999989688396454 -0.02167098969221115
v 0.02379596047103405 0.028708990663290024 -0.008482991717755795
v 0.023805970326066017 0.028708990663290024 -0.008478999137878418
v 0.013500980101525784 0.027737969532608986 -0.021101949736475945
v 0.014932990074157715 0.0244559608399868 -0.023205989971756935
v 0.011209960095584393 0.023000000044703484 -0.02539896033704281
v 0.010997950099408627 0.0244559608399868 -0.025314979255199432
v 0.02799694985151291 0.02865695022046566 -0.005651949904859066
v 0.025382990017533302 0.028490960597991943 -0.00843799114227295
v 0.025214970111846924 0.028513960540294647 -0.008444963954389095
v 0.02799694985151291 0.02865695022046566 -0.005651949904859066
v 0.025586960837244987 0.028460970148444176 -0.00842898990958929
v 0.025382990017533302 0.028490960597991943 -0.00843799114227295
v 0.006516993045806885 0.026984980329871178 -0.02546899951994419
v 0.002280950080603361 0.027737969532608986 -0.02494800090789795
v 0.00620996905490756 0.027737969532608986 -0.024269990622997284
v 0.025586960837244987 0.028460970148444176 -0.00842898990958929
v 0.02594798058271408 0.028329959139227867 -0.008378981612622738
v 0.017502959817647934 0.026984980329871178 -0.019615940749645233
v 0.02799694985151291 0.02865695022046566 -0.005651949904859066
v 0.026124950498342514 0.028244970366358757 -0.008344948291778564
v 0.02594798058271408 0.028329959139227867 -0.008378981612622738
v 0.010474969632923603 0.026984980329871178 -0.024111980572342873
v 0.006736992858350277 0.025840990245342255 -0.026329990476369858
v 0.006516993045806885 0.026984980329871178 -0.02546899951994419
v -0.01698100008070469 0.018526969477534294 0.026984980329871178
v -0.016970990225672722 0.018278000876307487 0.02688198909163475
v -0.005546987056732178 0.01667100004851818 0.028718940913677216
v -0.021004969254136086 0.0244559608399868 -0.01790595054626465
v -0.023441970348358154 0.023000000044703484 -0.014875940047204494
v -0.023396959528326988 0.0244559608399868 -0.014598960056900978
v -0.016970990225672722 0.018278000876307487 0.02688198909163475
v -0.012257990427315235 0.017534969374537468 0.027526969090104103
v -0.011074960231781006 0.017382970079779625 0.027737969532608986
v -0.026171980425715446 0.02281397022306919 0.009320974349975586
v -0.026555949822068214 0.023254990577697754 0.008001983165740967
v -0.026461949571967125 0.018810980021953583 0.009324966929852962
v -0.024123959243297577 0.018541989848017693 0.013927989639341831
v -0.02608299069106579 0.01849997043609619 0.009190975688397884
v -0.01670295000076294 0.018041960895061493 0.026644999161362648
v -0.026555949822068214 0.023254990577697754 0.008001983165740967
v -0.02663296088576317 0.023182980716228485 0.007767974864691496
v -0.026461949571967125 0.018810980021953583 0.009324966929852962
v -0.024123959243297577 0.018541989848017693 0.013927989639341831
v -0.026461949571967125 0.018810980021953583 0.009324966929852962
v -0.02608299069106579 0.01849997043609619 0.009190975688397884
v -0.02663296088576317 0.023182980716228485 0.007767974864691496
v -0.02704297937452793 0.023000000044703484 0.006278990767896175
v -0.026461949571967125 0.018810980021953583 0.009324966929852962
v -0.017663000151515007 0.023000000044703484 -0.02142000012099743
v -0.0162039902061224 0.018782969564199448 -0.022889969870448112
v -0.02017693966627121 0.018858959898352623 -0.01956396922469139
v -0.027637949213385582 0.018727950751781464 0.00428998377174139
v -0.027891989797353745 0.01863097958266735 -0.0008590000215917826
v -0.02608299069106579 0.01849997043609619 0.009190975688397884
v -0.02433997020125389 0.018866950646042824 0.01405297964811325
v -0.026171980425715446 0.02281397022306919 0.009320974349975586
v -0.026461949571967125 0.018810980021953583 0.009324966929852962
v -0.027891989797353745 0.01863097958266735 -0.0008590000215917826
v -0.027014970779418945 0.01849997043609619 -0.005915998946875334
v -0.02608299069106579 0.01849997043609619 0.009190975688397884
v -0.020810959860682487 0.023000000044703484 -0.01837599091231823
v -0.017663000151515007 0.023000000044703484 -0.02142000012099743
v -0.02017693966627121 0.018858959898352623 -0.01956396922469139
v -0.025756949558854103 0.018727950751781464 -0.010901980102062225
v -0.023052990436553955 0.01849997043609619 -0.015275949612259865
v -0.027014970779418945 0.01849997043609619 -0.005915998946875334
v -0.027303989976644516 0.026759980246424675 0.0010509489802643657
v -0.026778990402817726 0.028774969279766083 0.001337944995611906
v -0.026964960619807243 0.02779597043991089 0.000195999993593432
v -0.016970990225672722 0.018278000876307487 0.02688198909163475
v -0.024210980162024498 0.02067697048187256 0.013977999798953533
v -0.02433997020125389 0.018866950646042824 0.01405297964811325
v -0.023377949371933937 0.018782969564199448 -0.0154909398406744
v -0.02697199024260044 0.024461980909109116 -0.005857944022864103
v -0.026901960372924805 0.023000000044703484 -0.006859958171844482
v -0.027395959943532944 0.018782969564199448 -0.005999981891363859
v 0.0027679800987243652 0.023000000044703484 -0.027624959126114845
v -0.0017329449765384197 0.019043980166316032 -0.028099950402975082
v -0.0016499749617651105 0.022729989141225815 -0.027716990560293198
v -0.001791000016964972 0.026984980329871178 -0.02622896060347557
v -0.0061299800872802734 0.025840990245342255 -0.026477990671992302
v -0.005929945968091488 0.026984980329871178 -0.025611989200115204
v 0.021300969645380974 0.018792979419231415 -0.018248969689011574
v 0.018543949350714684 0.023000000044703484 -0.02066195011138916
v 0.02112697996199131 0.022351980209350586 -0.018099959939718246
v 0.03779995068907738 0.022026000544428825 0.028146980330348015
v 0.04646496847271919 0.01874195970594883 0.024392960593104362
v 0.03769499063491821 0.022764980792999268 0.027965959161520004
v 0.04646496847271919 0.01874195970594883 0.024392960593104362
v 0.038467999547719955 0.022764980792999268 0.027372950688004494
v 0.03769499063491821 0.022764980792999268 0.027965959161520004
v 0.038467999547719955 0.022764980792999268 0.027372950688004494
v 0.03858596086502075 0.023302970454096794 0.026326950639486313
v 0.03775094822049141 0.023302970454096794 0.027238959446549416
v -0.02722894959151745 0.024595970287919044 -0.004415987990796566
v -0.027395959943532944 0.018782969564199448 -0.005999981891363859
v -0.028139939531683922 0.019043980166316032 -0.0008669999660924077
v 0.02221398986876011 0.026962989941239357 0.029003970324993134
v 0.03775094822049141 0.023302970454096794 0.027238959446549416
v 0.03858596086502075 0.023302970454096794 0.026326950639486313
v 0.013301960192620754 0.02895498089492321 0.03046094998717308
v 0.021672960370779037 0.02696800045669079 0.029505960643291473
v 0.02186495065689087 0.02697497047483921 0.02933298982679844
v 0.030422979965806007 0.026999950408935547 0.01819097064435482
v 0.02221398986876011 0.026962989941239357 0.029003970324993134
v 0.03075695037841797 0.026848969981074333 0.018523989245295525
v 0.013301960192620754 0.02895498089492321 0.03046094998717308
v 0.013390949927270412 0.02897696942090988 0.029911989346146584
v 0.012900940142571926 0.028967969119548798 0.03074299916625023
v 0.030422979965806007 0.026999950408935547 0.01819097064435482
v 0.03079896979033947 0.026999950408935547 0.017605960369110107
v 0.013301960192620754 0.02895498089492321 0.03046094998717308
v 0.013301960192620754 0.02895498089492321 0.03046094998717308
v 0.02168196067214012 0.02899998053908348 0.016765950247645378
v 0.013390949927270412 0.02897696942090988 0.029911989346146584
v 0.03890395164489746 0.023302970454096794 0.025559959933161736
v 0.031401991844177246 0.026807960122823715 0.015053980052471161
v 0.03114395961165428 0.026841990649700165 0.01794498972594738
v 0.03079896979033947 0.026999950408935547 0.017605960369110107
v 0.02719295024871826 0.02798295021057129 0.014706959947943687
v 0.02168196067214012 0.02899998053908348 0.016765950247645378
v 0.029582969844341278 0.027728969231247902 0.009793995879590511
v 0.02719295024871826 0.02798295021057129 0.014706959947943687
v 0.03079896979033947 0.026999950408935547 0.017605960369110107
v 0.029582969844341278 0.027728969231247902 0.009793995879590511
v 0.03890395164489746 0.023302970454096794 0.025559959933161736
v 0.03181498870253563 0.026732979342341423 0.00888597872108221
v 0.03157097101211548 0.026784950867295265 0.013156949542462826
v 0.027677949517965317 0.02736395038664341 -0.006555974017828703
v 0.023902950808405876 0.0244559608399868 -0.013800970278680325
v 0.02799694985151291 0.02865695022046566 -0.005651949904859066
v 0.023902950808405876 0.0244559608399868 -0.013800970278680325
v 0.027175959199666977 0.028131959959864616 -0.007119953166693449
v 0.02732097916305065 0.02806699089705944 -0.006942986976355314
v 0.02142398990690708 0.0244559608399868 -0.01739995926618576
v 0.026945939287543297 0.028228990733623505 -0.007399975787848234
v 0.027175959199666977 0.028131959959864616 -0.007119953166693449
v 0.026124950498342514 0.028244970366358757 -0.008344948291778564
v 0.02799694985151291 0.02865695022046566 -0.005651949904859066
v 0.026945939287543297 0.028228990733623505 -0.007399975787848234
v -0.017125960439443588 0.019190959632396698 0.026256969198584557
v -0.016732990741729736 0.018866000697016716 0.026900939643383026
v -0.010511989705264568 0.027351969853043556 0.02479696087539196
v 0.020549949258565903 0.02899998053908348 0.0009939998853951693
v 0.023005960509181023 0.02899998053908348 0.00875699520111084
v 0.02799694985151291 0.02865695022046566 -0.005651949904859066
v -0.005878983996808529 0.02267497032880783 -0.027146989479660988
v -0.0017129769548773766 0.0244559608399868 -0.027534959837794304
v -0.0017329449765384197 0.019043980166316032 -0.028099950402975082
v -0.0017129769548773766 0.0244559608399868 -0.027534959837794304
v -0.0016499749617651105 0.022729989141225815 -0.027716990560293198
v -0.0017329449765384197 0.019043980166316032 -0.028099950402975082
v -0.008016943000257015 0.02899998053908348 0.02049398049712181
v 0.02112697996199131 0.022351980209350586 -0.018099959939718246
v 0.01840895041823387 0.0244559608399868 -0.02055995911359787
v 0.02142398990690708 0.0244559608399868 -0.01739995926618576
v 0.031631939113140106 0.016649959608912468 0.028822949156165123
v 0.024860970675945282 0.01653796061873436 0.028914980590343475
v 0.027414970099925995 0.016584990546107292 0.028761979192495346
v -0.026778990402817726 0.028774969279766083 0.001337944995611906
v -0.024698970839381218 0.027999989688396454 0.01085096038877964
v -0.008016943000257015 0.02899998053908348 0.02049398049712181
v 0.023902950808405876 0.0244559608399868 -0.013800970278680325
v 0.02132898010313511 0.022662989795207977 -0.017796989530324936
v 0.02142398990690708 0.0244559608399868 -0.01739995926618576
v 0.0034369819331914186 0.018727950751781464 -0.027756979689002037
v 0.013082980178296566 0.01849997043609619 -0.024363990873098373
v -0.001717983977869153 0.01863097958266735 -0.027852950617671013
v 0.013082980178296566 0.01849997043609619 -0.024363990873098373
v -0.006769955158233643 0.01852094940841198 -0.026916980743408203
v -0.001717983977869153 0.01863097958266735 -0.027852950617671013
v -0.02433997020125389 0.018866950646042824 0.01405297964811325
v -0.024210980162024498 0.02067697048187256 0.013977999798953533
v -0.024707969278097153 0.02567696012556553 0.011976949870586395
v -0.006225943099707365 0.0244559608399868 -0.026889970526099205
v -0.005878983996808529 0.02267497032880783 -0.027146989479660988
v -0.006854950916022062 0.018858959898352623 -0.0272559504956007
v -0.025440990924835205 0.025616999715566635 0.01034598983824253
v -0.025733940303325653 0.02465498074889183 0.00991594698280096
v -0.024707969278097153 0.02567696012556553 0.011976949870586395
v -0.025733940303325653 0.02465498074889183 0.00991594698280096
v -0.026171980425715446 0.02281397022306919 0.009320974349975586
v -0.024707969278097153 0.02567696012556553 0.011976949870586395
v -0.01670295000076294 0.018041960895061493 0.026644999161362648
v -0.02433997020125389 0.018866950646042824 0.01405297964811325
v -0.024123959243297577 0.018541989848017693 0.013927989639341831
v -0.026171980425715446 0.02281397022306919 0.009320974349975586
v -0.02433997020125389 0.018866950646042824 0.01405297964811325
v -0.024707969278097153 0.02567696012556553 0.011976949870586395
v -0.026778990402817726 0.028774969279766083 0.001337944995611906
v -0.02708297036588192 0.027813969179987907 0.0024029610212892294
v -0.024698970839381218 0.027999989688396454 0.01085096038877964
v -0.005909978877753019 0.0244559608399868 -0.026936940848827362
v -0.0017129769548773766 0.0244559608399868 -0.027534959837794304
v -0.005878983996808529 0.02267497032880783 -0.027146989479660988
v -0.025654969736933708 0.026184970512986183 0.009052990935742855
v -0.025314979255199432 0.026434950530529022 0.01005399040877819
v -0.024698970839381218 0.027999989688396454 0.01085096038877964
v 0.027677949517965317 0.02736395038664341 -0.006555974017828703
v 0.023902950808405876 0.0244559608399868 -0.013800970278680325
v 0.023902950808405876 0.0244559608399868 -0.013800970278680325
v 0.028236979618668556 0.024744980037212372 -0.006227970123291016
v -0.001706957002170384 0.027737969532608986 -0.024993950501084328
v 0.0023929469753056765 0.026984980329871178 -0.02618098072707653
v -0.001791000016964972 0.026984980329871178 -0.02622896060347557
v -0.01532095018774271 0.027999989688396454 -0.017986949533224106
v -0.02404797077178955 0.028756970539689064 -0.0024839630350470543
v -0.012272950261831284 0.027999989688396454 -0.020190000534057617
v 0.007076978217810392 0.023000000044703484 -0.026845989748835564
v 0.003416955005377531 0.022351980209350586 -0.02756798081099987
v 0.0027679800987243652 0.023000000044703484 -0.027624959126114845
v -0.02705799974501133 0.026146940886974335 -0.0029189579654484987
v -0.027283959090709686 0.024664990603923798 -0.004008947871625423
v -0.027417000383138657 0.025031980127096176 -0.0025319450069218874
v 0.003416955005377531 0.022351980209350586 -0.02756798081099987
v 0.0034369819331914186 0.018727950751781464 -0.027756979689002037
v 0.0027679800987243652 0.023000000044703484 -0.027624959126114845
v -0.025419950485229492 0.0244559608399868 -0.010695990175008774
v -0.026901960372924805 0.023000000044703484 -0.006859958171844482
v -0.026778990402817726 0.0244559608399868 -0.006578980945050716
v 0.008478999137878418 0.018727950751781464 -0.02665298990905285
v 0.013082980178296566 0.01849997043609619 -0.024363990873098373
v 0.0034369819331914186 0.018727950751781464 -0.027756979689002037
v 0.0005999999702908099 0.016137950122356415 0.02924400009214878
v -0.015977969393134117 0.01849997043609619 -0.022571979090571404
v -0.006769955158233643 0.01852094940841198 -0.026916980743408203
v -0.015977969393134117 0.01849997043609619 -0.022571979090571404
v -0.011689960025250912 0.018727950751781464 -0.025408979505300522
v -0.006769955158233643 0.01852094940841198 -0.026916980743408203
v -0.02140199951827526 0.027737969532608986 -0.013020990416407585
v -0.026189979165792465 0.028647949919104576 -0.0005750000127591193
v -0.01906495913863182 0.027737969532608986 -0.016251979395747185
v -0.005358994007110596 0.02899998053908348 0.018379980698227882
v 0.023005960509181023 0.02899998053908348 0.00875699520111084
v 0.020549949258565903 0.02899998053908348 0.0009939998853951693
v -0.026189979165792465 0.028647949919104576 -0.0005750000127591193
v -0.025255970656871796 0.02860998921096325 -0.002030967967584729
v -0.025256989523768425 0.02860998921096325 -0.002029954921454191
v -0.02404797077178955 0.028756970539689064 -0.0024839630350470543
v -0.017980989068746567 0.027999989688396454 -0.015327990055084229
v -0.01906495913863182 0.027737969532608986 -0.016251979395747185
v 0.017534969374537468 0.018727950751781464 -0.02178996056318283
v 0.021000979468226433 0.01849997043609619 -0.01799296960234642
v 0.013082980178296566 0.01849997043609619 -0.024363990873098373
v -0.017980989068746567 0.027999989688396454 -0.015327990055084229
v -0.02404797077178955 0.028756970539689064 -0.0024839630350470543
v -0.01532095018774271 0.027999989688396454 -0.017986949533224106
v -0.026189979165792465 0.028647949919104576 -0.0005750000127591193
v -0.026778990402817726 0.028774969279766083 0.001337944995611906
v -0.02404797077178955 0.028756970539689064 -0.0024839630350470543
v 0.021000979468226433 0.01849997043609619 -0.01799296960234642
v 0.031631939113140106 0.016649959608912468 0.028822949156165123
v 0.013082980178296566 0.01849997043609619 -0.024363990873098373
v -0.026778990402817726 0.028774969279766083 0.001337944995611906
v -0.01915496028959751 0.028913969174027443 -0.0006489999359473586
v -0.02404797077178955 0.028756970539689064 -0.0024839630350470543
v 0.009414969943463802 0.027999989688396454 -0.02167098969221115
v 0.02379596047103405 0.02870994061231613 -0.008477984927594662
v 0.02379596047103405 0.02870994061231613 -0.008477984927594662
v -0.0061299800872802734 0.025840990245342255 -0.026477990671992302
v -0.0018519749864935875 0.025840990245342255 -0.027114979922771454
v -0.006225943099707365 0.0244559608399868 -0.026889970526099205
v -0.026159999892115593 0.02379298023879528 0.009033977054059505
v -0.026555949822068214 0.023254990577697754 0.008001983165740967
v -0.026171980425715446 0.02281397022306919 0.009320974349975586
v -0.025733940303325653 0.02465498074889183 0.00991594698280096
v -0.005909978877753019 0.0244559608399868 -0.026936940848827362
v -0.01159697026014328 0.022351980209350586 -0.025215979665517807
v -0.0102079501375556 0.0244559608399868 -0.025626949965953827
v -0.011689960025250912 0.018727950751781464 -0.025408979505300522
v -0.02574794925749302 0.024966949597001076 0.009700953029096127
v -0.026141999289393425 0.02413100004196167 0.008871971629559994
v -0.026141999289393425 0.02413100004196167 0.008871971629559994
v -0.025440990924835205 0.025616999715566635 0.01034598983824253
v -0.025682980194687843 0.025939999148249626 0.009176968596875668
v -0.02574794925749302 0.024966949597001076 0.009700953029096127
v -0.02708297036588192 0.027813969179987907 0.0024029610212892294
v -0.02704297937452793 0.023000000044703484 0.006278990767896175
v -0.026555949822068214 0.023254990577697754 0.008001983165740967
v -0.02704297937452793 0.023000000044703484 0.006278990767896175
v -0.02663296088576317 0.023182980716228485 0.007767974864691496
v -0.026555949822068214 0.023254990577697754 0.008001983165740967
v -0.014732000418007374 0.022690949961543083 -0.023483989760279655
v -0.01433700043708086 0.0244559608399868 -0.023584960028529167
v -0.011689960025250912 0.018727950751781464 -0.025408979505300522
v -0.01433700043708086 0.0244559608399868 -0.023584960028529167
v -0.01159697026014328 0.022351980209350586 -0.025215979665517807
v -0.011689960025250912 0.018727950751781464 -0.025408979505300522
v -0.027702979743480682 0.023000000044703484 0.0018339749658480287
v -0.02739495038986206 0.022351980209350586 0.004250943195074797
v -0.02704297937452793 0.023000000044703484 0.006278990767896175
v -0.01159697026014328 0.022351980209350586 -0.025215979665517807
v -0.013979969546198845 0.0244559608399868 -0.0237649604678154
v -0.0102079501375556 0.0244559608399868 -0.025626949965953827
v -0.027424989268183708 0.0259319506585598 -0.00034100000630132854
v -0.028139939531683922 0.019043980166316032 -0.0008669999660924077
v -0.027702979743480682 0.023000000044703484 0.0018339749658480287
v -0.02434295043349266 0.026984980329871178 -0.009927988052368164
v -0.023218980059027672 0.025840990245342255 -0.014125999994575977
v -0.025165969505906105 0.025840990245342255 -0.010262959636747837
v -0.02708297036588192 0.027813969179987907 0.0024029610212892294
v -0.027303989976644516 0.026759980246424675 0.0010509489802643657
v -0.027702979743480682 0.023000000044703484 0.0018339749658480287
v -0.027424989268183708 0.0259319506585598 -0.00034100000630132854
v -0.027448950335383415 0.02556896023452282 -0.001098989974707365
v -0.028139939531683922 0.019043980166316032 -0.0008669999660924077
v -0.027448950335383415 0.02556896023452282 -0.001098989974707365
v -0.027417000383138657 0.025031980127096176 -0.0025319450069218874
v -0.028139939531683922 0.019043980166316032 -0.0008669999660924077
v -0.027417000383138657 0.025031980127096176 -0.0025319450069218874
v -0.027283959090709686 0.024664990603923798 -0.004008947871625423
v -0.028139939531683922 0.019043980166316032 -0.0008669999660924077
v -0.005929945968091488 0.026984980329871178 -0.025611989200115204
v -0.010253960266709328 0.025840990245342255 -0.025169959291815758
v -0.009918986819684505 0.026984980329871178 -0.024346940219402313
v -0.027283959090709686 0.024664990603923798 -0.004008947871625423
v -0.02722894959151745 0.024595970287919044 -0.004415987990796566
v -0.028139939531683922 0.019043980166316032 -0.0008669999660924077
v -0.008913992904126644 0.027999989688396454 -0.02188098058104515
v -0.005650997161865234 0.027737969532608986 -0.0244059506803751
v -0.009451985359191895 0.027737969532608986 -0.023200979456305504
v -0.026669969782233238 0.025586960837244987 -0.005835949908941984
v -0.026778990402817726 0.0244559608399868 -0.006578980945050716
v -0.02697199024260044 0.024461980909109116 -0.005857944022864103
v -0.020682990550994873 0.025840990245342255 -0.017630990594625473
v -0.023396959528326988 0.0244559608399868 -0.014598960056900978
v -0.023218980059027672 0.025840990245342255 -0.014125999994575977
v -0.022233959287405014 0.02256995067000389 -0.016542969271540642
v -0.02017693966627121 0.018858959898352623 -0.01956396922469139
v -0.023377949371933937 0.018782969564199448 -0.0154909398406744
v 0.011209960095584393 0.023000000044703484 -0.02539896033704281
v 0.00881498958915472 0.022522980347275734 -0.026289990171790123
v 0.007076978217810392 0.023000000044703484 -0.026845989748835564
v 0.00881498958915472 0.022522980347275734 -0.026289990171790123
v 0.008478999137878418 0.018727950751781464 -0.02665298990905285
v 0.007076978217810392 0.023000000044703484 -0.026845989748835564
v -0.027637949213385582 0.018727950751781464 0.00428998377174139
v -0.026189979165792465 0.028647949919104576 -0.0005750000127591193
v -0.02434295043349266 0.026984980329871178 -0.009927988052368164
v -0.026778990402817726 0.028774969279766083 0.001337944995611906
v -0.02434295043349266 0.026984980329871178 -0.009927988052368164
v -0.025165969505906105 0.025840990245342255 -0.010262959636747837
v -0.026778990402817726 0.028774969279766083 0.001337944995611906
v -0.02704297937452793 0.023000000044703484 0.006278990767896175
v -0.027637949213385582 0.018727950751781464 0.00428998377174139
v -0.026461949571967125 0.018810980021953583 0.009324966929852962
v -0.025165969505906105 0.025840990245342255 -0.010262959636747837
v -0.026515960693359375 0.025712959468364716 -0.006149947177618742
v -0.026778990402817726 0.028774969279766083 0.001337944995611906
v -0.026515960693359375 0.025712959468364716 -0.006149947177618742
v -0.026669969782233238 0.025586960837244987 -0.005835949908941984
v -0.026778990402817726 0.028774969279766083 0.001337944995611906
v 0.023453950881958008 0.01651597023010254 0.02893495000898838
v 0.024860970675945282 0.01653796061873436 0.028914980590343475
v 0.01508294977247715 0.026984980329871178 0.030855000019073486
v 0.008642970584332943 0.02899998053908348 0.03125094994902611
v 0.01009397953748703 0.026986949145793915 0.0309369508177042
v 0.011854940094053745 0.02899998053908348 0.03125094994902611
v -0.026669969782233238 0.025586960837244987 -0.005835949908941984
v -0.026917990297079086 0.025757959112524986 -0.004386960994452238
v -0.026778990402817726 0.028774969279766083 0.001337944995611906
v -0.026917990297079086 0.025757959112524986 -0.004386960994452238
v -0.02705799974501133 0.026146940886974335 -0.0029189579654484987
v -0.026778990402817726 0.028774969279766083 0.001337944995611906
v 0.008642970584332943 0.02899998053908348 0.03125094994902611
v 0.00688397791236639 0.026986949145793915 0.030918000265955925
v 0.007383942138403654 0.026986949145793915 0.0309369508177042
v -0.02705799974501133 0.026146940886974335 -0.0029189579654484987
v -0.02708595059812069 0.026665979996323586 -0.0016609430313110352
v -0.026778990402817726 0.028774969279766083 0.001337944995611906
v -0.02708595059812069 0.026665979996323586 -0.0016609430313110352
v -0.026964960619807243 0.02779597043991089 0.000195999993593432
v -0.026778990402817726 0.028774969279766083 0.001337944995611906
v 0.011209960095584393 0.023000000044703484 -0.02539896033704281
v 0.013402990065515041 0.022522980347275734 -0.024276969954371452
v 0.013267990201711655 0.018782969564199448 -0.024707969278097153
v 0.019727999344468117 0.028913969174027443 -0.005953967105597258
v 0.02799694985151291 0.02865695022046566 -0.005651949904859066
v 0.02383594959974289 0.028711970895528793 -0.008441983722150326
v 0.010997950099408627 0.0244559608399868 -0.025314979255199432
v 0.007076978217810392 0.023000000044703484 -0.026845989748835564
v 0.0069549670442938805 0.0244559608399868 -0.02670096978545189
v -0.026159999892115593 0.02379298023879528 0.009033977054059505
v -0.025733940303325653 0.02465498074889183 0.00991594698280096
v -0.025440990924835205 0.025616999715566635 0.01034598983824253
v 0.006736992858350277 0.025840990245342255 -0.026329990476369858
v 0.0023929469753056765 0.026984980329871178 -0.02618098072707653
v 0.006516993045806885 0.026984980329871178 -0.02546899951994419
v 0.015064950101077557 0.023000000044703484 -0.023320969194173813
v 0.018543949350714684 0.023000000044703484 -0.02066195011138916
v 0.017534969374537468 0.018727950751781464 -0.02178996056318283
v -0.02434295043349266 0.026984980329871178 -0.009927988052368164
v -0.026189979165792465 0.028647949919104576 -0.0005750000127591193
v -0.022458970546722412 0.026984980329871178 -0.01366495992988348
v 0.02403699979186058 0.01852094940841198 -0.013877980411052704
v 0.031631939113140106 0.016649959608912468 0.028822949156165123
v 0.021000979468226433 0.01849997043609619 -0.01799296960234642
v -0.026189979165792465 0.028647949919104576 -0.0005750000127591193
v -0.02140199951827526 0.027737969532608986 -0.013020990416407585
v -0.022458970546722412 0.026984980329871178 -0.01366495992988348
v -0.023441970348358154 0.023000000044703484 -0.014875940047204494
v -0.025756949558854103 0.018727950751781464 -0.010901980102062225
v -0.025509949773550034 0.022729989141225815 -0.01092499028891325
v 0.02403699979186058 0.01852094940841198 -0.013877980411052704
v 0.03794794902205467 0.017281940206885338 0.028194960206747055
v 0.031631939113140106 0.016649959608912468 0.028822949156165123
v 0.03794794902205467 0.017281940206885338 0.028194960206747055
v 0.033744990825653076 0.019325969740748405 0.028746960684657097
v 0.031631939113140106 0.016649959608912468 0.028822949156165123
v 0.0069549670442938805 0.0244559608399868 -0.02670096978545189
v 0.0027679800987243652 0.023000000044703484 -0.027624959126114845
v 0.0026539559476077557 0.0244559608399868 -0.027462000027298927
v 0.0188019797205925 0.026978960260748863 0.030504999682307243
v 0.031631939113140106 0.016649959608912468 0.028822949156165123
v 0.03583097085356712 0.022026000544428825 0.028674960136413574
v -0.013655959628522396 0.026984980329871178 -0.022464990615844727
v -0.010253960266709328 0.025840990245342255 -0.025169959291815758
v -0.014117949642241001 0.025840990245342255 -0.023223990574479103
v -0.01433700043708086 0.0244559608399868 -0.023584960028529167
v -0.013979969546198845 0.0244559608399868 -0.0237649604678154
v -0.01159697026014328 0.022351980209350586 -0.025215979665517807
v -0.026901960372924805 0.023000000044703484 -0.006859958171844482
v -0.025756949558854103 0.018727950751781464 -0.010901980102062225
v -0.027395959943532944 0.018782969564199448 -0.005999981891363859
v 0.015064950101077557 0.023000000044703484 -0.023320969194173813
v 0.013267990201711655 0.018782969564199448 -0.024707969278097153
v 0.013402990065515041 0.022522980347275734 -0.024276969954371452
v -0.016029000282287598 0.022351980209350586 -0.02264999970793724
v -0.01433700043708086 0.0244559608399868 -0.023584960028529167
v -0.0162039902061224 0.018782969564199448 -0.022889969870448112
v -0.026515960693359375 0.025712959468364716 -0.006149947177618742
v -0.025165969505906105 0.025840990245342255 -0.010262959636747837
v -0.026669969782233238 0.025586960837244987 -0.005835949908941984
v -0.01433700043708086 0.0244559608399868 -0.023584960028529167
v -0.014732000418007374 0.022690949961543083 -0.023483989760279655
v -0.0162039902061224 0.018782969564199448 -0.022889969870448112
v -0.02706599049270153 0.027011990547180176 -0.0010029670083895326
v -0.026964960619807243 0.02779597043991089 0.000195999993593432
v -0.02708595059812069 0.026665979996323586 -0.0016609430313110352
v -0.016029000282287598 0.022351980209350586 -0.02264999970793724
v -0.017663000151515007 0.023000000044703484 -0.02142000012099743
v -0.01433700043708086 0.0244559608399868 -0.023584960028529167
v -0.017663000151515007 0.023000000044703484 -0.02142000012099743
v -0.017540989443659782 0.0244559608399868 -0.02126896008849144
v -0.01433700043708086 0.0244559608399868 -0.023584960028529167
v -0.020006949082016945 0.026984980329871178 -0.01705496944487095
v -0.017623959109187126 0.025840990245342255 -0.020689960569143295
v -0.020682990550994873 0.025840990245342255 -0.017630990594625473
v -0.013012940064072609 0.027737969532608986 -0.02140693925321102
v -0.017046980559825897 0.026984980329871178 -0.02001296915113926
v -0.01624494045972824 0.027737969532608986 -0.019070979207754135
v 0.014646939933300018 0.025840990245342255 -0.022892950102686882
v 0.010997950099408627 0.0244559608399868 -0.025314979255199432
v 0.010829979553818703 0.025840990245342255 -0.02492797002196312
v -0.02706599049270153 0.027011990547180176 -0.0010029670083895326
v -0.027448950335383415 0.02556896023452282 -0.001098989974707365
v -0.027424989268183708 0.0259319506585598 -0.00034100000630132854
v -0.026669969782233238 0.025586960837244987 -0.005835949908941984
v -0.02722894959151745 0.024595970287919044 -0.004415987990796566
v -0.026917990297079086 0.025757959112524986 -0.004386960994452238
v 0.015064950101077557 0.023000000044703484 -0.023320969194173813
v 0.013402990065515041 0.022522980347275734 -0.024276969954371452
v 0.011209960095584393 0.023000000044703484 -0.02539896033704281
v 0.029582969844341278 0.027728969231247902 0.009793995879590511
v 0.02799694985151291 0.02865695022046566 -0.005651949904859066
v 0.02168196067214012 0.02899998053908348 0.016765950247645378
v -0.013893960043787956 0.017696969211101532 0.027166960760951042
v -0.014172970317304134 0.017730949446558952 0.027114979922771454
v -0.014139950275421143 0.017718970775604248 0.027095969766378403
v 0.02799694985151291 0.02865695022046566 -0.005651949904859066
v 0.023005960509181023 0.02899998053908348 0.00875699520111084
v 0.02168196067214012 0.02899998053908348 0.016765950247645378
v -0.02608299069106579 0.01849997043609619 0.009190975688397884
v -0.014139950275421143 0.017718970775604248 0.027095969766378403
v -0.015138980001211166 0.017835969105362892 0.026732979342341423
v 0.023005960509181023 0.02899998053908348 0.00875699520111084
v 0.006445943843573332 0.029004989191889763 0.030353959649801254
v 0.02168196067214012 0.02899998053908348 0.016765950247645378
v -0.02608299069106579 0.01849997043609619 0.009190975688397884
v -0.027014970779418945 0.01849997043609619 -0.005915998946875334
v -0.0024989841040223837 0.016249949112534523 0.029142970219254494
v 0.013301960192620754 0.02895498089492321 0.03046094998717308
v 0.03079896979033947 0.026999950408935547 0.017605960369110107
v 0.02168196067214012 0.02899998053908348 0.016765950247645378
v -0.027014970779418945 0.01849997043609619 -0.005915998946875334
v -0.023052990436553955 0.01849997043609619 -0.015275949612259865
v -0.0024989841040223837 0.016249949112534523 0.029142970219254494
v 0.030422979965806007 0.026999950408935547 0.01819097064435482
v 0.030773989856243134 0.026846999302506447 0.018495969474315643
v 0.03114395961165428 0.026841990649700165 0.01794498972594738
v -0.023052990436553955 0.01849997043609619 -0.015275949612259865
v -0.019925950095057487 0.01852094940841198 -0.019321970641613007
v -0.0024989841040223837 0.016249949112534523 0.029142970219254494
v 0.008642970584332943 0.02899998053908348 0.03125094994902611
v 0.0063249459490180016 0.026985999196767807 0.030836990103125572
v 0.00688397791236639 0.026986949145793915 0.030918000265955925
v -0.005358994007110596 0.02899998053908348 0.018379980698227882
v -0.008016943000257015 0.02899998053908348 0.02049398049712181
v 0.006445943843573332 0.029004989191889763 0.030353959649801254
v -0.008016943000257015 0.02899998053908348 0.02049398049712181
v -0.010074970312416553 0.027947960421442986 0.024648960679769516
v 0.006445943843573332 0.029004989191889763 0.030353959649801254
v -0.000534999999217689 0.045881979167461395 -0.007071970961987972
v -0.0005089999758638442 0.04589897021651268 -0.006717978976666927
v 0.0010519620263949037 0.045881979167461395 -0.007012962829321623
v -4.999999873689376e-06 0.046220000833272934 0.0
v 0.0051939478144049644 0.045881979167461395 -0.004823981784284115
v 0.0039899940602481365 0.045881979167461395 -0.005858956836163998
v -0.013966970145702362 0.04487299174070358 -0.0021039838902652264
v -0.020978979766368866 0.04319994896650314 -0.0013749590143561363
v -0.01408499013632536 0.04487299174070358 0.0010549420258030295
v -0.023775989189743996 0.03791797161102295 0.009547947905957699
v -0.024804940447211266 0.03791797161102295 0.00641894293949008
v -0.024891970679163933 0.03047800064086914 0.00999599602073431
v -0.02286195009946823 0.03605895861983299 0.012272000312805176
v -0.023775989189743996 0.03791797161102295 0.009547947905957699
v -0.023854969069361687 0.03266298025846481 0.011537959799170494
v -0.020843980833888054 0.04319994896650314 0.0027439589612185955
v -0.01349699031561613 0.04487299174070358 0.004161952994763851
v -0.01408499013632536 0.04487299174070358 0.0010549420258030295
v -0.0257869902998209 0.033306948840618134 0.005645989906042814
v -0.02615397982299328 0.03047800064086914 0.005957961082458496
v -0.025566989555954933 0.03433996066451073 0.005818963050842285
v -0.02615397982299328 0.03047800064086914 0.005957961082458496
v -0.0257869902998209 0.033306948840618134 0.005645989906042814
v -0.026050979271531105 0.0320509597659111 0.005336998961865902
v -0.022222990170121193 0.03791797161102295 0.012751989997923374
v -0.023775989189743996 0.03791797161102295 0.009547947905957699
v -0.02286195009946823 0.03605895861983299 0.012272000312805176
v -0.026420950889587402 0.030490990728139877 0.004615962039679289
v -0.02615397982299328 0.03047800064086914 0.005957961082458496
v -0.026050979271531105 0.0320509597659111 0.005336998961865902
v -0.01996898092329502 0.04319994896650314 0.006495952140539885
v -0.020843980833888054 0.04319994896650314 0.0027439589612185955
v -0.022777970880270004 0.042250990867614746 0.0029979939572513103
v -0.023203959688544273 0.04071199148893356 0.007874964736402035
v -0.022777970880270004 0.042250990867614746 0.0029979939572513103
v -0.02429497055709362 0.04071199148893356 0.003197968006134033
v -0.006605981849133968 0.045881979167461395 -0.0025909540709108114
v -4.999999873689376e-06 0.046220000833272934 0.0
v -0.005863964091986418 0.045881979167461395 -0.003994940780103207
v -4.999999873689376e-06 0.046220000833272934 0.0
v 0.002585947047919035 0.045881979167461395 -0.0066019888035953045
v 0.000998999923467636 0.04589897021651268 -0.0066619510762393475
v -0.006605981849133968 0.045881979167461395 -0.0025909540709108114
v -0.005863964091986418 0.045881979167461395 -0.003994940780103207
v -0.013147950172424316 0.04487299174070358 -0.005157947074621916
v -0.01996898092329502 0.04319994896650314 0.006495952140539885
v -0.01349699031561613 0.04487299174070358 0.004161952994763851
v -0.020843980833888054 0.04319994896650314 0.0027439589612185955
v -4.999999873689376e-06 0.046220000833272934 0.0
v -0.007076978217810392 0.045881979167461395 0.0005300000193528831
v -0.006781994830816984 0.045881979167461395 0.0020899770315736532
v -0.007076978217810392 0.045881979167461395 0.0005300000193528831
v -4.999999873689376e-06 0.046220000833272934 0.0
v -0.007016955874860287 0.045881979167461395 -0.0010569690493866801
v -4.999999873689376e-06 0.046220000833272934 0.0
v -0.006605981849133968 0.045881979167461395 -0.0025909540709108114
v -0.007016955874860287 0.045881979167461395 -0.0010569690493866801
v -0.005863964091986418 0.045881979167461395 -0.003994940780103207
v -0.004586994182318449 0.04589897021651268 -0.004937945865094662
v -0.004828989040106535 0.045881979167461395 -0.005198955070227385
v -4.999999873689376e-06 0.046220000833272934 0.0
v -0.0033729670103639364 0.04589897021651268 -0.005833982955664396
v -0.0020949840545654297 0.045881979167461395 -0.006776988040655851
v -0.0035509460140019655 0.045881979167461395 -0.00614196015521884
v -0.0020949840545654297 0.045881979167461395 -0.006776988040655851
v 0.002585947047919035 0.045881979167461395 -0.0066019888035953045
v -4.999999873689376e-06 0.046220000833272934 0.0
v 0.0039899940602481365 0.045881979167461395 -0.005858956836163998
v -0.007016955874860287 0.045881979167461395 -0.0010569690493866801
v -0.013966970145702362 0.04487299174070358 -0.0021039838902652264
v -0.01408499013632536 0.04487299174070358 0.0010549420258030295
v -0.007076978217810392 0.045881979167461395 0.0005300000193528831
v -0.01349699031561613 0.04487299174070358 0.004161952994763851
v -0.007076978217810392 0.045881979167461395 0.0005300000193528831
v -0.01408499013632536 0.04487299174070358 0.0010549420258030295
v -0.006781994830816984 0.045881979167461395 0.0020899770315736532
v -0.010111980140209198 0.04530197009444237 0.005834995768964291
v -0.006781994830816984 0.045881979167461395 0.0020899770315736532
v -0.01349699031561613 0.04487299174070358 0.004161952994763851
v -0.022777970880270004 0.042250990867614746 0.0029979939572513103
v -0.023203959688544273 0.04071199148893356 0.007874964736402035
v -0.021755989640951157 0.042250990867614746 0.0073829879984259605
v -0.023203959688544273 0.04071199148893356 0.007874964736402035
v -0.021227950230240822 0.04069900140166283 0.012252979911863804
v -0.021755989640951157 0.042250990867614746 0.0073829879984259605
v -0.01996898092329502 0.04319994896650314 0.006495952140539885
v -0.022777970880270004 0.042250990867614746 0.0029979939572513103
v -0.021755989640951157 0.042250990867614746 0.0073829879984259605
v -0.01996898092329502 0.04319994896650314 0.006495952140539885
v -0.021755989640951157 0.042250990867614746 0.0073829879984259605
v -0.019281979650259018 0.04269295185804367 0.01112896017730236
v -0.018207959830760956 0.04319994896650314 0.010509960353374481
v -0.01996898092329502 0.04319994896650314 0.006495952140539885
v -0.019281979650259018 0.04269295185804367 0.01112896017730236
v -0.019281979650259018 0.04269295185804367 0.01112896017730236
v -0.013538000173866749 0.04312198981642723 0.018550990149378777
v -0.018207959830760956 0.04319994896650314 0.010509960353374481
v -0.011368979699909687 0.03527598828077316 0.032476961612701416
v -0.01126496959477663 0.03454899042844772 0.03260999172925949
v -0.011215980164706707 0.034780971705913544 0.032576970756053925
v -0.010946979746222496 0.032322999089956284 0.03301696851849556
v -0.009135960601270199 0.032849960029125214 0.03305298089981079
v -0.00900799036026001 0.0337439700961113 0.03300695866346359
v -0.010111980140209198 0.04530197009444237 0.005834995768964291
v -0.00995695497840643 0.044684939086437225 0.01245998963713646
v -0.007925987243652344 0.045450981706380844 0.005827962886542082
v -0.010111980140209198 0.04530197009444237 0.005834995768964291
v -0.013030939735472202 0.044431980699300766 0.009922981262207031
v -0.00995695497840643 0.044684939086437225 0.01245998963713646
v -0.013030939735472202 0.044431980699300766 0.009922981262207031
v -0.010273990221321583 0.04424196109175682 0.016352949663996696
v -0.00995695497840643 0.044684939086437225 0.01245998963713646
v -0.010273990221321583 0.04424196109175682 0.016352949663996696
v -0.009685993194580078 0.04455798119306564 0.013752990402281284
v -0.00995695497840643 0.044684939086437225 0.01245998963713646
v -0.013030939735472202 0.044431980699300766 0.009922981262207031
v -0.013178999535739422 0.044404979795217514 0.009902000427246094
v -0.010273990221321583 0.04424196109175682 0.016352949663996696
v 0.04967296123504639 0.03242294862866402 0.03309094160795212
v 0.049559950828552246 0.03249698132276535 0.0328979417681694
v 0.049450989812612534 0.03329097852110863 0.03289895877242088
v -0.002347945934161544 0.026999950408935547 0.032355960458517075
v -0.002348958980292082 0.02699797973036766 0.032145969569683075
v -0.001611948013305664 0.026999950408935547 0.032357990741729736
v 0.01819794997572899 0.04319994896650314 -0.010509960353374481
v 0.034993939101696014 0.042466990649700165 0.01562798023223877
v 0.01988697052001953 0.042250990867614746 -0.011484979651868343
v 0.021311990916728973 0.04047197103500366 -0.012306979857385159
v 0.04513198137283325 0.038425978273153305 0.027182990685105324
v 0.022003939375281334 0.038533978164196014 -0.012706990353763103
v 0.04513198137283325 0.038425978273153305 0.027182990685105324
v 0.04564499109983444 0.03830498084425926 0.0279690008610487
v 0.022003939375281334 0.038533978164196014 -0.012706990353763103
v 0.04564499109983444 0.03830498084425926 0.0279690008610487
v 0.027710970491170883 0.03615599125623703 -0.0038649430498480797
v 0.022003939375281334 0.038533978164196014 -0.012706990353763103
v 0.027710970491170883 0.03615599125623703 -0.0038649430498480797
v 0.02799694985151291 0.02865695022046566 -0.005651949904859066
v 0.022003939375281334 0.038533978164196014 -0.012706990353763103
v 0.02799694985151291 0.02865695022046566 -0.005651949904859066
v 0.02732097916305065 0.02806699089705944 -0.006942986976355314
v 0.022003939375281334 0.038533978164196014 -0.012706990353763103
v 0.027175959199666977 0.028131959959864616 -0.007119953166693449
v 0.02735297940671444 0.028003990650177002 -0.0069089531898498535
v 0.026482990011572838 0.027529949322342873 -0.008042991161346436
v 0.026482990011572838 0.027529949322342873 -0.008042991161346436
v 0.026179959997534752 0.028204970061779022 -0.00832897424697876
v 0.026219960302114487 0.028175950050354004 -0.008316992782056332
v -0.02404797077178955 0.028756970539689064 -0.0024839630350470543
v 0.020747950300574303 0.03811800107359886 -0.012380950152873993
v 0.020805949345231056 0.03811800107359886 -0.012389950454235077
v -0.02404797077178955 0.028756970539689064 -0.0024839630350470543
v -0.0105929896235466 0.03811800107359886 -0.005817948840558529
v 0.020044980570673943 0.03811800107359886 -0.012272000312805176
v 0.020018989220261574 0.04209797829389572 -0.011560969986021519
v 0.03208994120359421 0.04152296856045723 0.007946968078613281
v 0.021311990916728973 0.04047197103500366 -0.012306979857385159
v 0.03208994120359421 0.04152296856045723 0.007946968078613281
v 0.033900968730449677 0.04109299182891846 0.010617969557642937
v 0.021311990916728973 0.04047197103500366 -0.012306979857385159
v 0.03208994120359421 0.04152296856045723 0.007946968078613281
v 0.03577297180891037 0.04183495044708252 0.01520793978124857
v 0.033900968730449677 0.04109299182891846 0.010617969557642937
v 0.04564499109983444 0.03830498084425926 0.0279690008610487
v 0.04457198828458786 0.03862994164228439 0.026465950533747673
v 0.03577297180891037 0.04183495044708252 0.01520793978124857
v 0.04525595158338547 0.03740799054503441 0.03103094920516014
v 0.04629193991422653 0.03768794983625412 0.029319999739527702
v 0.04617296904325485 0.03776596859097481 0.029180999845266342
v 0.04703795164823532 0.037262968719005585 0.030002949759364128
v 0.027710970491170883 0.03615599125623703 -0.0038649430498480797
v 0.04564499109983444 0.03830498084425926 0.0279690008610487
v 0.03577297180891037 0.04183495044708252 0.01520793978124857
v 0.034993939101696014 0.042466990649700165 0.01562798023223877
v 0.04564499109983444 0.03830498084425926 0.0279690008610487
v 0.034993939101696014 0.042466990649700165 0.01562798023223877
v 0.03368597850203514 0.043099988251924515 0.0163759496062994
v 0.04564499109983444 0.03830498084425926 0.0279690008610487
v 0.03368597850203514 0.043099988251924515 0.0163759496062994
v 0.032875001430511475 0.043501969426870346 0.017026960849761963
v 0.04564499109983444 0.03830498084425926 0.0279690008610487
v 0.030623970553278923 0.04414099082350731 0.01805895008146763
v 0.03203696012496948 0.043700989335775375 0.017829950898885727
v 0.032875001430511475 0.043501969426870346 0.017026960849761963
v 0.030623970553278923 0.04414099082350731 0.01805895008146763
v 0.03761297091841698 0.04114598035812378 0.02377294935286045
v 0.04564499109983444 0.03830498084425926 0.0279690008610487
v 0.017625980079174042 0.04395699128508568 0.030105939134955406
v 0.03993796929717064 0.03866796940565109 0.030852969735860825
v 0.038607001304626465 0.039724938571453094 0.028505979105830193
v 0.04703795164823532 0.037262968719005585 0.030002949759364128
v 0.04709500074386597 0.036017950624227524 0.02966194972395897
v 0.027710970491170883 0.03615599125623703 -0.0038649430498480797
v 0.04709500074386597 0.036017950624227524 0.02966194972395897
v 0.04685293883085251 0.03461097925901413 0.028772950172424316
v 0.027710970491170883 0.03615599125623703 -0.0038649430498480797
v 0.048947978764772415 0.03289394825696945 0.03185497969388962
v 0.048947978764772415 0.03289394825696945 0.03185497969388962
v 0.02799694985151291 0.02865695022046566 -0.005651949904859066
v 0.027710970491170883 0.03615599125623703 -0.0038649430498480797
v 0.027677949517965317 0.02736395038664341 -0.006555974017828703
v 0.048947978764772415 0.03289394825696945 0.03185497969388962
v 0.04939299076795578 0.031515948474407196 0.03241394832730293
v 0.027677949517965317 0.02736395038664341 -0.006555974017828703
v 0.04939299076795578 0.031515948474407196 0.03241394832730293
v 0.029785990715026855 0.027696959674358368 -0.0027409789618104696
v 0.027677949517965317 0.02736395038664341 -0.006555974017828703
v 0.029937980696558952 0.027617989107966423 -0.0024149410892277956
v 0.027677949517965317 0.02736395038664341 -0.006555974017828703
v 0.029785990715026855 0.027696959674358368 -0.0027409789618104696
v 0.026345960795879364 0.026582950726151466 -0.0044439430348575115
v 0.026482990011572838 0.027529949322342873 -0.008042991161346436
v 0.027677949517965317 0.02736395038664341 -0.006555974017828703
v 0.022305959835648537 0.028572969138622284 -0.008362947963178158
v 0.025283990427851677 0.02832495979964733 -0.008364975452423096
v 0.026482990011572838 0.027529949322342873 -0.008042991161346436
v 0.026124950498342514 0.028244970366358757 -0.008344948291778564
v 0.026124950498342514 0.028244970366358757 -0.008344948291778564
v 0.026179959997534752 0.028204970061779022 -0.00832897424697876
v -0.010946979746222496 0.032322999089956284 0.03301696851849556
v -0.009914994239807129 0.030745979398489 0.0329669713973999
v -0.009420990012586117 0.03218495100736618 0.03307998180389404
v -0.025256989523768425 0.02856599912047386 -0.002031981013715267
v -0.02404797077178955 0.028756970539689064 -0.0024839630350470543
v 0.026482990011572838 0.027529949322342873 -0.008042991161346436
v -0.02404797077178955 0.028756970539689064 -0.0024839630350470543
v 0.022305959835648537 0.028572969138622284 -0.008362947963178158
v 0.026482990011572838 0.027529949322342873 -0.008042991161346436
v 0.02379094995558262 0.02870994061231613 -0.008477984927594662
v 0.02379596047103405 0.02870994061231613 -0.008477984927594662
v 0.025214970111846924 0.028513960540294647 -0.008444963954389095
v 0.02229594998061657 0.028729969635605812 -0.008430956862866879
v -0.01748698018491268 0.028804000467061996 -0.003346978919580579
v -0.01704495958983898 0.028804000467061996 -0.0034049740061163902
v 0.0051939478144049644 0.045881979167461395 -0.004823981784284115
v 0.01010197028517723 0.04530197009444237 -0.005834995768964291
v 0.010344980284571648 0.04487299174070358 -0.00960397720336914
v 0.01988697052001953 0.042250990867614746 -0.011484979651868343
v 0.03208994120359421 0.04152296856045723 0.007946968078613281
v 0.020018989220261574 0.04209797829389572 -0.011560969986021519
v 0.01988697052001953 0.042250990867614746 -0.011484979651868343
v 0.03577297180891037 0.04183495044708252 0.01520793978124857
v 0.03208994120359421 0.04152296856045723 0.007946968078613281
v -0.006823956035077572 0.027932999655604362 0.030240949243307114
v -0.011822990141808987 0.030779000371694565 0.03287297114729881
v -0.013221969828009605 0.030413979664444923 0.030469000339508057
v 0.01010197028517723 0.04530197009444237 -0.005834995768964291
v 0.026429949328303337 0.04424196109175682 0.011646980419754982
v 0.010344980284571648 0.04487299174070358 -0.00960397720336914
v 0.04840695112943649 0.03538893908262253 0.031780000776052475
v 0.04703795164823532 0.037262968719005585 0.030002949759364128
v 0.04745196923613548 0.03659098967909813 0.030660979449748993
v 0.01819794997572899 0.04319994896650314 -0.010509960353374481
v 0.013813969679176807 0.04405897110700607 -0.010102979838848114
v 0.010344980284571648 0.04487299174070358 -0.00960397720336914
v 0.01988697052001953 0.042250990867614746 -0.011484979651868343
v 0.034993939101696014 0.042466990649700165 0.01562798023223877
v 0.03577297180891037 0.04183495044708252 0.01520793978124857
v -0.01996898092329502 0.04319994896650314 0.006495952140539885
v -0.014467949979007244 0.04414099082350731 0.009940980933606625
v -0.01349699031561613 0.04487299174070358 0.004161952994763851
v 0.017625980079174042 0.04395699128508568 0.030105939134955406
v 0.04057794064283371 0.03698598966002464 0.03203998878598213
v 0.03993796929717064 0.03866796940565109 0.030852969735860825
v 0.04840695112943649 0.03538893908262253 0.031780000776052475
v 0.048947978764772415 0.03289394825696945 0.03185497969388962
v 0.04703795164823532 0.037262968719005585 0.030002949759364128
v 0.048947978764772415 0.03289394825696945 0.03185497969388962
v 0.04703795164823532 0.037262968719005585 0.030002949759364128
v -0.024451969191432 0.04071199148893356 -0.0016019940376281738
v -0.02520095929503441 0.038533978164196014 0.003316998016089201
v -0.02429497055709362 0.04071199148893356 0.003197968006134033
v 0.01819794997572899 0.04319994896650314 -0.010509960353374481
v 0.032875001430511475 0.043501969426870346 0.017026960849761963
v 0.03368597850203514 0.043099988251924515 0.0163759496062994
v -0.011115959845483303 0.043770961463451385 0.017866959795355797
v -0.011220989748835564 0.04374796152114868 0.017896950244903564
v 0.002495944034308195 0.04296499118208885 0.0309829693287611
v 0.01819794997572899 0.04319994896650314 -0.010509960353374481
v 0.028729969635605812 0.043501969426870346 0.009847997687757015
v 0.032875001430511475 0.043501969426870346 0.017026960849761963
v 0.026429949328303337 0.04424196109175682 0.011646980419754982
v 0.0292659904807806 0.04439597949385643 0.018027959391474724
v 0.030623970553278923 0.04414099082350731 0.01805895008146763
v 0.0292659904807806 0.04439597949385643 0.018027959391474724
v 0.021133949980139732 0.04400699958205223 0.026854990050196648
v 0.030623970553278923 0.04414099082350731 0.01805895008146763
v 0.027895979583263397 0.04452496021986008 0.017494969069957733
v 0.020289000123739243 0.04405694827437401 0.027342969551682472
v 0.0292659904807806 0.04439597949385643 0.018027959391474724
v 0.027895979583263397 0.04452496021986008 0.017494969069957733
v 0.01907896064221859 0.04412299022078514 0.027120940387248993
v 0.019882969558238983 0.044081978499889374 0.02733498066663742
v 0.04840695112943649 0.03538893908262253 0.031780000776052475
v 0.049450989812612534 0.03329097852110863 0.03289895877242088
v 0.048947978764772415 0.03289394825696945 0.03185497969388962
v -0.011983989737927914 0.034155961126089096 0.03176897019147873
v -0.013277940452098846 0.03391395881772041 0.029603950679302216
v -0.011822990141808987 0.030779000371694565 0.03287297114729881
v 0.04967296123504639 0.03242294862866402 0.03309094160795212
v 0.04960595816373825 0.03181295841932297 0.032895978540182114
v 0.04959297180175781 0.03216296061873436 0.032896991819143295
v 0.049254000186920166 0.029788969084620476 0.03298395127058029
v 0.04960595816373825 0.03181295841932297 0.032895978540182114
v 0.04967296123504639 0.03242294862866402 0.03309094160795212
v -0.024804940447211266 0.03791797161102295 0.00641894293949008
v -0.02429497055709362 0.04071199148893356 0.003197968006134033
v -0.02520095929503441 0.038533978164196014 0.003316998016089201
v 0.03490995988249779 0.02899998053908348 0.03285700082778931
v 0.03932296857237816 0.02899998053908348 0.03285294026136398
v 0.04084198921918869 0.029702959582209587 0.03297698125243187
v 0.009301959536969662 0.02899998053908348 0.03285098075866699
v 0.013302979990839958 0.029052970930933952 0.03286600112915039
v 0.009998977184295654 0.02899998053908348 0.032851990312337875
v 0.005388975143432617 0.027543960139155388 0.032508961856365204
v 0.031049959361553192 0.027543960139155388 0.03259199112653732
v 0.0017149440245702863 0.02907096967101097 0.03285700082778931
v 0.015682989731431007 0.04419295862317085 0.027205999940633774
v 0.017596960067749023 0.04419295862317085 0.02654099091887474
v 0.012120960280299187 0.045473989099264145 0.0020399680361151695
v -0.0024669759441167116 0.02679895982146263 0.009728968143463135
v -0.02708297036588192 0.027813969179987907 0.0024029610212892294
v 0.026345960795879364 0.026582950726151466 -0.0044439430348575115
v -0.02708297036588192 0.027813969179987907 0.0024029610212892294
v -0.026189979165792465 0.028647949919104576 -0.0005750000127591193
v -0.025256989523768425 0.02856599912047386 -0.002031981013715267
v -0.026189979165792465 0.028647949919104576 -0.0005750000127591193
v -0.02536397986114025 0.038533978164196014 -0.0016619559610262513
v -0.025256989523768425 0.02860998921096325 -0.002029954921454191
v -0.026189979165792465 0.028647949919104576 -0.0005750000127591193
v -0.026778990402817726 0.028774969279766083 0.001337944995611906
v -0.02536397986114025 0.038533978164196014 -0.0016619559610262513
v -0.026778990402817726 0.028774969279766083 0.001337944995611906
v -0.02708297036588192 0.027813969179987907 0.0024029610212892294
v -0.02536397986114025 0.038533978164196014 -0.0016619559610262513
v -0.02708297036588192 0.027813969179987907 0.0024029610212892294
v -0.02520095929503441 0.038533978164196014 0.003316998016089201
v -0.02536397986114025 0.038533978164196014 -0.0016619559610262513
v -0.022777970880270004 0.042250990867614746 0.0029979939572513103
v -0.024451969191432 0.04071199148893356 -0.0016019940376281738
v -0.02429497055709362 0.04071199148893356 0.003197968006134033
v 0.028729969635605812 0.043501969426870346 0.009847997687757015
v 0.030623970553278923 0.04414099082350731 0.01805895008146763
v 0.032875001430511475 0.043501969426870346 0.017026960849761963
v -0.019281979650259018 0.04269295185804367 0.01112896017730236
v -0.015222960151731968 0.04222898930311203 0.019580960273742676
v -0.014786950312554836 0.0424879714846611 0.019283950328826904
v -0.013353999704122543 0.03863399848341942 0.027600999921560287
v -0.015222960151731968 0.04222898930311203 0.019580960273742676
v -0.015933990478515625 0.04152296856045723 0.020052960142493248
v -0.019281979650259018 0.04269295185804367 0.01112896017730236
v -0.019280970096588135 0.04222898930311203 0.012552970089018345
v -0.015222960151731968 0.04222898930311203 0.019580960273742676
v -0.025256989523768425 0.02856599912047386 -0.002031981013715267
v 0.026345960795879364 0.026582950726151466 -0.0044439430348575115
v -0.02708297036588192 0.027813969179987907 0.0024029610212892294
v -0.013487990014255047 0.038447968661785126 0.02763395942747593
v -0.01302396971732378 0.03826497867703438 0.02856599912047386
v -0.013353999704122543 0.03863399848341942 0.027600999921560287
v -0.013487990014255047 0.038447968661785126 0.02763395942747593
v -0.022222990170121193 0.03791797161102295 0.012751989997923374
v -0.01302396971732378 0.03826497867703438 0.02856599912047386
v -0.022222990170121193 0.03791797161102295 0.012751989997923374
v -0.013245989568531513 0.03692400082945824 0.028652960434556007
v -0.01302396971732378 0.03826497867703438 0.02856599912047386
v -0.013245989568531513 0.03692400082945824 0.028652960434556007
v -0.011368979699909687 0.03527598828077316 0.032476961612701416
v -0.01302396971732378 0.03826497867703438 0.02856599912047386
v -0.011368979699909687 0.03527598828077316 0.032476961612701416
v -0.01178395003080368 0.03639400005340576 0.031234970316290855
v -0.01302396971732378 0.03826497867703438 0.02856599912047386
v -0.011983989737927914 0.034155961126089096 0.03176897019147873
v -0.011822990141808987 0.030779000371694565 0.03287297114729881
v -0.011368979699909687 0.03527598828077316 0.032476961612701416
v 0.04084198921918869 0.029702959582209587 0.03297698125243187
v 0.040880970656871796 0.02974599041044712 0.032983001321554184
v 0.04100298136472702 0.03171294182538986 0.03307294100522995
v -0.011822990141808987 0.030779000371694565 0.03287297114729881
v -0.010946979746222496 0.032322999089956284 0.03301696851849556
v -0.010980959981679916 0.03255796059966087 0.0329740010201931
v 0.02608299069106579 0.04464298114180565 0.015390990301966667
v 0.012120960280299187 0.045473989099264145 0.0020399680361151695
v 0.02687798999249935 0.04460597038269043 0.016662949696183205
v -0.011368979699909687 0.03527598828077316 0.032476961612701416
v 0.02608299069106579 0.04464298114180565 0.015390990301966667
v 0.01010197028517723 0.04530197009444237 -0.005834995768964291
v 0.012226990424096584 0.04546498879790306 0.001981972949579358
v -0.022222990170121193 0.03791797161102295 0.012751989997923374
v -0.02286195009946823 0.03605895861983299 0.012272000312805176
v -0.011368979699909687 0.03527598828077316 0.032476961612701416
v 0.02608299069106579 0.04464298114180565 0.015390990301966667
v 0.0292659904807806 0.04439597949385643 0.018027959391474724
v 0.01010197028517723 0.04530197009444237 -0.005834995768964291
v -0.02286195009946823 0.03605895861983299 0.012272000312805176
v -0.013441969640552998 0.03470999002456665 0.02906595915555954
v -0.011368979699909687 0.03527598828077316 0.032476961612701416
v 0.0292659904807806 0.04439597949385643 0.018027959391474724
v -0.011983989737927914 0.034155961126089096 0.03176897019147873
v -0.011368979699909687 0.03527598828077316 0.032476961612701416
v -0.013441969640552998 0.03470999002456665 0.02906595915555954
v 0.046436961740255356 0.035371001809835434 0.03233999013900757
v 0.04591196030378342 0.035365991294384 0.032489001750946045
v 0.046658989042043686 0.034927960485219955 0.03257495164871216
v -0.010111980140209198 0.04530197009444237 0.005834995768964291
v -0.013178999535739422 0.044404979795217514 0.009902000427246094
v -0.013030939735472202 0.044431980699300766 0.009922981262207031
v -0.02302395924925804 0.03209400177001953 0.01329295989125967
v -0.023854969069361687 0.03266298025846481 0.011537959799170494
v -0.02426695078611374 0.02772199921309948 0.012219959869980812
v 0.02608299069106579 0.04464298114180565 0.015390990301966667
v 0.02687798999249935 0.04460597038269043 0.016662949696183205
v 0.0292659904807806 0.04439597949385643 0.018027959391474724
v -0.023854969069361687 0.03266298025846481 0.011537959799170494
v -0.024370960891246796 0.030476979911327362 0.011158999986946583
v -0.02426695078611374 0.02772199921309948 0.012219959869980812
v 0.02687798999249935 0.04460597038269043 0.016662949696183205
v 0.027895979583263397 0.04452496021986008 0.017494969069957733
v 0.0292659904807806 0.04439597949385643 0.018027959391474724
v 0.049203988164663315 0.02978295087814331 0.032891981303691864
v 0.049254000186920166 0.029788969084620476 0.03298395127058029
v 0.04775397852063179 0.02924996055662632 0.0328899584710598
v 0.02687798999249935 0.04460597038269043 0.016662949696183205
v 0.01907896064221859 0.04412299022078514 0.027120940387248993
v 0.027895979583263397 0.04452496021986008 0.017494969069957733
v -4.999999873689376e-06 0.046220000833272934 0.0
v 0.013810990378260612 0.04419099912047386 0.027290990576148033
v 0.0147739602252841 0.04419194906949997 0.0275419894605875
v -0.008992969058454037 0.026999950408935547 0.02402395009994507
v -0.01431095041334629 0.027112960815429688 0.015114960260689259
v -0.013481969945132732 0.027089949697256088 0.015261939726769924
v -0.005468964111059904 0.04566299170255661 0.004782973788678646
v -0.004800974857062101 0.0457189604640007 0.004513978026807308
v -0.006781994830816984 0.045881979167461395 0.0020899770315736532
v -0.026481980457901955 0.029759999364614487 0.004777966998517513
v -0.024698970839381218 0.027999989688396454 0.01085096038877964
v -0.02615397982299328 0.03047800064086914 0.005957961082458496
v -0.009685993194580078 0.04455798119306564 0.013752990402281284
v 0.01195198018103838 0.04410593956708908 0.02734093926846981
v -0.00995695497840643 0.044684939086437225 0.01245998963713646
v -0.024891970679163933 0.03047800064086914 0.00999599602073431
v -0.02615397982299328 0.03047800064086914 0.005957961082458496
v -0.024698970839381218 0.027999989688396454 0.01085096038877964
v -0.00969398021697998 0.04439197853207588 0.01524799969047308
v 0.011376970447599888 0.04403895139694214 0.0277019701898098
v 0.011811969801783562 0.044088948518037796 0.027433989569544792
v -0.026420950889587402 0.030490990728139877 0.004615962039679289
v -0.026481980457901955 0.029759999364614487 0.004777966998517513
v -0.02615397982299328 0.03047800064086914 0.005957961082458496
v -0.010273990221321583 0.04424196109175682 0.016352949663996696
v 0.004299997817724943 0.04334795102477074 0.029290970414876938
v 0.0057439799420535564 0.04367094859480858 0.0276939794421196
v -0.021227950230240822 0.04069900140166283 0.012252979911863804
v -0.023775989189743996 0.03791797161102295 0.009547947905957699
v -0.022010980173945427 0.03850597143173218 0.012704960070550442
v -0.024804940447211266 0.03791797161102295 0.00641894293949008
v -0.01260398980230093 0.04348497837781906 0.018090959638357162
v 0.0028169748838990927 0.042723000049591064 0.032552000135183334
v 0.002826987998560071 0.04273097962141037 0.032533999532461166
v -0.013538000173866749 0.04312198981642723 0.018550990149378777
v 0.0027689929120242596 0.04270993918180466 0.03254996985197067
v 0.0028169748838990927 0.042723000049591064 0.032552000135183334
v -0.023775989189743996 0.03791797161102295 0.009547947905957699
v -0.024070970714092255 0.038544949144124985 0.008168995380401611
v -0.024804940447211266 0.03791797161102295 0.00641894293949008
v -0.015222960151731968 0.04222898930311203 0.019580960273742676
v 0.0027689929120242596 0.04270993918180466 0.03254996985197067
v -0.014786950312554836 0.0424879714846611 0.019283950328826904
v -0.024070970714092255 0.038544949144124985 0.008168995380401611
v -0.023203959688544273 0.04071199148893356 0.007874964736402035
v -0.024804940447211266 0.03791797161102295 0.00641894293949008
v -0.015222960151731968 0.04222898930311203 0.019580960273742676
v -0.008176982402801514 0.041281990706920624 0.02674894966185093
v -0.004377961158752441 0.04171698912978172 0.028873980045318604
v -0.02615397982299328 0.03047800064086914 0.005957961082458496
v -0.024891970679163933 0.03047800064086914 0.00999599602073431
v -0.024804940447211266 0.03791797161102295 0.00641894293949008
v -0.011558939702808857 0.036655958741903305 0.03108298033475876
v -0.009324966929852962 0.03768998011946678 0.03122895024716854
v -0.009646952152252197 0.03846095874905586 0.030232960358262062
v -0.024070970714092255 0.038544949144124985 0.008168995380401611
v -0.023775989189743996 0.03791797161102295 0.009547947905957699
v -0.023203959688544273 0.04071199148893356 0.007874964736402035
v -0.008770941756665707 0.03660595044493675 0.03254199028015137
v -0.008790968917310238 0.03668497875332832 0.03245896100997925
v -0.008812963031232357 0.03672599047422409 0.03240995854139328
v -0.013538000173866749 0.04312198981642723 0.018550990149378777
v -0.014467949979007244 0.04414099082350731 0.009940980933606625
v -0.018207959830760956 0.04319994896650314 0.010509960353374481
v -0.003250956069678068 0.03936295956373215 0.03274594992399216
v 0.0028519630432128906 0.04243599995970726 0.032948970794677734
v 0.0031549930572509766 0.04271494969725609 0.03284095972776413
v 0.0028519630432128906 0.04243599995970726 0.032948970794677734
v 0.004694997798651457 0.042041949927806854 0.03295499086380005
v 0.004690945148468018 0.04207497090101242 0.03294700011610985
v -0.009420990012586117 0.03218495100736618 0.03307998180389404
v -0.005478978157043457 0.03188896179199219 0.03307294100522995
v -0.005497992038726807 0.03220098838210106 0.033080991357564926
v 0.0025909540709108114 0.03223298862576485 0.033081941306591034
v 0.005104959011077881 0.03276300057768822 0.033075980842113495
v 0.004808961879462004 0.03928399085998535 0.032990988343954086
v -0.009455977939069271 0.03162698820233345 0.033036939799785614
v -0.005439995788037777 0.03063100017607212 0.032975971698760986
v -0.005478978157043457 0.03188896179199219 0.03307294100522995
v -0.009914994239807129 0.030745979398489 0.0329669713973999
v -0.00542896892875433 0.030099980533123016 0.03292495012283325
v -0.005439995788037777 0.03063100017607212 0.032975971698760986
v 0.0017149440245702863 0.02907096967101097 0.03285700082778931
v 0.007751941215246916 0.02927500009536743 0.032899968326091766
v 0.007599948905408382 0.02936697006225586 0.03291194885969162
v -0.008709967136383057 0.03014999069273472 0.03286999091506004
v -0.00542896892875433 0.030099980533123016 0.03292495012283325
v -0.009914994239807129 0.030745979398489 0.0329669713973999
v -0.014467949979007244 0.04414099082350731 0.009940980933606625
v -0.010273990221321583 0.04424196109175682 0.016352949663996696
v -0.013178999535739422 0.044404979795217514 0.009902000427246094
v -0.009914994239807129 0.030745979398489 0.0329669713973999
v -0.011822990141808987 0.030779000371694565 0.03287297114729881
v -0.008709967136383057 0.03014999069273472 0.03286999091506004
v -0.014467949979007244 0.04414099082350731 0.009940980933606625
v -0.013178999535739422 0.044404979795217514 0.009902000427246094
v -0.01349699031561613 0.04487299174070358 0.004161952994763851
v -0.024698970839381218 0.027999989688396454 0.01085096038877964
v -0.024370960891246796 0.030476979911327362 0.011158999986946583
v -0.024891970679163933 0.03047800064086914 0.00999599602073431
v -0.019280970096588135 0.04222898930311203 0.012552970089018345
v -0.015933990478515625 0.04152296856045723 0.020052960142493248
v -0.015222960151731968 0.04222898930311203 0.019580960273742676
v -0.008992969058454037 0.026999950408935547 0.02402395009994507
v -0.008851945400238037 0.027047989889979362 0.024914970621466637
v -0.008996962569653988 0.0270529892295599 0.024821989238262177
v -0.008992969058454037 0.026999950408935547 0.02402395009994507
v -0.0023699989542365074 0.026961980387568474 0.028115980327129364
v -0.007225989829748869 0.026999950408935547 0.026238970458507538
v -0.008992969058454037 0.026999950408935547 0.02402395009994507
v -0.010217959992587566 0.026999950408935547 0.01599097065627575
v -0.0024669759441167116 0.02679895982146263 0.009728968143463135
v -0.013666979968547821 0.02709496021270752 0.012709969654679298
v -0.022982949391007423 0.027344999834895134 0.011660990305244923
v -0.0024669759441167116 0.02679895982146263 0.009728968143463135
v -0.021755989640951157 0.042250990867614746 0.0073829879984259605
v -0.019280970096588135 0.04222898930311203 0.012552970089018345
v -0.019281979650259018 0.04269295185804367 0.01112896017730236
v -0.022982949391007423 0.027344999834895134 0.011660990305244923
v -0.02708297036588192 0.027813969179987907 0.0024029610212892294
v -0.0024669759441167116 0.02679895982146263 0.009728968143463135
v -0.022982949391007423 0.027344999834895134 0.011660990305244923
v -0.02426695078611374 0.02772199921309948 0.012219959869980812
v -0.02708297036588192 0.027813969179987907 0.0024029610212892294
v -0.021227950230240822 0.04069900140166283 0.012252979911863804
v -0.013487990014255047 0.038447968661785126 0.02763395942747593
v -0.013628950342535973 0.038624998182058334 0.027197949588298798
v -0.02426695078611374 0.02772199921309948 0.012219959869980812
v -0.024698970839381218 0.027999989688396454 0.01085096038877964
v -0.02708297036588192 0.027813969179987907 0.0024029610212892294
v -0.021755989640951157 0.042250990867614746 0.0073829879984259605
v -0.021227950230240822 0.04069900140166283 0.012252979911863804
v -0.019280970096588135 0.04222898930311203 0.012552970089018345
v -0.024698970839381218 0.027999989688396454 0.01085096038877964
v -0.026784950867295265 0.02903996966779232 0.0035959479864686728
v -0.02708297036588192 0.027813969179987907 0.0024029610212892294
v -0.021227950230240822 0.04069900140166283 0.012252979911863804
v -0.022010980173945427 0.03850597143173218 0.012704960070550442
v -0.013487990014255047 0.038447968661785126 0.02763395942747593
v -0.026784950867295265 0.02903996966779232 0.0035959479864686728
v -0.02520095929503441 0.038533978164196014 0.003316998016089201
v -0.02708297036588192 0.027813969179987907 0.0024029610212892294
v -0.022010980173945427 0.03850597143173218 0.012704960070550442
v -0.022222990170121193 0.03791797161102295 0.012751989997923374
v -0.013487990014255047 0.038447968661785126 0.02763395942747593
v -0.026778990402817726 0.028774969279766083 0.001337944995611906
v -0.026189979165792465 0.028647949919104576 -0.0005750000127591193
v -0.02708297036588192 0.027813969179987907 0.0024029610212892294
v -0.022010980173945427 0.03850597143173218 0.012704960070550442
v -0.023775989189743996 0.03791797161102295 0.009547947905957699
v -0.022222990170121193 0.03791797161102295 0.012751989997923374
v -0.026784950867295265 0.02903996966779232 0.0035959479864686728
v -0.026420950889587402 0.030490990728139877 0.004615962039679289
v -0.02520095929503441 0.038533978164196014 0.003316998016089201
v -0.026420950889587402 0.030490990728139877 0.004615962039679289
v -0.026050979271531105 0.0320509597659111 0.005336998961865902
v -0.02520095929503441 0.038533978164196014 0.003316998016089201
v -0.0257869902998209 0.033306948840618134 0.005645989906042814
v -0.023854969069361687 0.03266298025846481 0.011537959799170494
v -0.02302395924925804 0.03209400177001953 0.01329295989125967
v -0.02286195009946823 0.03605895861983299 0.012272000312805176
v -0.0257869902998209 0.033306948840618134 0.005645989906042814
v -0.025566989555954933 0.03433996066451073 0.005818963050842285
v -0.02520095929503441 0.038533978164196014 0.003316998016089201
v -0.023775989189743996 0.03791797161102295 0.009547947905957699
v -0.024891970679163933 0.03047800064086914 0.00999599602073431
v -0.023854969069361687 0.03266298025846481 0.011537959799170494
v -0.025566989555954933 0.03433996066451073 0.005818963050842285
v -0.024804940447211266 0.03791797161102295 0.00641894293949008
v -0.02520095929503441 0.038533978164196014 0.003316998016089201
v -0.024891970679163933 0.03047800064086914 0.00999599602073431
v -0.024370960891246796 0.030476979911327362 0.011158999986946583
v -0.023854969069361687 0.03266298025846481 0.011537959799170494
v 0.01819794997572899 0.04319994896650314 -0.010509960353374481
v 0.026429949328303337 0.04424196109175682 0.011646980419754982
v 0.028729969635605812 0.043501969426870346 0.009847997687757015
v -0.022777970880270004 0.042250990867614746 0.0029979939572513103
v -0.020978979766368866 0.04319994896650314 -0.0013749590143561363
v -0.0229259692132473 0.042250990867614746 -0.001501976978033781
v -0.007016955874860287 0.045881979167461395 -0.0010569690493866801
v -0.013147950172424316 0.04487299174070358 -0.005157947074621916
v -0.013966970145702362 0.04487299174070358 -0.0021039838902652264
v -0.020843980833888054 0.04319994896650314 0.0027439589612185955
v -0.01408499013632536 0.04487299174070358 0.0010549420258030295
v -0.020978979766368866 0.04319994896650314 -0.0013749590143561363
v 0.005152999889105558 0.04487299174070358 -0.013143000192940235
v 0.005434988997876644 0.04319994896650314 -0.020302949473261833
v 0.0020989771001040936 0.04487299174070358 -0.013961969874799252
v 0.0013699530391022563 0.04319994896650314 -0.02097398042678833
v 0.0031119580380618572 0.04319994896650314 -0.020686980336904526
v 0.0014969699550420046 0.042250990867614746 -0.022920960560441017
v -0.019892990589141846 0.03814398869872093 -0.015259980224072933
v -0.016405990347266197 0.03813600167632103 -0.018595989793539047
v -0.019383959472179413 0.03811800107359886 -0.014576969668269157
v 0.01525598019361496 0.03814398869872093 -0.019887980073690414
v 0.01103299017995596 0.03811800107359886 -0.02238297089934349
v 0.011132000014185905 0.038170989602804184 -0.022582940757274628
v 0.005152999889105558 0.04487299174070358 -0.013143000192940235
v 0.007638989947736263 0.04319994896650314 -0.019473960623145103
v 0.005434988997876644 0.04319994896650314 -0.020302949473261833
v -0.016405990347266197 0.03813600167632103 -0.018595989793539047
v -0.019892990589141846 0.03814398869872093 -0.015259980224072933
v -0.016722969710826874 0.038316961377859116 -0.01906394027173519
v -0.015149950049817562 0.042250990867614746 -0.017269959673285484
v -0.016157979145646095 0.04071199148893356 -0.01841896027326584
v -0.019440939649939537 0.04071199148893356 -0.014913969673216343
v -0.018857000395655632 0.04319994896650314 -0.009296952746808529
v -0.013147950172424316 0.04487299174070358 -0.005157947074621916
v -0.01167093962430954 0.04487299174070358 -0.007953940890729427
v 0.019123969599604607 0.03864198178052902 -0.016775960102677345
v 0.022003939375281334 0.038533978164196014 -0.012706990353763103
v 0.01905900053679943 0.038316961377859116 -0.016717970371246338
v -0.013147950172424316 0.04487299174070358 -0.005157947074621916
v -0.005863964091986418 0.045881979167461395 -0.003994940780103207
v -0.01167093962430954 0.04487299174070358 -0.007953940890729427
v -0.018227990716695786 0.042250990867614746 -0.013982949778437614
v -0.015149950049817562 0.042250990867614746 -0.017269959673285484
v -0.019440939649939537 0.04071199148893356 -0.014913969673216343
v -0.0015729659935459495 0.04319994896650314 -0.02087794989347458
v -0.002748965984210372 0.04319994896650314 -0.020838970318436623
v -0.001059949048794806 0.04487299174070358 -0.014079979620873928
v -0.016779949888586998 0.03864198178052902 -0.019128970801830292
v -0.01271199993789196 0.038533978164196014 -0.022008949890732765
v -0.016722969710826874 0.038316961377859116 -0.01906394027173519
v -0.006500958930701017 0.04319994896650314 -0.01996397040784359
v -0.007064998149871826 0.04487299174070358 -0.012227949686348438
v -0.004166959784924984 0.04487299174070358 -0.0134919798001647
v 0.0015969870146363974 0.04071199148893356 -0.024446960538625717
v 0.0014969699550420046 0.042250990867614746 -0.022920960560441017
v 0.005939960014075041 0.042250990867614746 -0.022186990827322006
v 0.01103299017995596 0.03811800107359886 -0.02238297089934349
v 0.006482957862317562 0.03814398869872093 -0.024213960394263268
v 0.011132000014185905 0.038170989602804184 -0.022582940757274628
v -0.0015729659935459495 0.04319994896650314 -0.02087794989347458
v 0.0013699530391022563 0.04319994896650314 -0.02097398042678833
v 0.0014969699550420046 0.042250990867614746 -0.022920960560441017
v 0.011234990321099758 0.038533978164196014 -0.022792989388108253
v 0.015465970151126385 0.038533978164196014 -0.020161980763077736
v 0.011132000014185905 0.038170989602804184 -0.022582940757274628
v 0.006335972808301449 0.04071199148893356 -0.023663990199565887
v 0.0015969870146363974 0.04071199148893356 -0.024446960538625717
v 0.005939960014075041 0.042250990867614746 -0.022186990827322006
v -0.014265949837863445 0.04319994896650314 -0.015374000184237957
v -0.016680950298905373 0.04319994896650314 -0.012795980088412762
v -0.009608983062207699 0.04487299174070358 -0.010349979624152184
v 0.01083099003881216 0.04071199148893356 -0.02197295054793358
v 0.011234990321099758 0.038533978164196014 -0.022792989388108253
v 0.006572960875928402 0.038533978164196014 -0.024547990411520004
v 0.0016569490544497967 0.038533978164196014 -0.02535896934568882
v 0.006572960875928402 0.038533978164196014 -0.024547990411520004
v 0.00164198805578053 0.038170989602804184 -0.025125980377197266
v -0.009608983062207699 0.04487299174070358 -0.010349979624152184
v -0.016680950298905373 0.04319994896650314 -0.012795980088412762
v -0.01167093962430954 0.04487299174070358 -0.007953940890729427
v 0.00794899370521307 0.04487299174070358 -0.011665989644825459
v 0.0061149587854743 0.045544978231191635 -0.007110952865332365
v 0.010344980284571648 0.04487299174070358 -0.00960397720336914
v -0.020166989415884018 0.038533978164196014 -0.015470979735255241
v -0.019892990589141846 0.03814398869872093 -0.015259980224072933
v -0.02258794941008091 0.038170989602804184 -0.011136939749121666
v 0.0031119580380618572 0.04319994896650314 -0.020686980336904526
v 0.005434988997876644 0.04319994896650314 -0.020302949473261833
v 0.005939960014075041 0.042250990867614746 -0.022186990827322006
v -0.003276943927630782 0.03814398869872093 -0.02485400065779686
v -0.00802695658057928 0.03811800107359886 -0.023631980642676353
v -0.008098958991467953 0.038170989602804184 -0.023842990398406982
v 0.009291945956647396 0.04319994896650314 -0.0188519898802042
v 0.007638989947736263 0.04319994896650314 -0.019473960623145103
v 0.005152999889105558 0.04487299174070358 -0.013143000192940235
v 0.021311990916728973 0.04047197103500366 -0.012306979857385159
v 0.022003939375281334 0.038533978164196014 -0.012706990353763103
v 0.019123969599604607 0.03864198178052902 -0.016775960102677345
v -0.002748965984210372 0.04319994896650314 -0.020838970318436623
v -0.006500958930701017 0.04319994896650314 -0.01996397040784359
v -0.004166959784924984 0.04487299174070358 -0.0134919798001647
v 0.015368989668786526 0.04319994896650314 -0.014260940253734589
v 0.015797970816493034 0.04319994896650314 -0.013858970254659653
v 0.01726496033370495 0.042250990867614746 -0.01514500007033348
v -0.002748965984210372 0.04319994896650314 -0.020838970318436623
v -0.0015729659935459495 0.04319994896650314 -0.02087794989347458
v -0.003002940909937024 0.042250990867614746 -0.022772960364818573
v 0.014719960279762745 0.03811800107359886 -0.01926695927977562
v 0.01103299017995596 0.03811800107359886 -0.02238297089934349
v 0.01525598019361496 0.03814398869872093 -0.019887980073690414
v -0.02366900071501732 0.04071199148893356 -0.006340980064123869
v -0.02060597948729992 0.042250990867614746 -0.010158950462937355
v -0.02197795920073986 0.04071199148893356 -0.010835940018296242
v 0.0020989771001040936 0.04487299174070358 -0.013961969874799252
v 0.0013699530391022563 0.04319994896650314 -0.02097398042678833
v -0.001059949048794806 0.04487299174070358 -0.014079979620873928
v -0.020978979766368866 0.04319994896650314 -0.0013749590143561363
v -0.020691990852355957 0.04319994896650314 -0.0031169650610536337
v -0.0229259692132473 0.042250990867614746 -0.001501976978033781
v -0.01386397983878851 0.04319994896650314 -0.01580297015607357
v -0.000534999999217689 0.045881979167461395 -0.007071970961987972
v -0.001059949048794806 0.04487299174070358 -0.014079979620873928
v -0.004166959784924984 0.04487299174070358 -0.0134919798001647
v -0.003002940909937024 0.042250990867614746 -0.022772960364818573
v 0.0014969699550420046 0.042250990867614746 -0.022920960560441017
v -0.003202974097803235 0.04071199148893356 -0.02428996004164219
v 0.013977999798953533 0.042250990867614746 -0.018222980201244354
v 0.015368989668786526 0.04319994896650314 -0.014260940253734589
v 0.01726496033370495 0.042250990867614746 -0.01514500007033348
v 0.021311990916728973 0.04047197103500366 -0.012306979857385159
v 0.019123969599604607 0.03864198178052902 -0.016775960102677345
v 0.018414970487356186 0.04071199148893356 -0.016152970492839813
v -0.0015729659935459495 0.04319994896650314 -0.02087794989347458
v 0.0014969699550420046 0.042250990867614746 -0.022920960560441017
v -0.003002940909937024 0.042250990867614746 -0.022772960364818573
v 0.014719960279762745 0.03811800107359886 -0.01926695927977562
v 0.01525598019361496 0.03814398869872093 -0.019887980073690414
v 0.018210940062999725 0.03811800107359886 -0.016005989164114
v 0.013977999798953533 0.042250990867614746 -0.018222980201244354
v 0.014908960089087486 0.04071199148893356 -0.019436949864029884
v 0.01083099003881216 0.04071199148893356 -0.02197295054793358
v -0.01386397983878851 0.04319994896650314 -0.01580297015607357
v -0.007064998149871826 0.04487299174070358 -0.012227949686348438
v -0.010514969937503338 0.04319994896650314 -0.01820296049118042
v 0.015797970816493034 0.04319994896650314 -0.013858970254659653
v 0.015368989668786526 0.04319994896650314 -0.014260940253734589
v 0.010344980284571648 0.04487299174070358 -0.00960397720336914
v 0.015368989668786526 0.04319994896650314 -0.014260940253734589
v 0.01279096957296133 0.04319994896650314 -0.01667593978345394
v 0.010344980284571648 0.04487299174070358 -0.00960397720336914
v 0.01279096957296133 0.04319994896650314 -0.01667593978345394
v 0.00794899370521307 0.04487299174070358 -0.011665989644825459
v 0.010344980284571648 0.04487299174070358 -0.00960397720336914
v -0.016779949888586998 0.03864198178052902 -0.019128970801830292
v -0.016157979145646095 0.04071199148893356 -0.01841896027326584
v -0.012254949659109116 0.04071199148893356 -0.02121697925031185
v 0.00794899370521307 0.04487299174070358 -0.011665989644825459
v 0.009291945956647396 0.04319994896650314 -0.0188519898802042
v 0.005152999889105558 0.04487299174070358 -0.013143000192940235
v 0.005434988997876644 0.04319994896650314 -0.020302949473261833
v 0.0031119580380618572 0.04319994896650314 -0.020686980336904526
v 0.0020989771001040936 0.04487299174070358 -0.013961969874799252
v 0.0031119580380618572 0.04319994896650314 -0.020686980336904526
v 0.0013699530391022563 0.04319994896650314 -0.02097398042678833
v 0.0020989771001040936 0.04487299174070358 -0.013961969874799252
v 0.0013699530391022563 0.04319994896650314 -0.02097398042678833
v -0.0015729659935459495 0.04319994896650314 -0.02087794989347458
v -0.001059949048794806 0.04487299174070358 -0.014079979620873928
v -0.001059949048794806 0.04487299174070358 -0.014079979620873928
v -0.002748965984210372 0.04319994896650314 -0.020838970318436623
v -0.004166959784924984 0.04487299174070358 -0.0134919798001647
v -0.007064998149871826 0.04487299174070358 -0.012227949686348438
v -0.006500958930701017 0.04319994896650314 -0.01996397040784359
v -0.010514969937503338 0.04319994896650314 -0.01820296049118042
v -0.007064998149871826 0.04487299174070358 -0.012227949686348438
v -0.01386397983878851 0.04319994896650314 -0.01580297015607357
v -0.009608983062207699 0.04487299174070358 -0.010349979624152184
v -0.01167093962430954 0.04487299174070358 -0.007953940890729427
v -0.016680950298905373 0.04319994896650314 -0.012795980088412762
v -0.01730196923017502 0.04319994896650314 -0.011796950362622738
v -0.018857000395655632 0.04319994896650314 -0.009296952746808529
v -0.013966970145702362 0.04487299174070358 -0.0021039838902652264
v -0.013147950172424316 0.04487299174070358 -0.005157947074621916
v -0.02030795067548752 0.04319994896650314 -0.005439995788037777
v -0.013966970145702362 0.04487299174070358 -0.0021039838902652264
v -0.02030795067548752 0.04319994896650314 -0.005439995788037777
v -0.020691990852355957 0.04319994896650314 -0.0031169650610536337
v -0.020978979766368866 0.04319994896650314 -0.0013749590143561363
v -0.013966970145702362 0.04487299174070358 -0.0021039838902652264
v -0.020691990852355957 0.04319994896650314 -0.0031169650610536337
v 0.0051939478144049644 0.045881979167461395 -0.004823981784284115
v 0.0039899940602481365 0.045881979167461395 -0.005858956836163998
v 0.0010519620263949037 0.045881979167461395 -0.007012962829321623
v 0.0020989771001040936 0.04487299174070358 -0.013961969874799252
v -0.001059949048794806 0.04487299174070358 -0.014079979620873928
v -0.000534999999217689 0.045881979167461395 -0.007071970961987972
v 0.0010519620263949037 0.045881979167461395 -0.007012962829321623
v -0.001059949048794806 0.04487299174070358 -0.014079979620873928
v -0.0020949840545654297 0.045881979167461395 -0.006776988040655851
v -0.000534999999217689 0.045881979167461395 -0.007071970961987972
v -0.004166959784924984 0.04487299174070358 -0.0134919798001647
v -0.007064998149871826 0.04487299174070358 -0.012227949686348438
v -0.0020949840545654297 0.045881979167461395 -0.006776988040655851
v -0.004166959784924984 0.04487299174070358 -0.0134919798001647
v -0.0035509460140019655 0.045881979167461395 -0.00614196015521884
v -0.0020949840545654297 0.045881979167461395 -0.006776988040655851
v -0.007064998149871826 0.04487299174070358 -0.012227949686348438
v 0.01279096957296133 0.04319994896650314 -0.01667593978345394
v 0.015368989668786526 0.04319994896650314 -0.014260940253734589
v 0.013977999798953533 0.042250990867614746 -0.018222980201244354
v 0.01525598019361496 0.03814398869872093 -0.019887980073690414
v 0.018841980025172234 0.03814398869872093 -0.016528960317373276
v 0.018210940062999725 0.03811800107359886 -0.016005989164114
v -0.003202974097803235 0.04071199148893356 -0.02428996004164219
v 0.0014969699550420046 0.042250990867614746 -0.022920960560441017
v 0.0015969870146363974 0.04071199148893356 -0.024446960538625717
v -0.02060597948729992 0.042250990867614746 -0.010158950462937355
v -0.02366900071501732 0.04071199148893356 -0.006340980064123869
v -0.02219199948012829 0.042250990867614746 -0.005944966804236174
v 0.006335972808301449 0.04071199148893356 -0.023663990199565887
v 0.007638989947736263 0.04319994896650314 -0.019473960623145103
v 0.009291945956647396 0.04319994896650314 -0.0188519898802042
v 0.010153939947485924 0.042250990867614746 -0.020600970834493637
v -0.024553000926971436 0.038533978164196014 -0.006577968131750822
v -0.02197795920073986 0.04071199148893356 -0.010835940018296242
v -0.022797999903559685 0.038533978164196014 -0.01123994030058384
v -0.01271199993789196 0.038533978164196014 -0.022008949890732765
v -0.016779949888586998 0.03864198178052902 -0.019128970801830292
v -0.012254949659109116 0.04071199148893356 -0.02121697925031185
v 0.020018989220261574 0.04209797829389572 -0.011560969986021519
v 0.021311990916728973 0.04047197103500366 -0.012306979857385159
v 0.018414970487356186 0.04071199148893356 -0.016152970492839813
v -0.007387994788587093 0.042250990867614746 -0.021750979125499725
v -0.007879972457885742 0.04071199148893356 -0.023198960348963737
v -0.012254949659109116 0.04071199148893356 -0.02121697925031185
v -0.011489979922771454 0.042250990867614746 -0.019891969859600067
v -0.007387994788587093 0.042250990867614746 -0.021750979125499725
v -0.012254949659109116 0.04071199148893356 -0.02121697925031185
v 0.010153939947485924 0.042250990867614746 -0.020600970834493637
v 0.013977999798953533 0.042250990867614746 -0.018222980201244354
v 0.01083099003881216 0.04071199148893356 -0.02197295054793358
v 0.010153939947485924 0.042250990867614746 -0.020600970834493637
v 0.009291945956647396 0.04319994896650314 -0.0188519898802042
v 0.013977999798953533 0.042250990867614746 -0.018222980201244354
v 0.0014969699550420046 0.042250990867614746 -0.022920960560441017
v 0.0031119580380618572 0.04319994896650314 -0.020686980336904526
v 0.005939960014075041 0.042250990867614746 -0.022186990827322006
v -0.014265949837863445 0.04319994896650314 -0.015374000184237957
v -0.01386397983878851 0.04319994896650314 -0.01580297015607357
v -0.015149950049817562 0.042250990867614746 -0.017269959673285484
v -0.01386397983878851 0.04319994896650314 -0.01580297015607357
v -0.010514969937503338 0.04319994896650314 -0.01820296049118042
v -0.015149950049817562 0.042250990867614746 -0.017269959673285484
v -0.010514969937503338 0.04319994896650314 -0.01820296049118042
v -0.011489979922771454 0.042250990867614746 -0.019891969859600067
v -0.015149950049817562 0.042250990867614746 -0.017269959673285484
v -0.024553000926971436 0.038533978164196014 -0.006577968131750822
v -0.02366900071501732 0.04071199148893356 -0.006340980064123869
v -0.02197795920073986 0.04071199148893356 -0.010835940018296242
v -0.02030795067548752 0.04319994896650314 -0.005439995788037777
v -0.02060597948729992 0.042250990867614746 -0.010158950462937355
v -0.02219199948012829 0.042250990867614746 -0.005944966804236174
v -0.022387979552149773 0.03811800107359886 -0.01103794015944004
v -0.019892990589141846 0.03814398869872093 -0.015259980224072933
v -0.019383959472179413 0.03811800107359886 -0.014576969668269157
v -0.012290949933230877 0.03811800107359886 -0.020906979218125343
v -0.016405990347266197 0.03813600167632103 -0.018595989793539047
v -0.012538960203528404 0.03814398869872093 -0.021709969267249107
v 0.018841980025172234 0.03814398869872093 -0.016528960317373276
v 0.020805949345231056 0.03811800107359886 -0.012389950454235077
v 0.018210940062999725 0.03811800107359886 -0.016005989164114
v 0.018841980025172234 0.03814398869872093 -0.016528960317373276
v 0.021712949499487877 0.0381469689309597 -0.012538960203528404
v 0.020861979573965073 0.03811997175216675 -0.012398949824273586
v -0.019892990589141846 0.03814398869872093 -0.015259980224072933
v -0.020166989415884018 0.038533978164196014 -0.015470979735255241
v -0.016722969710826874 0.038316961377859116 -0.01906394027173519
v 0.006482957862317562 0.03814398869872093 -0.024213960394263268
v 0.0015459649730473757 0.03811800107359886 -0.024553950875997543
v 0.00164198805578053 0.038170989602804184 -0.025125980377197266
v 0.0015459649730473757 0.03811800107359886 -0.024553950875997543
v -0.003276943927630782 0.03814398869872093 -0.02485400065779686
v 0.00164198805578053 0.038170989602804184 -0.025125980377197266
v -0.00802695658057928 0.03811800107359886 -0.023631980642676353
v -0.012538960203528404 0.03814398869872093 -0.021709969267249107
v -0.008098958991467953 0.038170989602804184 -0.023842990398406982
v -0.019892990589141846 0.03814398869872093 -0.015259980224072933
v -0.022387979552149773 0.03811800107359886 -0.01103794015944004
v -0.02258794941008091 0.038170989602804184 -0.011136939749121666
v 0.018841980025172234 0.03814398869872093 -0.016528960317373276
v 0.01525598019361496 0.03814398869872093 -0.019887980073690414
v 0.01905900053679943 0.038316961377859116 -0.016717970371246338
v 0.01525598019361496 0.03814398869872093 -0.019887980073690414
v 0.015465970151126385 0.038533978164196014 -0.020161980763077736
v 0.01905900053679943 0.038316961377859116 -0.016717970371246338
v 0.015465970151126385 0.038533978164196014 -0.020161980763077736
v 0.01525598019361496 0.03814398869872093 -0.019887980073690414
v 0.011132000014185905 0.038170989602804184 -0.022582940757274628
v 0.006572960875928402 0.038533978164196014 -0.024547990411520004
v 0.006482957862317562 0.03814398869872093 -0.024213960394263268
v 0.00164198805578053 0.038170989602804184 -0.025125980377197266
v -0.0033219449687749147 0.038533978164196014 -0.025195950642228127
v -0.003276943927630782 0.03814398869872093 -0.02485400065779686
v -0.008098958991467953 0.038170989602804184 -0.023842990398406982
v -0.022797999903559685 0.038533978164196014 -0.01123994030058384
v -0.020166989415884018 0.038533978164196014 -0.015470979735255241
v -0.02258794941008091 0.038170989602804184 -0.011136939749121666
v 0.015465970151126385 0.038533978164196014 -0.020161980763077736
v 0.019123969599604607 0.03864198178052902 -0.016775960102677345
v 0.01905900053679943 0.038316961377859116 -0.016717970371246338
v -0.0033219449687749147 0.038533978164196014 -0.025195950642228127
v 0.0015969870146363974 0.04071199148893356 -0.024446960538625717
v 0.0016569490544497967 0.038533978164196014 -0.02535896934568882
v -0.020166989415884018 0.038533978164196014 -0.015470979735255241
v -0.016779949888586998 0.03864198178052902 -0.019128970801830292
v -0.016722969710826874 0.038316961377859116 -0.01906394027173519
v -0.018227990716695786 0.042250990867614746 -0.013982949778437614
v -0.02197795920073986 0.04071199148893356 -0.010835940018296242
v -0.02060597948729992 0.042250990867614746 -0.010158950462937355
v 0.011132000014185905 0.038170989602804184 -0.022582940757274628
v 0.006572960875928402 0.038533978164196014 -0.024547990411520004
v 0.011234990321099758 0.038533978164196014 -0.022792989388108253
v -0.02219199948012829 0.042250990867614746 -0.005944966804236174
v -0.0229259692132473 0.042250990867614746 -0.001501976978033781
v -0.02030795067548752 0.04319994896650314 -0.005439995788037777
v -0.0229259692132473 0.042250990867614746 -0.001501976978033781
v -0.020691990852355957 0.04319994896650314 -0.0031169650610536337
v -0.02030795067548752 0.04319994896650314 -0.005439995788037777
v 0.00794899370521307 0.04487299174070358 -0.011665989644825459
v 0.01279096957296133 0.04319994896650314 -0.01667593978345394
v 0.009291945956647396 0.04319994896650314 -0.0188519898802042
v -0.013147950172424316 0.04487299174070358 -0.005157947074621916
v -0.018857000395655632 0.04319994896650314 -0.009296952746808529
v -0.02030795067548752 0.04319994896650314 -0.005439995788037777
v -0.024326980113983154 0.038170989602804184 -0.006516993045806885
v -0.022387979552149773 0.03811800107359886 -0.01103794015944004
v -0.02411096915602684 0.03811800107359886 -0.006458996795117855
v 0.020018989220261574 0.04209797829389572 -0.011560969986021519
v 0.01726496033370495 0.042250990867614746 -0.01514500007033348
v 0.01988697052001953 0.042250990867614746 -0.011484979651868343
v -0.019383959472179413 0.03811800107359886 -0.014576969668269157
v -0.016405990347266197 0.03813600167632103 -0.018595989793539047
v -0.012290949933230877 0.03811800107359886 -0.020906979218125343
v -0.007879972457885742 0.04071199148893356 -0.023198960348963737
v -0.01271199993789196 0.038533978164196014 -0.022008949890732765
v -0.012254949659109116 0.04071199148893356 -0.02121697925031185
v 0.006335972808301449 0.04071199148893356 -0.023663990199565887
v 0.010153939947485924 0.042250990867614746 -0.020600970834493637
v 0.01083099003881216 0.04071199148893356 -0.02197295054793358
v -0.02060597948729992 0.042250990867614746 -0.010158950462937355
v -0.016680950298905373 0.04319994896650314 -0.012795980088412762
v -0.018227990716695786 0.042250990867614746 -0.013982949778437614
v -0.02060597948729992 0.042250990867614746 -0.010158950462937355
v -0.01730196923017502 0.04319994896650314 -0.011796950362622738
v -0.016680950298905373 0.04319994896650314 -0.012795980088412762
v -0.004828989040106535 0.045881979167461395 -0.005198955070227385
v -0.007064998149871826 0.04487299174070358 -0.012227949686348438
v -0.009608983062207699 0.04487299174070358 -0.010349979624152184
v 0.01819794997572899 0.04319994896650314 -0.010509960353374481
v 0.01726496033370495 0.042250990867614746 -0.01514500007033348
v 0.015797970816493034 0.04319994896650314 -0.013858970254659653
v 0.0051939478144049644 0.045881979167461395 -0.004823981784284115
v 0.01010197028517723 0.04530197009444237 -0.005834995768964291
v 0.010344980284571648 0.04487299174070358 -0.00960397720336914
v 0.020018989220261574 0.04209797829389572 -0.011560969986021519
v 0.020007960498332977 0.04210095852613449 -0.011558939702808857
v 0.021311990916728973 0.04047197103500366 -0.012306979857385159
v -0.016722969710826874 0.038316961377859116 -0.01906394027173519
v -0.012538960203528404 0.03814398869872093 -0.021709969267249107
v -0.016405990347266197 0.03813600167632103 -0.018595989793539047
v -0.01271199993789196 0.038533978164196014 -0.022008949890732765
v -0.008098958991467953 0.038170989602804184 -0.023842990398406982
v -0.012538960203528404 0.03814398869872093 -0.021709969267249107
v -0.02030795067548752 0.04319994896650314 -0.005439995788037777
v -0.018857000395655632 0.04319994896650314 -0.009296952746808529
v -0.02060597948729992 0.042250990867614746 -0.010158950462937355
v -0.018857000395655632 0.04319994896650314 -0.009296952746808529
v -0.01730196923017502 0.04319994896650314 -0.011796950362622738
v -0.02060597948729992 0.042250990867614746 -0.010158950462937355
v 0.011234990321099758 0.038533978164196014 -0.022792989388108253
v 0.014908960089087486 0.04071199148893356 -0.019436949864029884
v 0.015465970151126385 0.038533978164196014 -0.020161980763077736
v -0.02197795920073986 0.04071199148893356 -0.010835940018296242
v -0.020166989415884018 0.038533978164196014 -0.015470979735255241
v -0.022797999903559685 0.038533978164196014 -0.01123994030058384
v -0.006500958930701017 0.04319994896650314 -0.01996397040784359
v -0.003002940909937024 0.042250990867614746 -0.022772960364818573
v -0.007387994788587093 0.042250990867614746 -0.021750979125499725
v -0.022797999903559685 0.038533978164196014 -0.01123994030058384
v -0.024326980113983154 0.038170989602804184 -0.006516993045806885
v -0.024553000926971436 0.038533978164196014 -0.006577968131750822
v 0.014908960089087486 0.04071199148893356 -0.019436949864029884
v 0.01726496033370495 0.042250990867614746 -0.01514500007033348
v 0.018414970487356186 0.04071199148893356 -0.016152970492839813
v -0.0033219449687749147 0.038533978164196014 -0.025195950642228127
v 0.00164198805578053 0.038170989602804184 -0.025125980377197266
v -0.003276943927630782 0.03814398869872093 -0.02485400065779686
v -0.008098958991467953 0.038170989602804184 -0.023842990398406982
v -0.008184969425201416 0.03852694854140282 -0.024097969755530357
v -0.0033219449687749147 0.038533978164196014 -0.025195950642228127
v -0.014265949837863445 0.04319994896650314 -0.015374000184237957
v -0.018227990716695786 0.042250990867614746 -0.013982949778437614
v -0.016680950298905373 0.04319994896650314 -0.012795980088412762
v -0.004828989040106535 0.045881979167461395 -0.005198955070227385
v -0.01167093962430954 0.04487299174070358 -0.007953940890729427
v -0.005863964091986418 0.045881979167461395 -0.003994940780103207
v -0.007879972457885742 0.04071199148893356 -0.023198960348963737
v -0.0033219449687749147 0.038533978164196014 -0.025195950642228127
v -0.008184969425201416 0.03852694854140282 -0.024097969755530357
v 0.007638989947736263 0.04319994896650314 -0.019473960623145103
v 0.010153939947485924 0.042250990867614746 -0.020600970834493637
v 0.005939960014075041 0.042250990867614746 -0.022186990827322006
v -0.007387994788587093 0.042250990867614746 -0.021750979125499725
v -0.003202974097803235 0.04071199148893356 -0.02428996004164219
v -0.007879972457885742 0.04071199148893356 -0.023198960348963737
v 0.005434988997876644 0.04319994896650314 -0.020302949473261833
v 0.007638989947736263 0.04319994896650314 -0.019473960623145103
v 0.005939960014075041 0.042250990867614746 -0.022186990827322006
v 0.01103299017995596 0.03811800107359886 -0.02238297089934349
v 0.0015459649730473757 0.03811800107359886 -0.024553950875997543
v 0.006482957862317562 0.03814398869872093 -0.024213960394263268
v -0.02366900071501732 0.04071199148893356 -0.006340980064123869
v -0.02536397986114025 0.038533978164196014 -0.0016619559610262513
v -0.024451969191432 0.04071199148893356 -0.0016019940376281738
v 0.01103299017995596 0.03811800107359886 -0.02238297089934349
v 0.014719960279762745 0.03811800107359886 -0.01926695927977562
v 0.018210940062999725 0.03811800107359886 -0.016005989164114
v 0.020747950300574303 0.03811800107359886 -0.012380950152873993
v 0.01103299017995596 0.03811800107359886 -0.02238297089934349
v -0.02411096915602684 0.03811800107359886 -0.006458996795117855
v -0.022387979552149773 0.03811800107359886 -0.01103794015944004
v 0.01103299017995596 0.03811800107359886 -0.02238297089934349
v -0.022387979552149773 0.03811800107359886 -0.01103794015944004
v -0.019383959472179413 0.03811800107359886 -0.014576969668269157
v -0.012290949933230877 0.03811800107359886 -0.020906979218125343
v 0.01103299017995596 0.03811800107359886 -0.02238297089934349
v -0.012290949933230877 0.03811800107359886 -0.020906979218125343
v -0.00802695658057928 0.03811800107359886 -0.023631980642676353
v 0.01103299017995596 0.03811800107359886 -0.02238297089934349
v -0.00802695658057928 0.03811800107359886 -0.023631980642676353
v 0.0015459649730473757 0.03811800107359886 -0.024553950875997543
v -0.00802695658057928 0.03811800107359886 -0.023631980642676353
v -0.003276943927630782 0.03814398869872093 -0.02485400065779686
v 0.0015459649730473757 0.03811800107359886 -0.024553950875997543
v -0.010514969937503338 0.04319994896650314 -0.01820296049118042
v -0.007387994788587093 0.042250990867614746 -0.021750979125499725
v -0.011489979922771454 0.042250990867614746 -0.019891969859600067
v 0.009291945956647396 0.04319994896650314 -0.0188519898802042
v 0.01279096957296133 0.04319994896650314 -0.01667593978345394
v 0.013977999798953533 0.042250990867614746 -0.018222980201244354
v -0.015149950049817562 0.042250990867614746 -0.017269959673285484
v -0.012254949659109116 0.04071199148893356 -0.02121697925031185
v -0.016157979145646095 0.04071199148893356 -0.01841896027326584
v -0.019440939649939537 0.04071199148893356 -0.014913969673216343
v -0.016779949888586998 0.03864198178052902 -0.019128970801830292
v -0.020166989415884018 0.038533978164196014 -0.015470979735255241
v -0.012290949933230877 0.03811800107359886 -0.020906979218125343
v -0.012538960203528404 0.03814398869872093 -0.021709969267249107
v -0.00802695658057928 0.03811800107359886 -0.023631980642676353
v 0.00794899370521307 0.04487299174070358 -0.011665989644825459
v 0.002585947047919035 0.045881979167461395 -0.0066019888035953045
v 0.0039899940602481365 0.045881979167461395 -0.005858956836163998
v -0.0229259692132473 0.042250990867614746 -0.001501976978033781
v -0.02366900071501732 0.04071199148893356 -0.006340980064123869
v -0.024451969191432 0.04071199148893356 -0.0016019940376281738
v 0.021712949499487877 0.0381469689309597 -0.012538960203528404
v 0.01905900053679943 0.038316961377859116 -0.016717970371246338
v 0.022003939375281334 0.038533978164196014 -0.012706990353763103
v 0.019123969599604607 0.03864198178052902 -0.016775960102677345
v 0.014908960089087486 0.04071199148893356 -0.019436949864029884
v 0.018414970487356186 0.04071199148893356 -0.016152970492839813
v 0.0010519620263949037 0.045881979167461395 -0.007012962829321623
v 0.005152999889105558 0.04487299174070358 -0.013143000192940235
v 0.0020989771001040936 0.04487299174070358 -0.013961969874799252
v 0.006335972808301449 0.04071199148893356 -0.023663990199565887
v 0.0016569490544497967 0.038533978164196014 -0.02535896934568882
v 0.0015969870146363974 0.04071199148893356 -0.024446960538625717
v -0.01771700009703636 0.03811800107359886 -0.004036962054669857
v -0.0105929896235466 0.03811800107359886 -0.005817948840558529
v -0.02404797077178955 0.028756970539689064 -0.0024839630350470543
v -0.02240896038711071 0.03811800107359886 -0.002635955112054944
v -0.01771700009703636 0.03811800107359886 -0.004036962054669857
v -0.02404797077178955 0.028756970539689064 -0.0024839630350470543
v -0.02451895922422409 0.03811800107359886 -0.0019529459532350302
v -0.024326980113983154 0.038170989602804184 -0.006516993045806885
v -0.02411096915602684 0.03811800107359886 -0.006458996795117855
v -0.025112979114055634 0.038170989602804184 -0.0017579790437594056
v -0.02451895922422409 0.03811800107359886 -0.0019529459532350302
v -0.025255970656871796 0.02860998921096325 -0.002030967967584729
v 0.020007960498332977 0.04210095852613449 -0.011558939702808857
v 0.020007960498332977 0.04210095852613449 -0.011558939702808857
v 0.01988697052001953 0.042250990867614746 -0.011484979651868343
v 0.013813969679176807 0.04405897110700607 -0.010102979838848114
v 0.015797970816493034 0.04319994896650314 -0.013858970254659653
v 0.010344980284571648 0.04487299174070358 -0.00960397720336914
v -0.004586994182318449 0.04589897021651268 -0.004937945865094662
v -0.005863964091986418 0.045881979167461395 -0.003994940780103207
v -4.999999873689376e-06 0.046220000833272934 0.0
v -4.999999873689376e-06 0.046220000833272934 0.0
v -4.999999873689376e-06 0.046220000833272934 0.0
v -0.01771700009703636 0.03811800107359886 -0.004036962054669857
v -0.02411096915602684 0.03811800107359886 -0.006458996795117855
v -0.0105929896235466 0.03811800107359886 -0.005817948840558529
v -4.999999873689376e-06 0.046220000833272934 0.0
v -0.025112979114055634 0.038170989602804184 -0.0017579790437594056
v -0.024553000926971436 0.038533978164196014 -0.006577968131750822
v -0.024326980113983154 0.038170989602804184 -0.006516993045806885
v 0.09205996245145798 -0.003079950110986829 0.03195594996213913
v 0.09086596220731735 -0.005649982951581478 0.0318639799952507
v 0.08988296240568161 -0.005864976905286312 0.031853970140218735
v 0.09445898979902267 0.0025909540709108114 0.031966980546712875
v 0.0920589491724968 0.002963959937915206 0.031958989799022675
v 0.09387797117233276 0.003507971065118909 0.031943969428539276
v 0.09613198041915894 0.0014789700508117676 0.032670971006155014
v 0.09585999697446823 0.002434968017041683 0.032667990773916245
v 0.09640800207853317 0.001502990024164319 0.033488981425762177
v 0.09205996245145798 -0.003079950110986829 0.03195594996213913
v 0.09504497051239014 -0.0002869999734684825 0.03199398145079613
v 0.09527397155761719 -0.0015349979512393475 0.0320659801363945
v 0.0739559531211853 0.004381954204291105 0.03191595897078514
v 0.07211101055145264 0.0016049740370362997 0.03198397159576416
v 0.0722159668803215 0.0028369419742375612 0.031961970031261444
v 0.07569599151611328 0.005926966201514006 0.031850989907979965
v 0.0739559531211853 0.004381954204291105 0.03191595897078514
v 0.07491999119520187 0.005825995933264494 0.03185497969388962
v 0.07298398017883301 -0.0064199562184512615 0.03263496980071068
v 0.0729759931564331 -0.006673991214483976 0.033375971019268036
v 0.07235895842313766 -0.006212948821485043 0.03338896855711937
v 0.0739559531211853 0.004381954204291105 0.03191595897078514
v 0.0722159668803215 0.0028369419742375612 0.031961970031261444
v 0.07233595103025436 0.0034189820289611816 0.031946949660778046
v -0.006915986072272062 -0.045548971742391586 0.007992981933057308
v -0.005475996993482113 -0.04564398154616356 0.009031951427459717
v 0.005838990211486816 -0.04529093950986862 0.0333169586956501
v 0.07253997772932053 0.003963946830481291 0.03192995861172676
v 0.0739559531211853 0.004381954204291105 0.03191595897078514
v 0.07233595103025436 0.0034189820289611816 0.031946949660778046
v 0.09401798248291016 0.00464999582618475 0.03219199180603027
v 0.09435795992612839 0.0038649430498480797 0.0320509597659111
v 0.09387797117233276 0.003507971065118909 0.031943969428539276
v 0.07211101055145264 0.0016049740370362997 0.03198397159576416
v 0.0739559531211853 0.004381954204291105 0.03191595897078514
v 0.07569599151611328 0.005926966201514006 0.031850989907979965
v 0.07499998062849045 -0.006456971168518066 0.03194599971175194
v 0.07380598038434982 -0.006743967067450285 0.03244495019316673
v 0.07412295788526535 -0.006201982032507658 0.031958989799022675
v 0.021795980632305145 0.03970599174499512 0.08610694855451584
v 0.023413000628352165 0.03712797164916992 0.09058499336242676
v 0.024658970534801483 0.03864495828747749 0.09057295322418213
v 0.09479694813489914 0.00174194504506886 0.03198295086622238
v 0.0920589491724968 0.002963959937915206 0.031958989799022675
v 0.09461294859647751 0.0022499558981508017 0.0319739505648613
v 0.0739559531211853 0.004381954204291105 0.03191595897078514
v 0.07296895235776901 0.004612981807440519 0.03190695866942406
v 0.07374899834394455 0.00553095294162631 0.03190296143293381
v 0.09286998957395554 -0.006189941894263029 0.03264695033431053
v 0.09395896643400192 -0.00537294102832675 0.03267699107527733
v 0.0931209921836853 -0.00629794504493475 0.03339194878935814
v 0.03425794094800949 0.016978969797492027 0.10710199922323227
v 0.03462100028991699 0.019105970859527588 0.10710400342941284
v 0.028862949460744858 0.023004939779639244 0.1036909967660904
v 0.07491999119520187 0.005825995933264494 0.03185497969388962
v 0.0739559531211853 0.004381954204291105 0.03191595897078514
v 0.07374899834394455 0.00553095294162631 0.03190296143293381
v 0.07296895235776901 0.004612981807440519 0.03190695866942406
v 0.07211101055145264 0.0016049740370362997 0.03198397159576416
v 0.07569599151611328 0.005926966201514006 0.031850989907979965
v 0.0920589491724968 0.002963959937915206 0.031958989799022675
v 0.09504497051239014 -0.0002869999734684825 0.03199398145079613
v 0.09205996245145798 -0.003079950110986829 0.03195594996213913
v 0.0721699520945549 -0.0023549790494143963 0.03197199106216431
v 0.09503698348999023 0.0005159999709576368 0.03199398145079613
v 0.09504497051239014 -0.0002869999734684825 0.03199398145079613
v 0.0920589491724968 0.002963959937915206 0.031958989799022675
v 0.0920589491724968 0.002963959937915206 0.031958989799022675
v 0.09445898979902267 0.0025909540709108114 0.031966980546712875
v 0.09461294859647751 0.0022499558981508017 0.0319739505648613
v 0.07380598038434982 -0.006743967067450285 0.03244495019316673
v 0.0735129714012146 -0.006997941993176937 0.033364951610565186
v 0.0729759931564331 -0.006673991214483976 0.033375971019268036
v 0.07186400145292282 0.00024399999529123306 0.03203396871685982
v 0.09504497051239014 -0.0002869999734684825 0.03199398145079613
v 0.0717419907450676 -0.0008689999231137335 0.0320589505136013
v 0.09527795761823654 0.0015069840010255575 0.0320659801363945
v 0.0920589491724968 0.002963959937915206 0.031958989799022675
v 0.09479694813489914 0.00174194504506886 0.03198295086622238
v 0.09516000002622604 0.0034849639050662518 0.03245097026228905
v 0.09547895193099976 0.0038839569315314293 0.03345596045255661
v 0.09580796211957932 0.003278970019891858 0.033466991037130356
v 0.03583097085356712 0.016659969463944435 0.028817949816584587
v 0.03583097085356712 0.022026000544428825 0.028674960136413574
v 0.03691297024488449 0.016793960705399513 0.028681989759206772
v 0.09527795761823654 0.0015069840010255575 0.0320659801363945
v 0.09503698348999023 0.0005159999709576368 0.03199398145079613
v 0.0920589491724968 0.002963959937915206 0.031958989799022675
v 0.07186400145292282 0.00024399999529123306 0.03203396871685982
v 0.09505598992109299 -0.002662956016138196 0.032080940902233124
v 0.09509795159101486 -0.0035609600599855185 0.03243093937635422
v 0.09441900253295898 -0.0026709430385380983 0.03196597099304199
v 0.09402494877576828 -0.004517972003668547 0.03214097023010254
v 0.0931539535522461 -0.005417943000793457 0.03216397017240524
v 0.09284496307373047 -0.004584968090057373 0.03190796822309494
v 0.05137496814131737 -0.010820980183780193 0.03156596049666405
v 0.049142949283123016 -0.03009199909865856 0.03174196928739548
v 0.05108397826552391 -0.010809949599206448 0.03140496835112572
v 0.07569599151611328 0.005926966201514006 0.031850989907979965
v 0.08910398930311203 0.005926966201514006 0.031850989907979965
v 0.0920589491724968 0.002963959937915206 0.031958989799022675
v 0.0920589491724968 0.002963959937915206 0.031958989799022675
v 0.08988898247480392 0.0058669438585639 0.03185296058654785
v 0.09087096899747849 0.00564497709274292 0.0318639799952507
v 0.0920589491724968 0.002963959937915206 0.031958989799022675
v 0.08910398930311203 0.005926966201514006 0.031850989907979965
v 0.08988898247480392 0.0058669438585639 0.03185296058654785
v 0.0920589491724968 0.002963959937915206 0.031958989799022675
v 0.09087096899747849 0.00564497709274292 0.0318639799952507
v 0.09195499867200851 0.005553959868848324 0.03193395957350731
v 0.09506195038557053 0.0026579489931464195 0.032080940902233124
v 0.09445898979902267 0.0025909540709108114 0.031966980546712875
v 0.09387797117233276 0.003507971065118909 0.031943969428539276
v 0.09440796822309494 -0.003796993987634778 0.032052990049123764
v 0.09509795159101486 -0.0035609600599855185 0.03243093937635422
v 0.09485398977994919 -0.004396975040435791 0.03270696848630905
v 0.0920589491724968 0.002963959937915206 0.031958989799022675
v 0.09195499867200851 0.005553959868848324 0.03193395957350731
v 0.09244196861982346 0.004896997939795256 0.031895991414785385
v 0.09200196713209152 0.006538987159729004 0.03249894827604294
v 0.09302394837141037 0.005405962001532316 0.032107941806316376
v 0.09195499867200851 0.005553959868848324 0.03193395957350731
v 0.0920589491724968 0.002963959937915206 0.031958989799022675
v 0.09244196861982346 0.004896997939795256 0.031895991414785385
v 0.093082956969738 0.004390954039990902 0.03191595897078514
v -0.011838969774544239 -0.03073096089065075 0.031804971396923065
v 0.04909700155258179 -0.030700979754328728 0.03181099146604538
v 0.048816971480846405 -0.030550949275493622 0.034518949687480927
v 0.09387797117233276 0.003507971065118909 0.031943969428539276
v 0.0920589491724968 0.002963959937915206 0.031958989799022675
v 0.093082956969738 0.004390954039990902 0.03191595897078514
v 0.13750100135803223 0.007655978202819824 0.11168500036001205
v 0.1372459977865219 0.0049009909853339195 0.11223000288009644
v 0.13750599324703217 0.0034019940067082644 0.11232300102710724
v 0.09205996245145798 -0.003079950110986829 0.03195594996213913
v 0.09284496307373047 -0.004584968090057373 0.03190796822309494
v 0.09194797277450562 -0.005553959868848324 0.03193395957350731
v 0.09205996245145798 -0.003079950110986829 0.03195594996213913
v 0.09194797277450562 -0.005553959868848324 0.03193395957350731
v 0.09086596220731735 -0.005649982951581478 0.0318639799952507
v 0.09441900253295898 -0.0026709430385380983 0.03196597099304199
v 0.09205996245145798 -0.003079950110986829 0.03195594996213913
v 0.09464198350906372 -0.0021779530216008425 0.031974971294403076
v 0.09527397155761719 -0.0015349979512393475 0.0320659801363945
v 0.09205996245145798 -0.003079950110986829 0.03195594996213913
v 0.09481996297836304 -0.001668988959863782 0.03198397159576416
v 0.0737379714846611 -0.00552397919818759 0.03190397843718529
v 0.0739559531211853 -0.004381954204291105 0.03191595897078514
v 0.07491099089384079 -0.005823968909680843 0.031856000423431396
v 0.09481996297836304 -0.001668988959863782 0.03198397159576416
v 0.09205996245145798 -0.003079950110986829 0.03195594996213913
v 0.09441900253295898 -0.0026709430385380983 0.03196597099304199
v 0.09389399737119675 -0.003493963973596692 0.031943969428539276
v 0.0737379714846611 -0.00552397919818759 0.03190397843718529
v 0.07296097278594971 -0.004603981040418148 0.03190796822309494
v 0.0739559531211853 -0.004381954204291105 0.03191595897078514
v 0.09284496307373047 -0.004584968090057373 0.03190796822309494
v 0.09205996245145798 -0.003079950110986829 0.03195594996213913
v 0.09389399737119675 -0.003493963973596692 0.031943969428539276
v 0.0739559531211853 -0.004381954204291105 0.03191595897078514
v 0.07296097278594971 -0.004603981040418148 0.03190796822309494
v 0.0725349709391594 -0.0039549460634589195 0.03193097934126854
v 0.0748559832572937 0.0072979917749762535 0.032760970294475555
v 0.0740729495882988 0.007101953029632568 0.032768961042165756
v 0.07474595308303833 0.007397949229925871 0.03335195034742355
v 0.07233195751905441 -0.003405987983569503 0.031946949660778046
v 0.09504497051239014 -0.0002869999734684825 0.03199398145079613
v 0.0721699520945549 -0.0023549790494143963 0.03197199106216431
v 0.0717419907450676 -0.0008689999231137335 0.0320589505136013
v 0.07118499279022217 0.003669976955279708 0.03254598006606102
v 0.07178299874067307 0.003580986987799406 0.032058000564575195
v 0.07164400070905685 0.0029009580612182617 0.032074980437755585
v 0.0739559531211853 -0.004381954204291105 0.03191595897078514
v 0.07569599151611328 -0.005926966201514006 0.031850989907979965
v 0.07491099089384079 -0.005823968909680843 0.031856000423431396
v 0.0721699520945549 -0.0023549790494143963 0.03197199106216431
v 0.08906196802854538 -0.005926966201514006 0.031850989907979965
v 0.07569599151611328 -0.005926966201514006 0.031850989907979965
v 0.0721699520945549 -0.0023549790494143963 0.03197199106216431
v 0.07569599151611328 -0.005926966201514006 0.031850989907979965
v 0.0739559531211853 -0.004381954204291105 0.03191595897078514
v 0.0721699520945549 -0.0023549790494143963 0.03197199106216431
v 0.08906196802854538 -0.005926966201514006 0.031850989907979965
v 0.09205996245145798 -0.003079950110986829 0.03195594996213913
v 0.08988296240568161 -0.005864976905286312 0.031853970140218735
v 0.09205996245145798 -0.003079950110986829 0.03195594996213913
v 0.08906196802854538 -0.005926966201514006 0.031850989907979965
v 0.0721699520945549 -0.0023549790494143963 0.03197199106216431
v 0.0920589491724968 0.002963959937915206 0.031958989799022675
v 0.09504497051239014 -0.0002869999734684825 0.03199398145079613
v 0.07186400145292282 0.00024399999529123306 0.03203396871685982
v 0.09119199961423874 -0.006702959071844816 0.03227800130844116
v 0.09186798334121704 -0.006700992118567228 0.032625969499349594
v 0.09106498211622238 -0.007101953029632568 0.03276997059583664
v -0.011978980153799057 -0.03292899951338768 0.03216695040464401
v -0.011844989843666553 -0.0327720008790493 0.03164798021316528
v -0.012099980376660824 -0.0340690016746521 0.0313829705119133
v 0.09570895880460739 0.003217994933947921 0.0328899584710598
v 0.09585999697446823 0.002434968017041683 0.032667990773916245
v 0.09516000002622604 0.0034849639050662518 0.03245097026228905
v 0.07153797149658203 0.001640975009649992 0.032097991555929184
v 0.07164400070905685 0.0029009580612182617 0.032074980437755585
v 0.07211101055145264 0.0016049740370362997 0.03198397159576416
v -0.012064989656209946 -0.03194599971175194 0.03197997063398361
v -0.012209950014948845 -0.030490990728139877 0.03225594013929367
v -0.012066960334777832 -0.03055495023727417 0.03187096118927002
v 0.0931539535522461 -0.005417943000793457 0.03216397017240524
v 0.09402494877576828 -0.004517972003668547 0.03214097023010254
v 0.09395896643400192 -0.00537294102832675 0.03267699107527733
v 0.07569599151611328 0.007206975948065519 0.032509978860616684
v 0.08911298960447311 0.0065229530446231365 0.03194295987486839
v 0.07569599151611328 0.0065229530446231365 0.03194295987486839
v 0.07087694853544235 0.001688956981524825 0.03268498182296753
v 0.0708419606089592 0.000391999987186864 0.03267699107527733
v 0.07059997320175171 0.0013319839490577579 0.03348695859313011
v 0.07486200332641602 -0.007298945914953947 0.032760970294475555
v 0.07569599151611328 -0.007206975948065519 0.032509978860616684
v 0.07472699135541916 -0.007394968997687101 0.03335195034742355
v -0.014732950367033482 0.012315980158746243 0.03131496161222458
v -0.014647959731519222 0.01164196990430355 0.03126697987318039
v -0.013856939971446991 0.01148897036910057 0.03319697827100754
v 0.07569599151611328 -0.0065229530446231365 0.03194295987486839
v 0.07491599768400192 -0.006959973834455013 0.03226596117019653
v 0.07499998062849045 -0.006456971168518066 0.03194599971175194
v 0.07413095235824585 0.0062059760093688965 0.03195798024535179
v 0.07501298189163208 0.006458996795117855 0.03194599971175194
v 0.07491999119520187 0.005825995933264494 0.03185497969388962
v 0.07104896754026413 0.004326999187469482 0.03343695029616356
v 0.07118499279022217 0.003669976955279708 0.03254598006606102
v 0.07077097147703171 0.003315984969958663 0.03345698118209839
v 0.07298398017883301 -0.0064199562184512615 0.03263496980071068
v 0.07192497700452805 -0.005451976787298918 0.032710958272218704
v 0.07280199974775314 -0.005661963950842619 0.03215198963880539
v 0.052407968789339066 0.0022529950365424156 0.03285098075866699
v 0.05233895033597946 0.0031169650610536337 0.03270094841718674
v 0.05235296115279198 0.004901945125311613 0.0329129584133625
v -0.005994975101202726 -0.0026519889943301678 0.034859951585531235
v -0.005974947940558195 -0.002499996917322278 0.031246960163116455
v -0.006111979018896818 -0.003012954955920577 0.03125493973493576
v 0.07298398017883301 -0.0064199562184512615 0.03263496980071068
v 0.07380598038434982 -0.006743967067450285 0.03244495019316673
v 0.0729759931564331 -0.006673991214483976 0.033375971019268036
v 0.1376899927854538 -0.034060001373291016 0.0903579518198967
v 0.13739900290966034 -0.03426295146346092 0.0904499813914299
v 0.13760699331760406 -0.035463981330394745 0.0870249792933464
v 0.05171196907758713 0.04212098941206932 0.04328595846891403
v 0.052388958632946014 0.041249990463256836 0.04289494827389717
v 0.03577297180891037 0.04183495044708252 0.01520793978124857
v 0.07294195145368576 0.006321966182440519 0.03255598992109299
v 0.07380300015211105 0.006755948066711426 0.03246200084686279
v 0.07374899834394455 0.00553095294162631 0.03190296143293381
v 0.07569599151611328 0.007499991916120052 0.033348970115184784
v 0.0748559832572937 0.0072979917749762535 0.032760970294475555
v 0.07474595308303833 0.007397949229925871 0.03335195034742355
v 0.0031549930572509766 0.04271494969725609 0.03284095972776413
v 0.005778967868536711 0.04287498816847801 0.035671938210725784
v 0.004232943058013916 0.04297000169754028 0.03190898150205612
v 0.09505598992109299 -0.002662956016138196 0.032080940902233124
v 0.09590595215559006 -0.0024519560392946005 0.032738979905843735
v 0.09509795159101486 -0.0035609600599855185 0.03243093937635422
v 0.13733699917793274 -0.03720396012067795 0.06972496956586838
v 0.13752290606498718 -0.0366859994828701 0.0674469992518425
v 0.13761599361896515 -0.03701198101043701 0.06961297243833542
v 0.09570895880460739 0.003217994933947921 0.0328899584710598
v 0.09516000002622604 0.0034849639050662518 0.03245097026228905
v 0.09580796211957932 0.003278970019891858 0.033466991037130356
v 0.07314497232437134 0.005632996093481779 0.03198498114943504
v 0.07262998074293137 0.005507946014404297 0.03215795010328293
v 0.07294195145368576 0.006321966182440519 0.03255598992109299
v 0.09477496147155762 0.004498958121985197 0.03270398825407028
v 0.0938679501414299 0.005445957183837891 0.0326649509370327
v 0.09419000148773193 0.00546294404193759 0.033416979014873505
v 0.0929669663310051 0.006254971027374268 0.03280394896864891
v 0.09200196713209152 0.006538987159729004 0.03249894827604294
v 0.09306097030639648 0.006335972808301449 0.033390991389751434
v 0.09604799002408981 -0.0005779999773949385 0.03249799832701683
v 0.09603296965360641 -0.001706957002170384 0.032603971660137177
v 0.09527397155761719 -0.0015349979512393475 0.0320659801363945
v 0.09585999697446823 0.002434968017041683 0.032667990773916245
v 0.09570895880460739 0.003217994933947921 0.0328899584710598
v 0.09607797116041183 0.0026299951132386923 0.03347694128751755
v 0.07118499279022217 0.003669976955279708 0.03254598006606102
v 0.07099795341491699 0.002983987098559737 0.03264296054840088
v 0.07077097147703171 0.003315984969958663 0.03345698118209839
v 0.09516000002622604 0.0034849639050662518 0.03245097026228905
v 0.09477496147155762 0.004498958121985197 0.03270398825407028
v 0.09507697075605392 0.004456995986402035 0.03344297036528587
v 0.08906196802854538 -0.005926966201514006 0.031850989907979965
v 0.08906196802854538 -0.0065229530446231365 0.03194295987486839
v 0.07569599151611328 -0.005926966201514006 0.031850989907979965
v 0.07569599151611328 -0.0065229530446231365 0.03194295987486839
v 0.07499998062849045 -0.006456971168518066 0.03194599971175194
v 0.07569599151611328 -0.005926966201514006 0.031850989907979965
v 0.09402494877576828 -0.004517972003668547 0.03214097023010254
v 0.09485398977994919 -0.004396975040435791 0.03270696848630905
v 0.09395896643400192 -0.00537294102832675 0.03267699107527733
v 0.07249099016189575 -0.004975974094122648 0.032010968774557114
v 0.07190697640180588 -0.004528998862951994 0.032193951308727264
v 0.07296097278594971 -0.004603981040418148 0.03190796822309494
v 0.09003198146820068 -0.006959973834455013 0.03226596117019653
v 0.09104298800230026 -0.006215989124029875 0.03195798024535179
v 0.09119199961423874 -0.006702959071844816 0.03227800130844116
v 0.0708419606089592 0.000391999987186864 0.03267699107527733
v 0.07186400145292282 0.00024399999529123306 0.03203396871685982
v 0.0717419907450676 -0.0008689999231137335 0.0320589505136013
v 0.08988898247480392 0.0058669438585639 0.03185296058654785
v 0.0910489484667778 0.006210981868207455 0.03195798024535179
v 0.09087096899747849 0.00564497709274292 0.0318639799952507
v 0.07096195220947266 -0.00258898688480258 0.032650940120220184
v 0.07118099182844162 -0.0036529889330267906 0.0325469896197319
v 0.07076995819807053 -0.003308950923383236 0.03345698118209839
v -0.02663296088576317 0.023182980716228485 0.007767974864691496
v -0.026555949822068214 0.023254990577697754 0.008001983165740967
v -0.026630990207195282 0.02322000078856945 0.007758975028991699
v 0.07253997772932053 0.003963946830481291 0.03192995861172676
v 0.07191299647092819 0.00454097893089056 0.03219300135970116
v 0.07296895235776901 0.004612981807440519 0.03190695866942406
v 0.05202198028564453 0.010596989654004574 0.032692961394786835
v 0.051916949450969696 0.010646989569067955 0.03328394144773483
v 0.051961950957775116 0.007899998687207699 0.03325396031141281
v 0.08911799639463425 0.007205963134765625 0.032509978860616684
v 0.07569599151611328 0.007206975948065519 0.032509978860616684
v 0.07569599151611328 0.007499991916120052 0.033348970115184784
v 0.02452296018600464 0.04170798882842064 0.08610694855451584
v 0.02364896982908249 0.0428459607064724 0.08205699175596237
v 0.02103297971189022 0.042380981147289276 0.08084797114133835
v 0.008658944629132748 0.04066598042845726 0.06395000219345093
v 0.008147954009473324 0.04002397879958153 0.06395000219345093
v 0.014702970162034035 0.04014796018600464 0.07511799782514572
v 0.07160799950361252 -0.0025169840082526207 0.032082971185445786
v 0.0721699520945549 -0.0023549790494143963 0.03197199106216431
v 0.07233195751905441 -0.003405987983569503 0.031946949660778046
v 0.13770900666713715 0.015452980063855648 0.10894300043582916
v 0.13743199408054352 0.015556990168988705 0.10917200148105621
v 0.1374509036540985 0.01167398039251566 0.11063099652528763
v 0.07294195145368576 0.006321966182440519 0.03255598992109299
v 0.07262998074293137 0.005507946014404297 0.03215795010328293
v 0.0719369575381279 0.00546497106552124 0.03270595893263817
v 0.09585999697446823 0.002434968017041683 0.032667990773916245
v 0.09506195038557053 0.0026579489931464195 0.032080940902233124
v 0.09516000002622604 0.0034849639050662518 0.03245097026228905
v 0.07380300015211105 0.006755948066711426 0.03246200084686279
v 0.0740729495882988 0.007101953029632568 0.032768961042165756
v 0.0748559832572937 0.0072979917749762535 0.032760970294475555
v -0.014670959673821926 -0.007750988006591797 0.03156298026442528
v -0.00796198844909668 -0.002736984984949231 0.03125094994902611
v -0.012533959932625294 -0.02706396020948887 0.03173995018005371
v 0.1377449929714203 0.017030950635671616 0.10790500044822693
v 0.1377449929714203 0.018913980573415756 0.1069239005446434
v 0.13771000504493713 0.0190119706094265 0.10708899796009064
v 0.07226096838712692 -0.04513698071241379 0.08391696214675903
v 0.07230298966169357 -0.044565968215465546 0.08618997782468796
v 0.05715297907590866 -0.04460996016860008 0.08603495359420776
v 0.07177799195051193 -0.003565967082977295 0.032058000564575195
v 0.07160799950361252 -0.0025169840082526207 0.032082971185445786
v 0.07233195751905441 -0.003405987983569503 0.031946949660778046
v 0.0719369575381279 0.00546497106552124 0.03270595893263817
v 0.07159595936536789 0.005348979961127043 0.03341298922896385
v 0.07225798815488815 0.006121993064880371 0.03339194878935814
v 0.09604799002408981 -0.0005779999773949385 0.03249799832701683
v 0.09649895876646042 -0.0009720000089146197 0.033492978662252426
v 0.09639698266983032 -0.0015469780191779137 0.033488981425762177
v 0.08996397256851196 -0.006454944144934416 0.03194599971175194
v 0.08906196802854538 -0.007206975948065519 0.032509978860616684
v 0.08906196802854538 -0.0065229530446231365 0.03194295987486839
v 0.0722159668803215 0.0028369419742375612 0.031961970031261444
v 0.07178299874067307 0.003580986987799406 0.032058000564575195
v 0.07233595103025436 0.0034189820289611816 0.031946949660778046
v 0.09200196713209152 0.006538987159729004 0.03249894827604294
v 0.09209001064300537 0.006853996776044369 0.033372990787029266
v 0.09306097030639648 0.006335972808301449 0.033390991389751434
v 0.07492995262145996 0.006962954066693783 0.03226596117019653
v 0.07501298189163208 0.006458996795117855 0.03194599971175194
v 0.07413095235824585 0.0062059760093688965 0.03195798024535179
v 0.07380300015211105 0.006755948066711426 0.03246200084686279
v 0.07301300019025803 0.006699978839606047 0.03337496146559715
v 0.07352297753095627 0.00700294878333807 0.033364951610565186
v -0.014823970384895802 0.014663989655673504 0.030413979664444923
v -0.014890960417687893 0.015400939621031284 0.02983796037733555
v -0.005546987056732178 0.01667100004851818 0.028718940913677216
v 0.1372469961643219 0.03725694864988327 0.0702439472079277
v 0.1375889927148819 0.0370059609413147 0.06944698095321655
v 0.1372469961643219 0.03717796877026558 0.06942199915647507
v 0.09402494877576828 -0.004517972003668547 0.03214097023010254
v 0.09284496307373047 -0.004584968090057373 0.03190796822309494
v 0.09389399737119675 -0.003493963973596692 0.031943969428539276
v 0.023413000628352165 0.03712797164916992 0.09058499336242676
v 0.021795980632305145 0.03970599174499512 0.08610694855451584
v 0.02074396051466465 0.03831499069929123 0.08610694855451584
v 0.07177799195051193 -0.003565967082977295 0.032058000564575195
v 0.07096195220947266 -0.00258898688480258 0.032650940120220184
v 0.07160799950361252 -0.0025169840082526207 0.032082971185445786
v 0.07474595308303833 0.007397949229925871 0.03335195034742355
v 0.0740729495882988 0.007101953029632568 0.032768961042165756
v 0.07404196262359619 0.0072189560160040855 0.03335797041654587
v 0.09435795992612839 0.0038649430498480797 0.0320509597659111
v 0.09516000002622604 0.0034849639050662518 0.03245097026228905
v 0.09387797117233276 0.003507971065118909 0.031943969428539276
v 0.07059997320175171 0.0013319839490577579 0.03348695859313011
v 0.0708419606089592 0.000391999987186864 0.03267699107527733
v 0.07056497782468796 0.0003989999822806567 0.03349398821592331
v 0.09516000002622604 0.0034849639050662518 0.03245097026228905
v 0.09506195038557053 0.0026579489931464195 0.032080940902233124
v 0.09387797117233276 0.003507971065118909 0.031943969428539276
v 0.031785961240530014 0.03739994019269943 0.09832596033811569
v 0.0337599515914917 0.03478996828198433 0.10253799706697464
v 0.0348549410700798 0.035654958337545395 0.10240499675273895
v 0.08906196802854538 -0.007499991916120052 0.033348970115184784
v 0.09010100364685059 -0.0072979917749762535 0.032760970294475555
v 0.09003198146820068 -0.007428944110870361 0.033351000398397446
v -0.013538000173866749 0.04312198981642723 0.018550990149378777
v 0.012509999796748161 0.043163001537323 0.06395000219345093
v -0.01260398980230093 0.04348497837781906 0.018090959638357162
v 0.01636998914182186 0.030122989788651466 0.03401898965239525
v 0.01634800061583519 0.030837949365377426 0.03304897993803024
v 0.016074949875473976 0.03032696060836315 0.033035989850759506
v 0.04909700155258179 -0.030700979754328728 0.03181099146604538
v 0.04960298165678978 -0.030687980353832245 0.034036990255117416
v 0.04937499016523361 -0.03054100088775158 0.032029978930950165
v 0.09003198146820068 -0.006959973834455013 0.03226596117019653
v 0.08906196802854538 -0.007206975948065519 0.032509978860616684
v 0.08996397256851196 -0.006454944144934416 0.03194599971175194
v 0.0929669663310051 0.006254971027374268 0.03280394896864891
v 0.09306097030639648 0.006335972808301449 0.033390991389751434
v 0.09419000148773193 0.00546294404193759 0.033416979014873505
v 0.09003198146820068 -0.006959973834455013 0.03226596117019653
v 0.08996397256851196 -0.006454944144934416 0.03194599971175194
v 0.09104298800230026 -0.006215989124029875 0.03195798024535179
v 0.006932972930371761 0.030122989788651466 0.034394968301057816
v 0.00681799603626132 0.029825979843735695 0.03295397013425827
v 0.0063959951512515545 0.030100999400019646 0.03297799080610275
v 0.09613198041915894 0.0014789700508117676 0.032670971006155014
v 0.09604001045227051 0.000582000007852912 0.032487981021404266
v 0.09527795761823654 0.0015069840010255575 0.0320659801363945
v 0.09302394837141037 0.005405962001532316 0.032107941806316376
v 0.0938679501414299 0.005445957183837891 0.0326649509370327
v 0.09401798248291016 0.00464999582618475 0.03219199180603027
v 0.07569599151611328 0.0065229530446231365 0.03194295987486839
v 0.07569599151611328 0.005926966201514006 0.031850989907979965
v 0.07491999119520187 0.005825995933264494 0.03185497969388962
v 0.07178299874067307 0.003580986987799406 0.032058000564575195
v 0.07191299647092819 0.00454097893089056 0.03219300135970116
v 0.07233595103025436 0.0034189820289611816 0.031946949660778046
v 0.07118099182844162 -0.0036529889330267906 0.0325469896197319
v 0.07096195220947266 -0.00258898688480258 0.032650940120220184
v 0.07177799195051193 -0.003565967082977295 0.032058000564575195
v 0.04830700159072876 -0.03932594880461693 0.03341798856854439
v 0.044670991599559784 -0.03791898116469383 0.026360979303717613
v 0.0485069714486599 -0.03871399164199829 0.03346896171569824
v 0.07177799195051193 -0.003565967082977295 0.032058000564575195
v 0.07233195751905441 -0.003405987983569503 0.031946949660778046
v 0.0725349709391594 -0.0039549460634589195 0.03193097934126854
v 0.08906196802854538 -0.007206975948065519 0.032509978860616684
v 0.09003198146820068 -0.006959973834455013 0.03226596117019653
v 0.09010100364685059 -0.0072979917749762535 0.032760970294475555
v 0.07501298189163208 0.006458996795117855 0.03194599971175194
v 0.07569599151611328 0.0065229530446231365 0.03194295987486839
v 0.07491999119520187 0.005825995933264494 0.03185497969388962
v 0.09003198146820068 -0.007428944110870361 0.033351000398397446
v 0.09010100364685059 -0.0072979917749762535 0.032760970294475555
v 0.0908079668879509 -0.007285952102392912 0.033356960862874985
v 0.07084094732999802 -0.000901999999769032 0.032692961394786835
v 0.07096195220947266 -0.00258898688480258 0.032650940120220184
v 0.07058197259902954 -0.001011966960504651 0.033490948379039764
v 0.09604001045227051 0.000582000007852912 0.032487981021404266
v 0.09613198041915894 0.0014789700508117676 0.032670971006155014
v 0.09640800207853317 0.001502990024164319 0.033488981425762177
v 0.09527795761823654 0.0015069840010255575 0.0320659801363945
v 0.09479694813489914 0.00174194504506886 0.03198295086622238
v 0.09461294859647751 0.0022499558981508017 0.0319739505648613
v 0.09590595215559006 -0.0024519560392946005 0.032738979905843735
v 0.09603296965360641 -0.001706957002170384 0.032603971660137177
v 0.09609495848417282 -0.0025789730716496706 0.03347694128751755
v 0.09435795992612839 0.0038649430498480797 0.0320509597659111
v 0.09477496147155762 0.004498958121985197 0.03270398825407028
v 0.09516000002622604 0.0034849639050662518 0.03245097026228905
v 0.09009498357772827 0.007424950134009123 0.03335195034742355
v 0.08911799639463425 0.007205963134765625 0.032509978860616684
v 0.08911997079849243 0.007499991916120052 0.033348970115184784
v 0.09527397155761719 -0.0015349979512393475 0.0320659801363945
v 0.09505598992109299 -0.002662956016138196 0.032080940902233124
v 0.09481996297836304 -0.001668988959863782 0.03198397159576416
v 0.07099795341491699 0.002983987098559737 0.03264296054840088
v 0.07118499279022217 0.003669976955279708 0.03254598006606102
v 0.07164400070905685 0.0029009580612182617 0.032074980437755585
v 0.08543895930051804 -0.041176971048116684 0.0930820107460022
v 0.08198297023773193 -0.04138195142149925 0.09372495859861374
v 0.08218497037887573 -0.04307800158858299 0.08963900059461594
v 0.09507697075605392 0.004456995986402035 0.03344297036528587
v 0.09477496147155762 0.004498958121985197 0.03270398825407028
v 0.09419000148773193 0.00546294404193759 0.033416979014873505
v 0.09244196861982346 0.004896997939795256 0.031895991414785385
v 0.09302394837141037 0.005405962001532316 0.032107941806316376
v 0.093082956969738 0.004390954039990902 0.03191595897078514
v 0.07380598038434982 -0.006743967067450285 0.03244495019316673
v 0.0740630030632019 -0.00709795905277133 0.032768961042165756
v 0.0735129714012146 -0.006997941993176937 0.033364951610565186
v 0.0938679501414299 0.005445957183837891 0.0326649509370327
v 0.0929669663310051 0.006254971027374268 0.03280394896864891
v 0.09419000148773193 0.00546294404193759 0.033416979014873505
v 0.07499998062849045 -0.006456971168518066 0.03194599971175194
v 0.07491599768400192 -0.006959973834455013 0.03226596117019653
v 0.07380598038434982 -0.006743967067450285 0.03244495019316673
v 0.1373720020055771 0.033492978662252426 0.09208898991346359
v 0.13754400610923767 0.03497897833585739 0.08834797143936157
v 0.13726000487804413 0.0341789685189724 0.0906059667468071
v 0.07569599151611328 -0.007206975948065519 0.032509978860616684
v 0.08906196802854538 -0.007206975948065519 0.032509978860616684
v 0.08906196802854538 -0.007499991916120052 0.033348970115184784
v 0.07294195145368576 0.006321966182440519 0.03255598992109299
v 0.07225798815488815 0.006121993064880371 0.03339194878935814
v 0.07301300019025803 0.006699978839606047 0.03337496146559715
v 0.07280199974775314 -0.005661963950842619 0.03215198963880539
v 0.07296097278594971 -0.004603981040418148 0.03190796822309494
v 0.0737379714846611 -0.00552397919818759 0.03190397843718529
v 0.07380598038434982 -0.006743967067450285 0.03244495019316673
v 0.07298398017883301 -0.0064199562184512615 0.03263496980071068
v 0.07412295788526535 -0.006201982032507658 0.031958989799022675
v 0.021508989855647087 -0.046025991439819336 0.033532969653606415
v 0.016898980364203453 -0.04600495100021362 0.033563971519470215
v 0.005258976947516203 -0.04619299992918968 0.00910794734954834
v 0.07190697640180588 -0.004528998862951994 0.032193951308727264
v 0.07118099182844162 -0.0036529889330267906 0.0325469896197319
v 0.07177799195051193 -0.003565967082977295 0.032058000564575195
v 0.07164400070905685 0.0029009580612182617 0.032074980437755585
v 0.07178299874067307 0.003580986987799406 0.032058000564575195
v 0.0722159668803215 0.0028369419742375612 0.031961970031261444
v 0.07118897885084152 0.004363954067230225 0.03285700082778931
v 0.07118499279022217 0.003669976955279708 0.03254598006606102
v 0.07104896754026413 0.004326999187469482 0.03343695029616356
v 0.0719369575381279 0.00546497106552124 0.03270595893263817
v 0.07118897885084152 0.004363954067230225 0.03285700082778931
v 0.07159595936536789 0.005348979961127043 0.03341298922896385
v 0.09504497051239014 -0.0002869999734684825 0.03199398145079613
v 0.09604799002408981 -0.0005779999773949385 0.03249799832701683
v 0.09527397155761719 -0.0015349979512393475 0.0320659801363945
v 0.07294195145368576 0.006321966182440519 0.03255598992109299
v 0.0719369575381279 0.00546497106552124 0.03270595893263817
v 0.07225798815488815 0.006121993064880371 0.03339194878935814
v 0.08910398930311203 0.005926966201514006 0.031850989907979965
v 0.08996999263763428 0.006456971168518066 0.03194599971175194
v 0.08988898247480392 0.0058669438585639 0.03185296058654785
v 0.07380300015211105 0.006755948066711426 0.03246200084686279
v 0.07294195145368576 0.006321966182440519 0.03255598992109299
v 0.07301300019025803 0.006699978839606047 0.03337496146559715
v 0.07087694853544235 0.001688956981524825 0.03268498182296753
v 0.07153797149658203 0.001640975009649992 0.032097991555929184
v 0.07186400145292282 0.00024399999529123306 0.03203396871685982
v 0.07404196262359619 0.0072189560160040855 0.03335797041654587
v 0.07380300015211105 0.006755948066711426 0.03246200084686279
v 0.07352297753095627 0.00700294878333807 0.033364951610565186
v 0.0740729495882988 0.007101953029632568 0.032768961042165756
v 0.07380300015211105 0.006755948066711426 0.03246200084686279
v 0.07404196262359619 0.0072189560160040855 0.03335797041654587
v 0.07569599151611328 0.007206975948065519 0.032509978860616684
v 0.0748559832572937 0.0072979917749762535 0.032760970294475555
v 0.07569599151611328 0.007499991916120052 0.033348970115184784
v 0.09106498211622238 -0.007101953029632568 0.03276997059583664
v 0.09186798334121704 -0.006700992118567228 0.032625969499349594
v 0.0908079668879509 -0.007285952102392912 0.033356960862874985
v 0.07118499279022217 0.003669976955279708 0.03254598006606102
v 0.07118897885084152 0.004363954067230225 0.03285700082778931
v 0.07191299647092819 0.00454097893089056 0.03219300135970116
v 0.07191299647092819 0.00454097893089056 0.03219300135970116
v 0.07118897885084152 0.004363954067230225 0.03285700082778931
v 0.0719369575381279 0.00546497106552124 0.03270595893263817
v 0.0721699520945549 -0.0023549790494143963 0.03197199106216431
v 0.07160799950361252 -0.0025169840082526207 0.032082971185445786
v 0.0717419907450676 -0.0008689999231137335 0.0320589505136013
v 0.07492995262145996 0.006962954066693783 0.03226596117019653
v 0.07380300015211105 0.006755948066711426 0.03246200084686279
v 0.0748559832572937 0.0072979917749762535 0.032760970294475555
v 0.07569599151611328 0.007206975948065519 0.032509978860616684
v 0.07492995262145996 0.006962954066693783 0.03226596117019653
v 0.0748559832572937 0.0072979917749762535 0.032760970294475555
v 0.07178299874067307 0.003580986987799406 0.032058000564575195
v 0.07118499279022217 0.003669976955279708 0.03254598006606102
v 0.07191299647092819 0.00454097893089056 0.03219300135970116
v -0.006915986072272062 -0.045548971742391586 0.007992981933057308
v 0.005838990211486816 -0.04529093950986862 0.0333169586956501
v -0.008791983127593994 -0.0452839694917202 0.007973968051373959
v 0.0725029706954956 0.004990993998944759 0.032010968774557114
v 0.07191299647092819 0.00454097893089056 0.03219300135970116
v 0.0719369575381279 0.00546497106552124 0.03270595893263817
v 0.07262998074293137 0.005507946014404297 0.03215795010328293
v 0.0725029706954956 0.004990993998944759 0.032010968774557114
v 0.0719369575381279 0.00546497106552124 0.03270595893263817
v 0.07314497232437134 0.005632996093481779 0.03198498114943504
v 0.07294195145368576 0.006321966182440519 0.03255598992109299
v 0.07374899834394455 0.00553095294162631 0.03190296143293381
v 0.07380300015211105 0.006755948066711426 0.03246200084686279
v 0.07413095235824585 0.0062059760093688965 0.03195798024535179
v 0.07374899834394455 0.00553095294162631 0.03190296143293381
v 0.07380300015211105 0.006755948066711426 0.03246200084686279
v 0.07492995262145996 0.006962954066693783 0.03226596117019653
v 0.07413095235824585 0.0062059760093688965 0.03195798024535179
v 0.09186798334121704 -0.006700992118567228 0.032625969499349594
v 0.09286998957395554 -0.006189941894263029 0.03264695033431053
v 0.09206700325012207 -0.006866991054266691 0.03337198123335838
v 0.09604001045227051 0.000582000007852912 0.032487981021404266
v 0.09640800207853317 0.001502990024164319 0.033488981425762177
v 0.09651196002960205 0.0008640000014565885 0.033492978662252426
v 0.07569599151611328 0.007206975948065519 0.032509978860616684
v 0.07501298189163208 0.006458996795117855 0.03194599971175194
v 0.07492995262145996 0.006962954066693783 0.03226596117019653
v 0.09649895876646042 -0.0009720000089146197 0.033492978662252426
v 0.09604799002408981 -0.0005779999773949385 0.03249799832701683
v 0.09655600041151047 -0.00013299999409355223 0.03349493816494942
v 0.07501298189163208 0.006458996795117855 0.03194599971175194
v 0.07569599151611328 0.007206975948065519 0.032509978860616684
v 0.07569599151611328 0.0065229530446231365 0.03194295987486839
v 0.07191299647092819 0.00454097893089056 0.03219300135970116
v 0.07253997772932053 0.003963946830481291 0.03192995861172676
v 0.07233595103025436 0.0034189820289611816 0.031946949660778046
v 0.07191299647092819 0.00454097893089056 0.03219300135970116
v 0.0725029706954956 0.004990993998944759 0.032010968774557114
v 0.07296895235776901 0.004612981807440519 0.03190695866942406
v 0.0725029706954956 0.004990993998944759 0.032010968774557114
v 0.07262998074293137 0.005507946014404297 0.03215795010328293
v 0.07296895235776901 0.004612981807440519 0.03190695866942406
v 0.05095595121383667 0.01163994986563921 0.031089959666132927
v 0.051091961562633514 0.008564949035644531 0.031102949753403664
v -0.006538987159729004 -0.0016719689592719078 0.031231990084052086
v 0.07192497700452805 -0.005451976787298918 0.032710958272218704
v 0.07298398017883301 -0.0064199562184512615 0.03263496980071068
v 0.07235895842313766 -0.006212948821485043 0.03338896855711937
v 0.07569599151611328 0.005926966201514006 0.031850989907979965
v 0.07569599151611328 0.0065229530446231365 0.03194295987486839
v 0.08910398930311203 0.005926966201514006 0.031850989907979965
v 0.07262998074293137 0.005507946014404297 0.03215795010328293
v 0.07314497232437134 0.005632996093481779 0.03198498114943504
v 0.07296895235776901 0.004612981807440519 0.03190695866942406
v 0.07296895235776901 0.004612981807440519 0.03190695866942406
v 0.07314497232437134 0.005632996093481779 0.03198498114943504
v 0.07374899834394455 0.00553095294162631 0.03190296143293381
v 0.07413095235824585 0.0062059760093688965 0.03195798024535179
v 0.07491999119520187 0.005825995933264494 0.03185497969388962
v 0.07374899834394455 0.00553095294162631 0.03190296143293381
v 0.07057695835828781 -0.0009159999899566174 0.033491961658000946
v 0.07084094732999802 -0.000901999999769032 0.032692961394786835
v 0.07058197259902954 -0.001011966960504651 0.033490948379039764
v 0.09003894776105881 0.006962954066693783 0.03226596117019653
v 0.08911799639463425 0.007205963134765625 0.032509978860616684
v 0.09008300304412842 0.007303953170776367 0.032760970294475555
v 0.07064998149871826 -0.002229988109320402 0.03347694128751755
v 0.07096195220947266 -0.00258898688480258 0.032650940120220184
v 0.07076995819807053 -0.003308950923383236 0.03345698118209839
v 0.13774999976158142 -0.03478794917464256 0.06210695952177048
v 0.1375190019607544 -0.03495597094297409 0.061539940536022186
v 0.13774999976158142 -0.034593988209962845 0.06168096885085106
v 0.03031097911298275 -0.04159998148679733 0.09027498215436935
v 0.035770948976278305 -0.042339980602264404 0.0901859924197197
v 0.0316929817199707 -0.04123497009277344 0.09179996699094772
v 0.09010100364685059 -0.0072979917749762535 0.032760970294475555
v 0.09003198146820068 -0.006959973834455013 0.03226596117019653
v 0.09119199961423874 -0.006702959071844816 0.03227800130844116
v 0.07160799950361252 -0.0025169840082526207 0.032082971185445786
v 0.07084094732999802 -0.000901999999769032 0.032692961394786835
v 0.0717419907450676 -0.0008689999231137335 0.0320589505136013
v 0.07296097278594971 -0.004603981040418148 0.03190796822309494
v 0.07190697640180588 -0.004528998862951994 0.032193951308727264
v 0.0725349709391594 -0.0039549460634589195 0.03193097934126854
v 0.07096195220947266 -0.00258898688480258 0.032650940120220184
v 0.07084094732999802 -0.000901999999769032 0.032692961394786835
v 0.07160799950361252 -0.0025169840082526207 0.032082971185445786
v 0.07058197259902954 -0.001011966960504651 0.033490948379039764
v 0.07096195220947266 -0.00258898688480258 0.032650940120220184
v 0.07064998149871826 -0.002229988109320402 0.03347694128751755
v 0.07084094732999802 -0.000901999999769032 0.032692961394786835
v 0.0708419606089592 0.000391999987186864 0.03267699107527733
v 0.0717419907450676 -0.0008689999231137335 0.0320589505136013
v 0.0708419606089592 0.000391999987186864 0.03267699107527733
v 0.07084094732999802 -0.000901999999769032 0.032692961394786835
v 0.07056497782468796 0.0003989999822806567 0.03349398821592331
v 0.07084094732999802 -0.000901999999769032 0.032692961394786835
v 0.07057695835828781 -0.0009159999899566174 0.033491961658000946
v 0.07056497782468796 0.0003989999822806567 0.03349398821592331
v 0.07153797149658203 0.001640975009649992 0.032097991555929184
v 0.07211101055145264 0.0016049740370362997 0.03198397159576416
v 0.07186400145292282 0.00024399999529123306 0.03203396871685982
v 0.0708419606089592 0.000391999987186864 0.03267699107527733
v 0.07087694853544235 0.001688956981524825 0.03268498182296753
v 0.07186400145292282 0.00024399999529123306 0.03203396871685982
v 0.027189970016479492 0.03943394869565964 0.09200698137283325
v 0.026124000549316406 0.03992294892668724 0.09048496931791306
v 0.026426969096064568 0.03891795128583908 0.09203600138425827
v 0.0722159668803215 0.0028369419742375612 0.031961970031261444
v 0.07153797149658203 0.001640975009649992 0.032097991555929184
v 0.07099795341491699 0.002983987098559737 0.03264296054840088
v 0.07164400070905685 0.0029009580612182617 0.032074980437755585
v 0.04255598038434982 -0.04498796910047531 0.08364497870206833
v 0.039998941123485565 -0.04416995868086815 0.08604197949171066
v 0.03651499003171921 -0.044514000415802 0.08366197347640991
v 0.07087694853544235 0.001688956981524825 0.03268498182296753
v 0.07099795341491699 0.002983987098559737 0.03264296054840088
v 0.07153797149658203 0.001640975009649992 0.032097991555929184
v 0.07099795341491699 0.002983987098559737 0.03264296054840088
v 0.07087694853544235 0.001688956981524825 0.03268498182296753
v 0.07077097147703171 0.003315984969958663 0.03345698118209839
v 0.041949979960918427 -0.0374409481883049 0.10243990272283554
v 0.0511929914355278 -0.03757094964385033 0.10231100022792816
v 0.05434196814894676 -0.037431951612234116 0.10246499627828598
v 0.07077097147703171 0.003315984969958663 0.03345698118209839
v 0.07087694853544235 0.001688956981524825 0.03268498182296753
v 0.07059997320175171 0.0013319839490577579 0.03348695859313011
v 0.08911997079849243 0.007499991916120052 0.033348970115184784
v 0.08911799639463425 0.007205963134765625 0.032509978860616684
v 0.07569599151611328 0.007499991916120052 0.033348970115184784
v 0.07412295788526535 -0.006201982032507658 0.031958989799022675
v 0.0737379714846611 -0.00552397919818759 0.03190397843718529
v 0.07491099089384079 -0.005823968909680843 0.031856000423431396
v 0.08911799639463425 0.007205963134765625 0.032509978860616684
v 0.08911298960447311 0.0065229530446231365 0.03194295987486839
v 0.07569599151611328 0.007206975948065519 0.032509978860616684
v 0.07569599151611328 0.0065229530446231365 0.03194295987486839
v 0.08911298960447311 0.0065229530446231365 0.03194295987486839
v 0.08910398930311203 0.005926966201514006 0.031850989907979965
v 0.07569599151611328 -0.007206975948065519 0.032509978860616684
v 0.07569599151611328 -0.007499991916120052 0.033348970115184784
v 0.07472699135541916 -0.007394968997687101 0.03335195034742355
v 0.07491599768400192 -0.006959973834455013 0.03226596117019653
v 0.07569599151611328 -0.0065229530446231365 0.03194295987486839
v 0.07569599151611328 -0.007206975948065519 0.032509978860616684
v 0.0740630030632019 -0.00709795905277133 0.032768961042165756
v 0.07486200332641602 -0.007298945914953947 0.032760970294475555
v 0.07472699135541916 -0.007394968997687101 0.03335195034742355
v 0.09604001045227051 0.000582000007852912 0.032487981021404266
v 0.09655194729566574 0.00039000000106170774 0.03349493816494942
v 0.09655600041151047 -0.00013299999409355223 0.03349493816494942
v 0.0740630030632019 -0.00709795905277133 0.032768961042165756
v 0.07472699135541916 -0.007394968997687101 0.03335195034742355
v 0.07403098791837692 -0.007214962970465422 0.03335797041654587
v 0.0735129714012146 -0.006997941993176937 0.033364951610565186
v 0.0740630030632019 -0.00709795905277133 0.032768961042165756
v 0.07403098791837692 -0.007214962970465422 0.03335797041654587
v 0.07192497700452805 -0.005451976787298918 0.032710958272218704
v 0.07235895842313766 -0.006212948821485043 0.03338896855711937
v 0.07171899080276489 -0.005498944781720638 0.033408988267183304
v 0.09200196713209152 0.006538987159729004 0.03249894827604294
v 0.09089100360870361 0.006794989109039307 0.03227394074201584
v 0.09097295254468918 0.007126986049115658 0.032768961042165756
v 0.07192497700452805 -0.005451976787298918 0.032710958272218704
v 0.07171899080276489 -0.005498944781720638 0.033408988267183304
v 0.07104294747114182 -0.004309951793402433 0.03343695029616356
v 0.09506195038557053 0.0026579489931464195 0.032080940902233124
v 0.09527795761823654 0.0015069840010255575 0.0320659801363945
v 0.09461294859647751 0.0022499558981508017 0.0319739505648613
v 0.07116597145795822 -0.004306972026824951 0.032857950776815414
v 0.07192497700452805 -0.005451976787298918 0.032710958272218704
v 0.07104294747114182 -0.004309951793402433 0.03343695029616356
v 0.09097295254468918 0.007126986049115658 0.032768961042165756
v 0.09008300304412842 0.007303953170776367 0.032760970294475555
v 0.09073895215988159 0.007302999030798674 0.0333559513092041
v 0.07118099182844162 -0.0036529889330267906 0.0325469896197319
v 0.07116597145795822 -0.004306972026824951 0.032857950776815414
v 0.07076995819807053 -0.003308950923383236 0.03345698118209839
v 0.07486200332641602 -0.007298945914953947 0.032760970294475555
v 0.07491599768400192 -0.006959973834455013 0.03226596117019653
v 0.07569599151611328 -0.007206975948065519 0.032509978860616684
v 0.09200196713209152 0.006538987159729004 0.03249894827604294
v 0.0929669663310051 0.006254971027374268 0.03280394896864891
v 0.09302394837141037 0.005405962001532316 0.032107941806316376
v 0.07491599768400192 -0.006959973834455013 0.03226596117019653
v 0.07486200332641602 -0.007298945914953947 0.032760970294475555
v 0.0740630030632019 -0.00709795905277133 0.032768961042165756
v 0.07380598038434982 -0.006743967067450285 0.03244495019316673
v 0.07491599768400192 -0.006959973834455013 0.03226596117019653
v 0.0740630030632019 -0.00709795905277133 0.032768961042165756
v 0.08911799639463425 0.007205963134765625 0.032509978860616684
v 0.09003894776105881 0.006962954066693783 0.03226596117019653
v 0.08911298960447311 0.0065229530446231365 0.03194295987486839
v 0.07192497700452805 -0.005451976787298918 0.032710958272218704
v 0.07116597145795822 -0.004306972026824951 0.032857950776815414
v 0.07190697640180588 -0.004528998862951994 0.032193951308727264
v 0.07116597145795822 -0.004306972026824951 0.032857950776815414
v 0.07118099182844162 -0.0036529889330267906 0.0325469896197319
v 0.07190697640180588 -0.004528998862951994 0.032193951308727264
v 0.07412295788526535 -0.006201982032507658 0.031958989799022675
v 0.07298398017883301 -0.0064199562184512615 0.03263496980071068
v 0.0737379714846611 -0.00552397919818759 0.03190397843718529
v 0.07298398017883301 -0.0064199562184512615 0.03263496980071068
v 0.07280199974775314 -0.005661963950842619 0.03215198963880539
v 0.0737379714846611 -0.00552397919818759 0.03190397843718529
v 0.09505598992109299 -0.004488945007324219 0.03344196081161499
v 0.09509795159101486 -0.0035609600599855185 0.03243093937635422
v 0.0954200029373169 -0.003979980014264584 0.03345400094985962
v 0.07280199974775314 -0.005661963950842619 0.03215198963880539
v 0.07192497700452805 -0.005451976787298918 0.032710958272218704
v 0.07249099016189575 -0.004975974094122648 0.032010968774557114
v 0.07192497700452805 -0.005451976787298918 0.032710958272218704
v 0.07190697640180588 -0.004528998862951994 0.032193951308727264
v 0.07249099016189575 -0.004975974094122648 0.032010968774557114
v 0.07569599151611328 -0.005926966201514006 0.031850989907979965
v 0.07499998062849045 -0.006456971168518066 0.03194599971175194
v 0.07491099089384079 -0.005823968909680843 0.031856000423431396
v 0.07499998062849045 -0.006456971168518066 0.03194599971175194
v 0.07412295788526535 -0.006201982032507658 0.031958989799022675
v 0.07491099089384079 -0.005823968909680843 0.031856000423431396
v 0.07280199974775314 -0.005661963950842619 0.03215198963880539
v 0.07249099016189575 -0.004975974094122648 0.032010968774557114
v 0.07296097278594971 -0.004603981040418148 0.03190796822309494
v 0.0910489484667778 0.006210981868207455 0.03195798024535179
v 0.09200196713209152 0.006538987159729004 0.03249894827604294
v 0.09195499867200851 0.005553959868848324 0.03193395957350731
v 0.07190697640180588 -0.004528998862951994 0.032193951308727264
v 0.07177799195051193 -0.003565967082977295 0.032058000564575195
v 0.0725349709391594 -0.0039549460634589195 0.03193097934126854
v -0.013277940452098846 0.03391395881772041 0.029603950679302216
v -0.013089950196444988 0.020659979432821274 0.032891981303691864
v -0.011822990141808987 0.030779000371694565 0.03287297114729881
v 0.09008300304412842 0.007303953170776367 0.032760970294475555
v 0.08911799639463425 0.007205963134765625 0.032509978860616684
v 0.09009498357772827 0.007424950134009123 0.03335195034742355
v 0.09008300304412842 0.007303953170776367 0.032760970294475555
v 0.09009498357772827 0.007424950134009123 0.03335195034742355
v 0.09073895215988159 0.007302999030798674 0.0333559513092041
v 0.09097295254468918 0.007126986049115658 0.032768961042165756
v 0.09073895215988159 0.007302999030798674 0.0333559513092041
v 0.09164898842573166 0.007039964199066162 0.03336596116423607
v 0.09200196713209152 0.006538987159729004 0.03249894827604294
v 0.09097295254468918 0.007126986049115658 0.032768961042165756
v 0.09164898842573166 0.007039964199066162 0.03336596116423607
v 0.02163398079574108 -0.044545941054821014 0.06888800114393234
v 0.02506195940077305 -0.0444369912147522 0.07492697238922119
v 0.019020970910787582 -0.04314297065138817 0.07490599155426025
v 0.09585999697446823 0.002434968017041683 0.032667990773916245
v 0.09613198041915894 0.0014789700508117676 0.032670971006155014
v 0.09527795761823654 0.0015069840010255575 0.0320659801363945
v 0.09209001064300537 0.006853996776044369 0.033372990787029266
v 0.09200196713209152 0.006538987159729004 0.03249894827604294
v 0.09164898842573166 0.007039964199066162 0.03336596116423607
v 0.09547895193099976 0.0038839569315314293 0.03345596045255661
v 0.09516000002622604 0.0034849639050662518 0.03245097026228905
v 0.09507697075605392 0.004456995986402035 0.03344297036528587
v 0.09640800207853317 0.001502990024164319 0.033488981425762177
v 0.08911298960447311 0.0065229530446231365 0.03194295987486839
v 0.08996999263763428 0.006456971168518066 0.03194599971175194
v 0.08910398930311203 0.005926966201514006 0.031850989907979965
v 0.08911298960447311 0.0065229530446231365 0.03194295987486839
v 0.09003894776105881 0.006962954066693783 0.03226596117019653
v 0.08996999263763428 0.006456971168518066 0.03194599971175194
v 0.08996999263763428 0.006456971168518066 0.03194599971175194
v 0.0910489484667778 0.006210981868207455 0.03195798024535179
v 0.08988898247480392 0.0058669438585639 0.03185296058654785
v 0.09087096899747849 0.00564497709274292 0.0318639799952507
v 0.0910489484667778 0.006210981868207455 0.03195798024535179
v 0.09195499867200851 0.005553959868848324 0.03193395957350731
v 0.09195499867200851 0.005553959868848324 0.03193395957350731
v 0.09302394837141037 0.005405962001532316 0.032107941806316376
v 0.09244196861982346 0.004896997939795256 0.031895991414785385
v 0.09302394837141037 0.005405962001532316 0.032107941806316376
v 0.09401798248291016 0.00464999582618475 0.03219199180603027
v 0.093082956969738 0.004390954039990902 0.03191595897078514
v 0.09119199961423874 -0.006702959071844816 0.03227800130844116
v 0.09104298800230026 -0.006215989124029875 0.03195798024535179
v 0.09194797277450562 -0.005553959868848324 0.03193395957350731
v 0.09401798248291016 0.00464999582618475 0.03219199180603027
v 0.09387797117233276 0.003507971065118909 0.031943969428539276
v 0.093082956969738 0.004390954039990902 0.03191595897078514
v 0.09445898979902267 0.0025909540709108114 0.031966980546712875
v 0.09506195038557053 0.0026579489931464195 0.032080940902233124
v 0.09461294859647751 0.0022499558981508017 0.0319739505648613
v 0.09604001045227051 0.000582000007852912 0.032487981021404266
v 0.09503698348999023 0.0005159999709576368 0.03199398145079613
v 0.09527795761823654 0.0015069840010255575 0.0320659801363945
v 0.09604001045227051 0.000582000007852912 0.032487981021404266
v 0.09651196002960205 0.0008640000014565885 0.033492978662252426
v 0.09655194729566574 0.00039000000106170774 0.03349493816494942
v 0.09604799002408981 -0.0005779999773949385 0.03249799832701683
v 0.09604001045227051 0.000582000007852912 0.032487981021404266
v 0.09655600041151047 -0.00013299999409355223 0.03349493816494942
v 0.09603296965360641 -0.001706957002170384 0.032603971660137177
v 0.09604799002408981 -0.0005779999773949385 0.03249799832701683
v 0.09639698266983032 -0.0015469780191779137 0.033488981425762177
v 0.09603296965360641 -0.001706957002170384 0.032603971660137177
v 0.09639698266983032 -0.0015469780191779137 0.033488981425762177
v 0.09609495848417282 -0.0025789730716496706 0.03347694128751755
v 0.09565997123718262 -0.003316998016089201 0.03288799151778221
v 0.09590595215559006 -0.0024519560392946005 0.032738979905843735
v 0.09609495848417282 -0.0025789730716496706 0.03347694128751755
v 0.09509795159101486 -0.0035609600599855185 0.03243093937635422
v 0.09565997123718262 -0.003316998016089201 0.03288799151778221
v 0.0954200029373169 -0.003979980014264584 0.03345400094985962
v 0.09485398977994919 -0.004396975040435791 0.03270696848630905
v 0.09509795159101486 -0.0035609600599855185 0.03243093937635422
v 0.09505598992109299 -0.004488945007324219 0.03344196081161499
v 0.0940999910235405 -0.005540966056287289 0.03341494873166084
v 0.09485398977994919 -0.004396975040435791 0.03270696848630905
v 0.09505598992109299 -0.004488945007324219 0.03344196081161499
v 0.09395896643400192 -0.00537294102832675 0.03267699107527733
v 0.09485398977994919 -0.004396975040435791 0.03270696848630905
v 0.0940999910235405 -0.005540966056287289 0.03341494873166084
v 0.09603296965360641 -0.001706957002170384 0.032603971660137177
v 0.09590595215559006 -0.0024519560392946005 0.032738979905843735
v 0.09527397155761719 -0.0015349979512393475 0.0320659801363945
v 0.09395896643400192 -0.00537294102832675 0.03267699107527733
v 0.0940999910235405 -0.005540966056287289 0.03341494873166084
v 0.0931209921836853 -0.00629794504493475 0.03339194878935814
v 0.1377449929714203 0.008533953689038754 0.03889495134353638
v 0.1377449929714203 0.003340959083288908 0.03809195011854172
v 0.13752099871635437 0.003378987079486251 0.037701960653066635
v 0.09206700325012207 -0.006866991054266691 0.03337198123335838
v 0.09286998957395554 -0.006189941894263029 0.03264695033431053
v 0.0931209921836853 -0.00629794504493475 0.03339194878935814
v 0.09154295176267624 -0.007077991031110287 0.033364951610565186
v 0.09186798334121704 -0.006700992118567228 0.032625969499349594
v 0.09206700325012207 -0.006866991054266691 0.03337198123335838
v 0.09186798334121704 -0.006700992118567228 0.032625969499349594
v 0.09154295176267624 -0.007077991031110287 0.033364951610565186
v 0.0908079668879509 -0.007285952102392912 0.033356960862874985
v 0.021391980350017548 -0.0403209887444973 -0.012350969947874546
v 0.02162097953259945 -0.039942968636751175 -0.012482999823987484
v 0.04755394905805588 -0.04025696963071823 0.0331529900431633
v 0.09010100364685059 -0.0072979917749762535 0.032760970294475555
v 0.09106498211622238 -0.007101953029632568 0.03276997059583664
v 0.0908079668879509 -0.007285952102392912 0.033356960862874985
v 0.08906196802854538 -0.007206975948065519 0.032509978860616684
v 0.09010100364685059 -0.0072979917749762535 0.032760970294475555
v 0.08906196802854538 -0.007499991916120052 0.033348970115184784
v 0.09003894776105881 0.006962954066693783 0.03226596117019653
v 0.09008300304412842 0.007303953170776367 0.032760970294475555
v 0.09097295254468918 0.007126986049115658 0.032768961042165756
v 0.09089100360870361 0.006794989109039307 0.03227394074201584
v 0.09200196713209152 0.006538987159729004 0.03249894827604294
v 0.0910489484667778 0.006210981868207455 0.03195798024535179
v 0.09089100360870361 0.006794989109039307 0.03227394074201584
v 0.09003894776105881 0.006962954066693783 0.03226596117019653
v 0.09097295254468918 0.007126986049115658 0.032768961042165756
v 0.0929669663310051 0.006254971027374268 0.03280394896864891
v 0.0938679501414299 0.005445957183837891 0.0326649509370327
v 0.09302394837141037 0.005405962001532316 0.032107941806316376
v 0.0938679501414299 0.005445957183837891 0.0326649509370327
v 0.09477496147155762 0.004498958121985197 0.03270398825407028
v 0.09401798248291016 0.00464999582618475 0.03219199180603027
v 0.09590595215559006 -0.0024519560392946005 0.032738979905843735
v 0.09565997123718262 -0.003316998016089201 0.03288799151778221
v 0.09509795159101486 -0.0035609600599855185 0.03243093937635422
v 0.0931539535522461 -0.005417943000793457 0.03216397017240524
v 0.09395896643400192 -0.00537294102832675 0.03267699107527733
v 0.09286998957395554 -0.006189941894263029 0.03264695033431053
v 0.09010100364685059 -0.0072979917749762535 0.032760970294475555
v 0.09119199961423874 -0.006702959071844816 0.03227800130844116
v 0.09106498211622238 -0.007101953029632568 0.03276997059583664
v 0.09003894776105881 0.006962954066693783 0.03226596117019653
v 0.09089100360870361 0.006794989109039307 0.03227394074201584
v 0.08996999263763428 0.006456971168518066 0.03194599971175194
v 0.09089100360870361 0.006794989109039307 0.03227394074201584
v 0.0910489484667778 0.006210981868207455 0.03195798024535179
v 0.08996999263763428 0.006456971168518066 0.03194599971175194
v 0.09477496147155762 0.004498958121985197 0.03270398825407028
v 0.09435795992612839 0.0038649430498480797 0.0320509597659111
v 0.09401798248291016 0.00464999582618475 0.03219199180603027
v 0.09506195038557053 0.0026579489931464195 0.032080940902233124
v 0.09585999697446823 0.002434968017041683 0.032667990773916245
v 0.09527795761823654 0.0015069840010255575 0.0320659801363945
v 0.09590595215559006 -0.0024519560392946005 0.032738979905843735
v 0.09505598992109299 -0.002662956016138196 0.032080940902233124
v 0.09527397155761719 -0.0015349979512393475 0.0320659801363945
v 0.09402494877576828 -0.004517972003668547 0.03214097023010254
v 0.09440796822309494 -0.003796993987634778 0.032052990049123764
v 0.09485398977994919 -0.004396975040435791 0.03270696848630905
v 0.0931539535522461 -0.005417943000793457 0.03216397017240524
v 0.09286998957395554 -0.006189941894263029 0.03264695033431053
v 0.09194797277450562 -0.005553959868848324 0.03193395957350731
v 0.051916949450969696 0.010646989569067955 0.03328394144773483
v 0.051480941474437714 0.0168719794601202 0.03268200159072876
v 0.05128895863890648 0.01686096005141735 0.033135950565338135
v 0.09286998957395554 -0.006189941894263029 0.03264695033431053
v 0.09186798334121704 -0.006700992118567228 0.032625969499349594
v 0.09194797277450562 -0.005553959868848324 0.03193395957350731
v 0.1372489035129547 0.037199970334768295 0.0805169865489006
v 0.13759000599384308 0.03702700138092041 0.08049196004867554
v 0.13742700219154358 0.03737496957182884 0.07849597185850143
v 0.09186798334121704 -0.006700992118567228 0.032625969499349594
v 0.09119199961423874 -0.006702959071844816 0.03227800130844116
v 0.09194797277450562 -0.005553959868848324 0.03193395957350731
v 0.04684298858046532 -0.035606980323791504 0.029724949970841408
v -0.011888979934155941 -0.0348929688334465 0.030361950397491455
v -0.011614969931542873 -0.03390299901366234 0.030957989394664764
v 0.09503698348999023 0.0005159999709576368 0.03199398145079613
v 0.09604001045227051 0.000582000007852912 0.032487981021404266
v 0.09504497051239014 -0.0002869999734684825 0.03199398145079613
v 0.09604001045227051 0.000582000007852912 0.032487981021404266
v 0.09604799002408981 -0.0005779999773949385 0.03249799832701683
v 0.09504497051239014 -0.0002869999734684825 0.03199398145079613
v 0.09505598992109299 -0.002662956016138196 0.032080940902233124
v 0.09464198350906372 -0.0021779530216008425 0.031974971294403076
v 0.09481996297836304 -0.001668988959863782 0.03198397159576416
v 0.09505598992109299 -0.002662956016138196 0.032080940902233124
v 0.09441900253295898 -0.0026709430385380983 0.03196597099304199
v 0.09464198350906372 -0.0021779530216008425 0.031974971294403076
v 0.046380989253520966 -0.04174298048019409 0.03340994939208031
v 0.020013980567455292 -0.04207795113325119 -0.011554949916899204
v 0.020752960816025734 -0.04137396067380905 -0.011981960386037827
v 0.09441900253295898 -0.0026709430385380983 0.03196597099304199
v 0.09509795159101486 -0.0035609600599855185 0.03243093937635422
v 0.09389399737119675 -0.003493963973596692 0.031943969428539276
v 0.09509795159101486 -0.0035609600599855185 0.03243093937635422
v 0.09440796822309494 -0.003796993987634778 0.032052990049123764
v 0.09389399737119675 -0.003493963973596692 0.031943969428539276
v 0.052183978259563446 0.007901965640485287 0.03273998945951462
v 0.05202198028564453 0.010596989654004574 0.032692961394786835
v 0.051961950957775116 0.007899998687207699 0.03325396031141281
v 0.09440796822309494 -0.003796993987634778 0.032052990049123764
v 0.09402494877576828 -0.004517972003668547 0.03214097023010254
v 0.09389399737119675 -0.003493963973596692 0.031943969428539276
v 0.09284496307373047 -0.004584968090057373 0.03190796822309494
v 0.0931539535522461 -0.005417943000793457 0.03216397017240524
v 0.09194797277450562 -0.005553959868848324 0.03193395957350731
v 0.008147954009473324 0.04002397879958153 0.06395000219345093
v 0.007422983180731535 0.038331981748342514 0.06395000219345093
v 0.013876969926059246 0.03834794834256172 0.07511097192764282
v 0.09194797277450562 -0.005553959868848324 0.03193395957350731
v 0.09104298800230026 -0.006215989124029875 0.03195798024535179
v 0.09086596220731735 -0.005649982951581478 0.0318639799952507
v 0.09104298800230026 -0.006215989124029875 0.03195798024535179
v 0.08996397256851196 -0.006454944144934416 0.03194599971175194
v 0.09086596220731735 -0.005649982951581478 0.0318639799952507
v 0.09086596220731735 -0.005649982951581478 0.0318639799952507
v 0.08996397256851196 -0.006454944144934416 0.03194599971175194
v 0.08988296240568161 -0.005864976905286312 0.031853970140218735
v 0.08996397256851196 -0.006454944144934416 0.03194599971175194
v 0.08906196802854538 -0.0065229530446231365 0.03194295987486839
v 0.08988296240568161 -0.005864976905286312 0.031853970140218735
v 0.08906196802854538 -0.0065229530446231365 0.03194295987486839
v 0.08906196802854538 -0.005926966201514006 0.031850989907979965
v 0.08988296240568161 -0.005864976905286312 0.031853970140218735
v 0.08906196802854538 -0.0065229530446231365 0.03194295987486839
v 0.07569599151611328 -0.0065229530446231365 0.03194295987486839
v 0.07569599151611328 -0.005926966201514006 0.031850989907979965
v 0.08906196802854538 -0.0065229530446231365 0.03194295987486839
v 0.08906196802854538 -0.007206975948065519 0.032509978860616684
v 0.07569599151611328 -0.0065229530446231365 0.03194295987486839
v 0.13724489510059357 0.006537972949445248 0.03808896988630295
v 0.13750900328159332 0.009162962436676025 0.03867398947477341
v 0.13752099871635437 0.003378987079486251 0.037701960653066635
v 0.07569599151611328 -0.0065229530446231365 0.03194295987486839
v 0.08906196802854538 -0.007206975948065519 0.032509978860616684
v 0.07569599151611328 -0.007206975948065519 0.032509978860616684
v 0.07569599151611328 -0.007206975948065519 0.032509978860616684
v 0.08906196802854538 -0.007499991916120052 0.033348970115184784
v 0.07569599151611328 -0.007499991916120052 0.033348970115184784
v 0.015253960154950619 0.029290970414876938 0.03464597091078758
v 0.014533990062773228 0.029364999383687973 0.0329279787838459
v 0.014377949759364128 0.029285959899425507 0.03291194885969162
v 0.07985495775938034 0.03767495974898338 0.10184500366449356
v 0.0781809613108635 0.03743898123502731 0.10237500071525574
v 0.080362968146801 0.03738898038864136 0.10218899697065353
v -0.012017959728837013 -0.032009951770305634 0.03238099068403244
v -0.012209950014948845 -0.030490990728139877 0.03225594013929367
v -0.012084960006177425 -0.031982000917196274 0.03218495100736618
v -0.011368979699909687 0.03527598828077316 0.032476961612701416
v 0.007372974883764982 0.03811800107359886 0.06395000219345093
v -0.01178395003080368 0.03639400005340576 0.031234970316290855
v -0.016198990866541862 0.017539970576763153 0.028257960453629494
v -0.01670295000076294 0.018041960895061493 0.026644999161362648
v -0.015963969752192497 0.01730399951338768 0.027979960665106773
v 0.04987096041440964 0.04319994896650314 0.04434895142912865
v 0.03368597850203514 0.043099988251924515 0.0163759496062994
v 0.032875001430511475 0.043501969426870346 0.017026960849761963
v 0.04960298165678978 -0.030687980353832245 0.034036990255117416
v 0.04998898133635521 -0.030555959790945053 0.03362094983458519
v 0.04937499016523361 -0.03054100088775158 0.032029978930950165
v 0.026479950174689293 0.042331989854574203 0.08610694855451584
v 0.02364896982908249 0.0428459607064724 0.08205699175596237
v 0.02452296018600464 0.04170798882842064 0.08610694855451584
v 0.03269898146390915 -0.04528294876217842 0.033288948237895966
v 0.008928953669965267 -0.045928001403808594 0.009762941859662533
v 0.0071639409288764 -0.046182990074157715 0.007704973220825195
v 0.0478779599070549 -0.03451298922300339 0.030762970447540283
v -0.011792950332164764 -0.03379993885755539 0.03107094019651413
v 0.04812699183821678 -0.03336095064878464 0.031190989539027214
v 0.04177498072385788 0.04530197009444237 0.049022968858480453
v 0.03199100121855736 0.04371296986937523 0.01785898022353649
v 0.030623970553278923 0.04414099082350731 0.01805895008146763
v -0.012817969545722008 -0.027099959552288055 0.032211948186159134
v -0.011292990297079086 -0.03051595948636532 0.03377300128340721
v -0.011813989840447903 -0.02721899002790451 0.03387397155165672
v 0.04341994971036911 -0.04303300008177757 0.03356599062681198
v 0.01820296049118042 -0.04319994896650314 -0.010509960353374481
v 0.01958495005965233 -0.04248695820569992 -0.011307950131595135
v 0.017132990062236786 0.03137296065688133 0.03358995169401169
v 0.01634800061583519 0.030837949365377426 0.03304897993803024
v 0.01636998914182186 0.030122989788651466 0.03401898965239525
v -0.005994975101202726 -0.0026519889943301678 0.034859951585531235
v -0.006509959232062101 -0.001701951026916504 0.034833960235118866
v -0.005974947940558195 -0.002499996917322278 0.031246960163116455
v -0.011838969774544239 -0.03073096089065075 0.031804971396923065
v -0.011790989898145199 -0.031879961490631104 0.03171097859740257
v -0.012066960334777832 -0.03055495023727417 0.03187096118927002
v 0.017432980239391327 0.032859981060028076 0.033421989530324936
v 0.017295949161052704 0.034122999757528305 0.033060960471630096
v 0.01724296063184738 0.03280394896864891 0.03307795152068138
v 0.020752960816025734 -0.04137396067380905 -0.011981960386037827
v 0.021391980350017548 -0.0403209887444973 -0.012350969947874546
v 0.04755394905805588 -0.04025696963071823 0.0331529900431633
v 0.13749590516090393 -0.02452296018600464 0.10337000340223312
v 0.1372630000114441 -0.025422990322113037 0.10267999768257141
v 0.13739800453186035 -0.027215950191020966 0.10091900080442429
v 0.04045896977186203 -0.012488960288465023 0.10983800143003464
v 0.04257500171661377 -0.010383959859609604 0.11056999862194061
v 0.040378980338573456 -0.011304969899356365 0.10986699908971786
v 0.019745999947190285 0.043992988765239716 0.03644895181059837
v 0.017458969727158546 0.04003797844052315 0.03279298171401024
v 0.0175129696726799 0.03955893963575363 0.03293298929929733
v 0.1333550065755844 -0.0012839429546147585 0.11398100107908249
v 0.13362200558185577 -0.00019999999494757503 0.1140419989824295
v 0.13334199786186218 -0.00019999999494757503 0.11409900337457657
v 0.07230298966169357 0.0445699617266655 0.08617597073316574
v 0.07216297835111618 0.045589979737997055 0.08127397298812866
v 0.06768696755170822 0.044587958604097366 0.08611196279525757
v 0.051435939967632294 -0.020532960072159767 0.033464960753917694
v 0.04998898133635521 -0.030555959790945053 0.03362094983458519
v 0.04941099137067795 -0.030238980427384377 0.031935978680849075
v 0.03951894864439964 0.026080960407853127 0.1071150004863739
v 0.04206395149230957 0.025772979483008385 0.1076510027050972
v 0.041436970233917236 0.027126960456371307 0.10711800307035446
v 0.0031549930572509766 0.04271494969725609 0.03284095972776413
v 0.004757999908179045 0.042474981397390366 0.03716294839978218
v 0.005778967868536711 0.04287498816847801 0.035671938210725784
v 0.05228697881102562 0.004894970916211605 0.03267496079206467
v 0.052183978259563446 0.007901965640485287 0.03273998945951462
v 0.05235296115279198 0.004901945125311613 0.0329129584133625
v 0.13768300414085388 0.02578997053205967 0.10196799784898758
v 0.1376529037952423 0.028795000165700912 0.09875798225402832
v 0.13743999600410461 0.028718940913677216 0.09920399636030197
v 0.13750900328159332 0.01991897076368332 0.043269988149404526
v 0.13724489510059357 0.02246898040175438 0.04499495029449463
v 0.13750900328159332 0.02462797984480858 0.0467679500579834
v -0.024891970679163933 0.03047800064086914 0.00999599602073431
v -0.025440990924835205 0.025616999715566635 0.01034598983824253
v -0.024698970839381218 0.027999989688396454 0.01085096038877964
v 0.1377449929714203 0.007579981815069914 0.11131799966096878
v 0.1377449929714203 0.00981295108795166 0.11072590202093124
v 0.13750100135803223 0.007655978202819824 0.11168500036001205
v 0.022458970546722412 0.03555595129728317 0.09047800302505493
v 0.023763950914144516 0.03150295838713646 0.09443700313568115
v 0.02451395057141781 0.03326797112822533 0.09466295689344406
v 0.023763950914144516 0.03150295838713646 0.09443700313568115
v 0.02206099033355713 0.03229599818587303 0.09132897108793259
v 0.02340400032699108 0.030290959402918816 0.09419094771146774
v 0.1374509036540985 0.01167398039251566 0.11063099652528763
v 0.13743199408054352 0.015556990168988705 0.10917200148105621
v 0.13524700701236725 0.014317980036139488 0.10978999733924866
v 0.0194929800927639 0.0437929593026638 0.03325200080871582
v 0.017625980079174042 0.04395699128508568 0.030105939134955406
v 0.016222000122070312 0.043992988765239716 0.030240949243307114
v 0.04606293886899948 -0.04165500029921532 0.0336109884083271
v 0.04341994971036911 -0.04303300008177757 0.03356599062681198
v 0.01958495005965233 -0.04248695820569992 -0.011307950131595135
v -0.014647959731519222 0.01164196990430355 0.03126697987318039
v -0.014043980278074741 0.0037269589956849813 0.03318798169493675
v -0.013856939971446991 0.01148897036910057 0.03319697827100754
v 0.13740700483322144 -0.013114980421960354 0.03981798142194748
v 0.13734999299049377 -0.008044958114624023 0.03828895092010498
v 0.1376660019159317 -0.007995963096618652 0.038510970771312714
v -0.0076079959981143475 -0.0017289509996771812 0.034814950078725815
v -0.007955968379974365 -0.0026439419016242027 0.03482495993375778
v -0.00796198844909668 -0.002736984984949231 0.03125094994902611
v 0.08231096714735031 -0.03757195919752121 0.10157600045204163
v 0.0836629793047905 -0.037432961165905 0.10145799815654755
v 0.07985395193099976 -0.03738296031951904 0.10226500034332275
v 0.08623397350311279 0.04341799020767212 0.05942397937178612
v 0.09086298197507858 0.043102968484163284 0.06078999862074852
v 0.09086298197507858 0.04274898022413254 0.05954694002866745
v 0.13759000599384308 0.03702700138092041 0.08049196004867554
v 0.1377449929714203 0.03670196980237961 0.08044499158859253
v 0.1377449929714203 0.03693896159529686 0.07845597714185715
v -0.02704297937452793 0.023000000044703484 0.006278990767896175
v -0.026630990207195282 0.02322000078856945 0.007758975028991699
v -0.02615397982299328 0.03047800064086914 0.005957961082458496
v 0.019745999947190285 0.043992988765239716 0.03644895181059837
v 0.0194929800927639 0.0437929593026638 0.03325200080871582
v 0.016222000122070312 0.043992988765239716 0.030240949243307114
v 0.04985499009490013 0.01506893988698721 0.030019989237189293
v 0.03583097085356712 0.016659969463944435 0.028817949816584587
v 0.03691297024488449 0.016793960705399513 0.028681989759206772
v 0.04644399136304855 -0.03666596859693527 0.028865989297628403
v 0.04863994941115379 -0.03802895173430443 0.03352098912000656
v 0.04550796002149582 -0.03743397817015648 0.027529949322342873
v -0.014890960417687893 0.015400939621031284 0.02983796037733555
v -0.01569795049726963 0.016738949343562126 0.029237980023026466
v -0.015378950163722038 0.016538970172405243 0.02888995036482811
v 0.07952796667814255 0.032846979796886444 0.1048939973115921
v 0.07952897995710373 0.0355449914932251 0.10342399775981903
v 0.07715796679258347 0.03563797101378441 0.1034649983048439
v 0.03462295979261398 -0.019108949229121208 0.10710299760103226
v 0.03425997123122215 -0.01698100008070469 0.1071000024676323
v 0.028696950525045395 -0.02162395976483822 0.10369200259447098
v 0.01617198996245861 0.04319797828793526 0.07004696130752563
v 0.02506195940077305 0.0444369912147522 0.07492697238922119
v 0.02163398079574108 0.044545941054821014 0.06888800114393234
v -0.011790989898145199 -0.031879961490631104 0.03171097859740257
v -0.011844989843666553 -0.0327720008790493 0.03164798021316528
v -0.012064989656209946 -0.03194599971175194 0.03197997063398361
v -0.026555949822068214 0.023254990577697754 0.008001983165740967
v -0.026141999289393425 0.02413100004196167 0.008871971629559994
v -0.02615397982299328 0.03047800064086914 0.005957961082458496
v -0.02615397982299328 0.03047800064086914 0.005957961082458496
v -0.025967950001358986 0.02632194012403488 0.007796943187713623
v -0.02574794925749302 0.024966949597001076 0.009700953029096127
v 0.026479950174689293 0.042331989854574203 0.08610694855451584
v 0.027508970350027084 0.042243000119924545 0.08702296018600464
v 0.031919948756694794 0.04321599006652832 0.08607900142669678
v 0.13725000619888306 -0.02529596909880638 0.04728394001722336
v 0.1374340057373047 -0.022386960685253143 0.04486595839262009
v 0.13749900460243225 -0.0263549592345953 0.04835999011993408
v 0.015137970447540283 -0.03799998015165329 0.07744300365447998
v 0.013876969926059246 -0.03834794834256172 0.07511097192764282
v 0.016482939943671227 -0.03780198097229004 0.07982999086380005
v -0.02704297937452793 0.023000000044703484 0.006278990767896175
v -0.02615397982299328 0.03047800064086914 0.005957961082458496
v -0.026481980457901955 0.029759999364614487 0.004777966998517513
v -0.02704297937452793 0.023000000044703484 0.006278990767896175
v -0.026481980457901955 0.029759999364614487 0.004777966998517513
v -0.026784950867295265 0.02903996966779232 0.0035959479864686728
v -0.02708297036588192 0.027813969179987907 0.0024029610212892294
v -0.02704297937452793 0.023000000044703484 0.006278990767896175
v -0.026784950867295265 0.02903996966779232 0.0035959479864686728
v -0.011792950332164764 -0.03379993885755539 0.03107094019651413
v -0.011888979934155941 -0.0348929688334465 0.030361950397491455
v -0.012237959541380405 -0.035038940608501434 0.030668970197439194
v 0.051480941474437714 0.0168719794601202 0.03268200159072876
v 0.05009698122739792 0.015231960453093052 0.03006798028945923
v 0.051156990230083466 0.019861990585923195 0.03265500068664551
v 0.04909700155258179 -0.030700979754328728 0.03181099146604538
v 0.04894398897886276 -0.0317869707942009 0.03173995018005371
v -0.011790989898145199 -0.031879961490631104 0.03171097859740257
v -0.011792950332164764 -0.03379993885755539 0.03107094019651413
v 0.04684298858046532 -0.035606980323791504 0.029724949970841408
v -0.011614969931542873 -0.03390299901366234 0.030957989394664764
v 0.04812699183821678 -0.03336095064878464 0.031190989539027214
v 0.048504941165447235 -0.03304398059844971 0.0314059816300869
v 0.048550959676504135 -0.03329097852110863 0.0314139686524868
v 0.1375029981136322 0.02287900075316429 0.10469599813222885
v 0.13768300414085388 0.02578997053205967 0.10196799784898758
v 0.13736900687217712 0.025985000655055046 0.10217200219631195
v -0.012514940463006496 0.025499990209937096 0.013578950427472591
v -0.012905949726700783 0.027074990794062614 0.012998989783227444
v -0.013041970320045948 0.025499990209937096 0.012916980311274529
v 0.13725000619888306 -0.03035295009613037 0.0528869591653347
v 0.1375139057636261 -0.029830990359187126 0.05233597010374069
v 0.1375139057636261 -0.03272198885679245 0.0567549392580986
v 0.1375180035829544 -0.00019999999494757503 0.037540968507528305
v 0.13774999976158142 -0.00019999999494757503 0.037900980561971664
v 0.13774999976158142 -0.0022829771041870117 0.03796993941068649
v -0.015944000333547592 0.017455989494919777 0.027628950774669647
v -0.014139950275421143 0.017718970775604248 0.027095969766378403
v -0.013893960043787956 0.017696969211101532 0.027166960760951042
v 0.05108397826552391 -0.010809949599206448 0.03140496835112572
v 0.049142949283123016 -0.03009199909865856 0.03174196928739548
v -0.006111979018896818 -0.003012954955920577 0.03125493973493576
v 0.009484945796430111 0.02899998053908348 0.03329598158597946
v 0.008311985991895199 0.02917999029159546 0.032884951680898666
v 0.008108972571790218 0.029290970414876938 0.03388797864317894
v 0.04018998146057129 0.037428971379995346 0.10232999920845032
v 0.038279950618743896 0.03689794987440109 0.10251300036907196
v 0.04075998067855835 0.037383969873189926 0.10246799886226654
v -0.008253990672528744 -0.040384940803050995 0.03511594980955124
v -0.007489978801459074 -0.04129600152373314 0.035104990005493164
v 0.008726954460144043 -0.04077500104904175 0.06395000219345093
v 0.04894398897886276 -0.0317869707942009 0.03173995018005371
v 0.04998898133635521 -0.030555959790945053 0.03362094983458519
v 0.048550959676504135 -0.03329097852110863 0.0314139686524868
v -0.01569795049726963 0.016738949343562126 0.029237980023026466
v -0.016198990866541862 0.017539970576763153 0.028257960453629494
v -0.015378950163722038 0.016538970172405243 0.02888995036482811
v 0.035124000161886215 0.04495298117399216 0.08094298094511032
v 0.04142795875668526 0.04545997828245163 0.08093100041151047
v 0.03846395015716553 0.04597795009613037 0.0748940110206604
v 0.00924897100776434 0.041355960071086884 0.06395000219345093
v 0.008658944629132748 0.04066598042845726 0.06395000219345093
v 0.014702970162034035 0.04014796018600464 0.07511799782514572
v 0.006128965876996517 0.03137296065688133 0.034740980714559555
v 0.0054169888608157635 0.031490981578826904 0.033063940703868866
v 0.005236982833594084 0.03224395960569382 0.033082958310842514
v 0.02495395950973034 -0.04268598183989525 0.08382599800825119
v 0.028783969581127167 -0.04407196864485741 0.08102697134017944
v 0.026757949963212013 -0.04238998144865036 0.08610694855451584
v 0.04198997840285301 -0.004811942111700773 0.11057399958372116
v 0.04318498820066452 -0.0034249420277774334 0.11092700064182281
v 0.04208194836974144 -0.0027939670253545046 0.11063399910926819
v -0.012533959932625294 -0.02706396020948887 0.03173995018005371
v -0.011849990114569664 -0.030079960823059082 0.03172795847058296
v -0.012119939550757408 -0.030124960467219353 0.031822968274354935
v 0.04255598038434982 -0.04498796910047531 0.08364497870206833
v 0.04142795875668526 -0.04545997828245163 0.08093100041151047
v 0.048562999814748764 -0.04518495872616768 0.08366197347640991
v -0.012042989954352379 -0.03421198949217796 0.031648989766836166
v -0.010589949786663055 -0.034493979066610336 0.03386294096708298
v -0.011978980153799057 -0.03292899951338768 0.03216695040464401
v 0.02506195940077305 0.0444369912147522 0.07492697238922119
v 0.028584949672222137 0.04558097943663597 0.0689150020480156
v 0.02163398079574108 0.044545941054821014 0.06888800114393234
v -0.010589949786663055 -0.034493979066610336 0.03386294096708298
v -0.012017959728837013 -0.032009951770305634 0.03238099068403244
v -0.011978980153799057 -0.03292899951338768 0.03216695040464401
v -0.014979950152337551 0.014713999815285206 0.03104298934340477
v -0.014806980267167091 0.013138939626514912 0.031259000301361084
v -0.013856939971446991 0.01148897036910057 0.03319697827100754
v 0.009723961353302002 -0.04534995183348656 -0.0056139822117984295
v 0.013715979643166065 -0.044520970433950424 -0.007918952964246273
v 0.03269898146390915 -0.04528294876217842 0.033288948237895966
v 0.13749699294567108 -0.002795994048938155 0.03762400150299072
v 0.1375180035829544 -0.00019999999494757503 0.037540968507528305
v 0.13774999976158142 -0.0022829771041870117 0.03796993941068649
v -0.011196970008313656 0.03264098986983299 0.03336399048566818
v -0.011292990297079086 0.03421496972441673 0.0326419398188591
v -0.011546960100531578 0.03263198956847191 0.032743990421295166
v -0.011813989840447903 -0.02721899002790451 0.03387397155165672
v -0.011292990297079086 -0.03051595948636532 0.03377300128340721
v -0.011418989859521389 -0.03011994995176792 0.03390895947813988
v 0.07987897843122482 -0.03285098075866699 0.10486199706792831
v 0.07900898903608322 -0.035658951848745346 0.10338900238275528
v 0.07974796742200851 -0.035651981830596924 0.10332299768924713
v 0.004757999908179045 0.042474981397390366 0.03716294839978218
v 0.0031549930572509766 0.04271494969725609 0.03284095972776413
v 0.0028519630432128906 0.04243599995970726 0.032948970794677734
v 0.13771000504493713 0.036105990409851074 0.08436298370361328
v 0.13759000599384308 0.03702700138092041 0.08049196004867554
v 0.1373748928308487 0.03634696826338768 0.08450596779584885
v 0.013715979643166065 -0.044520970433950424 -0.007918952964246273
v 0.04341994971036911 -0.04303300008177757 0.03356599062681198
v 0.03269898146390915 -0.04528294876217842 0.033288948237895966
v 0.05088198184967041 0.02213299088180065 0.032644979655742645
v 0.051156990230083466 0.019861990585923195 0.03265500068664551
v 0.051031939685344696 0.020681969821453094 0.032395001500844955
v 0.030442949384450912 0.028085939586162567 0.10361400246620178
v 0.03532999008893967 0.02115296944975853 0.10710600018501282
v 0.03640997037291527 0.023040950298309326 0.10710900276899338
v 0.04909700155258179 -0.030700979754328728 0.03181099146604538
v 0.04941099137067795 -0.030238980427384377 0.031935978680849075
v 0.049154989421367645 -0.030529970303177834 0.0321119986474514
v 0.0292659904807806 0.04439597949385643 0.018027959391474724
v 0.04177498072385788 0.04530197009444237 0.049022968858480453
v 0.030623970553278923 0.04414099082350731 0.01805895008146763
v 0.006128965876996517 0.03137296065688133 0.034740980714559555
v 0.005531966220587492 0.03122996911406517 0.03305798023939133
v 0.0054169888608157635 0.031490981578826904 0.033063940703868866
v 0.008108972571790218 0.029290970414876938 0.03388797864317894
v 0.007751941215246916 0.02927500009536743 0.032899968326091766
v 0.007599948905408382 0.02936697006225586 0.03291194885969162
v 0.007599948905408382 0.02936697006225586 0.03291194885969162
v 0.006932972930371761 0.030122989788651466 0.034394968301057816
v 0.008108972571790218 0.029290970414876938 0.03388797864317894
v 0.017862970009446144 0.039698950946331024 0.08072494715452194
v 0.020348960533738136 0.03766195848584175 0.08610694855451584
v 0.02074396051466465 0.03831499069929123 0.08610694855451584
v 0.006932972930371761 0.030122989788651466 0.034394968301057816
v 0.006229996215552092 0.030331959947943687 0.03299998864531517
v 0.005917965900152922 0.03076498955488205 0.033032000064849854
v 0.01711297035217285 0.03229194134473801 0.03308498114347458
v 0.016964970156550407 0.03174697980284691 0.03307098150253296
v 0.017132990062236786 0.03137296065688133 0.03358995169401169
v 0.1375139057636261 -0.029830990359187126 0.05233597010374069
v 0.13749900460243225 -0.0263549592345953 0.04835999011993408
v 0.13774999976158142 -0.026170959696173668 0.048703961074352264
v 0.013947959989309311 0.02899998053908348 0.03538094833493233
v 0.014377949759364128 0.029285959899425507 0.03291194885969162
v 0.013708939775824547 0.02917098067700863 0.03288894146680832
v 0.010803990066051483 0.042472001165151596 0.06395000219345093
v -0.014786950312554836 0.0424879714846611 0.019283950328826904
v 0.00924897100776434 0.041355960071086884 0.06395000219345093
v 0.044709980487823486 0.041252970695495605 0.09431499242782593
v 0.04169594869017601 0.04284995049238205 0.0901859924197197
v 0.0398479700088501 0.04126495122909546 0.0937039777636528
v 0.010803990066051483 0.042472001165151596 0.06395000219345093
v 0.00924897100776434 0.041355960071086884 0.06395000219345093
v 0.015976959839463234 0.0415719710290432 0.07516299933195114
v -0.01569795049726963 0.016738949343562126 0.029237980023026466
v -0.013089950196444988 0.020659979432821274 0.032891981303691864
v -0.016198990866541862 0.017539970576763153 0.028257960453629494
v 0.04930197820067406 0.01711999997496605 0.02876299060881138
v 0.04879897087812424 0.017277950420975685 0.02820896916091442
v 0.051031939685344696 0.020681969821453094 0.032395001500844955
v 0.03600800037384033 -0.03623199090361595 0.10245499759912491
v 0.033880941569805145 -0.03489195927977562 0.10253000259399414
v 0.0348549410700798 -0.035654958337545395 0.10240499675273895
v 0.015976959839463234 -0.0415719710290432 0.07516299933195114
v 0.014702970162034035 -0.04014796018600464 0.07511799782514572
v 0.008726954460144043 -0.04077500104904175 0.06395000219345093
v -0.006111979018896818 -0.003012954955920577 0.03125493973493576
v 0.049142949283123016 -0.03009199909865856 0.03174196928739548
v -0.006724953185766935 -0.0034639830701053143 0.03126299008727074
v 0.1375029981136322 0.02287900075316429 0.10469599813222885
v 0.13725599646568298 0.022384999319911003 0.10519400238990784
v 0.1375110000371933 0.019587989896535873 0.10695990175008774
v 0.034993939101696014 0.042466990649700165 0.01562798023223877
v 0.051201991736888885 0.04241997003555298 0.043579988181591034
v 0.03577297180891037 0.04183495044708252 0.01520793978124857
v 0.13771000504493713 0.036105990409851074 0.08436298370361328
v 0.1373748928308487 0.03634696826338768 0.08450596779584885
v 0.13754400610923767 0.03497897833585739 0.08834797143936157
v -0.020752960816025734 -0.04137396067380905 0.011981960386037827
v -0.008687973022460938 -0.04066300019621849 0.03373897075653076
v -0.009079991839826107 -0.040307991206645966 0.03357100114226341
v 0.1377449929714203 0.0052429428324103355 0.11167500168085098
v 0.13750100135803223 0.007655978202819824 0.11168500036001205
v 0.13750599324703217 0.0034019940067082644 0.11232300102710724
v 0.0025909540709108114 0.03223298862576485 0.033081941306591034
v 0.002551971934735775 0.03128498047590256 0.033059000968933105
v 0.004197955131530762 0.04214297980070114 0.036369968205690384
v -0.013428979553282261 0.025499990209937096 0.015202989801764488
v -0.013481969945132732 0.027089949697256088 0.015261939726769924
v -0.013322940096259117 0.02708500064909458 0.015210979618132114
v -0.011844989843666553 -0.0327720008790493 0.03164798021316528
v -0.011792950332164764 -0.03379993885755539 0.03107094019651413
v -0.012099980376660824 -0.0340690016746521 0.0313829705119133
v -0.011888979934155941 -0.0348929688334465 0.030361950397491455
v -0.012326950207352638 -0.03560196980834007 0.030016949400305748
v -0.012237959541380405 -0.035038940608501434 0.030668970197439194
v 0.01934896968305111 -0.03912394866347313 0.08350598067045212
v 0.020870979875326157 -0.038556989282369614 0.08610694855451584
v 0.020270999521017075 -0.03751599043607712 0.08610694855451584
v 0.13770900666713715 0.03563499078154564 0.06404595822095871
v 0.13741500675678253 0.03589098900556564 0.06396698206663132
v 0.13752099871635437 0.0366939902305603 0.06745295971632004
v 0.13774999976158142 -0.03478794917464256 0.06210695952177048
v 0.13774999976158142 -0.03546195849776268 0.06409894675016403
v 0.13771399855613708 -0.03563499078154564 0.06404595822095871
v 0.1376650035381317 0.03329598158597946 0.09198898077011108
v 0.13754400610923767 0.03497897833585739 0.08834797143936157
v 0.1373720020055771 0.033492978662252426 0.09208898991346359
v -0.013089950196444988 0.020659979432821274 0.032891981303691864
v -0.014979950152337551 0.014713999815285206 0.03104298934340477
v -0.013856939971446991 0.01148897036910057 0.03319697827100754
v -0.021227950230240822 0.04069900140166283 0.012252979911863804
v 0.008658944629132748 0.04066598042845726 0.06395000219345093
v -0.015933990478515625 0.04152296856045723 0.020052960142493248
v 0.031676940619945526 0.046220000833272934 0.05487494915723801
v 0.008274972438812256 0.045710980892181396 0.0013839600142091513
v -4.999999873689376e-06 0.046220000833272934 0.0
v -0.01670295000076294 0.018041960895061493 0.026644999161362648
v -0.015138980001211166 0.017835969105362892 0.026732979342341423
v -0.015944000333547592 0.017455989494919777 0.027628950774669647
v 0.1375889927148819 0.0370059609413147 0.06944698095321655
v 0.13752099871635437 0.0366939902305603 0.06745295971632004
v 0.1372469961643219 0.03717796877026558 0.06942199915647507
v -0.011790989898145199 -0.031879961490631104 0.03171097859740257
v -0.012064989656209946 -0.03194599971175194 0.03197997063398361
v -0.012066960334777832 -0.03055495023727417 0.03187096118927002
v 0.04035793989896774 0.020634939894080162 0.1087070032954216
v 0.040419988334178925 0.02114998921751976 0.10859999805688858
v 0.03782296180725098 0.02470296062529087 0.10711199790239334
v 0.13771499693393707 0.028584949672222137 0.05108296126127243
v 0.1377449929714203 0.031694941222667694 0.05574797838926315
v 0.1377449929714203 0.0284269992262125 0.051211949437856674
v -0.015080980025231838 -0.03829598054289818 0.024981969967484474
v -0.02162097953259945 -0.039942968636751175 0.012482999823987484
v -0.01486693974584341 -0.03836797922849655 0.025288989767432213
v 0.13774999976158142 -0.0077599878422915936 0.03873395174741745
v 0.1376660019159317 -0.007995963096618652 0.038510970771312714
v 0.13774999976158142 -0.0027629730757325888 0.03803497180342674
v 0.02136193960905075 -0.036689989268779755 0.0882369801402092
v 0.023413000628352165 -0.03712797164916992 0.09058499336242676
v 0.022458970546722412 -0.03555595129728317 0.09047800302505493
v 0.053091999143362045 0.04034698009490967 0.04248898848891258
v 0.04564499109983444 0.03830498084425926 0.0279690008610487
v 0.04513198137283325 0.038425978273153305 0.027182990685105324
v 0.05241096019744873 -0.0007579999510198832 0.032763950526714325
v 0.05238496884703636 0.0009350000182166696 0.032735999673604965
v 0.05283695086836815 -0.0003889999643433839 0.033540960401296616
v 0.04439394921064377 0.03153698891401291 0.10563699901103973
v 0.04623996838927269 0.03564399108290672 0.10345599800348282
v 0.04288094863295555 0.03563898056745529 0.1034500002861023
v 0.04998898133635521 -0.030555959790945053 0.03362094983458519
v 0.04894398897886276 -0.0317869707942009 0.03173995018005371
v 0.04937499016523361 -0.03054100088775158 0.032029978930950165
v 0.017625980079174042 0.04395699128508568 0.030105939134955406
v 0.0194929800927639 0.0437929593026638 0.03325200080871582
v 0.018069980666041374 0.043640971183776855 0.03027098998427391
v 0.13724489510059357 0.033577971160411835 0.058338988572359085
v 0.1374288946390152 0.034814950078725815 0.06096398085355759
v 0.13734500110149384 0.03223495930433273 0.055677950382232666
v 0.020655980333685875 0.04307597130537033 0.07757096737623215
v 0.028783969581127167 0.04407196864485741 0.08102697134017944
v 0.02506195940077305 0.0444369912147522 0.07492697238922119
v 0.041698988527059555 -0.04285097122192383 0.0901859924197197
v 0.047200970351696014 -0.04455298185348511 0.08602297306060791
v 0.053419940173625946 -0.043227970600128174 0.0901859924197197
v 0.034993939101696014 0.042466990649700165 0.01562798023223877
v 0.03368597850203514 0.043099988251924515 0.0163759496062994
v 0.04987096041440964 0.04319994896650314 0.04434895142912865
v 0.13749900460243225 -0.02020495943725109 0.1065950021147728
v 0.13774999976158142 -0.02105896919965744 0.10554400086402893
v 0.13774999976158142 -0.01999199017882347 0.1062610000371933
v 0.04802196845412254 0.017544979229569435 0.027442989870905876
v 0.047791000455617905 0.017978960648179054 0.026799969375133514
v 0.04879897087812424 0.017277950420975685 0.02820896916091442
v 0.049154989421367645 -0.030529970303177834 0.0321119986474514
v 0.04998898133635521 -0.030555959790945053 0.03362094983458519
v 0.048868950456380844 -0.03057098016142845 0.03389798849821091
v -0.011292990297079086 -0.03051595948636532 0.03377300128340721
v -0.012017959728837013 -0.032009951770305634 0.03238099068403244
v -0.010589949786663055 -0.034493979066610336 0.03386294096708298
v 0.07216297835111618 0.045589979737997055 0.08127397298812866
v 0.07599496096372604 0.0445549413561821 0.08622795343399048
v 0.07835596054792404 0.04553699120879173 0.08129996061325073
v 0.04863994941115379 -0.03802895173430443 0.03352098912000656
v 0.04471796005964279 -0.0378909707069397 0.026436980813741684
v 0.04550796002149582 -0.03743397817015648 0.027529949322342873
v 0.08187597244977951 0.04141496866941452 0.09365898370742798
v 0.08218497037887573 0.04307800158858299 0.08963900059461594
v 0.08058696240186691 0.04207896813750267 0.09249799698591232
v 0.07599800080060959 -0.03745894879102707 0.10243599861860275
v 0.07901494950056076 -0.03757195919752121 0.10211999714374542
v 0.07985395193099976 -0.03738296031951904 0.10226500034332275
v -0.021391980350017548 -0.0403209887444973 0.012350969947874546
v -0.020752960816025734 -0.04137396067380905 0.011981960386037827
v -0.009079991839826107 -0.040307991206645966 0.03357100114226341
v 0.03846395015716553 -0.04597795009613037 0.0748940110206604
v 0.03174494951963425 -0.04542696103453636 0.07489197701215744
v 0.028584949672222137 -0.04558097943663597 0.0689150020480156
v 0.05238496884703636 0.0009350000182166696 0.032735999673604965
v 0.052407968789339066 0.0022529950365424156 0.03285098075866699
v 0.05283695086836815 -0.0003889999643433839 0.033540960401296616
v 0.0408019982278347 0.045390959829092026 0.04958397150039673
v 0.04177498072385788 0.04530197009444237 0.049022968858480453
v 0.01010197028517723 0.04530197009444237 -0.005834995768964291
v -0.006509959232062101 -0.001701951026916504 0.034833960235118866
v -0.0076079959981143475 -0.0017289509996771812 0.034814950078725815
v -0.0075719947926700115 -0.0017149440245702863 0.03123294934630394
v 0.13749900460243225 -0.02020495943725109 0.1065950021147728
v 0.13774999976158142 -0.01999199017882347 0.1062610000371933
v 0.1376110017299652 -0.017015989869832993 0.10834100097417831
v -0.01255899015814066 -0.03629899024963379 0.030059989541769028
v -0.013060979545116425 -0.03718798980116844 0.028880950063467026
v -0.010120980441570282 -0.03811800107359886 0.0336419902741909
v -0.014640980400145054 -0.03825198858976364 0.025761960074305534
v -0.01486693974584341 -0.03836797922849655 0.025288989767432213
v -0.009079991839826107 -0.040307991206645966 0.03357100114226341
v 0.028783969581127167 0.04407196864485741 0.08102697134017944
v 0.02306794933974743 0.04289095848798752 0.08118598908185959
v 0.02364896982908249 0.0428459607064724 0.08205699175596237
v -0.011838969774544239 -0.03073096089065075 0.031804971396923065
v -0.008561967872083187 -0.03054296039044857 0.03429596871137619
v 0.048816971480846405 -0.030550949275493622 0.034518949687480927
v 0.13336190581321716 0.001286983024328947 0.11397299915552139
v 0.13333700597286224 0.00019999999494757503 0.11409900337457657
v 0.13359899818897247 0.00019999999494757503 0.11404900252819061
v -0.014806980267167091 0.013138939626514912 0.031259000301361084
v -0.014823970384895802 0.014663989655673504 0.030413979664444923
v -0.0144729595631361 0.013064979575574398 0.030847959220409393
v 0.07599496096372604 0.04421894997358322 0.08734797686338425
v 0.07599496096372604 0.0445549413561821 0.08622795343399048
v 0.07230298966169357 0.0445699617266655 0.08617597073316574
v -0.009275971911847591 -0.03811800107359886 0.03511296957731247
v -0.00892496109008789 -0.03922098129987717 0.035118989646434784
v 0.007420957088470459 -0.03832196816802025 0.06395000219345093
v -0.011163939721882343 0.04376494139432907 0.017863979563117027
v 0.012509999796748161 0.043163001537323 0.06395000219345093
v 0.01934598945081234 0.0446469709277153 0.06395000219345093
v 0.03532999008893967 0.02115296944975853 0.10710600018501282
v 0.03462100028991699 0.019105970859527588 0.10710400342941284
v 0.03991096839308739 0.016269979998469353 0.10934200137853622
v 0.13770900666713715 0.03563499078154564 0.06404595822095871
v 0.13771499693393707 0.03456699103116989 0.06106400117278099
v 0.1374288946390152 0.034814950078725815 0.06096398085355759
v -0.014226970262825489 -0.013232939876616001 0.03218299150466919
v -0.014798990450799465 -0.007747948169708252 0.03208798170089722
v -0.014670959673821926 -0.007750988006591797 0.03156298026442528
v 0.027895979583263397 0.04452496021986008 0.017494969069957733
v 0.04177498072385788 0.04530197009444237 0.049022968858480453
v 0.0292659904807806 0.04439597949385643 0.018027959391474724
v 0.020655980333685875 0.04307597130537033 0.07757096737623215
v 0.017596960067749023 0.04259299859404564 0.07526201009750366
v 0.02103297971189022 0.042380981147289276 0.08084797114133835
v 0.05085200071334839 0.019834989681839943 0.03311793878674507
v 0.05088198184967041 0.02213299088180065 0.032644979655742645
v 0.050680991262197495 0.022113969549536705 0.03304499015212059
v -0.01569795049726963 0.016738949343562126 0.029237980023026466
v -0.015225940383970737 0.0155559703707695 0.030219970270991325
v -0.013089950196444988 0.020659979432821274 0.032891981303691864
v 0.04045497998595238 0.012434950098395348 0.10983999818563461
v 0.04039096087217331 0.011495940387248993 0.10986299812793732
v 0.041612979024648666 0.009423971176147461 0.11032900214195251
v 0.049154989421367645 -0.030529970303177834 0.0321119986474514
v 0.048868950456380844 -0.03057098016142845 0.03389798849821091
v -0.011916990391910076 -0.030544990673661232 0.0322069488465786
v 0.02720797061920166 0.03710097074508667 0.09476298093795776
v 0.030043000355362892 0.03142499178647995 0.10244999825954437
v 0.03189795836806297 0.03341298922896385 0.1024869978427887
v 0.1375029981136322 -0.009424984455108643 0.11128199845552444
v 0.13737699389457703 -0.010260989889502525 0.11114200204610825
v 0.13768400251865387 -0.01020198967307806 0.11093199998140335
v -0.011838969774544239 -0.03073096089065075 0.031804971396923065
v -0.012066960334777832 -0.03055495023727417 0.03187096118927002
v -0.011916990391910076 -0.030544990673661232 0.0322069488465786
v 0.04684298858046532 -0.035606980323791504 0.029724949970841408
v -0.011792950332164764 -0.03379993885755539 0.03107094019651413
v 0.0478779599070549 -0.03451298922300339 0.030762970447540283
v 0.05223900079727173 0.003396986983716488 0.032536979764699936
v 0.05228697881102562 0.004894970916211605 0.03267496079206467
v 0.05233895033597946 0.0031169650610536337 0.03270094841718674
v -0.004941998980939388 -0.04299097880721092 0.03363697975873947
v -0.013715979643166065 -0.044520970433950424 0.007918952964246273
v 0.005838990211486816 -0.04529093950986862 0.0333169586956501
v 0.13512499630451202 0.013079999946057796 0.11022800207138062
v 0.1374509036540985 0.01167398039251566 0.11063099652528763
v 0.13524700701236725 0.014317980036139488 0.10978999733924866
v 0.008147954009473324 0.04002397879958153 0.06395000219345093
v 0.013876969926059246 0.03834794834256172 0.07511097192764282
v 0.014702970162034035 0.04014796018600464 0.07511799782514572
v -0.020011959597468376 -0.04207795113325119 0.011558939702808857
v -0.007278977893292904 -0.04200398176908493 0.03348195180296898
v -0.008687973022460938 -0.04066300019621849 0.03373897075653076
v -0.0021759860683232546 -0.045869939029216766 0.010205980390310287
v -5.0999999075429514e-05 -0.045784950256347656 0.01154899038374424
v 0.005838990211486816 -0.04529093950986862 0.0333169586956501
v 0.1377449929714203 0.0052429428324103355 0.11167500168085098
v 0.1377449929714203 0.007579981815069914 0.11131799966096878
v 0.13750100135803223 0.007655978202819824 0.11168500036001205
v 0.025667959824204445 -0.03522998094558716 0.09477496147155762
v 0.023413000628352165 -0.03712797164916992 0.09058499336242676
v 0.024744980037212372 -0.03697197884321213 0.09224998205900192
v 0.0861879512667656 0.04454195126891136 0.06395094841718674
v 0.09121494740247726 0.04382896050810814 0.06395094841718674
v 0.09086298197507858 0.043102968484163284 0.06078999862074852
v 0.07835596054792404 0.04553699120879173 0.08129996061325073
v 0.08458899706602097 0.04510295018553734 0.08069795370101929
v 0.08458501100540161 0.045542001724243164 0.07476896047592163
v 0.053091999143362045 0.04034698009490967 0.04248898848891258
v 0.053281959146261215 0.039769940078258514 0.04237895831465721
v 0.04564499109983444 0.03830498084425926 0.0279690008610487
v 0.019117949530482292 0.04311800003051758 0.07498996704816818
v 0.01617198996245861 0.04319797828793526 0.07004696130752563
v 0.017596960067749023 0.04259299859404564 0.07526201009750366
v -0.017125960439443588 0.019190959632396698 0.026256969198584557
v -0.01671897992491722 0.018861940130591393 0.02690798044204712
v -0.013089950196444988 0.020659979432821274 0.032891981303691864
v 0.04169594869017601 0.04284995049238205 0.0901859924197197
v 0.04917597025632858 0.04459594935178757 0.08602195233106613
v 0.04133998975157738 0.044268958270549774 0.08603698015213013
v 0.1377449929714203 0.018913980573415756 0.1069239005446434
v 0.1377449929714203 0.019389979541301727 0.10663700103759766
v 0.13771000504493713 0.0190119706094265 0.10708899796009064
v 0.13743199408054352 0.015556990168988705 0.10917200148105621
v 0.13742400705814362 0.019140949472784996 0.10730800032615662
v 0.13725200295448303 0.016978969797492027 0.10850200057029724
v 0.13748599588871002 -0.03603196144104004 0.08542095869779587
v 0.13774999976158142 -0.035580988973379135 0.08552300184965134
v 0.13760699331760406 -0.035463981330394745 0.0870249792933464
v 0.05119597166776657 -0.013238959945738316 0.03168398141860962
v 0.051435939967632294 -0.020532960072159767 0.033464960753917694
v 0.04941099137067795 -0.030238980427384377 0.031935978680849075
v -0.014823970384895802 0.014663989655673504 0.030413979664444923
v 0.04985499009490013 0.01506893988698721 0.030019989237189293
v -0.0144729595631361 0.013064979575574398 0.030847959220409393
v 0.03269898146390915 -0.04528294876217842 0.033288948237895966
v 0.009239970706403255 -0.04598896950483322 0.0048329830169677734
v 0.01166194025427103 -0.04562395066022873 0.005823968909680843
v -0.00796198844909668 -0.002736984984949231 0.03125094994902611
v -0.014670959673821926 -0.007750988006591797 0.03156298026442528
v -0.0075719947926700115 -0.0017149440245702863 0.03123294934630394
v 0.03334200009703636 -0.00844794511795044 0.10709299892187119
v 0.03932499140501022 -0.006200969219207764 0.10966499894857407
v 0.034675948321819305 -0.00019999999494757503 0.10790199786424637
v 0.1377449929714203 0.003340959083288908 0.03809195011854172
v 0.1377449929714203 0.0027689929120242596 0.03800296038389206
v 0.13752099871635437 0.003378987079486251 0.037701960653066635
v 0.051156990230083466 0.019861990585923195 0.03265500068664551
v 0.05085200071334839 0.019834989681839943 0.03311793878674507
v 0.05128895863890648 0.01686096005141735 0.033135950565338135
v 0.0861879512667656 0.04454195126891136 0.06395094841718674
v 0.08501999825239182 0.044696979224681854 0.06395094841718674
v 0.08480995148420334 0.045374978333711624 0.06878697127103806
v 0.051156990230083466 0.019861990585923195 0.03265500068664551
v 0.04986095055937767 0.01571594923734665 0.02974897064268589
v 0.051031939685344696 0.020681969821453094 0.032395001500844955
v 0.08623397350311279 0.04341799020767212 0.05942397937178612
v 0.08623397350311279 0.04341799020767212 0.05942397937178612
v 0.08501999825239182 0.044696979224681854 0.06395094841718674
v 0.0861879512667656 0.04454195126891136 0.06395094841718674
v 0.07854998111724854 0.042497988790273666 0.09183996170759201
v 0.0799029991030693 0.042274948209524155 0.09217000007629395
v 0.08218497037887573 0.04307800158858299 0.08963900059461594
v 0.08218497037887573 0.04307800158858299 0.08963900059461594
v 0.0799029991030693 0.042274948209524155 0.09217000007629395
v 0.08058696240186691 0.04207896813750267 0.09249799698591232
v 0.012509999796748161 0.043163001537323 0.06395000219345093
v 0.011234990321099758 0.04265296086668968 0.06395000219345093
v 0.017596960067749023 0.04259299859404564 0.07526201009750366
v -0.009685993194580078 0.04455798119306564 0.013752990402281284
v 0.02344994992017746 0.04525094851851463 0.06395000219345093
v -0.00995695497840643 0.044684939086437225 0.01245998963713646
v 0.04985499009490013 0.01506893988698721 0.030019989237189293
v 0.050646960735321045 0.013495979830622673 0.0307919904589653
v -0.014337950386106968 0.012275990098714828 0.030957989394664764
v 0.053281959146261215 0.039769940078258514 0.04237895831465721
v 0.04617296904325485 0.03776596859097481 0.029180999845266342
v 0.04564499109983444 0.03830498084425926 0.0279690008610487
v 0.019247939810156822 0.041269950568675995 0.08076094835996628
v 0.022615959867835045 0.040483951568603516 0.08610694855451584
v 0.02103297971189022 0.042380981147289276 0.08084797114133835
v 0.053091999143362045 0.04034698009490967 0.04248898848891258
v 0.04513198137283325 0.038425978273153305 0.027182990685105324
v 0.04457198828458786 0.03862994164228439 0.026465950533747673
v 0.053091999143362045 0.04034698009490967 0.04248898848891258
v 0.053091999143362045 0.04034698009490967 0.04248898848891258
v 0.033900968730449677 0.04109299182891846 0.010617969557642937
v 0.03577297180891037 0.04183495044708252 0.01520793978124857
v 0.053091999143362045 0.04034698009490967 0.04248898848891258
v 0.04379497841000557 0.038743969053030014 0.025209959596395493
v 0.021311990916728973 0.04047197103500366 -0.012306979857385159
v 0.051201991736888885 0.04241997003555298 0.043579988181591034
v 0.034993939101696014 0.042466990649700165 0.01562798023223877
v 0.04987096041440964 0.04319994896650314 0.04434895142912865
v 0.051201991736888885 0.04241997003555298 0.043579988181591034
v 0.05171196907758713 0.04212098941206932 0.04328595846891403
v 0.03577297180891037 0.04183495044708252 0.01520793978124857
v 0.013876969926059246 0.03834794834256172 0.07511097192764282
v 0.013827970251441002 0.03808999061584473 0.07514195889234543
v 0.014564990065991879 0.0380779504776001 0.07642196863889694
v -0.014806980267167091 0.013138939626514912 0.031259000301361084
v -0.014732950367033482 0.012315980158746243 0.03131496161222458
v -0.013856939971446991 0.01148897036910057 0.03319697827100754
v -0.012225979939103127 -0.03527693822979927 0.0309829693287611
v -0.01255899015814066 -0.03629899024963379 0.030059989541769028
v -0.010120980441570282 -0.03811800107359886 0.0336419902741909
v 0.047642938792705536 0.018388979136943817 0.026270980015397072
v 0.04646496847271919 0.01874195970594883 0.024392960593104362
v 0.051031939685344696 0.020681969821453094 0.032395001500844955
v 0.13774999976158142 -0.035580988973379135 0.08552300184965134
v 0.13774999976158142 -0.03514397144317627 0.086916983127594
v 0.13760699331760406 -0.035463981330394745 0.0870249792933464
v 0.05235499143600464 -0.006404994986951351 0.03287196159362793
v 0.052390988916158676 -0.0027559990994632244 0.032801978290081024
v 0.052393969148397446 -0.006399989128112793 0.03322993963956833
v 0.05222295969724655 -0.002773999935016036 0.032487981021404266
v 0.05137496814131737 -0.010820980183780193 0.03156596049666405
v 0.05138098821043968 0.00372999906539917 0.03138798102736473
v 0.0409199483692646 0.023846980184316635 0.10802999883890152
v 0.04109596833586693 0.024355940520763397 0.1079230010509491
v 0.03951894864439964 0.026080960407853127 0.1071150004863739
v 0.04109596833586693 0.024355940520763397 0.1079230010509491
v 0.03640997037291527 0.023040950298309326 0.10710900276899338
v 0.04035793989896774 0.020634939894080162 0.1087070032954216
v 0.03782296180725098 0.02470296062529087 0.10711199790239334
v 0.0717960000038147 0.046018000692129135 0.07513599842786789
v 0.07216297835111618 0.045589979737997055 0.08127397298812866
v 0.07833600044250488 0.04596494883298874 0.07515496015548706
v 0.13749590516090393 -0.02452296018600464 0.10337000340223312
v 0.13774999976158142 -0.024483969435095787 0.10286799818277359
v 0.13774999976158142 -0.0214079599827528 0.10531000047922134
v 0.03333896026015282 0.008446991443634033 0.10709399729967117
v 0.02767300046980381 0.01078294962644577 0.10369499772787094
v 0.03068196028470993 0.00019999999494757503 0.10583700239658356
v 0.02868496999144554 0.021624980494379997 0.10369200259447098
v 0.03425794094800949 0.016978969797492027 0.10710199922323227
v 0.028862949460744858 0.023004939779639244 0.1036909967660904
v 0.03462100028991699 0.019105970859527588 0.10710400342941284
v 0.03532999008893967 0.02115296944975853 0.10710600018501282
v 0.02922694943845272 0.0248409491032362 0.10368499904870987
v 0.03532999008893967 0.02115296944975853 0.10710600018501282
v 0.030442949384450912 0.028085939586162567 0.10361400246620178
v 0.03000395931303501 0.026902969926595688 0.10367800295352936
v 0.031286001205444336 0.029509959742426872 0.10355500131845474
v 0.030442949384450912 0.028085939586162567 0.10361400246620178
v 0.03640997037291527 0.023040950298309326 0.10710900276899338
v 0.031286001205444336 0.029509959742426872 0.10355500131845474
v 0.03640997037291527 0.023040950298309326 0.10710900276899338
v 0.03782296180725098 0.02470296062529087 0.10711199790239334
v 0.0259319506585598 0.006171940825879574 0.10251399874687195
v -0.013635990209877491 0.00019999999494757503 0.03430293872952461
v 0.025698000565171242 0.00019999999494757503 0.10242699831724167
v 0.03951894864439964 0.026080960407853127 0.1071150004863739
v 0.03423595055937767 0.03243695944547653 0.10366600006818771
v 0.03782296180725098 0.02470296062529087 0.10711199790239334
v 0.03623998165130615 0.033855970948934555 0.10359899699687958
v 0.041436970233917236 0.027126960456371307 0.10711800307035446
v 0.037625961005687714 0.03436195105314255 0.10366799682378769
v 0.03951894864439964 0.026080960407853127 0.1071150004863739
v 0.041436970233917236 0.027126960456371307 0.10711800307035446
v 0.03623998165130615 0.033855970948934555 0.10359899699687958
v 0.035218000411987305 0.033078961074352264 0.10366600006818771
v 0.03951894864439964 0.026080960407853127 0.1071150004863739
v 0.03623998165130615 0.033855970948934555 0.10359899699687958
v 0.03423595055937767 0.03243695944547653 0.10366600006818771
v 0.03951894864439964 0.026080960407853127 0.1071150004863739
v 0.035218000411987305 0.033078961074352264 0.10366600006818771
v 0.04439394921064377 0.03153698891401291 0.10563699901103973
v 0.04350893944501877 0.027803950011730194 0.10712099820375443
v 0.045771948993206024 0.027619000524282455 0.10730600357055664
v 0.04350893944501877 0.027803950011730194 0.10712099820375443
v 0.04431997984647751 0.027165940031409264 0.10740900039672852
v 0.045771948993206024 0.027619000524282455 0.10730600357055664
v 0.05341397970914841 0.043227970600128174 0.0901859924197197
v 0.051561951637268066 0.04459499940276146 0.08603297919034958
v 0.04917597025632858 0.04459594935178757 0.08602195233106613
v 0.04169594869017601 0.04284995049238205 0.0901859924197197
v 0.05341397970914841 0.043227970600128174 0.0901859924197197
v 0.04917597025632858 0.04459594935178757 0.08602195233106613
v 0.019117949530482292 0.04311800003051758 0.07498996704816818
v 0.02506195940077305 0.0444369912147522 0.07492697238922119
v 0.01617198996245861 0.04319797828793526 0.07004696130752563
v 0.05237400159239769 0.004561960231512785 0.033390991389751434
v 0.052183978259563446 0.007901965640485287 0.03273998945951462
v 0.051961950957775116 0.007899998687207699 0.03325396031141281
v 0.04755394905805588 -0.04025696963071823 0.0331529900431633
v 0.04464095085859299 -0.03793596848845482 0.02631700038909912
v 0.04830700159072876 -0.03932594880461693 0.03341798856854439
v 0.07230298966169357 0.0445699617266655 0.08617597073316574
v 0.07599496096372604 0.0445549413561821 0.08622795343399048
v 0.07216297835111618 0.045589979737997055 0.08127397298812866
v 0.051561951637268066 0.04459499940276146 0.08603297919034958
v 0.04767495021224022 0.04565196856856346 0.08096498250961304
v 0.04917597025632858 0.04459594935178757 0.08602195233106613
v 0.015474970452487469 0.043198999017477036 0.06884098052978516
v 0.01617198996245861 0.04319797828793526 0.07004696130752563
v 0.02163398079574108 0.044545941054821014 0.06888800114393234
v 0.02506195940077305 0.0444369912147522 0.07492697238922119
v 0.03174494951963425 0.04542696103453636 0.07489197701215744
v 0.028584949672222137 0.04558097943663597 0.0689150020480156
v 0.08480995148420334 0.045374978333711624 0.06878697127103806
v 0.07834898680448532 0.04576997831463814 0.06896697729825974
v 0.07833600044250488 0.04596494883298874 0.07515496015548706
v 0.08480995148420334 0.045374978333711624 0.06878697127103806
v 0.07833600044250488 0.04596494883298874 0.07515496015548706
v 0.08458501100540161 0.045542001724243164 0.07476896047592163
v 0.09134995192289352 0.04438095912337303 0.06846194714307785
v 0.08480995148420334 0.045374978333711624 0.06878697127103806
v 0.08458501100540161 0.045542001724243164 0.07476896047592163
v 0.028783969581127167 0.04407196864485741 0.08102697134017944
v 0.03174494951963425 0.04542696103453636 0.07489197701215744
v 0.02506195940077305 0.0444369912147522 0.07492697238922119
v 0.03174494951963425 0.04542696103453636 0.07489197701215744
v 0.028783969581127167 0.04407196864485741 0.08102697134017944
v 0.035124000161886215 0.04495298117399216 0.08094298094511032
v 0.03174494951963425 0.04542696103453636 0.07489197701215744
v 0.07216297835111618 0.045589979737997055 0.08127397298812866
v 0.07835596054792404 0.04553699120879173 0.08129996061325073
v 0.07833600044250488 0.04596494883298874 0.07515496015548706
v 0.07833600044250488 0.04596494883298874 0.07515496015548706
v 0.07835596054792404 0.04553699120879173 0.08129996061325073
v 0.08458501100540161 0.045542001724243164 0.07476896047592163
v 0.029668979346752167 -0.037041958421468735 0.09708499163389206
v 0.033880941569805145 -0.03489195927977562 0.10253000259399414
v 0.031992968171834946 -0.03342396020889282 0.1025099977850914
v 0.05119597166776657 -0.013238959945738316 0.03168398141860962
v 0.05164897069334984 -0.0175319891422987 0.03349696844816208
v 0.051435939967632294 -0.020532960072159767 0.033464960753917694
v 0.04535096138715744 0.04437398165464401 0.04695795848965645
v 0.04987096041440964 0.04319994896650314 0.04434895142912865
v 0.032875001430511475 0.043501969426870346 0.017026960849761963
v 0.04535096138715744 0.04437398165464401 0.04695795848965645
v 0.03199100121855736 0.04371296986937523 0.01785898022353649
v 0.04177498072385788 0.04530197009444237 0.049022968858480453
v 0.027895979583263397 0.04452496021986008 0.017494969069957733
v 0.02687798999249935 0.04460597038269043 0.016662949696183205
v 0.04177498072385788 0.04530197009444237 0.049022968858480453
v 0.02687798999249935 0.04460597038269043 0.016662949696183205
v 0.02608299069106579 0.04464298114180565 0.015390990301966667
v 0.04177498072385788 0.04530197009444237 0.049022968858480453
v -0.021227950230240822 0.04069900140166283 0.012252979911863804
v -0.013353999704122543 0.03863399848341942 0.027600999921560287
v 0.008658944629132748 0.04066598042845726 0.06395000219345093
v 0.04177498072385788 0.04530197009444237 0.049022968858480453
v 0.02608299069106579 0.04464298114180565 0.015390990301966667
v 0.01010197028517723 0.04530197009444237 -0.005834995768964291
v -0.014647959731519222 0.01164196990430355 0.03126697987318039
v 0.05095595121383667 0.01163994986563921 0.031089959666132927
v -0.006538987159729004 -0.0016719689592719078 0.031231990084052086
v 0.036172978579998016 0.045810990035533905 0.052257001399993896
v 0.0408019982278347 0.045390959829092026 0.04958397150039673
v 0.01010197028517723 0.04530197009444237 -0.005834995768964291
v -0.004800974857062101 0.0457189604640007 0.004513978026807308
v 0.026008959859609604 0.04561996087431908 0.06395000219345093
v -4.999999873689376e-06 0.046220000833272934 0.0
v 0.031676940619945526 0.046220000833272934 0.05487494915723801
v -4.999999873689376e-06 0.046220000833272934 0.0
v 0.026008959859609604 0.04561996087431908 0.06395000219345093
v 0.02344994992017746 0.04525094851851463 0.06395000219345093
v -0.010111980140209198 0.04530197009444237 0.005834995768964291
v -0.00995695497840643 0.044684939086437225 0.01245998963713646
v -0.009685993194580078 0.04455798119306564 0.013752990402281284
v -0.00969398021697998 0.04439197853207588 0.01524799969047308
v 0.02344994992017746 0.04525094851851463 0.06395000219345093
v 0.02344994992017746 0.04525094851851463 0.06395000219345093
v -0.00969398021697998 0.04439197853207588 0.01524799969047308
v -0.010273990221321583 0.04424196109175682 0.016352949663996696
v 0.012509999796748161 0.043163001537323 0.06395000219345093
v -0.011220989748835564 0.04374796152114868 0.017896950244903564
v -0.01260398980230093 0.04348497837781906 0.018090959638357162
v 0.0337599515914917 0.03478996828198433 0.10253799706697464
v 0.0359419509768486 0.0359879694879055 0.10255999863147736
v 0.0348549410700798 0.035654958337545395 0.10240499675273895
v -0.01302396971732378 0.03826497867703438 0.02856599912047386
v 0.007422983180731535 0.038331981748342514 0.06395000219345093
v -0.013487990014255047 0.038447968661785126 0.02763395942747593
v 0.05228697881102562 0.004894970916211605 0.03267496079206467
v 0.05138098821043968 0.00372999906539917 0.03138798102736473
v 0.052183978259563446 0.007901965640485287 0.03273998945951462
v 0.03748995065689087 0.03743695840239525 0.10140799731016159
v 0.03659497946500778 0.03739994019269943 0.10116399824619293
v 0.03765498846769333 0.03688395023345947 0.10237500071525574
v 0.028164979070425034 0.04009300097823143 0.09197098016738892
v 0.028895970433950424 0.04041897878050804 0.09193599224090576
v 0.027687959372997284 0.040838949382305145 0.09038496017456055
v 0.020348960533738136 0.03766195848584175 0.08610694855451584
v 0.023413000628352165 0.03712797164916992 0.09058499336242676
v 0.02074396051466465 0.03831499069929123 0.08610694855451584
v 0.023413000628352165 0.03712797164916992 0.09058499336242676
v 0.020348960533738136 0.03766195848584175 0.08610694855451584
v 0.022458970546722412 0.03555595129728317 0.09047800302505493
v 0.020348960533738136 0.03766195848584175 0.08610694855451584
v 0.019693970680236816 0.035778988152742386 0.08610694855451584
v 0.022458970546722412 0.03555595129728317 0.09047800302505493
v 0.022615959867835045 0.040483951568603516 0.08610694855451584
v 0.021795980632305145 0.03970599174499512 0.08610694855451584
v 0.024658970534801483 0.03864495828747749 0.09057295322418213
v 0.02452296018600464 0.04170798882842064 0.08610694855451584
v 0.026124000549316406 0.03992294892668724 0.09048496931791306
v 0.027687959372997284 0.040838949382305145 0.09038496017456055
v 0.023413000628352165 0.03712797164916992 0.09058499336242676
v 0.02499895915389061 0.03739994019269943 0.09215295314788818
v 0.024658970534801483 0.03864495828747749 0.09057295322418213
v 0.028711970895528793 0.03739994019269943 0.09585797041654587
v 0.02720797061920166 0.03710097074508667 0.09476298093795776
v 0.03189795836806297 0.03341298922896385 0.1024869978427887
v 0.031785961240530014 0.03739994019269943 0.09832596033811569
v 0.028711970895528793 0.03739994019269943 0.09585797041654587
v 0.03189795836806297 0.03341298922896385 0.1024869978427887
v 0.0337599515914917 0.03478996828198433 0.10253799706697464
v 0.031785961240530014 0.03739994019269943 0.09832596033811569
v 0.03189795836806297 0.03341298922896385 0.1024869978427887
v 0.04018998146057129 0.037428971379995346 0.10232999920845032
v 0.03978598117828369 0.038475990295410156 0.10013200342655182
v 0.03882896155118942 0.038001950830221176 0.1008640006184578
v 0.030043000355362892 0.03142499178647995 0.10244999825954437
v 0.02720797061920166 0.03710097074508667 0.09476298093795776
v 0.025667959824204445 0.03522998094558716 0.09477496147155762
v 0.02499895915389061 0.03739994019269943 0.09215295314788818
v 0.023413000628352165 0.03712797164916992 0.09058499336242676
v 0.025667959824204445 0.03522998094558716 0.09477496147155762
v 0.019247939810156822 0.041269950568675995 0.08076094835996628
v 0.021795980632305145 0.03970599174499512 0.08610694855451584
v 0.022615959867835045 0.040483951568603516 0.08610694855451584
v -0.013041970320045948 0.02549695037305355 0.01508294977247715
v -0.013322940096259117 0.02708500064909458 0.015210979618132114
v -0.013021940365433693 0.027076000347733498 0.0151169802993536
v 0.02364896982908249 0.0428459607064724 0.08205699175596237
v 0.02306794933974743 0.04289095848798752 0.08118598908185959
v 0.02103297971189022 0.042380981147289276 0.08084797114133835
v 0.022615959867835045 0.040483951568603516 0.08610694855451584
v 0.02452296018600464 0.04170798882842064 0.08610694855451584
v 0.02103297971189022 0.042380981147289276 0.08084797114133835
v 0.020348960533738136 0.03766195848584175 0.08610694855451584
v 0.018272990360856056 0.037123970687389374 0.08316600322723389
v 0.01917796954512596 0.03630197048187256 0.0850289985537529
v 0.019693970680236816 0.035778988152742386 0.08610694855451584
v 0.020348960533738136 0.03766195848584175 0.08610694855451584
v 0.01917796954512596 0.03630197048187256 0.0850289985537529
v 0.015976959839463234 0.0415719710290432 0.07516299933195114
v 0.00924897100776434 0.041355960071086884 0.06395000219345093
v 0.014702970162034035 0.04014796018600464 0.07511799782514572
v 0.011234990321099758 0.04265296086668968 0.06395000219345093
v 0.010803990066051483 0.042472001165151596 0.06395000219345093
v 0.017596960067749023 0.04259299859404564 0.07526201009750366
v 0.017596960067749023 0.04259299859404564 0.07526201009750366
v 0.010803990066051483 0.042472001165151596 0.06395000219345093
v 0.015976959839463234 0.0415719710290432 0.07516299933195114
v -0.014786950312554836 0.0424879714846611 0.019283950328826904
v -0.015222960151731968 0.04222898930311203 0.019580960273742676
v 0.00924897100776434 0.041355960071086884 0.06395000219345093
v -0.015222960151731968 0.04222898930311203 0.019580960273742676
v 0.008658944629132748 0.04066598042845726 0.06395000219345093
v 0.00924897100776434 0.041355960071086884 0.06395000219345093
v 0.008658944629132748 0.04066598042845726 0.06395000219345093
v -0.015222960151731968 0.04222898930311203 0.019580960273742676
v -0.015933990478515625 0.04152296856045723 0.020052960142493248
v 0.011234990321099758 0.04265296086668968 0.06395000219345093
v -0.014786950312554836 0.0424879714846611 0.019283950328826904
v 0.010803990066051483 0.042472001165151596 0.06395000219345093
v -0.013538000173866749 0.04312198981642723 0.018550990149378777
v -0.014786950312554836 0.0424879714846611 0.019283950328826904
v 0.011234990321099758 0.04265296086668968 0.06395000219345093
v 0.012509999796748161 0.043163001537323 0.06395000219345093
v -0.013538000173866749 0.04312198981642723 0.018550990149378777
v 0.011234990321099758 0.04265296086668968 0.06395000219345093
v 0.007422983180731535 0.038331981748342514 0.06395000219345093
v 0.008147954009473324 0.04002397879958153 0.06395000219345093
v -0.013487990014255047 0.038447968661785126 0.02763395942747593
v 0.007422983180731535 0.038331981748342514 0.06395000219345093
v -0.01302396971732378 0.03826497867703438 0.02856599912047386
v 0.007372974883764982 0.03811800107359886 0.06395000219345093
v 0.008147954009473324 0.04002397879958153 0.06395000219345093
v 0.008658944629132748 0.04066598042845726 0.06395000219345093
v -0.013487990014255047 0.038447968661785126 0.02763395942747593
v 0.007372974883764982 0.03811800107359886 0.06395000219345093
v -0.012224970385432243 0.0377349816262722 0.029570989310741425
v -0.01210795994848013 0.03753494843840599 0.029847970232367516
v 0.007372974883764982 0.03811800107359886 0.06395000219345093
v -0.011558939702808857 0.036655958741903305 0.03108298033475876
v -0.01178395003080368 0.03639400005340576 0.031234970316290855
v -0.011215980164706707 0.034780971705913544 0.032576970756053925
v -0.01126496959477663 0.03454899042844772 0.03260999172925949
v -0.011157980188727379 0.0331609807908535 0.03352499008178711
v 0.0259319506585598 0.006171940825879574 0.10251399874687195
v 0.02679597958922386 0.019336989149451256 0.10234899818897247
v -0.012750980444252491 0.019565990194678307 0.03411196917295456
v 0.0348549410700798 0.035654958337545395 0.10240499675273895
v 0.0359419509768486 0.0359879694879055 0.10255999863147736
v 0.035835981369018555 0.036219000816345215 0.10239800065755844
v 0.030043000355362892 0.03142499178647995 0.10244999825954437
v 0.030290959402918816 0.031290940940380096 0.10259000211954117
v 0.03189795836806297 0.03341298922896385 0.1024869978427887
v 0.041949979960918427 0.03744196146726608 0.10244099795818329
v 0.05434196814894676 0.03743999823927879 0.10245700180530548
v 0.05118995159864426 0.03757094964385033 0.10231100022792816
v 0.08231096714735031 0.03757296875119209 0.10158099979162216
v 0.07985495775938034 0.03767495974898338 0.10184500366449356
v 0.080362968146801 0.03738898038864136 0.10218899697065353
v 0.04894398897886276 -0.0317869707942009 0.03173995018005371
v -0.011844989843666553 -0.0327720008790493 0.03164798021316528
v -0.011790989898145199 -0.031879961490631104 0.03171097859740257
v -0.011196970008313656 0.03264098986983299 0.03336399048566818
v -0.011546960100531578 0.03263198956847191 0.032743990421295166
v -0.010946979746222496 0.032322999089956284 0.03301696851849556
v 0.016898980364203453 -0.04600495100021362 0.033563971519470215
v 0.00407594395801425 -0.046025991439819336 0.011048969812691212
v 0.005258976947516203 -0.04619299992918968 0.00910794734954834
v 0.05136096104979515 0.008583961986005306 0.031304001808166504
v 0.05202198028564453 0.010596989654004574 0.032692961394786835
v 0.052183978259563446 0.007901965640485287 0.03273998945951462
v 0.13750900328159332 0.009162962436676025 0.03867398947477341
v 0.1377449929714203 0.008533953689038754 0.03889495134353638
v 0.13752099871635437 0.003378987079486251 0.037701960653066635
v 0.1374099999666214 0.014806980267167091 0.040538959205150604
v 0.1377449929714203 0.014324960298836231 0.04079895839095116
v 0.13750900328159332 0.009162962436676025 0.03867398947477341
v 0.1377449929714203 0.024022990837693214 0.04672795161604881
v 0.1377449929714203 0.019499000161886215 0.043459948152303696
v 0.13750900328159332 0.01991897076368332 0.043269988149404526
v 0.1377449929714203 0.024022990837693214 0.04672795161604881
v 0.13750900328159332 0.01991897076368332 0.043269988149404526
v 0.13750900328159332 0.02462797984480858 0.0467679500579834
v 0.1377449929714203 0.02815794013440609 0.05084395036101341
v 0.13771499693393707 0.028584949672222137 0.05108296126127243
v 0.1377449929714203 0.0284269992262125 0.051211949437856674
v 0.13770900666713715 0.03563499078154564 0.06404595822095871
v 0.1374288946390152 0.034814950078725815 0.06096398085355759
v 0.13741500675678253 0.03589098900556564 0.06396698206663132
v 0.1377449929714203 0.0027689929120242596 0.03800296038389206
v 0.13754400610923767 0.00019999999494757503 0.03757596015930176
v 0.13752099871635437 0.003378987079486251 0.037701960653066635
v 0.13738200068473816 0.028814969584345818 0.050919950008392334
v 0.13771499693393707 0.028584949672222137 0.05108296126127243
v 0.13750900328159332 0.02462797984480858 0.0467679500579834
v 0.1377449929714203 0.03545796126127243 0.08576499670743942
v 0.1377449929714203 0.03591996058821678 0.08431500196456909
v 0.13771000504493713 0.036105990409851074 0.08436298370361328
v 0.1377449929714203 0.014206940308213234 0.10922600328922272
v 0.1377449929714203 0.015374000184237957 0.10876890271902084
v 0.13770900666713715 0.015452980063855648 0.10894300043582916
v 0.1377449929714203 0.00336795998737216 0.11194700002670288
v 0.1377449929714203 0.0052429428324103355 0.11167500168085098
v 0.13750599324703217 0.0034019940067082644 0.11232300102710724
v 0.1377449929714203 0.015374000184237957 0.10876890271902084
v 0.1377449929714203 0.017030950635671616 0.10790500044822693
v 0.13770900666713715 0.015452980063855648 0.10894300043582916
v 0.13770900666713715 0.015452980063855648 0.10894300043582916
v 0.1377449929714203 0.017030950635671616 0.10790500044822693
v 0.13771000504493713 0.0190119706094265 0.10708899796009064
v 0.13742400705814362 0.019140949472784996 0.10730800032615662
v 0.13771000504493713 0.0190119706094265 0.10708899796009064
v 0.1375110000371933 0.019587989896535873 0.10695990175008774
v 0.13768300414085388 0.02578997053205967 0.10196799784898758
v 0.13743999600410461 0.028718940913677216 0.09920399636030197
v 0.13736900687217712 0.025985000655055046 0.10217200219631195
v 0.1376650035381317 0.03329598158597946 0.09198898077011108
v 0.1373720020055771 0.033492978662252426 0.09208898991346359
v 0.13750700652599335 0.0313989482820034 0.09549099206924438
v 0.1377439945936203 0.033056970685720444 0.09186697006225586
v 0.1377439945936203 0.03381996974349022 0.09014897793531418
v 0.1376650035381317 0.03329598158597946 0.09198898077011108
v 0.1376650035381317 0.03329598158597946 0.09198898077011108
v 0.1377439945936203 0.03381996974349022 0.09014897793531418
v 0.13754400610923767 0.03497897833585739 0.08834797143936157
v 0.1373748928308487 0.03634696826338768 0.08450596779584885
v 0.13759000599384308 0.03702700138092041 0.08049196004867554
v 0.1372489035129547 0.037199970334768295 0.0805169865489006
v 0.13752099871635437 0.0366939902305603 0.06745295971632004
v 0.13741500675678253 0.03589098900556564 0.06396698206663132
v 0.1372459977865219 0.03671598061919212 0.06699799746274948
v 0.1377449929714203 0.03546195849776268 0.06409894675016403
v 0.13770900666713715 0.03563499078154564 0.06404595822095871
v 0.1377449929714203 0.036022961139678955 0.0663059875369072
v 0.1375889927148819 0.0370059609413147 0.06944698095321655
v 0.1377449929714203 0.03668098896741867 0.06949596852064133
v 0.1377449929714203 0.036333970725536346 0.06752598285675049
v 0.1375889927148819 0.0370059609413147 0.06944698095321655
v 0.1372469961643219 0.03725694864988327 0.0702439472079277
v 0.13750599324703217 0.0374409481883049 0.07348400354385376
v 0.13751600682735443 0.03745995834469795 0.0749729797244072
v 0.1377449929714203 0.03706597909331322 0.07349895685911179
v 0.13750599324703217 0.0374409481883049 0.07348400354385376
v 0.1377449929714203 0.037094950675964355 0.07498496025800705
v 0.1377449929714203 0.03706597909331322 0.07349895685911179
v 0.13751600682735443 0.03745995834469795 0.0749729797244072
v 0.046380989253520966 -0.04174298048019409 0.03340994939208031
v 0.04606293886899948 -0.04165500029921532 0.0336109884083271
v 0.020013980567455292 -0.04207795113325119 -0.011554949916899204
v 0.02103297971189022 -0.042380981147289276 0.08084797114133835
v 0.02219896949827671 -0.04297798126935959 0.07995498180389404
v 0.02290499024093151 -0.04290293902158737 0.08094698190689087
v 0.04941099137067795 -0.030238980427384377 0.031935978680849075
v 0.04937499016523361 -0.03054100088775158 0.032029978930950165
v 0.049154989421367645 -0.030529970303177834 0.0321119986474514
v -0.014291999861598015 0.025499990209937096 0.01508294977247715
v -0.013640989549458027 0.02709393948316574 0.01520793978124857
v -0.013428979553282261 0.025499990209937096 0.015202989801764488
v 0.0521959587931633 0.0009419999551028013 0.03240995854139328
v 0.05138098821043968 0.00372999906539917 0.03138798102736473
v 0.05223900079727173 0.003396986983716488 0.032536979764699936
v -0.014647959731519222 0.01164196990430355 0.03126697987318039
v -0.014732950367033482 0.012315980158746243 0.03131496161222458
v -0.014337950386106968 0.012275990098714828 0.030957989394664764
v -0.011838969774544239 -0.03073096089065075 0.031804971396923065
v -0.011292990297079086 -0.03051595948636532 0.03377300128340721
v -0.012066960334777832 -0.03055495023727417 0.03187096118927002
v 0.13725100457668304 -0.03671699017286301 0.0669969916343689
v 0.13743700087070465 -0.03588699921965599 0.0639689490199089
v 0.13752290606498718 -0.0366859994828701 0.0674469992518425
v 0.007422983180731535 0.038331981748342514 0.06395000219345093
v 0.007372974883764982 0.03811800107359886 0.06395000219345093
v 0.01194899994879961 0.03811800107359886 0.07187700271606445
v -0.014798990450799465 -0.007747948169708252 0.03208798170089722
v -0.01347993966192007 -0.013232939876616001 0.03348296135663986
v -0.013833990320563316 -0.007896958850324154 0.03354698047041893
v 0.05136096104979515 0.008583961986005306 0.031304001808166504
v 0.05138098821043968 0.00372999906539917 0.03138798102736473
v 0.051091961562633514 0.008564949035644531 0.031102949753403664
v 0.04684298858046532 -0.035606980323791504 0.029724949970841408
v 0.0478779599070549 -0.03451298922300339 0.030762970447540283
v 0.047301940619945526 -0.0356859490275383 0.029961999505758286
v 0.010277980007231236 -0.045540980994701385 -0.0019729731138795614
v 0.009723961353302002 -0.04534995183348656 -0.0056139822117984295
v 0.03269898146390915 -0.04528294876217842 0.033288948237895966
v 0.048504941165447235 -0.03304398059844971 0.0314059816300869
v 0.04894398897886276 -0.0317869707942009 0.03173995018005371
v 0.048550959676504135 -0.03329097852110863 0.0314139686524868
v 0.01507996954023838 0.01637697033584118 0.02904796041548252
v 0.04985499009490013 0.01506893988698721 0.030019989237189293
v -0.014823970384895802 0.014663989655673504 0.030413979664444923
v -0.011792950332164764 -0.03379993885755539 0.03107094019651413
v -0.011844989843666553 -0.0327720008790493 0.03164798021316528
v 0.04812699183821678 -0.03336095064878464 0.031190989539027214
v -0.011838969774544239 -0.03073096089065075 0.031804971396923065
v 0.04909700155258179 -0.030700979754328728 0.03181099146604538
v -0.011790989898145199 -0.031879961490631104 0.03171097859740257
v -0.011844989843666553 -0.0327720008790493 0.03164798021316528
v 0.04894398897886276 -0.0317869707942009 0.03173995018005371
v 0.048504941165447235 -0.03304398059844971 0.0314059816300869
v -0.011844989843666553 -0.0327720008790493 0.03164798021316528
v 0.048504941165447235 -0.03304398059844971 0.0314059816300869
v 0.04812699183821678 -0.03336095064878464 0.031190989539027214
v -0.012017959728837013 -0.032009951770305634 0.03238099068403244
v -0.011292990297079086 -0.03051595948636532 0.03377300128340721
v -0.012209950014948845 -0.030490990728139877 0.03225594013929367
v -0.010589949786663055 -0.034493979066610336 0.03386294096708298
v -0.012042989954352379 -0.03421198949217796 0.031648989766836166
v -0.010120980441570282 -0.03811800107359886 0.0336419902741909
v -0.012042989954352379 -0.03421198949217796 0.031648989766836166
v -0.012225979939103127 -0.03527693822979927 0.0309829693287611
v -0.010120980441570282 -0.03811800107359886 0.0336419902741909
v 0.04863994941115379 -0.03802895173430443 0.03352098912000656
v 0.04644399136304855 -0.03666596859693527 0.028865989297628403
v 0.04736094921827316 -0.035809990018606186 0.030052000656723976
v 0.0478779599070549 -0.03451298922300339 0.030762970447540283
v 0.04863994941115379 -0.03802895173430443 0.03352098912000656
v 0.04736094921827316 -0.035809990018606186 0.030052000656723976
v 0.04863994941115379 -0.03802895173430443 0.03352098912000656
v 0.0478779599070549 -0.03451298922300339 0.030762970447540283
v 0.0493539497256279 -0.03502397984266281 0.03343898057937622
v 0.0493539497256279 -0.03502397984266281 0.03343898057937622
v 0.0478779599070549 -0.03451298922300339 0.030762970447540283
v 0.048550959676504135 -0.03329097852110863 0.0314139686524868
v 0.04998898133635521 -0.030555959790945053 0.03362094983458519
v 0.0493539497256279 -0.03502397984266281 0.03343898057937622
v 0.048550959676504135 -0.03329097852110863 0.0314139686524868
v 0.04894398897886276 -0.0317869707942009 0.03173995018005371
v 0.04909700155258179 -0.030700979754328728 0.03181099146604538
v 0.04937499016523361 -0.03054100088775158 0.032029978930950165
v 0.0478779599070549 -0.03451298922300339 0.030762970447540283
v 0.04812699183821678 -0.03336095064878464 0.031190989539027214
v 0.048550959676504135 -0.03329097852110863 0.0314139686524868
v 0.0478779599070549 -0.03451298922300339 0.030762970447540283
v 0.04736094921827316 -0.035809990018606186 0.030052000656723976
v 0.047301940619945526 -0.0356859490275383 0.029961999505758286
v -0.011888979934155941 -0.0348929688334465 0.030361950397491455
v -0.011792950332164764 -0.03379993885755539 0.03107094019651413
v -0.011614969931542873 -0.03390299901366234 0.030957989394664764
v -0.012084960006177425 -0.031982000917196274 0.03218495100736618
v -0.012209950014948845 -0.030490990728139877 0.03225594013929367
v -0.012064989656209946 -0.03194599971175194 0.03197997063398361
v -0.011844989843666553 -0.0327720008790493 0.03164798021316528
v -0.012084960006177425 -0.031982000917196274 0.03218495100736618
v -0.012064989656209946 -0.03194599971175194 0.03197997063398361
v -0.011792950332164764 -0.03379993885755539 0.03107094019651413
v -0.012237959541380405 -0.035038940608501434 0.030668970197439194
v -0.012099980376660824 -0.0340690016746521 0.0313829705119133
v -0.011844989843666553 -0.0327720008790493 0.03164798021316528
v -0.012017959728837013 -0.032009951770305634 0.03238099068403244
v -0.012084960006177425 -0.031982000917196274 0.03218495100736618
v -0.012017959728837013 -0.032009951770305634 0.03238099068403244
v -0.011844989843666553 -0.0327720008790493 0.03164798021316528
v -0.011978980153799057 -0.03292899951338768 0.03216695040464401
v -0.012042989954352379 -0.03421198949217796 0.031648989766836166
v -0.011978980153799057 -0.03292899951338768 0.03216695040464401
v -0.012099980376660824 -0.0340690016746521 0.0313829705119133
v -0.012237959541380405 -0.035038940608501434 0.030668970197439194
v -0.012042989954352379 -0.03421198949217796 0.031648989766836166
v -0.012099980376660824 -0.0340690016746521 0.0313829705119133
v -0.012225979939103127 -0.03527693822979927 0.0309829693287611
v -0.012042989954352379 -0.03421198949217796 0.031648989766836166
v -0.012237959541380405 -0.035038940608501434 0.030668970197439194
v -0.012225979939103127 -0.03527693822979927 0.0309829693287611
v -0.012326950207352638 -0.03570299968123436 0.030087940394878387
v -0.01255899015814066 -0.03629899024963379 0.030059989541769028
v -0.015225940383970737 0.0155559703707695 0.030219970270991325
v -0.014890960417687893 0.015400939621031284 0.02983796037733555
v -0.014823970384895802 0.014663989655673504 0.030413979664444923
v 0.13752900063991547 -0.03745894879102707 0.07497096061706543
v 0.13750599324703217 -0.037432961165905 0.07347697019577026
v 0.13774999976158142 -0.03706495836377144 0.07349299639463425
v 0.04802196845412254 0.017544979229569435 0.027442989870905876
v 0.0396459586918354 0.017705969512462616 0.027433989569544792
v 0.041329968720674515 0.01794397085905075 0.026683980599045753
v 0.01820296049118042 -0.04319994896650314 -0.010509960353374481
v 0.04341994971036911 -0.04303300008177757 0.03356599062681198
v 0.013715979643166065 -0.044520970433950424 -0.007918952964246273
v 0.029431989416480064 0.023497989401221275 0.01525598019361496
v 0.030144980177283287 0.02681099995970726 0.015167949721217155
v 0.03045796975493431 0.02349996007978916 0.01508294977247715
v 0.02217697910964489 -0.04014693945646286 0.08610694855451584
v 0.024658970534801483 -0.03864495828747749 0.09057199209928513
v 0.022054970264434814 -0.04000794142484665 0.08610694855451584
v -0.011838969774544239 -0.03073096089065075 0.031804971396923065
v 0.04909700155258179 -0.030700979754328728 0.03181099146604538
v 0.049154989421367645 -0.030529970303177834 0.0321119986474514
v 0.00883495807647705 -0.04593700170516968 0.009833990596234798
v 0.008928953669965267 -0.045928001403808594 0.009762941859662533
v 0.021508989855647087 -0.046025991439819336 0.033532969653606415
v 0.03269898146390915 -0.04528294876217842 0.033288948237895966
v 0.0071639409288764 -0.046182990074157715 0.007704973220825195
v 0.008548974059522152 -0.04603796824812889 0.006626963149756193
v -0.013715979643166065 -0.044520970433950424 0.007918952964246273
v -0.008791983127593994 -0.0452839694917202 0.007973968051373959
v 0.005838990211486816 -0.04529093950986862 0.0333169586956501
v -0.004941998980939388 -0.04299097880721092 0.03363697975873947
v -0.01820296049118042 -0.04319994896650314 0.010509960353374481
v -0.013715979643166065 -0.044520970433950424 0.007918952964246273
v 0.049142949283123016 -0.03009199909865856 0.03174196928739548
v -0.011838969774544239 -0.03073096089065075 0.031804971396923065
v -0.011849990114569664 -0.030079960823059082 0.03172795847058296
v 0.003089963924139738 -0.046182990074157715 0.010056969709694386
v 0.016898980364203453 -0.04600495100021362 0.033563971519470215
v 0.006221950054168701 -0.045319970697164536 0.033447980880737305
v 0.003089963924139738 -0.046182990074157715 0.010056969709694386
v 0.006221950054168701 -0.045319970697164536 0.033447980880737305
v 0.0014519690303131938 -0.04597197845578194 0.010862939991056919
v 0.020013980567455292 -0.04207795113325119 -0.011554949916899204
v 0.04606293886899948 -0.04165500029921532 0.0336109884083271
v 0.01958495005965233 -0.04248695820569992 -0.011307950131595135
v 0.046380989253520966 -0.04174298048019409 0.03340994939208031
v 0.020752960816025734 -0.04137396067380905 -0.011981960386037827
v 0.04755394905805588 -0.04025696963071823 0.0331529900431633
v 0.02162097953259945 -0.039942968636751175 -0.012482999823987484
v 0.04364496096968651 -0.03829598054289818 0.02449296973645687
v 0.04755394905805588 -0.04025696963071823 0.0331529900431633
v 0.04364496096968651 -0.03829598054289818 0.02449296973645687
v 0.044110000133514404 -0.03825097903609276 0.025278979912400246
v 0.04755394905805588 -0.04025696963071823 0.0331529900431633
v -0.013988969847559929 -0.037905991077423096 0.026859989389777184
v -0.009079991839826107 -0.040307991206645966 0.03357100114226341
v -0.010120980441570282 -0.03811800107359886 0.0336419902741909
v -0.02162097953259945 -0.039942968636751175 0.012482999823987484
v -0.021391980350017548 -0.0403209887444973 0.012350969947874546
v -0.009079991839826107 -0.040307991206645966 0.03357100114226341
v -0.01958495005965233 -0.04248695820569992 0.011307950131595135
v -0.0062839980237185955 -0.04252098873257637 0.033668991178274155
v -0.007278977893292904 -0.04200398176908493 0.03348195180296898
v -0.01820296049118042 -0.04319994896650314 0.010509960353374481
v -0.0062839980237185955 -0.04252098873257637 0.033668991178274155
v -0.01958495005965233 -0.04248695820569992 0.011307950131595135
v -0.004941998980939388 -0.04299097880721092 0.03363697975873947
v -0.0062839980237185955 -0.04252098873257637 0.033668991178274155
v -0.01820296049118042 -0.04319994896650314 0.010509960353374481
v -0.013089950196444988 0.020659979432821274 0.032891981303691864
v -0.013749949634075165 0.03021096996963024 0.029305990785360336
v -0.01383494958281517 0.030132940039038658 0.028975959867239
v 0.05226600170135498 -0.00910496711730957 0.032914988696575165
v 0.052123960107564926 -0.01210795994848013 0.032965000718832016
v 0.05119597166776657 -0.013238959945738316 0.03168398141860962
v 0.05223900079727173 0.003396986983716488 0.032536979764699936
v 0.05138098821043968 0.00372999906539917 0.03138798102736473
v 0.05228697881102562 0.004894970916211605 0.03267496079206467
v -0.0075719947926700115 -0.0017149440245702863 0.03123294934630394
v -0.014647959731519222 0.01164196990430355 0.03126697987318039
v -0.006538987159729004 -0.0016719689592719078 0.031231990084052086
v 0.05137496814131737 -0.010820980183780193 0.03156596049666405
v 0.05119597166776657 -0.013238959945738316 0.03168398141860962
v 0.04938197135925293 -0.03012697957456112 0.031845979392528534
v -0.0024989841040223837 0.016249949112534523 0.029142970219254494
v -0.014823970384895802 0.014663989655673504 0.030413979664444923
v -0.005546987056732178 0.01667100004851818 0.028718940913677216
v 0.13737699389457703 -0.010260989889502525 0.11114200204610825
v 0.13744689524173737 -0.013726940378546715 0.10991200059652328
v 0.13768400251865387 -0.01020198967307806 0.11093199998140335
v 0.051480941474437714 0.0168719794601202 0.03268200159072876
v 0.051156990230083466 0.019861990585923195 0.03265500068664551
v 0.05128895863890648 0.01686096005141735 0.033135950565338135
v -0.015225940383970737 0.0155559703707695 0.030219970270991325
v -0.01569795049726963 0.016738949343562126 0.029237980023026466
v -0.014890960417687893 0.015400939621031284 0.02983796037733555
v -0.0144729595631361 0.013064979575574398 0.030847959220409393
v 0.04985499009490013 0.01506893988698721 0.030019989237189293
v -0.014337950386106968 0.012275990098714828 0.030957989394664764
v -0.01698100008070469 0.018526969477534294 0.026984980329871178
v -0.01671897992491722 0.018861940130591393 0.02690798044204712
v -0.016724999994039536 0.018858959898352623 0.026897959411144257
v 0.04255598038434982 -0.04498796910047531 0.08364497870206833
v 0.047200970351696014 -0.04455298185348511 0.08602297306060791
v 0.039998941123485565 -0.04416995868086815 0.08604197949171066
v -0.012817969545722008 -0.027099959552288055 0.032211948186159134
v -0.012533959932625294 -0.02706396020948887 0.03173995018005371
v -0.012119939550757408 -0.030124960467219353 0.031822968274354935
v 0.13747400045394897 -0.021640950813889503 0.10564099997282028
v 0.13749590516090393 -0.02452296018600464 0.10337000340223312
v 0.13774999976158142 -0.0214079599827528 0.10531000047922134
v 0.04879897087812424 0.017277950420975685 0.02820896916091442
v 0.047791000455617905 0.017978960648179054 0.026799969375133514
v 0.047642938792705536 0.018388979136943817 0.026270980015397072
v 0.051091961562633514 0.008564949035644531 0.031102949753403664
v -0.005974947940558195 -0.002499996917322278 0.031246960163116455
v -0.006538987159729004 -0.0016719689592719078 0.031231990084052086
v 0.05119597166776657 -0.013238959945738316 0.03168398141860962
v 0.05204397067427635 -0.013246949762105942 0.03298496827483177
v 0.05164897069334984 -0.0175319891422987 0.03349696844816208
v 0.04909700155258179 -0.030700979754328728 0.03181099146604538
v 0.04960298165678978 -0.030687980353832245 0.034036990255117416
v 0.048816971480846405 -0.030550949275493622 0.034518949687480927
v -0.011838969774544239 -0.03073096089065075 0.031804971396923065
v -0.009299992583692074 -0.030646970495581627 0.03405296057462692
v -0.011292990297079086 -0.03051595948636532 0.03377300128340721
v -0.011838969774544239 -0.03073096089065075 0.031804971396923065
v -0.008561967872083187 -0.03054296039044857 0.03429596871137619
v -0.009299992583692074 -0.030646970495581627 0.03405296057462692
v -0.011292990297079086 -0.03051595948636532 0.03377300128340721
v -0.012209950014948845 -0.030490990728139877 0.03225594013929367
v -0.012066960334777832 -0.03055495023727417 0.03187096118927002
v -0.011849990114569664 -0.030079960823059082 0.03172795847058296
v -0.011838969774544239 -0.03073096089065075 0.031804971396923065
v -0.012119939550757408 -0.030124960467219353 0.031822968274354935
v -0.011849990114569664 -0.030079960823059082 0.03172795847058296
v -0.00737494183704257 -0.003444968955591321 0.03126299008727074
v -0.006724953185766935 -0.0034639830701053143 0.03126299008727074
v 0.03816096857190132 0.017022959887981415 0.028301000595092773
v 0.04985499009490013 0.01506893988698721 0.030019989237189293
v 0.03691297024488449 0.016793960705399513 0.028681989759206772
v 0.03600800037384033 -0.03623199090361595 0.10245499759912491
v 0.03234899044036865 -0.03710496053099632 0.09910296648740768
v 0.035058971494436264 -0.03715996816754341 0.10075200349092484
v -0.014890960417687893 0.015400939621031284 0.02983796037733555
v -0.010674949735403061 0.01730399951338768 0.027767950668931007
v -0.005546987056732178 0.01667100004851818 0.028718940913677216
v -0.014823970384895802 0.014663989655673504 0.030413979664444923
v -0.0024989841040223837 0.016249949112534523 0.029142970219254494
v 0.0005999999702908099 0.016137950122356415 0.02924400009214878
v 0.04985499009490013 0.01506893988698721 0.030019989237189293
v 0.023453950881958008 0.01651597023010254 0.02893495000898838
v 0.024860970675945282 0.01653796061873436 0.028914980590343475
v 0.03964196890592575 -0.01272897981107235 0.10954300314188004
v 0.03425997123122215 -0.01698100008070469 0.1071000024676323
v 0.03971296176314354 -0.013864990323781967 0.10951700061559677
v 0.04985499009490013 0.01506893988698721 0.030019989237189293
v 0.031631939113140106 0.016649959608912468 0.028822949156165123
v 0.03583097085356712 0.016659969463944435 0.028817949816584587
v 0.049074940383434296 0.016841940581798553 0.028662970289587975
v 0.03955595940351486 0.017694950103759766 0.02747398056089878
v 0.04879897087812424 0.017277950420975685 0.02820896916091442
v 0.04986095055937767 0.01571594923734665 0.02974897064268589
v 0.03951799124479294 0.017675990238785744 0.027490969747304916
v 0.049074940383434296 0.016841940581798553 0.028662970289587975
v 0.03816096857190132 0.017022959887981415 0.028301000595092773
v 0.03893493860960007 0.017450980842113495 0.02775496058166027
v 0.03943793848156929 0.017620980739593506 0.027527980506420135
v 0.04985499009490013 0.01506893988698721 0.030019989237189293
v 0.03943793848156929 0.01762896031141281 0.027526969090104103
v 0.05009698122739792 0.015231960453093052 0.03006798028945923
v 0.050646960735321045 0.013495979830622673 0.0307919904589653
v 0.05095595121383667 0.01163994986563921 0.031089959666132927
v -0.014337950386106968 0.012275990098714828 0.030957989394664764
v 0.05095595121383667 0.01163994986563921 0.031089959666132927
v -0.014647959731519222 0.01164196990430355 0.03126697987318039
v -0.014337950386106968 0.012275990098714828 0.030957989394664764
v 0.04714297875761986 0.018168980255723 0.026128940284252167
v 0.04229997843503952 0.01826298050582409 0.02624695934355259
v 0.04376697167754173 0.018278950825333595 0.025597980245947838
v -0.012817969545722008 -0.027099959552288055 0.032211948186159134
v -0.014226970262825489 -0.013232939876616001 0.03218299150466919
v -0.014670959673821926 -0.007750988006591797 0.03156298026442528
v 0.13749200105667114 -0.03685998171567917 0.08188395947217941
v 0.13748599588871002 -0.03603196144104004 0.08542095869779587
v 0.13726100325584412 -0.03617994859814644 0.08527296036481857
v 0.02845299057662487 -0.02872299961745739 0.1023939996957779
v 0.02895396016538143 -0.029390990734100342 0.10253000259399414
v 0.02783696912229061 -0.026886990293860435 0.10246600210666656
v 0.042288001626729965 0.018592000007629395 0.10953190177679062
v 0.04202096909284592 0.016457969322800636 0.1098179966211319
v 0.042837969958782196 0.01744299940764904 0.10981500148773193
v -0.015944000333547592 0.017455989494919777 0.027628950774669647
v -0.015378950163722038 0.016538970172405243 0.02888995036482811
v -0.015963969752192497 0.01730399951338768 0.027979960665106773
v 0.0521959587931633 0.0009419999551028013 0.03240995854139328
v 0.05222295969724655 -0.002773999935016036 0.032487981021404266
v 0.05138098821043968 0.00372999906539917 0.03138798102736473
v 0.05137496814131737 -0.010820980183780193 0.03156596049666405
v 0.05222295969724655 -0.002773999935016036 0.032487981021404266
v 0.05235499143600464 -0.006404994986951351 0.03287196159362793
v 0.05137496814131737 -0.010820980183780193 0.03156596049666405
v 0.05235499143600464 -0.006404994986951351 0.03287196159362793
v 0.05226600170135498 -0.00910496711730957 0.032914988696575165
v 0.05137496814131737 -0.010820980183780193 0.03156596049666405
v 0.05226600170135498 -0.00910496711730957 0.032914988696575165
v 0.05119597166776657 -0.013238959945738316 0.03168398141860962
v 0.052123960107564926 -0.01210795994848013 0.032965000718832016
v 0.05204397067427635 -0.013246949762105942 0.03298496827483177
v 0.05119597166776657 -0.013238959945738316 0.03168398141860962
v 0.05095595121383667 0.01163994986563921 0.031089959666132927
v 0.050946950912475586 0.013219949789345264 0.031058959662914276
v 0.051480941474437714 0.0168719794601202 0.03268200159072876
v 0.05095595121383667 0.01163994986563921 0.031089959666132927
v 0.051480941474437714 0.0168719794601202 0.03268200159072876
v 0.05202198028564453 0.010596989654004574 0.032692961394786835
v 0.05095595121383667 0.01163994986563921 0.031089959666132927
v 0.05202198028564453 0.010596989654004574 0.032692961394786835
v 0.05136096104979515 0.008583961986005306 0.031304001808166504
v 0.05138098821043968 0.00372999906539917 0.03138798102736473
v 0.05136096104979515 0.008583961986005306 0.031304001808166504
v 0.052183978259563446 0.007901965640485287 0.03273998945951462
v 0.050946950912475586 0.013219949789345264 0.031058959662914276
v 0.050646960735321045 0.013495979830622673 0.0307919904589653
v 0.051480941474437714 0.0168719794601202 0.03268200159072876
v 0.050646960735321045 0.013495979830622673 0.0307919904589653
v 0.05009698122739792 0.015231960453093052 0.03006798028945923
v 0.051480941474437714 0.0168719794601202 0.03268200159072876
v 0.05009698122739792 0.015231960453093052 0.03006798028945923
v 0.04986095055937767 0.01571594923734665 0.02974897064268589
v 0.051156990230083466 0.019861990585923195 0.03265500068664551
v 0.04986095055937767 0.01571594923734665 0.02974897064268589
v 0.04930197820067406 0.01711999997496605 0.02876299060881138
v 0.051031939685344696 0.020681969821453094 0.032395001500844955
v 0.04879897087812424 0.017277950420975685 0.02820896916091442
v 0.047642938792705536 0.018388979136943817 0.026270980015397072
v 0.051031939685344696 0.020681969821453094 0.032395001500844955
v 0.04646496847271919 0.01874195970594883 0.024392960593104362
v 0.04629999026656151 0.01882999949157238 0.02412497065961361
v 0.051031939685344696 0.020681969821453094 0.032395001500844955
v 0.035992980003356934 0.024363990873098373 0.007355988025665283
v 0.04949396103620529 0.03080195002257824 0.03257298097014427
v 0.05088198184967041 0.02213299088180065 0.032644979655742645
v -0.00737494183704257 -0.003444968955591321 0.03126299008727074
v -0.007511972915381193 -0.0033879869151860476 0.03484594076871872
v -0.006724953185766935 -0.0034639830701053143 0.03126299008727074
v -0.023799950256943703 0.0248369500041008 0.013740950264036655
v -0.023578999564051628 0.02685396932065487 0.01361398957669735
v -0.02426695078611374 0.02772199921309948 0.012219959869980812
v 0.13749900460243225 -0.0263549592345953 0.04835999011993408
v 0.1374340057373047 -0.022386960685253143 0.04486595839262009
v 0.1377200037240982 -0.022225970402359962 0.0450819693505764
v -0.015378950163722038 0.016538970172405243 0.02888995036482811
v -0.016198990866541862 0.017539970576763153 0.028257960453629494
v -0.015963969752192497 0.01730399951338768 0.027979960665106773
v 0.05088198184967041 0.02213299088180065 0.032644979655742645
v 0.04949396103620529 0.03080195002257824 0.03257298097014427
v 0.050680991262197495 0.022113969549536705 0.03304499015212059
v 0.017862970009446144 -0.039698950946331024 0.08072494715452194
v 0.016929980367422104 -0.03767799958586693 0.08064395189285278
v 0.016482939943671227 -0.03780198097229004 0.07982999086380005
v 0.049142949283123016 -0.03009199909865856 0.03174196928739548
v -0.011849990114569664 -0.030079960823059082 0.03172795847058296
v -0.006724953185766935 -0.0034639830701053143 0.03126299008727074
v -0.014670959673821926 -0.007750988006591797 0.03156298026442528
v -0.014647959731519222 0.01164196990430355 0.03126697987318039
v -0.0075719947926700115 -0.0017149440245702863 0.03123294934630394
v -0.00796198844909668 -0.002736984984949231 0.03125094994902611
v -0.00737494183704257 -0.003444968955591321 0.03126299008727074
v -0.012533959932625294 -0.02706396020948887 0.03173995018005371
v -0.012533959932625294 -0.02706396020948887 0.03173995018005371
v -0.00737494183704257 -0.003444968955591321 0.03126299008727074
v -0.011849990114569664 -0.030079960823059082 0.03172795847058296
v -0.005974947940558195 -0.002499996917322278 0.031246960163116455
v 0.05108397826552391 -0.010809949599206448 0.03140496835112572
v -0.006111979018896818 -0.003012954955920577 0.03125493973493576
v 0.05108397826552391 -0.010809949599206448 0.03140496835112572
v -0.005974947940558195 -0.002499996917322278 0.031246960163116455
v 0.051091961562633514 0.008564949035644531 0.031102949753403664
v 0.048868950456380844 -0.03057098016142845 0.03389798849821091
v 0.048816971480846405 -0.030550949275493622 0.034518949687480927
v -0.011916990391910076 -0.030544990673661232 0.0322069488465786
v -0.009394942782819271 -0.030499989166855812 0.03373295068740845
v -0.011292990297079086 -0.03051595948636532 0.03377300128340721
v -0.011916990391910076 -0.030544990673661232 0.0322069488465786
v 0.048816971480846405 -0.030550949275493622 0.034518949687480927
v -0.008753955364227295 -0.030532000586390495 0.03383195027709007
v -0.011916990391910076 -0.030544990673661232 0.0322069488465786
v -0.008753955364227295 -0.030532000586390495 0.03383195027709007
v -0.009394942782819271 -0.030499989166855812 0.03373295068740845
v -0.011916990391910076 -0.030544990673661232 0.0322069488465786
v 0.05235499143600464 -0.006404994986951351 0.03287196159362793
v 0.05222295969724655 -0.002773999935016036 0.032487981021404266
v 0.052390988916158676 -0.0027559990994632244 0.032801978290081024
v 0.05222295969724655 -0.002773999935016036 0.032487981021404266
v 0.05241096019744873 -0.0007579999510198832 0.032763950526714325
v 0.052390988916158676 -0.0027559990994632244 0.032801978290081024
v 0.05222295969724655 -0.002773999935016036 0.032487981021404266
v 0.0521959587931633 0.0009419999551028013 0.03240995854139328
v 0.05241096019744873 -0.0007579999510198832 0.032763950526714325
v 0.05241096019744873 -0.0007579999510198832 0.032763950526714325
v 0.0521959587931633 0.0009419999551028013 0.03240995854139328
v 0.05238496884703636 0.0009350000182166696 0.032735999673604965
v 0.0521959587931633 0.0009419999551028013 0.03240995854139328
v 0.052407968789339066 0.0022529950365424156 0.03285098075866699
v 0.05238496884703636 0.0009350000182166696 0.032735999673604965
v 0.0521959587931633 0.0009419999551028013 0.03240995854139328
v 0.05223900079727173 0.003396986983716488 0.032536979764699936
v 0.052407968789339066 0.0022529950365424156 0.03285098075866699
v 0.052407968789339066 0.0022529950365424156 0.03285098075866699
v 0.05223900079727173 0.003396986983716488 0.032536979764699936
v 0.05233895033597946 0.0031169650610536337 0.03270094841718674
v 0.13725699484348297 -0.0170969907194376 0.10849999636411667
v 0.13749900460243225 -0.02020495943725109 0.1065950021147728
v 0.1376110017299652 -0.017015989869832993 0.10834100097417831
v -0.013089950196444988 0.020659979432821274 0.032891981303691864
v -0.01698100008070469 0.018526969477534294 0.026984980329871178
v -0.016198990866541862 0.017539970576763153 0.028257960453629494
v -0.018388979136943817 0.018731949850916862 0.02418196015059948
v -0.018482979387044907 0.020667970180511475 0.02371996082365513
v -0.024210980162024498 0.02067697048187256 0.013977999798953533
v -0.015225940383970737 0.0155559703707695 0.030219970270991325
v -0.014979950152337551 0.014713999815285206 0.03104298934340477
v -0.013089950196444988 0.020659979432821274 0.032891981303691864
v -0.013441969640552998 0.03470999002456665 0.02906595915555954
v -0.013749949634075165 0.03021096996963024 0.029305990785360336
v -0.013277940452098846 0.03391395881772041 0.029603950679302216
v -0.02302395924925804 0.03209400177001953 0.01329295989125967
v -0.022980980575084686 0.02797394059598446 0.014108000323176384
v -0.021553989499807358 0.036445971578359604 0.014257960021495819
v -0.017690949141979218 0.02924196980893612 0.022762000560760498
v -0.023193949833512306 0.026710979640483856 0.01408499013632536
v -0.018482979387044907 0.020667970180511475 0.02371996082365513
v -0.021122990176081657 0.03756098821759224 0.014716980047523975
v -0.017690949141979218 0.02924196980893612 0.022762000560760498
v -0.01722395047545433 0.029356950893998146 0.023538939654827118
v -0.01722395047545433 0.029356950893998146 0.023538939654827118
v -0.014440950006246567 0.03784697875380516 0.0257869902998209
v -0.021122990176081657 0.03756098821759224 0.014716980047523975
v -0.01479297038167715 0.0037269589956849813 0.03188794106245041
v -0.014043980278074741 0.0037269589956849813 0.03318798169493675
v -0.014647959731519222 0.01164196990430355 0.03126697987318039
v -0.014043980278074741 0.0037269589956849813 0.03318798169493675
v -0.01479297038167715 0.0037269589956849813 0.03188794106245041
v -0.013833990320563316 -0.007896958850324154 0.03354698047041893
v -0.01479297038167715 0.0037269589956849813 0.03188794106245041
v -0.014798990450799465 -0.007747948169708252 0.03208798170089722
v -0.013833990320563316 -0.007896958850324154 0.03354698047041893
v -0.01347993966192007 -0.013232939876616001 0.03348296135663986
v -0.014798990450799465 -0.007747948169708252 0.03208798170089722
v -0.014226970262825489 -0.013232939876616001 0.03218299150466919
v -0.01347993966192007 -0.013232939876616001 0.03348296135663986
v -0.014226970262825489 -0.013232939876616001 0.03218299150466919
v -0.011813989840447903 -0.02721899002790451 0.03387397155165672
v -0.014226970262825489 -0.013232939876616001 0.03218299150466919
v -0.012817969545722008 -0.027099959552288055 0.032211948186159134
v -0.011813989840447903 -0.02721899002790451 0.03387397155165672
v -0.011292990297079086 -0.03051595948636532 0.03377300128340721
v -0.012817969545722008 -0.027099959552288055 0.032211948186159134
v -0.012209950014948845 -0.030490990728139877 0.03225594013929367
v 0.029180999845266342 -0.04136794060468674 0.09032595157623291
v 0.027687959372997284 -0.040838949382305145 0.09038496017456055
v 0.02542698010802269 -0.04204297065734863 0.08610694855451584
v 0.042931970208883286 -0.02426796965301037 0.10823199898004532
v 0.04197198152542114 -0.024157999083399773 0.10812690109014511
v 0.04257398098707199 -0.025015950202941895 0.10795500129461288
v 0.04096394032239914 0.007933974266052246 0.11018399894237518
v 0.05138098821043968 0.00372999906539917 0.03138798102736473
v 0.05137496814131737 -0.010820980183780193 0.03156596049666405
v 0.051091961562633514 0.008564949035644531 0.031102949753403664
v -0.012817969545722008 -0.027099959552288055 0.032211948186159134
v -0.014670959673821926 -0.007750988006591797 0.03156298026442528
v -0.012533959932625294 -0.02706396020948887 0.03173995018005371
v 0.03583097085356712 0.022026000544428825 0.028674960136413574
v 0.0368499718606472 0.022026000544428825 0.02854095958173275
v 0.03691297024488449 0.016793960705399513 0.028681989759206772
v 0.0368499718606472 0.022026000544428825 0.02854095958173275
v 0.03794794902205467 0.017281940206885338 0.028194960206747055
v 0.03691297024488449 0.016793960705399513 0.028681989759206772
v 0.13726599514484406 -0.033674951642751694 0.09169095009565353
v 0.13739900290966034 -0.03426295146346092 0.0904499813914299
v 0.13748799264431 -0.03254394978284836 0.09365296363830566
v 0.13370099663734436 -0.00019999999494757503 0.03599094972014427
v 0.13307300209999084 -0.001157999038696289 0.03591698035597801
v 0.13333900272846222 -0.00019999999494757503 0.03590095043182373
v -0.011838969774544239 -0.03073096089065075 0.031804971396923065
v 0.049154989421367645 -0.030529970303177834 0.0321119986474514
v -0.011916990391910076 -0.030544990673661232 0.0322069488465786
v 0.04590100049972534 0.018492989242076874 0.02417795918881893
v 0.04646496847271919 0.01874195970594883 0.024392960593104362
v 0.047642938792705536 0.018388979136943817 0.026270980015397072
v 0.045175958424806595 -0.0461459681391716 0.07492297142744064
v 0.03846395015716553 -0.04597795009613037 0.0748940110206604
v 0.035647980868816376 -0.04613000154495239 0.06892496347427368
v 0.051480941474437714 0.0168719794601202 0.03268200159072876
v 0.051916949450969696 0.010646989569067955 0.03328394144773483
v 0.05202198028564453 0.010596989654004574 0.032692961394786835
v 0.051156990230083466 0.019861990585923195 0.03265500068664551
v 0.05088198184967041 0.02213299088180065 0.032644979655742645
v 0.05085200071334839 0.019834989681839943 0.03311793878674507
v 0.04949396103620529 0.03080195002257824 0.03257298097014427
v 0.049254000186920166 0.029788969084620476 0.03298395127058029
v 0.050680991262197495 0.022113969549536705 0.03304499015212059
v 0.052183978259563446 0.007901965640485287 0.03273998945951462
v 0.05237400159239769 0.004561960231512785 0.033390991389751434
v 0.05235296115279198 0.004901945125311613 0.0329129584133625
v 0.052390988916158676 -0.0027559990994632244 0.032801978290081024
v 0.05241096019744873 -0.0007579999510198832 0.032763950526714325
v 0.05283695086836815 -0.0003889999643433839 0.033540960401296616
v 0.05228697881102562 0.004894970916211605 0.03267496079206467
v 0.052393969148397446 -0.006399989128112793 0.03322993963956833
v 0.052390988916158676 -0.0027559990994632244 0.032801978290081024
v 0.05283695086836815 -0.0003889999643433839 0.033540960401296616
v 0.1375190019607544 -0.03495597094297409 0.061539940536022186
v 0.13774999976158142 -0.03478794917464256 0.06210695952177048
v 0.13771399855613708 -0.03563499078154564 0.06404595822095871
v 0.13774999976158142 -0.034593988209962845 0.06168096885085106
v 0.1375190019607544 -0.03495597094297409 0.061539940536022186
v 0.13774999976158142 -0.03257197141647339 0.05723898857831955
v 0.025777989998459816 -0.04559396952390671 0.06395000219345093
v 0.026600949466228485 -0.04566299170255661 0.06395000219345093
v 0.028584949672222137 -0.04558097943663597 0.0689150020480156
v 0.13734999299049377 -0.008044958114624023 0.03828895092010498
v 0.13749699294567108 -0.002795994048938155 0.03762400150299072
v 0.1376660019159317 -0.007995963096618652 0.038510970771312714
v -0.012209950014948845 -0.030490990728139877 0.03225594013929367
v -0.012817969545722008 -0.027099959552288055 0.032211948186159134
v -0.012119939550757408 -0.030124960467219353 0.031822968274354935
v -0.01479297038167715 0.0037269589956849813 0.03188794106245041
v -0.014647959731519222 0.01164196990430355 0.03126697987318039
v -0.014670959673821926 -0.007750988006591797 0.03156298026442528
v -0.014798990450799465 -0.007747948169708252 0.03208798170089722
v -0.01479297038167715 0.0037269589956849813 0.03188794106245041
v -0.014670959673821926 -0.007750988006591797 0.03156298026442528
v -0.014732950367033482 0.012315980158746243 0.03131496161222458
v -0.0144729595631361 0.013064979575574398 0.030847959220409393
v -0.014337950386106968 0.012275990098714828 0.030957989394664764
v -0.014732950367033482 0.012315980158746243 0.03131496161222458
v -0.014806980267167091 0.013138939626514912 0.031259000301361084
v -0.0144729595631361 0.013064979575574398 0.030847959220409393
v -0.014806980267167091 0.013138939626514912 0.031259000301361084
v -0.014979950152337551 0.014713999815285206 0.03104298934340477
v -0.014823970384895802 0.014663989655673504 0.030413979664444923
v -0.014979950152337551 0.014713999815285206 0.03104298934340477
v -0.015225940383970737 0.0155559703707695 0.030219970270991325
v -0.014823970384895802 0.014663989655673504 0.030413979664444923
v -0.01670295000076294 0.018041960895061493 0.026644999161362648
v -0.015944000333547592 0.017455989494919777 0.027628950774669647
v -0.015963969752192497 0.01730399951338768 0.027979960665106773
v -0.016198990866541862 0.017539970576763153 0.028257960453629494
v -0.01698100008070469 0.018526969477534294 0.026984980329871178
v -0.016970990225672722 0.018278000876307487 0.02688198909163475
v -0.01670295000076294 0.018041960895061493 0.026644999161362648
v -0.016198990866541862 0.017539970576763153 0.028257960453629494
v -0.016970990225672722 0.018278000876307487 0.02688198909163475
v 0.05137496814131737 -0.010820980183780193 0.03156596049666405
v 0.05108397826552391 -0.010809949599206448 0.03140496835112572
v 0.051091961562633514 0.008564949035644531 0.031102949753403664
v 0.05095595121383667 0.01163994986563921 0.031089959666132927
v 0.05136096104979515 0.008583961986005306 0.031304001808166504
v 0.051091961562633514 0.008564949035644531 0.031102949753403664
v 0.049142949283123016 -0.03009199909865856 0.03174196928739548
v 0.05137496814131737 -0.010820980183780193 0.03156596049666405
v 0.04938197135925293 -0.03012697957456112 0.031845979392528534
v 0.05119597166776657 -0.013238959945738316 0.03168398141860962
v 0.04941099137067795 -0.030238980427384377 0.031935978680849075
v 0.04938197135925293 -0.03012697957456112 0.031845979392528534
v 0.04714297875761986 0.018168980255723 0.026128940284252167
v 0.04590100049972534 0.018492989242076874 0.02417795918881893
v 0.047642938792705536 0.018388979136943817 0.026270980015397072
v 0.047791000455617905 0.017978960648179054 0.026799969375133514
v 0.04714297875761986 0.018168980255723 0.026128940284252167
v 0.047642938792705536 0.018388979136943817 0.026270980015397072
v 0.05095595121383667 0.01163994986563921 0.031089959666132927
v 0.050646960735321045 0.013495979830622673 0.0307919904589653
v 0.050946950912475586 0.013219949789345264 0.031058959662914276
v 0.04986095055937767 0.01571594923734665 0.02974897064268589
v 0.049074940383434296 0.016841940581798553 0.028662970289587975
v 0.04930197820067406 0.01711999997496605 0.02876299060881138
v 0.049074940383434296 0.016841940581798553 0.028662970289587975
v 0.04879897087812424 0.017277950420975685 0.02820896916091442
v 0.04930197820067406 0.01711999997496605 0.02876299060881138
v 0.050646960735321045 0.013495979830622673 0.0307919904589653
v 0.04985499009490013 0.01506893988698721 0.030019989237189293
v 0.05009698122739792 0.015231960453093052 0.03006798028945923
v 0.1375139057636261 -0.03272198885679245 0.0567549392580986
v 0.13774999976158142 -0.03238397091627121 0.05694596841931343
v 0.13774999976158142 -0.03257197141647339 0.05723898857831955
v 0.04941099137067795 -0.030238980427384377 0.031935978680849075
v 0.04909700155258179 -0.030700979754328728 0.03181099146604538
v 0.04938197135925293 -0.03012697957456112 0.031845979392528534
v 0.0316929817199707 -0.04123497009277344 0.09179996699094772
v 0.035770948976278305 -0.042339980602264404 0.0901859924197197
v 0.03379594907164574 -0.041495971381664276 0.09180498123168945
v 0.030992979183793068 0.02349996007978916 0.01433700043708086
v 0.030864950269460678 0.026804979890584946 0.014734979718923569
v 0.030990950763225555 0.026799969375133514 0.014343970455229282
v 0.04909700155258179 -0.030700979754328728 0.03181099146604538
v 0.049142949283123016 -0.03009199909865856 0.03174196928739548
v 0.04938197135925293 -0.03012697957456112 0.031845979392528534
v 0.041698988527059555 -0.04285097122192383 0.0901859924197197
v 0.053419940173625946 -0.043227970600128174 0.0901859924197197
v 0.04317998141050339 -0.042086951434612274 0.09226500242948532
v 0.13774900138378143 -0.02995097078382969 0.09689997881650925
v 0.1375039964914322 -0.03056894987821579 0.09673798084259033
v 0.13774900138378143 -0.03024500049650669 0.09650695323944092
v -0.013041970320045948 0.02549695037305355 0.01508294977247715
v -0.012974970042705536 0.027074990794062614 0.015055949799716473
v -0.012652990408241749 0.02706599049270153 0.014630969613790512
v 0.07835596054792404 -0.04553699120879173 0.08129996061325073
v 0.07226096838712692 -0.04513698071241379 0.08391696214675903
v 0.07216297835111618 -0.045589979737997055 0.08127397298812866
v 0.01548600010573864 -0.043175991624593735 0.06883399933576584
v 0.011597990058362484 -0.042858000844717026 0.06395000219345093
v 0.012645949609577656 -0.04319994896650314 0.06395000219345093
v 0.03031097911298275 -0.04159998148679733 0.09027498215436935
v 0.029180999845266342 -0.04136794060468674 0.09032595157623291
v 0.026757949963212013 -0.04238998144865036 0.08610694855451584
v 0.041439950466156006 -0.027129940688610077 0.10711690038442612
v 0.03952198848128319 -0.02608400024473667 0.10711400210857391
v 0.03691500052809715 -0.03409295901656151 0.1036669984459877
v -0.011292990297079086 -0.03051595948636532 0.03377300128340721
v -0.012209950014948845 -0.030490990728139877 0.03225594013929367
v -0.011916990391910076 -0.030544990673661232 0.0322069488465786
v -0.012066960334777832 -0.03055495023727417 0.03187096118927002
v -0.012209950014948845 -0.030490990728139877 0.03225594013929367
v -0.012119939550757408 -0.030124960467219353 0.031822968274354935
v -0.012209950014948845 -0.030490990728139877 0.03225594013929367
v -0.012066960334777832 -0.03055495023727417 0.03187096118927002
v -0.011916990391910076 -0.030544990673661232 0.0322069488465786
v -0.011838969774544239 -0.03073096089065075 0.031804971396923065
v -0.012066960334777832 -0.03055495023727417 0.03187096118927002
v -0.012119939550757408 -0.030124960467219353 0.031822968274354935
v 0.04909700155258179 -0.030700979754328728 0.03181099146604538
v -0.011838969774544239 -0.03073096089065075 0.031804971396923065
v 0.049142949283123016 -0.03009199909865856 0.03174196928739548
v 0.035647980868816376 -0.04613000154495239 0.06892496347427368
v 0.04937499016523361 -0.03054100088775158 0.032029978930950165
v 0.04998898133635521 -0.030555959790945053 0.03362094983458519
v 0.049154989421367645 -0.030529970303177834 0.0321119986474514
v 0.04998898133635521 -0.030555959790945053 0.03362094983458519
v 0.04937499016523361 -0.03054100088775158 0.032029978930950165
v 0.04941099137067795 -0.030238980427384377 0.031935978680849075
v 0.03816096857190132 0.017022959887981415 0.028301000595092773
v 0.03794794902205467 0.017281940206885338 0.028194960206747055
v 0.03861600160598755 0.017383990809321404 0.02785700000822544
v 0.03794794902205467 0.017281940206885338 0.028194960206747055
v 0.03816096857190132 0.017022959887981415 0.028301000595092773
v 0.03691297024488449 0.016793960705399513 0.028681989759206772
v 0.033880941569805145 -0.03489195927977562 0.10253000259399414
v 0.029668979346752167 -0.037041958421468735 0.09708499163389206
v 0.032269950956106186 -0.037102989852428436 0.09904395788908005
v 0.045175958424806595 -0.0461459681391716 0.07492297142744064
v 0.035647980868816376 -0.04613000154495239 0.06892496347427368
v 0.042766980826854706 -0.04621696099638939 0.06892894953489304
v 0.023413000628352165 -0.03712797164916992 0.09058499336242676
v 0.025667959824204445 -0.03522998094558716 0.09477496147155762
v 0.022458970546722412 -0.03555595129728317 0.09047800302505493
v 0.13739900290966034 -0.03426295146346092 0.0904499813914299
v 0.1372630000114441 -0.035628970712423325 0.0870809480547905
v 0.13760699331760406 -0.035463981330394745 0.0870249792933464
v -0.0076079959981143475 -0.0017289509996771812 0.034814950078725815
v -0.00796198844909668 -0.002736984984949231 0.03125094994902611
v -0.0075719947926700115 -0.0017149440245702863 0.03123294934630394
v 0.03952198848128319 -0.02608400024473667 0.10711400210857391
v 0.03477298840880394 -0.03283398970961571 0.10366600006818771
v 0.03521298989653587 -0.0330919586122036 0.10366600006818771
v 0.030808979645371437 0.023413950577378273 0.013297970406711102
v 0.030847959220409393 0.02678799070417881 0.013326999731361866
v 0.03067898005247116 0.02678596042096615 0.013156949542462826
v 0.1375139057636261 -0.03272198885679245 0.0567549392580986
v 0.1375139057636261 -0.029830990359187126 0.05233597010374069
v 0.13774999976158142 -0.029604969546198845 0.05265295132994652
v -0.012514940463006496 0.025499990209937096 0.013578950427472591
v -0.012477990239858627 0.027062950655817986 0.01374697033315897
v -0.01249598991125822 0.027062950655817986 0.013513980433344841
v -0.013041970320045948 0.025499990209937096 0.012916980311274529
v -0.013478989712893963 0.027089949697256088 0.012705979868769646
v -0.013666979968547821 0.025499990209937096 0.012749959714710712
v -0.013666979968547821 0.025499990209937096 0.012749959714710712
v -0.013478989712893963 0.027089949697256088 0.012705979868769646
v -0.013666979968547821 0.02709496021270752 0.012709969654679298
v -0.013666979968547821 0.025499990209937096 0.012749959714710712
v -0.01414996013045311 0.027107950299978256 0.012838950380682945
v -0.014291999861598015 0.025499990209937096 0.012916980311274529
v -0.014291999861598015 0.025499990209937096 0.012916980311274529
v -0.01472495961934328 0.027122970670461655 0.013156949542462826
v -0.014750000089406967 0.025499990209937096 0.013374979607760906
v -0.014750000089406967 0.025499990209937096 0.013374979607760906
v -0.014858960174024105 0.027125950902700424 0.014042969793081284
v -0.014844950288534164 0.025499990209937096 0.014267980121076107
v -0.014844950288534164 0.025499990209937096 0.014267980121076107
v -0.014858960174024105 0.027125950902700424 0.014042969793081284
v -0.014853949658572674 0.027124999091029167 0.014320960268378258
v -0.014844950288534164 0.025499990209937096 0.014267980121076107
v -0.014768949709832668 0.027122970670461655 0.014446970075368881
v -0.01442794967442751 0.027114979922771454 0.014948960393667221
v -0.014291999861598015 0.025499990209937096 0.01508294977247715
v -0.01442794967442751 0.027114979922771454 0.014948960393667221
v -0.01431095041334629 0.027112960815429688 0.015114960260689259
v -0.012566979974508286 0.025484969839453697 0.014457999728620052
v -0.012477990239858627 0.027062950655817986 0.01374697033315897
v -0.012514940463006496 0.025499990209937096 0.013578950427472591
v 0.030808979645371437 0.023413950577378273 0.013297970406711102
v 0.030442949384450912 0.026784000918269157 0.012912980280816555
v 0.030432989820837975 0.02323799952864647 0.012910960242152214
v 0.029529979452490807 0.022762000560760498 0.012806950137019157
v 0.029126999899744987 0.02678799070417881 0.013082980178296566
v 0.02885800041258335 0.0226779505610466 0.013257980346679688
v 0.030992979183793068 0.02349996007978916 0.01433700043708086
v 0.030874960124492645 0.026791980490088463 0.013691959902644157
v 0.030808979645371437 0.023413950577378273 0.013297970406711102
v -0.00796198844909668 -0.002736984984949231 0.03125094994902611
v -0.007511972915381193 -0.0033879869151860476 0.03484594076871872
v -0.00737494183704257 -0.003444968955591321 0.03126299008727074
v -0.007955968379974365 -0.0026439419016242027 0.03482495993375778
v -0.007511972915381193 -0.0033879869151860476 0.03484594076871872
v -0.00796198844909668 -0.002736984984949231 0.03125094994902611
v -0.007511972915381193 -0.0033879869151860476 0.03484594076871872
v -0.006613968871533871 -0.0033989539369940758 0.0348619781434536
v -0.006724953185766935 -0.0034639830701053143 0.03126299008727074
v -0.006613968871533871 -0.0033989539369940758 0.0348619781434536
v -0.006111979018896818 -0.003012954955920577 0.03125493973493576
v -0.006724953185766935 -0.0034639830701053143 0.03126299008727074
v -0.006613968871533871 -0.0033989539369940758 0.0348619781434536
v -0.006111979018896818 -0.003012954955920577 0.03486394137144089
v -0.006111979018896818 -0.003012954955920577 0.03125493973493576
v -0.006111979018896818 -0.003012954955920577 0.03486394137144089
v -0.005994975101202726 -0.0026519889943301678 0.034859951585531235
v -0.006111979018896818 -0.003012954955920577 0.03125493973493576
v -0.005974947940558195 -0.002499996917322278 0.031246960163116455
v -0.006509959232062101 -0.001701951026916504 0.034833960235118866
v -0.006538987159729004 -0.0016719689592719078 0.031231990084052086
v -0.006509959232062101 -0.001701951026916504 0.034833960235118866
v -0.0075719947926700115 -0.0017149440245702863 0.03123294934630394
v -0.006538987159729004 -0.0016719689592719078 0.031231990084052086
v 0.13744689524173737 -0.013726940378546715 0.10991200059652328
v 0.13725699484348297 -0.0170969907194376 0.10849999636411667
v 0.1376110017299652 -0.017015989869832993 0.10834100097417831
v 0.02495395950973034 -0.04268598183989525 0.08382599800825119
v 0.026757949963212013 -0.04238998144865036 0.08610694855451584
v 0.02542698010802269 -0.04204297065734863 0.08610694855451584
v 0.02219896949827671 -0.04297798126935959 0.07995498180389404
v 0.02103297971189022 -0.042380981147289276 0.08084797114133835
v 0.01932400092482567 -0.04312795028090477 0.07538598030805588
v 0.017596960067749023 -0.04259299859404564 0.07526201009750366
v 0.01548600010573864 -0.043175991624593735 0.06883399933576584
v 0.019020970910787582 -0.04314297065138817 0.07490599155426025
v 0.008014976046979427 -0.039815958589315414 0.06395000219345093
v 0.014702970162034035 -0.04014796018600464 0.07511799782514572
v 0.013876969926059246 -0.03834794834256172 0.07511097192764282
v 0.02103297971189022 -0.042380981147289276 0.08084797114133835
v 0.024553950875997543 -0.041680991649627686 0.08610694855451584
v 0.02360397018492222 -0.04122895002365112 0.08610600233078003
v 0.017862970009446144 -0.039698950946331024 0.08072494715452194
v 0.019247939810156822 -0.041269950568675995 0.08076094835996628
v 0.01934896968305111 -0.03912394866347313 0.08350598067045212
v 0.017596960067749023 -0.04259299859404564 0.07526201009750366
v 0.017596960067749023 -0.04259299859404564 0.07526201009750366
v 0.019020970910787582 -0.04314297065138817 0.07490599155426025
v 0.01932400092482567 -0.04312795028090477 0.07538598030805588
v 0.026124000549316406 -0.03992294892668724 0.09048496931791306
v 0.023277990520000458 -0.04098194092512131 0.08610600233078003
v 0.02360397018492222 -0.04122895002365112 0.08610600233078003
v 0.13334199786186218 -0.00019999999494757503 0.11409900337457657
v 0.11149699985980988 -0.00019999999494757503 0.11409900337457657
v 0.11201000213623047 -0.0014799829805269837 0.11406990140676498
v 0.13774999976158142 -0.010133979842066765 0.11069100350141525
v 0.13774999976158142 -0.009604989551007748 0.110835000872612
v 0.13768400251865387 -0.01020198967307806 0.11093199998140335
v 0.13307300209999084 -0.001157999038696289 0.03591698035597801
v 0.13370099663734436 -0.00019999999494757503 0.03599094972014427
v 0.13356000185012817 -0.001376986037939787 0.036101989448070526
v 0.07987897843122482 -0.03285098075866699 0.10486199706792831
v 0.07599996775388718 -0.032801978290081024 0.10502400249242783
v 0.07900898903608322 -0.035658951848745346 0.10338900238275528
v 0.07599996775388718 -0.03155297040939331 0.10564800351858139
v 0.07599996775388718 -0.032801978290081024 0.10502400249242783
v 0.07987897843122482 -0.03285098075866699 0.10486199706792831
v 0.07599996775388718 -0.03155297040939331 0.10564800351858139
v 0.07987897843122482 -0.03285098075866699 0.10486199706792831
v 0.07986997812986374 -0.028430990874767303 0.10689599812030792
v 0.047200970351696014 -0.04455298185348511 0.08602297306060791
v 0.04255598038434982 -0.04498796910047531 0.08364497870206833
v 0.048562999814748764 -0.04518495872616768 0.08366197347640991
v 0.08007597178220749 -0.03772896155714989 0.10170499980449677
v 0.08062999695539474 -0.037922970950603485 0.10121700167655945
v 0.08231096714735031 -0.03757195919752121 0.10157600045204163
v 0.08231096714735031 -0.03757195919752121 0.10157600045204163
v 0.08062999695539474 -0.037922970950603485 0.10121700167655945
v 0.08169800043106079 -0.03823297843337059 0.10038000345230103
v 0.0795089602470398 -0.042361970990896225 0.09203194826841354
v 0.07912694662809372 -0.042427949607372284 0.09193295240402222
v 0.08218497037887573 -0.04307800158858299 0.08963900059461594
v 0.07599496096372604 -0.0445549413561821 0.08622795343399048
v 0.07839798182249069 -0.044502969831228256 0.08617997169494629
v 0.07599496096372604 -0.043275948613882065 0.09002596139907837
v 0.08543895930051804 -0.041176971048116684 0.0930820107460022
v 0.08278297632932663 -0.0406949482858181 0.09502696245908737
v 0.08198297023773193 -0.04138195142149925 0.09372495859861374
v 0.07905297726392746 -0.04448895901441574 0.08616697043180466
v 0.07839798182249069 -0.044502969831228256 0.08617997169494629
v 0.07835596054792404 -0.04553699120879173 0.08129996061325073
v 0.08500295132398605 -0.04469894990324974 0.06395094841718674
v 0.08618897199630737 -0.044547971338033676 0.06395094841718674
v 0.08480995148420334 -0.045374978333711624 0.06878697127103806
v 0.01414399966597557 -0.043567951768636703 0.06395000219345093
v 0.01548600010573864 -0.043175991624593735 0.06883399933576584
v 0.012645949609577656 -0.04319994896650314 0.06395000219345093
v 0.02506195940077305 -0.0444369912147522 0.07492697238922119
v 0.02219896949827671 -0.04297798126935959 0.07995498180389404
v 0.01932400092482567 -0.04312795028090477 0.07538598030805588
v 0.019020970910787582 -0.04314297065138817 0.07490599155426025
v 0.02506195940077305 -0.0444369912147522 0.07492697238922119
v 0.01932400092482567 -0.04312795028090477 0.07538598030805588
v 0.047200970351696014 -0.04455298185348511 0.08602297306060791
v 0.048562999814748764 -0.04518495872616768 0.08366197347640991
v 0.04918700084090233 -0.04456495866179466 0.08602595329284668
v 0.07599496096372604 -0.0445549413561821 0.08622795343399048
v 0.07230298966169357 -0.044565968215465546 0.08618997782468796
v 0.07226096838712692 -0.04513698071241379 0.08391696214675903
v 0.048562999814748764 -0.04518495872616768 0.08366197347640991
v 0.04767495021224022 -0.04565196856856346 0.08096498250961304
v 0.04142795875668526 -0.04545997828245163 0.08093100041151047
v 0.03846395015716553 -0.04597795009613037 0.0748940110206604
v 0.04767495021224022 -0.04565196856856346 0.08096498250961304
v 0.035647980868816376 -0.04613000154495239 0.06892496347427368
v 0.028584949672222137 -0.04558097943663597 0.0689150020480156
v 0.03158199042081833 -0.046076949685811996 0.06395000219345093
v 0.03846395015716553 -0.04597795009613037 0.0748940110206604
v 0.045175958424806595 -0.0461459681391716 0.07492297142744064
v 0.04767495021224022 -0.04565196856856346 0.08096498250961304
v 0.07599496096372604 -0.0445549413561821 0.08622795343399048
v 0.07599496096372604 -0.043275948613882065 0.09002596139907837
v 0.07230298966169357 -0.044565968215465546 0.08618997782468796
v 0.047200970351696014 -0.04455298185348511 0.08602297306060791
v 0.04918700084090233 -0.04456495866179466 0.08602595329284668
v 0.053419940173625946 -0.043227970600128174 0.0901859924197197
v 0.039998941123485565 -0.04416995868086815 0.08604197949171066
v 0.047200970351696014 -0.04455298185348511 0.08602297306060791
v 0.041698988527059555 -0.04285097122192383 0.0901859924197197
v 0.044712960720062256 -0.041252970695495605 0.09431599825620651
v 0.053419940173625946 -0.043227970600128174 0.0901859924197197
v 0.055462948977947235 -0.041465990245342255 0.09431599825620651
v 0.053419940173625946 -0.043227970600128174 0.0901859924197197
v 0.044712960720062256 -0.041252970695495605 0.09431599825620651
v 0.04317998141050339 -0.042086951434612274 0.09226500242948532
v 0.03932499140501022 -0.006200969219207764 0.10966499894857407
v 0.038795940577983856 -0.00019999999494757503 0.10959400236606598
v 0.034675948321819305 -0.00019999999494757503 0.10790199786424637
v 0.03964196890592575 -0.01272897981107235 0.10954300314188004
v 0.03334200009703636 -0.00844794511795044 0.10709299892187119
v 0.03425997123122215 -0.01698100008070469 0.1071000024676323
v 0.03782600164413452 -0.024706000462174416 0.10711099952459335
v 0.03641295060515404 -0.023042969405651093 0.10710790008306503
v 0.03140097111463547 -0.029424959793686867 0.10367099940776825
v 0.03641295060515404 -0.023042969405651093 0.10710790008306503
v 0.030361950397491455 -0.02776199020445347 0.10367599874734879
v 0.03140097111463547 -0.029424959793686867 0.10367099940776825
v 0.028696950525045395 -0.02162395976483822 0.10369200259447098
v 0.03425997123122215 -0.01698100008070469 0.1071000024676323
v 0.028120990842580795 -0.01663094013929367 0.10369399935007095
v 0.011597990058362484 -0.042858000844717026 0.06395000219345093
v -0.004055975936353207 -0.043200958520174026 0.035018980503082275
v 0.012645949609577656 -0.04319994896650314 0.06395000219345093
v 0.029668979346752167 -0.037041958421468735 0.09708499163389206
v 0.031992968171834946 -0.03342396020889282 0.1025099977850914
v 0.027628950774669647 -0.03698693960905075 0.09526801109313965
v 0.03234899044036865 -0.03710496053099632 0.09910296648740768
v 0.03600800037384033 -0.03623199090361595 0.10245499759912491
v 0.0348549410700798 -0.035654958337545395 0.10240499675273895
v 0.025667959824204445 -0.03522998094558716 0.09477496147155762
v 0.027628950774669647 -0.03698693960905075 0.09526801109313965
v 0.030046990141272545 -0.03148198127746582 0.10241399705410004
v 0.027628950774669647 -0.03698693960905075 0.09526801109313965
v 0.031992968171834946 -0.03342396020889282 0.1025099977850914
v 0.030046990141272545 -0.03148198127746582 0.10241399705410004
v 0.027687959372997284 -0.040838949382305145 0.09038496017456055
v 0.030020950362086296 -0.04087299108505249 0.0918799564242363
v 0.02891295962035656 -0.04036998003721237 0.09193199127912521
v 0.027687959372997284 -0.040838949382305145 0.09038496017456055
v 0.02742600068449974 -0.03961699828505516 0.09199898689985275
v 0.026124000549316406 -0.03992294892668724 0.09048496931791306
v 0.025556979700922966 -0.03810197114944458 0.09206198900938034
v 0.024658970534801483 -0.03864495828747749 0.09057199209928513
v 0.025646980851888657 -0.03820794075727463 0.09205996245145798
v 0.026757949963212013 -0.04238998144865036 0.08610694855451584
v 0.029180999845266342 -0.04136794060468674 0.09032595157623291
v 0.02542698010802269 -0.04204297065734863 0.08610694855451584
v 0.030020950362086296 -0.04087299108505249 0.0918799564242363
v 0.027687959372997284 -0.040838949382305145 0.09038496017456055
v 0.029180999845266342 -0.04136794060468674 0.09032595157623291
v 0.027687959372997284 -0.040838949382305145 0.09038496017456055
v 0.024553950875997543 -0.041680991649627686 0.08610694855451584
v 0.02542698010802269 -0.04204297065734863 0.08610694855451584
v 0.02136193960905075 -0.036689989268779755 0.0882369801402092
v 0.01969200000166893 -0.035763971507549286 0.08610694855451584
v 0.020270999521017075 -0.03751599043607712 0.08610694855451584
v 0.02451395057141781 -0.03326797112822533 0.09466295689344406
v 0.023763950914144516 -0.03150295838713646 0.09443700313568115
v 0.022458970546722412 -0.03555595129728317 0.09047800302505493
v 0.037656959146261215 -0.03687797859311104 0.10237500071525574
v 0.036697980016469955 -0.037288960069417953 0.10129699856042862
v 0.03734796866774559 -0.037367988377809525 0.1014460027217865
v 0.025667959824204445 -0.03522998094558716 0.09477496147155762
v 0.02451395057141781 -0.03326797112822533 0.09466295689344406
v 0.022458970546722412 -0.03555595129728317 0.09047800302505493
v 0.02579497918486595 -0.007430970203131437 0.1023498997092247
v 0.0264129601418972 -0.01487897988408804 0.1025099977850914
v 0.02587996982038021 -0.005165994167327881 0.10250400006771088
v 0.04091399163007736 -0.03741097077727318 0.10244999825954437
v 0.03843497857451439 -0.03692895174026489 0.10251600295305252
v 0.04019099101424217 -0.037422001361846924 0.10232999920845032
v 0.03600800037384033 -0.03623199090361595 0.10245499759912491
v 0.037656959146261215 -0.03687797859311104 0.10237500071525574
v 0.03843497857451439 -0.03692895174026489 0.10251600295305252
v 0.030046990141272545 -0.03148198127746582 0.10241399705410004
v 0.031992968171834946 -0.03342396020889282 0.1025099977850914
v 0.03031598962843418 -0.03145796060562134 0.10256090015172958
v 0.02895396016538143 -0.029390990734100342 0.10253000259399414
v 0.030046990141272545 -0.03148198127746582 0.10241399705410004
v 0.03031598962843418 -0.03145796060562134 0.10256090015172958
v 0.05434196814894676 -0.037431951612234116 0.10246499627828598
v 0.05994296073913574 -0.03757195919752121 0.1023159995675087
v 0.0667339488863945 -0.037446968257427216 0.10244999825954437
v 0.13774999976158142 -0.035580988973379135 0.08552300184965134
v 0.13749200105667114 -0.03685998171567917 0.08188395947217941
v 0.13774999976158142 -0.036521971225738525 0.08146697282791138
v 0.13748599588871002 -0.03603196144104004 0.08542095869779587
v 0.13749200105667114 -0.03685998171567917 0.08188395947217941
v 0.13774999976158142 -0.035580988973379135 0.08552300184965134
v 0.1372630000114441 -0.035628970712423325 0.0870809480547905
v 0.13748599588871002 -0.03603196144104004 0.08542095869779587
v 0.13760699331760406 -0.035463981330394745 0.0870249792933464
v 0.13749399781227112 -0.02972698025405407 0.09782295674085617
v 0.13738900423049927 -0.02959894947707653 0.09816896170377731
v 0.1375039964914322 -0.03056894987821579 0.09673798084259033
v 0.13774999976158142 -0.024483969435095787 0.10286799818277359
v 0.13749590516090393 -0.02452296018600464 0.10337000340223312
v 0.13774900138378143 -0.026912979781627655 0.10054700076580048
v 0.13774999976158142 -0.01999199017882347 0.1062610000371933
v 0.13774999976158142 -0.016950959339737892 0.10800100117921829
v 0.1376110017299652 -0.017015989869832993 0.10834100097417831
v 0.13725699484348297 -0.0170969907194376 0.10849999636411667
v 0.13725900650024414 -0.019932979717850685 0.10687900334596634
v 0.13749900460243225 -0.02020495943725109 0.1065950021147728
v 0.13747699558734894 -0.0022229549940675497 0.1124270036816597
v 0.13774999976158142 -0.0055019850842654705 0.11167699843645096
v 0.13774999976158142 -0.002199946902692318 0.11203499883413315
v 0.13748799264431 -0.03254394978284836 0.09365296363830566
v 0.13739900290966034 -0.03426295146346092 0.0904499813914299
v 0.1376899927854538 -0.034060001373291016 0.0903579518198967
v 0.13752500712871552 -0.037423960864543915 0.07662200182676315
v 0.13774999976158142 -0.03705596178770065 0.07667601108551025
v 0.13774999976158142 -0.03703296184539795 0.07717400044202805
v 0.13749699294567108 -0.002795994048938155 0.03762400150299072
v 0.13734999299049377 -0.008044958114624023 0.03828895092010498
v 0.13725000619888306 -0.005051970016211271 0.037832971662282944
v 0.13725000619888306 -0.012407000176608562 0.03955494984984398
v 0.13734999299049377 -0.008044958114624023 0.03828895092010498
v 0.13740700483322144 -0.013114980421960354 0.03981798142194748
v 0.1375190019607544 -0.03495597094297409 0.061539940536022186
v 0.13725000619888306 -0.03412497043609619 0.05943197011947632
v 0.1375139057636261 -0.03272198885679245 0.0567549392580986
v 0.13743700087070465 -0.03588699921965599 0.0639689490199089
v 0.1375190019607544 -0.03495597094297409 0.061539940536022186
v 0.13771399855613708 -0.03563499078154564 0.06404595822095871
v 0.1375190019607544 -0.03495597094297409 0.061539940536022186
v 0.1375139057636261 -0.03272198885679245 0.0567549392580986
v 0.13774999976158142 -0.03257197141647339 0.05723898857831955
v 0.1375139057636261 -0.03272198885679245 0.0567549392580986
v 0.13774999976158142 -0.029604969546198845 0.05265295132994652
v 0.13774999976158142 -0.03238397091627121 0.05694596841931343
v 0.1375139057636261 -0.029830990359187126 0.05233597010374069
v 0.13774999976158142 -0.026170959696173668 0.048703961074352264
v 0.13774999976158142 -0.029604969546198845 0.05265295132994652
v 0.1377200037240982 -0.022225970402359962 0.0450819693505764
v 0.13774999976158142 -0.022117970511317253 0.04521398991346359
v 0.13774999976158142 -0.02608698047697544 0.04863195866346359
v 0.13752290606498718 -0.0366859994828701 0.0674469992518425
v 0.13743700087070465 -0.03588699921965599 0.0639689490199089
v 0.13771399855613708 -0.03563499078154564 0.06404595822095871
v 0.13725200295448303 -0.03727494925260544 0.07024198025465012
v 0.13733699917793274 -0.03720396012067795 0.06972496956586838
v 0.13750599324703217 -0.037432961165905 0.07347697019577026
v 0.13774999976158142 -0.037094950675964355 0.07498198002576828
v 0.13752900063991547 -0.03745894879102707 0.07497096061706543
v 0.13774999976158142 -0.03706495836377144 0.07349299639463425
v 0.13750599324703217 -0.037432961165905 0.07347697019577026
v 0.13733699917793274 -0.03720396012067795 0.06972496956586838
v 0.13761599361896515 -0.03701198101043701 0.06961297243833542
v 0.015137970447540283 -0.03799998015165329 0.07744300365447998
v 0.013828990049660206 -0.03809899091720581 0.07513999193906784
v 0.013876969926059246 -0.03834794834256172 0.07511097192764282
v 0.016929980367422104 -0.03767799958586693 0.08064395189285278
v 0.018453000113368034 -0.0368039608001709 0.08359599113464355
v 0.018825940787792206 -0.03655498847365379 0.08433300256729126
v 0.016482939943671227 -0.03780198097229004 0.07982999086380005
v 0.036697980016469955 -0.037288960069417953 0.10129699856042862
v 0.035058971494436264 -0.03715996816754341 0.10075200349092484
v 0.03515499085187912 -0.037290990352630615 0.10058200359344482
v 0.13333700597286224 0.00019999999494757503 0.11409900337457657
v 0.11149699985980988 -0.00019999999494757503 0.11409900337457657
v 0.13334199786186218 -0.00019999999494757503 0.11409900337457657
v 0.02915697917342186 -0.02431296929717064 0.10368700325489044
v 0.035332970321178436 -0.021154990419745445 0.10710500180721283
v 0.03462295979261398 -0.019108949229121208 0.10710299760103226
v 0.05089997872710228 -0.0035609600599855185 0.112295001745224
v 0.0495329387485981 -0.0035589931067079306 0.11213900148868561
v 0.051664941012859344 -0.0036879770923405886 0.11238899827003479
v 0.023277990520000458 -0.04098194092512131 0.08610600233078003
v 0.02217697910964489 -0.04014693945646286 0.08610694855451584
v 0.019247939810156822 -0.041269950568675995 0.08076094835996628
v 0.02915697917342186 -0.02431296929717064 0.10368700325489044
v 0.02783696912229061 -0.026886990293860435 0.10246600210666656
v 0.030007949098944664 -0.02690500020980835 0.10367800295352936
v 0.02217697910964489 -0.04014693945646286 0.08610694855451584
v 0.01934896968305111 -0.03912394866347313 0.08350598067045212
v 0.019247939810156822 -0.041269950568675995 0.08076094835996628
v 0.035124000161886215 0.04495298117399216 0.08094298094511032
v 0.031919948756694794 0.04321599006652832 0.08607900142669678
v 0.034097958356142044 0.043564971536397934 0.08606696128845215
v 0.044063981622457504 -0.018623940646648407 0.10982400178909302
v 0.04489796981215477 -0.01853197067975998 0.109934002161026
v 0.04785298928618431 -0.011117990128695965 0.11153099685907364
v 0.017862970009446144 0.039698950946331024 0.08072494715452194
v 0.015976959839463234 0.0415719710290432 0.07516299933195114
v 0.014702970162034035 0.04014796018600464 0.07511799782514572
v 0.04316895827651024 -0.02667498029768467 0.10749000310897827
v 0.04257398098707199 -0.025015950202941895 0.10795500129461288
v 0.04211996868252754 -0.025828950107097626 0.10764099657535553
v 0.08062999695539474 -0.037922970950603485 0.10121700167655945
v 0.0795089602470398 -0.042361970990896225 0.09203194826841354
v 0.08198297023773193 -0.04138195142149925 0.09372495859861374
v 0.04142795875668526 0.04545997828245163 0.08093100041151047
v 0.038980960845947266 0.04403996095061302 0.0860469862818718
v 0.04133998975157738 0.044268958270549774 0.08603698015213013
v 0.007420957088470459 -0.03832196816802025 0.06395000219345093
v 0.013828990049660206 -0.03809899091720581 0.07513999193906784
v -0.009275971911847591 -0.03811800107359886 0.03511296957731247
v 0.08278297632932663 -0.0406949482858181 0.09502696245908737
v 0.08062999695539474 -0.037922970950603485 0.10121700167655945
v 0.08198297023773193 -0.04138195142149925 0.09372495859861374
v 0.013828990049660206 -0.03809899091720581 0.07513999193906784
v 0.01969200000166893 -0.035763971507549286 0.08610694855451584
v -0.009275971911847591 -0.03811800107359886 0.03511296957731247
v 0.08007597178220749 -0.03772896155714989 0.10170499980449677
v 0.01969200000166893 -0.035763971507549286 0.08610694855451584
v 0.020914969965815544 -0.03404796123504639 0.08879595249891281
v -0.009275971911847591 -0.03811800107359886 0.03511296957731247
v 0.1336980015039444 0.00019999999494757503 0.03599094972014427
v 0.1330849975347519 0.0011199710424989462 0.03591597080230713
v 0.133542001247406 0.0013679859694093466 0.03608797863125801
v -0.010666959919035435 -0.031124940142035484 0.03499298915266991
v 0.07779598236083984 -0.04248594865202904 0.09190601110458374
v 0.07912694662809372 -0.042427949607372284 0.09193295240402222
v 0.0795089602470398 -0.042361970990896225 0.09203194826841354
v 0.013828990049660206 -0.03809899091720581 0.07513999193906784
v 0.007420957088470459 -0.03832196816802025 0.06395000219345093
v 0.013876969926059246 -0.03834794834256172 0.07511097192764282
v 0.020914969965815544 -0.03404796123504639 0.08879595249891281
v 0.023561950773000717 -0.03000395931303501 0.09460198134183884
v -0.010666959919035435 -0.031124940142035484 0.03499298915266991
v 0.04842095822095871 0.011087000370025635 0.11159499734640121
v 0.047342948615550995 0.003721951972693205 0.11182799935340881
v 0.05089794844388962 0.0036989450454711914 0.1123180016875267
v 0.028584949672222137 0.04558097943663597 0.0689150020480156
v 0.03237700089812279 0.04611599072813988 0.06395000219345093
v 0.026008959859609604 0.04561996087431908 0.06395000219345093
v 0.08278297632932663 -0.0406949482858181 0.09502696245908737
v 0.08543895930051804 -0.041176971048116684 0.0930820107460022
v 0.13739900290966034 -0.03426295146346092 0.0904499813914299
v 0.023763950914144516 -0.03150295838713646 0.09443700313568115
v 0.07901494950056076 -0.03757195919752121 0.10211999714374542
v 0.0753699466586113 -0.042250990867614746 0.0925629734992981
v 0.07779598236083984 -0.04248594865202904 0.09190601110458374
v 0.02783696912229061 -0.026886990293860435 0.10246600210666656
v 0.027452999725937843 -0.024548940360546112 0.1025099977850914
v 0.027101989835500717 -0.023369960486888885 0.10234799981117249
v 0.07418899983167648 -0.04180299863219261 0.09357594698667526
v 0.055462948977947235 -0.041465990245342255 0.09431599825620651
v 0.0753699466586113 -0.042250990867614746 0.0925629734992981
v 0.027452999725937843 -0.024548940360546112 0.1025099977850914
v 0.028120990842580795 -0.01663094013929367 0.10369399935007095
v 0.027101989835500717 -0.023369960486888885 0.10234799981117249
v 0.07901494950056076 -0.03757195919752121 0.10211999714374542
v 0.0731469914317131 -0.04087400063872337 0.09556996077299118
v 0.0753699466586113 -0.042250990867614746 0.0925629734992981
v 0.027452999725937843 -0.024548940360546112 0.1025099977850914
v 0.028696950525045395 -0.02162395976483822 0.10369200259447098
v 0.028120990842580795 -0.01663094013929367 0.10369399935007095
v 0.0731469914317131 -0.04087400063872337 0.09556996077299118
v 0.07418899983167648 -0.04180299863219261 0.09357594698667526
v 0.0753699466586113 -0.042250990867614746 0.0925629734992981
v 0.044712960720062256 -0.041252970695495605 0.09431599825620651
v 0.03959494084119797 -0.03838396072387695 0.1003279983997345
v 0.04317998141050339 -0.042086951434612274 0.09226500242948532
v 0.027687959372997284 0.040838949382305145 0.09038496017456055
v 0.027189970016479492 0.03943394869565964 0.09200698137283325
v 0.028164979070425034 0.04009300097823143 0.09197098016738892
v 0.03959494084119797 -0.03838396072387695 0.1003279983997345
v 0.04043995961546898 -0.04090499132871628 0.09461796283721924
v 0.04317998141050339 -0.042086951434612274 0.09226500242948532
v 0.025667959824204445 0.03522998094558716 0.09477496147155762
v 0.022458970546722412 0.03555595129728317 0.09047800302505493
v 0.02451395057141781 0.03326797112822533 0.09466295689344406
v 0.019247939810156822 0.041269950568675995 0.08076094835996628
v 0.017596960067749023 0.04259299859404564 0.07526201009750366
v 0.015976959839463234 0.0415719710290432 0.07516299933195114
v 0.03823399171233177 -0.041701968759298325 0.09238194674253464
v 0.13774999976158142 -0.022117970511317253 0.04521398991346359
v 0.1377200037240982 -0.022225970402359962 0.0450819693505764
v 0.13774999976158142 -0.017664959654211998 0.042380981147289276
v 0.0511929914355278 -0.03757094964385033 0.10231100022792816
v 0.041949979960918427 -0.0374409481883049 0.10243990272283554
v 0.055462948977947235 -0.041465990245342255 0.09431599825620651
v 0.041949979960918427 -0.0374409481883049 0.10243990272283554
v 0.03959494084119797 -0.03838396072387695 0.1003279983997345
v 0.055462948977947235 -0.041465990245342255 0.09431599825620651
v 0.13774999976158142 -0.02608698047697544 0.04863195866346359
v 0.13774999976158142 -0.026170959696173668 0.048703961074352264
v 0.1377200037240982 -0.022225970402359962 0.0450819693505764
v 0.03959494084119797 -0.03838396072387695 0.1003279983997345
v 0.044712960720062256 -0.041252970695495605 0.09431599825620651
v 0.055462948977947235 -0.041465990245342255 0.09431599825620651
v 0.07418899983167648 -0.04180299863219261 0.09357594698667526
v 0.0731469914317131 -0.04087400063872337 0.09556996077299118
v 0.055462948977947235 -0.041465990245342255 0.09431599825620651
v 0.0731469914317131 -0.04087400063872337 0.09556996077299118
v 0.0511929914355278 -0.03757094964385033 0.10231100022792816
v 0.055462948977947235 -0.041465990245342255 0.09431599825620651
v 0.041949979960918427 -0.0374409481883049 0.10243990272283554
v 0.04091399163007736 -0.03741097077727318 0.10244999825954437
v 0.03959494084119797 -0.03838396072387695 0.1003279983997345
v 0.038795940577983856 -0.00019999999494757503 0.10959400236606598
v 0.034826990216970444 0.00019999999494757503 0.10797400027513504
v 0.034675948321819305 -0.00019999999494757503 0.10790199786424637
v 0.04091399163007736 -0.03741097077727318 0.10244999825954437
v 0.04019099101424217 -0.037422001361846924 0.10232999920845032
v 0.03959494084119797 -0.03838396072387695 0.1003279983997345
v 0.04767495021224022 0.04565196856856346 0.08096498250961304
v 0.04133998975157738 0.044268958270549774 0.08603698015213013
v 0.04917597025632858 0.04459594935178757 0.08602195233106613
v 0.08552700281143188 -0.03757296875119209 0.10067500174045563
v 0.13739900290966034 -0.03426295146346092 0.0904499813914299
v 0.13726599514484406 -0.033674951642751694 0.09169095009565353
v 0.07951997965574265 0.02842497080564499 0.10691999644041061
v 0.07599496096372604 0.03155297040939331 0.10564800351858139
v 0.07599496096372604 0.027499970048666 0.1073819026350975
v 0.036697980016469955 -0.037288960069417953 0.10129699856042862
v 0.03515499085187912 -0.037290990352630615 0.10058200359344482
v 0.03734796866774559 -0.037367988377809525 0.1014460027217865
v 0.04096394032239914 0.007933974266052246 0.11018399894237518
v 0.04039096087217331 0.011495940387248993 0.10986299812793732
v 0.03938698023557663 0.00876599457114935 0.10963500291109085
v 0.04039096087217331 0.011495940387248993 0.10986299812793732
v 0.04045497998595238 0.012434950098395348 0.10983999818563461
v 0.03938698023557663 0.00876599457114935 0.10963500291109085
v 0.04045497998595238 0.012434950098395348 0.10983999818563461
v 0.03963993862271309 0.012775000184774399 0.10951799899339676
v 0.03938698023557663 0.00876599457114935 0.10963500291109085
v 0.036697980016469955 -0.037288960069417953 0.10129699856042862
v 0.037656959146261215 -0.03687797859311104 0.10237500071525574
v 0.035058971494436264 -0.03715996816754341 0.10075200349092484
v 0.038795940577983856 -0.00019999999494757503 0.10959400236606598
v 0.03932398185133934 0.006201982032507658 0.10966400057077408
v 0.03938698023557663 0.00876599457114935 0.10963500291109085
v 0.037656959146261215 -0.03687797859311104 0.10237500071525574
v 0.03600800037384033 -0.03623199090361595 0.10245499759912491
v 0.035058971494436264 -0.03715996816754341 0.10075200349092484
v 0.04045497998595238 0.012434950098395348 0.10983999818563461
v 0.03991096839308739 0.016269979998469353 0.10934200137853622
v 0.03963993862271309 0.012775000184774399 0.10951799899339676
v 0.13774999976158142 -0.024483969435095787 0.10286799818277359
v 0.13774900138378143 -0.03024500049650669 0.09650695323944092
v 0.13774999976158142 -0.03514397144317627 0.086916983127594
v 0.13774900138378143 -0.03024500049650669 0.09650695323944092
v 0.13774900138378143 -0.032197948545217514 0.09345494955778122
v 0.13774999976158142 -0.03514397144317627 0.086916983127594
v 0.03991096839308739 0.016269979998469353 0.10934200137853622
v 0.03640997037291527 0.023040950298309326 0.10710900276899338
v 0.03532999008893967 0.02115296944975853 0.10710600018501282
v 0.13774900138378143 -0.033831000328063965 0.09025496244430542
v 0.13333900272846222 -0.00019999999494757503 0.03590095043182373
v 0.09570895880460739 0.003217994933947921 0.0328899584710598
v 0.1334030032157898 0.00019999999494757503 0.035905949771404266
v 0.030043000355362892 0.03142499178647995 0.10244999825954437
v 0.02451395057141781 0.03326797112822533 0.09466295689344406
v 0.028446970507502556 0.02872597984969616 0.1023939996957779
v 0.04082195833325386 0.016570979729294777 0.10952699929475784
v 0.04035793989896774 0.020634939894080162 0.1087070032954216
v 0.03991096839308739 0.016269979998469353 0.10934200137853622
v 0.04035793989896774 0.020634939894080162 0.1087070032954216
v 0.03640997037291527 0.023040950298309326 0.10710900276899338
v 0.03991096839308739 0.016269979998469353 0.10934200137853622
v 0.08458899706602097 -0.04510295018553734 0.08069795370101929
v 0.07833600044250488 -0.04596494883298874 0.07515496015548706
v 0.08458501100540161 -0.045542001724243164 0.07476896047592163
v 0.08288096636533737 0.044266991317272186 0.0857739970088005
v 0.13754400610923767 0.03497897833585739 0.08834797143936157
v 0.1373748928308487 0.03634696826338768 0.08450596779584885
v 0.03782296180725098 0.02470296062529087 0.10711199790239334
v 0.03423595055937767 0.03243695944547653 0.10366600006818771
v 0.031286001205444336 0.029509959742426872 0.10355500131845474
v 0.031286001205444336 0.029509959742426872 0.10355500131845474
v 0.02888398990035057 0.029263969510793686 0.10252899676561356
v 0.030442949384450912 0.028085939586162567 0.10361400246620178
v 0.03521298989653587 -0.0330919586122036 0.10366600006818771
v 0.03477298840880394 -0.03283398970961571 0.10366600006818771
v 0.033880941569805145 -0.03489195927977562 0.10253000259399414
v 0.027875950559973717 0.02683698944747448 0.10248599946498871
v 0.02340400032699108 0.030290959402918816 0.09419094771146774
v 0.027464980259537697 0.024547990411520004 0.10252100229263306
v 0.04431997984647751 0.027165940031409264 0.10740900039672852
v 0.04206395149230957 0.025772979483008385 0.1076510027050972
v 0.04257398098707199 0.025015950202941895 0.10795500129461288
v 0.13725100457668304 -0.0070899720303714275 0.11188799887895584
v 0.1375029981136322 -0.009424984455108643 0.11128199845552444
v 0.13725100457668304 -0.005874990951269865 0.11213990300893784
v 0.03230195865035057 -0.03073096089065075 0.10359399765729904
v 0.03302197903394699 -0.031359970569610596 0.10366799682378769
v 0.03140097111463547 -0.029424959793686867 0.10367099940776825
v 0.1333550065755844 -0.0012839429546147585 0.11398100107908249
v 0.13245700299739838 -0.0019659989047795534 0.11405099928379059
v 0.13725100457668304 -0.005874990951269865 0.11213990300893784
v 0.03302197903394699 -0.031359970569610596 0.10366799682378769
v 0.13245700299739838 -0.0019659989047795534 0.11405099928379059
v 0.13725100457668304 -0.0070899720303714275 0.11188799887895584
v 0.13725100457668304 -0.005874990951269865 0.11213990300893784
v 0.027239970862865448 -0.00019999999494757503 0.10364899784326553
v 0.025698000565171242 0.00019999999494757503 0.10242699831724167
v 0.02570294961333275 -0.00019999999494757503 0.10243300348520279
v 0.13725100457668304 -0.0070899720303714275 0.11188799887895584
v 0.13737699389457703 -0.010260989889502525 0.11114200204610825
v 0.1375029981136322 -0.009424984455108643 0.11128199845552444
v 0.07599800080060959 -0.03745894879102707 0.10243599861860275
v 0.0443989597260952 -0.031535979360342026 0.10563699901103973
v 0.04148000106215477 -0.035392988473176956 0.10367400199174881
v 0.04717295989394188 0.018390949815511703 0.11018799990415573
v 0.046088989824056625 0.011064940132200718 0.11130400002002716
v 0.04842095822095871 0.011087000370025635 0.11159499734640121
v 0.040450990200042725 -0.021368980407714844 0.10855700075626373
v 0.04015696048736572 -0.01867597922682762 0.10901399701833725
v 0.03641295060515404 -0.023042969405651093 0.10710790008306503
v 0.040450990200042725 -0.021368980407714844 0.10855700075626373
v 0.04123597964644432 -0.020434970036149025 0.10893899947404861
v 0.04015696048736572 -0.01867597922682762 0.10901399701833725
v 0.040450990200042725 -0.021368980407714844 0.10855700075626373
v 0.040763970464468 -0.02345496043562889 0.10811000317335129
v 0.04123597964644432 -0.020434970036149025 0.10893899947404861
v 0.13736900687217712 0.025985000655055046 0.10217200219631195
v 0.13743999600410461 0.028718940913677216 0.09920399636030197
v 0.13726100325584412 0.029146960005164146 0.09879398345947266
v 0.02074396051466465 0.03831499069929123 0.08610694855451584
v 0.019247939810156822 0.041269950568675995 0.08076094835996628
v 0.017862970009446144 0.039698950946331024 0.08072494715452194
v 0.13725599646568298 0.022384999319911003 0.10519400238990784
v 0.13742400705814362 0.019140949472784996 0.10730800032615662
v 0.1375110000371933 0.019587989896535873 0.10695990175008774
v 0.05302298069000244 0.003708957927301526 0.11245299875736237
v 0.11200600117444992 0.0014689560048282146 0.11406990140676498
v 0.05084699019789696 0.011146959848701954 0.11174099892377853
v 0.08081697672605515 0.03564196079969406 0.10323499888181686
v 0.07952897995710373 0.0355449914932251 0.10342399775981903
v 0.13742400705814362 0.019140949472784996 0.10730800032615662
v 0.042288001626729965 -0.018592000007629395 0.10953190177679062
v 0.042012978345155716 -0.016752000898122787 0.10980600118637085
v 0.04123597964644432 -0.020434970036149025 0.10893899947404861
v 0.041698988527059555 -0.04285097122192383 0.0901859924197197
v 0.035770948976278305 -0.042339980602264404 0.0901859924197197
v 0.039998941123485565 -0.04416995868086815 0.08604197949171066
v 0.042288001626729965 -0.018592000007629395 0.10953190177679062
v 0.044063981622457504 -0.018623940646648407 0.10982400178909302
v 0.042012978345155716 -0.016752000898122787 0.10980600118637085
v 0.07952897995710373 0.0355449914932251 0.10342399775981903
v 0.080362968146801 0.03738898038864136 0.10218899697065353
v 0.0781809613108635 0.03743898123502731 0.10237500071525574
v 0.046462949365377426 -0.011114000342786312 0.11135599762201309
v 0.04509996995329857 -0.011109939776360989 0.11112499982118607
v 0.042012978345155716 -0.016752000898122787 0.10980600118637085
v 0.07599996775388718 0.018543949350714684 0.1102370023727417
v 0.08097898215055466 0.025693949311971664 0.10783399641513824
v 0.07599496096372604 0.027499970048666 0.1073819026350975
v 0.07951997965574265 0.02842497080564499 0.10691999644041061
v 0.13524700701236725 0.014317980036139488 0.10978999733924866
v 0.13743199408054352 0.015556990168988705 0.10917200148105621
v 0.07951997965574265 0.02842497080564499 0.10691999644041061
v 0.08047997206449509 0.026683980599045753 0.10751400142908096
v 0.13524700701236725 0.014317980036139488 0.10978999733924866
v 0.08047997206449509 0.026683980599045753 0.10751400142908096
v 0.1377449929714203 0.03709297999739647 0.07548695057630539
v 0.13751600682735443 0.03745995834469795 0.0749729797244072
v 0.13750700652599335 0.0374639593064785 0.07552599161863327
v 0.13524599373340607 0.010617969557642937 0.11108200252056122
v 0.08097898215055466 0.025693949311971664 0.10783399641513824
v 0.042931970208883286 -0.02426796965301037 0.10823199898004532
v 0.04257398098707199 -0.025015950202941895 0.10795500129461288
v 0.04373496025800705 -0.025125980377197266 0.10806199908256531
v 0.0419609509408474 0.012860950082540512 0.11026900261640549
v 0.03991096839308739 0.016269979998469353 0.10934200137853622
v 0.04045497998595238 0.012434950098395348 0.10983999818563461
v -0.00645595695823431 -0.04213397949934006 0.03508298844099045
v -0.007278977893292904 -0.04200398176908493 0.03348195180296898
v -0.0062839980237185955 -0.04252098873257637 0.033668991178274155
v 0.045175958424806595 0.0461459681391716 0.07492297142744064
v 0.04142795875668526 0.04545997828245163 0.08093100041151047
v 0.04767495021224022 0.04565196856856346 0.08096498250961304
v 0.13333700597286224 0.00019999999494757503 0.11409900337457657
v 0.13336190581321716 0.001286983024328947 0.11397299915552139
v 0.13245199620723724 0.0019659989047795534 0.11405099928379059
v 0.026124000549316406 -0.03992294892668724 0.09048496931791306
v 0.024553950875997543 -0.041680991649627686 0.08610694855451584
v 0.027687959372997284 -0.040838949382305145 0.09038496017456055
v 0.04316895827651024 -0.02667498029768467 0.10749000310897827
v 0.04351197928190231 -0.02780698984861374 0.10711999982595444
v 0.044384948909282684 -0.02722894959151745 0.10739699751138687
v 0.08037400245666504 0.01864497922360897 0.11019500344991684
v 0.07599996775388718 0.018543949350714684 0.1102370023727417
v 0.13245199620723724 0.0019659989047795534 0.11405099928379059
v 0.04351197928190231 -0.02780698984861374 0.10711999982595444
v 0.0443989597260952 -0.031535979360342026 0.10563699901103973
v 0.044384948909282684 -0.02722894959151745 0.10739699751138687
v 0.07599996775388718 0.018543949350714684 0.1102370023727417
v 0.05041598901152611 0.018434999510645866 0.11025889962911606
v 0.13245199620723724 0.0019659989047795534 0.11405099928379059
v 0.0443989597260952 -0.031535979360342026 0.10563699901103973
v 0.04592198133468628 -0.02761095017194748 0.10731299966573715
v 0.044384948909282684 -0.02722894959151745 0.10739699751138687
v 0.05041598901152611 0.018434999510645866 0.11025889962911606
v 0.04917097091674805 0.018490970134735107 0.11024300009012222
v 0.13245199620723724 0.0019659989047795534 0.11405099928379059
v 0.04351197928190231 -0.02780698984861374 0.10711999982595444
v 0.039148978888988495 -0.03493499010801315 0.10366900265216827
v 0.0443989597260952 -0.031535979360342026 0.10563699901103973
v 0.04917097091674805 0.018490970134735107 0.11024300009012222
v 0.11200600117444992 0.0014689560048282146 0.11406990140676498
v 0.13245199620723724 0.0019659989047795534 0.11405099928379059
v 0.039148978888988495 -0.03493499010801315 0.10366900265216827
v 0.04148000106215477 -0.035392988473176956 0.10367400199174881
v 0.0443989597260952 -0.031535979360342026 0.10563699901103973
v 0.133542001247406 0.0013679859694093466 0.03608797863125801
v 0.1375180035829544 -0.00019999999494757503 0.037540968507528305
v 0.1336980015039444 0.00019999999494757503 0.03599094972014427
v -0.013341959565877914 -0.007431983016431332 0.034582968801259995
v 0.025698000565171242 0.00019999999494757503 0.10242699831724167
v -0.013625970110297203 -0.00019999999494757503 0.034332990646362305
v 0.044063981622457504 -0.018623940646648407 0.10982400178909302
v 0.04323196038603783 -0.019800959154963493 0.10944300144910812
v 0.04489796981215477 -0.01853197067975998 0.109934002161026
v 0.044063981622457504 -0.018623940646648407 0.10982400178909302
v 0.042288001626729965 -0.018592000007629395 0.10953190177679062
v 0.04323196038603783 -0.019800959154963493 0.10944300144910812
v 0.04261595010757446 -0.02073596976697445 0.1091269999742508
v 0.042931970208883286 -0.02426796965301037 0.10823199898004532
v 0.04323196038603783 -0.019800959154963493 0.10944300144910812
v 0.11201000213623047 -0.0014799829805269837 0.11406990140676498
v 0.13245700299739838 -0.0019659989047795534 0.11405099928379059
v 0.13334199786186218 -0.00019999999494757503 0.11409900337457657
v 0.04261595010757446 -0.02073596976697445 0.1091269999742508
v 0.04197198152542114 -0.024157999083399773 0.10812690109014511
v 0.042931970208883286 -0.02426796965301037 0.10823199898004532
v 0.13245700299739838 -0.0019659989047795534 0.11405099928379059
v 0.1333550065755844 -0.0012839429546147585 0.11398100107908249
v 0.13334199786186218 -0.00019999999494757503 0.11409900337457657
v 0.1372630000114441 -0.035628970712423325 0.0870809480547905
v 0.08553998917341232 -0.04402595013380051 0.08528298139572144
v 0.13726100325584412 -0.03617994859814644 0.08527296036481857
v 0.07985395193099976 -0.03738296031951904 0.10226500034332275
v 0.13749590516090393 -0.02452296018600464 0.10337000340223312
v 0.13747400045394897 -0.021640950813889503 0.10564099997282028
v 0.07599800080060959 -0.03745894879102707 0.10243599861860275
v 0.07900898903608322 -0.035658951848745346 0.10338900238275528
v 0.07599996775388718 -0.032801978290081024 0.10502400249242783
v 0.02845299057662487 -0.02872299961745739 0.1023939996957779
v 0.023763950914144516 -0.03150295838713646 0.09443700313568115
v 0.02451395057141781 -0.03326797112822533 0.09466295689344406
v 0.07599800080060959 -0.03745894879102707 0.10243599861860275
v 0.07985395193099976 -0.03738296031951904 0.10226500034332275
v 0.07900898903608322 -0.035658951848745346 0.10338900238275528
v 0.13774999976158142 -0.03629397973418236 0.06736797094345093
v 0.13771399855613708 -0.03563499078154564 0.06404595822095871
v 0.13774999976158142 -0.03546195849776268 0.06409894675016403
v 0.07901494950056076 -0.03757195919752121 0.10211999714374542
v 0.08231096714735031 -0.03757195919752121 0.10157600045204163
v 0.07985395193099976 -0.03738296031951904 0.10226500034332275
v 0.13726000487804413 0.0341789685189724 0.0906059667468071
v 0.08487600088119507 0.03757296875119209 0.10095199942588806
v 0.1373720020055771 0.033492978662252426 0.09208898991346359
v 0.0836629793047905 -0.037432961165905 0.10145799815654755
v 0.13739800453186035 -0.027215950191020966 0.10091900080442429
v 0.07985395193099976 -0.03738296031951904 0.10226500034332275
v 0.13739800453186035 -0.027215950191020966 0.10091900080442429
v 0.1372630000114441 -0.025422990322113037 0.10267999768257141
v 0.07985395193099976 -0.03738296031951904 0.10226500034332275
v 0.04350893944501877 0.027803950011730194 0.10712099820375443
v 0.04439394921064377 0.03153698891401291 0.10563699901103973
v 0.04023395851254463 0.03516095131635666 0.10367199778556824
v 0.1372630000114441 -0.025422990322113037 0.10267999768257141
v 0.13749590516090393 -0.02452296018600464 0.10337000340223312
v 0.07985395193099976 -0.03738296031951904 0.10226500034332275
v 0.08278297632932663 -0.0406949482858181 0.09502696245908737
v 0.08169800043106079 -0.03823297843337059 0.10038000345230103
v 0.08062999695539474 -0.037922970950603485 0.10121700167655945
v 0.08253800123929977 -0.038691990077495575 0.09924899786710739
v 0.08169800043106079 -0.03823297843337059 0.10038000345230103
v 0.08278297632932663 -0.0406949482858181 0.09502696245908737
v 0.08552700281143188 -0.03757296875119209 0.10067500174045563
v 0.08253800123929977 -0.038691990077495575 0.09924899786710739
v 0.08278297632932663 -0.0406949482858181 0.09502696245908737
v 0.08231096714735031 -0.03757195919752121 0.10157600045204163
v 0.07901494950056076 -0.03757195919752121 0.10211999714374542
v 0.08007597178220749 -0.03772896155714989 0.10170499980449677
v 0.07599800080060959 -0.03745894879102707 0.10243599861860275
v 0.07317996025085449 -0.039508990943431854 0.09836696833372116
v 0.07901494950056076 -0.03757195919752121 0.10211999714374542
v 0.07317996025085449 -0.039508990943431854 0.09836696833372116
v 0.0731469914317131 -0.04087400063872337 0.09556996077299118
v 0.07901494950056076 -0.03757195919752121 0.10211999714374542
v 0.09134995192289352 -0.04438095912337303 0.06846194714307785
v 0.13733699917793274 -0.03720396012067795 0.06972496956586838
v 0.13725200295448303 -0.03727494925260544 0.07024198025465012
v 0.04950999841094017 0.0035519590601325035 0.11213400214910507
v 0.05089997872710228 -0.0035609600599855185 0.112295001745224
v 0.05089794844388962 0.0036989450454711914 0.1123180016875267
v 0.1375039964914322 -0.03056894987821579 0.09673798084259033
v 0.0836629793047905 -0.037432961165905 0.10145799815654755
v 0.13748799264431 -0.03254394978284836 0.09365296363830566
v 0.0836629793047905 -0.037432961165905 0.10145799815654755
v 0.08552700281143188 -0.03757296875119209 0.10067500174045563
v 0.13748799264431 -0.03254394978284836 0.09365296363830566
v 0.08552700281143188 -0.03757296875119209 0.10067500174045563
v 0.13726599514484406 -0.033674951642751694 0.09169095009565353
v 0.13748799264431 -0.03254394978284836 0.09365296363830566
v 0.0836629793047905 -0.037432961165905 0.10145799815654755
v 0.08231096714735031 -0.03757195919752121 0.10157600045204163
v 0.08552700281143188 -0.03757296875119209 0.10067500174045563
v 0.08231096714735031 -0.03757195919752121 0.10157600045204163
v 0.08253800123929977 -0.038691990077495575 0.09924899786710739
v 0.08552700281143188 -0.03757296875119209 0.10067500174045563
v 0.05994296073913574 -0.03757195919752121 0.1023159995675087
v 0.05994296073913574 -0.03757195919752121 0.1023159995675087
v 0.0511929914355278 -0.03757094964385033 0.10231100022792816
v 0.0731469914317131 -0.04087400063872337 0.09556996077299118
v 0.05994296073913574 -0.03757195919752121 0.1023159995675087
v 0.05434196814894676 -0.037431951612234116 0.10246499627828598
v 0.0511929914355278 -0.03757094964385033 0.10231100022792816
v 0.04148000106215477 -0.035392988473176956 0.10367400199174881
v 0.04091399163007736 -0.03741097077727318 0.10244999825954437
v 0.041949979960918427 -0.0374409481883049 0.10243990272283554
v 0.05434196814894676 -0.037431951612234116 0.10246499627828598
v 0.04148000106215477 -0.035392988473176956 0.10367400199174881
v 0.041949979960918427 -0.0374409481883049 0.10243990272283554
v 0.03691500052809715 -0.03409295901656151 0.1036669984459877
v 0.033880941569805145 -0.03489195927977562 0.10253000259399414
v 0.03600800037384033 -0.03623199090361595 0.10245499759912491
v 0.03843497857451439 -0.03692895174026489 0.10251600295305252
v 0.037656959146261215 -0.03687797859311104 0.10237500071525574
v 0.04019099101424217 -0.037422001361846924 0.10232999920845032
v 0.13774900138378143 -0.026912979781627655 0.10054700076580048
v 0.13774900138378143 -0.02922396920621395 0.09787499159574509
v 0.13774999976158142 -0.024483969435095787 0.10286799818277359
v 0.13774900138378143 -0.02922396920621395 0.09787499159574509
v 0.13774900138378143 -0.02995097078382969 0.09689997881650925
v 0.13774999976158142 -0.024483969435095787 0.10286799818277359
v 0.13774900138378143 -0.02995097078382969 0.09689997881650925
v 0.13774900138378143 -0.03024500049650669 0.09650695323944092
v 0.13774999976158142 -0.024483969435095787 0.10286799818277359
v 0.13750599324703217 -0.037432961165905 0.07347697019577026
v 0.13774999976158142 -0.036713000386953354 0.06971894949674606
v 0.13774999976158142 -0.03706495836377144 0.07349299639463425
v 0.03952198848128319 -0.02608400024473667 0.10711400210857391
v 0.03521298989653587 -0.0330919586122036 0.10366600006818771
v 0.03691500052809715 -0.03409295901656151 0.1036669984459877
v 0.05089794844388962 0.0036989450454711914 0.1123180016875267
v 0.05003898963332176 0.011130980215966702 0.11170399934053421
v 0.04842095822095871 0.011087000370025635 0.11159499734640121
v 0.04114300012588501 -0.02438795007765293 0.10791900008916855
v 0.04197198152542114 -0.024157999083399773 0.10812690109014511
v 0.040763970464468 -0.02345496043562889 0.10811000317335129
v 0.04197198152542114 -0.024157999083399773 0.10812690109014511
v 0.041867971420288086 -0.023938000202178955 0.10817299783229828
v 0.040763970464468 -0.02345496043562889 0.10811000317335129
v 0.041867971420288086 -0.023938000202178955 0.10817299783229828
v 0.04211996868252754 -0.025828950107097626 0.10764099657535553
v 0.04197198152542114 -0.024157999083399773 0.10812690109014511
v 0.041439950466156006 -0.027129940688610077 0.10711690038442612
v 0.04211996868252754 -0.025828950107097626 0.10764099657535553
v 0.041439950466156006 -0.027129940688610077 0.10711690038442612
v 0.04316895827651024 -0.02667498029768467 0.10749000310897827
v 0.04211996868252754 -0.025828950107097626 0.10764099657535553
v 0.041439950466156006 -0.027129940688610077 0.10711690038442612
v 0.04351197928190231 -0.02780698984861374 0.10711999982595444
v 0.04316895827651024 -0.02667498029768467 0.10749000310897827
v 0.05434196814894676 -0.037431951612234116 0.10246499627828598
v 0.0667339488863945 -0.037446968257427216 0.10244999825954437
v 0.04148000106215477 -0.035392988473176956 0.10367400199174881
v 0.07599800080060959 -0.03745894879102707 0.10243599861860275
v 0.04114300012588501 -0.02438795007765293 0.10791900008916855
v 0.03952198848128319 -0.02608400024473667 0.10711400210857391
v 0.04197198152542114 -0.024157999083399773 0.10812690109014511
v 0.03952198848128319 -0.02608400024473667 0.10711400210857391
v 0.13739800453186035 -0.027215950191020966 0.10091900080442429
v 0.13774900138378143 -0.026912979781627655 0.10054700076580048
v 0.13749590516090393 -0.02452296018600464 0.10337000340223312
v 0.0667339488863945 -0.037446968257427216 0.10244999825954437
v 0.05994296073913574 -0.03757195919752121 0.1023159995675087
v 0.07599800080060959 -0.03745894879102707 0.10243599861860275
v 0.05994296073913574 -0.03757195919752121 0.1023159995675087
v 0.07317996025085449 -0.039508990943431854 0.09836696833372116
v 0.07599800080060959 -0.03745894879102707 0.10243599861860275
v 0.08169800043106079 -0.03823297843337059 0.10038000345230103
v 0.08253800123929977 -0.038691990077495575 0.09924899786710739
v 0.08231096714735031 -0.03757195919752121 0.10157600045204163
v 0.1375039964914322 -0.03056894987821579 0.09673798084259033
v 0.13738900423049927 -0.02959894947707653 0.09816896170377731
v 0.0836629793047905 -0.037432961165905 0.10145799815654755
v 0.13738900423049927 -0.02959894947707653 0.09816896170377731
v 0.13739800453186035 -0.027215950191020966 0.10091900080442429
v 0.0836629793047905 -0.037432961165905 0.10145799815654755
v 0.13738900423049927 -0.02959894947707653 0.09816896170377731
v 0.13749399781227112 -0.02972698025405407 0.09782295674085617
v 0.13739800453186035 -0.027215950191020966 0.10091900080442429
v 0.13749399781227112 -0.02972698025405407 0.09782295674085617
v 0.13774900138378143 -0.02922396920621395 0.09787499159574509
v 0.13739800453186035 -0.027215950191020966 0.10091900080442429
v 0.13774900138378143 -0.02922396920621395 0.09787499159574509
v 0.13774900138378143 -0.026912979781627655 0.10054700076580048
v 0.13739800453186035 -0.027215950191020966 0.10091900080442429
v 0.13774900138378143 -0.02995097078382969 0.09689997881650925
v 0.13774900138378143 -0.02922396920621395 0.09787499159574509
v 0.1375039964914322 -0.03056894987821579 0.09673798084259033
v 0.13774900138378143 -0.02922396920621395 0.09787499159574509
v 0.13749399781227112 -0.02972698025405407 0.09782295674085617
v 0.1375039964914322 -0.03056894987821579 0.09673798084259033
v -0.010120980441570282 -0.03811800107359886 0.0336419902741909
v -0.00892496109008789 -0.03922098129987717 0.035118989646434784
v -0.009275971911847591 -0.03811800107359886 0.03511296957731247
v 0.04373496025800705 -0.025125980377197266 0.10806199908256531
v 0.0357699915766716 0.042339980602264404 0.0901859924197197
v 0.038980960845947266 0.04403996095061302 0.0860469862818718
v 0.034097958356142044 0.043564971536397934 0.08606696128845215
v 0.031919948756694794 0.04321599006652832 0.08607900142669678
v 0.027508970350027084 0.042243000119924545 0.08702296018600464
v 0.034097958356142044 0.043564971536397934 0.08606696128845215
v 0.07599496096372604 0.03155297040939331 0.10564800351858139
v 0.04623996838927269 0.03564399108290672 0.10345599800348282
v 0.04439394921064377 0.03153698891401291 0.10563699901103973
v 0.04133998975157738 0.044268958270549774 0.08603698015213013
v 0.03882896155118942 0.038001950830221176 0.1008640006184578
v 0.03765498846769333 0.03688395023345947 0.10237500071525574
v 0.04018998146057129 0.037428971379995346 0.10232999920845032
v 0.05341397970914841 0.043227970600128174 0.0901859924197197
v 0.07599496096372604 0.04421894997358322 0.08734797686338425
v 0.051561951637268066 0.04459499940276146 0.08603297919034958
v 0.017596960067749023 0.04259299859404564 0.07526201009750366
v 0.020655980333685875 0.04307597130537033 0.07757096737623215
v 0.019117949530482292 0.04311800003051758 0.07498996704816818
v 0.020655980333685875 0.04307597130537033 0.07757096737623215
v 0.13774999976158142 -0.00019999999494757503 0.037900980561971664
v 0.1377449929714203 0.014324960298836231 0.04079895839095116
v 0.1377449929714203 0.019499000161886215 0.043459948152303696
v 0.13774999976158142 -0.00019999999494757503 0.037900980561971664
v 0.1377449929714203 0.008533953689038754 0.03889495134353638
v 0.1377449929714203 0.014324960298836231 0.04079895839095116
v 0.005838990211486816 -0.04529093950986862 0.0333169586956501
v -0.007278977893292904 -0.04200398176908493 0.03348195180296898
v -0.013089950196444988 0.020659979432821274 0.032891981303691864
v -0.007278977893292904 -0.04200398176908493 0.03348195180296898
v -0.014043980278074741 0.0037269589956849813 0.03318798169493675
v -0.013089950196444988 0.020659979432821274 0.032891981303691864
v -0.014043980278074741 0.0037269589956849813 0.03318798169493675
v -0.013856939971446991 0.01148897036910057 0.03319697827100754
v -0.013089950196444988 0.020659979432821274 0.032891981303691864
v -0.013856939971446991 0.01148897036910057 0.03319697827100754
v -0.012750980444252491 0.019565990194678307 0.03411196917295456
v -0.013089950196444988 0.020659979432821274 0.032891981303691864
v -0.012750980444252491 0.019565990194678307 0.03411196917295456
v -0.011822990141808987 0.030779000371694565 0.03287297114729881
v -0.013089950196444988 0.020659979432821274 0.032891981303691864
v 0.02783696912229061 -0.026886990293860435 0.10246600210666656
v 0.023561950773000717 -0.03000395931303501 0.09460198134183884
v 0.023763950914144516 -0.03150295838713646 0.09443700313568115
v 0.016482939943671227 -0.03780198097229004 0.07982999086380005
v 0.014702970162034035 -0.04014796018600464 0.07511799782514572
v 0.017862970009446144 -0.039698950946331024 0.08072494715452194
v 0.08037400245666504 0.01864497922360897 0.11019500344991684
v 0.13774999976158142 -0.00019999999494757503 0.037900980561971664
v 0.1377449929714203 0.003340959083288908 0.03809195011854172
v 0.1377449929714203 0.008533953689038754 0.03889495134353638
v 0.13754400610923767 0.00019999999494757503 0.03757596015930176
v 0.1375180035829544 -0.00019999999494757503 0.037540968507528305
v 0.13752099871635437 0.003378987079486251 0.037701960653066635
v 0.04169594869017601 0.04284995049238205 0.0901859924197197
v 0.0357699915766716 0.042339980602264404 0.0901859924197197
v 0.03717093914747238 0.04177796095609665 0.09197299927473068
v 0.133542001247406 0.0013679859694093466 0.03608797863125801
v 0.13724489510059357 0.006537972949445248 0.03808896988630295
v 0.13752099871635437 0.003378987079486251 0.037701960653066635
v 0.133542001247406 0.0013679859694093466 0.03608797863125801
v 0.1330849975347519 0.0011199710424989462 0.03591597080230713
v 0.13724489510059357 0.006537972949445248 0.03808896988630295
v 0.07986997812986374 -0.028430990874767303 0.10689599812030792
v 0.07730895280838013 -0.025598999112844467 0.10798899829387665
v 0.07599996775388718 -0.027499970048666 0.1073819026350975
v 0.05089997872710228 -0.0035609600599855185 0.112295001745224
v 0.05172394961118698 0.0036829710006713867 0.1123879998922348
v 0.05089794844388962 0.0036989450454711914 0.1123180016875267
v 0.13307300209999084 -0.001157999038696289 0.03591698035597801
v 0.09565997123718262 -0.003316998016089201 0.03288799151778221
v 0.13333900272846222 -0.00019999999494757503 0.03590095043182373
v 0.13307300209999084 -0.001157999038696289 0.03591698035597801
v 0.13245199620723724 -0.0019659989047795534 0.035948991775512695
v 0.09565997123718262 -0.003316998016089201 0.03288799151778221
v 0.13245199620723724 -0.0019659989047795534 0.035948991775512695
v 0.04755394905805588 -0.04025696963071823 0.0331529900431633
v 0.09565997123718262 -0.003316998016089201 0.03288799151778221
v 0.04755394905805588 -0.04025696963071823 0.0331529900431633
v 0.07116597145795822 -0.004306972026824951 0.032857950776815414
v 0.09565997123718262 -0.003316998016089201 0.03288799151778221
v 0.04755394905805588 -0.04025696963071823 0.0331529900431633
v 0.05235499143600464 -0.006404994986951351 0.03287196159362793
v 0.07116597145795822 -0.004306972026824951 0.032857950776815414
v -0.013856939971446991 0.01148897036910057 0.03319697827100754
v 0.0259319506585598 0.006171940825879574 0.10251399874687195
v -0.012750980444252491 0.019565990194678307 0.03411196917295456
v 0.02679597958922386 0.019336989149451256 0.10234899818897247
v 0.027464980259537697 0.024547990411520004 0.10252100229263306
v -0.012750980444252491 0.019565990194678307 0.03411196917295456
v 0.027464980259537697 0.024547990411520004 0.10252100229263306
v 0.02340400032699108 0.030290959402918816 0.09419094771146774
v -0.012750980444252491 0.019565990194678307 0.03411196917295456
v 0.044131990522146225 -0.0037639730144292116 0.11116000264883041
v 0.04257500171661377 -0.010383959859609604 0.11056999862194061
v 0.04509996995329857 -0.011109939776360989 0.11112499982118607
v 0.023763950914144516 0.03150295838713646 0.09443700313568115
v 0.021466970443725586 0.03317397087812424 0.09002196043729782
v 0.02206099033355713 0.03229599818587303 0.09132897108793259
v 0.020510969683527946 0.03458796814084053 0.08792095631361008
v 0.023763950914144516 0.03150295838713646 0.09443700313568115
v 0.019693970680236816 0.035778988152742386 0.08610694855451584
v 0.020510969683527946 0.03458796814084053 0.08792095631361008
v 0.023763950914144516 0.03150295838713646 0.09443700313568115
v 0.022458970546722412 0.03555595129728317 0.09047800302505493
v 0.019693970680236816 0.035778988152742386 0.08610694855451584
v 0.01917796954512596 0.03630197048187256 0.0850289985537529
v 0.013827970251441002 0.03808999061584473 0.07514195889234543
v 0.019693970680236816 0.035778988152742386 0.08610694855451584
v 0.01194899994879961 0.03811800107359886 0.07187700271606445
v 0.007372974883764982 0.03811800107359886 0.06395000219345093
v 0.013827970251441002 0.03808999061584473 0.07514195889234543
v 0.007422983180731535 0.038331981748342514 0.06395000219345093
v 0.019247939810156822 -0.041269950568675995 0.08076094835996628
v 0.017596960067749023 -0.04259299859404564 0.07526201009750366
v 0.02103297971189022 -0.042380981147289276 0.08084797114133835
v 0.04835294932126999 -0.0036939969286322594 0.11195000261068344
v 0.04785298928618431 -0.011117990128695965 0.11153099685907364
v 0.0495329387485981 -0.0035589931067079306 0.11213900148868561
v 0.1372469961643219 0.03717796877026558 0.06942199915647507
v 0.13752099871635437 0.0366939902305603 0.06745295971632004
v 0.1372459977865219 0.03671598061919212 0.06699799746274948
v 0.1377449929714203 0.036333970725536346 0.06752598285675049
v 0.13752099871635437 0.0366939902305603 0.06745295971632004
v 0.1375889927148819 0.0370059609413147 0.06944698095321655
v 0.13770900666713715 0.03563499078154564 0.06404595822095871
v 0.1375889927148819 0.0370059609413147 0.06944698095321655
v 0.1377449929714203 0.036333970725536346 0.06752598285675049
v 0.13770900666713715 0.03563499078154564 0.06404595822095871
v 0.1377449929714203 0.036022961139678955 0.0663059875369072
v 0.13774999976158142 -0.00019999999494757503 0.037900980561971664
v 0.1377449929714203 0.03546195849776268 0.06409894675016403
v 0.13774999976158142 -0.00019999999494757503 0.037900980561971664
v 0.1377449929714203 0.03425395116209984 0.06074994057416916
v 0.1377449929714203 0.03546195849776268 0.06409894675016403
v 0.1377449929714203 0.0027689929120242596 0.03800296038389206
v 0.1377449929714203 0.024363990873098373 0.047066979110240936
v 0.1377449929714203 0.02815794013440609 0.05084395036101341
v 0.13774999976158142 -0.00019999999494757503 0.037900980561971664
v 0.1377449929714203 0.02815794013440609 0.05084395036101341
v 0.1377449929714203 0.0284269992262125 0.051211949437856674
v 0.13774999976158142 -0.00019999999494757503 0.037900980561971664
v 0.1377449929714203 0.036022961139678955 0.0663059875369072
v 0.1377449929714203 0.036333970725536346 0.06752598285675049
v 0.13774999976158142 -0.00019999999494757503 0.037900980561971664
v 0.1377449929714203 0.036333970725536346 0.06752598285675049
v 0.1377449929714203 0.03668098896741867 0.06949596852064133
v 0.13774999976158142 -0.00019999999494757503 0.037900980561971664
v 0.1377449929714203 0.03668098896741867 0.06949596852064133
v 0.1377449929714203 0.03706597909331322 0.07349895685911179
v 0.13774999976158142 -0.00019999999494757503 0.037900980561971664
v 0.1377449929714203 0.03706597909331322 0.07349895685911179
v 0.1377449929714203 0.037094950675964355 0.07498496025800705
v 0.13774999976158142 -0.00019999999494757503 0.037900980561971664
v 0.1377449929714203 0.037094950675964355 0.07498496025800705
v 0.1377449929714203 0.03709297999739647 0.07548695057630539
v 0.13774999976158142 -0.00019999999494757503 0.11209899932146072
v 0.1377449929714203 0.037094950675964355 0.07498496025800705
v 0.13774999976158142 -0.00019999999494757503 0.11209899932146072
v 0.13774999976158142 -0.00019999999494757503 0.037900980561971664
v 0.13774999976158142 -0.00019999999494757503 0.11209899932146072
v 0.13774999976158142 -0.002199946902692318 0.11203499883413315
v 0.13774999976158142 -0.0055019850842654705 0.11167699843645096
v 0.13774999976158142 -0.00019999999494757503 0.11209899932146072
v 0.13774999976158142 -0.0055019850842654705 0.11167699843645096
v 0.13774999976158142 -0.009604989551007748 0.110835000872612
v 0.13774999976158142 -0.00019999999494757503 0.11209899932146072
v 0.13774999976158142 -0.009604989551007748 0.110835000872612
v 0.13774999976158142 -0.010133979842066765 0.11069100350141525
v 0.13774999976158142 -0.00019999999494757503 0.11209899932146072
v 0.13774999976158142 -0.010133979842066765 0.11069100350141525
v 0.13774999976158142 -0.013579959981143475 0.10952900350093842
v 0.13774999976158142 -0.00019999999494757503 0.11209899932146072
v 0.13774999976158142 -0.013579959981143475 0.10952900350093842
v 0.13774999976158142 -0.014212960377335548 0.10924399644136429
v 0.13774999976158142 -0.00019999999494757503 0.11209899932146072
v 0.13774999976158142 -0.014212960377335548 0.10924399644136429
v 0.13774999976158142 -0.016950959339737892 0.10800100117921829
v 0.13774999976158142 -0.00019999999494757503 0.11209899932146072
v 0.13774999976158142 -0.016950959339737892 0.10800100117921829
v 0.13774999976158142 -0.01999199017882347 0.1062610000371933
v 0.13774999976158142 -0.02105896919965744 0.10554400086402893
v 0.13774999976158142 -0.00019999999494757503 0.11209899932146072
v 0.13774999976158142 -0.02105896919965744 0.10554400086402893
v 0.13774999976158142 -0.0214079599827528 0.10531000047922134
v 0.13774999976158142 -0.00019999999494757503 0.11209899932146072
v 0.13774999976158142 -0.0214079599827528 0.10531000047922134
v 0.13774999976158142 -0.024483969435095787 0.10286799818277359
v 0.13774999976158142 -0.00019999999494757503 0.11209899932146072
v 0.13774999976158142 -0.024483969435095787 0.10286799818277359
v 0.13774999976158142 -0.03514397144317627 0.086916983127594
v 0.13774999976158142 -0.00019999999494757503 0.11209899932146072
v 0.13774999976158142 -0.03514397144317627 0.086916983127594
v 0.13774999976158142 -0.035580988973379135 0.08552300184965134
v 0.13774999976158142 -0.00019999999494757503 0.11209899932146072
v 0.13774999976158142 -0.035580988973379135 0.08552300184965134
v 0.13774999976158142 -0.036521971225738525 0.08146697282791138
v 0.13774999976158142 -0.00019999999494757503 0.11209899932146072
v 0.13774999976158142 -0.036521971225738525 0.08146697282791138
v 0.13774999976158142 -0.03693896159529686 0.07845597714185715
v 0.046462949365377426 -0.011114000342786312 0.11135599762201309
v 0.044063981622457504 -0.018623940646648407 0.10982400178909302
v 0.04785298928618431 -0.011117990128695965 0.11153099685907364
v 0.13774999976158142 -0.00019999999494757503 0.11209899932146072
v 0.13774999976158142 -0.03693896159529686 0.07845597714185715
v 0.13774999976158142 -0.03703296184539795 0.07717400044202805
v 0.13725900650024414 -0.019932979717850685 0.10687900334596634
v 0.07987897843122482 -0.03285098075866699 0.10486199706792831
v 0.07974796742200851 -0.035651981830596924 0.10332299768924713
v 0.13774999976158142 -0.00019999999494757503 0.11209899932146072
v 0.13774999976158142 -0.03703296184539795 0.07717400044202805
v 0.13774999976158142 -0.03705596178770065 0.07667601108551025
v 0.11149200052022934 0.00019999999494757503 0.11409900337457657
v 0.13245199620723724 0.0019659989047795534 0.11405099928379059
v 0.11200600117444992 0.0014689560048282146 0.11406990140676498
v 0.13774999976158142 -0.00019999999494757503 0.11209899932146072
v 0.13774999976158142 -0.03705596178770065 0.07667601108551025
v 0.13774999976158142 -0.0370899997651577 0.07561098784208298
v 0.13774999976158142 -0.00019999999494757503 0.11209899932146072
v 0.13774999976158142 -0.0370899997651577 0.07561098784208298
v 0.13774999976158142 -0.037094950675964355 0.07498198002576828
v 0.05235499143600464 -0.006404994986951351 0.03287196159362793
v 0.005838990211486816 -0.04529093950986862 0.0333169586956501
v -0.013089950196444988 0.020659979432821274 0.032891981303691864
v 0.13774999976158142 -0.00019999999494757503 0.11209899932146072
v 0.13774999976158142 -0.037094950675964355 0.07498198002576828
v 0.13774999976158142 -0.03706495836377144 0.07349299639463425
v 0.13774999976158142 -0.00019999999494757503 0.11209899932146072
v 0.13774999976158142 -0.03706495836377144 0.07349299639463425
v 0.13774999976158142 -0.036713000386953354 0.06971894949674606
v 0.02783696912229061 -0.026886990293860435 0.10246600210666656
v 0.030361950397491455 -0.02776199020445347 0.10367599874734879
v 0.030007949098944664 -0.02690500020980835 0.10367800295352936
v 0.13774999976158142 -0.00019999999494757503 0.11209899932146072
v 0.13774999976158142 -0.036713000386953354 0.06971894949674606
v 0.13774999976158142 -0.03629397973418236 0.06736797094345093
v 0.028895970433950424 0.04041897878050804 0.09193599224090576
v 0.029180999845266342 0.04136794060468674 0.09032595157623291
v 0.027687959372997284 0.040838949382305145 0.09038496017456055
v 0.13774999976158142 -0.00019999999494757503 0.11209899932146072
v 0.13774999976158142 -0.03629397973418236 0.06736797094345093
v 0.13774999976158142 -0.03546195849776268 0.06409894675016403
v 0.04190599173307419 -0.013309000059962273 0.11017999798059464
v 0.04045896977186203 -0.012488960288465023 0.10983800143003464
v 0.03971296176314354 -0.013864990323781967 0.10951700061559677
v 0.13774999976158142 -0.03478794917464256 0.06210695952177048
v 0.04045896977186203 -0.012488960288465023 0.10983800143003464
v 0.040378980338573456 -0.011304969899356365 0.10986699908971786
v 0.03971296176314354 -0.013864990323781967 0.10951700061559677
v 0.13774999976158142 -0.00019999999494757503 0.11209899932146072
v 0.13774999976158142 -0.03478794917464256 0.06210695952177048
v 0.13774999976158142 -0.034593988209962845 0.06168096885085106
v 0.03964196890592575 -0.01272897981107235 0.10954300314188004
v 0.13774999976158142 -0.00019999999494757503 0.11209899932146072
v 0.13774999976158142 -0.03257197141647339 0.05723898857831955
v 0.13774999976158142 -0.00019999999494757503 0.11209899932146072
v 0.13774999976158142 -0.03257197141647339 0.05723898857831955
v 0.13774999976158142 -0.03238397091627121 0.05694596841931343
v 0.04257500171661377 -0.010383959859609604 0.11056999862194061
v 0.04100197181105614 -0.008133946917951107 0.11018899828195572
v 0.040378980338573456 -0.011304969899356365 0.10986699908971786
v 0.13774999976158142 -0.00019999999494757503 0.11209899932146072
v 0.13774999976158142 -0.03238397091627121 0.05694596841931343
v 0.13774999976158142 -0.029604969546198845 0.05265295132994652
v 0.04257500171661377 -0.010383959859609604 0.11056999862194061
v 0.04198997840285301 -0.004811942111700773 0.11057399958372116
v 0.04100197181105614 -0.008133946917951107 0.11018899828195572
v 0.13774999976158142 -0.00019999999494757503 0.11209899932146072
v 0.13774999976158142 -0.029604969546198845 0.05265295132994652
v 0.13774999976158142 -0.026170959696173668 0.048703961074352264
v 0.04198997840285301 -0.004811942111700773 0.11057399958372116
v 0.040954940021038055 -0.006885944865643978 0.11021199822425842
v 0.04100197181105614 -0.008133946917951107 0.11018899828195572
v 0.13774999976158142 -0.00019999999494757503 0.11209899932146072
v 0.13774999976158142 -0.026170959696173668 0.048703961074352264
v 0.13774999976158142 -0.02608698047697544 0.04863195866346359
v 0.04142795875668526 -0.04545997828245163 0.08093100041151047
v 0.035124000161886215 -0.04495298117399216 0.08094298094511032
v 0.03846395015716553 -0.04597795009613037 0.0748940110206604
v 0.13774999976158142 -0.00019999999494757503 0.11209899932146072
v 0.13774999976158142 -0.02608698047697544 0.04863195866346359
v 0.13774999976158142 -0.022117970511317253 0.04521398991346359
v 0.04198997840285301 -0.004811942111700773 0.11057399958372116
v 0.04208194836974144 -0.0027939670253545046 0.11063399910926819
v 0.040954940021038055 -0.006885944865643978 0.11021199822425842
v 0.13774999976158142 -0.00019999999494757503 0.11209899932146072
v 0.13774999976158142 -0.022117970511317253 0.04521398991346359
v 0.13774999976158142 -0.017664959654211998 0.042380981147289276
v 0.04208194836974144 -0.0027939670253545046 0.11063399910926819
v 0.040021948516368866 0.0 0.11001899838447571
v 0.040954940021038055 -0.006885944865643978 0.11021199822425842
v 0.13774999976158142 -0.00019999999494757503 0.11209899932146072
v 0.13774999976158142 -0.017664959654211998 0.042380981147289276
v 0.13774999976158142 -0.012848969548940659 0.040205951780080795
v 0.040021948516368866 0.0 0.11001899838447571
v 0.04095900058746338 0.0011699789902195334 0.1103150025010109
v 0.039174970239400864 0.00019999999494757503 0.10973100364208221
v 0.13774999976158142 -0.00019999999494757503 0.11209899932146072
v 0.13774999976158142 -0.012848969548940659 0.040205951780080795
v 0.13774999976158142 -0.0077599878422915936 0.03873395174741745
v 0.040021948516368866 0.0 0.11001899838447571
v 0.04208194836974144 -0.0027939670253545046 0.11063399910926819
v 0.04095900058746338 0.0011699789902195334 0.1103150025010109
v 0.13774999976158142 -0.0027629730757325888 0.03803497180342674
v 0.04208194836974144 -0.0027939670253545046 0.11063399910926819
v 0.041516948491334915 0.002207993995398283 0.11047500371932983
v 0.04095900058746338 0.0011699789902195334 0.1103150025010109
v 0.13774999976158142 -0.00019999999494757503 0.11209899932146072
v 0.13774999976158142 -0.0027629730757325888 0.03803497180342674
v 0.13774999976158142 -0.0022829771041870117 0.03796993941068649
v 0.04238896816968918 0.0030229680705815554 0.11071690171957016
v 0.13774999976158142 -0.00019999999494757503 0.11209899932146072
v 0.13774999976158142 -0.0022829771041870117 0.03796993941068649
v 0.13774999976158142 -0.00019999999494757503 0.037900980561971664
v 0.0017149440245702863 0.02907096967101097 0.03285700082778931
v 0.05235499143600464 -0.006404994986951351 0.03287196159362793
v -0.013089950196444988 0.020659979432821274 0.032891981303691864
v 0.1375180035829544 -0.00019999999494757503 0.037540968507528305
v 0.13754400610923767 0.00019999999494757503 0.03757596015930176
v 0.13774999976158142 -0.00019999999494757503 0.037900980561971664
v 0.04023395851254463 0.03516095131635666 0.10367199778556824
v 0.038279950618743896 0.03689794987440109 0.10251300036907196
v 0.037625961005687714 0.03436195105314255 0.10366799682378769
v 0.13754400610923767 0.00019999999494757503 0.03757596015930176
v 0.1377449929714203 0.0027689929120242596 0.03800296038389206
v 0.13774999976158142 -0.00019999999494757503 0.037900980561971664
v 0.0767509862780571 0.04249494895339012 0.09198098629713058
v 0.07854998111724854 0.042497988790273666 0.09183996170759201
v 0.07599496096372604 0.04421894997358322 0.08734797686338425
v 0.042999979108572006 0.010531960055232048 0.11066100001335144
v 0.04275196045637131 0.01195698045194149 0.11054299771785736
v 0.041612979024648666 0.009423971176147461 0.11032900214195251
v 0.07854998111724854 0.042497988790273666 0.09183996170759201
v 0.08218497037887573 0.04307800158858299 0.08963900059461594
v 0.07599496096372604 0.04421894997358322 0.08734797686338425
v 0.042999979108572006 0.010531960055232048 0.11066100001335144
v 0.04509996995329857 0.01111495029181242 0.11112599819898605
v 0.04275196045637131 0.01195698045194149 0.11054299771785736
v 0.048562999814748764 -0.04518495872616768 0.08366197347640991
v 0.04464095085859299 0.0036749830469489098 0.1112539991736412
v 0.04666893929243088 0.003653943073004484 0.11170700192451477
v 0.04509996995329857 0.01111495029181242 0.11112599819898605
v 0.13774999976158142 -0.017664959654211998 0.042380981147289276
v 0.13740700483322144 -0.013114980421960354 0.03981798142194748
v 0.13774999976158142 -0.012848969548940659 0.040205951780080795
v 0.05381900072097778 -0.0037109849508851767 0.1124970018863678
v 0.11201000213623047 -0.0014799829805269837 0.11406990140676498
v 0.11149699985980988 -0.00019999999494757503 0.11409900337457657
v 0.0826679989695549 0.04083395004272461 0.09476298093795776
v 0.04261595010757446 -0.02073596976697445 0.1091269999742508
v 0.040763970464468 -0.02345496043562889 0.10811000317335129
v 0.041867971420288086 -0.023938000202178955 0.10817299783229828
v 0.044131990522146225 -0.0037639730144292116 0.11116000264883041
v 0.04666893929243088 0.003653943073004484 0.11170700192451477
v 0.04464095085859299 0.0036749830469489098 0.1112539991736412
v 0.1377200037240982 -0.022225970402359962 0.0450819693505764
v 0.13734999299049377 -0.01794796995818615 0.04197996109724045
v 0.13774999976158142 -0.017664959654211998 0.042380981147289276
v 0.04367195814847946 0.01817196048796177 0.10985899716615677
v 0.042837969958782196 0.01744299940764904 0.10981500148773193
v 0.04202096909284592 0.016457969322800636 0.1098179966211319
v 0.042837969958782196 0.01744299940764904 0.10981500148773193
v 0.04367195814847946 0.01817196048796177 0.10985899716615677
v 0.042288001626729965 0.018592000007629395 0.10953190177679062
v 0.04367195814847946 0.01817196048796177 0.10985899716615677
v 0.04298197850584984 0.020337989553809166 0.10925400257110596
v 0.042288001626729965 0.018592000007629395 0.10953190177679062
v 0.04785298928618431 -0.011117990128695965 0.11153099685907364
v 0.04916995018720627 -0.018495969474315643 0.11024300009012222
v 0.05041199177503586 -0.01110094040632248 0.11173199862241745
v 0.042973991483449936 0.02426600083708763 0.10823500156402588
v 0.04197198152542114 0.024157999083399773 0.10812690109014511
v 0.04298197850584984 0.020337989553809166 0.10925400257110596
v 0.04197198152542114 0.024157999083399773 0.10812690109014511
v 0.041867971420288086 0.023938000202178955 0.10817299783229828
v 0.04298197850584984 0.020337989553809166 0.10925400257110596
v 0.1377449929714203 0.03693896159529686 0.07845597714185715
v 0.1377449929714203 0.03703296184539795 0.07717400044202805
v 0.13759000599384308 0.03702700138092041 0.08049196004867554
v 0.041867971420288086 0.023938000202178955 0.10817299783229828
v 0.041405968368053436 0.022691959515213966 0.10840299725532532
v 0.04298197850584984 0.020337989553809166 0.10925400257110596
v 0.1377449929714203 0.03703296184539795 0.07717400044202805
v 0.13749800622463226 0.03740596026182175 0.0771939679980278
v 0.13759000599384308 0.03702700138092041 0.08049196004867554
v 0.040419988334178925 0.02114998921751976 0.10859999805688858
v 0.1377449929714203 0.03703296184539795 0.07717400044202805
v 0.1377449929714203 0.03706299886107445 0.07650797814130783
v 0.13749800622463226 0.03740596026182175 0.0771939679980278
v 0.04367195814847946 0.01817196048796177 0.10985899716615677
v 0.044931940734386444 0.018523989245295525 0.10992900282144547
v 0.04298197850584984 0.020337989553809166 0.10925400257110596
v 0.1377449929714203 0.03703296184539795 0.07717400044202805
v 0.13774999976158142 -0.00019999999494757503 0.11209899932146072
v 0.1377449929714203 0.03706299886107445 0.07650797814130783
v 0.044931940734386444 0.018523989245295525 0.10992900282144547
v 0.0459669791162014 0.01874195970594883 0.10998500138521194
v 0.04298197850584984 0.020337989553809166 0.10925400257110596
v 0.1377449929714203 0.03706299886107445 0.07650797814130783
v 0.0459669791162014 0.01874195970594883 0.10998500138521194
v 0.042973991483449936 0.02426600083708763 0.10823500156402588
v 0.04298197850584984 0.020337989553809166 0.10925400257110596
v 0.039148978888988495 -0.03493499010801315 0.10366900265216827
v 0.04091399163007736 -0.03741097077727318 0.10244999825954437
v 0.04148000106215477 -0.035392988473176956 0.10367400199174881
v 0.0409199483692646 0.023846980184316635 0.10802999883890152
v 0.13738200068473816 0.028814969584345818 0.050919950008392334
v 0.1377449929714203 0.031694941222667694 0.05574797838926315
v 0.13771499693393707 0.028584949672222137 0.05108296126127243
v 0.03938698023557663 0.00876599457114935 0.10963500291109085
v 0.034826990216970444 0.00019999999494757503 0.10797400027513504
v 0.038795940577983856 -0.00019999999494757503 0.10959400236606598
v 0.13737699389457703 -0.010260989889502525 0.11114200204610825
v 0.08046895265579224 -0.018592000007629395 0.11015590280294418
v 0.0804789587855339 -0.025914959609508514 0.10781300067901611
v 0.043470971286296844 0.003657995956018567 0.11098600178956985
v 0.04238896816968918 0.0030229680705815554 0.11071690171957016
v 0.029180999845266342 0.04136794060468674 0.09032595157623291
v 0.027508970350027084 0.042243000119924545 0.08702296018600464
v 0.026479950174689293 0.042331989854574203 0.08610694855451584
v 0.04019099101424217 -0.037422001361846924 0.10232999920845032
v 0.03734796866774559 -0.037367988377809525 0.1014460027217865
v 0.03959494084119797 -0.03838396072387695 0.1003279983997345
v 0.0316929817199707 0.04123497009277344 0.09179996699094772
v 0.03379594907164574 0.041495971381664276 0.09180498123168945
v 0.0357699915766716 0.042339980602264404 0.0901859924197197
v 0.03379594907164574 0.041495971381664276 0.09180498123168945
v 0.03717093914747238 0.04177796095609665 0.09197299927473068
v 0.0357699915766716 0.042339980602264404 0.0901859924197197
v 0.07986997812986374 -0.028430990874767303 0.10689599812030792
v 0.13525189459323883 -0.014127960428595543 0.10986699908971786
v 0.0804789587855339 -0.025914959609508514 0.10781300067901611
v 0.1376650035381317 0.03329598158597946 0.09198898077011108
v 0.1377439945936203 0.031079940497875214 0.09528195112943649
v 0.1377439945936203 0.033056970685720444 0.09186697006225586
v 0.029180999845266342 0.04136794060468674 0.09032595157623291
v 0.0316929817199707 0.04123497009277344 0.09179996699094772
v 0.027508970350027084 0.042243000119924545 0.08702296018600464
v 0.04082493856549263 -0.016586950048804283 0.10952500253915787
v 0.03971296176314354 -0.013864990323781967 0.10951700061559677
v 0.03994195908308029 -0.016487950459122658 0.10928899794816971
v 0.029180999845266342 0.04136794060468674 0.09032595157623291
v 0.02959894947707653 0.0407329685986042 0.0919029712677002
v 0.0316929817199707 0.04123497009277344 0.09179996699094772
v 0.1376110017299652 -0.017015989869832993 0.10834100097417831
v 0.13774999976158142 -0.016950959339737892 0.10800100117921829
v 0.13774999976158142 -0.014212960377335548 0.10924399644136429
v 0.002177000045776367 -0.04456698149442673 0.03502500057220459
v 0.012645949609577656 -0.04319994896650314 0.06395000219345093
v -0.004055975936353207 -0.043200958520174026 0.035018980503082275
v 0.03230195865035057 -0.03073096089065075 0.10359399765729904
v 0.031992968171834946 -0.03342396020889282 0.1025099977850914
v 0.03302197903394699 -0.031359970569610596 0.10366799682378769
v 0.07599996775388718 -0.027499970048666 0.1073819026350975
v 0.07599996775388718 -0.03155297040939331 0.10564800351858139
v 0.07986997812986374 -0.028430990874767303 0.10689599812030792
v 0.03717093914747238 0.04177796095609665 0.09197299927473068
v 0.0398479700088501 0.04126495122909546 0.0937039777636528
v 0.04169594869017601 0.04284995049238205 0.0901859924197197
v 0.030290959402918816 0.031290940940380096 0.10259000211954117
v 0.03423595055937767 0.03243695944547653 0.10366600006818771
v 0.03189795836806297 0.03341298922896385 0.1024869978427887
v 0.04318498820066452 -0.0034249420277774334 0.11092700064182281
v 0.08618897199630737 -0.044547971338033676 0.06395094841718674
v 0.09134995192289352 -0.04438095912337303 0.06846194714307785
v 0.08480995148420334 -0.045374978333711624 0.06878697127103806
v 0.023652970790863037 -0.04621100053191185 0.04329096898436546
v 0.021508989855647087 -0.046025991439819336 0.033532969653606415
v 0.02472393959760666 -0.046220000833272934 0.04283194988965988
v 0.13774999976158142 -0.013579959981143475 0.10952900350093842
v 0.13768400251865387 -0.01020198967307806 0.11093199998140335
v 0.13744689524173737 -0.013726940378546715 0.10991200059652328
v 0.021508989855647087 -0.046025991439819336 0.033532969653606415
v 0.016898980364203453 -0.04600495100021362 0.033563971519470215
v 0.005838990211486816 -0.04529093950986862 0.0333169586956501
v 0.016898980364203453 -0.04600495100021362 0.033563971519470215
v 0.014364000409841537 -0.04604798182845116 0.03501497954130173
v 0.005838990211486816 -0.04529093950986862 0.0333169586956501
v 0.07216297835111618 -0.045589979737997055 0.08127397298812866
v 0.07833600044250488 -0.04596494883298874 0.07515496015548706
v 0.07835596054792404 -0.04553699120879173 0.08129996061325073
v 0.014364000409841537 -0.04604798182845116 0.03501497954130173
v 0.025777989998459816 -0.04559396952390671 0.06395000219345093
v 0.005838990211486816 -0.04529093950986862 0.0333169586956501
v 0.052794989198446274 -0.0037009709049016237 0.11246199905872345
v 0.05381900072097778 -0.0037109849508851767 0.1124970018863678
v 0.05302298069000244 0.003708957927301526 0.11245299875736237
v 0.025777989998459816 -0.04559396952390671 0.06395000219345093
v 0.028584949672222137 -0.04558097943663597 0.0689150020480156
v 0.005838990211486816 -0.04529093950986862 0.0333169586956501
v 0.07905297726392746 -0.04448895901441574 0.08616697043180466
v 0.07912694662809372 -0.042427949607372284 0.09193295240402222
v 0.07599496096372604 -0.04318796843290329 0.09028798341751099
v 0.028584949672222137 -0.04558097943663597 0.0689150020480156
v 0.019751960411667824 -0.0447160005569458 0.06395000219345093
v 0.005838990211486816 -0.04529093950986862 0.0333169586956501
v 0.047544948756694794 -0.01862799935042858 0.11018099635839462
v 0.04632794111967087 -0.02629196085035801 0.10782399773597717
v 0.04916995018720627 -0.018495969474315643 0.11024300009012222
v 0.019751960411667824 -0.0447160005569458 0.06395000219345093
v 0.002177000045776367 -0.04456698149442673 0.03502500057220459
v 0.005838990211486816 -0.04529093950986862 0.0333169586956501
v 0.03425794094800949 0.016978969797492027 0.10710199922323227
v 0.02767300046980381 0.01078294962644577 0.10369499772787094
v 0.03333896026015282 0.008446991443634033 0.10709399729967117
v 0.002177000045776367 -0.04456698149442673 0.03502500057220459
v -0.004941998980939388 -0.04299097880721092 0.03363697975873947
v 0.005838990211486816 -0.04529093950986862 0.0333169586956501
v -0.004941998980939388 -0.04299097880721092 0.03363697975873947
v -0.007278977893292904 -0.04200398176908493 0.03348195180296898
v 0.005838990211486816 -0.04529093950986862 0.0333169586956501
v 0.0459669791162014 0.01874195970594883 0.10998500138521194
v 0.044931940734386444 0.018523989245295525 0.10992900282144547
v 0.047544948756694794 0.01862799935042858 0.11018099635839462
v 0.044931940734386444 0.018523989245295525 0.10992900282144547
v 0.04717295989394188 0.018390949815511703 0.11018799990415573
v 0.047544948756694794 0.01862799935042858 0.11018099635839462
v 0.04755394905805588 -0.04025696963071823 0.0331529900431633
v 0.03269898146390915 -0.04528294876217842 0.033288948237895966
v 0.005838990211486816 -0.04529093950986862 0.0333169586956501
v 0.041867971420288086 0.023938000202178955 0.10817299783229828
v 0.04109596833586693 0.024355940520763397 0.1079230010509491
v 0.0409199483692646 0.023846980184316635 0.10802999883890152
v 0.03269898146390915 -0.04528294876217842 0.033288948237895966
v 0.021508989855647087 -0.046025991439819336 0.033532969653606415
v 0.005838990211486816 -0.04529093950986862 0.0333169586956501
v -0.004941998980939388 -0.04299097880721092 0.03363697975873947
v -0.0062839980237185955 -0.04252098873257637 0.033668991178274155
v -0.007278977893292904 -0.04200398176908493 0.03348195180296898
v 0.052794989198446274 -0.0037009709049016237 0.11246199905872345
v 0.05041199177503586 -0.01110094040632248 0.11173199862241745
v 0.05381900072097778 -0.0037109849508851767 0.1124970018863678
v 0.13752290606498718 -0.0366859994828701 0.0674469992518425
v 0.13774999976158142 -0.036713000386953354 0.06971894949674606
v 0.13761599361896515 -0.03701198101043701 0.06961297243833542
v 0.052794989198446274 -0.0037009709049016237 0.11246199905872345
v 0.051664941012859344 -0.0036879770923405886 0.11238899827003479
v 0.05041199177503586 -0.01110094040632248 0.11173199862241745
v -0.007489978801459074 -0.04129600152373314 0.035104990005493164
v -0.008687973022460938 -0.04066300019621849 0.03373897075653076
v -0.007278977893292904 -0.04200398176908493 0.03348195180296898
v -0.008687973022460938 -0.04066300019621849 0.03373897075653076
v -0.009079991839826107 -0.040307991206645966 0.03357100114226341
v -0.007278977893292904 -0.04200398176908493 0.03348195180296898
v 0.04095900058746338 0.0011699789902195334 0.1103150025010109
v 0.03932398185133934 0.006201982032507658 0.10966400057077408
v 0.039174970239400864 0.00019999999494757503 0.10973100364208221
v -0.009079991839826107 -0.040307991206645966 0.03357100114226341
v -0.014043980278074741 0.0037269589956849813 0.03318798169493675
v -0.007278977893292904 -0.04200398176908493 0.03348195180296898
v -0.01347993966192007 -0.013232939876616001 0.03348296135663986
v -0.013833990320563316 -0.007896958850324154 0.03354698047041893
v -0.014043980278074741 0.0037269589956849813 0.03318798169493675
v 0.04197198152542114 0.024157999083399773 0.10812690109014511
v 0.042973991483449936 0.02426600083708763 0.10823500156402588
v 0.04257398098707199 0.025015950202941895 0.10795500129461288
v -0.013833990320563316 -0.007896958850324154 0.03354698047041893
v -0.013635990209877491 0.00019999999494757503 0.03430293872952461
v -0.014043980278074741 0.0037269589956849813 0.03318798169493675
v 0.042973991483449936 0.02426600083708763 0.10823500156402588
v 0.04454696178436279 0.025410950183868408 0.10800100117921829
v 0.04257398098707199 0.025015950202941895 0.10795500129461288
v -0.013635990209877491 0.00019999999494757503 0.03430293872952461
v -0.013856939971446991 0.01148897036910057 0.03319697827100754
v -0.014043980278074741 0.0037269589956849813 0.03318798169493675
v 0.04454696178436279 0.025410950183868408 0.10800100117921829
v 0.04431997984647751 0.027165940031409264 0.10740900039672852
v 0.04257398098707199 0.025015950202941895 0.10795500129461288
v -0.009079991839826107 -0.040307991206645966 0.03357100114226341
v -0.01347993966192007 -0.013232939876616001 0.03348296135663986
v -0.014043980278074741 0.0037269589956849813 0.03318798169493675
v 0.08198297023773193 -0.04138195142149925 0.09372495859861374
v 0.0795089602470398 -0.042361970990896225 0.09203194826841354
v 0.08218497037887573 -0.04307800158858299 0.08963900059461594
v -0.013635990209877491 0.00019999999494757503 0.03430293872952461
v 0.0259319506585598 0.006171940825879574 0.10251399874687195
v -0.013856939971446991 0.01148897036910057 0.03319697827100754
v 0.05041199177503586 -0.01110094040632248 0.11173199862241745
v 0.0495329387485981 -0.0035589931067079306 0.11213900148868561
v 0.04785298928618431 -0.011117990128695965 0.11153099685907364
v 0.07599496096372604 0.027499970048666 0.1073819026350975
v 0.04632794111967087 0.02629196085035801 0.10782399773597717
v 0.07599996775388718 0.018543949350714684 0.1102370023727417
v 0.1372630000114441 -0.035628970712423325 0.0870809480547905
v 0.13739900290966034 -0.03426295146346092 0.0904499813914299
v 0.08218497037887573 -0.04307800158858299 0.08963900059461594
v 0.13739900290966034 -0.03426295146346092 0.0904499813914299
v 0.08543895930051804 -0.041176971048116684 0.0930820107460022
v 0.08218497037887573 -0.04307800158858299 0.08963900059461594
v 0.13774999976158142 -0.012848969548940659 0.040205951780080795
v 0.1376660019159317 -0.007995963096618652 0.038510970771312714
v 0.13774999976158142 -0.0077599878422915936 0.03873395174741745
v 0.07912694662809372 -0.042427949607372284 0.09193295240402222
v 0.07779598236083984 -0.04248594865202904 0.09190601110458374
v 0.07599496096372604 -0.04318796843290329 0.09028798341751099
v 0.07779598236083984 -0.04248594865202904 0.09190601110458374
v 0.0753699466586113 -0.042250990867614746 0.0925629734992981
v 0.07599496096372604 -0.04318796843290329 0.09028798341751099
v 0.13356000185012817 -0.001376986037939787 0.036101989448070526
v 0.13734999299049377 -0.008044958114624023 0.03828895092010498
v 0.13307300209999084 -0.001157999038696289 0.03591698035597801
v 0.033217959105968475 -0.04344999045133591 0.08607196062803268
v 0.035124000161886215 -0.04495298117399216 0.08094298094511032
v 0.03651499003171921 -0.044514000415802 0.08366197347640991
v 0.053419940173625946 -0.043227970600128174 0.0901859924197197
v 0.07599496096372604 -0.04322296008467674 0.09018497914075851
v 0.07599496096372604 -0.04318796843290329 0.09028798341751099
v 0.07599496096372604 -0.043275948613882065 0.09002596139907837
v 0.03823399171233177 -0.041701968759298325 0.09238194674253464
v 0.03668797016143799 -0.041773971170186996 0.0918719694018364
v 0.041698988527059555 -0.04285097122192383 0.0901859924197197
v 0.03379594907164574 -0.041495971381664276 0.09180498123168945
v 0.03959494084119797 -0.03838396072387695 0.1003279983997345
v 0.0316929817199707 -0.04123497009277344 0.09179996699094772
v 0.03423595055937767 0.03243695944547653 0.10366600006818771
v 0.0337599515914917 0.03478996828198433 0.10253799706697464
v 0.03189795836806297 0.03341298922896385 0.1024869978427887
v 0.03734796866774559 -0.037367988377809525 0.1014460027217865
v 0.03515499085187912 -0.037290990352630615 0.10058200359344482
v 0.030020950362086296 -0.04087299108505249 0.0918799564242363
v 0.03515499085187912 -0.037290990352630615 0.10058200359344482
v 0.035058971494436264 -0.03715996816754341 0.10075200349092484
v 0.030020950362086296 -0.04087299108505249 0.0918799564242363
v 0.035058971494436264 -0.03715996816754341 0.10075200349092484
v 0.03234899044036865 -0.03710496053099632 0.09910296648740768
v 0.030020950362086296 -0.04087299108505249 0.0918799564242363
v 0.03234899044036865 -0.03710496053099632 0.09910296648740768
v 0.02891295962035656 -0.04036998003721237 0.09193199127912521
v 0.030020950362086296 -0.04087299108505249 0.0918799564242363
v 0.03823399171233177 -0.041701968759298325 0.09238194674253464
v 0.03959494084119797 -0.03838396072387695 0.1003279983997345
v 0.03668797016143799 -0.041773971170186996 0.0918719694018364
v 0.03379594907164574 -0.041495971381664276 0.09180498123168945
v 0.1372630000114441 -0.035628970712423325 0.0870809480547905
v 0.13726100325584412 -0.03617994859814644 0.08527296036481857
v 0.13748599588871002 -0.03603196144104004 0.08542095869779587
v 0.0348549410700798 -0.035654958337545395 0.10240499675273895
v 0.033880941569805145 -0.03489195927977562 0.10253000259399414
v 0.03234899044036865 -0.03710496053099632 0.09910296648740768
v 0.033880941569805145 -0.03489195927977562 0.10253000259399414
v 0.032269950956106186 -0.037102989852428436 0.09904395788908005
v 0.03234899044036865 -0.03710496053099632 0.09910296648740768
v 0.032269950956106186 -0.037102989852428436 0.09904395788908005
v 0.02742600068449974 -0.03961699828505516 0.09199898689985275
v 0.03234899044036865 -0.03710496053099632 0.09910296648740768
v 0.029668979346752167 -0.037041958421468735 0.09708499163389206
v 0.027628950774669647 -0.03698693960905075 0.09526801109313965
v 0.025646980851888657 -0.03820794075727463 0.09205996245145798
v 0.029668979346752167 -0.037041958421468735 0.09708499163389206
v 0.027628950774669647 -0.03698693960905075 0.09526801109313965
v 0.025556979700922966 -0.03810197114944458 0.09206198900938034
v 0.025646980851888657 -0.03820794075727463 0.09205996245145798
v 0.044131990522146225 -0.0037639730144292116 0.11116000264883041
v 0.046462949365377426 -0.011114000342786312 0.11135599762201309
v 0.04835294932126999 -0.0036939969286322594 0.11195000261068344
v 0.13370099663734436 -0.00019999999494757503 0.03599094972014427
v 0.1375180035829544 -0.00019999999494757503 0.037540968507528305
v 0.13749699294567108 -0.002795994048938155 0.03762400150299072
v 0.02895396016538143 -0.029390990734100342 0.10253000259399414
v 0.03140097111463547 -0.029424959793686867 0.10367099940776825
v 0.030361950397491455 -0.02776199020445347 0.10367599874734879
v 0.03031598962843418 -0.03145796060562134 0.10256090015172958
v 0.03641295060515404 -0.023042969405651093 0.10710790008306503
v 0.04004395008087158 -0.017642969265580177 0.1091890037059784
v 0.035332970321178436 -0.021154990419745445 0.10710500180721283
v 0.04015696048736572 -0.01867597922682762 0.10901399701833725
v 0.04123597964644432 -0.020434970036149025 0.10893899947404861
v 0.04004395008087158 -0.017642969265580177 0.1091890037059784
v 0.04123597964644432 -0.020434970036149025 0.10893899947404861
v 0.042012978345155716 -0.016752000898122787 0.10980600118637085
v 0.04004395008087158 -0.017642969265580177 0.1091890037059784
v 0.042012978345155716 -0.016752000898122787 0.10980600118637085
v 0.04082493856549263 -0.016586950048804283 0.10952500253915787
v 0.04004395008087158 -0.017642969265580177 0.1091890037059784
v 0.04082493856549263 -0.016586950048804283 0.10952500253915787
v 0.03994195908308029 -0.016487950459122658 0.10928899794816971
v 0.04004395008087158 -0.017642969265580177 0.1091890037059784
v 0.04004395008087158 -0.017642969265580177 0.1091890037059784
v 0.04045896977186203 -0.012488960288465023 0.10983800143003464
v 0.04190599173307419 -0.013309000059962273 0.11017999798059464
v 0.04082493856549263 -0.016586950048804283 0.10952500253915787
v 0.042012978345155716 -0.016752000898122787 0.10980600118637085
v 0.04190599173307419 -0.013309000059962273 0.11017999798059464
v 0.042012978345155716 -0.016752000898122787 0.10980600118637085
v 0.04509996995329857 -0.011109939776360989 0.11112499982118607
v 0.04190599173307419 -0.013309000059962273 0.11017999798059464
v 0.04004395008087158 -0.017642969265580177 0.1091890037059784
v 0.03462295979261398 -0.019108949229121208 0.10710299760103226
v 0.035332970321178436 -0.021154990419745445 0.10710500180721283
v 0.04318498820066452 -0.0034249420277774334 0.11092700064182281
v 0.04198997840285301 -0.004811942111700773 0.11057399958372116
v 0.04257500171661377 -0.010383959859609604 0.11056999862194061
v 0.024744980037212372 -0.03697197884321213 0.09224998205900192
v 0.07599996775388718 -0.03155297040939331 0.10564800351858139
v 0.04592198133468628 -0.02761095017194748 0.10731299966573715
v 0.0443989597260952 -0.031535979360342026 0.10563699901103973
v 0.04835294932126999 -0.0036939969286322594 0.11195000261068344
v 0.047342948615550995 0.003721951972693205 0.11182799935340881
v 0.04666893929243088 0.003653943073004484 0.11170700192451477
v 0.052407968789339066 0.0022529950365424156 0.03285098075866699
v 0.07116597145795822 -0.004306972026824951 0.032857950776815414
v 0.05235499143600464 -0.006404994986951351 0.03287196159362793
v 0.04950999841094017 0.0035519590601325035 0.11213400214910507
v 0.05089794844388962 0.0036989450454711914 0.1123180016875267
v 0.047342948615550995 0.003721951972693205 0.11182799935340881
v 0.07730895280838013 -0.025598999112844467 0.10798899829387665
v 0.04916995018720627 -0.018495969474315643 0.11024300009012222
v 0.04632794111967087 -0.02629196085035801 0.10782399773597717
v 0.04767495021224022 -0.04565196856856346 0.08096498250961304
v 0.0717960000038147 -0.046018000692129135 0.07513599842786789
v 0.07216297835111618 -0.045589979737997055 0.08127397298812866
v 0.04717295989394188 0.018390949815511703 0.11018799990415573
v 0.044931940734386444 0.018523989245295525 0.10992900282144547
v 0.04367195814847946 0.01817196048796177 0.10985899716615677
v 0.03334200009703636 -0.00844794511795044 0.10709299892187119
v 0.030901959165930748 -0.00019999999494757503 0.10595999658107758
v 0.0276869498193264 -0.01078294962644577 0.10369499772787094
v 0.04484599083662033 -0.025544999167323112 0.10798200219869614
v 0.04373496025800705 -0.025125980377197266 0.10806199908256531
v 0.04632794111967087 -0.02629196085035801 0.10782399773597717
v 0.044384948909282684 -0.02722894959151745 0.10739699751138687
v 0.04592198133468628 -0.02761095017194748 0.10731299966573715
v 0.04632794111967087 -0.02629196085035801 0.10782399773597717
v 0.0861879512667656 0.04454195126891136 0.06395094841718674
v 0.09134995192289352 0.04438095912337303 0.06846194714307785
v 0.09121494740247726 0.04382896050810814 0.06395094841718674
v 0.04785298928618431 -0.011117990128695965 0.11153099685907364
v 0.04489796981215477 -0.01853197067975998 0.109934002161026
v 0.047544948756694794 -0.01862799935042858 0.11018099635839462
v 0.04489796981215477 -0.01853197067975998 0.109934002161026
v 0.04323196038603783 -0.019800959154963493 0.10944300144910812
v 0.047544948756694794 -0.01862799935042858 0.11018099635839462
v 0.04323196038603783 -0.019800959154963493 0.10944300144910812
v 0.042931970208883286 -0.02426796965301037 0.10823199898004532
v 0.047544948756694794 -0.01862799935042858 0.11018099635839462
v 0.042931970208883286 -0.02426796965301037 0.10823199898004532
v 0.04373496025800705 -0.025125980377197266 0.10806199908256531
v 0.047544948756694794 -0.01862799935042858 0.11018099635839462
v 0.04373496025800705 -0.025125980377197266 0.10806199908256531
v 0.04484599083662033 -0.025544999167323112 0.10798200219869614
v 0.047544948756694794 -0.01862799935042858 0.11018099635839462
v 0.13747400045394897 -0.021640950813889503 0.10564099997282028
v 0.13774999976158142 -0.0214079599827528 0.10531000047922134
v 0.13749900460243225 -0.02020495943725109 0.1065950021147728
v 0.13774999976158142 -0.0214079599827528 0.10531000047922134
v 0.13774999976158142 -0.02105896919965744 0.10554400086402893
v 0.13749900460243225 -0.02020495943725109 0.1065950021147728
v 0.13725900650024414 -0.019932979717850685 0.10687900334596634
v 0.13747400045394897 -0.021640950813889503 0.10564099997282028
v 0.13749900460243225 -0.02020495943725109 0.1065950021147728
v 0.0443989597260952 -0.031535979360342026 0.10563699901103973
v 0.07599996775388718 -0.032801978290081024 0.10502400249242783
v 0.07599996775388718 -0.03155297040939331 0.10564800351858139
v 0.041439950466156006 -0.027129940688610077 0.10711690038442612
v 0.039148978888988495 -0.03493499010801315 0.10366900265216827
v 0.04351197928190231 -0.02780698984861374 0.10711999982595444
v 0.07900898903608322 -0.035658951848745346 0.10338900238275528
v 0.07985395193099976 -0.03738296031951904 0.10226500034332275
v 0.07974796742200851 -0.035651981830596924 0.10332299768924713
v 0.05003898963332176 0.011130980215966702 0.11170399934053421
v 0.04717295989394188 0.018390949815511703 0.11018799990415573
v 0.04842095822095871 0.011087000370025635 0.11159499734640121
v 0.1375889927148819 0.0370059609413147 0.06944698095321655
v 0.1377449929714203 0.03706597909331322 0.07349895685911179
v 0.1377449929714203 0.03668098896741867 0.06949596852064133
v 0.031676940619945526 0.046220000833272934 0.05487494915723801
v 0.035647980868816376 0.04613000154495239 0.06892496347427368
v 0.03691697120666504 0.046220000833272934 0.06395094841718674
v 0.035647980868816376 0.04613000154495239 0.06892496347427368
v 0.042766980826854706 0.04621696099638939 0.06892894953489304
v 0.03691697120666504 0.046220000833272934 0.06395094841718674
v 0.042766980826854706 0.04621696099638939 0.06892894953489304
v 0.031676940619945526 0.046220000833272934 0.05487494915723801
v 0.03691697120666504 0.046220000833272934 0.06395094841718674
v 0.0408019982278347 0.045390959829092026 0.04958397150039673
v 0.0194929800927639 0.0437929593026638 0.03325200080871582
v 0.031676940619945526 0.046220000833272934 0.05487494915723801
v 0.03659497946500778 0.03739994019269943 0.10116399824619293
v 0.0316929817199707 0.04123497009277344 0.09179996699094772
v 0.02959894947707653 0.0407329685986042 0.0919029712677002
v 0.026008959859609604 0.04561996087431908 0.06395000219345093
v 0.03237700089812279 0.04611599072813988 0.06395000219345093
v 0.031676940619945526 0.046220000833272934 0.05487494915723801
v 0.03237700089812279 0.04611599072813988 0.06395000219345093
v 0.042766980826854706 0.04621696099638939 0.06892894953489304
v 0.0717960000038147 0.046018000692129135 0.07513599842786789
v 0.031676940619945526 0.046220000833272934 0.05487494915723801
v 0.0717960000038147 0.046018000692129135 0.07513599842786789
v 0.07833600044250488 0.04596494883298874 0.07515496015548706
v 0.031676940619945526 0.046220000833272934 0.05487494915723801
v 0.1374099999666214 0.014806980267167091 0.040538959205150604
v 0.1377449929714203 0.019499000161886215 0.043459948152303696
v 0.1377449929714203 0.014324960298836231 0.04079895839095116
v 0.023277990520000458 -0.04098194092512131 0.08610600233078003
v 0.02103297971189022 -0.042380981147289276 0.08084797114133835
v 0.02360397018492222 -0.04122895002365112 0.08610600233078003
v 0.13336190581321716 0.001286983024328947 0.11397299915552139
v 0.13750599324703217 0.0034019940067082644 0.11232300102710724
v 0.1372459977865219 0.0049009909853339195 0.11223000288009644
v 0.07599996775388718 -0.027499970048666 0.1073819026350975
v 0.045175958424806595 0.0461459681391716 0.07492297142744064
v 0.0717960000038147 0.046018000692129135 0.07513599842786789
v 0.042766980826854706 0.04621696099638939 0.06892894953489304
v 0.04177498072385788 0.04530197009444237 0.049022968858480453
v 0.0194929800927639 0.0437929593026638 0.03325200080871582
v 0.0408019982278347 0.045390959829092026 0.04958397150039673
v 0.07834898680448532 0.04576997831463814 0.06896697729825974
v 0.04177498072385788 0.04530197009444237 0.049022968858480453
v 0.0408019982278347 0.045390959829092026 0.04958397150039673
v 0.04661095142364502 0.035392988473176956 0.03334397077560425
v 0.049450989812612534 0.03329097852110863 0.03289895877242088
v 0.0194929800927639 0.0437929593026638 0.03325200080871582
v 0.049450989812612534 0.03329097852110863 0.03289895877242088
v 0.0028519630432128906 0.04243599995970726 0.032948970794677734
v 0.0194929800927639 0.0437929593026638 0.03325200080871582
v 0.0028519630432128906 0.04243599995970726 0.032948970794677734
v 0.005778967868536711 0.04287498816847801 0.035671938210725784
v 0.0194929800927639 0.0437929593026638 0.03325200080871582
v 0.04177498072385788 0.04530197009444237 0.049022968858480453
v 0.08501999825239182 0.044696979224681854 0.06395094841718674
v 0.0194929800927639 0.0437929593026638 0.03325200080871582
v 0.08501999825239182 0.044696979224681854 0.06395094841718674
v 0.08623397350311279 0.04341799020767212 0.05942397937178612
v 0.0194929800927639 0.0437929593026638 0.03325200080871582
v 0.08623397350311279 0.04341799020767212 0.05942397937178612
v 0.09086298197507858 0.04143296927213669 0.05598098039627075
v 0.0194929800927639 0.0437929593026638 0.03325200080871582
v 0.09086298197507858 0.04143296927213669 0.05598098039627075
v 0.09475194662809372 0.040682971477508545 0.05598098039627075
v 0.0194929800927639 0.0437929593026638 0.03325200080871582
v 0.09475194662809372 0.040682971477508545 0.05598098039627075
v 0.13734500110149384 0.03223495930433273 0.055677950382232666
v 0.0194929800927639 0.0437929593026638 0.03325200080871582
v 0.13734500110149384 0.03223495930433273 0.055677950382232666
v 0.13738200068473816 0.028814969584345818 0.050919950008392334
v 0.0194929800927639 0.0437929593026638 0.03325200080871582
v 0.13738200068473816 0.028814969584345818 0.050919950008392334
v 0.13750900328159332 0.02462797984480858 0.0467679500579834
v 0.0194929800927639 0.0437929593026638 0.03325200080871582
v 0.13750900328159332 0.02462797984480858 0.0467679500579834
v 0.13724489510059357 0.02246898040175438 0.04499495029449463
v 0.0194929800927639 0.0437929593026638 0.03325200080871582
v 0.13724489510059357 0.02246898040175438 0.04499495029449463
v 0.04661095142364502 0.035392988473176956 0.03334397077560425
v 0.0194929800927639 0.0437929593026638 0.03325200080871582
v 0.0028519630432128906 0.04243599995970726 0.032948970794677734
v 0.01934598945081234 0.0446469709277153 0.06395000219345093
v 0.005778967868536711 0.04287498816847801 0.035671938210725784
v 0.01934598945081234 0.0446469709277153 0.06395000219345093
v 0.02344994992017746 0.04525094851851463 0.06395000219345093
v 0.005778967868536711 0.04287498816847801 0.035671938210725784
v 0.02344994992017746 0.04525094851851463 0.06395000219345093
v 0.026008959859609604 0.04561996087431908 0.06395000219345093
v 0.005778967868536711 0.04287498816847801 0.035671938210725784
v 0.02344994992017746 0.04525094851851463 0.06395000219345093
v 0.028584949672222137 0.04558097943663597 0.0689150020480156
v 0.026008959859609604 0.04561996087431908 0.06395000219345093
v 0.13771499693393707 0.03456699103116989 0.06106400117278099
v 0.13734500110149384 0.03223495930433273 0.055677950382232666
v 0.1374288946390152 0.034814950078725815 0.06096398085355759
v 0.08480995148420334 0.045374978333711624 0.06878697127103806
v 0.04177498072385788 0.04530197009444237 0.049022968858480453
v 0.07834898680448532 0.04576997831463814 0.06896697729825974
v 0.04367195814847946 0.01817196048796177 0.10985899716615677
v 0.04509996995329857 0.01111495029181242 0.11112599819898605
v 0.046088989824056625 0.011064940132200718 0.11130400002002716
v 0.02344994992017746 0.04525094851851463 0.06395000219345093
v 0.01934598945081234 0.0446469709277153 0.06395000219345093
v 0.028584949672222137 0.04558097943663597 0.0689150020480156
v 0.01934598945081234 0.0446469709277153 0.06395000219345093
v 0.02163398079574108 0.044545941054821014 0.06888800114393234
v 0.028584949672222137 0.04558097943663597 0.0689150020480156
v 0.08480995148420334 0.045374978333711624 0.06878697127103806
v 0.08501999825239182 0.044696979224681854 0.06395094841718674
v 0.04177498072385788 0.04530197009444237 0.049022968858480453
v 0.13724489510059357 0.02246898040175438 0.04499495029449463
v 0.13750900328159332 0.01991897076368332 0.043269988149404526
v 0.04661095142364502 0.035392988473176956 0.03334397077560425
v 0.13750900328159332 0.01991897076368332 0.043269988149404526
v 0.1374099999666214 0.014806980267167091 0.040538959205150604
v 0.04661095142364502 0.035392988473176956 0.03334397077560425
v 0.1374099999666214 0.014806980267167091 0.040538959205150604
v 0.049450989812612534 0.03329097852110863 0.03289895877242088
v 0.04661095142364502 0.035392988473176956 0.03334397077560425
v 0.1374099999666214 0.014806980267167091 0.040538959205150604
v 0.13750900328159332 0.009162962436676025 0.03867398947477341
v 0.049450989812612534 0.03329097852110863 0.03289895877242088
v 0.13750900328159332 0.009162962436676025 0.03867398947477341
v 0.13245199620723724 0.0019659989047795534 0.035948991775512695
v 0.049450989812612534 0.03329097852110863 0.03289895877242088
v 0.13245199620723724 0.0019659989047795534 0.035948991775512695
v 0.09570895880460739 0.003217994933947921 0.0328899584710598
v 0.049450989812612534 0.03329097852110863 0.03289895877242088
v 0.09570895880460739 0.003217994933947921 0.0328899584710598
v 0.07118897885084152 0.004363954067230225 0.03285700082778931
v 0.049450989812612534 0.03329097852110863 0.03289895877242088
v 0.07118897885084152 0.004363954067230225 0.03285700082778931
v 0.04930698126554489 0.030014989897608757 0.032891981303691864
v 0.04960595816373825 0.03181295841932297 0.032895978540182114
v 0.07715796679258347 0.03563797101378441 0.1034649983048439
v 0.07599598169326782 0.03746097907423973 0.10243300348520279
v 0.07523994892835617 0.03565299138426781 0.10345499962568283
v 0.010803990066051483 0.042472001165151596 0.06395000219345093
v 0.011234990321099758 0.04265296086668968 0.06395000219345093
v 0.0028519630432128906 0.04243599995970726 0.032948970794677734
v 0.011234990321099758 0.04265296086668968 0.06395000219345093
v 0.012509999796748161 0.043163001537323 0.06395000219345093
v 0.0028519630432128906 0.04243599995970726 0.032948970794677734
v 0.012509999796748161 0.043163001537323 0.06395000219345093
v 0.01934598945081234 0.0446469709277153 0.06395000219345093
v 0.0028519630432128906 0.04243599995970726 0.032948970794677734
v 0.09086298197507858 0.04274898022413254 0.05954694002866745
v 0.09086298197507858 0.04143296927213669 0.05598098039627075
v 0.08623397350311279 0.04341799020767212 0.05942397937178612
v 0.13742700219154358 0.03737496957182884 0.07849597185850143
v 0.08458501100540161 0.045542001724243164 0.07476896047592163
v 0.08458899706602097 0.04510295018553734 0.08069795370101929
v 0.1374288946390152 0.034814950078725815 0.06096398085355759
v 0.09475194662809372 0.040682971477508545 0.05598098039627075
v 0.09086298197507858 0.04143296927213669 0.05598098039627075
v 0.1374288946390152 0.034814950078725815 0.06096398085355759
v 0.13724489510059357 0.033577971160411835 0.058338988572359085
v 0.09475194662809372 0.040682971477508545 0.05598098039627075
v 0.13724489510059357 0.033577971160411835 0.058338988572359085
v 0.13734500110149384 0.03223495930433273 0.055677950382232666
v 0.09475194662809372 0.040682971477508545 0.05598098039627075
v 0.07779598236083984 -0.04248594865202904 0.09190601110458374
v 0.08007597178220749 -0.03772896155714989 0.10170499980449677
v 0.07901494950056076 -0.03757195919752121 0.10211999714374542
v 0.03641295060515404 -0.023042969405651093 0.10710790008306503
v 0.030007949098944664 -0.02690500020980835 0.10367800295352936
v 0.030361950397491455 -0.02776199020445347 0.10367599874734879
v 0.13771499693393707 0.028584949672222137 0.05108296126127243
v 0.1377449929714203 0.024022990837693214 0.04672795161604881
v 0.13750900328159332 0.02462797984480858 0.0467679500579834
v 0.027687959372997284 0.040838949382305145 0.09038496017456055
v 0.026479950174689293 0.042331989854574203 0.08610694855451584
v 0.02452296018600464 0.04170798882842064 0.08610694855451584
v 0.04767495021224022 0.04565196856856346 0.08096498250961304
v 0.06768696755170822 0.044587958604097366 0.08611196279525757
v 0.07216297835111618 0.045589979737997055 0.08127397298812866
v 0.015474970452487469 0.043198999017477036 0.06884098052978516
v 0.01934598945081234 0.0446469709277153 0.06395000219345093
v 0.012509999796748161 0.043163001537323 0.06395000219345093
v 0.1374509036540985 -0.037356968969106674 0.07849395275115967
v 0.08458501100540161 -0.045542001724243164 0.07476896047592163
v 0.13748799264431 -0.0374179407954216 0.07719498127698898
v 0.13748900592327118 0.03745096176862717 0.07637900114059448
v 0.13750700652599335 0.0374639593064785 0.07552599161863327
v 0.08458501100540161 0.045542001724243164 0.07476896047592163
v 0.13750700652599335 0.0374639593064785 0.07552599161863327
v 0.13751600682735443 0.03745995834469795 0.0749729797244072
v 0.08458501100540161 0.045542001724243164 0.07476896047592163
v 0.13751600682735443 0.03745995834469795 0.0749729797244072
v 0.13750599324703217 0.0374409481883049 0.07348400354385376
v 0.08458501100540161 0.045542001724243164 0.07476896047592163
v 0.13750599324703217 0.0374409481883049 0.07348400354385376
v 0.09134995192289352 0.04438095912337303 0.06846194714307785
v 0.08458501100540161 0.045542001724243164 0.07476896047592163
v 0.13733699917793274 -0.03720396012067795 0.06972496956586838
v 0.09086298197507858 -0.043105948716402054 0.06078999862074852
v 0.13725100457668304 -0.03671699017286301 0.0669969916343689
v 0.02895396016538143 -0.029390990734100342 0.10253000259399414
v 0.02451395057141781 -0.03326797112822533 0.09466295689344406
v 0.025667959824204445 -0.03522998094558716 0.09477496147155762
v 0.034097958356142044 0.043564971536397934 0.08606696128845215
v 0.038980960845947266 0.04403996095061302 0.0860469862818718
v 0.035124000161886215 0.04495298117399216 0.08094298094511032
v 0.13774999976158142 -0.036521971225738525 0.08146697282791138
v 0.1374509036540985 -0.037356968969106674 0.07849395275115967
v 0.13774999976158142 -0.03693896159529686 0.07845597714185715
v 0.07599496096372604 0.03155297040939331 0.10564800351858139
v 0.07715796679258347 0.03563797101378441 0.1034649983048439
v 0.07523994892835617 0.03565299138426781 0.10345499962568283
v 0.07839798182249069 -0.044502969831228256 0.08617997169494629
v 0.07226096838712692 -0.04513698071241379 0.08391696214675903
v 0.07835596054792404 -0.04553699120879173 0.08129996061325073
v 0.07599496096372604 0.03155297040939331 0.10564800351858139
v 0.045771948993206024 0.027619000524282455 0.10730600357055664
v 0.07599496096372604 0.027499970048666 0.1073819026350975
v 0.014702970162034035 0.04014796018600464 0.07511799782514572
v 0.017108969390392303 0.03774594888091087 0.08091998100280762
v 0.017862970009446144 0.039698950946331024 0.08072494715452194
v 0.051561951637268066 0.04459499940276146 0.08603297919034958
v 0.06768696755170822 0.044587958604097366 0.08611196279525757
v 0.04767495021224022 0.04565196856856346 0.08096498250961304
v 0.07952796667814255 0.032846979796886444 0.1048939973115921
v 0.13742400705814362 0.019140949472784996 0.10730800032615662
v 0.07952897995710373 0.0355449914932251 0.10342399775981903
v 0.05715297907590866 -0.04460996016860008 0.08603495359420776
v 0.020655980333685875 0.04307597130537033 0.07757096737623215
v 0.07599496096372604 -0.0445549413561821 0.08622795343399048
v 0.08480995148420334 -0.045374978333711624 0.06878697127103806
v 0.03269898146390915 -0.04528294876217842 0.033288948237895966
v 0.08500295132398605 -0.04469894990324974 0.06395094841718674
v 0.044709980487823486 0.041252970695495605 0.09431499242782593
v 0.05341397970914841 0.043227970600128174 0.0901859924197197
v 0.04169594869017601 0.04284995049238205 0.0901859924197197
v -0.013089950196444988 0.020659979432821274 0.032891981303691864
v -0.008709967136383057 0.03014999069273472 0.03286999091506004
v 0.0017149440245702863 0.02907096967101097 0.03285700082778931
v 0.07118897885084152 0.004363954067230225 0.03285700082778931
v 0.052407968789339066 0.0022529950365424156 0.03285098075866699
v 0.0017149440245702863 0.02907096967101097 0.03285700082778931
v 0.03000395931303501 0.026902969926595688 0.10367800295352936
v 0.027875950559973717 0.02683698944747448 0.10248599946498871
v 0.02922694943845272 0.0248409491032362 0.10368499904870987
v -0.011157980188727379 0.0331609807908535 0.03352499008178711
v -0.010980959981679916 0.03255796059966087 0.0329740010201931
v -0.011822990141808987 0.030779000371694565 0.03287297114729881
v 0.1377449929714203 0.014324960298836231 0.04079895839095116
v 0.1377449929714203 0.008533953689038754 0.03889495134353638
v 0.13750900328159332 0.009162962436676025 0.03867398947477341
v 0.040763970464468 -0.02345496043562889 0.10811000317335129
v 0.03641295060515404 -0.023042969405651093 0.10710790008306503
v 0.03782600164413452 -0.024706000462174416 0.10711099952459335
v 0.03477298840880394 -0.03283398970961571 0.10366600006818771
v 0.031992968171834946 -0.03342396020889282 0.1025099977850914
v 0.033880941569805145 -0.03489195927977562 0.10253000259399414
v 0.13724489510059357 0.006537972949445248 0.03808896988630295
v 0.1330849975347519 0.0011199710424989462 0.03591597080230713
v 0.13750900328159332 0.009162962436676025 0.03867398947477341
v 0.1330849975347519 0.0011199710424989462 0.03591597080230713
v 0.13245199620723724 0.0019659989047795534 0.035948991775512695
v 0.13750900328159332 0.009162962436676025 0.03867398947477341
v 0.1330849975347519 0.0011199710424989462 0.03591597080230713
v 0.09570895880460739 0.003217994933947921 0.0328899584710598
v 0.13245199620723724 0.0019659989047795534 0.035948991775512695
v 0.13774999976158142 -0.037094950675964355 0.07498198002576828
v 0.13774999976158142 -0.0370899997651577 0.07561098784208298
v 0.13752900063991547 -0.03745894879102707 0.07497096061706543
v 0.1330849975347519 0.0011199710424989462 0.03591597080230713
v 0.1334030032157898 0.00019999999494757503 0.035905949771404266
v 0.09570895880460739 0.003217994933947921 0.0328899584710598
v 0.13774999976158142 -0.0370899997651577 0.07561098784208298
v 0.13774999976158142 -0.03705596178770065 0.07667601108551025
v 0.13752900063991547 -0.03745894879102707 0.07497096061706543
v -0.013341959565877914 -0.007431983016431332 0.034582968801259995
v 0.0264129601418972 -0.01487897988408804 0.1025099977850914
v 0.02579497918486595 -0.007430970203131437 0.1023498997092247
v 0.13774999976158142 -0.03705596178770065 0.07667601108551025
v 0.13752500712871552 -0.037423960864543915 0.07662200182676315
v 0.13752900063991547 -0.03745894879102707 0.07497096061706543
v 0.13752500712871552 -0.037423960864543915 0.07662200182676315
v 0.13749100267887115 -0.0374709889292717 0.07564698904752731
v 0.13752900063991547 -0.03745894879102707 0.07497096061706543
v 0.13362200558185577 -0.00019999999494757503 0.1140419989824295
v 0.1375119984149933 0.00020099998801015317 0.11247099936008453
v 0.13359899818897247 0.00019999999494757503 0.11404900252819061
v 0.13752500712871552 -0.037423960864543915 0.07662200182676315
v 0.13748799264431 -0.0374179407954216 0.07719498127698898
v 0.13749100267887115 -0.0374709889292717 0.07564698904752731
v 0.13752500712871552 -0.037423960864543915 0.07662200182676315
v 0.13774999976158142 -0.03693896159529686 0.07845597714185715
v 0.13748799264431 -0.0374179407954216 0.07719498127698898
v 0.13774999976158142 -0.03693896159529686 0.07845597714185715
v 0.1374509036540985 -0.037356968969106674 0.07849395275115967
v 0.13748799264431 -0.0374179407954216 0.07719498127698898
v -0.011822990141808987 0.030779000371694565 0.03287297114729881
v -0.012750980444252491 0.019565990194678307 0.03411196917295456
v -0.011157980188727379 0.0331609807908535 0.03352499008178711
v 0.04109596833586693 0.024355940520763397 0.1079230010509491
v 0.04257398098707199 0.025015950202941895 0.10795500129461288
v 0.04206395149230957 0.025772979483008385 0.1076510027050972
v -0.012750980444252491 0.019565990194678307 0.03411196917295456
v 0.02340400032699108 0.030290959402918816 0.09419094771146774
v -0.011157980188727379 0.0331609807908535 0.03352499008178711
v 0.13726000487804413 0.0341789685189724 0.0906059667468071
v 0.08218497037887573 0.04307800158858299 0.08963900059461594
v 0.0826679989695549 0.04083395004272461 0.09476298093795776
v 0.02340400032699108 0.030290959402918816 0.09419094771146774
v 0.02206099033355713 0.03229599818587303 0.09132897108793259
v -0.011157980188727379 0.0331609807908535 0.03352499008178711
v 0.02206099033355713 0.03229599818587303 0.09132897108793259
v 0.021466970443725586 0.03317397087812424 0.09002196043729782
v -0.011157980188727379 0.0331609807908535 0.03352499008178711
v 0.021466970443725586 0.03317397087812424 0.09002196043729782
v 0.020510969683527946 0.03458796814084053 0.08792095631361008
v -0.011157980188727379 0.0331609807908535 0.03352499008178711
v 0.020510969683527946 0.03458796814084053 0.08792095631361008
v 0.019693970680236816 0.035778988152742386 0.08610694855451584
v -0.011157980188727379 0.0331609807908535 0.03352499008178711
v 0.019693970680236816 0.035778988152742386 0.08610694855451584
v 0.007372974883764982 0.03811800107359886 0.06395000219345093
v -0.011157980188727379 0.0331609807908535 0.03352499008178711
v 0.0459669791162014 0.01874195970594883 0.10998500138521194
v 0.04454696178436279 0.025410950183868408 0.10800100117921829
v 0.042973991483449936 0.02426600083708763 0.10823500156402588
v 0.007372974883764982 0.03811800107359886 0.06395000219345093
v 0.007422983180731535 0.038331981748342514 0.06395000219345093
v -0.011157980188727379 0.0331609807908535 0.03352499008178711
v 0.007422983180731535 0.038331981748342514 0.06395000219345093
v 0.008147954009473324 0.04002397879958153 0.06395000219345093
v -0.011157980188727379 0.0331609807908535 0.03352499008178711
v 0.008147954009473324 0.04002397879958153 0.06395000219345093
v 0.008658944629132748 0.04066598042845726 0.06395000219345093
v -0.011157980188727379 0.0331609807908535 0.03352499008178711
v 0.05172394961118698 0.0036829710006713867 0.1123879998922348
v 0.05084699019789696 0.011146959848701954 0.11174099892377853
v 0.05003898963332176 0.011130980215966702 0.11170399934053421
v 0.008658944629132748 0.04066598042845726 0.06395000219345093
v 0.00924897100776434 0.041355960071086884 0.06395000219345093
v -0.011157980188727379 0.0331609807908535 0.03352499008178711
v 0.022054970264434814 -0.04000794142484665 0.08610694855451584
v 0.01934896968305111 -0.03912394866347313 0.08350598067045212
v 0.02217697910964489 -0.04014693945646286 0.08610694855451584
v 0.022054970264434814 -0.04000794142484665 0.08610694855451584
v 0.020870979875326157 -0.038556989282369614 0.08610694855451584
v 0.01934896968305111 -0.03912394866347313 0.08350598067045212
v 0.020270999521017075 -0.03751599043607712 0.08610694855451584
v 0.017862970009446144 -0.039698950946331024 0.08072494715452194
v 0.01934896968305111 -0.03912394866347313 0.08350598067045212
v 0.017596960067749023 0.04259299859404564 0.07526201009750366
v 0.01617198996245861 0.04319797828793526 0.07004696130752563
v 0.012509999796748161 0.043163001537323 0.06395000219345093
v 0.020270999521017075 -0.03751599043607712 0.08610694855451584
v 0.016929980367422104 -0.03767799958586693 0.08064395189285278
v 0.017862970009446144 -0.039698950946331024 0.08072494715452194
v 0.01617198996245861 0.04319797828793526 0.07004696130752563
v 0.015474970452487469 0.043198999017477036 0.06884098052978516
v 0.012509999796748161 0.043163001537323 0.06395000219345093
v 0.015137970447540283 -0.03799998015165329 0.07744300365447998
v 0.01969200000166893 -0.035763971507549286 0.08610694855451584
v 0.013828990049660206 -0.03809899091720581 0.07513999193906784
v 0.09121494740247726 0.04382896050810814 0.06395094841718674
v 0.1372459977865219 0.03671598061919212 0.06699799746274948
v 0.09086298197507858 0.043102968484163284 0.06078999862074852
v 0.018825940787792206 -0.03655498847365379 0.08433300256729126
v 0.020270999521017075 -0.03751599043607712 0.08610694855451584
v 0.01969200000166893 -0.035763971507549286 0.08610694855451584
v 0.13774900138378143 -0.032197948545217514 0.09345494955778122
v 0.1375039964914322 -0.03056894987821579 0.09673798084259033
v 0.13748799264431 -0.03254394978284836 0.09365296363830566
v 0.02136193960905075 -0.036689989268779755 0.0882369801402092
v 0.023763950914144516 -0.03150295838713646 0.09443700313568115
v 0.01969200000166893 -0.035763971507549286 0.08610694855451584
v 0.023763950914144516 -0.03150295838713646 0.09443700313568115
v 0.020914969965815544 -0.03404796123504639 0.08879595249891281
v 0.01969200000166893 -0.035763971507549286 0.08610694855451584
v 0.015137970447540283 -0.03799998015165329 0.07744300365447998
v 0.018825940787792206 -0.03655498847365379 0.08433300256729126
v 0.01969200000166893 -0.035763971507549286 0.08610694855451584
v 0.13770900666713715 0.03563499078154564 0.06404595822095871
v 0.1377449929714203 0.03546195849776268 0.06409894675016403
v 0.13771499693393707 0.03456699103116989 0.06106400117278099
v 0.015137970447540283 -0.03799998015165329 0.07744300365447998
v 0.1377449929714203 0.03546195849776268 0.06409894675016403
v 0.1377449929714203 0.03425395116209984 0.06074994057416916
v 0.13771499693393707 0.03456699103116989 0.06106400117278099
v 0.1377449929714203 0.03425395116209984 0.06074994057416916
v 0.1377449929714203 0.031694941222667694 0.05574797838926315
v 0.13771499693393707 0.03456699103116989 0.06106400117278099
v 0.0316929817199707 0.04123497009277344 0.09179996699094772
v 0.034097958356142044 0.043564971536397934 0.08606696128845215
v 0.027508970350027084 0.042243000119924545 0.08702296018600464
v 0.1377449929714203 0.03425395116209984 0.06074994057416916
v 0.13774999976158142 -0.00019999999494757503 0.037900980561971664
v 0.1377449929714203 0.031694941222667694 0.05574797838926315
v 0.022458970546722412 -0.03555595129728317 0.09047800302505493
v 0.13774999976158142 -0.00019999999494757503 0.037900980561971664
v 0.1377449929714203 0.031694941222667694 0.05574797838926315
v 0.024744980037212372 -0.03697197884321213 0.09224998205900192
v 0.1377449929714203 0.02815794013440609 0.05084395036101341
v 0.1377449929714203 0.024363990873098373 0.047066979110240936
v 0.13771499693393707 0.028584949672222137 0.05108296126127243
v 0.1377449929714203 0.024363990873098373 0.047066979110240936
v 0.1377449929714203 0.024022990837693214 0.04672795161604881
v 0.13771499693393707 0.028584949672222137 0.05108296126127243
v 0.1377449929714203 0.024363990873098373 0.047066979110240936
v 0.13774999976158142 -0.00019999999494757503 0.037900980561971664
v 0.1377449929714203 0.024022990837693214 0.04672795161604881
v 0.02915697917342186 -0.02431296929717064 0.10368700325489044
v 0.028696950525045395 -0.02162395976483822 0.10369200259447098
v 0.027452999725937843 -0.024548940360546112 0.1025099977850914
v 0.13774999976158142 -0.00019999999494757503 0.037900980561971664
v 0.1377449929714203 0.019499000161886215 0.043459948152303696
v 0.1377449929714203 0.024022990837693214 0.04672795161604881
v 0.02915697917342186 -0.02431296929717064 0.10368700325489044
v 0.03462295979261398 -0.019108949229121208 0.10710299760103226
v 0.028696950525045395 -0.02162395976483822 0.10369200259447098
v 0.051561951637268066 0.04459499940276146 0.08603297919034958
v 0.07230298966169357 0.0445699617266655 0.08617597073316574
v 0.06768696755170822 0.044587958604097366 0.08611196279525757
v 0.051561951637268066 0.04459499940276146 0.08603297919034958
v 0.07599496096372604 0.04421894997358322 0.08734797686338425
v 0.07230298966169357 0.0445699617266655 0.08617597073316574
v 0.035770948976278305 -0.042339980602264404 0.0901859924197197
v 0.03651499003171921 -0.044514000415802 0.08366197347640991
v 0.039998941123485565 -0.04416995868086815 0.08604197949171066
v 0.03964196890592575 -0.01272897981107235 0.10954300314188004
v 0.03932499140501022 -0.006200969219207764 0.10966499894857407
v 0.03334200009703636 -0.00844794511795044 0.10709299892187119
v 0.03964196890592575 -0.01272897981107235 0.10954300314188004
v 0.040378980338573456 -0.011304969899356365 0.10986699908971786
v 0.03932499140501022 -0.006200969219207764 0.10966499894857407
v 0.04318498820066452 -0.0034249420277774334 0.11092700064182281
v 0.040378980338573456 -0.011304969899356365 0.10986699908971786
v 0.04100197181105614 -0.008133946917951107 0.11018899828195572
v 0.03932499140501022 -0.006200969219207764 0.10966499894857407
v 0.04100197181105614 -0.008133946917951107 0.11018899828195572
v 0.040954940021038055 -0.006885944865643978 0.11021199822425842
v 0.03932499140501022 -0.006200969219207764 0.10966499894857407
v 0.1372489035129547 0.037199970334768295 0.0805169865489006
v 0.13742700219154358 0.03737496957182884 0.07849597185850143
v 0.08458899706602097 0.04510295018553734 0.08069795370101929
v 0.039174970239400864 0.00019999999494757503 0.10973100364208221
v 0.038795940577983856 -0.00019999999494757503 0.10959400236606598
v 0.03932499140501022 -0.006200969219207764 0.10966499894857407
v 0.13759000599384308 0.03702700138092041 0.08049196004867554
v 0.13749800622463226 0.03740596026182175 0.0771939679980278
v 0.13742700219154358 0.03737496957182884 0.07849597185850143
v 0.039174970239400864 0.00019999999494757503 0.10973100364208221
v 0.03932398185133934 0.006201982032507658 0.10966400057077408
v 0.038795940577983856 -0.00019999999494757503 0.10959400236606598
v 0.13749800622463226 0.03740596026182175 0.0771939679980278
v 0.13748900592327118 0.03745096176862717 0.07637900114059448
v 0.13742700219154358 0.03737496957182884 0.07849597185850143
v 0.03932499140501022 -0.006200969219207764 0.10966499894857407
v 0.13749800622463226 0.03740596026182175 0.0771939679980278
v 0.13750700652599335 0.0374639593064785 0.07552599161863327
v 0.13748900592327118 0.03745096176862717 0.07637900114059448
v 0.04095900058746338 0.0011699789902195334 0.1103150025010109
v 0.041516948491334915 0.002207993995398283 0.11047500371932983
v 0.04099595174193382 0.006650983821600676 0.11023200303316116
v 0.13749800622463226 0.03740596026182175 0.0771939679980278
v 0.1377449929714203 0.03706299886107445 0.07650797814130783
v 0.13750700652599335 0.0374639593064785 0.07552599161863327
v 0.041516948491334915 0.002207993995398283 0.11047500371932983
v 0.04238896816968918 0.0030229680705815554 0.11071690171957016
v 0.04099595174193382 0.006650983821600676 0.11023200303316116
v 0.1377449929714203 0.03706299886107445 0.07650797814130783
v 0.1377449929714203 0.03709297999739647 0.07548695057630539
v 0.13750700652599335 0.0374639593064785 0.07552599161863327
v 0.04238896816968918 0.0030229680705815554 0.11071690171957016
v 0.041612979024648666 0.009423971176147461 0.11032900214195251
v 0.04099595174193382 0.006650983821600676 0.11023200303316116
v 0.1372459977865219 0.03671598061919212 0.06699799746274948
v 0.09134995192289352 0.04438095912337303 0.06846194714307785
v 0.1372469961643219 0.03717796877026558 0.06942199915647507
v 0.041612979024648666 0.009423971176147461 0.11032900214195251
v 0.04096394032239914 0.007933974266052246 0.11018399894237518
v 0.04099595174193382 0.006650983821600676 0.11023200303316116
v 0.041612979024648666 0.009423971176147461 0.11032900214195251
v 0.0419609509408474 0.012860950082540512 0.11026900261640549
v 0.04045497998595238 0.012434950098395348 0.10983999818563461
v 0.1372469961643219 0.03725694864988327 0.0702439472079277
v 0.09134995192289352 0.04438095912337303 0.06846194714307785
v 0.13750599324703217 0.0374409481883049 0.07348400354385376
v 0.04275196045637131 0.01195698045194149 0.11054299771785736
v 0.04509996995329857 0.01111495029181242 0.11112599819898605
v 0.0419609509408474 0.012860950082540512 0.11026900261640549
v 0.1372469961643219 0.03725694864988327 0.0702439472079277
v 0.1372469961643219 0.03717796877026558 0.06942199915647507
v 0.09134995192289352 0.04438095912337303 0.06846194714307785
v 0.04509996995329857 0.01111495029181242 0.11112599819898605
v 0.04202096909284592 0.016457969322800636 0.1098179966211319
v 0.0419609509408474 0.012860950082540512 0.11026900261640549
v 0.03952198848128319 -0.02608400024473667 0.10711400210857391
v 0.03302197903394699 -0.031359970569610596 0.10366799682378769
v 0.03477298840880394 -0.03283398970961571 0.10366600006818771
v 0.04202096909284592 0.016457969322800636 0.1098179966211319
v 0.04082195833325386 0.016570979729294777 0.10952699929475784
v 0.0419609509408474 0.012860950082540512 0.11026900261640549
v 0.041612979024648666 0.009423971176147461 0.11032900214195251
v 0.04275196045637131 0.01195698045194149 0.11054299771785736
v 0.0419609509408474 0.012860950082540512 0.11026900261640549
v 0.020655980333685875 0.04307597130537033 0.07757096737623215
v 0.04202096909284592 0.016457969322800636 0.1098179966211319
v 0.042288001626729965 0.018592000007629395 0.10953190177679062
v 0.04082195833325386 0.016570979729294777 0.10952699929475784
v 0.042288001626729965 0.018592000007629395 0.10953190177679062
v 0.04035793989896774 0.020634939894080162 0.1087070032954216
v 0.04082195833325386 0.016570979729294777 0.10952699929475784
v 0.042288001626729965 0.018592000007629395 0.10953190177679062
v 0.04298197850584984 0.020337989553809166 0.10925400257110596
v 0.04035793989896774 0.020634939894080162 0.1087070032954216
v 0.04298197850584984 0.020337989553809166 0.10925400257110596
v 0.040419988334178925 0.02114998921751976 0.10859999805688858
v 0.04035793989896774 0.020634939894080162 0.1087070032954216
v 0.040419988334178925 0.02114998921751976 0.10859999805688858
v 0.0409199483692646 0.023846980184316635 0.10802999883890152
v 0.03782296180725098 0.02470296062529087 0.10711199790239334
v 0.0409199483692646 0.023846980184316635 0.10802999883890152
v 0.03951894864439964 0.026080960407853127 0.1071150004863739
v 0.03782296180725098 0.02470296062529087 0.10711199790239334
v 0.13245700299739838 -0.0019659989047795534 0.11405099928379059
v 0.13737699389457703 -0.010260989889502525 0.11114200204610825
v 0.13725100457668304 -0.0070899720303714275 0.11188799887895584
v 0.07599996775388718 -0.01857900060713291 0.11022999882698059
v 0.08046895265579224 -0.018592000007629395 0.11015590280294418
v 0.13245700299739838 -0.0019659989047795534 0.11405099928379059
v 0.028446970507502556 0.02872597984969616 0.1023939996957779
v 0.030442949384450912 0.028085939586162567 0.10361400246620178
v 0.02888398990035057 0.029263969510793686 0.10252899676561356
v 0.11201000213623047 -0.0014799829805269837 0.11406990140676498
v 0.04916995018720627 -0.018495969474315643 0.11024300009012222
v 0.13245700299739838 -0.0019659989047795534 0.11405099928379059
v 0.07599996775388718 -0.01857900060713291 0.11022999882698059
v 0.13525189459323883 -0.014127960428595543 0.10986699908971786
v 0.13744689524173737 -0.013726940378546715 0.10991200059652328
v 0.13737699389457703 -0.010260989889502525 0.11114200204610825
v 0.0804789587855339 -0.025914959609508514 0.10781300067901611
v 0.13525189459323883 -0.014127960428595543 0.10986699908971786
v 0.13737699389457703 -0.010260989889502525 0.11114200204610825
v 0.13744689524173737 -0.013726940378546715 0.10991200059652328
v 0.1376110017299652 -0.017015989869832993 0.10834100097417831
v 0.13774999976158142 -0.013579959981143475 0.10952900350093842
v 0.1376110017299652 -0.017015989869832993 0.10834100097417831
v 0.13774999976158142 -0.014212960377335548 0.10924399644136429
v 0.13774999976158142 -0.013579959981143475 0.10952900350093842
v 0.13525189459323883 -0.014127960428595543 0.10986699908971786
v 0.07986997812986374 -0.028430990874767303 0.10689599812030792
v 0.13744689524173737 -0.013726940378546715 0.10991200059652328
v 0.07599496096372604 0.027499970048666 0.1073819026350975
v 0.08047997206449509 0.026683980599045753 0.10751400142908096
v 0.07951997965574265 0.02842497080564499 0.10691999644041061
v 0.07599496096372604 0.027499970048666 0.1073819026350975
v 0.0276869498193264 -0.01078294962644577 0.10369499772787094
v 0.03425997123122215 -0.01698100008070469 0.1071000024676323
v 0.03334200009703636 -0.00844794511795044 0.10709299892187119
v 0.04917097091674805 0.018490970134735107 0.11024300009012222
v 0.05084699019789696 0.011146959848701954 0.11174099892377853
v 0.11200600117444992 0.0014689560048282146 0.11406990140676498
v 0.04096394032239914 0.007933974266052246 0.11018399894237518
v 0.03932398185133934 0.006201982032507658 0.10966400057077408
v 0.04099595174193382 0.006650983821600676 0.11023200303316116
v 0.04323196038603783 -0.019800959154963493 0.10944300144910812
v 0.04123597964644432 -0.020434970036149025 0.10893899947404861
v 0.04261595010757446 -0.02073596976697445 0.1091269999742508
v 0.04632794111967087 0.02629196085035801 0.10782399773597717
v 0.06747198104858398 0.018585970625281334 0.11022499948740005
v 0.07599996775388718 0.018543949350714684 0.1102370023727417
v 0.06747198104858398 0.018585970625281334 0.11022499948740005
v 0.04917097091674805 0.018490970134735107 0.11024300009012222
v 0.07599996775388718 0.018543949350714684 0.1102370023727417
v 0.04917097091674805 0.018490970134735107 0.11024300009012222
v 0.05041598901152611 0.018434999510645866 0.11025889962911606
v 0.07599996775388718 0.018543949350714684 0.1102370023727417
v 0.06747198104858398 0.018585970625281334 0.11022499948740005
v 0.04632794111967087 0.02629196085035801 0.10782399773597717
v 0.04917097091674805 0.018490970134735107 0.11024300009012222
v 0.04317998141050339 -0.042086951434612274 0.09226500242948532
v 0.03991096839308739 0.016269979998469353 0.10934200137853622
v 0.03425794094800949 0.016978969797492027 0.10710199922323227
v 0.03963993862271309 0.012775000184774399 0.10951799899339676
v 0.05041199177503586 -0.01110094040632248 0.11173199862241745
v 0.04916995018720627 -0.018495969474315643 0.11024300009012222
v 0.11201000213623047 -0.0014799829805269837 0.11406990140676498
v 0.04206395149230957 0.025772979483008385 0.1076510027050972
v 0.04350893944501877 0.027803950011730194 0.10712099820375443
v 0.041436970233917236 0.027126960456371307 0.10711800307035446
v 0.13774900138378143 -0.032197948545217514 0.09345494955778122
v 0.1376899927854538 -0.034060001373291016 0.0903579518198967
v 0.13774900138378143 -0.033831000328063965 0.09025496244430542
v 0.07599496096372604 -0.04318796843290329 0.09028798341751099
v 0.07599496096372604 -0.04322296008467674 0.09018497914075851
v 0.07905297726392746 -0.04448895901441574 0.08616697043180466
v 0.07599496096372604 -0.04322296008467674 0.09018497914075851
v 0.07905297726392746 -0.04448895901441574 0.08616697043180466
v 0.08553998917341232 -0.04402595013380051 0.08528298139572144
v 0.08218497037887573 -0.04307800158858299 0.08963900059461594
v 0.07905297726392746 -0.04448895901441574 0.08616697043180466
v 0.024658970534801483 -0.03864495828747749 0.09057199209928513
v 0.023277990520000458 -0.04098194092512131 0.08610600233078003
v 0.026124000549316406 -0.03992294892668724 0.09048496931791306
v 0.05715297907590866 -0.04460996016860008 0.08603495359420776
v 0.07230298966169357 -0.044565968215465546 0.08618997782468796
v 0.053419940173625946 -0.043227970600128174 0.0901859924197197
v 0.05715297907590866 -0.04460996016860008 0.08603495359420776
v 0.07599496096372604 -0.043275948613882065 0.09002596139907837
v 0.026757949963212013 -0.04238998144865036 0.08610694855451584
v 0.0326799713075161 -0.04336094111204147 0.08607500046491623
v 0.03031097911298275 -0.04159998148679733 0.09027498215436935
v 0.03668797016143799 -0.041773971170186996 0.0918719694018364
v 0.03379594907164574 -0.041495971381664276 0.09180498123168945
v 0.035770948976278305 -0.042339980602264404 0.0901859924197197
v 0.13774999976158142 -0.03703296184539795 0.07717400044202805
v 0.13774999976158142 -0.03693896159529686 0.07845597714185715
v 0.13752500712871552 -0.037423960864543915 0.07662200182676315
v 0.13726100325584412 -0.03617994859814644 0.08527296036481857
v 0.08553998917341232 -0.04402595013380051 0.08528298139572144
v 0.13749200105667114 -0.03685998171567917 0.08188395947217941
v 0.03963993862271309 0.012775000184774399 0.10951799899339676
v 0.03333896026015282 0.008446991443634033 0.10709399729967117
v 0.03938698023557663 0.00876599457114935 0.10963500291109085
v 0.02891295962035656 -0.04036998003721237 0.09193199127912521
v 0.03234899044036865 -0.03710496053099632 0.09910296648740768
v 0.027687959372997284 -0.040838949382305145 0.09038496017456055
v 0.02742600068449974 -0.03961699828505516 0.09199898689985275
v 0.02742600068449974 -0.03961699828505516 0.09199898689985275
v 0.029668979346752167 -0.037041958421468735 0.09708499163389206
v 0.026124000549316406 -0.03992294892668724 0.09048496931791306
v 0.029668979346752167 -0.037041958421468735 0.09708499163389206
v 0.025646980851888657 -0.03820794075727463 0.09205996245145798
v 0.026124000549316406 -0.03992294892668724 0.09048496931791306
v 0.025646980851888657 -0.03820794075727463 0.09205996245145798
v 0.024658970534801483 -0.03864495828747749 0.09057199209928513
v 0.026124000549316406 -0.03992294892668724 0.09048496931791306
v 0.13370099663734436 -0.00019999999494757503 0.03599094972014427
v 0.1334030032157898 0.00019999999494757503 0.035905949771404266
v 0.1336980015039444 0.00019999999494757503 0.03599094972014427
v 0.1377449929714203 0.03670196980237961 0.08044499158859253
v 0.13771000504493713 0.036105990409851074 0.08436298370361328
v 0.1377449929714203 0.03591996058821678 0.08431500196456909
v 0.023413000628352165 -0.03712797164916992 0.09058499336242676
v 0.02136193960905075 -0.036689989268779755 0.0882369801402092
v 0.020870979875326157 -0.038556989282369614 0.08610694855451584
v 0.02136193960905075 -0.036689989268779755 0.0882369801402092
v 0.020270999521017075 -0.03751599043607712 0.08610694855451584
v 0.020870979875326157 -0.038556989282369614 0.08610694855451584
v 0.018825940787792206 -0.03655498847365379 0.08433300256729126
v 0.018453000113368034 -0.0368039608001709 0.08359599113464355
v 0.020270999521017075 -0.03751599043607712 0.08610694855451584
v 0.018453000113368034 -0.0368039608001709 0.08359599113464355
v 0.016929980367422104 -0.03767799958586693 0.08064395189285278
v 0.020270999521017075 -0.03751599043607712 0.08610694855451584
v 0.04464095085859299 0.0036749830469489098 0.1112539991736412
v 0.042999979108572006 0.010531960055232048 0.11066100001335144
v 0.043470971286296844 0.003657995956018567 0.11098600178956985
v 0.025667959824204445 -0.03522998094558716 0.09477496147155762
v 0.030046990141272545 -0.03148198127746582 0.10241399705410004
v 0.02895396016538143 -0.029390990734100342 0.10253000259399414
v 0.055457938462495804 0.041465990245342255 0.09431499242782593
v 0.07599496096372604 0.04421894997358322 0.08734797686338425
v 0.05341397970914841 0.043227970600128174 0.0901859924197197
v 0.13750700652599335 0.0313989482820034 0.09549099206924438
v 0.1376529037952423 0.028795000165700912 0.09875798225402832
v 0.1377439945936203 0.031079940497875214 0.09528195112943649
v 0.1376529037952423 0.028795000165700912 0.09875798225402832
v 0.13768300414085388 0.02578997053205967 0.10196799784898758
v 0.1377439945936203 0.031079940497875214 0.09528195112943649
v 0.1377449929714203 0.024686990305781364 0.10264500230550766
v 0.13768300414085388 0.02578997053205967 0.10196799784898758
v 0.1377449929714203 0.02264796942472458 0.10439500212669373
v 0.1377449929714203 0.024686990305781364 0.10264500230550766
v 0.13768300414085388 0.02578997053205967 0.10196799784898758
v 0.1375029981136322 0.02287900075316429 0.10469599813222885
v 0.1377449929714203 0.02264796942472458 0.10439500212669373
v 0.1375029981136322 0.02287900075316429 0.10469599813222885
v 0.13771000504493713 0.0190119706094265 0.10708899796009064
v 0.1377449929714203 0.02264796942472458 0.10439500212669373
v 0.13771000504493713 0.0190119706094265 0.10708899796009064
v 0.1377449929714203 0.02103297971189022 0.1055070012807846
v 0.1377449929714203 0.02264796942472458 0.10439500212669373
v 0.1377449929714203 0.019389979541301727 0.10663700103759766
v 0.13770900666713715 0.015452980063855648 0.10894300043582916
v 0.1377449929714203 0.011685959994792938 0.110214002430439
v 0.1377449929714203 0.014206940308213234 0.10922600328922272
v 0.13770900666713715 0.015452980063855648 0.10894300043582916
v 0.1374509036540985 0.01167398039251566 0.11063099652528763
v 0.1377449929714203 0.011685959994792938 0.110214002430439
v 0.1374509036540985 0.01167398039251566 0.11063099652528763
v 0.13750100135803223 0.007655978202819824 0.11168500036001205
v 0.1377449929714203 0.011685959994792938 0.110214002430439
v 0.13750100135803223 0.007655978202819824 0.11168500036001205
v 0.1377449929714203 0.00981295108795166 0.11072590202093124
v 0.1377449929714203 0.011685959994792938 0.110214002430439
v 0.0326799713075161 -0.04336094111204147 0.08607500046491623
v 0.035770948976278305 -0.042339980602264404 0.0901859924197197
v 0.03031097911298275 -0.04159998148679733 0.09027498215436935
v 0.13359899818897247 0.00019999999494757503 0.11404900252819061
v 0.1375119984149933 0.00020099998801015317 0.11247099936008453
v 0.13750599324703217 0.0034019940067082644 0.11232300102710724
v 0.1375190019607544 -0.00020099998801015317 0.112466000020504
v 0.13774999976158142 -0.002199946902692318 0.11203499883413315
v 0.13774999976158142 -0.00019999999494757503 0.11209899932146072
v 0.13362200558185577 -0.00019999999494757503 0.1140419989824295
v 0.13747699558734894 -0.0022229549940675497 0.1124270036816597
v 0.1375190019607544 -0.00020099998801015317 0.112466000020504
v 0.07314895838499069 0.03957796096801758 0.09822797030210495
v 0.07985495775938034 0.03767495974898338 0.10184500366449356
v 0.07315099239349365 0.04088598117232323 0.09554599970579147
v 0.05118995159864426 0.03757094964385033 0.10231100022792816
v 0.059938959777355194 0.03757195919752121 0.1023159995675087
v 0.07315099239349365 0.04088598117232323 0.09554599970579147
v 0.059938959777355194 0.03757195919752121 0.1023159995675087
v 0.0760759711265564 0.037990979850292206 0.10134299844503403
v 0.07599598169326782 0.03746097907423973 0.10243300348520279
v 0.07985495775938034 0.03767495974898338 0.10184500366449356
v 0.07599598169326782 0.03746097907423973 0.10243300348520279
v 0.0781809613108635 0.03743898123502731 0.10237500071525574
v 0.07985495775938034 0.03767495974898338 0.10184500366449356
v 0.08231096714735031 0.03757296875119209 0.10158099979162216
v 0.08280199021100998 0.04066997021436691 0.09507697075605392
v 0.07985495775938034 0.03767495974898338 0.10184500366449356
v 0.07314895838499069 0.03957796096801758 0.09822797030210495
v 0.0760759711265564 0.037990979850292206 0.10134299844503403
v 0.07985495775938034 0.03767495974898338 0.10184500366449356
v 0.08231096714735031 0.03757296875119209 0.10158099979162216
v 0.08487600088119507 0.03757296875119209 0.10095199942588806
v 0.08280199021100998 0.04066997021436691 0.09507697075605392
v 0.07730895280838013 -0.025598999112844467 0.10798899829387665
v 0.08046895265579224 -0.018592000007629395 0.11015590280294418
v 0.07599996775388718 -0.01857900060713291 0.11022999882698059
v 0.13726100325584412 0.03111398033797741 0.09610497206449509
v 0.13750700652599335 0.0313989482820034 0.09549099206924438
v 0.1373720020055771 0.033492978662252426 0.09208898991346359
v 0.08487600088119507 0.03757296875119209 0.10095199942588806
v 0.13726100325584412 0.03111398033797741 0.09610497206449509
v 0.1373720020055771 0.033492978662252426 0.09208898991346359
v 0.024658970534801483 0.03864495828747749 0.09057295322418213
v 0.026426969096064568 0.03891795128583908 0.09203600138425827
v 0.026124000549316406 0.03992294892668724 0.09048496931791306
v 0.13747400045394897 -0.021640950813889503 0.10564099997282028
v 0.07974796742200851 -0.035651981830596924 0.10332299768924713
v 0.07985395193099976 -0.03738296031951904 0.10226500034332275
v 0.028164979070425034 0.04009300097823143 0.09197098016738892
v 0.03519593924283981 0.03739994019269943 0.10050000250339508
v 0.028895970433950424 0.04041897878050804 0.09193599224090576
v 0.031785961240530014 0.03739994019269943 0.09832596033811569
v 0.035835981369018555 0.036219000816345215 0.10239800065755844
v 0.03519593924283981 0.03739994019269943 0.10050000250339508
v 0.035835981369018555 0.036219000816345215 0.10239800065755844
v 0.03765498846769333 0.03688395023345947 0.10237500071525574
v 0.03519593924283981 0.03739994019269943 0.10050000250339508
v 0.028164979070425034 0.04009300097823143 0.09197098016738892
v 0.031785961240530014 0.03739994019269943 0.09832596033811569
v 0.03519593924283981 0.03739994019269943 0.10050000250339508
v 0.035835981369018555 0.036219000816345215 0.10239800065755844
v 0.038279950618743896 0.03689794987440109 0.10251300036907196
v 0.03765498846769333 0.03688395023345947 0.10237500071525574
v 0.038279950618743896 0.03689794987440109 0.10251300036907196
v 0.04018998146057129 0.037428971379995346 0.10232999920845032
v 0.03765498846769333 0.03688395023345947 0.10237500071525574
v 0.04288094863295555 0.03563898056745529 0.1034500002861023
v 0.04075998067855835 0.037383969873189926 0.10246799886226654
v 0.04023395851254463 0.03516095131635666 0.10367199778556824
v 0.04075998067855835 0.037383969873189926 0.10246799886226654
v 0.041949979960918427 0.03744196146726608 0.10244099795818329
v 0.04018998146057129 0.037428971379995346 0.10232999920845032
v 0.04917097091674805 0.018490970134735107 0.11024300009012222
v 0.05003898963332176 0.011130980215966702 0.11170399934053421
v 0.05084699019789696 0.011146959848701954 0.11174099892377853
v 0.04288094863295555 0.03563898056745529 0.1034500002861023
v 0.04623996838927269 0.03564399108290672 0.10345599800348282
v 0.041949979960918427 0.03744196146726608 0.10244099795818329
v 0.04623996838927269 0.03564399108290672 0.10345599800348282
v 0.05434196814894676 0.03743999823927879 0.10245700180530548
v 0.041949979960918427 0.03744196146726608 0.10244099795818329
v 0.05434196814894676 0.03743999823927879 0.10245700180530548
v 0.059938959777355194 0.03757195919752121 0.1023159995675087
v 0.05118995159864426 0.03757094964385033 0.10231100022792816
v 0.02499895915389061 0.03739994019269943 0.09215295314788818
v 0.026542959734797478 0.03739994019269943 0.09378396719694138
v 0.024658970534801483 0.03864495828747749 0.09057295322418213
v 0.026542959734797478 0.03739994019269943 0.09378396719694138
v 0.026426969096064568 0.03891795128583908 0.09203600138425827
v 0.024658970534801483 0.03864495828747749 0.09057295322418213
v 0.08480995148420334 -0.045374978333711624 0.06878697127103806
v 0.07834898680448532 -0.04576997831463814 0.06896697729825974
v 0.026616990566253662 -0.04604798182845116 0.035965971648693085
v 0.0408019982278347 0.045390959829092026 0.04958397150039673
v 0.07833600044250488 0.04596494883298874 0.07515496015548706
v 0.07834898680448532 0.04576997831463814 0.06896697729825974
v 0.07833600044250488 -0.04596494883298874 0.07515496015548706
v 0.02626298926770687 -0.04619299992918968 0.041471000760793686
v 0.0717960000038147 -0.046018000692129135 0.07513599842786789
v 0.042766980826854706 -0.04621696099638939 0.06892894953489304
v 0.031676940619945526 -0.046220000833272934 0.0548739992082119
v 0.03691697120666504 -0.046220000833272934 0.06395094841718674
v 0.03691697120666504 -0.046220000833272934 0.06395094841718674
v 0.035647980868816376 -0.04613000154495239 0.06892496347427368
v 0.023652970790863037 -0.04621100053191185 0.04329096898436546
v 0.020555969327688217 -0.046121951192617416 0.04325300082564354
v 0.035647980868816376 -0.04613000154495239 0.06892496347427368
v 0.03158199042081833 -0.046076949685811996 0.06395000219345093
v 0.020555969327688217 -0.046121951192617416 0.04325300082564354
v 0.03158199042081833 -0.046076949685811996 0.06395000219345093
v 0.01876794919371605 -0.04606293886899948 0.04218798130750656
v 0.020555969327688217 -0.046121951192617416 0.04325300082564354
v 0.026600949466228485 -0.04566299170255661 0.06395000219345093
v 0.017847949638962746 -0.04604798182845116 0.04104899987578392
v 0.03158199042081833 -0.046076949685811996 0.06395000219345093
v 0.03691697120666504 -0.046220000833272934 0.06395094841718674
v 0.042766980826854706 -0.04621696099638939 0.06892894953489304
v 0.035647980868816376 -0.04613000154495239 0.06892496347427368
v 0.02626298926770687 -0.04619299992918968 0.041471000760793686
v 0.07834898680448532 -0.04576997831463814 0.06896697729825974
v 0.07833600044250488 -0.04596494883298874 0.07515496015548706
v 0.03425997123122215 -0.01698100008070469 0.1071000024676323
v 0.03994195908308029 -0.016487950459122658 0.10928899794816971
v 0.03971296176314354 -0.013864990323781967 0.10951700061559677
v 0.03174494951963425 0.04542696103453636 0.07489197701215744
v 0.035647980868816376 0.04613000154495239 0.06892496347427368
v 0.028584949672222137 0.04558097943663597 0.0689150020480156
v 0.019020970910787582 -0.04314297065138817 0.07490599155426025
v 0.01414399966597557 -0.043567951768636703 0.06395000219345093
v 0.02163398079574108 -0.044545941054821014 0.06888800114393234
v 0.026479950174689293 0.042331989854574203 0.08610694855451584
v 0.028783969581127167 0.04407196864485741 0.08102697134017944
v 0.02364896982908249 0.0428459607064724 0.08205699175596237
v 0.019020970910787582 -0.04314297065138817 0.07490599155426025
v 0.01548600010573864 -0.043175991624593735 0.06883399933576584
v 0.01414399966597557 -0.043567951768636703 0.06395000219345093
v 0.1374340057373047 -0.022386960685253143 0.04486595839262009
v 0.13725000619888306 -0.02529596909880638 0.04728394001722336
v 0.04341994971036911 -0.04303300008177757 0.03356599062681198
v 0.13725000619888306 -0.02529596909880638 0.04728394001722336
v 0.13749900460243225 -0.0263549592345953 0.04835999011993408
v 0.04341994971036911 -0.04303300008177757 0.03356599062681198
v 0.13749900460243225 -0.0263549592345953 0.04835999011993408
v 0.1375139057636261 -0.029830990359187126 0.05233597010374069
v 0.04341994971036911 -0.04303300008177757 0.03356599062681198
v 0.1375139057636261 -0.029830990359187126 0.05233597010374069
v 0.13725000619888306 -0.03035295009613037 0.0528869591653347
v 0.04341994971036911 -0.04303300008177757 0.03356599062681198
v 0.13725000619888306 -0.03035295009613037 0.0528869591653347
v 0.1375139057636261 -0.03272198885679245 0.0567549392580986
v 0.04341994971036911 -0.04303300008177757 0.03356599062681198
v 0.1375139057636261 -0.03272198885679245 0.0567549392580986
v 0.13725000619888306 -0.03412497043609619 0.05943197011947632
v 0.04341994971036911 -0.04303300008177757 0.03356599062681198
v 0.13741500675678253 0.03589098900556564 0.06396698206663132
v 0.09086298197507858 0.043102968484163284 0.06078999862074852
v 0.1372459977865219 0.03671598061919212 0.06699799746274948
v 0.046088989824056625 0.011064940132200718 0.11130400002002716
v 0.04666893929243088 0.003653943073004484 0.11170700192451477
v 0.047342948615550995 0.003721951972693205 0.11182799935340881
v 0.07599496096372604 0.04421894997358322 0.08734797686338425
v 0.08288096636533737 0.044266991317272186 0.0857739970088005
v 0.07599496096372604 0.0445549413561821 0.08622795343399048
v 0.047544948756694794 0.01862799935042858 0.11018099635839462
v 0.04632794111967087 0.02629196085035801 0.10782399773597717
v 0.04454696178436279 0.025410950183868408 0.10800100117921829
v 0.09134995192289352 -0.04438095912337303 0.06846194714307785
v 0.08458501100540161 -0.045542001724243164 0.07476896047592163
v 0.08480995148420334 -0.045374978333711624 0.06878697127103806
v 0.03691500052809715 -0.03409295901656151 0.1036669984459877
v 0.03843497857451439 -0.03692895174026489 0.10251600295305252
v 0.039148978888988495 -0.03493499010801315 0.10366900265216827
v 0.01548600010573864 -0.043175991624593735 0.06883399933576584
v 0.017596960067749023 -0.04259299859404564 0.07526201009750366
v 0.011597990058362484 -0.042858000844717026 0.06395000219345093
v 0.08288096636533737 0.044266991317272186 0.0857739970088005
v 0.07835596054792404 0.04553699120879173 0.08129996061325073
v 0.07599496096372604 0.0445549413561821 0.08622795343399048
v 0.015976959839463234 -0.0415719710290432 0.07516299933195114
v 0.010116989724338055 -0.04207098111510277 0.06395000219345093
v 0.017596960067749023 -0.04259299859404564 0.07526201009750366
v 0.008014976046979427 -0.039815958589315414 0.06395000219345093
v -0.00892496109008789 -0.03922098129987717 0.035118989646434784
v -0.008253990672528744 -0.040384940803050995 0.03511594980955124
v 0.008726954460144043 -0.04077500104904175 0.06395000219345093
v 0.014702970162034035 -0.04014796018600464 0.07511799782514572
v -0.008253990672528744 -0.040384940803050995 0.03511594980955124
v 0.014702970162034035 -0.04014796018600464 0.07511799782514572
v 0.008014976046979427 -0.039815958589315414 0.06395000219345093
v -0.008253990672528744 -0.040384940803050995 0.03511594980955124
v -0.00645595695823431 -0.04213397949934006 0.03508298844099045
v -0.004941998980939388 -0.04299097880721092 0.03363697975873947
v -0.004055975936353207 -0.043200958520174026 0.035018980503082275
v 0.008014976046979427 -0.039815958589315414 0.06395000219345093
v 0.013876969926059246 -0.03834794834256172 0.07511097192764282
v -0.00892496109008789 -0.03922098129987717 0.035118989646434784
v 0.013876969926059246 -0.03834794834256172 0.07511097192764282
v 0.007420957088470459 -0.03832196816802025 0.06395000219345093
v -0.00892496109008789 -0.03922098129987717 0.035118989646434784
v -0.009275971911847591 -0.03811800107359886 0.03511296957731247
v -0.010666959919035435 -0.031124940142035484 0.03499298915266991
v -0.010120980441570282 -0.03811800107359886 0.0336419902741909
v -0.010666959919035435 -0.031124940142035484 0.03499298915266991
v -0.011418989859521389 -0.03011994995176792 0.03390895947813988
v -0.010120980441570282 -0.03811800107359886 0.0336419902741909
v -0.011418989859521389 -0.03011994995176792 0.03390895947813988
v -0.011292990297079086 -0.03051595948636532 0.03377300128340721
v -0.010120980441570282 -0.03811800107359886 0.0336419902741909
v -0.011418989859521389 -0.03011994995176792 0.03390895947813988
v -0.011823950335383415 -0.0233649592846632 0.03485900163650513
v -0.011813989840447903 -0.02721899002790451 0.03387397155165672
v -0.011418989859521389 -0.03011994995176792 0.03390895947813988
v -0.010666959919035435 -0.031124940142035484 0.03499298915266991
v -0.011823950335383415 -0.0233649592846632 0.03485900163650513
v -0.010666959919035435 -0.031124940142035484 0.03499298915266991
v 0.023561950773000717 -0.03000395931303501 0.09460198134183884
v -0.011823950335383415 -0.0233649592846632 0.03485900163650513
v 0.023561950773000717 -0.03000395931303501 0.09460198134183884
v 0.027101989835500717 -0.023369960486888885 0.10234799981117249
v -0.011823950335383415 -0.0233649592846632 0.03485900163650513
v 0.024658970534801483 0.03864495828747749 0.09057295322418213
v 0.02452296018600464 0.04170798882842064 0.08610694855451584
v 0.022615959867835045 0.040483951568603516 0.08610694855451584
v 0.027101989835500717 -0.023369960486888885 0.10234799981117249
v 0.028120990842580795 -0.01663094013929367 0.10369399935007095
v 0.0264129601418972 -0.01487897988408804 0.1025099977850914
v 0.028120990842580795 -0.01663094013929367 0.10369399935007095
v 0.0276869498193264 -0.01078294962644577 0.10369499772787094
v 0.0264129601418972 -0.01487897988408804 0.1025099977850914
v 0.0276869498193264 -0.01078294962644577 0.10369499772787094
v 0.02587996982038021 -0.005165994167327881 0.10250400006771088
v 0.0264129601418972 -0.01487897988408804 0.1025099977850914
v 0.0264129601418972 -0.01487897988408804 0.1025099977850914
v -0.011823950335383415 -0.0233649592846632 0.03485900163650513
v 0.027101989835500717 -0.023369960486888885 0.10234799981117249
v 0.1373748928308487 0.03634696826338768 0.08450596779584885
v 0.08458899706602097 0.04510295018553734 0.08069795370101929
v 0.08288096636533737 0.044266991317272186 0.0857739970088005
v 0.04950999841094017 0.0035519590601325035 0.11213400214910507
v 0.027239970862865448 -0.00019999999494757503 0.10364899784326553
v 0.02570294961333275 -0.00019999999494757503 0.10243300348520279
v 0.02587996982038021 -0.005165994167327881 0.10250400006771088
v 0.0276869498193264 -0.01078294962644577 0.10369499772787094
v 0.027239970862865448 -0.00019999999494757503 0.10364899784326553
v 0.02587996982038021 -0.005165994167327881 0.10250400006771088
v 0.0276869498193264 -0.01078294962644577 0.10369499772787094
v 0.03068196028470993 0.00019999999494757503 0.10583700239658356
v 0.027239970862865448 -0.00019999999494757503 0.10364899784326553
v 0.0276869498193264 -0.01078294962644577 0.10369499772787094
v 0.030901959165930748 -0.00019999999494757503 0.10595999658107758
v 0.03068196028470993 0.00019999999494757503 0.10583700239658356
v 0.030901959165930748 -0.00019999999494757503 0.10595999658107758
v 0.03333896026015282 0.008446991443634033 0.10709399729967117
v 0.03068196028470993 0.00019999999494757503 0.10583700239658356
v 0.030901959165930748 -0.00019999999494757503 0.10595999658107758
v 0.034675948321819305 -0.00019999999494757503 0.10790199786424637
v 0.03333896026015282 0.008446991443634033 0.10709399729967117
v 0.034675948321819305 -0.00019999999494757503 0.10790199786424637
v 0.034826990216970444 0.00019999999494757503 0.10797400027513504
v 0.03333896026015282 0.008446991443634033 0.10709399729967117
v 0.055462948977947235 -0.041465990245342255 0.09431599825620651
v 0.07599496096372604 -0.04318796843290329 0.09028798341751099
v 0.0753699466586113 -0.042250990867614746 0.0925629734992981
v 0.005778967868536711 0.04287498816847801 0.035671938210725784
v 0.031676940619945526 0.046220000833272934 0.05487494915723801
v 0.0194929800927639 0.0437929593026638 0.03325200080871582
v 0.03532999008893967 0.02115296944975853 0.10710600018501282
v 0.03000395931303501 0.026902969926595688 0.10367800295352936
v 0.02922694943845272 0.0248409491032362 0.10368499904870987
v 0.03623998165130615 0.033855970948934555 0.10359899699687958
v 0.0337599515914917 0.03478996828198433 0.10253799706697464
v 0.035218000411987305 0.033078961074352264 0.10366600006818771
v 0.07951997965574265 0.02842497080564499 0.10691999644041061
v 0.13725200295448303 0.016978969797492027 0.10850200057029724
v 0.07952796667814255 0.032846979796886444 0.1048939973115921
v 0.031286001205444336 0.029509959742426872 0.10355500131845474
v 0.030290959402918816 0.031290940940380096 0.10259000211954117
v 0.030043000355362892 0.03142499178647995 0.10244999825954437
v 0.026426969096064568 0.03891795128583908 0.09203600138425827
v 0.026542959734797478 0.03739994019269943 0.09378396719694138
v 0.02720797061920166 0.03710097074508667 0.09476298093795776
v 0.026542959734797478 0.03739994019269943 0.09378396719694138
v 0.02499895915389061 0.03739994019269943 0.09215295314788818
v 0.02720797061920166 0.03710097074508667 0.09476298093795776
v 0.028711970895528793 0.03739994019269943 0.09585797041654587
v 0.026426969096064568 0.03891795128583908 0.09203600138425827
v 0.02720797061920166 0.03710097074508667 0.09476298093795776
v 0.13747699558734894 -0.0022229549940675497 0.1124270036816597
v 0.13725100457668304 -0.005874990951269865 0.11213990300893784
v 0.13774999976158142 -0.0055019850842654705 0.11167699843645096
v 0.13725100457668304 -0.005874990951269865 0.11213990300893784
v 0.1375029981136322 -0.009424984455108643 0.11128199845552444
v 0.13774999976158142 -0.0055019850842654705 0.11167699843645096
v 0.1375029981136322 -0.009424984455108643 0.11128199845552444
v 0.13768400251865387 -0.01020198967307806 0.11093199998140335
v 0.13774999976158142 -0.0055019850842654705 0.11167699843645096
v 0.13768400251865387 -0.01020198967307806 0.11093199998140335
v 0.13774999976158142 -0.009604989551007748 0.110835000872612
v 0.13774999976158142 -0.0055019850842654705 0.11167699843645096
v 0.13362200558185577 -0.00019999999494757503 0.1140419989824295
v 0.13725100457668304 -0.005874990951269865 0.11213990300893784
v 0.13747699558734894 -0.0022229549940675497 0.1124270036816597
v 0.13726100325584412 0.03111398033797741 0.09610497206449509
v 0.13726100325584412 0.029146960005164146 0.09879398345947266
v 0.13750700652599335 0.0313989482820034 0.09549099206924438
v 0.13726100325584412 0.029146960005164146 0.09879398345947266
v 0.13743999600410461 0.028718940913677216 0.09920399636030197
v 0.13750700652599335 0.0313989482820034 0.09549099206924438
v 0.13743999600410461 0.028718940913677216 0.09920399636030197
v 0.1376529037952423 0.028795000165700912 0.09875798225402832
v 0.13750700652599335 0.0313989482820034 0.09549099206924438
v 0.1375110000371933 0.019587989896535873 0.10695990175008774
v 0.13771000504493713 0.0190119706094265 0.10708899796009064
v 0.1375029981136322 0.02287900075316429 0.10469599813222885
v 0.13736900687217712 0.025985000655055046 0.10217200219631195
v 0.13725599646568298 0.022384999319911003 0.10519400238990784
v 0.1375029981136322 0.02287900075316429 0.10469599813222885
v 0.13734999299049377 -0.008044958114624023 0.03828895092010498
v 0.13245199620723724 -0.0019659989047795534 0.035948991775512695
v 0.13307300209999084 -0.001157999038696289 0.03591698035597801
v 0.13734999299049377 -0.008044958114624023 0.03828895092010498
v 0.04755394905805588 -0.04025696963071823 0.0331529900431633
v 0.13245199620723724 -0.0019659989047795534 0.035948991775512695
v 0.046380989253520966 -0.04174298048019409 0.03340994939208031
v 0.03269898146390915 -0.04528294876217842 0.033288948237895966
v 0.04755394905805588 -0.04025696963071823 0.0331529900431633
v 0.13734999299049377 -0.008044958114624023 0.03828895092010498
v 0.13725000619888306 -0.012407000176608562 0.03955494984984398
v 0.04755394905805588 -0.04025696963071823 0.0331529900431633
v 0.13725000619888306 -0.012407000176608562 0.03955494984984398
v 0.046380989253520966 -0.04174298048019409 0.03340994939208031
v 0.04755394905805588 -0.04025696963071823 0.0331529900431633
v 0.025698000565171242 0.00019999999494757503 0.10242699831724167
v 0.027240989729762077 0.00043799998820759356 0.10365500301122665
v 0.0259319506585598 0.006171940825879574 0.10251399874687195
v 0.027240989729762077 0.00043799998820759356 0.10365500301122665
v 0.02767300046980381 0.01078294962644577 0.10369499772787094
v 0.0259319506585598 0.006171940825879574 0.10251399874687195
v 0.02767300046980381 0.01078294962644577 0.10369499772787094
v 0.02679597958922386 0.019336989149451256 0.10234899818897247
v 0.0259319506585598 0.006171940825879574 0.10251399874687195
v 0.02767300046980381 0.01078294962644577 0.10369499772787094
v 0.027464980259537697 0.024547990411520004 0.10252100229263306
v 0.02679597958922386 0.019336989149451256 0.10234899818897247
v 0.02767300046980381 0.01078294962644577 0.10369499772787094
v 0.02868496999144554 0.021624980494379997 0.10369200259447098
v 0.027464980259537697 0.024547990411520004 0.10252100229263306
v 0.02868496999144554 0.021624980494379997 0.10369200259447098
v 0.028862949460744858 0.023004939779639244 0.1036909967660904
v 0.027464980259537697 0.024547990411520004 0.10252100229263306
v 0.028862949460744858 0.023004939779639244 0.1036909967660904
v 0.027875950559973717 0.02683698944747448 0.10248599946498871
v 0.027464980259537697 0.024547990411520004 0.10252100229263306
v 0.03952198848128319 -0.02608400024473667 0.10711400210857391
v 0.040763970464468 -0.02345496043562889 0.10811000317335129
v 0.03782600164413452 -0.024706000462174416 0.10711099952459335
v 0.023413000628352165 -0.03712797164916992 0.09058499336242676
v 0.022054970264434814 -0.04000794142484665 0.08610694855451584
v 0.024658970534801483 -0.03864495828747749 0.09057199209928513
v 0.017862970009446144 0.039698950946331024 0.08072494715452194
v 0.017108969390392303 0.03774594888091087 0.08091998100280762
v 0.020348960533738136 0.03766195848584175 0.08610694855451584
v 0.017108969390392303 0.03774594888091087 0.08091998100280762
v 0.018272990360856056 0.037123970687389374 0.08316600322723389
v 0.020348960533738136 0.03766195848584175 0.08610694855451584
v 0.018272990360856056 0.037123970687389374 0.08316600322723389
v 0.016407959163188934 0.037667978554964066 0.07976096123456955
v 0.01917796954512596 0.03630197048187256 0.0850289985537529
v 0.016407959163188934 0.037667978554964066 0.07976096123456955
v 0.016407959163188934 0.037667978554964066 0.07976096123456955
v 0.01678198017179966 0.03770899027585983 0.08037900179624557
v 0.013827970251441002 0.03808999061584473 0.07514195889234543
v 0.01678198017179966 0.03770899027585983 0.08037900179624557
v 0.014564990065991879 0.0380779504776001 0.07642196863889694
v 0.013827970251441002 0.03808999061584473 0.07514195889234543
v 0.014564990065991879 0.0380779504776001 0.07642196863889694
v 0.017108969390392303 0.03774594888091087 0.08091998100280762
v 0.013876969926059246 0.03834794834256172 0.07511097192764282
v 0.05381900072097778 -0.0037109849508851767 0.1124970018863678
v 0.11149200052022934 0.00019999999494757503 0.11409900337457657
v 0.05302298069000244 0.003708957927301526 0.11245299875736237
v 0.1376899927854538 -0.034060001373291016 0.0903579518198967
v 0.13774999976158142 -0.03514397144317627 0.086916983127594
v 0.13774900138378143 -0.033831000328063965 0.09025496244430542
v 0.1377449929714203 0.03703296184539795 0.07717400044202805
v 0.1377449929714203 0.03693896159529686 0.07845597714185715
v 0.13774999976158142 -0.00019999999494757503 0.11209899932146072
v 0.1377449929714203 0.03693896159529686 0.07845597714185715
v 0.1377449929714203 0.03670196980237961 0.08044499158859253
v 0.13774999976158142 -0.00019999999494757503 0.11209899932146072
v 0.1377449929714203 0.03670196980237961 0.08044499158859253
v 0.1377449929714203 0.03591996058821678 0.08431500196456909
v 0.13774999976158142 -0.00019999999494757503 0.11209899932146072
v 0.1377449929714203 0.03591996058821678 0.08431500196456909
v 0.1377449929714203 0.03545796126127243 0.08576499670743942
v 0.13774999976158142 -0.00019999999494757503 0.11209899932146072
v 0.1377449929714203 0.03545796126127243 0.08576499670743942
v 0.1377439945936203 0.03381996974349022 0.09014897793531418
v 0.13774999976158142 -0.00019999999494757503 0.11209899932146072
v 0.1377439945936203 0.03381996974349022 0.09014897793531418
v 0.1377439945936203 0.033056970685720444 0.09186697006225586
v 0.13774999976158142 -0.00019999999494757503 0.11209899932146072
v 0.1377439945936203 0.033056970685720444 0.09186697006225586
v 0.1377439945936203 0.031079940497875214 0.09528195112943649
v 0.13774999976158142 -0.00019999999494757503 0.11209899932146072
v 0.1377439945936203 0.031079940497875214 0.09528195112943649
v 0.1377449929714203 0.024686990305781364 0.10264500230550766
v 0.13774999976158142 -0.00019999999494757503 0.11209899932146072
v 0.1377449929714203 0.024686990305781364 0.10264500230550766
v 0.1377449929714203 0.02264796942472458 0.10439500212669373
v 0.13774999976158142 -0.00019999999494757503 0.11209899932146072
v 0.1377449929714203 0.02264796942472458 0.10439500212669373
v 0.1377449929714203 0.02103297971189022 0.1055070012807846
v 0.13774999976158142 -0.00019999999494757503 0.11209899932146072
v 0.1377449929714203 0.019389979541301727 0.10663700103759766
v 0.1377449929714203 0.019389979541301727 0.10663700103759766
v 0.1377449929714203 0.018913980573415756 0.1069239005446434
v 0.13774999976158142 -0.00019999999494757503 0.11209899932146072
v 0.1377449929714203 0.018913980573415756 0.1069239005446434
v 0.1377449929714203 0.017030950635671616 0.10790500044822693
v 0.13774999976158142 -0.00019999999494757503 0.11209899932146072
v 0.1377449929714203 0.017030950635671616 0.10790500044822693
v 0.1377449929714203 0.015374000184237957 0.10876890271902084
v 0.13774999976158142 -0.00019999999494757503 0.11209899932146072
v 0.1377449929714203 0.015374000184237957 0.10876890271902084
v 0.1377449929714203 0.014206940308213234 0.10922600328922272
v 0.13774999976158142 -0.00019999999494757503 0.11209899932146072
v 0.1377449929714203 0.014206940308213234 0.10922600328922272
v 0.1377449929714203 0.011685959994792938 0.110214002430439
v 0.13774999976158142 -0.00019999999494757503 0.11209899932146072
v 0.1377449929714203 0.011685959994792938 0.110214002430439
v 0.1377449929714203 0.00981295108795166 0.11072590202093124
v 0.13774999976158142 -0.00019999999494757503 0.11209899932146072
v 0.1377449929714203 0.007579981815069914 0.11131799966096878
v 0.1377449929714203 0.007579981815069914 0.11131799966096878
v 0.1377449929714203 0.0052429428324103355 0.11167500168085098
v 0.13774999976158142 -0.00019999999494757503 0.11209899932146072
v 0.1377449929714203 0.0052429428324103355 0.11167500168085098
v 0.1377449929714203 0.00336795998737216 0.11194700002670288
v 0.13774999976158142 -0.00019999999494757503 0.11209899932146072
v 0.1377449929714203 0.00336795998737216 0.11194700002670288
v 0.13750599324703217 0.0034019940067082644 0.11232300102710724
v 0.13774999976158142 -0.00019999999494757503 0.11209899932146072
v 0.13750599324703217 0.0034019940067082644 0.11232300102710724
v 0.1375119984149933 0.00020099998801015317 0.11247099936008453
v 0.13774999976158142 -0.00019999999494757503 0.11209899932146072
v 0.1375119984149933 0.00020099998801015317 0.11247099936008453
v 0.1375190019607544 -0.00020099998801015317 0.112466000020504
v 0.13774999976158142 -0.00019999999494757503 0.11209899932146072
v 0.1374288946390152 0.034814950078725815 0.06096398085355759
v 0.09086298197507858 0.04274898022413254 0.05954694002866745
v 0.13741500675678253 0.03589098900556564 0.06396698206663132
v 0.13774999976158142 -0.0027629730757325888 0.03803497180342674
v 0.1376660019159317 -0.007995963096618652 0.038510970771312714
v 0.13774999976158142 -0.0022829771041870117 0.03796993941068649
v 0.1376660019159317 -0.007995963096618652 0.038510970771312714
v 0.13749699294567108 -0.002795994048938155 0.03762400150299072
v 0.13774999976158142 -0.0022829771041870117 0.03796993941068649
v 0.07503896206617355 0.042087968438863754 0.09290599077939987
v 0.07384996861219406 0.04158300161361694 0.09405695647001266
v 0.0767509862780571 0.04249494895339012 0.09198098629713058
v 0.07384996861219406 0.04158300161361694 0.09405695647001266
v 0.07315099239349365 0.04088598117232323 0.09554599970579147
v 0.0767509862780571 0.04249494895339012 0.09198098629713058
v 0.0767509862780571 0.04249494895339012 0.09198098629713058
v 0.07985495775938034 0.03767495974898338 0.10184500366449356
v 0.07854998111724854 0.042497988790273666 0.09183996170759201
v 0.0767509862780571 0.04249494895339012 0.09198098629713058
v 0.055457938462495804 0.041465990245342255 0.09431499242782593
v 0.07985495775938034 0.03767495974898338 0.10184500366449356
v 0.0799029991030693 0.042274948209524155 0.09217000007629395
v 0.07854998111724854 0.042497988790273666 0.09183996170759201
v 0.08058696240186691 0.04207896813750267 0.09249799698591232
v 0.07985495775938034 0.03767495974898338 0.10184500366449356
v 0.0826679989695549 0.04083395004272461 0.09476298093795776
v 0.08058696240186691 0.04207896813750267 0.09249799698591232
v 0.0826679989695549 0.04083395004272461 0.09476298093795776
v 0.08187597244977951 0.04141496866941452 0.09365898370742798
v 0.08058696240186691 0.04207896813750267 0.09249799698591232
v 0.08280199021100998 0.04066997021436691 0.09507697075605392
v 0.13726000487804413 0.0341789685189724 0.0906059667468071
v 0.0826679989695549 0.04083395004272461 0.09476298093795776
v 0.07985495775938034 0.03767495974898338 0.10184500366449356
v 0.08280199021100998 0.04066997021436691 0.09507697075605392
v 0.0826679989695549 0.04083395004272461 0.09476298093795776
v 0.1377439945936203 0.03381996974349022 0.09014897793531418
v 0.13771000504493713 0.036105990409851074 0.08436298370361328
v 0.13754400610923767 0.03497897833585739 0.08834797143936157
v 0.1377439945936203 0.03381996974349022 0.09014897793531418
v 0.1377449929714203 0.03545796126127243 0.08576499670743942
v 0.13771000504493713 0.036105990409851074 0.08436298370361328
v 0.08553998917341232 -0.04402595013380051 0.08528298139572144
v 0.1374509036540985 -0.037356968969106674 0.07849395275115967
v 0.13749200105667114 -0.03685998171567917 0.08188395947217941
v 0.13725699484348297 -0.0170969907194376 0.10849999636411667
v 0.07986997812986374 -0.028430990874767303 0.10689599812030792
v 0.07987897843122482 -0.03285098075866699 0.10486199706792831
v 0.03978598117828369 0.038475990295410156 0.10013200342655182
v 0.03717093914747238 0.04177796095609665 0.09197299927473068
v 0.03379594907164574 0.041495971381664276 0.09180498123168945
v 0.03978598117828369 0.038475990295410156 0.10013200342655182
v 0.02959894947707653 0.0407329685986042 0.0919029712677002
v 0.03519593924283981 0.03739994019269943 0.10050000250339508
v 0.03659497946500778 0.03739994019269943 0.10116399824619293
v 0.02959894947707653 0.0407329685986042 0.0919029712677002
v 0.03519593924283981 0.03739994019269943 0.10050000250339508
v 0.03765498846769333 0.03688395023345947 0.10237500071525574
v 0.03659497946500778 0.03739994019269943 0.10116399824619293
v 0.03748995065689087 0.03743695840239525 0.10140799731016159
v 0.03882896155118942 0.038001950830221176 0.1008640006184578
v 0.03659497946500778 0.03739994019269943 0.10116399824619293
v 0.04018998146057129 0.037428971379995346 0.10232999920845032
v 0.041949979960918427 0.03744196146726608 0.10244099795818329
v 0.03978598117828369 0.038475990295410156 0.10013200342655182
v 0.041949979960918427 0.03744196146726608 0.10244099795818329
v 0.055457938462495804 0.041465990245342255 0.09431499242782593
v 0.03978598117828369 0.038475990295410156 0.10013200342655182
v 0.055457938462495804 0.041465990245342255 0.09431499242782593
v 0.044709980487823486 0.041252970695495605 0.09431499242782593
v 0.03978598117828369 0.038475990295410156 0.10013200342655182
v 0.03978598117828369 0.038475990295410156 0.10013200342655182
v 0.041949979960918427 0.03744196146726608 0.10244099795818329
v 0.05118995159864426 0.03757094964385033 0.10231100022792816
v 0.055457938462495804 0.041465990245342255 0.09431499242782593
v 0.05118995159864426 0.03757094964385033 0.10231100022792816
v 0.07315099239349365 0.04088598117232323 0.09554599970579147
v 0.055457938462495804 0.041465990245342255 0.09431499242782593
v 0.07315099239349365 0.04088598117232323 0.09554599970579147
v 0.07384996861219406 0.04158300161361694 0.09405695647001266
v 0.055457938462495804 0.041465990245342255 0.09431499242782593
v 0.07384996861219406 0.04158300161361694 0.09405695647001266
v 0.014364000409841537 -0.04604798182845116 0.03501497954130173
v 0.016898980364203453 -0.04600495100021362 0.033563971519470215
v 0.021508989855647087 -0.046025991439819336 0.033532969653606415
v 0.03269898146390915 -0.04528294876217842 0.033288948237895966
v 0.026616990566253662 -0.04604798182845116 0.035965971648693085
v 0.021508989855647087 -0.046025991439819336 0.033532969653606415
v 0.026616990566253662 -0.04604798182845116 0.035965971648693085
v 0.02626298926770687 -0.04619299992918968 0.041471000760793686
v 0.021508989855647087 -0.046025991439819336 0.033532969653606415
v 0.021508989855647087 -0.046025991439819336 0.033532969653606415
v 0.03734796866774559 -0.037367988377809525 0.1014460027217865
v 0.0316929817199707 -0.04123497009277344 0.09179996699094772
v 0.03959494084119797 -0.03838396072387695 0.1003279983997345
v 0.023652970790863037 -0.04621100053191185 0.04329096898436546
v 0.020555969327688217 -0.046121951192617416 0.04325300082564354
v 0.014364000409841537 -0.04604798182845116 0.03501497954130173
v 0.020555969327688217 -0.046121951192617416 0.04325300082564354
v 0.01876794919371605 -0.04606293886899948 0.04218798130750656
v 0.014364000409841537 -0.04604798182845116 0.03501497954130173
v 0.01876794919371605 -0.04606293886899948 0.04218798130750656
v 0.03158199042081833 -0.046076949685811996 0.06395000219345093
v 0.014364000409841537 -0.04604798182845116 0.03501497954130173
v 0.017847949638962746 -0.04604798182845116 0.04104899987578392
v 0.014364000409841537 -0.04604798182845116 0.03501497954130173
v 0.025777989998459816 -0.04559396952390671 0.06395000219345093
v 0.030020950362086296 -0.04087299108505249 0.0918799564242363
v 0.03031097911298275 -0.04159998148679733 0.09027498215436935
v 0.0316929817199707 -0.04123497009277344 0.09179996699094772
v 0.02163398079574108 -0.044545941054821014 0.06888800114393234
v 0.028584949672222137 -0.04558097943663597 0.0689150020480156
v 0.02163398079574108 -0.044545941054821014 0.06888800114393234
v 0.002177000045776367 -0.04456698149442673 0.03502500057220459
v 0.019751960411667824 -0.0447160005569458 0.06395000219345093
v -0.004055975936353207 -0.043200958520174026 0.035018980503082275
v -0.004941998980939388 -0.04299097880721092 0.03363697975873947
v 0.002177000045776367 -0.04456698149442673 0.03502500057220459
v 0.02163398079574108 -0.044545941054821014 0.06888800114393234
v 0.01414399966597557 -0.043567951768636703 0.06395000219345093
v 0.002177000045776367 -0.04456698149442673 0.03502500057220459
v 0.028783969581127167 -0.04407196864485741 0.08102697134017944
v 0.02506195940077305 -0.0444369912147522 0.07492697238922119
v 0.03174494951963425 -0.04542696103453636 0.07489197701215744
v 0.046380989253520966 -0.04174298048019409 0.03340994939208031
v 0.04341994971036911 -0.04303300008177757 0.03356599062681198
v 0.03269898146390915 -0.04528294876217842 0.033288948237895966
v 0.04341994971036911 -0.04303300008177757 0.03356599062681198
v 0.13725000619888306 -0.03412497043609619 0.05943197011947632
v 0.03269898146390915 -0.04528294876217842 0.033288948237895966
v 0.13725000619888306 -0.03412497043609619 0.05943197011947632
v 0.1375190019607544 -0.03495597094297409 0.061539940536022186
v 0.03269898146390915 -0.04528294876217842 0.033288948237895966
v 0.1375190019607544 -0.03495597094297409 0.061539940536022186
v 0.13743700087070465 -0.03588699921965599 0.0639689490199089
v 0.03269898146390915 -0.04528294876217842 0.033288948237895966
v 0.13743700087070465 -0.03588699921965599 0.0639689490199089
v 0.09086298197507858 -0.04275995120406151 0.05957895144820213
v 0.03269898146390915 -0.04528294876217842 0.033288948237895966
v 0.09086298197507858 -0.043105948716402054 0.06078999862074852
v 0.09086298197507858 -0.043105948716402054 0.06078999862074852
v 0.09004896134138107 -0.04403895139694214 0.06395094841718674
v 0.03269898146390915 -0.04528294876217842 0.033288948237895966
v 0.09004896134138107 -0.04403895139694214 0.06395094841718674
v 0.08618897199630737 -0.044547971338033676 0.06395094841718674
v 0.03269898146390915 -0.04528294876217842 0.033288948237895966
v 0.08618897199630737 -0.044547971338033676 0.06395094841718674
v 0.08500295132398605 -0.04469894990324974 0.06395094841718674
v 0.03269898146390915 -0.04528294876217842 0.033288948237895966
v 0.13356000185012817 -0.001376986037939787 0.036101989448070526
v 0.13749699294567108 -0.002795994048938155 0.03762400150299072
v 0.13725000619888306 -0.005051970016211271 0.037832971662282944
v -0.004055975936353207 -0.043200958520174026 0.035018980503082275
v 0.011597990058362484 -0.042858000844717026 0.06395000219345093
v -0.00645595695823431 -0.04213397949934006 0.03508298844099045
v 0.011597990058362484 -0.042858000844717026 0.06395000219345093
v 0.017596960067749023 -0.04259299859404564 0.07526201009750366
v -0.00645595695823431 -0.04213397949934006 0.03508298844099045
v 0.017596960067749023 -0.04259299859404564 0.07526201009750366
v 0.010116989724338055 -0.04207098111510277 0.06395000219345093
v -0.00645595695823431 -0.04213397949934006 0.03508298844099045
v 0.010116989724338055 -0.04207098111510277 0.06395000219345093
v -0.007489978801459074 -0.04129600152373314 0.035104990005493164
v -0.00645595695823431 -0.04213397949934006 0.03508298844099045
v -0.008253990672528744 -0.040384940803050995 0.03511594980955124
v -0.009079991839826107 -0.040307991206645966 0.03357100114226341
v -0.007489978801459074 -0.04129600152373314 0.035104990005493164
v -0.009079991839826107 -0.040307991206645966 0.03357100114226341
v -0.008687973022460938 -0.04066300019621849 0.03373897075653076
v -0.007489978801459074 -0.04129600152373314 0.035104990005493164
v 0.010116989724338055 -0.04207098111510277 0.06395000219345093
v 0.015976959839463234 -0.0415719710290432 0.07516299933195114
v -0.007489978801459074 -0.04129600152373314 0.035104990005493164
v 0.015976959839463234 -0.0415719710290432 0.07516299933195114
v 0.008726954460144043 -0.04077500104904175 0.06395000219345093
v -0.007489978801459074 -0.04129600152373314 0.035104990005493164
v -0.008253990672528744 -0.040384940803050995 0.03511594980955124
v -0.00892496109008789 -0.03922098129987717 0.035118989646434784
v -0.009079991839826107 -0.040307991206645966 0.03357100114226341
v -0.010120980441570282 -0.03811800107359886 0.0336419902741909
v -0.01347993966192007 -0.013232939876616001 0.03348296135663986
v -0.009079991839826107 -0.040307991206645966 0.03357100114226341
v -0.011813989840447903 -0.02721899002790451 0.03387397155165672
v -0.011823950335383415 -0.0233649592846632 0.03485900163650513
v -0.01347993966192007 -0.013232939876616001 0.03348296135663986
v -0.013341959565877914 -0.007431983016431332 0.034582968801259995
v -0.013833990320563316 -0.007896958850324154 0.03354698047041893
v -0.01347993966192007 -0.013232939876616001 0.03348296135663986
v -0.010120980441570282 -0.03811800107359886 0.0336419902741909
v -0.011292990297079086 -0.03051595948636532 0.03377300128340721
v -0.01347993966192007 -0.013232939876616001 0.03348296135663986
v -0.011292990297079086 -0.03051595948636532 0.03377300128340721
v -0.011813989840447903 -0.02721899002790451 0.03387397155165672
v -0.01347993966192007 -0.013232939876616001 0.03348296135663986
v -0.013341959565877914 -0.007431983016431332 0.034582968801259995
v -0.013625970110297203 -0.00019999999494757503 0.034332990646362305
v -0.013833990320563316 -0.007896958850324154 0.03354698047041893
v -0.013625970110297203 -0.00019999999494757503 0.034332990646362305
v -0.013635990209877491 0.00019999999494757503 0.03430293872952461
v -0.013833990320563316 -0.007896958850324154 0.03354698047041893
v -0.013625970110297203 -0.00019999999494757503 0.034332990646362305
v 0.025698000565171242 0.00019999999494757503 0.10242699831724167
v -0.013635990209877491 0.00019999999494757503 0.03430293872952461
v 0.13725000619888306 -0.005051970016211271 0.037832971662282944
v 0.13734999299049377 -0.008044958114624023 0.03828895092010498
v 0.13356000185012817 -0.001376986037939787 0.036101989448070526
v 0.13725000619888306 -0.012407000176608562 0.03955494984984398
v 0.13740700483322144 -0.013114980421960354 0.03981798142194748
v 0.046380989253520966 -0.04174298048019409 0.03340994939208031
v 0.13740700483322144 -0.013114980421960354 0.03981798142194748
v 0.13734999299049377 -0.01794796995818615 0.04197996109724045
v 0.046380989253520966 -0.04174298048019409 0.03340994939208031
v 0.13734999299049377 -0.01794796995818615 0.04197996109724045
v 0.1374340057373047 -0.022386960685253143 0.04486595839262009
v 0.046380989253520966 -0.04174298048019409 0.03340994939208031
v 0.1374340057373047 -0.022386960685253143 0.04486595839262009
v 0.04341994971036911 -0.04303300008177757 0.03356599062681198
v 0.046380989253520966 -0.04174298048019409 0.03340994939208031
v 0.02579497918486595 -0.007430970203131437 0.1023498997092247
v 0.02587996982038021 -0.005165994167327881 0.10250400006771088
v 0.025698000565171242 0.00019999999494757503 0.10242699831724167
v 0.02587996982038021 -0.005165994167327881 0.10250400006771088
v 0.02570294961333275 -0.00019999999494757503 0.10243300348520279
v 0.025698000565171242 0.00019999999494757503 0.10242699831724167
v 0.07834898680448532 -0.04576997831463814 0.06896697729825974
v 0.08458501100540161 -0.045542001724243164 0.07476896047592163
v 0.07833600044250488 -0.04596494883298874 0.07515496015548706
v 0.052794989198446274 -0.0037009709049016237 0.11246199905872345
v 0.05172394961118698 0.0036829710006713867 0.1123879998922348
v 0.051664941012859344 -0.0036879770923405886 0.11238899827003479
v 0.027239970862865448 -0.00019999999494757503 0.10364899784326553
v 0.03068196028470993 0.00019999999494757503 0.10583700239658356
v 0.027240989729762077 0.00043799998820759356 0.10365500301122665
v 0.03068196028470993 0.00019999999494757503 0.10583700239658356
v 0.02767300046980381 0.01078294962644577 0.10369499772787094
v 0.027240989729762077 0.00043799998820759356 0.10365500301122665
v 0.13725599646568298 0.022384999319911003 0.10519400238990784
v 0.08081697672605515 0.03564196079969406 0.10323499888181686
v 0.13742400705814362 0.019140949472784996 0.10730800032615662
v 0.02922694943845272 0.0248409491032362 0.10368499904870987
v 0.027875950559973717 0.02683698944747448 0.10248599946498871
v 0.028862949460744858 0.023004939779639244 0.1036909967660904
v 0.03462100028991699 0.019105970859527588 0.10710400342941284
v 0.02922694943845272 0.0248409491032362 0.10368499904870987
v 0.028862949460744858 0.023004939779639244 0.1036909967660904
v 0.03174494951963425 -0.04542696103453636 0.07489197701215744
v 0.04023395851254463 0.03516095131635666 0.10367199778556824
v 0.041436970233917236 0.027126960456371307 0.10711800307035446
v 0.04350893944501877 0.027803950011730194 0.10712099820375443
v 0.02888398990035057 0.029263969510793686 0.10252899676561356
v 0.030043000355362892 0.03142499178647995 0.10244999825954437
v 0.028446970507502556 0.02872597984969616 0.1023939996957779
v 0.02720797061920166 0.03710097074508667 0.09476298093795776
v 0.02499895915389061 0.03739994019269943 0.09215295314788818
v 0.025667959824204445 0.03522998094558716 0.09477496147155762
v 0.01678198017179966 0.03770899027585983 0.08037900179624557
v 0.018272990360856056 0.037123970687389374 0.08316600322723389
v 0.017108969390392303 0.03774594888091087 0.08091998100280762
v 0.014564990065991879 0.0380779504776001 0.07642196863889694
v 0.01678198017179966 0.03770899027585983 0.08037900179624557
v 0.017108969390392303 0.03774594888091087 0.08091998100280762
v 0.01678198017179966 0.03770899027585983 0.08037900179624557
v 0.016407959163188934 0.037667978554964066 0.07976096123456955
v 0.018272990360856056 0.037123970687389374 0.08316600322723389
v 0.13334199786186218 -0.00019999999494757503 0.11409900337457657
v 0.13359899818897247 0.00019999999494757503 0.11404900252819061
v 0.13333700597286224 0.00019999999494757503 0.11409900337457657
v 0.13512499630451202 0.013079999946057796 0.11022800207138062
v 0.13524599373340607 0.010617969557642937 0.11108200252056122
v 0.1374509036540985 0.01167398039251566 0.11063099652528763
v 0.13524599373340607 0.010617969557642937 0.11108200252056122
v 0.13245199620723724 0.0019659989047795534 0.11405099928379059
v 0.1374509036540985 0.01167398039251566 0.11063099652528763
v 0.13245199620723724 0.0019659989047795534 0.11405099928379059
v 0.13750100135803223 0.007655978202819824 0.11168500036001205
v 0.1374509036540985 0.01167398039251566 0.11063099652528763
v 0.13245199620723724 0.0019659989047795534 0.11405099928379059
v 0.13336190581321716 0.001286983024328947 0.11397299915552139
v 0.13750100135803223 0.007655978202819824 0.11168500036001205
v 0.13336190581321716 0.001286983024328947 0.11397299915552139
v 0.1372459977865219 0.0049009909853339195 0.11223000288009644
v 0.13750100135803223 0.007655978202819824 0.11168500036001205
v 0.07118897885084152 0.004363954067230225 0.03285700082778931
v 0.09565997123718262 -0.003316998016089201 0.03288799151778221
v 0.07116597145795822 -0.004306972026824951 0.032857950776815414
v 0.1333550065755844 -0.0012839429546147585 0.11398100107908249
v 0.13725100457668304 -0.005874990951269865 0.11213990300893784
v 0.13362200558185577 -0.00019999999494757503 0.1140419989824295
v 0.059938959777355194 0.03757195919752121 0.1023159995675087
v 0.07599598169326782 0.03746097907423973 0.10243300348520279
v 0.07314895838499069 0.03957796096801758 0.09822797030210495
v 0.07599598169326782 0.03746097907423973 0.10243300348520279
v 0.05434196814894676 0.03743999823927879 0.10245700180530548
v 0.07599598169326782 0.03746097907423973 0.10243300348520279
v 0.059938959777355194 0.03757195919752121 0.1023159995675087
v 0.042766980826854706 0.04621696099638939 0.06892894953489304
v 0.03846395015716553 0.04597795009613037 0.0748940110206604
v 0.045175958424806595 0.0461459681391716 0.07492297142744064
v 0.05434196814894676 0.03743999823927879 0.10245700180530548
v 0.07523994892835617 0.03565299138426781 0.10345499962568283
v 0.07599598169326782 0.03746097907423973 0.10243300348520279
v 0.07715796679258347 0.03563797101378441 0.1034649983048439
v 0.07952897995710373 0.0355449914932251 0.10342399775981903
v 0.0781809613108635 0.03743898123502731 0.10237500071525574
v 0.015976959839463234 -0.0415719710290432 0.07516299933195114
v 0.017862970009446144 -0.039698950946331024 0.08072494715452194
v 0.014702970162034035 -0.04014796018600464 0.07511799782514572
v 0.037625961005687714 0.03436195105314255 0.10366799682378769
v 0.0359419509768486 0.0359879694879055 0.10255999863147736
v 0.03623998165130615 0.033855970948934555 0.10359899699687958
v 0.13725599646568298 0.022384999319911003 0.10519400238990784
v 0.13736900687217712 0.025985000655055046 0.10217200219631195
v 0.080362968146801 0.03738898038864136 0.10218899697065353
v 0.13736900687217712 0.025985000655055046 0.10217200219631195
v 0.08231096714735031 0.03757296875119209 0.10158099979162216
v 0.080362968146801 0.03738898038864136 0.10218899697065353
v 0.13736900687217712 0.025985000655055046 0.10217200219631195
v 0.13726100325584412 0.029146960005164146 0.09879398345947266
v 0.08231096714735031 0.03757296875119209 0.10158099979162216
v 0.13726100325584412 0.029146960005164146 0.09879398345947266
v 0.08383995294570923 0.037431951612234116 0.10140799731016159
v 0.08231096714735031 0.03757296875119209 0.10158099979162216
v 0.08383995294570923 0.037431951612234116 0.10140799731016159
v 0.08487600088119507 0.03757296875119209 0.10095199942588806
v 0.08231096714735031 0.03757296875119209 0.10158099979162216
v 0.08383995294570923 0.037431951612234116 0.10140799731016159
v 0.13726100325584412 0.029146960005164146 0.09879398345947266
v 0.08487600088119507 0.03757296875119209 0.10095199942588806
v 0.13726100325584412 0.029146960005164146 0.09879398345947266
v 0.13726100325584412 0.03111398033797741 0.09610497206449509
v 0.08487600088119507 0.03757296875119209 0.10095199942588806
v 0.028711970895528793 0.03739994019269943 0.09585797041654587
v 0.027189970016479492 0.03943394869565964 0.09200698137283325
v 0.026426969096064568 0.03891795128583908 0.09203600138425827
v 0.028164979070425034 0.04009300097823143 0.09197098016738892
v 0.028711970895528793 0.03739994019269943 0.09585797041654587
v 0.031785961240530014 0.03739994019269943 0.09832596033811569
v 0.028164979070425034 0.04009300097823143 0.09197098016738892
v 0.0348549410700798 0.035654958337545395 0.10240499675273895
v 0.035835981369018555 0.036219000816345215 0.10239800065755844
v 0.031785961240530014 0.03739994019269943 0.09832596033811569
v 0.0359419509768486 0.0359879694879055 0.10255999863147736
v 0.038279950618743896 0.03689794987440109 0.10251300036907196
v 0.035835981369018555 0.036219000816345215 0.10239800065755844
v 0.02506195940077305 -0.0444369912147522 0.07492697238922119
v 0.028584949672222137 -0.04558097943663597 0.0689150020480156
v 0.03174494951963425 -0.04542696103453636 0.07489197701215744
v 0.04023395851254463 0.03516095131635666 0.10367199778556824
v 0.04439394921064377 0.03153698891401291 0.10563699901103973
v 0.04288094863295555 0.03563898056745529 0.1034500002861023
v 0.028446970507502556 0.02872597984969616 0.1023939996957779
v 0.023763950914144516 0.03150295838713646 0.09443700313568115
v 0.027875950559973717 0.02683698944747448 0.10248599946498871
v 0.07523994892835617 0.03565299138426781 0.10345499962568283
v 0.05434196814894676 0.03743999823927879 0.10245700180530548
v 0.04623996838927269 0.03564399108290672 0.10345599800348282
v 0.07905297726392746 -0.04448895901441574 0.08616697043180466
v 0.08458899706602097 -0.04510295018553734 0.08069795370101929
v 0.08553998917341232 -0.04402595013380051 0.08528298139572144
v 0.13743199408054352 0.015556990168988705 0.10917200148105621
v 0.13771000504493713 0.0190119706094265 0.10708899796009064
v 0.13742400705814362 0.019140949472784996 0.10730800032615662
v 0.04767495021224022 0.04565196856856346 0.08096498250961304
v 0.0717960000038147 0.046018000692129135 0.07513599842786789
v 0.045175958424806595 0.0461459681391716 0.07492297142744064
v 0.045175958424806595 -0.0461459681391716 0.07492297142744064
v 0.042766980826854706 -0.04621696099638939 0.06892894953489304
v 0.0717960000038147 -0.046018000692129135 0.07513599842786789
v 0.03379594907164574 0.041495971381664276 0.09180498123168945
v 0.03882896155118942 0.038001950830221176 0.1008640006184578
v 0.03978598117828369 0.038475990295410156 0.10013200342655182
v 0.04632794111967087 0.02629196085035801 0.10782399773597717
v 0.04431997984647751 0.027165940031409264 0.10740900039672852
v 0.04454696178436279 0.025410950183868408 0.10800100117921829
v 0.04255598038434982 -0.04498796910047531 0.08364497870206833
v 0.03651499003171921 -0.044514000415802 0.08366197347640991
v 0.04142795875668526 -0.04545997828245163 0.08093100041151047
v 0.02495395950973034 -0.04268598183989525 0.08382599800825119
v 0.02290499024093151 -0.04290293902158737 0.08094698190689087
v 0.028783969581127167 -0.04407196864485741 0.08102697134017944
v 0.02219896949827671 -0.04297798126935959 0.07995498180389404
v 0.033217959105968475 -0.04344999045133591 0.08607196062803268
v 0.0326799713075161 -0.04336094111204147 0.08607500046491623
v 0.028783969581127167 -0.04407196864485741 0.08102697134017944
v 0.1377200037240982 -0.022225970402359962 0.0450819693505764
v 0.13774999976158142 -0.026170959696173668 0.048703961074352264
v 0.13749900460243225 -0.0263549592345953 0.04835999011993408
v 0.00924897100776434 0.041355960071086884 0.06395000219345093
v 0.0028519630432128906 0.04243599995970726 0.032948970794677734
v -0.011157980188727379 0.0331609807908535 0.03352499008178711
v 0.13733699917793274 -0.03720396012067795 0.06972496956586838
v 0.13725100457668304 -0.03671699017286301 0.0669969916343689
v 0.13752290606498718 -0.0366859994828701 0.0674469992518425
v 0.13725200295448303 -0.03727494925260544 0.07024198025465012
v 0.13750599324703217 -0.037432961165905 0.07347697019577026
v 0.09134995192289352 -0.04438095912337303 0.06846194714307785
v 0.13750599324703217 -0.037432961165905 0.07347697019577026
v 0.13752900063991547 -0.03745894879102707 0.07497096061706543
v 0.09134995192289352 -0.04438095912337303 0.06846194714307785
v 0.13752900063991547 -0.03745894879102707 0.07497096061706543
v 0.08458501100540161 -0.045542001724243164 0.07476896047592163
v 0.09134995192289352 -0.04438095912337303 0.06846194714307785
v 0.13752900063991547 -0.03745894879102707 0.07497096061706543
v 0.13749100267887115 -0.0374709889292717 0.07564698904752731
v 0.08458501100540161 -0.045542001724243164 0.07476896047592163
v 0.13749100267887115 -0.0374709889292717 0.07564698904752731
v 0.13748799264431 -0.0374179407954216 0.07719498127698898
v 0.08458501100540161 -0.045542001724243164 0.07476896047592163
v 0.09086298197507858 -0.043105948716402054 0.06078999862074852
v 0.13743700087070465 -0.03588699921965599 0.0639689490199089
v 0.13725100457668304 -0.03671699017286301 0.0669969916343689
v 0.02290499024093151 -0.04290293902158737 0.08094698190689087
v 0.02495395950973034 -0.04268598183989525 0.08382599800825119
v 0.02103297971189022 -0.042380981147289276 0.08084797114133835
v 0.02495395950973034 -0.04268598183989525 0.08382599800825119
v 0.02542698010802269 -0.04204297065734863 0.08610694855451584
v 0.02103297971189022 -0.042380981147289276 0.08084797114133835
v 0.02542698010802269 -0.04204297065734863 0.08610694855451584
v 0.024553950875997543 -0.041680991649627686 0.08610694855451584
v 0.02103297971189022 -0.042380981147289276 0.08084797114133835
v -0.02302395924925804 0.03209400177001953 0.01329295989125967
v -0.02426695078611374 0.02772199921309948 0.012219959869980812
v -0.02346700057387352 0.027918990701436996 0.01354795042425394
v -0.0076929922215640545 0.041087981313467026 0.027478989213705063
v -0.007840991020202637 0.04105198010802269 0.027430949732661247
v -0.006382942199707031 0.04127097129821777 0.02815197966992855
v -0.006852983962744474 0.041247960180044174 0.027831969782710075
v -0.007342994213104248 0.03982799872756004 0.03006695955991745
v -0.011215980164706707 0.034780971705913544 0.032576970756053925
v -0.008609949611127377 0.034706950187683105 0.03289394825696945
v -0.00860899593681097 0.034710999578237534 0.032892998307943344
v -0.005721985828131437 0.03811895102262497 0.03266400098800659
v -0.0030719630885869265 0.03809398040175438 0.03297799080610275
v -0.003250956069678068 0.03936295956373215 0.03274594992399216
v -0.003250956069678068 0.03936295956373215 0.03274594992399216
v -0.0030719630885869265 0.03809398040175438 0.03297799080610275
v 0.0028519630432128906 0.04243599995970726 0.032948970794677734
v -0.008619964122772217 0.03456300124526024 0.03291695937514305
v -0.008619964122772217 0.03453296050429344 0.03292195871472359
v -0.008078992366790771 0.035290949046611786 0.0328589603304863
v 0.030864950269460678 0.026804979890584946 0.014734979718923569
v 0.03045796975493431 0.02349996007978916 0.01508294977247715
v 0.030524959787726402 0.02681099995970726 0.015209970064461231
v 0.016017969697713852 0.030272960662841797 0.03303498029708862
v 0.01581496000289917 0.03008699044585228 0.03301994875073433
v 0.01636998914182186 0.030122989788651466 0.03401898965239525
v -0.007923959754407406 0.02703898958861828 0.02595197968184948
v -0.008500993251800537 0.02707194909453392 0.025713980197906494
v -0.008681952022016048 0.027047989889979362 0.02512997016310692
v -0.0028729429468512535 0.02700895071029663 0.03182994946837425
v -0.0031099910847842693 0.026999950408935547 0.03140097111463547
v -0.002347945934161544 0.026999950408935547 0.032355960458517075
v 0.029094990342855453 0.026809990406036377 0.014921960420906544
v 0.02876799926161766 0.02333693951368332 0.014592939987778664
v 0.028669949620962143 0.02680598944425583 0.014496980234980583
v 0.01753395050764084 0.039295971393585205 0.032993968576192856
v 0.019502989947795868 0.03916800022125244 0.032930970191955566
v 0.0175129696726799 0.03955893963575363 0.03293298929929733
v 0.019545970484614372 0.03886597976088524 0.03299998864531517
v 0.04102199897170067 0.03494495153427124 0.03290795907378197
v 0.019502989947795868 0.03916800022125244 0.032930970191955566
v 0.041087981313467026 0.03425896167755127 0.033064961433410645
v 0.04314899072051048 0.03452794998884201 0.03290598839521408
v 0.04102199897170067 0.03494495153427124 0.03290795907378197
v 0.04323798045516014 0.03379898890852928 0.03307098150253296
v 0.043729960918426514 0.03441398963332176 0.0329049788415432
v 0.04314899072051048 0.03452794998884201 0.03290598839521408
v 0.04373496025800705 0.03369294852018356 0.03307294100522995
v 0.047838978469371796 0.03295296058058739 0.03305298089981079
v 0.04734098166227341 0.03370498865842819 0.03290098160505295
v 0.04816596955060959 0.03298097103834152 0.033030979335308075
v 0.04769694060087204 0.03355395048856735 0.032919999212026596
v 0.047838978469371796 0.03295296058058739 0.03305298089981079
v 0.049450989812612534 0.03329097852110863 0.03289895877242088
v 0.03270493820309639 0.029032999649643898 0.03286498039960861
v 0.03156697005033493 0.029030969366431236 0.03286600112915039
v 0.03680294007062912 0.027543960139155388 0.03259795159101486
v 0.04261099919676781 0.02739899978041649 0.03256696090102196
v 0.04284399002790451 0.027715979143977165 0.032622989267110825
v 0.04284000024199486 0.027716990560293198 0.032622989267110825
v 0.04284399002790451 0.027715979143977165 0.032622989267110825
v 0.04261099919676781 0.02739899978041649 0.03256696090102196
v 0.04775397852063179 0.02924996055662632 0.0328899584710598
v 0.04159795865416527 0.02703499048948288 0.03250294178724289
v 0.04125398024916649 0.027028970420360565 0.03250199183821678
v 0.04150097817182541 0.026999950408935547 0.03249698132276535
v 0.0147739602252841 0.04419194906949997 0.0275419894605875
v 0.013810990378260612 0.04419099912047386 0.027290990576148033
v 0.016222000122070312 0.043992988765239716 0.030240949243307114
v -0.004800974857062101 0.0457189604640007 0.004513978026807308
v -4.999999873689376e-06 0.046220000833272934 0.0
v -0.006781994830816984 0.045881979167461395 0.0020899770315736532
v 0.032875001430511475 0.043501969426870346 0.017026960849761963
v 0.03203696012496948 0.043700989335775375 0.017829950898885727
v 0.04535096138715744 0.04437398165464401 0.04695795848965645
v 0.0051939478144049644 0.045881979167461395 -0.004823981784284115
v 0.029094990342855453 0.026809990406036377 0.014921960420906544
v 0.02949398010969162 0.02681398019194603 0.015277979895472527
v 0.029431989416480064 0.023497989401221275 0.01525598019361496
v 0.028760960325598717 0.02679096907377243 0.013268940150737762
v 0.028711970895528793 0.02679597958922386 0.013706980273127556
v 0.02885800041258335 0.0226779505610466 0.013257980346679688
v 0.011376970447599888 0.04403895139694214 0.0277019701898098
v 0.016222000122070312 0.043992988765239716 0.030240949243307114
v -0.00969398021697998 0.04439197853207588 0.01524799969047308
v 0.005653976928442717 0.031051989644765854 0.03305298089981079
v 0.006128965876996517 0.03137296065688133 0.034740980714559555
v 0.005678950808942318 0.031013960018754005 0.03305000066757202
v -0.00542896892875433 0.030099980533123016 0.03292495012283325
v -0.005084990989416838 0.030621999874711037 0.03297698125243187
v -0.005439995788037777 0.03063100017607212 0.032975971698760986
v -0.005081951152533293 0.030049970373511314 0.032920949161052704
v -0.002804993884637952 0.030563950538635254 0.0329819917678833
v -0.005084990989416838 0.030621999874711037 0.03297698125243187
v 0.0017149440245702863 0.02907096967101097 0.03285700082778931
v 0.0024559490848332644 0.029736990109086037 0.03292495012283325
v 0.0025019641034305096 0.03042799048125744 0.03299200162291527
v 0.0024559490848332644 0.029736990109086037 0.03292495012283325
v 0.00681799603626132 0.029825979843735695 0.03295397013425827
v 0.0063959951512515545 0.030100999400019646 0.03297799080610275
v 0.015763990581035614 0.03004097007215023 0.03301494941115379
v 0.0198739692568779 0.029982980340719223 0.03302793949842453
v 0.01581496000289917 0.03008699044585228 0.03301994875073433
v 0.029517939314246178 0.026784000918269157 0.012819940224289894
v 0.030432989820837975 0.02323799952864647 0.012910960242152214
v 0.030075959861278534 0.026784000918269157 0.012882939539849758
v 0.03722697123885155 0.04128098115324974 0.023575959727168083
v 0.03675299137830734 0.04126197099685669 0.02406495064496994
v 0.03691995143890381 0.041216958314180374 0.02409595064818859
v -0.022980980575084686 0.02797394059598446 0.014108000323176384
v -0.017690949141979218 0.02924196980893612 0.022762000560760498
v -0.021553989499807358 0.036445971578359604 0.014257960021495819
v 0.028401970863342285 0.026802949607372284 0.014229949563741684
v 0.02876799926161766 0.02333693951368332 0.014592939987778664
v 0.02833198942244053 0.02285999059677124 0.014155980199575424
v 0.021133949980139732 0.04400699958205223 0.026854990050196648
v 0.020289000123739243 0.04405694827437401 0.027342969551682472
v 0.017625980079174042 0.04395699128508568 0.030105939134955406
v 0.016964970156550407 0.03174697980284691 0.03307098150253296
v 0.016891000792384148 0.03148198127746582 0.033064961433410645
v 0.017132990062236786 0.03137296065688133 0.03358995169401169
v -0.02346700057387352 0.027918990701436996 0.01354795042425394
v -0.023578999564051628 0.02685396932065487 0.01361398957669735
v -0.008748947642743587 0.03661799058318138 0.03254299983382225
v -0.006246984004974365 0.038736991584300995 0.03182994946837425
v -0.008831976912915707 0.036763958632946014 0.03236597031354904
v 0.0025019641034305096 0.03042799048125744 0.03299200162291527
v 0.0024559490848332644 0.029736990109086037 0.03292495012283325
v 0.003923952113837004 0.029754990711808205 0.036490969359874725
v -0.02346700057387352 0.027918990701436996 0.01354795042425394
v -0.013221969828009605 0.030413979664444923 0.030469000339508057
v -0.011822990141808987 0.030779000371694565 0.03287297114729881
v -0.006823956035077572 0.027932999655604362 0.030240949243307114
v -0.005250989925116301 0.02815794013440609 0.03251396864652634
v -0.0055189719423651695 0.02826499007642269 0.032528989017009735
v -0.007232964038848877 0.02765594981610775 0.02904796041548252
v -0.00789099931716919 0.027092989534139633 0.026796989142894745
v -0.0028729429468512535 0.02700895071029663 0.03182994946837425
v 0.019882969558238983 0.044081978499889374 0.02733498066663742
v 0.017625980079174042 0.04395699128508568 0.030105939134955406
v 0.04745196923613548 0.03659098967909813 0.030660979449748993
v 0.04525595158338547 0.03740799054503441 0.03103094920516014
v 0.046436961740255356 0.035371001809835434 0.03233999013900757
v 0.019545970484614372 0.03886597976088524 0.03299998864531517
v 0.019502989947795868 0.03916800022125244 0.032930970191955566
v 0.0194929800927639 0.0437929593026638 0.03325200080871582
v 0.0024559490848332644 0.029736990109086037 0.03292495012283325
v 0.0017149440245702863 0.02907096967101097 0.03285700082778931
v 0.003923952113837004 0.029754990711808205 0.036490969359874725
v 0.03203696012496948 0.043700989335775375 0.017829950898885727
v 0.03199100121855736 0.04371296986937523 0.01785898022353649
v 0.04564499109983444 0.03830498084425926 0.0279690008610487
v -0.01722395047545433 0.029356950893998146 0.023538939654827118
v -0.017690949141979218 0.02924196980893612 0.022762000560760498
v -0.013089950196444988 0.020659979432821274 0.032891981303691864
v -0.011115959845483303 0.043770961463451385 0.017866959795355797
v 0.01934598945081234 0.0446469709277153 0.06395000219345093
v 0.02344994992017746 0.04525094851851463 0.06395000219345093
v 0.030144980177283287 0.02681099995970726 0.015167949721217155
v 0.030524959787726402 0.02681099995970726 0.015209970064461231
v 0.03045796975493431 0.02349996007978916 0.01508294977247715
v -0.01414996013045311 0.027107950299978256 0.012838950380682945
v -0.01437097042798996 0.02711397036910057 0.012803969904780388
v -0.014291999861598015 0.025499990209937096 0.012916980311274529
v 0.017625980079174042 0.04395699128508568 0.030105939134955406
v 0.009998977184295654 0.02899998053908348 0.032851990312337875
v 0.009301959536969662 0.02899998053908348 0.03285098075866699
v 0.009484945796430111 0.02899998053908348 0.03329598158597946
v -0.007925987243652344 0.045450981706380844 0.005827962886542082
v 0.02344994992017746 0.04525094851851463 0.06395000219345093
v -0.005486965179443359 0.04565494880080223 0.004854977130889893
v -0.009455977939069271 0.03162698820233345 0.033036939799785614
v -0.009914994239807129 0.030745979398489 0.0329669713973999
v -0.009447990916669369 0.030666939914226532 0.033311959356069565
v 0.008311985991895199 0.02917999029159546 0.032884951680898666
v 0.007952988147735596 0.029213959351181984 0.03289097175002098
v 0.008108972571790218 0.029290970414876938 0.03388797864317894
v 0.013708939775824547 0.02917098067700863 0.03288894146680832
v 0.013302979990839958 0.029052970930933952 0.03286600112915039
v 0.013947959989309311 0.02899998053908348 0.03538094833493233
v -0.005478978157043457 0.03188896179199219 0.03307294100522995
v -0.005119978915899992 0.03220200166106224 0.033080991357564926
v -0.005497992038726807 0.03220098838210106 0.033080991357564926
v -0.005103944800794125 0.03186094015836716 0.03307199105620384
v -0.0028029680252075195 0.032211948186159134 0.033080991357564926
v -0.005119978915899992 0.03220200166106224 0.033080991357564926
v -0.0027919409330934286 0.03168696165084839 0.03306800127029419
v 0.0025909540709108114 0.03223298862576485 0.033081941306591034
v -0.0028029680252075195 0.032211948186159134 0.033080991357564926
v 0.002551971934735775 0.03128498047590256 0.033059000968933105
v 0.005531966220587492 0.03122996911406517 0.03305798023939133
v 0.0054169888608157635 0.031490981578826904 0.033063940703868866
v 0.0198739692568779 0.029982980340719223 0.03302793949842453
v 0.019809959456324577 0.032302968204021454 0.03308498114347458
v 0.016891000792384148 0.03148198127746582 0.033064961433410645
v 0.019809959456324577 0.032302968204021454 0.03308498114347458
v 0.04100298136472702 0.03171294182538986 0.03307294100522995
v 0.04103595018386841 0.03238796815276146 0.03308897837996483
v 0.04103595018386841 0.03238796815276146 0.03308897837996483
v 0.04322599992156029 0.0318949818611145 0.03307700157165527
v 0.04323798045516014 0.03239696845412254 0.03308999165892601
v 0.04323798045516014 0.03239696845412254 0.03308999165892601
v 0.04351495951414108 0.031918998807668686 0.03307795152068138
v 0.04358195886015892 0.032397981733083725 0.03308999165892601
v 0.04351495951414108 0.031918998807668686 0.03307795152068138
v 0.04822694882750511 0.03241698816418648 0.03309094160795212
v 0.04358195886015892 0.032397981733083725 0.03308999165892601
v 0.04830700159072876 0.032310958951711655 0.03308796137571335
v 0.04847300052642822 0.03241794928908348 0.03309094160795212
v 0.04822694882750511 0.03241698816418648 0.03309094160795212
v 0.04847300052642822 0.03241794928908348 0.03309094160795212
v 0.048534978181123734 0.032329969108104706 0.03308897837996483
v 0.04967296123504639 0.03242294862866402 0.03309094160795212
v -0.01383494958281517 0.030132940039038658 0.028975959867239
v -0.01722395047545433 0.029356950893998146 0.023538939654827118
v -0.013089950196444988 0.020659979432821274 0.032891981303691864
v -0.01126496959477663 0.03454899042844772 0.03260999172925949
v -0.011822990141808987 0.030779000371694565 0.03287297114729881
v -0.010980959981679916 0.03255796059966087 0.0329740010201931
v -0.005494952201843262 0.028557950630784035 0.03260999172925949
v -0.00521695613861084 0.028419969603419304 0.03258800134062767
v -0.005093990825116634 0.029850950464606285 0.032880958169698715
v -0.0021649589762091637 0.027543960139155388 0.0324699804186821
v -0.0019899599719792604 0.029033949598670006 0.032775990664958954
v -0.0020799629855901003 0.02905499003827572 0.03277897089719772
v -0.002133965026587248 0.029142970219254494 0.03279494866728783
v -0.0010139939840883017 0.0290219709277153 0.03279298171401024
v -0.002384959952905774 0.02750498056411743 0.03245794028043747
v -0.002347945934161544 0.026999950408935547 0.032355960458517075
v -0.01383494958281517 0.030132940039038658 0.028975959867239
v -0.014261960051953793 0.03762698173522949 0.02652198076248169
v -0.014440950006246567 0.03784697875380516 0.0257869902998209
v -0.0031099910847842693 0.026999950408935547 0.03140097111463547
v -0.002348958980292082 0.02699797973036766 0.032145969569683075
v -0.002347945934161544 0.026999950408935547 0.032355960458517075
v -0.0023539660032838583 0.026988979429006577 0.031162969768047333
v -0.004962979815900326 0.02699296921491623 0.02827996015548706
v -0.002360998885706067 0.02697795070707798 0.02993297018110752
v -0.005439995788037777 0.03063100017607212 0.032975971698760986
v -0.005103944800794125 0.03186094015836716 0.03307199105620384
v -0.005478978157043457 0.03188896179199219 0.03307294100522995
v -0.0027929539792239666 0.03158795088529587 0.033060960471630096
v 0.0025429720990359783 0.031141990795731544 0.03304797038435936
v 0.002551971934735775 0.03128498047590256 0.033059000968933105
v -0.0027929539792239666 0.03158795088529587 0.033060960471630096
v 0.005678950808942318 0.031013960018754005 0.03305000066757202
v 0.005653976928442717 0.031051989644765854 0.03305298089981079
v 0.0025019641034305096 0.03042799048125744 0.03299200162291527
v 0.016017969697713852 0.030272960662841797 0.03303498029708862
v 0.01581496000289917 0.03008699044585228 0.03301994875073433
v 0.0198739692568779 0.029982980340719223 0.03302793949842453
v -0.009914994239807129 0.030745979398489 0.0329669713973999
v -0.009455977939069271 0.03162698820233345 0.033036939799785614
v -0.009420990012586117 0.03218495100736618 0.03307998180389404
v 0.04629193991422653 0.03768794983625412 0.029319999739527702
v 0.053281959146261215 0.039769940078258514 0.04237895831465721
v 0.053825970739126205 0.03811800107359886 0.042064961045980453
v 0.04959297180175781 0.03216296061873436 0.032896991819143295
v 0.04939299076795578 0.031515948474407196 0.03241394832730293
v 0.048947978764772415 0.03289394825696945 0.03185497969388962
v 0.013302979990839958 0.029052970930933952 0.03286600112915039
v 0.012667950242757797 0.02899998053908348 0.032854970544576645
v 0.013947959989309311 0.02899998053908348 0.03538094833493233
v -0.009455977939069271 0.03162698820233345 0.033036939799785614
v -0.009447990916669369 0.030666939914226532 0.033311959356069565
v -0.009420990012586117 0.03218495100736618 0.03307998180389404
v -0.00995695497840643 0.044684939086437225 0.01245998963713646
v 0.01195198018103838 0.04410593956708908 0.02734093926846981
v 0.012363970279693604 0.044157978147268295 0.02700597047805786
v 0.01327896025031805 0.04419099912047386 0.027070989832282066
v 0.04745196923613548 0.03659098967909813 0.030660979449748993
v 0.053825970739126205 0.03811800107359886 0.042064961045980453
v 0.04840695112943649 0.03538893908262253 0.031780000776052475
v -0.012905949726700783 0.027074990794062614 0.012998989783227444
v -0.012994999997317791 0.027076950296759605 0.012835970148444176
v -0.013041970320045948 0.025499990209937096 0.012916980311274529
v 0.023500969633460045 0.029055949300527573 0.032876960933208466
v 0.01999497041106224 0.029489990323781967 0.03295797109603882
v 0.020666949450969696 0.02906595915555954 0.03287595137953758
v 0.023978939279913902 0.02902895025908947 0.03287297114729881
v 0.031049959361553192 0.027543960139155388 0.03259199112653732
v 0.03680294007062912 0.027543960139155388 0.03259795159101486
v 0.03680294007062912 0.027543960139155388 0.03259795159101486
v 0.041249990463256836 0.02701300010085106 0.03249894827604294
v 0.04125398024916649 0.027028970420360565 0.03250199183821678
v 0.04125398024916649 0.027028970420360565 0.03250199183821678
v 0.041249990463256836 0.02701300010085106 0.03249894827604294
v 0.04150097817182541 0.026999950408935547 0.03249698132276535
v -0.01442794967442751 0.027114979922771454 0.014948960393667221
v -0.014768949709832668 0.027122970670461655 0.014446970075368881
v -0.013640989549458027 0.02709393948316574 0.01520793978124857
v -0.008709967136383057 0.03014999069273472 0.03286999091506004
v -0.0055189719423651695 0.02826499007642269 0.032528989017009735
v -0.005494952201843262 0.028557950630784035 0.03260999172925949
v -0.0055189719423651695 0.02826499007642269 0.032528989017009735
v -0.00521695613861084 0.028419969603419304 0.03258800134062767
v -0.005494952201843262 0.028557950630784035 0.03260999172925949
v -0.00521695613861084 0.028419969603419304 0.03258800134062767
v -0.005250989925116301 0.02815794013440609 0.03251396864652634
v -0.002347945934161544 0.026999950408935547 0.032355960458517075
v -0.012224970385432243 0.0377349816262722 0.029570989310741425
v 0.007372974883764982 0.03811800107359886 0.06395000219345093
v -0.01302396971732378 0.03826497867703438 0.02856599912047386
v 0.028711970895528793 0.02679597958922386 0.013706980273127556
v 0.02833198942244053 0.02285999059677124 0.014155980199575424
v 0.02885800041258335 0.0226779505610466 0.013257980346679688
v 0.0052289958111941814 0.0322759710252285 0.033081941306591034
v 0.005104959011077881 0.03276300057768822 0.033075980842113495
v 0.005813955795019865 0.032859981060028076 0.034875981509685516
v 0.003819942008703947 0.04287194833159447 0.03226596117019653
v 0.002826987998560071 0.04273097962141037 0.032533999532461166
v 0.0031549930572509766 0.04271494969725609 0.03284095972776413
v -0.011163939721882343 0.04376494139432907 0.017863979563117027
v -0.011115959845483303 0.043770961463451385 0.017866959795355797
v -0.010273990221321583 0.04424196109175682 0.016352949663996696
v -0.0012809629552066326 0.027543960139155388 0.032487981021404266
v -0.002347945934161544 0.026999950408935547 0.032355960458517075
v -0.001611948013305664 0.026999950408935547 0.032357990741729736
v 0.012226990424096584 0.04546498879790306 0.001981972949579358
v 0.012120960280299187 0.045473989099264145 0.0020399680361151695
v 0.036172978579998016 0.045810990035533905 0.052257001399993896
v 0.004680991172790527 0.042135950177907944 0.03292899951338768
v 0.00462794303894043 0.04246199131011963 0.032828979194164276
v 0.005778967868536711 0.04287498816847801 0.035671938210725784
v -0.01472495961934328 0.027122970670461655 0.013156949542462826
v -0.01478498987853527 0.027123980224132538 0.013353999704122543
v -0.014750000089406967 0.025499990209937096 0.013374979607760906
v -0.01414996013045311 0.027107950299978256 0.012838950380682945
v -0.012477990239858627 0.027062950655817986 0.01374697033315897
v -0.014858960174024105 0.027125950902700424 0.014042969793081284
v 0.04840695112943649 0.03538893908262253 0.031780000776052475
v 0.04861396178603172 0.03468995913863182 0.03219199180603027
v 0.049450989812612534 0.03329097852110863 0.03289895877242088
v -0.013628950342535973 0.038624998182058334 0.027197949588298798
v -0.013628950342535973 0.038624998182058334 0.027197949588298798
v -0.015933990478515625 0.04152296856045723 0.020052960142493248
v 0.04564499109983444 0.03830498084425926 0.0279690008610487
v 0.04629193991422653 0.03768794983625412 0.029319999739527702
v 0.04703795164823532 0.037262968719005585 0.030002949759364128
v 0.004275977145880461 0.042973991483449936 0.03190296143293381
v 0.016222000122070312 0.043992988765239716 0.030240949243307114
v 0.010380979627370834 0.043940961360931396 0.02792596071958542
v -0.026481980457901955 0.029759999364614487 0.004777966998517513
v -0.02615397982299328 0.03047800064086914 0.005957961082458496
v -0.026420950889587402 0.030490990728139877 0.004615962039679289
v 0.0031549930572509766 0.04271494969725609 0.03284095972776413
v 0.007952988147735596 0.029213959351181984 0.03289097175002098
v 0.007751941215246916 0.02927500009536743 0.032899968326091766
v 0.008108972571790218 0.029290970414876938 0.03388797864317894
v 0.005104959011077881 0.03276300057768822 0.033075980842113495
v 0.004808961879462004 0.03928399085998535 0.032990988343954086
v 0.005813955795019865 0.032859981060028076 0.034875981509685516
v -0.011368979699909687 0.03527598828077316 0.032476961612701416
v -0.011215980164706707 0.034780971705913544 0.032576970756053925
v 0.007372974883764982 0.03811800107359886 0.06395000219345093
v 0.04279195889830589 0.03631298989057541 0.03222595900297165
v 0.04591196030378342 0.035365991294384 0.032489001750946045
v 0.04525595158338547 0.03740799054503441 0.03103094920516014
v 0.00450897216796875 0.04284697026014328 0.03257197141647339
v 0.004275977145880461 0.042973991483449936 0.03190296143293381
v 0.004232943058013916 0.04297000169754028 0.03190898150205612
v 0.015260989777743816 0.029751000925898552 0.03298496827483177
v 0.015253960154950619 0.029290970414876938 0.03464597091078758
v 0.01636998914182186 0.030122989788651466 0.03401898965239525
v 0.04745196923613548 0.03659098967909813 0.030660979449748993
v 0.04703795164823532 0.037262968719005585 0.030002949759364128
v 0.053825970739126205 0.03811800107359886 0.042064961045980453
v -0.007925987243652344 0.045450981706380844 0.005827962886542082
v -0.006781994830816984 0.045881979167461395 0.0020899770315736532
v -0.010111980140209198 0.04530197009444237 0.005834995768964291
v 0.04861396178603172 0.03468995913863182 0.03219199180603027
v 0.053825970739126205 0.03811800107359886 0.042064961045980453
v 0.049450989812612534 0.03329097852110863 0.03289895877242088
v -0.013487990014255047 0.038447968661785126 0.02763395942747593
v -0.013353999704122543 0.03863399848341942 0.027600999921560287
v -0.013628950342535973 0.038624998182058334 0.027197949588298798
v 0.030874960124492645 0.026791980490088463 0.013691959902644157
v 0.030847959220409393 0.02678799070417881 0.013326999731361866
v 0.030808979645371437 0.023413950577378273 0.013297970406711102
v 0.0028519630432128906 0.04243599995970726 0.032948970794677734
v -0.010845949873328209 0.03277796134352684 0.03295296058058739
v -0.011157980188727379 0.0331609807908535 0.03352499008178711
v 0.00462794303894043 0.04246199131011963 0.032828979194164276
v 0.016281960532069206 0.043841950595378876 0.03035997971892357
v 0.004514991771429777 0.04283194988965988 0.032583948224782944
v 0.01936900056898594 0.039927948266267776 0.03270798176527023
v 0.04084097966551781 0.03623795136809349 0.03253095969557762
v 0.04057794064283371 0.03698598966002464 0.03203998878598213
v 0.042883988469839096 0.03601597994565964 0.03242294862866402
v 0.04591196030378342 0.035365991294384 0.032489001750946045
v 0.04279195889830589 0.03631298989057541 0.03222595900297165
v 0.04960595816373825 0.03181295841932297 0.032895978540182114
v 0.04939299076795578 0.031515948474407196 0.03241394832730293
v 0.04959297180175781 0.03216296061873436 0.032896991819143295
v 0.016222000122070312 0.043992988765239716 0.030240949243307114
v 0.004514991771429777 0.04283194988965988 0.032583948224782944
v 0.016281960532069206 0.043841950595378876 0.03035997971892357
v 0.014992949552834034 0.02959894947707653 0.03296196088194847
v 0.014533990062773228 0.029364999383687973 0.0329279787838459
v 0.01999497041106224 0.029489990323781967 0.03295797109603882
v 0.04629193991422653 0.03768794983625412 0.029319999739527702
v 0.053825970739126205 0.03811800107359886 0.042064961045980453
v 0.04703795164823532 0.037262968719005585 0.030002949759364128
v -0.010273990221321583 0.04424196109175682 0.016352949663996696
v -0.011115959845483303 0.043770961463451385 0.017866959795355797
v 0.02344994992017746 0.04525094851851463 0.06395000219345093
v 0.03577297180891037 0.04183495044708252 0.01520793978124857
v 0.04457198828458786 0.03862994164228439 0.026465950533747673
v 0.04379497841000557 0.038743969053030014 0.025209959596395493
v 0.04379497841000557 0.038743969053030014 0.025209959596395493
v 0.04457198828458786 0.03862994164228439 0.026465950533747673
v 0.04513198137283325 0.038425978273153305 0.027182990685105324
v 0.005917965900152922 0.03076498955488205 0.033032000064849854
v 0.005678950808942318 0.031013960018754005 0.03305000066757202
v 0.006128965876996517 0.03137296065688133 0.034740980714559555
v -0.026784950867295265 0.02903996966779232 0.0035959479864686728
v -0.026481980457901955 0.029759999364614487 0.004777966998517513
v -0.026420950889587402 0.030490990728139877 0.004615962039679289
v -0.013640989549458027 0.02709393948316574 0.01520793978124857
v -0.013481969945132732 0.027089949697256088 0.015261939726769924
v -0.013428979553282261 0.025499990209937096 0.015202989801764488
v -0.001611948013305664 0.026999950408935547 0.032357990741729736
v 0.00688397791236639 0.026986949145793915 0.030918000265955925
v 0.007383942138403654 0.026986949145793915 0.0309369508177042
v 0.013869999907910824 0.026999950408935547 0.03240799158811569
v 0.02221398986876011 0.026962989941239357 0.029003970324993134
v 0.02024495042860508 0.026975980028510094 0.03018397092819214
v 0.016206970438361168 0.02688395045697689 0.01939897984266281
v 0.04150097817182541 0.026999950408935547 0.03249698132276535
v 0.03157097101211548 0.026784950867295265 0.013156949542462826
v 0.03181498870253563 0.026732979342341423 0.00888597872108221
v 0.030144980177283287 0.02681099995970726 0.015167949721217155
v 0.029094990342855453 0.026809990406036377 0.014921960420906544
v 0.030874960124492645 0.026791980490088463 0.013691959902644157
v 0.017295949161052704 0.034122999757528305 0.033060960471630096
v 0.01724296063184738 0.03280394896864891 0.03307795152068138
v 0.019809959456324577 0.032302968204021454 0.03308498114347458
v 0.019809959456324577 0.032302968204021454 0.03308498114347458
v 0.041087981313467026 0.03425896167755127 0.033064961433410645
v 0.019545970484614372 0.03886597976088524 0.03299998864531517
v 0.04103595018386841 0.03238796815276146 0.03308897837996483
v 0.04323798045516014 0.03379898890852928 0.03307098150253296
v 0.041087981313467026 0.03425896167755127 0.033064961433410645
v 0.04323798045516014 0.03239696845412254 0.03308999165892601
v 0.04373496025800705 0.03369294852018356 0.03307294100522995
v 0.04323798045516014 0.03379898890852928 0.03307098150253296
v 0.04358195886015892 0.032397981733083725 0.03308999165892601
v 0.047949958592653275 0.03279196843504906 0.03308599814772606
v 0.04373496025800705 0.03369294852018356 0.03307294100522995
v 0.04822694882750511 0.03241698816418648 0.03309094160795212
v 0.04827398061752319 0.03272198885679245 0.033086951822042465
v 0.047949958592653275 0.03279196843504906 0.03308599814772606
v 0.04827398061752319 0.03272198885679245 0.033086951822042465
v 0.04847300052642822 0.03241794928908348 0.03309094160795212
v 0.04967296123504639 0.03242294862866402 0.03309094160795212
v 0.0025909540709108114 0.03223298862576485 0.033081941306591034
v -0.0030319690704345703 0.03752100095152855 0.033011969178915024
v -0.0028029680252075195 0.032211948186159134 0.033080991357564926
v -0.0028029680252075195 0.032211948186159134 0.033080991357564926
v -0.005350946914404631 0.035583969205617905 0.033036939799785614
v -0.005119978915899992 0.03220200166106224 0.033080991357564926
v -0.005350946914404631 0.035583969205617905 0.033036939799785614
v -0.005714952014386654 0.03474199026823044 0.03304696083068848
v -0.005690990947186947 0.03450195863842964 0.03305095061659813
v -0.0060349698178470135 0.03501296043395996 0.03304398059844971
v -0.009420990012586117 0.03218495100736618 0.03307998180389404
v -0.005690990947186947 0.03450195863842964 0.03305095061659813
v 0.008274972438812256 0.045710980892181396 0.0013839600142091513
v 0.008821964263916016 0.04567693918943405 0.0014759890036657453
v 0.0051939478144049644 0.045881979167461395 -0.004823981784284115
v 0.015682989731431007 0.04419295862317085 0.027205999940633774
v 0.029126999899744987 0.02678799070417881 0.013082980178296566
v 0.028760960325598717 0.02679096907377243 0.013268940150737762
v 0.02885800041258335 0.0226779505610466 0.013257980346679688
v -0.009204982779920101 0.03748499974608421 0.03151195868849754
v -0.006246984004974365 0.038736991584300995 0.03182994946837425
v -0.009324966929852962 0.03768998011946678 0.03122895024716854
v -0.006246984004974365 0.038736991584300995 0.03182994946837425
v -0.004397987853735685 0.040636949241161346 0.030844980850815773
v -0.007342994213104248 0.03982799872756004 0.03006695955991745
v -0.004397987853735685 0.040636949241161346 0.030844980850815773
v -0.0036369559820741415 0.03984098881483078 0.03211098164319992
v 0.0031549930572509766 0.04271494969725609 0.03284095972776413
v -0.01210795994848013 0.03753494843840599 0.029847970232367516
v -0.012224970385432243 0.0377349816262722 0.029570989310741425
v -0.01302396971732378 0.03826497867703438 0.02856599912047386
v 0.04861396178603172 0.03468995913863182 0.03219199180603027
v 0.04840695112943649 0.03538893908262253 0.031780000776052475
v 0.053825970739126205 0.03811800107359886 0.042064961045980453
v -0.012652990408241749 0.02706599049270153 0.014630969613790512
v -0.012519000098109245 0.027062950655817986 0.014431949704885483
v -0.012566979974508286 0.025484969839453697 0.014457999728620052
v 0.021311990916728973 0.04047197103500366 -0.012306979857385159
v 0.033900968730449677 0.04109299182891846 0.010617969557642937
v 0.04379497841000557 0.038743969053030014 0.025209959596395493
v 0.04379497841000557 0.038743969053030014 0.025209959596395493
v 0.04513198137283325 0.038425978273153305 0.027182990685105324
v 0.021311990916728973 0.04047197103500366 -0.012306979857385159
v -0.009131968021392822 0.032491978257894516 0.03307294100522995
v -0.008913992904126644 0.03298395127058029 0.03305298089981079
v -0.009135960601270199 0.032849960029125214 0.03305298089981079
v -0.0060349698178470135 0.03501296043395996 0.03304398059844971
v -0.006506978999823332 0.035379938781261444 0.03300594910979271
v -0.006553946994245052 0.03538094833493233 0.03300397843122482
v -0.0054259891621768475 0.0363689586520195 0.032989971339702606
v -0.006523965857923031 0.03538297861814499 0.033004991710186005
v -0.0054259891621768475 0.0363689586520195 0.032989971339702606
v -0.0030319690704345703 0.03752100095152855 0.033011969178915024
v -0.0030719630885869265 0.03809398040175438 0.03297799080610275
v -0.0030719630885869265 0.03809398040175438 0.03297799080610275
v -0.0030319690704345703 0.03752100095152855 0.033011969178915024
v 0.0028519630432128906 0.04243599995970726 0.032948970794677734
v 0.008821964263916016 0.04567693918943405 0.0014759890036657453
v 0.031676940619945526 0.046220000833272934 0.05487494915723801
v 0.036172978579998016 0.045810990035533905 0.052257001399993896
v 0.01875798963010311 0.04413896054029465 0.027009960263967514
v 0.016222000122070312 0.043992988765239716 0.030240949243307114
v 0.0027689929120242596 0.04270993918180466 0.03254996985197067
v 0.0027849669568240643 0.042704988270998 0.032573990523815155
v 0.0031549930572509766 0.04271494969725609 0.03284095972776413
v 0.04344099014997482 0.03864597901701927 0.028459960594773293
v 0.043152980506420135 0.038807980716228485 0.02815896086394787
v 0.0409279391169548 0.03918099030852318 0.028562959283590317
v 0.04406898841261864 0.038226958364248276 0.02932094968855381
v 0.045048948377370834 0.03757994994521141 0.030640950426459312
v 0.04564499109983444 0.03830498084425926 0.0279690008610487
v 0.04960595816373825 0.03181295841932297 0.032895978540182114
v 0.04930698126554489 0.030014989897608757 0.032891981303691864
v 0.04949396103620529 0.03080195002257824 0.03257298097014427
v 0.012667950242757797 0.02899998053908348 0.032854970544576645
v 0.009484945796430111 0.02899998053908348 0.03329598158597946
v 0.013947959989309311 0.02899998053908348 0.03538094833493233
v 0.012120960280299187 0.045473989099264145 0.0020399680361151695
v 0.012226990424096584 0.04546498879790306 0.001981972949579358
v 0.0051939478144049644 0.045881979167461395 -0.004823981784284115
v 0.030442949384450912 0.026784000918269157 0.012912980280816555
v 0.030075959861278534 0.026784000918269157 0.012882939539849758
v 0.030432989820837975 0.02323799952864647 0.012910960242152214
v 0.04949396103620529 0.03080195002257824 0.03257298097014427
v 0.049203988164663315 0.02978295087814331 0.032891981303691864
v 0.03253297880291939 0.027909990400075912 0.0023419850040227175
v 0.049203988164663315 0.02978295087814331 0.032891981303691864
v 0.04930698126554489 0.030014989897608757 0.032891981303691864
v 0.049254000186920166 0.029788969084620476 0.03298395127058029
v -0.011292990297079086 0.03421496972441673 0.0326419398188591
v -0.011157980188727379 0.0331609807908535 0.03352499008178711
v -0.011292990297079086 0.0344499908387661 0.03261195868253708
v 0.004690945148468018 0.04207497090101242 0.03294700011610985
v 0.017458969727158546 0.04003797844052315 0.03279298171401024
v 0.004680991172790527 0.042135950177907944 0.03292899951338768
v 0.019502989947795868 0.03916800022125244 0.032930970191955566
v 0.04100197181105614 0.03509395942091942 0.03286498039960861
v 0.04084699973464012 0.0361979603767395 0.03254299983382225
v 0.04314899072051048 0.03452794998884201 0.03290598839521408
v 0.043726980686187744 0.034721970558166504 0.032812949270009995
v 0.04386394843459129 0.03505498170852661 0.03270493820309639
v 0.04766695946455002 0.03364098072052002 0.03290098160505295
v 0.049450989812612534 0.03329097852110863 0.03289895877242088
v 0.04671895131468773 0.03481096029281616 0.03260694816708565
v -0.005486965179443359 0.04565494880080223 0.004854977130889893
v 0.026008959859609604 0.04561996087431908 0.06395000219345093
v -0.005468964111059904 0.04566299170255661 0.004782973788678646
v 0.004680991172790527 0.042135950177907944 0.03292899951338768
v 0.017431970685720444 0.04026097059249878 0.03272293880581856
v 0.00462794303894043 0.04246199131011963 0.032828979194164276
v 0.019406970590353012 0.03971796855330467 0.0327720008790493
v 0.04084097966551781 0.03623795136809349 0.03253095969557762
v 0.01936900056898594 0.039927948266267776 0.03270798176527023
v 0.042934950441122055 0.03587799891829491 0.03251396864652634
v 0.04293894022703171 0.035853978246450424 0.03252093866467476
v 0.04591196030378342 0.035365991294384 0.032489001750946045
v 0.040880970656871796 0.02974599041044712 0.032983001321554184
v 0.04084198921918869 0.029702959582209587 0.03297698125243187
v 0.04315197095274925 0.02972698025405407 0.03297894820570946
v 0.04315197095274925 0.02972698025405407 0.03297894820570946
v 0.043241970241069794 0.029727989807724953 0.03297894820570946
v 0.043477948755025864 0.031672000885009766 0.03306800127029419
v 0.048534978181123734 0.032329969108104706 0.03308897837996483
v 0.04830700159072876 0.032310958951711655 0.03308796137571335
v 0.049254000186920166 0.029788969084620476 0.03298395127058029
v -0.01210795994848013 0.03753494843840599 0.029847970232367516
v -0.011558939702808857 0.036655958741903305 0.03108298033475876
v 0.007372974883764982 0.03811800107359886 0.06395000219345093
v 0.002826987998560071 0.04273097962141037 0.032533999532461166
v 0.0028169748838990927 0.042723000049591064 0.032552000135183334
v 0.0031549930572509766 0.04271494969725609 0.03284095972776413
v -0.015768999233841896 -0.04248695820569992 -0.016209950670599937
v -0.01822197064757347 -0.04248695820569992 -0.013392980210483074
v -0.016708970069885254 -0.04137396067380905 -0.01717597059905529
v -0.014857940375804901 -0.04319994896650314 -0.01483594998717308
v -0.011370000429451466 -0.044520970433950424 -0.011024950072169304
v -0.016936950385570526 -0.04319994896650314 -0.012447950430214405
v 0.031876981258392334 -0.04280297830700874 0.027359960600733757
v 0.03130095824599266 -0.0429309606552124 0.026960959658026695
v 0.030800990760326385 -0.04292093962430954 0.027432970702648163
v 0.0013809800148010254 -0.03769296035170555 -0.025023989379405975
v 0.0014009469887241721 -0.037898000329732895 -0.025385970249772072
v -0.0027969470247626305 -0.037898000329732895 -0.025270989164710045
v -0.011370000429451466 -0.044520970433950424 -0.011024950072169304
v -0.014857940375804901 -0.04319994896650314 -0.01483594998717308
v -0.009150980971753597 -0.044520970433950424 -0.012926990166306496
v 0.009913980029523373 -0.04319994896650314 -0.018459970131516457
v 0.008509992621839046 -0.04248695820569992 -0.020952990278601646
v 0.011842959560453892 -0.04248695820569992 -0.01926594041287899
v -0.01973997987806797 -0.04319994896650314 0.007173954974859953
v -0.01820296049118042 -0.04319994896650314 0.010509960353374481
v -0.0211789608001709 -0.04248695820569992 0.00792997982352972
v -0.010046949610114098 -0.04528294876217842 0.00580096198245883
v -0.0091589679941535 -0.04546694830060005 0.005287944804877043
v -0.008147954009473324 -0.045487988740205765 0.006739974021911621
v -0.01930898055434227 -0.04137396067380905 -0.014191979542374611
v -0.020116979256272316 -0.039942968636751175 -0.014786000363528728
v -0.017408959567546844 -0.039942968636751175 -0.017894979566335678
v -0.002311944030225277 -0.04319994896650314 -0.020891960710287094
v -0.005418955814093351 -0.04319994896650314 -0.020284950733184814
v -0.0024879570119082928 -0.04248695820569992 -0.022477980703115463
v -0.020628979429602623 -0.04319994896650314 0.004029988776892424
v -0.02071898989379406 -0.04319994896650314 0.003217994933947921
v -0.015650980174541473 -0.044520970433950424 0.0024289479479193687
v 0.0014079799875617027 -0.03829598054289818 -0.025511980056762695
v 0.0013749590143561363 -0.039942968636751175 -0.02492797002196312
v -0.0027459850534796715 -0.039942968636751175 -0.02481495961546898
v -0.005418955814093351 -0.04319994896650314 -0.020284950733184814
v -0.008863984607160091 -0.04319994896650314 -0.01904897950589657
v -0.0061539411544799805 -0.04248695820569992 -0.021761950105428696
v -0.01583098992705345 -0.044520970433950424 -0.0004879999905824661
v -0.015470979735255241 -0.044520970433950424 -0.0033879869151860476
v -0.010533980093896389 -0.04546694830060005 -0.0003209999995306134
v -0.015470979735255241 -0.044520970433950424 -0.0033879869151860476
v -0.02006095089018345 -0.04319994896650314 -0.006274998188018799
v -0.014584950171411037 -0.044520970433950424 -0.00617295503616333
v -0.013653989881277084 -0.04137396067380905 -0.01969200000166893
v -0.015768999233841896 -0.04248695820569992 -0.016209950670599937
v -0.016708970069885254 -0.04137396067380905 -0.01717597059905529
v 0.019428959116339684 -0.03771799057722092 -0.016000980511307716
v 0.021913999691605568 -0.037829991430044174 -0.01265196967869997
v 0.019682999700307846 -0.037976980209350586 -0.016209950670599937
v 0.02162097953259945 -0.039942968636751175 -0.012482999823987484
v 0.02212798036634922 -0.03829598054289818 -0.012775950133800507
v 0.04364496096968651 -0.03829598054289818 0.02449296973645687
v -0.02493095025420189 -0.03771799057722092 -0.003456949954852462
v -0.023918980732560158 -0.03769296035170555 -0.007480978034436703
v -0.02426600083708763 -0.037898000329732895 -0.007589994929730892
v 0.004596948157995939 -0.04319994896650314 -0.020510969683527946
v 0.0012459750287234783 -0.04248695820569992 -0.022580979391932487
v 0.004945992957800627 -0.04248695820569992 -0.02206796035170555
v -0.025076979771256447 -0.03829598054289818 0.004897952079772949
v -0.02486395090818405 -0.03784697875380516 0.0048569440841674805
v -0.025414999574422836 -0.037898000329732895 0.0007009999826550484
v -0.008863984607160091 -0.04319994896650314 -0.01904897950589657
v -0.009651958011090755 -0.04248695820569992 -0.02045195922255516
v -0.0061539411544799805 -0.04248695820569992 -0.021761950105428696
v -0.006619988940656185 -0.044520970433950424 -0.014387959614396095
v -0.0038629770278930664 -0.044520970433950424 -0.015359990298748016
v -0.002649961970746517 -0.04546694830060005 -0.01022696029394865
v 0.0074929590336978436 -0.044520970433950424 -0.013953980058431625
v 0.009913980029523373 -0.04319994896650314 -0.018459970131516457
v 0.01100695040076971 -0.04319994896650314 -0.01790696009993553
v -0.023380989208817482 -0.039942968636751175 0.008753955364227295
v -0.023928990587592125 -0.03829598054289818 0.008958995342254639
v -0.025076979771256447 -0.03829598054289818 0.004897952079772949
v -0.012133950367569923 -0.04319994896650314 -0.017143959179520607
v -0.011976949870586395 -0.04319994896650314 -0.017272939905524254
v -0.009150980971753597 -0.044520970433950424 -0.012926990166306496
v 0.019271960482001305 -0.039942968636751175 -0.01587199978530407
v 0.018497999757528305 -0.04137396067380905 -0.015233989804983139
v 0.015737950801849365 -0.04137396067380905 -0.018070990219712257
v 0.0013809800148010254 -0.03769296035170555 -0.025023989379405975
v 0.005539952777326107 -0.03784697875380516 -0.02472095936536789
v 0.0014009469887241721 -0.037898000329732895 -0.025385970249772072
v 0.008571982383728027 -0.043887969106435776 0.027414970099925995
v 0.00765299703925848 -0.043811969459056854 0.027516959235072136
v 0.007642983924597502 -0.04342997074127197 0.028220949694514275
v -0.022870950400829315 -0.04137396067380905 -0.007152974139899015
v -0.023827970027923584 -0.039942968636751175 -0.007452963851392269
v -0.022275980561971664 -0.039942968636751175 -0.011272960342466831
v -0.02212798036634922 -0.03829598054289818 0.012775950133800507
v -0.02162097953259945 -0.039942968636751175 0.012482999823987484
v -0.015080980025231838 -0.03829598054289818 0.024981969967484474
v -0.025541959330439568 -0.03829598054289818 0.0007040000054985285
v -0.025076979771256447 -0.03829598054289818 0.004897952079772949
v -0.025414999574422836 -0.037898000329732895 0.0007009999826550484
v -0.021380959078669548 -0.04137396067380905 -0.010819969698786736
v -0.022870950400829315 -0.04137396067380905 -0.007152974139899015
v -0.022275980561971664 -0.039942968636751175 -0.011272960342466831
v -0.02395397052168846 -0.04137396067380905 0.0006599999614991248
v -0.02219598926603794 -0.04248695820569992 0.004335999023169279
v -0.023518970236182213 -0.04137396067380905 0.00459396792575717
v 0.015940960496664047 -0.04319994896650314 -0.013654939830303192
v 0.016224980354309082 -0.04319994896650314 -0.013361990451812744
v 0.01202796958386898 -0.044520970433950424 -0.010304979979991913
v -0.010246990248560905 -0.04546694830060005 -0.002495944034308195
v 0.03614199161529541 -0.041975971311330795 0.02734195999801159
v 0.03401695936918259 -0.0424189493060112 0.027298979461193085
v 0.03606896847486496 -0.0416569709777832 0.02816998027265072
v -0.021380959078669548 -0.04137396067380905 -0.010819969698786736
v -0.01930898055434227 -0.04137396067380905 -0.014191979542374611
v -0.02017796039581299 -0.04248695820569992 -0.010210989974439144
v -0.024502990767359734 -0.039942968636751175 0.004785954020917416
v -0.025541959330439568 -0.03829598054289818 0.0007040000054985285
v -0.024956999346613884 -0.039942968636751175 0.0006880000000819564
v -0.019291989505290985 -0.04319994896650314 -0.008166967891156673
v -0.02158397063612938 -0.04248695820569992 -0.006750940810889006
v -0.02017796039581299 -0.04248695820569992 -0.010210989974439144
v 0.001157999038696289 -0.04319994896650314 -0.020986970514059067
v 0.0019459719769656658 -0.044520970433950424 -0.01571797952055931
v -0.0009749999735504389 -0.044520970433950424 -0.015807980671525
v 0.036921970546245575 -0.04181598871946335 0.026875970885157585
v 0.03614199161529541 -0.041975971311330795 0.02734195999801159
v 0.0370899997651577 -0.04172896966338158 0.02744399942457676
v -0.002311944030225277 -0.04319994896650314 -0.020891960710287094
v -0.0038629770278930664 -0.044520970433950424 -0.015359990298748016
v -0.005418955814093351 -0.04319994896650314 -0.020284950733184814
v 0.019271960482001305 -0.039942968636751175 -0.01587199978530407
v 0.015737950801849365 -0.04137396067380905 -0.018070990219712257
v 0.016396990045905113 -0.039942968636751175 -0.018826959654688835
v -0.014558969996869564 -0.03829598054289818 -0.020996980369091034
v -0.010904960334300995 -0.03829598054289818 -0.02310699038207531
v -0.014225950464606285 -0.039942968636751175 -0.02051698975265026
v -0.023918980732560158 -0.03769296035170555 -0.007480978034436703
v -0.022594980895519257 -0.037840958684682846 -0.011433949694037437
v -0.02426600083708763 -0.037898000329732895 -0.007589994929730892
v 0.011842959560453892 -0.04248695820569992 -0.01926594041287899
v 0.008509992621839046 -0.04248695820569992 -0.020952990278601646
v 0.012548980303108692 -0.04137396067380905 -0.020414939150214195
v -0.020355990156531334 -0.03777097910642624 -0.014961949549615383
v -0.017728980630636215 -0.037898000329732895 -0.018224000930786133
v -0.02058595046401024 -0.03807497024536133 -0.015129979699850082
v -0.01820296049118042 -0.04319994896650314 0.010509960353374481
v -0.01958495005965233 -0.04248695820569992 0.011307950131595135
v -0.0211789608001709 -0.04248695820569992 0.00792997982352972
v -0.018754949793219566 -0.04319994896650314 -0.009490965865552425
v -0.019291989505290985 -0.04319994896650314 -0.008166967891156673
v -0.02017796039581299 -0.04248695820569992 -0.010210989974439144
v -0.02162097953259945 -0.039942968636751175 0.012482999823987484
v -0.023380989208817482 -0.039942968636751175 0.008753955364227295
v -0.021391980350017548 -0.0403209887444973 0.012350969947874546
v -0.023518970236182213 -0.04137396067380905 0.00459396792575717
v -0.024502990767359734 -0.039942968636751175 0.004785954020917416
v -0.024956999346613884 -0.039942968636751175 0.0006880000000819564
v 0.038762979209423065 -0.04093198850750923 0.024520989507436752
v 0.03832298144698143 -0.04132293909788132 0.025753969326615334
v 0.03887397050857544 -0.04107397049665451 0.02589797042310238
v -0.014857940375804901 -0.04319994896650314 -0.01483594998717308
v -0.0038629770278930664 -0.044520970433950424 -0.015359990298748016
v -0.002311944030225277 -0.04319994896650314 -0.020891960710287094
v -0.0009749999735504389 -0.044520970433950424 -0.015807980671525
v -0.010046949610114098 -0.04528294876217842 0.00580096198245883
v -0.013715979643166065 -0.044520970433950424 0.007918952964246273
v -0.014937990345060825 -0.044520970433950424 0.005263984203338623
v 0.016396990045905113 -0.039942968636751175 -0.018826959654688835
v 0.013073979876935482 -0.039942968636751175 -0.02126896008849144
v 0.016780970618128777 -0.03829598054289818 -0.019267970696091652
v -0.010904960334300995 -0.03829598054289818 -0.02310699038207531
v -0.010654980316758156 -0.039942968636751175 -0.022577999159693718
v -0.014225950464606285 -0.039942968636751175 -0.02051698975265026
v 0.00765299703925848 -0.043811969459056854 0.027516959235072136
v 0.006486951839178801 -0.043612949550151825 0.0274579506367445
v 0.006604969035834074 -0.043359991163015366 0.027989979833364487
v -0.02472895011305809 -0.039942968636751175 -0.0034289949107915163
v -0.02395397052168846 -0.04137396067380905 0.0006599999614991248
v -0.024956999346613884 -0.039942968636751175 0.0006880000000819564
v -0.0210109893232584 -0.04319994896650314 0.0005789999850094318
v -0.008863984607160091 -0.04319994896650314 -0.01904897950589657
v -0.005418955814093351 -0.04319994896650314 -0.020284950733184814
v -0.006619988940656185 -0.044520970433950424 -0.014387959614396095
v -0.01822197064757347 -0.04248695820569992 -0.013392980210483074
v -0.01930898055434227 -0.04137396067380905 -0.014191979542374611
v -0.016708970069885254 -0.04137396067380905 -0.01717597059905529
v 0.0013199440436437726 -0.04137396067380905 -0.02392696961760521
v 0.0013749590143561363 -0.039942968636751175 -0.02492797002196312
v 0.00545996380969882 -0.039942968636751175 -0.02436196058988571
v 0.0055879950523376465 -0.03829598054289818 -0.02493298053741455
v 0.00953298807144165 -0.03784697875380516 -0.023471949622035027
v 0.009614944458007812 -0.03829598054289818 -0.02367299050092697
v -0.025541959330439568 -0.03829598054289818 0.0007040000054985285
v -0.025414999574422836 -0.037898000329732895 0.0007009999826550484
v -0.025256989523768425 -0.037976980209350586 -0.0035019509959965944
v 0.01380394957959652 -0.04319994896650314 -0.015850959345698357
v 0.015940960496664047 -0.04319994896650314 -0.013654939830303192
v 0.01202796958386898 -0.044520970433950424 -0.010304979979991913
v 0.02053499035537243 -0.044041991233825684 0.027417950332164764
v 0.019425980746746063 -0.043877001851797104 0.027689989656209946
v 0.020414939150214195 -0.04350696876645088 0.02830195054411888
v -0.009655952453613281 -0.04546694830060005 -0.004087984096258879
v -0.014584950171411037 -0.044520970433950424 -0.00617295503616333
v -0.0091589679941535 -0.04546694830060005 -0.005287944804877043
v 0.016224980354309082 -0.04319994896650314 -0.013361990451812744
v 0.013715979643166065 -0.044520970433950424 -0.007918952964246273
v 0.01202796958386898 -0.044520970433950424 -0.010304979979991913
v -0.02081996016204357 -0.04319994896650314 -0.0028869500383734703
v -0.02046298049390316 -0.04319994896650314 -0.004480957053601742
v -0.015470979735255241 -0.044520970433950424 -0.0033879869151860476
v -0.02395397052168846 -0.04137396067380905 0.0006599999614991248
v -0.02260695956647396 -0.04248695820569992 0.0006229999708011746
v -0.02219598926603794 -0.04248695820569992 0.004335999023169279
v -0.01930898055434227 -0.04137396067380905 -0.014191979542374611
v -0.017408959567546844 -0.039942968636751175 -0.017894979566335678
v -0.016708970069885254 -0.04137396067380905 -0.01717597059905529
v -0.005287944804877043 -0.04546694830060005 -0.0091589679941535
v -0.006059944164007902 -0.04546694830060005 -0.008565962314605713
v -0.009150980971753597 -0.044520970433950424 -0.012926990166306496
v -0.002810955047607422 -0.03829598054289818 -0.02539598010480404
v 0.0014079799875617027 -0.03829598054289818 -0.025511980056762695
v -0.0027459850534796715 -0.039942968636751175 -0.02481495961546898
v 0.008509992621839046 -0.04248695820569992 -0.020952990278601646
v 0.004945992957800627 -0.04248695820569992 -0.02206796035170555
v 0.0090179443359375 -0.04137396067380905 -0.02220194973051548
v -0.022275980561971664 -0.039942968636751175 -0.011272960342466831
v -0.022797999903559685 -0.03829598054289818 -0.011536950245499611
v -0.0205879807472229 -0.03829598054289818 -0.015131950378417969
v -0.011976949870586395 -0.04319994896650314 -0.017272939905524254
v -0.008863984607160091 -0.04319994896650314 -0.01904897950589657
v -0.006619988940656185 -0.044520970433950424 -0.014387959614396095
v 0.009929001331329346 -0.044520970433950424 -0.012338990345597267
v 0.0074929590336978436 -0.044520970433950424 -0.013953980058431625
v 0.01100695040076971 -0.04319994896650314 -0.01790696009993553
v -0.02006095089018345 -0.04319994896650314 -0.006274998188018799
v -0.019291989505290985 -0.04319994896650314 -0.008166967891156673
v -0.014584950171411037 -0.044520970433950424 -0.00617295503616333
v -0.02006095089018345 -0.04319994896650314 -0.006274998188018799
v 0.03832298144698143 -0.04132293909788132 0.025753969326615334
v 0.03782897815108299 -0.04152797907590866 0.026623960584402084
v 0.038627978414297104 -0.041216958314180374 0.02622896060347557
v -0.0027459850534796715 -0.039942968636751175 -0.02481495961546898
v -0.002635955112054944 -0.04137396067380905 -0.02381795085966587
v -0.006519972812384367 -0.04137396067380905 -0.023058950901031494
v -0.012133950367569923 -0.04319994896650314 -0.017143959179520607
v -0.014857940375804901 -0.04319994896650314 -0.01483594998717308
v -0.015768999233841896 -0.04248695820569992 -0.016209950670599937
v 0.0013749590143561363 -0.039942968636751175 -0.02492797002196312
v 0.0013199440436437726 -0.04137396067380905 -0.02392696961760521
v -0.002635955112054944 -0.04137396067380905 -0.02381795085966587
v -0.01973997987806797 -0.04319994896650314 0.007173954974859953
v -0.020628979429602623 -0.04319994896650314 0.004029988776892424
v -0.014937990345060825 -0.044520970433950424 0.005263984203338623
v -0.020628979429602623 -0.04319994896650314 0.004029988776892424
v -0.015650980174541473 -0.044520970433950424 0.0024289479479193687
v -0.014937990345060825 -0.044520970433950424 0.005263984203338623
v -0.015650980174541473 -0.044520970433950424 0.0024289479479193687
v -0.0210109893232584 -0.04319994896650314 0.0005789999850094318
v -0.01583098992705345 -0.044520970433950424 -0.0004879999905824661
v -0.01583098992705345 -0.044520970433950424 -0.0004879999905824661
v -0.02081996016204357 -0.04319994896650314 -0.0028869500383734703
v -0.015470979735255241 -0.044520970433950424 -0.0033879869151860476
v -0.019291989505290985 -0.04319994896650314 -0.008166967891156673
v -0.018754949793219566 -0.04319994896650314 -0.009490965865552425
v -0.014584950171411037 -0.044520970433950424 -0.00617295503616333
v -0.018754949793219566 -0.04319994896650314 -0.009490965865552425
v -0.013202959671616554 -0.044520970433950424 -0.008747993968427181
v -0.014584950171411037 -0.044520970433950424 -0.00617295503616333
v -0.011370000429451466 -0.044520970433950424 -0.011024950072169304
v -0.013202959671616554 -0.044520970433950424 -0.008747993968427181
v -0.016936950385570526 -0.04319994896650314 -0.012447950430214405
v -0.009150980971753597 -0.044520970433950424 -0.012926990166306496
v -0.0038629770278930664 -0.044520970433950424 -0.015359990298748016
v 0.0019459719769656658 -0.044520970433950424 -0.01571797952055931
v 0.004596948157995939 -0.04319994896650314 -0.020510969683527946
v 0.004800974857062101 -0.044520970433950424 -0.015092959627509117
v 0.004596948157995939 -0.04319994896650314 -0.020510969683527946
v 0.006350994110107422 -0.04319994896650314 -0.019961949437856674
v 0.004800974857062101 -0.044520970433950424 -0.015092959627509117
v 0.007909952662885189 -0.04319994896650314 -0.019473960623145103
v 0.007909952662885189 -0.04319994896650314 -0.019473960623145103
v 0.0074929590336978436 -0.044520970433950424 -0.013953980058431625
v 0.004800974857062101 -0.044520970433950424 -0.015092959627509117
v 0.0074929590336978436 -0.044520970433950424 -0.013953980058431625
v 0.007909952662885189 -0.04319994896650314 -0.019473960623145103
v 0.009913980029523373 -0.04319994896650314 -0.018459970131516457
v 0.009929001331329346 -0.044520970433950424 -0.012338990345597267
v 0.01380394957959652 -0.04319994896650314 -0.015850959345698357
v 0.01202796958386898 -0.044520970433950424 -0.010304979979991913
v 0.01820296049118042 -0.04319994896650314 -0.010509960353374481
v 0.013715979643166065 -0.044520970433950424 -0.007918952964246273
v 0.016224980354309082 -0.04319994896650314 -0.013361990451812744
v -0.014584950171411037 -0.044520970433950424 -0.00617295503616333
v -0.013202959671616554 -0.044520970433950424 -0.008747993968427181
v -0.0091589679941535 -0.04546694830060005 -0.005287944804877043
v -0.006059944164007902 -0.04546694830060005 -0.008565962314605713
v -0.011370000429451466 -0.044520970433950424 -0.011024950072169304
v -0.009150980971753597 -0.044520970433950424 -0.012926990166306496
v -0.006619988940656185 -0.044520970433950424 -0.014387959614396095
v -0.002649961970746517 -0.04546694830060005 -0.01022696029394865
v -0.004388988018035889 -0.04546694830060005 -0.009530960582196712
v -0.0038629770278930664 -0.044520970433950424 -0.015359990298748016
v -0.0009749999735504389 -0.044520970433950424 -0.015807980671525
v -0.002649961970746517 -0.04546694830060005 -0.01022696029394865
v 0.0019459719769656658 -0.044520970433950424 -0.01571797952055931
v 0.004800974857062101 -0.044520970433950424 -0.015092959627509117
v 0.002736984984949231 -0.04546694830060005 -0.010214979760348797
v 0.0019459719769656658 -0.044520970433950424 -0.01571797952055931
v 0.002736984984949231 -0.04546694830060005 -0.010214979760348797
v 0.0012879959540441632 -0.04546694830060005 -0.010405950248241425
v -0.0009749999735504389 -0.044520970433950424 -0.015807980671525
v 0.0019459719769656658 -0.044520970433950424 -0.01571797952055931
v 0.0012879959540441632 -0.04546694830060005 -0.010405950248241425
v -0.024385979399085045 -0.03829598054289818 -0.007626949809491634
v -0.02472895011305809 -0.039942968636751175 -0.0034289949107915163
v -0.025308959186077118 -0.03829598054289818 -0.0035099980887025595
v 0.015940960496664047 -0.04319994896650314 -0.013654939830303192
v 0.01380394957959652 -0.04319994896650314 -0.015850959345698357
v 0.014852999709546566 -0.04248695820569992 -0.017053959891200066
v 0.007909952662885189 -0.04319994896650314 -0.019473960623145103
v -0.02071898989379406 -0.04319994896650314 0.003217994933947921
v -0.020628979429602623 -0.04319994896650314 0.004029988776892424
v -0.02219598926603794 -0.04248695820569992 0.004335999023169279
v -0.023736000061035156 -0.04137396067380905 -0.003290951019152999
v -0.0027459850534796715 -0.039942968636751175 -0.02481495961546898
v -0.020628979429602623 -0.04319994896650314 0.004029988776892424
v -0.01973997987806797 -0.04319994896650314 0.007173954974859953
v -0.02219598926603794 -0.04248695820569992 0.004335999023169279
v -0.02219598926603794 -0.04248695820569992 0.004335999023169279
v -0.01973997987806797 -0.04319994896650314 0.007173954974859953
v -0.0211789608001709 -0.04248695820569992 0.00792997982352972
v -0.024502990767359734 -0.039942968636751175 0.004785954020917416
v -0.02395397052168846 -0.04137396067380905 0.0006599999614991248
v -0.023518970236182213 -0.04137396067380905 0.00459396792575717
v -0.024956999346613884 -0.039942968636751175 0.0006880000000819564
v -0.025076979771256447 -0.03829598054289818 0.004897952079772949
v -0.019291989505290985 -0.04319994896650314 -0.008166967891156673
v -0.02006095089018345 -0.04319994896650314 -0.006274998188018799
v -0.02158397063612938 -0.04248695820569992 -0.006750940810889006
v -0.023827970027923584 -0.039942968636751175 -0.007452963851392269
v -0.02472895011305809 -0.039942968636751175 -0.0034289949107915163
v -0.024385979399085045 -0.03829598054289818 -0.007626949809491634
v -0.01822197064757347 -0.04248695820569992 -0.013392980210483074
v -0.020116979256272316 -0.039942968636751175 -0.014786000363528728
v -0.022275980561971664 -0.039942968636751175 -0.011272960342466831
v -0.0205879807472229 -0.03829598054289818 -0.015131950378417969
v -0.015768999233841896 -0.04248695820569992 -0.016209950670599937
v -0.013653989881277084 -0.04137396067380905 -0.01969200000166893
v -0.012885980308055878 -0.04248695820569992 -0.0185849592089653
v -0.009651958011090755 -0.04248695820569992 -0.02045195922255516
v -0.011976949870586395 -0.04319994896650314 -0.017272939905524254
v -0.012885980308055878 -0.04248695820569992 -0.0185849592089653
v -0.008863984607160091 -0.04319994896650314 -0.01904897950589657
v -0.011976949870586395 -0.04319994896650314 -0.017272939905524254
v -0.009651958011090755 -0.04248695820569992 -0.02045195922255516
v -0.010654980316758156 -0.039942968636751175 -0.022577999159693718
v -0.0069529409520328045 -0.03829598054289818 -0.02458696998655796
v -0.006792962085455656 -0.039942968636751175 -0.02402395009994507
v -0.010654980316758156 -0.039942968636751175 -0.022577999159693718
v -0.010904960334300995 -0.03829598054289818 -0.02310699038207531
v -0.0069529409520328045 -0.03829598054289818 -0.02458696998655796
v -0.0024879570119082928 -0.04248695820569992 -0.022477980703115463
v -0.005418955814093351 -0.04319994896650314 -0.020284950733184814
v -0.0061539411544799805 -0.04248695820569992 -0.021761950105428696
v -0.0024879570119082928 -0.04248695820569992 -0.022477980703115463
v -0.0061539411544799805 -0.04248695820569992 -0.021761950105428696
v -0.002635955112054944 -0.04137396067380905 -0.02381795085966587
v -0.006519972812384367 -0.04137396067380905 -0.023058950901031494
v -0.006792962085455656 -0.039942968636751175 -0.02402395009994507
v 0.006350994110107422 -0.04319994896650314 -0.019961949437856674
v 0.004596948157995939 -0.04319994896650314 -0.020510969683527946
v 0.004945992957800627 -0.04248695820569992 -0.02206796035170555
v 0.0013199440436437726 -0.04137396067380905 -0.02392696961760521
v 0.00545996380969882 -0.039942968636751175 -0.02436196058988571
v 0.005239963065832853 -0.04137396067380905 -0.02338295988738537
v 0.00545996380969882 -0.039942968636751175 -0.02436196058988571
v 0.0013749590143561363 -0.039942968636751175 -0.02492797002196312
v 0.0055879950523376465 -0.03829598054289818 -0.02493298053741455
v 0.0014079799875617027 -0.03829598054289818 -0.025511980056762695
v 0.0090179443359375 -0.04137396067380905 -0.02220194973051548
v 0.004945992957800627 -0.04248695820569992 -0.02206796035170555
v 0.005239963065832853 -0.04137396067380905 -0.02338295988738537
v 0.01100695040076971 -0.04319994896650314 -0.01790696009993553
v 0.009913980029523373 -0.04319994896650314 -0.018459970131516457
v 0.011842959560453892 -0.04248695820569992 -0.01926594041287899
v 0.012548980303108692 -0.04137396067380905 -0.020414939150214195
v 0.008509992621839046 -0.04248695820569992 -0.020952990278601646
v 0.0090179443359375 -0.04137396067380905 -0.02220194973051548
v 0.013073979876935482 -0.039942968636751175 -0.02126896008849144
v 0.01338099967688322 -0.03829598054289818 -0.02176797017455101
v 0.016780970618128777 -0.03829598054289818 -0.019267970696091652
v 0.016224980354309082 -0.04319994896650314 -0.013361990451812744
v 0.015940960496664047 -0.04319994896650314 -0.013654939830303192
v 0.017456939443945885 -0.04248695820569992 -0.0143769895657897
v 0.015940960496664047 -0.04319994896650314 -0.013654939830303192
v 0.014852999709546566 -0.04248695820569992 -0.017053959891200066
v 0.017456939443945885 -0.04248695820569992 -0.0143769895657897
v 0.019722990691661835 -0.03829598054289818 -0.016243990510702133
v 0.019271960482001305 -0.039942968636751175 -0.01587199978530407
v 0.016396990045905113 -0.039942968636751175 -0.018826959654688835
v 0.019722990691661835 -0.03829598054289818 -0.016243990510702133
v 0.016396990045905113 -0.039942968636751175 -0.018826959654688835
v 0.016780970618128777 -0.03829598054289818 -0.019267970696091652
v 0.031876981258392334 -0.04280297830700874 0.027359960600733757
v 0.030800990760326385 -0.04292093962430954 0.027432970702648163
v 0.0318179689347744 -0.04247099161148071 0.02816998027265072
v 0.03168296068906784 -0.04168897122144699 0.028603969141840935
v 0.033900968730449677 -0.04184496030211449 0.028355000540614128
v 0.0318179689347744 -0.04247099161148071 0.02816998027265072
v 0.00765299703925848 -0.043811969459056854 0.027516959235072136
v 0.006604969035834074 -0.043359991163015366 0.027989979833364487
v 0.007642983924597502 -0.04342997074127197 0.028220949694514275
v 0.008801995776593685 -0.04351495951414108 0.028103940188884735
v 0.008571982383728027 -0.043887969106435776 0.027414970099925995
v 0.007642983924597502 -0.04342997074127197 0.028220949694514275
v 0.016780970618128777 -0.03829598054289818 -0.019267970696091652
v 0.01338099967688322 -0.03829598054289818 -0.02176797017455101
v 0.016745980829000473 -0.037976980209350586 -0.019228989258408546
v 0.01338099967688322 -0.03829598054289818 -0.02176797017455101
v 0.013260959647595882 -0.037840958684682846 -0.021572940051555634
v 0.016745980829000473 -0.037976980209350586 -0.019228989258408546
v 0.005539952777326107 -0.03784697875380516 -0.02472095936536789
v 0.00953298807144165 -0.03784697875380516 -0.023471949622035027
v 0.0055879950523376465 -0.03829598054289818 -0.02493298053741455
v -0.002810955047607422 -0.03829598054289818 -0.02539598010480404
v -0.0069529409520328045 -0.03829598054289818 -0.02458696998655796
v -0.0027969470247626305 -0.037898000329732895 -0.025270989164710045
v -0.0069529409520328045 -0.03829598054289818 -0.02458696998655796
v -0.006893991958349943 -0.03784697875380516 -0.02437799982726574
v -0.0027969470247626305 -0.037898000329732895 -0.025270989164710045
v -0.010904960334300995 -0.03829598054289818 -0.02310699038207531
v -0.014558969996869564 -0.03829598054289818 -0.020996980369091034
v -0.01090299990028143 -0.03807497024536133 -0.023103950545191765
v -0.014558969996869564 -0.03829598054289818 -0.020996980369091034
v -0.014428970403969288 -0.037840958684682846 -0.02080993913114071
v -0.01090299990028143 -0.03807497024536133 -0.023103950545191765
v -0.0205879807472229 -0.03829598054289818 -0.015131950378417969
v -0.022797999903559685 -0.03829598054289818 -0.011536950245499611
v -0.02058595046401024 -0.03807497024536133 -0.015129979699850082
v -0.022797999903559685 -0.03829598054289818 -0.011536950245499611
v -0.022594980895519257 -0.037840958684682846 -0.011433949694037437
v -0.02058595046401024 -0.03807497024536133 -0.015129979699850082
v -0.025308959186077118 -0.03829598054289818 -0.0035099980887025595
v -0.025541959330439568 -0.03829598054289818 0.0007040000054985285
v -0.025256989523768425 -0.037976980209350586 -0.0035019509959965944
v -0.010781999677419662 -0.03777097910642624 -0.022846989333629608
v -0.006893991958349943 -0.03784697875380516 -0.02437799982726574
v -0.01090299990028143 -0.03807497024536133 -0.023103950545191765
v -0.014428970403969288 -0.037840958684682846 -0.02080993913114071
v -0.010781999677419662 -0.03777097910642624 -0.022846989333629608
v -0.01090299990028143 -0.03807497024536133 -0.023103950545191765
v -0.022594980895519257 -0.037840958684682846 -0.011433949694037437
v -0.020355990156531334 -0.03777097910642624 -0.014961949549615383
v -0.02058595046401024 -0.03807497024536133 -0.015129979699850082
v -0.02365899085998535 -0.03777097910642624 0.008857964538037777
v -0.02486395090818405 -0.03784697875380516 0.0048569440841674805
v -0.023925960063934326 -0.03807497024536133 0.008957982063293457
v 0.013260959647595882 -0.037840958684682846 -0.021572940051555634
v 0.01652996987104416 -0.03771799057722092 -0.018979959189891815
v 0.016745980829000473 -0.037976980209350586 -0.019228989258408546
v -0.02493095025420189 -0.03771799057722092 -0.003456949954852462
v -0.02426600083708763 -0.037898000329732895 -0.007589994929730892
v -0.025256989523768425 -0.037976980209350586 -0.0035019509959965944
v -0.025414999574422836 -0.037898000329732895 0.0007009999826550484
v -0.02493095025420189 -0.03771799057722092 -0.003456949954852462
v -0.025256989523768425 -0.037976980209350586 -0.0035019509959965944
v -0.0027569530066102743 -0.03769296035170555 -0.02490996941924095
v 0.0013809800148010254 -0.03769296035170555 -0.025023989379405975
v -0.0027969470247626305 -0.037898000329732895 -0.025270989164710045
v -0.006893991958349943 -0.03784697875380516 -0.02437799982726574
v -0.0027569530066102743 -0.03769296035170555 -0.02490996941924095
v -0.0027969470247626305 -0.037898000329732895 -0.025270989164710045
v -0.01747596077620983 -0.03769296035170555 -0.01796399988234043
v -0.014428970403969288 -0.037840958684682846 -0.02080993913114071
v -0.017728980630636215 -0.037898000329732895 -0.018224000930786133
v -0.020355990156531334 -0.03777097910642624 -0.014961949549615383
v -0.01747596077620983 -0.03769296035170555 -0.01796399988234043
v -0.017728980630636215 -0.037898000329732895 -0.018224000930786133
v -0.02505194954574108 -0.03769296035170555 0.0006909999647177756
v -0.02493095025420189 -0.03771799057722092 -0.003456949954852462
v -0.025414999574422836 -0.037898000329732895 0.0007009999826550484
v -0.02486395090818405 -0.03784697875380516 0.0048569440841674805
v -0.02505194954574108 -0.03769296035170555 0.0006909999647177756
v -0.025414999574422836 -0.037898000329732895 0.0007009999826550484
v -0.02212500013411045 -0.03807497024536133 0.012773989699780941
v -0.023928990587592125 -0.03829598054289818 0.008958995342254639
v -0.02212798036634922 -0.03829598054289818 0.012775950133800507
v -0.02219598926603794 -0.04248695820569992 0.004335999023169279
v -0.022441979497671127 -0.04137396067380905 0.008401989005506039
v -0.023518970236182213 -0.04137396067380905 0.00459396792575717
v 0.0071639409288764 -0.046182990074157715 0.007704973220825195
v 0.007995963096618652 -0.045989990234375 0.009781955741345882
v 0.005258976947516203 -0.04619299992918968 0.00910794734954834
v -0.0091589679941535 -0.04546694830060005 0.005287944804877043
v -0.00857698917388916 -0.045412950217723846 0.006830989848822355
v -0.008791983127593994 -0.0452839694917202 0.007973968051373959
v -0.013715979643166065 -0.044520970433950424 0.007918952964246273
v -0.005475996993482113 -0.04564398154616356 0.009031951427459717
v -0.008791983127593994 -0.0452839694917202 0.007973968051373959
v -0.006915986072272062 -0.045548971742391586 0.007992981933057308
v -0.006915986072272062 -0.045548971742391586 0.007992981933057308
v -0.0091589679941535 -0.04546694830060005 0.005287944804877043
v -0.005475996993482113 -0.04564398154616356 0.009031951427459717
v -0.006915986072272062 -0.045548971742391586 0.007992981933057308
v -0.008147954009473324 -0.045487988740205765 0.006739974021911621
v -0.0091589679941535 -0.04546694830060005 0.005287944804877043
v -0.0210109893232584 -0.04319994896650314 0.0005789999850094318
v -0.02081996016204357 -0.04319994896650314 -0.0028869500383734703
v -0.01583098992705345 -0.044520970433950424 -0.0004879999905824661
v 0.016224980354309082 -0.04319994896650314 -0.013361990451812744
v 0.01958495005965233 -0.04248695820569992 -0.011307950131595135
v 0.01820296049118042 -0.04319994896650314 -0.010509960353374481
v 0.00545996380969882 -0.039942968636751175 -0.02436196058988571
v 0.009614944458007812 -0.03829598054289818 -0.02367299050092697
v 0.009394942782819271 -0.039942968636751175 -0.023130949586629868
v -0.017728980630636215 -0.037898000329732895 -0.018224000930786133
v -0.014558969996869564 -0.03829598054289818 -0.020996980369091034
v -0.01781696081161499 -0.03829598054289818 -0.018314950168132782
v -0.01781696081161499 -0.03829598054289818 -0.018314950168132782
v -0.014225950464606285 -0.039942968636751175 -0.02051698975265026
v -0.017408959567546844 -0.039942968636751175 -0.017894979566335678
v -0.002810955047607422 -0.03829598054289818 -0.02539598010480404
v -0.006792962085455656 -0.039942968636751175 -0.02402395009994507
v -0.0069529409520328045 -0.03829598054289818 -0.02458696998655796
v -0.023736000061035156 -0.04137396067380905 -0.003290951019152999
v -0.02260695956647396 -0.04248695820569992 0.0006229999708011746
v -0.02395397052168846 -0.04137396067380905 0.0006599999614991248
v 0.0012459750287234783 -0.04248695820569992 -0.022580979391932487
v 0.005239963065832853 -0.04137396067380905 -0.02338295988738537
v 0.004945992957800627 -0.04248695820569992 -0.02206796035170555
v -0.022275980561971664 -0.039942968636751175 -0.011272960342466831
v -0.01930898055434227 -0.04137396067380905 -0.014191979542374611
v -0.021380959078669548 -0.04137396067380905 -0.010819969698786736
v -0.020013980567455292 -0.04207795113325119 0.011554949916899204
v -0.022441979497671127 -0.04137396067380905 0.008401989005506039
v -0.0211789608001709 -0.04248695820569992 0.00792997982352972
v 0.0090179443359375 -0.04137396067380905 -0.02220194973051548
v 0.00545996380969882 -0.039942968636751175 -0.02436196058988571
v 0.009394942782819271 -0.039942968636751175 -0.023130949586629868
v -0.02260695956647396 -0.04248695820569992 0.0006229999708011746
v -0.02071898989379406 -0.04319994896650314 0.003217994933947921
v -0.02219598926603794 -0.04248695820569992 0.004335999023169279
v -0.010781999677419662 -0.03777097910642624 -0.022846989333629608
v -0.0027569530066102743 -0.03769296035170555 -0.02490996941924095
v -0.006893991958349943 -0.03784697875380516 -0.02437799982726574
v -0.010781999677419662 -0.03777097910642624 -0.022846989333629608
v -0.011888979934155941 -0.0348929688334465 0.030361950397491455
v -0.0027569530066102743 -0.03769296035170555 -0.02490996941924095
v -0.01255899015814066 -0.03629899024963379 0.030059989541769028
v -0.012326950207352638 -0.03560196980834007 0.030016949400305748
v -0.02212500013411045 -0.03807497024536133 0.012773989699780941
v 0.04684298858046532 -0.035606980323791504 0.029724949970841408
v 0.01652996987104416 -0.03771799057722092 -0.018979959189891815
v 0.0013809800148010254 -0.03769296035170555 -0.025023989379405975
v 0.01652996987104416 -0.03771799057722092 -0.018979959189891815
v 0.00953298807144165 -0.03784697875380516 -0.023471949622035027
v 0.0013809800148010254 -0.03769296035170555 -0.025023989379405975
v 0.00953298807144165 -0.03784697875380516 -0.023471949622035027
v 0.005539952777326107 -0.03784697875380516 -0.02472095936536789
v 0.0013809800148010254 -0.03769296035170555 -0.025023989379405975
v 0.01652996987104416 -0.03771799057722092 -0.018979959189891815
v 0.013260959647595882 -0.037840958684682846 -0.021572940051555634
v 0.00953298807144165 -0.03784697875380516 -0.023471949622035027
v -0.006792962085455656 -0.039942968636751175 -0.02402395009994507
v -0.01022696029394865 -0.04137396067380905 -0.02167098969221115
v -0.010654980316758156 -0.039942968636751175 -0.022577999159693718
v -0.0205879807472229 -0.03829598054289818 -0.015131950378417969
v -0.017408959567546844 -0.039942968636751175 -0.017894979566335678
v -0.020116979256272316 -0.039942968636751175 -0.014786000363528728
v -0.022870950400829315 -0.04137396067380905 -0.007152974139899015
v -0.02472895011305809 -0.039942968636751175 -0.0034289949107915163
v -0.023827970027923584 -0.039942968636751175 -0.007452963851392269
v 0.008509992621839046 -0.04248695820569992 -0.020952990278601646
v 0.007909952662885189 -0.04319994896650314 -0.019473960623145103
v 0.004945992957800627 -0.04248695820569992 -0.02206796035170555
v 0.006350994110107422 -0.04319994896650314 -0.019961949437856674
v 0.004596948157995939 -0.04319994896650314 -0.020510969683527946
v 0.001157999038696289 -0.04319994896650314 -0.020986970514059067
v 0.0012459750287234783 -0.04248695820569992 -0.022580979391932487
v -0.022441979497671127 -0.04137396067380905 0.008401989005506039
v -0.020752960816025734 -0.04137396067380905 0.011981960386037827
v 0.014852999709546566 -0.04248695820569992 -0.017053959891200066
v 0.018497999757528305 -0.04137396067380905 -0.015233989804983139
v 0.017456939443945885 -0.04248695820569992 -0.0143769895657897
v 0.02162097953259945 -0.039942968636751175 -0.012482999823987484
v 0.020752960816025734 -0.04137396067380905 -0.011981960386037827
v 0.021391980350017548 -0.0403209887444973 -0.012350969947874546
v -0.014428970403969288 -0.037840958684682846 -0.02080993913114071
v -0.01747596077620983 -0.03769296035170555 -0.01796399988234043
v -0.010781999677419662 -0.03777097910642624 -0.022846989333629608
v -0.01747596077620983 -0.03769296035170555 -0.01796399988234043
v -0.011888979934155941 -0.0348929688334465 0.030361950397491455
v -0.010781999677419662 -0.03777097910642624 -0.022846989333629608
v -0.01747596077620983 -0.03769296035170555 -0.01796399988234043
v -0.020355990156531334 -0.03777097910642624 -0.014961949549615383
v -0.011888979934155941 -0.0348929688334465 0.030361950397491455
v -0.020355990156531334 -0.03777097910642624 -0.014961949549615383
v -0.023918980732560158 -0.03769296035170555 -0.007480978034436703
v -0.011888979934155941 -0.0348929688334465 0.030361950397491455
v -0.023918980732560158 -0.03769296035170555 -0.007480978034436703
v -0.02493095025420189 -0.03771799057722092 -0.003456949954852462
v -0.011888979934155941 -0.0348929688334465 0.030361950397491455
v -0.02493095025420189 -0.03771799057722092 -0.003456949954852462
v -0.02505194954574108 -0.03769296035170555 0.0006909999647177756
v -0.011888979934155941 -0.0348929688334465 0.030361950397491455
v -0.02505194954574108 -0.03769296035170555 0.0006909999647177756
v -0.02486395090818405 -0.03784697875380516 0.0048569440841674805
v -0.011888979934155941 -0.0348929688334465 0.030361950397491455
v -0.02486395090818405 -0.03784697875380516 0.0048569440841674805
v -0.02365899085998535 -0.03777097910642624 0.008857964538037777
v -0.011888979934155941 -0.0348929688334465 0.030361950397491455
v -0.02365899085998535 -0.03777097910642624 0.008857964538037777
v -0.023925960063934326 -0.03807497024536133 0.008957982063293457
v -0.011888979934155941 -0.0348929688334465 0.030361950397491455
v -0.023925960063934326 -0.03807497024536133 0.008957982063293457
v -0.02212500013411045 -0.03807497024536133 0.012773989699780941
v -0.011888979934155941 -0.0348929688334465 0.030361950397491455
v 0.006582974921911955 -0.04380499944090843 0.026911970227956772
v -0.01820296049118042 -0.04319994896650314 0.010509960353374481
v -0.013715979643166065 -0.044520970433950424 0.007918952964246273
v -0.01255899015814066 -0.03629899024963379 0.030059989541769028
v 0.020455950871109962 -0.04282598942518234 0.028600990772247314
v -0.011888979934155941 -0.0348929688334465 0.030361950397491455
v 0.020455950871109962 -0.04282598942518234 0.028600990772247314
v 0.04736094921827316 -0.035809990018606186 0.030052000656723976
v -0.011888979934155941 -0.0348929688334465 0.030361950397491455
v 0.04736094921827316 -0.035809990018606186 0.030052000656723976
v 0.047301940619945526 -0.0356859490275383 0.029961999505758286
v -0.011888979934155941 -0.0348929688334465 0.030361950397491455
v 0.047301940619945526 -0.0356859490275383 0.029961999505758286
v 0.04684298858046532 -0.035606980323791504 0.029724949970841408
v -0.011888979934155941 -0.0348929688334465 0.030361950397491455
v 0.047301940619945526 -0.0356859490275383 0.029961999505758286
v 0.019428959116339684 -0.03771799057722092 -0.016000980511307716
v 0.04684298858046532 -0.035606980323791504 0.029724949970841408
v 0.019428959116339684 -0.03771799057722092 -0.016000980511307716
v 0.01652996987104416 -0.03771799057722092 -0.018979959189891815
v 0.04684298858046532 -0.035606980323791504 0.029724949970841408
v -0.013715979643166065 -0.044520970433950424 0.007918952964246273
v -0.01973997987806797 -0.04319994896650314 0.007173954974859953
v -0.014937990345060825 -0.044520970433950424 0.005263984203338623
v -0.022441979497671127 -0.04137396067380905 0.008401989005506039
v -0.024502990767359734 -0.039942968636751175 0.004785954020917416
v -0.023518970236182213 -0.04137396067380905 0.00459396792575717
v -0.022870950400829315 -0.04137396067380905 -0.007152974139899015
v -0.02240096963942051 -0.04248695820569992 -0.0031059980392456055
v -0.023736000061035156 -0.04137396067380905 -0.003290951019152999
v -0.015768999233841896 -0.04248695820569992 -0.016209950670599937
v -0.012885980308055878 -0.04248695820569992 -0.0185849592089653
v -0.011976949870586395 -0.04319994896650314 -0.017272939905524254
v -0.0091589679941535 -0.04546694830060005 -0.005287944804877043
v -0.011370000429451466 -0.044520970433950424 -0.011024950072169304
v -0.006059944164007902 -0.04546694830060005 -0.008565962314605713
v 0.0019459719769656658 -0.044520970433950424 -0.01571797952055931
v 0.001157999038696289 -0.04319994896650314 -0.020986970514059067
v 0.004596948157995939 -0.04319994896650314 -0.020510969683527946
v 0.01338099967688322 -0.03829598054289818 -0.02176797017455101
v 0.00953298807144165 -0.03784697875380516 -0.023471949622035027
v 0.013260959647595882 -0.037840958684682846 -0.021572940051555634
v -0.015650980174541473 -0.044520970433950424 0.0024289479479193687
v -0.010214979760348797 -0.04546694830060005 0.002736984984949231
v -0.014937990345060825 -0.044520970433950424 0.005263984203338623
v -0.0009749999735504389 -0.044520970433950424 -0.015807980671525
v -0.002311944030225277 -0.04319994896650314 -0.020891960710287094
v 0.001157999038696289 -0.04319994896650314 -0.020986970514059067
v -0.014584950171411037 -0.044520970433950424 -0.00617295503616333
v -0.010246990248560905 -0.04546694830060005 -0.002495944034308195
v -0.015470979735255241 -0.044520970433950424 -0.0033879869151860476
v 0.03832298144698143 -0.04132293909788132 0.025753969326615334
v 0.013715979643166065 -0.044520970433950424 -0.007918952964246273
v 0.01820296049118042 -0.04319994896650314 -0.010509960353374481
v -0.010654980316758156 -0.039942968636751175 -0.022577999159693718
v -0.013653989881277084 -0.04137396067380905 -0.01969200000166893
v -0.014225950464606285 -0.039942968636751175 -0.02051698975265026
v 0.019271960482001305 -0.039942968636751175 -0.01587199978530407
v 0.02212798036634922 -0.03829598054289818 -0.012775950133800507
v 0.02162097953259945 -0.039942968636751175 -0.012482999823987484
v -0.023827970027923584 -0.039942968636751175 -0.007452963851392269
v -0.022797999903559685 -0.03829598054289818 -0.011536950245499611
v -0.022275980561971664 -0.039942968636751175 -0.011272960342466831
v -0.022797999903559685 -0.03829598054289818 -0.011536950245499611
v -0.02426600083708763 -0.037898000329732895 -0.007589994929730892
v -0.022594980895519257 -0.037840958684682846 -0.011433949694037437
v -0.015080980025231838 -0.03829598054289818 0.024981969967484474
v -0.013060979545116425 -0.03718798980116844 0.028880950063467026
v -0.02212798036634922 -0.03829598054289818 0.012775950133800507
v -0.015080980025231838 -0.03829598054289818 0.024981969967484474
v -0.014640980400145054 -0.03825198858976364 0.025761960074305534
v -0.013060979545116425 -0.03718798980116844 0.028880950063467026
v 0.006486951839178801 -0.043612949550151825 0.0274579506367445
v -0.01297598984092474 -0.037491969764232635 0.028310950845479965
v -0.014046959578990936 -0.03796695917844772 0.026699960231781006
v -0.014857940375804901 -0.04319994896650314 -0.01483594998717308
v -0.01822197064757347 -0.04248695820569992 -0.013392980210483074
v -0.015768999233841896 -0.04248695820569992 -0.016209950670599937
v -0.022594980895519257 -0.037840958684682846 -0.011433949694037437
v -0.023918980732560158 -0.03769296035170555 -0.007480978034436703
v -0.020355990156531334 -0.03777097910642624 -0.014961949549615383
v 0.008801995776593685 -0.04351495951414108 0.028103940188884735
v 0.020414939150214195 -0.04350696876645088 0.02830195054411888
v 0.007642983924597502 -0.04342997074127197 0.028220949694514275
v 0.0012459750287234783 -0.04248695820569992 -0.022580979391932487
v -0.002635955112054944 -0.04137396067380905 -0.02381795085966587
v 0.0013199440436437726 -0.04137396067380905 -0.02392696961760521
v 0.02053499035537243 -0.044041991233825684 0.027417950332164764
v 0.021637970581650734 -0.04362696036696434 0.02804397977888584
v 0.020414939150214195 -0.04350696876645088 0.02830195054411888
v 0.021637970581650734 -0.04362696036696434 0.02804397977888584
v 0.0318179689347744 -0.04247099161148071 0.02816998027265072
v 0.020414939150214195 -0.04350696876645088 0.02830195054411888
v -0.01255899015814066 -0.03629899024963379 0.030059989541769028
v 0.006486951839178801 -0.043612949550151825 0.0274579506367445
v 0.006604969035834074 -0.043359991163015366 0.027989979833364487
v -0.01090299990028143 -0.03807497024536133 -0.023103950545191765
v -0.0069529409520328045 -0.03829598054289818 -0.02458696998655796
v -0.010904960334300995 -0.03829598054289818 -0.02310699038207531
v 0.008801995776593685 -0.04351495951414108 0.028103940188884735
v 0.019425980746746063 -0.043877001851797104 0.027689989656209946
v 0.020414939150214195 -0.04350696876645088 0.02830195054411888
v 0.019722990691661835 -0.03829598054289818 -0.016243990510702133
v 0.016745980829000473 -0.037976980209350586 -0.019228989258408546
v 0.019682999700307846 -0.037976980209350586 -0.016209950670599937
v 0.0318179689347744 -0.04247099161148071 0.02816998027265072
v 0.03606896847486496 -0.0416569709777832 0.02816998027265072
v 0.033900968730449677 -0.04184496030211449 0.028355000540614128
v 0.0318179689347744 -0.04247099161148071 0.02816998027265072
v 0.031876981258392334 -0.04280297830700874 0.027359960600733757
v 0.03606896847486496 -0.0416569709777832 0.02816998027265072
v 0.031876981258392334 -0.04280297830700874 0.027359960600733757
v 0.03401695936918259 -0.0424189493060112 0.027298979461193085
v 0.03606896847486496 -0.0416569709777832 0.02816998027265072
v -0.02212798036634922 -0.03829598054289818 0.012775950133800507
v -0.013060979545116425 -0.03718798980116844 0.028880950063467026
v -0.01255899015814066 -0.03629899024963379 0.030059989541769028
v 0.02212798036634922 -0.03829598054289818 -0.012775950133800507
v 0.019682999700307846 -0.037976980209350586 -0.016209950670599937
v 0.021913999691605568 -0.037829991430044174 -0.01265196967869997
v 0.006604969035834074 -0.043359991163015366 0.027989979833364487
v 0.007642983924597502 -0.04342997074127197 0.028220949694514275
v -0.01255899015814066 -0.03629899024963379 0.030059989541769028
v 0.007642983924597502 -0.04342997074127197 0.028220949694514275
v 0.007666944991797209 -0.04264599084854126 0.028595980256795883
v -0.01255899015814066 -0.03629899024963379 0.030059989541769028
v 0.036921970546245575 -0.04181598871946335 0.026875970885157585
v 0.03782897815108299 -0.04152797907590866 0.026623960584402084
v 0.0370899997651577 -0.04172896966338158 0.02744399942457676
v 0.007666944991797209 -0.04264599084854126 0.028595980256795883
v 0.020455950871109962 -0.04282598942518234 0.028600990772247314
v -0.01255899015814066 -0.03629899024963379 0.030059989541769028
v 0.03782897815108299 -0.04152797907590866 0.026623960584402084
v 0.038627978414297104 -0.041216958314180374 0.02622896060347557
v 0.0370899997651577 -0.04172896966338158 0.02744399942457676
v 0.038627978414297104 -0.041216958314180374 0.02622896060347557
v 0.04644399136304855 -0.03666596859693527 0.028865989297628403
v 0.0370899997651577 -0.04172896966338158 0.02744399942457676
v 0.03168296068906784 -0.04168897122144699 0.028603969141840935
v 0.04736094921827316 -0.035809990018606186 0.030052000656723976
v 0.020455950871109962 -0.04282598942518234 0.028600990772247314
v 0.038627978414297104 -0.041216958314180374 0.02622896060347557
v 0.04550796002149582 -0.03743397817015648 0.027529949322342873
v 0.04644399136304855 -0.03666596859693527 0.028865989297628403
v 0.038627978414297104 -0.041216958314180374 0.02622896060347557
v 0.044600959867239 -0.03795896843075752 0.026275990530848503
v 0.04471796005964279 -0.0378909707069397 0.026436980813741684
v 0.03168296068906784 -0.04168897122144699 0.028603969141840935
v 0.033900968730449677 -0.04184496030211449 0.028355000540614128
v 0.04736094921827316 -0.035809990018606186 0.030052000656723976
v 0.033900968730449677 -0.04184496030211449 0.028355000540614128
v 0.03606896847486496 -0.0416569709777832 0.02816998027265072
v 0.04736094921827316 -0.035809990018606186 0.030052000656723976
v 0.038627978414297104 -0.041216958314180374 0.02622896060347557
v 0.03887397050857544 -0.04107397049665451 0.02589797042310238
v 0.044110000133514404 -0.03825097903609276 0.025278979912400246
v 0.03887397050857544 -0.04107397049665451 0.02589797042310238
v 0.038762979209423065 -0.04093198850750923 0.024520989507436752
v 0.044110000133514404 -0.03825097903609276 0.025278979912400246
v 0.03606896847486496 -0.0416569709777832 0.02816998027265072
v 0.03705697879195213 -0.041453950107097626 0.027994990348815918
v 0.04736094921827316 -0.035809990018606186 0.030052000656723976
v 0.03705697879195213 -0.041453950107097626 0.027994990348815918
v 0.0370899997651577 -0.04172896966338158 0.02744399942457676
v 0.04736094921827316 -0.035809990018606186 0.030052000656723976
v 0.038762979209423065 -0.04093198850750923 0.024520989507436752
v 0.01958495005965233 -0.04248695820569992 -0.011307950131595135
v 0.044110000133514404 -0.03825097903609276 0.025278979912400246
v 0.01958495005965233 -0.04248695820569992 -0.011307950131595135
v 0.04364496096968651 -0.03829598054289818 0.02449296973645687
v 0.044110000133514404 -0.03825097903609276 0.025278979912400246
v 0.0370899997651577 -0.04172896966338158 0.02744399942457676
v 0.04644399136304855 -0.03666596859693527 0.028865989297628403
v 0.04736094921827316 -0.035809990018606186 0.030052000656723976
v 0.04644399136304855 -0.03666596859693527 0.028865989297628403
v 0.04550796002149582 -0.03743397817015648 0.027529949322342873
v 0.04736094921827316 -0.035809990018606186 0.030052000656723976
v 0.020013980567455292 -0.04207795113325119 -0.011554949916899204
v 0.04364496096968651 -0.03829598054289818 0.02449296973645687
v 0.01958495005965233 -0.04248695820569992 -0.011307950131595135
v 0.020752960816025734 -0.04137396067380905 -0.011981960386037827
v 0.02162097953259945 -0.039942968636751175 -0.012482999823987484
v 0.04364496096968651 -0.03829598054289818 0.02449296973645687
v 0.04550796002149582 -0.03743397817015648 0.027529949322342873
v 0.044110000133514404 -0.03825097903609276 0.025278979912400246
v 0.04736094921827316 -0.035809990018606186 0.030052000656723976
v 0.044110000133514404 -0.03825097903609276 0.025278979912400246
v 0.04364496096968651 -0.03829598054289818 0.02449296973645687
v 0.04736094921827316 -0.035809990018606186 0.030052000656723976
v 0.013073979876935482 -0.039942968636751175 -0.02126896008849144
v 0.009614944458007812 -0.03829598054289818 -0.02367299050092697
v 0.01338099967688322 -0.03829598054289818 -0.02176797017455101
v 0.04364496096968651 -0.03829598054289818 0.02449296973645687
v 0.02212798036634922 -0.03829598054289818 -0.012775950133800507
v 0.04736094921827316 -0.035809990018606186 0.030052000656723976
v 0.020414939150214195 -0.04350696876645088 0.02830195054411888
v 0.007666944991797209 -0.04264599084854126 0.028595980256795883
v 0.007642983924597502 -0.04342997074127197 0.028220949694514275
v 0.021913999691605568 -0.037829991430044174 -0.01265196967869997
v 0.019428959116339684 -0.03771799057722092 -0.016000980511307716
v 0.047301940619945526 -0.0356859490275383 0.029961999505758286
v -0.01022696029394865 -0.04137396067380905 -0.02167098969221115
v -0.0061539411544799805 -0.04248695820569992 -0.021761950105428696
v -0.009651958011090755 -0.04248695820569992 -0.02045195922255516
v -0.005287944804877043 -0.04546694830060005 -0.0091589679941535
v -0.006619988940656185 -0.044520970433950424 -0.014387959614396095
v -0.004388988018035889 -0.04546694830060005 -0.009530960582196712
v -0.02017796039581299 -0.04248695820569992 -0.010210989974439144
v -0.016936950385570526 -0.04319994896650314 -0.012447950430214405
v -0.018754949793219566 -0.04319994896650314 -0.009490965865552425
v 0.005287944804877043 -0.04546694830060005 -0.0091589679941535
v 0.004800974857062101 -0.044520970433950424 -0.015092959627509117
v 0.0074929590336978436 -0.044520970433950424 -0.013953980058431625
v 0.009929001331329346 -0.044520970433950424 -0.012338990345597267
v 0.01100695040076971 -0.04319994896650314 -0.01790696009993553
v 0.01380394957959652 -0.04319994896650314 -0.015850959345698357
v 0.019682999700307846 -0.037976980209350586 -0.016209950670599937
v 0.01652996987104416 -0.03771799057722092 -0.018979959189891815
v 0.019428959116339684 -0.03771799057722092 -0.016000980511307716
v 0.005287944804877043 -0.04546694830060005 -0.0091589679941535
v 0.0071639409288764 -0.046182990074157715 0.007704973220825195
v 0.002736984984949231 -0.04546694830060005 -0.010214979760348797
v 0.0071639409288764 -0.046182990074157715 0.007704973220825195
v 0.0012879959540441632 -0.04546694830060005 -0.010405950248241425
v 0.002736984984949231 -0.04546694830060005 -0.010214979760348797
v 0.020455950871109962 -0.04282598942518234 0.028600990772247314
v 0.0318179689347744 -0.04247099161148071 0.02816998027265072
v 0.03168296068906784 -0.04168897122144699 0.028603969141840935
v 0.00657695485278964 -0.04546694830060005 -0.008169949054718018
v 0.009239970706403255 -0.04598896950483322 0.0048329830169677734
v 0.005287944804877043 -0.04546694830060005 -0.0091589679941535
v -0.002311944030225277 -0.04319994896650314 -0.020891960710287094
v 0.0012459750287234783 -0.04248695820569992 -0.022580979391932487
v 0.001157999038696289 -0.04319994896650314 -0.020986970514059067
v 0.009239970706403255 -0.04598896950483322 0.0048329830169677734
v 0.0071639409288764 -0.046182990074157715 0.007704973220825195
v 0.005287944804877043 -0.04546694830060005 -0.0091589679941535
v 0.0071639409288764 -0.046182990074157715 0.007704973220825195
v -0.002649961970746517 -0.04546694830060005 -0.01022696029394865
v 0.0012879959540441632 -0.04546694830060005 -0.010405950248241425
v -0.015650980174541473 -0.044520970433950424 0.0024289479479193687
v -0.010533980093896389 -0.04546694830060005 -0.0003209999995306134
v -0.010363990440964699 -0.04546694830060005 0.0016109939897432923
v -0.0027969470247626305 -0.037898000329732895 -0.025270989164710045
v 0.0014079799875617027 -0.03829598054289818 -0.025511980056762695
v -0.002810955047607422 -0.03829598054289818 -0.02539598010480404
v 0.0071639409288764 -0.046182990074157715 0.007704973220825195
v -0.004388988018035889 -0.04546694830060005 -0.009530960582196712
v -0.002649961970746517 -0.04546694830060005 -0.01022696029394865
v -0.006059944164007902 -0.04546694830060005 -0.008565962314605713
v 0.005258976947516203 -0.04619299992918968 0.00910794734954834
v 0.003089963924139738 -0.046182990074157715 0.010056969709694386
v 0.005287944804877043 -0.04546694830060005 -0.0091589679941535
v 0.009929001331329346 -0.044520970433950424 -0.012338990345597267
v 0.00657695485278964 -0.04546694830060005 -0.008169949054718018
v 0.0012879959540441632 -0.04546694830060005 -0.010405950248241425
v -0.002649961970746517 -0.04546694830060005 -0.01022696029394865
v -0.0009749999735504389 -0.044520970433950424 -0.015807980671525
v 0.011842959560453892 -0.04248695820569992 -0.01926594041287899
v 0.01380394957959652 -0.04319994896650314 -0.015850959345698357
v 0.01100695040076971 -0.04319994896650314 -0.01790696009993553
v 0.009723961353302002 -0.04534995183348656 -0.0056139822117984295
v 0.01202796958386898 -0.044520970433950424 -0.010304979979991913
v 0.013715979643166065 -0.044520970433950424 -0.007918952964246273
v -0.013202959671616554 -0.044520970433950424 -0.008747993968427181
v -0.018754949793219566 -0.04319994896650314 -0.009490965865552425
v -0.016936950385570526 -0.04319994896650314 -0.012447950430214405
v -0.012133950367569923 -0.04319994896650314 -0.017143959179520607
v 0.0090179443359375 -0.04137396067380905 -0.02220194973051548
v 0.013073979876935482 -0.039942968636751175 -0.02126896008849144
v 0.012548980303108692 -0.04137396067380905 -0.020414939150214195
v -0.02472895011305809 -0.039942968636751175 -0.0034289949107915163
v -0.025541959330439568 -0.03829598054289818 0.0007040000054985285
v -0.025308959186077118 -0.03829598054289818 -0.0035099980887025595
v -0.02162097953259945 -0.039942968636751175 0.012482999823987484
v -0.023928990587592125 -0.03829598054289818 0.008958995342254639
v -0.023380989208817482 -0.039942968636751175 0.008753955364227295
v -0.014225950464606285 -0.039942968636751175 -0.02051698975265026
v -0.016708970069885254 -0.04137396067380905 -0.01717597059905529
v -0.017408959567546844 -0.039942968636751175 -0.017894979566335678
v -0.024385979399085045 -0.03829598054289818 -0.007626949809491634
v -0.025256989523768425 -0.037976980209350586 -0.0035019509959965944
v -0.02426600083708763 -0.037898000329732895 -0.007589994929730892
v -0.020752960816025734 -0.04137396067380905 0.011981960386037827
v -0.01486693974584341 -0.03836797922849655 0.025288989767432213
v -0.021391980350017548 -0.0403209887444973 0.012350969947874546
v -0.01958495005965233 -0.04248695820569992 0.011307950131595135
v -0.014640980400145054 -0.03825198858976364 0.025761960074305534
v -0.01486693974584341 -0.03836797922849655 0.025288989767432213
v -0.01958495005965233 -0.04248695820569992 0.011307950131595135
v -0.01820296049118042 -0.04319994896650314 0.010509960353374481
v -0.014640980400145054 -0.03825198858976364 0.025761960074305534
v -0.01820296049118042 -0.04319994896650314 0.010509960353374481
v 0.006486951839178801 -0.043612949550151825 0.0274579506367445
v -0.014640980400145054 -0.03825198858976364 0.025761960074305534
v 0.006582974921911955 -0.04380499944090843 0.026911970227956772
v 0.00765299703925848 -0.043811969459056854 0.027516959235072136
v 0.006486951839178801 -0.043612949550151825 0.0274579506367445
v 0.010741939768195152 -0.04558897018432617 0.0003659999929368496
v 0.036921970546245575 -0.04181598871946335 0.026875970885157585
v 0.03401695936918259 -0.0424189493060112 0.027298979461193085
v 0.009028971195220947 -0.0440019890666008 0.026892000809311867
v 0.008571982383728027 -0.043887969106435776 0.027414970099925995
v 0.00765299703925848 -0.043811969459056854 0.027516959235072136
v 0.006582974921911955 -0.04380499944090843 0.026911970227956772
v -0.0021759860683232546 -0.045869939029216766 0.010205980390310287
v 0.00765299703925848 -0.043811969459056854 0.027516959235072136
v -0.025076979771256447 -0.03829598054289818 0.004897952079772949
v -0.023925960063934326 -0.03807497024536133 0.008957982063293457
v -0.02486395090818405 -0.03784697875380516 0.0048569440841674805
v 0.009028971195220947 -0.0440019890666008 0.026892000809311867
v 0.02053499035537243 -0.044041991233825684 0.027417950332164764
v 0.008571982383728027 -0.043887969106435776 0.027414970099925995
v 0.02053499035537243 -0.044041991233825684 0.027417950332164764
v 0.008801995776593685 -0.04351495951414108 0.028103940188884735
v 0.008571982383728027 -0.043887969106435776 0.027414970099925995
v 0.02053499035537243 -0.044041991233825684 0.027417950332164764
v 0.019425980746746063 -0.043877001851797104 0.027689989656209946
v 0.008801995776593685 -0.04351495951414108 0.028103940188884735
v 0.021457970142364502 -0.04398994892835617 0.027311980724334717
v 0.0318179689347744 -0.04247099161148071 0.02816998027265072
v 0.02053499035537243 -0.044041991233825684 0.027417950332164764
v 0.0318179689347744 -0.04247099161148071 0.02816998027265072
v 0.021637970581650734 -0.04362696036696434 0.02804397977888584
v 0.02053499035537243 -0.044041991233825684 0.027417950332164764
v 0.009028971195220947 -0.0440019890666008 0.026892000809311867
v 0.019545970484614372 -0.04413396120071411 0.026791980490088463
v 0.02053499035537243 -0.044041991233825684 0.027417950332164764
v 0.019545970484614372 -0.04413396120071411 0.026791980490088463
v 0.005258976947516203 -0.04619299992918968 0.00910794734954834
v 0.02053499035537243 -0.044041991233825684 0.027417950332164764
v 0.01820296049118042 -0.04319994896650314 -0.010509960353374481
v 0.038762979209423065 -0.04093198850750923 0.024520989507436752
v 0.03832298144698143 -0.04132293909788132 0.025753969326615334
v 0.021457970142364502 -0.04398994892835617 0.027311980724334717
v 0.030800990760326385 -0.04292093962430954 0.027432970702648163
v 0.0318179689347744 -0.04247099161148071 0.02816998027265072
v 0.03130095824599266 -0.0429309606552124 0.026960959658026695
v 0.03401695936918259 -0.0424189493060112 0.027298979461193085
v 0.031876981258392334 -0.04280297830700874 0.027359960600733757
v 0.036921970546245575 -0.04181598871946335 0.026875970885157585
v 0.03401695936918259 -0.0424189493060112 0.027298979461193085
v 0.03130095824599266 -0.0429309606552124 0.026960959658026695
v 0.010333949699997902 -0.045745961368083954 0.001504956977441907
v 0.03401695936918259 -0.0424189493060112 0.027298979461193085
v 0.02212798036634922 -0.03829598054289818 -0.012775950133800507
v 0.047301940619945526 -0.0356859490275383 0.029961999505758286
v 0.04736094921827316 -0.035809990018606186 0.030052000656723976
v 0.03832298144698143 -0.04132293909788132 0.025753969326615334
v 0.03782897815108299 -0.04152797907590866 0.026623960584402084
v 0.036921970546245575 -0.04181598871946335 0.026875970885157585
v 0.00797194242477417 -0.04546694830060005 -0.006834982894361019
v 0.009929001331329346 -0.044520970433950424 -0.012338990345597267
v 0.01202796958386898 -0.044520970433950424 -0.010304979979991913
v 0.03832298144698143 -0.04132293909788132 0.025753969326615334
v 0.03887397050857544 -0.04107397049665451 0.02589797042310238
v 0.038627978414297104 -0.041216958314180374 0.02622896060347557
v 0.009028971195220947 -0.0440019890666008 0.026892000809311867
v 0.003089963924139738 -0.046182990074157715 0.010056969709694386
v 0.00407594395801425 -0.046025991439819336 0.011048969812691212
v 0.003089963924139738 -0.046182990074157715 0.010056969709694386
v 0.0014519690303131938 -0.04597197845578194 0.010862939991056919
v 0.0014419549843296409 -0.04596995934844017 0.010865979827940464
v 0.03130095824599266 -0.0429309606552124 0.026960959658026695
v 0.008548974059522152 -0.04603796824812889 0.006626963149756193
v 0.009239970706403255 -0.04598896950483322 0.0048329830169677734
v 0.008928953669965267 -0.045928001403808594 0.009762941859662533
v 0.0071639409288764 -0.046182990074157715 0.007704973220825195
v 0.03130095824599266 -0.0429309606552124 0.026960959658026695
v 0.021457970142364502 -0.04398994892835617 0.027311980724334717
v 0.00883495807647705 -0.04593700170516968 0.009833990596234798
v 0.022069990634918213 -0.043990958482027054 0.026690950617194176
v 0.00797194242477417 -0.04546694830060005 -0.006834982894361019
v 0.009239970706403255 -0.04598896950483322 0.0048329830169677734
v 0.00657695485278964 -0.04546694830060005 -0.008169949054718018
v 0.00797194242477417 -0.04546694830060005 -0.006834982894361019
v 0.010333949699997902 -0.045745961368083954 0.001504956977441907
v 0.009239970706403255 -0.04598896950483322 0.0048329830169677734
v 0.010333949699997902 -0.045745961368083954 0.001504956977441907
v 0.01166194025427103 -0.04562395066022873 0.005823968909680843
v 0.009239970706403255 -0.04598896950483322 0.0048329830169677734
v 0.009723961353302002 -0.04534995183348656 -0.0056139822117984295
v 0.010277980007231236 -0.045540980994701385 -0.0019729731138795614
v 0.00797194242477417 -0.04546694830060005 -0.006834982894361019
v 0.010277980007231236 -0.045540980994701385 -0.0019729731138795614
v 0.010333949699997902 -0.045745961368083954 0.001504956977441907
v 0.00797194242477417 -0.04546694830060005 -0.006834982894361019
v 0.003089963924139738 -0.046182990074157715 0.010056969709694386
v -0.0091589679941535 -0.04546694830060005 -0.005287944804877043
v -0.006059944164007902 -0.04546694830060005 -0.008565962314605713
v -0.02058595046401024 -0.03807497024536133 -0.015129979699850082
v -0.01781696081161499 -0.03829598054289818 -0.018314950168132782
v -0.0205879807472229 -0.03829598054289818 -0.015131950378417969
v -0.011888979934155941 -0.0348929688334465 0.030361950397491455
v 0.0013809800148010254 -0.03769296035170555 -0.025023989379405975
v -0.0027569530066102743 -0.03769296035170555 -0.02490996941924095
v -0.0021759860683232546 -0.045869939029216766 0.010205980390310287
v -0.010214979760348797 -0.04546694830060005 0.002736984984949231
v 0.003089963924139738 -0.046182990074157715 0.010056969709694386
v -0.010214979760348797 -0.04546694830060005 0.002736984984949231
v -0.010363990440964699 -0.04546694830060005 0.0016109939897432923
v 0.003089963924139738 -0.046182990074157715 0.010056969709694386
v -0.010363990440964699 -0.04546694830060005 0.0016109939897432923
v -0.010533980093896389 -0.04546694830060005 -0.0003209999995306134
v 0.003089963924139738 -0.046182990074157715 0.010056969709694386
v -0.010533980093896389 -0.04546694830060005 -0.0003209999995306134
v -0.010246990248560905 -0.04546694830060005 -0.002495944034308195
v 0.003089963924139738 -0.046182990074157715 0.010056969709694386
v -0.010246990248560905 -0.04546694830060005 -0.002495944034308195
v -0.009655952453613281 -0.04546694830060005 -0.004087984096258879
v 0.003089963924139738 -0.046182990074157715 0.010056969709694386
v -0.0091589679941535 -0.04546694830060005 -0.005287944804877043
v -0.012885980308055878 -0.04248695820569992 -0.0185849592089653
v -0.01022696029394865 -0.04137396067380905 -0.02167098969221115
v -0.009651958011090755 -0.04248695820569992 -0.02045195922255516
v 0.015737950801849365 -0.04137396067380905 -0.018070990219712257
v 0.013073979876935482 -0.039942968636751175 -0.02126896008849144
v 0.016396990045905113 -0.039942968636751175 -0.018826959654688835
v 0.011842959560453892 -0.04248695820569992 -0.01926594041287899
v 0.015737950801849365 -0.04137396067380905 -0.018070990219712257
v 0.014852999709546566 -0.04248695820569992 -0.017053959891200066
v -0.021380959078669548 -0.04137396067380905 -0.010819969698786736
v -0.02158397063612938 -0.04248695820569992 -0.006750940810889006
v -0.022870950400829315 -0.04137396067380905 -0.007152974139899015
v -0.0210109893232584 -0.04319994896650314 0.0005789999850094318
v -0.02240096963942051 -0.04248695820569992 -0.0031059980392456055
v -0.02081996016204357 -0.04319994896650314 -0.0028869500383734703
v -0.013715979643166065 -0.044520970433950424 0.007918952964246273
v -0.005475996993482113 -0.04564398154616356 0.009031951427459717
v 0.006582974921911955 -0.04380499944090843 0.026911970227956772
v -0.005475996993482113 -0.04564398154616356 0.009031951427459717
v -0.0021759860683232546 -0.045869939029216766 0.010205980390310287
v -0.003137945896014571 -0.04556595906615257 0.011079959571361542
v -0.005475996993482113 -0.04564398154616356 0.009031951427459717
v -0.010214979760348797 -0.04546694830060005 0.002736984984949231
v -0.0021759860683232546 -0.045869939029216766 0.010205980390310287
v 0.022069990634918213 -0.043990958482027054 0.026690950617194176
v 0.03130095824599266 -0.0429309606552124 0.026960959658026695
v 0.021457970142364502 -0.04398994892835617 0.027311980724334717
v 0.03130095824599266 -0.0429309606552124 0.026960959658026695
v 0.030800990760326385 -0.04292093962430954 0.027432970702648163
v 0.021457970142364502 -0.04398994892835617 0.027311980724334717
v 0.010277980007231236 -0.045540980994701385 -0.0019729731138795614
v 0.010741939768195152 -0.04558897018432617 0.0003659999929368496
v 0.010333949699997902 -0.045745961368083954 0.001504956977441907
v 0.010277980007231236 -0.045540980994701385 -0.0019729731138795614
v 0.009723961353302002 -0.04534995183348656 -0.0056139822117984295
v 0.013715979643166065 -0.044520970433950424 -0.007918952964246273
v -0.005475996993482113 -0.04564398154616356 0.009031951427459717
v -0.0091589679941535 -0.04546694830060005 0.005287944804877043
v -0.010214979760348797 -0.04546694830060005 0.002736984984949231
v -0.0091589679941535 -0.04546694830060005 0.005287944804877043
v -0.014937990345060825 -0.044520970433950424 0.005263984203338623
v -0.010214979760348797 -0.04546694830060005 0.002736984984949231
v 0.03705697879195213 -0.041453950107097626 0.027994990348815918
v 0.03614199161529541 -0.041975971311330795 0.02734195999801159
v 0.0370899997651577 -0.04172896966338158 0.02744399942457676
v 0.0055879950523376465 -0.03829598054289818 -0.02493298053741455
v 0.0014009469887241721 -0.037898000329732895 -0.025385970249772072
v 0.005539952777326107 -0.03784697875380516 -0.02472095936536789
v 0.005258976947516203 -0.04619299992918968 0.00910794734954834
v -0.004388988018035889 -0.04546694830060005 -0.009530960582196712
v 0.0071639409288764 -0.046182990074157715 0.007704973220825195
v -0.02081996016204357 -0.04319994896650314 -0.0028869500383734703
v -0.02240096963942051 -0.04248695820569992 -0.0031059980392456055
v -0.02158397063612938 -0.04248695820569992 -0.006750940810889006
v 0.020013980567455292 -0.04207795113325119 -0.011554949916899204
v 0.017456939443945885 -0.04248695820569992 -0.0143769895657897
v 0.018497999757528305 -0.04137396067380905 -0.015233989804983139
v -0.02006095089018345 -0.04319994896650314 -0.006274998188018799
v -0.02046298049390316 -0.04319994896650314 -0.004480957053601742
v -0.02158397063612938 -0.04248695820569992 -0.006750940810889006
v -0.02046298049390316 -0.04319994896650314 -0.004480957053601742
v -0.02081996016204357 -0.04319994896650314 -0.0028869500383734703
v -0.02158397063612938 -0.04248695820569992 -0.006750940810889006
v 0.00765299703925848 -0.043811969459056854 0.027516959235072136
v -0.0021759860683232546 -0.045869939029216766 0.010205980390310287
v -5.0999999075429514e-05 -0.045784950256347656 0.01154899038374424
v 0.005258976947516203 -0.04619299992918968 0.00910794734954834
v 0.00407594395801425 -0.046025991439819336 0.011048969812691212
v 0.003089963924139738 -0.046182990074157715 0.010056969709694386
v 0.019271960482001305 -0.039942968636751175 -0.01587199978530407
v 0.02162097953259945 -0.039942968636751175 -0.012482999823987484
v 0.021391980350017548 -0.0403209887444973 -0.012350969947874546
v -0.010046949610114098 -0.04528294876217842 0.00580096198245883
v -0.013988969847559929 -0.037905991077423096 0.026859989389777184
v -0.013060979545116425 -0.03718798980116844 0.028880950063467026
v -0.014640980400145054 -0.03825198858976364 0.025761960074305534
v -0.012326950207352638 -0.03570299968123436 0.030087940394878387
v -0.012237959541380405 -0.035038940608501434 0.030668970197439194
v -0.012326950207352638 -0.03560196980834007 0.030016949400305748
v 0.00883495807647705 -0.04593700170516968 0.009833990596234798
v 0.008714972995221615 -0.04594498127698898 0.009831964038312435
v 0.0071639409288764 -0.046182990074157715 0.007704973220825195
v 0.008714972995221615 -0.04594498127698898 0.009831964038312435
v 0.021457970142364502 -0.04398994892835617 0.027311980724334717
v 0.02053499035537243 -0.044041991233825684 0.027417950332164764
v 0.003089963924139738 -0.046182990074157715 0.010056969709694386
v 0.00407594395801425 -0.046025991439819336 0.011048969812691212
v 0.016898980364203453 -0.04600495100021362 0.033563971519470215
v 0.005258976947516203 -0.04619299992918968 0.00910794734954834
v 0.007995963096618652 -0.045989990234375 0.009781955741345882
v 0.021508989855647087 -0.046025991439819336 0.033532969653606415
v -0.01297598984092474 -0.037491969764232635 0.028310950845479965
v -0.013060979545116425 -0.03718798980116844 0.028880950063467026
v -0.010120980441570282 -0.03811800107359886 0.0336419902741909
v 0.044600959867239 -0.03795896843075752 0.026275990530848503
v 0.04755394905805588 -0.04025696963071823 0.0331529900431633
v 0.044110000133514404 -0.03825097903609276 0.025278979912400246
v 0.0071639409288764 -0.046182990074157715 0.007704973220825195
v 0.008928953669965267 -0.045928001403808594 0.009762941859662533
v 0.00883495807647705 -0.04593700170516968 0.009833990596234798
v 0.044670991599559784 -0.03791898116469383 0.026360979303717613
v 0.04464095085859299 -0.03793596848845482 0.02631700038909912
v 0.044110000133514404 -0.03825097903609276 0.025278979912400246
v -0.020752960816025734 -0.04137396067380905 0.011981960386037827
v -0.020011959597468376 -0.04207795113325119 0.011558939702808857
v -0.008687973022460938 -0.04066300019621849 0.03373897075653076
v 0.010741939768195152 -0.04558897018432617 0.0003659999929368496
v 0.010277980007231236 -0.045540980994701385 -0.0019729731138795614
v 0.03269898146390915 -0.04528294876217842 0.033288948237895966
v -0.01486693974584341 -0.03836797922849655 0.025288989767432213
v -0.014640980400145054 -0.03825198858976364 0.025761960074305534
v -0.015080980025231838 -0.03829598054289818 0.024981969967484474
v 0.010333949699997902 -0.045745961368083954 0.001504956977441907
v 0.010741939768195152 -0.04558897018432617 0.0003659999929368496
v 0.03269898146390915 -0.04528294876217842 0.033288948237895966
v -0.01486693974584341 -0.03836797922849655 0.025288989767432213
v -0.02162097953259945 -0.039942968636751175 0.012482999823987484
v -0.009079991839826107 -0.040307991206645966 0.03357100114226341
v -0.003137945896014571 -0.04556595906615257 0.011079959571361542
v -0.0021759860683232546 -0.045869939029216766 0.010205980390310287
v 0.005838990211486816 -0.04529093950986862 0.0333169586956501
v -5.0999999075429514e-05 -0.045784950256347656 0.01154899038374424
v 0.0014419549843296409 -0.04596995934844017 0.010865979827940464
v 0.005838990211486816 -0.04529093950986862 0.0333169586956501
v 0.008548974059522152 -0.04603796824812889 0.006626963149756193
v 0.009239970706403255 -0.04598896950483322 0.0048329830169677734
v 0.03269898146390915 -0.04528294876217842 0.033288948237895966
v -0.014046959578990936 -0.03796695917844772 0.026699960231781006
v -0.014640980400145054 -0.03825198858976364 0.025761960074305534
v -0.009079991839826107 -0.040307991206645966 0.03357100114226341
v 0.04471796005964279 -0.0378909707069397 0.026436980813741684
v 0.0485069714486599 -0.03871399164199829 0.03346896171569824
v 0.044670991599559784 -0.03791898116469383 0.026360979303717613
v 0.01166194025427103 -0.04562395066022873 0.005823968909680843
v 0.03130095824599266 -0.0429309606552124 0.026960959658026695
v 0.009239970706403255 -0.04598896950483322 0.0048329830169677734
v -0.011888979934155941 -0.0348929688334465 0.030361950397491455
v -0.012326950207352638 -0.03570299968123436 0.030087940394878387
v -0.01255899015814066 -0.03629899024963379 0.030059989541769028
v -0.020011959597468376 -0.04207795113325119 0.011558939702808857
v -0.01958495005965233 -0.04248695820569992 0.011307950131595135
v -0.007278977893292904 -0.04200398176908493 0.03348195180296898
v 0.008548974059522152 -0.04603796824812889 0.006626963149756193
v 0.0071639409288764 -0.046182990074157715 0.007704973220825195
v 0.009239970706403255 -0.04598896950483322 0.0048329830169677734
v 0.0014519690303131938 -0.04597197845578194 0.010862939991056919
v 0.005838990211486816 -0.04529093950986862 0.0333169586956501
v 0.0014419549843296409 -0.04596995934844017 0.010865979827940464
v -0.01297598984092474 -0.037491969764232635 0.028310950845479965
v -0.013988969847559929 -0.037905991077423096 0.026859989389777184
v -0.010120980441570282 -0.03811800107359886 0.0336419902741909
v -0.003137945896014571 -0.04556595906615257 0.011079959571361542
v 0.006582974921911955 -0.04380499944090843 0.026911970227956772
v -0.005475996993482113 -0.04564398154616356 0.009031951427459717
v -0.003137945896014571 -0.04556595906615257 0.011079959571361542
v 0.005838990211486816 -0.04529093950986862 0.0333169586956501
v -0.005475996993482113 -0.04564398154616356 0.009031951427459717
v 0.01166194025427103 -0.04562395066022873 0.005823968909680843
v 0.010333949699997902 -0.045745961368083954 0.001504956977441907
v 0.03269898146390915 -0.04528294876217842 0.033288948237895966
v 0.035992980003356934 0.024363990873098373 0.007355988025665283
v 0.051031939685344696 0.020681969821453094 0.032395001500844955
v 0.03462398052215576 0.02417599968612194 0.004886983893811703
v 0.036291949450969696 0.022091979160904884 0.007302999030798674
v 0.051031939685344696 0.020681969821453094 0.032395001500844955
v 0.03812098130583763 0.02185099944472313 0.010465970262885094
v -0.025682980194687843 0.025939999148249626 0.009176968596875668
v -0.02615397982299328 0.03047800064086914 0.005957961082458496
v -0.02574794925749302 0.024966949597001076 0.009700953029096127
v -0.026630990207195282 0.02322000078856945 0.007758975028991699
v -0.02704297937452793 0.023000000044703484 0.006278990767896175
v -0.02663296088576317 0.023182980716228485 0.007767974864691496
v 0.03212498873472214 0.02644597925245762 0.0011869659647345543
v 0.03253297880291939 0.027909990400075912 0.0023419850040227175
v 0.04949396103620529 0.03080195002257824 0.03257298097014427
v 0.02582097053527832 0.02837699092924595 -0.00839698314666748
v 0.025586960837244987 0.028460970148444176 -0.00842898990958929
v 0.021712949499487877 0.0381469689309597 -0.012538960203528404
v 0.021074950695037842 0.02697199024260044 0.029822999611496925
v 0.021672960370779037 0.02696800045669079 0.029505960643291473
v 0.04150097817182541 0.026999950408935547 0.03249698132276535
v -0.0023699989542365074 0.026961980387568474 0.028115980327129364
v -0.0004479999770410359 0.026968950405716896 0.028847990557551384
v -0.002360998885706067 0.02697795070707798 0.02993297018110752
v 0.041329968720674515 0.01794397085905075 0.026683980599045753
v 0.04157298058271408 0.018137989565730095 0.026570970192551613
v 0.04802196845412254 0.017544979229569435 0.027442989870905876
v 0.041857000440359116 0.018224000930786133 0.026443950831890106
v 0.04802196845412254 0.017544979229569435 0.027442989870905876
v 0.04157298058271408 0.018137989565730095 0.026570970192551613
v -0.013561960309743881 0.01767200045287609 0.027251949533820152
v -0.012257990427315235 0.017534969374537468 0.027526969090104103
v -0.015944000333547592 0.017455989494919777 0.027628950774669647
v -0.017125960439443588 0.019190959632396698 0.026256969198584557
v -0.018388979136943817 0.018731949850916862 0.02418196015059948
v -0.017416950315237045 0.018516000360250473 0.025757959112524986
v 0.04229997843503952 0.01826298050582409 0.02624695934355259
v 0.047791000455617905 0.017978960648179054 0.026799969375133514
v 0.041857000440359116 0.018224000930786133 0.026443950831890106
v -0.026141999289393425 0.02413100004196167 0.008871971629559994
v -0.025967950001358986 0.02632194012403488 0.007796943187713623
v -0.02615397982299328 0.03047800064086914 0.005957961082458496
v 0.029517939314246178 0.026784000918269157 0.012819940224289894
v 0.028760960325598717 0.02679096907377243 0.013268940150737762
v 0.03181498870253563 0.026732979342341423 0.00888597872108221
v -0.018482979387044907 0.020667970180511475 0.02371996082365513
v -0.017125960439443588 0.019190959632396698 0.026256969198584557
v -0.013089950196444988 0.020659979432821274 0.032891981303691864
v 0.003706990974023938 0.026982959359884262 0.030429000034928322
v -0.0004479999770410359 0.026968950405716896 0.028847990557551384
v 0.016206970438361168 0.02688395045697689 0.01939897984266281
v 0.002040982013568282 0.016160959377884865 0.029222959652543068
v 0.01507996954023838 0.01637697033584118 0.02904796041548252
v -0.014823970384895802 0.014663989655673504 0.030413979664444923
v -0.025256989523768425 0.02860998921096325 -0.002029954921454191
v -0.025256989523768425 0.02856599912047386 -0.002031981013715267
v -0.026189979165792465 0.028647949919104576 -0.0005750000127591193
v -0.011074960231781006 0.017382970079779625 0.027737969532608986
v -0.014890960417687893 0.015400939621031284 0.02983796037733555
v -0.015378950163722038 0.016538970172405243 0.02888995036482811
v -0.025255970656871796 0.02860998921096325 -0.002030967967584729
v -0.025256989523768425 0.02856599912047386 -0.002031981013715267
v -0.025256989523768425 0.02860998921096325 -0.002029954921454191
v -0.025654969736933708 0.026184970512986183 0.009052990935742855
v -0.024891970679163933 0.03047800064086914 0.00999599602073431
v -0.02615397982299328 0.03047800064086914 0.005957961082458496
v 0.0005999999702908099 0.016137950122356415 0.02924400009214878
v 0.002090990077704191 0.01616399921476841 0.02922498993575573
v -0.014823970384895802 0.014663989655673504 0.030413979664444923
v 0.03097200021147728 0.023843999952077866 -0.0016339420108124614
v 0.051031939685344696 0.020681969821453094 0.032395001500844955
v 0.029918959364295006 0.023815980181097984 -0.0034859769511967897
v 0.0396459586918354 0.017705969512462616 0.027433989569544792
v 0.04879897087812424 0.017277950420975685 0.02820896916091442
v 0.03955595940351486 0.017694950103759766 0.02747398056089878
v 0.028647949919104576 0.022324969992041588 -0.006020963191986084
v 0.051031939685344696 0.020681969821453094 0.032395001500844955
v 0.024243950843811035 0.02068096026778221 -0.013996950350701809
v 0.04629999026656151 0.01882999949157238 0.02412497065961361
v 0.04646496847271919 0.01874195970594883 0.024392960593104362
v 0.04628597944974899 0.018823979422450066 0.024096960201859474
v 0.032446980476379395 0.024032950401306152 0.001012980006635189
v 0.03462398052215576 0.02417599968612194 0.004886983893811703
v 0.051031939685344696 0.020681969821453094 0.032395001500844955
v 0.0020609491039067507 0.016161970794200897 0.02922396920621395
v -0.014823970384895802 0.014663989655673504 0.030413979664444923
v 0.002040982013568282 0.016160959377884865 0.029222959652543068
v 0.04376697167754173 0.018278950825333595 0.025597980245947838
v 0.04590100049972534 0.018492989242076874 0.02417795918881893
v 0.04714297875761986 0.018168980255723 0.026128940284252167
v 0.03943793848156929 0.01762896031141281 0.027526969090104103
v 0.04986095055937767 0.01571594923734665 0.02974897064268589
v 0.05009698122739792 0.015231960453093052 0.03006798028945923
v 0.024860970675945282 0.01653796061873436 0.028914980590343475
v 0.027414970099925995 0.016584990546107292 0.028761979192495346
v 0.04985499009490013 0.01506893988698721 0.030019989237189293
v 0.02379596047103405 0.02870994061231613 -0.008478999137878418
v 0.02379094995558262 0.02870994061231613 -0.008477984927594662
v 0.021712949499487877 0.0381469689309597 -0.012538960203528404
v -0.012257990427315235 0.017534969374537468 0.027526969090104103
v -0.015378950163722038 0.016538970172405243 0.02888995036482811
v -0.015944000333547592 0.017455989494919777 0.027628950774669647
v 0.017437990754842758 0.0288159791380167 -0.007844983600080013
v -0.01704495958983898 0.028804000467061996 -0.0034049740061163902
v 0.021712949499487877 0.0381469689309597 -0.012538960203528404
v -0.00929796602576971 0.027116000652313232 0.02538496069610119
v -0.008500993251800537 0.02707194909453392 0.025713980197906494
v -0.00789099931716919 0.027092989534139633 0.026796989142894745
v -0.007923959754407406 0.02703898958861828 0.02595197968184948
v -0.0031099910847842693 0.026999950408935547 0.03140097111463547
v -0.0028729429468512535 0.02700895071029663 0.03182994946837425
v -0.025314979255199432 0.026434950530529022 0.01005399040877819
v -0.025440990924835205 0.025616999715566635 0.01034598983824253
v -0.024891970679163933 0.03047800064086914 0.00999599602073431
v 0.027414970099925995 0.016584990546107292 0.028761979192495346
v 0.031631939113140106 0.016649959608912468 0.028822949156165123
v 0.04985499009490013 0.01506893988698721 0.030019989237189293
v 0.03241097182035446 0.022109979763627052 0.0004999999655410647
v 0.0368809700012207 0.021897969767451286 0.008293986320495605
v 0.051031939685344696 0.020681969821453094 0.032395001500844955
v 0.026179959997534752 0.028204970061779022 -0.00832897424697876
v 0.022003939375281334 0.038533978164196014 -0.012706990353763103
v 0.026219960302114487 0.028175950050354004 -0.008316992782056332
v 0.030825970694422722 0.02726799063384533 0.0024429550394415855
v 0.03181498870253563 0.026732979342341423 0.00888597872108221
v 0.026345960795879364 0.026582950726151466 -0.0044439430348575115
v -0.018482979387044907 0.020667970180511475 0.02371996082365513
v -0.023193949833512306 0.026710979640483856 0.01408499013632536
v -0.024210980162024498 0.02067697048187256 0.013977999798953533
v -0.007923959754407406 0.02703898958861828 0.02595197968184948
v -0.00789099931716919 0.027092989534139633 0.026796989142894745
v -0.008500993251800537 0.02707194909453392 0.025713980197906494
v -0.016724999994039536 0.018858959898352623 0.026897959411144257
v -0.017416950315237045 0.018516000360250473 0.025757959112524986
v -0.01698100008070469 0.018526969477534294 0.026984980329871178
v -0.026630990207195282 0.02322000078856945 0.007758975028991699
v -0.026555949822068214 0.023254990577697754 0.008001983165740967
v -0.02615397982299328 0.03047800064086914 0.005957961082458496
v 0.027175959199666977 0.028131959959864616 -0.007119953166693449
v 0.022003939375281334 0.038533978164196014 -0.012706990353763103
v 0.02732097916305065 0.02806699089705944 -0.006942986976355314
v -0.020628979429602623 0.027779990807175636 0.015405950136482716
v -0.023324960842728615 0.027750959619879723 0.012996969744563103
v -0.022982949391007423 0.027344999834895134 0.011660990305244923
v -0.007225989829748869 0.026999950408935547 0.026238970458507538
v 0.029918959364295006 0.023815980181097984 -0.0034859769511967897
v 0.051031939685344696 0.020681969821453094 0.032395001500844955
v 0.028230959549546242 0.023111989721655846 -0.006604969035834074
v 0.0238069798797369 0.028708990663290024 -0.008477984927594662
v 0.025214970111846924 0.028513960540294647 -0.008444963954389095
v 0.023805970326066017 0.028708990663290024 -0.008477984927594662
v 0.023805970326066017 0.028708990663290024 -0.008477984927594662
v 0.025214970111846924 0.028513960540294647 -0.008444963954389095
v 0.023805970326066017 0.028708990663290024 -0.008477984927594662
v 0.025214970111846924 0.028513960540294647 -0.008444963954389095
v 0.013500980101525784 0.027737969532608986 -0.021101949736475945
v 0.023805970326066017 0.028708990663290024 -0.008478999137878418
v 0.035992980003356934 0.024363990873098373 0.007355988025665283
v 0.04629999026656151 0.01882999949157238 0.02412497065961361
v 0.04626594856381416 0.01883297972381115 0.02406495064496994
v 0.04629999026656151 0.01882999949157238 0.02412497065961361
v 0.04628597944974899 0.018823979422450066 0.024096960201859474
v 0.04626594856381416 0.01883297972381115 0.02406495064496994
v 0.029785990715026855 0.027696959674358368 -0.0027409789618104696
v 0.027677949517965317 0.02736395038664341 -0.006555974017828703
v 0.02799694985151291 0.02865695022046566 -0.005651949904859066
v 0.017437990754842758 0.0288159791380167 -0.007844983600080013
v 0.002150951884686947 0.027999989688396454 -0.023528989404439926
v -0.0016099809436127543 0.027999989688396454 -0.023571960628032684
v 0.017791980877518654 0.02881300076842308 -0.007888971827924252
v 0.017437990754842758 0.0288159791380167 -0.007844983600080013
v 0.017796989530324936 0.028813950717449188 -0.007884979248046875
v 0.033744990825653076 0.019325969740748405 0.028746960684657097
v 0.03583097085356712 0.022026000544428825 0.028674960136413574
v 0.03583097085356712 0.016659969463944435 0.028817949816584587
v 0.021904999390244484 0.026965970173478127 0.029326969757676125
v 0.021672960370779037 0.02696800045669079 0.029505960643291473
v 0.03775094822049141 0.023302970454096794 0.027238959446549416
v 0.024243950843811035 0.02068096026778221 -0.013996950350701809
v 0.03241097182035446 0.022109979763627052 0.0004999999655410647
v 0.045983970165252686 0.018857000395655632 0.023575959727168083
v 0.04622495174407959 0.018799960613250732 0.023984959349036217
v 0.04622495174407959 0.018799960613250732 0.023984959349036217
v 0.024243950843811035 0.02068096026778221 -0.013996950350701809
v 0.04622495174407959 0.018799960613250732 0.023984959349036217
v 0.0461459681391716 0.018769970163702965 0.02385598048567772
v 0.024243950843811035 0.02068096026778221 -0.013996950350701809
v 0.023800959810614586 0.02870994061231613 -0.008477984927594662
v 0.023805970326066017 0.028708990663290024 -0.008477984927594662
v 0.0238069798797369 0.028708990663290024 -0.008477984927594662
v 0.023800959810614586 0.02870994061231613 -0.008477984927594662
v 0.02383594959974289 0.028711970895528793 -0.008441983722150326
v -0.01671897992491722 0.018861940130591393 0.02690798044204712
v -0.016732990741729736 0.018866000697016716 0.026900939643383026
v 0.03893493860960007 0.017450980842113495 0.02775496058166027
v 0.04376697167754173 0.018278950825333595 0.025597980245947838
v 0.041329968720674515 0.01794397085905075 0.026683980599045753
v 0.021074950695037842 0.02697199024260044 0.029822999611496925
v 0.012900940142571926 0.028967969119548798 0.03074299916625023
v 0.011854940094053745 0.02899998053908348 0.03125094994902611
v 0.013082980178296566 0.01849997043609619 -0.024363990873098373
v 0.031631939113140106 0.016649959608912468 0.028822949156165123
v 0.027414970099925995 0.016584990546107292 0.028761979192495346
v 0.01508294977247715 0.026984980329871178 0.030855000019073486
v 0.0188019797205925 0.026978960260748863 0.030504999682307243
v 0.011854940094053745 0.02899998053908348 0.03125094994902611
v 0.03812098130583763 0.02185099944472313 0.010465970262885094
v 0.036291949450969696 0.022091979160904884 0.007302999030798674
v 0.03462398052215576 0.02417599968612194 0.004886983893811703
v 0.036291949450969696 0.022091979160904884 0.007302999030798674
v 0.03812098130583763 0.02185099944472313 0.010465970262885094
v 0.0368809700012207 0.021897969767451286 0.008293986320495605
v 0.04626594856381416 0.01883297972381115 0.02406495064496994
v 0.04628597944974899 0.018823979422450066 0.024096960201859474
v 0.04625194892287254 0.018810980021953583 0.02403998002409935
v 0.031631939113140106 0.016649959608912468 0.028822949156165123
v 0.033744990825653076 0.019325969740748405 0.028746960684657097
v 0.03583097085356712 0.016659969463944435 0.028817949816584587
v 0.02594798058271408 0.028329959139227867 -0.008378981612622738
v 0.026124950498342514 0.028244970366358757 -0.008344948291778564
v 0.020392950624227524 0.026984980329871178 -0.016590949147939682
v -0.025314979255199432 0.026434950530529022 0.01005399040877819
v -0.025682980194687843 0.025939999148249626 0.009176968596875668
v -0.025440990924835205 0.025616999715566635 0.01034598983824253
v 0.030825970694422722 0.02726799063384533 0.0024429550394415855
v 0.02799694985151291 0.02865695022046566 -0.005651949904859066
v 0.029582969844341278 0.027728969231247902 0.009793995879590511
v 0.01909898966550827 0.026978960260748863 0.03046596050262451
v 0.0199469905346632 0.026977000758051872 0.030305979773402214
v 0.011854940094053745 0.02899998053908348 0.03125094994902611
v 0.04628597944974899 0.018823979422450066 0.024096960201859474
v 0.04646496847271919 0.01874195970594883 0.024392960593104362
v 0.04628597944974899 0.018823979422450066 0.024096960201859474
v 0.04628597944974899 0.018823979422450066 0.024096960201859474
v 0.04646496847271919 0.01874195970594883 0.024392960593104362
v 0.04625194892287254 0.018810980021953583 0.02403998002409935
v 0.04625194892287254 0.018810980021953583 0.02403998002409935
v 0.04646496847271919 0.01874195970594883 0.024392960593104362
v 0.04622495174407959 0.018799960613250732 0.023984959349036217
v 0.04626594856381416 0.01883297972381115 0.02406495064496994
v 0.04629999026656151 0.01882999949157238 0.02412497065961361
v 0.04628597944974899 0.018823979422450066 0.024096960201859474
v 0.046159978955984116 0.018841980025172234 0.02388094924390316
v 0.045983970165252686 0.018857000395655632 0.023575959727168083
v 0.051031939685344696 0.020681969821453094 0.032395001500844955
v 0.021904999390244484 0.026965970173478127 0.029326969757676125
v 0.02221398986876011 0.026962989941239357 0.029003970324993134
v 0.02186495065689087 0.02697497047483921 0.02933298982679844
v 0.02186495065689087 0.02697497047483921 0.02933298982679844
v 0.02221398986876011 0.026962989941239357 0.029003970324993134
v 0.013301960192620754 0.02895498089492321 0.03046094998717308
v -0.02574794925749302 0.024966949597001076 0.009700953029096127
v -0.025682980194687843 0.025939999148249626 0.009176968596875668
v -0.025967950001358986 0.02632194012403488 0.007796943187713623
v -0.026555949822068214 0.023254990577697754 0.008001983165740967
v -0.026141999289393425 0.02413100004196167 0.008871971629559994
v 0.02024495042860508 0.026975980028510094 0.03018397092819214
v 0.021074950695037842 0.02697199024260044 0.029822999611496925
v 0.011854940094053745 0.02899998053908348 0.03125094994902611
v -0.014139950275421143 0.017718970775604248 0.027095969766378403
v -0.014172970317304134 0.017730949446558952 0.027114979922771454
v -0.01670295000076294 0.018041960895061493 0.026644999161362648
v 0.0199469905346632 0.026977000758051872 0.030305979773402214
v 0.02024495042860508 0.026975980028510094 0.03018397092819214
v 0.011854940094053745 0.02899998053908348 0.03125094994902611
v 0.01414697989821434 0.026985999196767807 0.03086996078491211
v 0.011854940094053745 0.02899998053908348 0.03125094994902611
v 0.01009397953748703 0.026986949145793915 0.0309369508177042
v -0.020628979429602623 0.027779990807175636 0.015405950136482716
v -0.010511989705264568 0.027351969853043556 0.02479696087539196
v -0.010074970312416553 0.027947960421442986 0.024648960679769516
v -0.024707969278097153 0.02567696012556553 0.011976949870586395
v -0.023799950256943703 0.0248369500041008 0.013740950264036655
v -0.023581979796290398 0.026854990050196648 0.013614949770271778
v 0.0063249459490180016 0.026985999196767807 0.030836990103125572
v -0.0024989841040223837 0.016249949112534523 0.029142970219254494
v 0.00688397791236639 0.026986949145793915 0.030918000265955925
v 0.026124950498342514 0.028244970366358757 -0.008344948291778564
v 0.026179959997534752 0.028204970061779022 -0.00832897424697876
v -0.01671897992491722 0.018861940130591393 0.02690798044204712
v -0.007225989829748869 0.026999950408935547 0.026238970458507538
v -0.007923959754407406 0.02703898958861828 0.02595197968184948
v -0.01698100008070469 0.018526969477534294 0.026984980329871178
v -0.01671897992491722 0.018861940130591393 0.02690798044204712
v -0.016732990741729736 0.018866000697016716 0.026900939643383026
v -0.01906495913863182 0.027737969532608986 -0.016251979395747185
v -0.026189979165792465 0.028647949919104576 -0.0005750000127591193
v -0.025256989523768425 0.02860998921096325 -0.002029954921454191
v 0.03075695037841797 0.026848969981074333 0.018523989245295525
v 0.03858596086502075 0.023302970454096794 0.026326950639486313
v 0.03890395164489746 0.023302970454096794 0.025559959933161736
v 0.00688397791236639 0.026986949145793915 0.030918000265955925
v 0.0005999999702908099 0.016137950122356415 0.02924400009214878
v 0.007383942138403654 0.026986949145793915 0.0309369508177042
v 0.02799694985151291 0.02865695022046566 -0.005651949904859066
v 0.02732097916305065 0.02806699089705944 -0.006942986976355314
v 0.027175959199666977 0.028131959959864616 -0.007119953166693449
v 0.0188019797205925 0.026978960260748863 0.030504999682307243
v 0.01909898966550827 0.026978960260748863 0.03046596050262451
v 0.011854940094053745 0.02899998053908348 0.03125094994902611
v -0.01748698018491268 0.028804000467061996 -0.003346978919580579
v -0.0174859706312418 0.028804000467061996 -0.003347991965711117
v -0.01744496077299118 0.028804000467061996 -0.003353952895849943
v -0.015138980001211166 0.017835969105362892 0.026732979342341423
v -0.014139950275421143 0.017718970775604248 0.027095969766378403
v -0.01670295000076294 0.018041960895061493 0.026644999161362648
v 0.031631939113140106 0.016649959608912468 0.028822949156165123
v 0.033744990825653076 0.019325969740748405 0.028746960684657097
v 0.03583097085356712 0.022026000544428825 0.028674960136413574
v 0.023805970326066017 0.028708990663290024 -0.008477984927594662
v 0.023805970326066017 0.028708990663290024 -0.008478999137878418
v 0.025214970111846924 0.028513960540294647 -0.008444963954389095
v 0.023805970326066017 0.028708990663290024 -0.008477984927594662
v 0.02379596047103405 0.02870994061231613 -0.008477984927594662
v -0.005546987056732178 0.01667100004851818 0.028718940913677216
v -0.010674949735403061 0.01730399951338768 0.027767950668931007
v -0.013893960043787956 0.017696969211101532 0.027166960760951042
v 0.031401991844177246 0.026807960122823715 0.015053980052471161
v 0.029582969844341278 0.027728969231247902 0.009793995879590511
v 0.03079896979033947 0.026999950408935547 0.017605960369110107
v -0.01748698018491268 0.028804000467061996 -0.003346978919580579
v -0.0174859706312418 0.028804000467061996 -0.003347991965711117
v -0.02404797077178955 0.028756970539689064 -0.0024839630350470543
v -0.0174859706312418 0.028804000467061996 -0.003347991965711117
v -0.0053289528004825115 0.027999989688396454 -0.02301800064742565
v -0.02404797077178955 0.028756970539689064 -0.0024839630350470543
v 0.04376697167754173 0.018278950825333595 0.025597980245947838
v 0.04590100049972534 0.018492989242076874 0.02417795918881893
v 0.04646496847271919 0.01874195970594883 0.024392960593104362
v 0.02799694985151291 0.02865695022046566 -0.005651949904859066
v 0.02735297940671444 0.028003990650177002 -0.0069089531898498535
v 0.02732097916305065 0.02806699089705944 -0.006942986976355314
v -0.01704495958983898 0.028804000467061996 -0.0034049740061163902
v 0.017437990754842758 0.0288159791380167 -0.007844983600080013
v -0.0016099809436127543 0.027999989688396454 -0.023571960628032684
v 0.025382990017533302 0.028490960597991943 -0.00843799114227295
v 0.016678979620337486 0.027737969532608986 -0.018692970275878906
v 0.013500980101525784 0.027737969532608986 -0.021101949736475945
v -0.01671897992491722 0.018861940130591393 0.02690798044204712
v -0.01698100008070469 0.018526969477534294 0.026984980329871178
v -0.013089950196444988 0.020659979432821274 0.032891981303691864
v -0.01704495958983898 0.028804000467061996 -0.0034049740061163902
v -0.0053289528004825115 0.027999989688396454 -0.02301800064742565
v -0.0174859706312418 0.028804000467061996 -0.003347991965711117
v 0.01009397953748703 0.026986949145793915 0.0309369508177042
v 0.007383942138403654 0.026986949145793915 0.0309369508177042
v 0.0005999999702908099 0.016137950122356415 0.02924400009214878
v -0.020628979429602623 0.027779990807175636 0.015405950136482716
v -0.023324960842728615 0.027750959619879723 0.012996969744563103
v -0.02426695078611374 0.02772199921309948 0.012219959869980812
v 0.04629999026656151 0.01882999949157238 0.02412497065961361
v 0.035992980003356934 0.024363990873098373 0.007355988025665283
v 0.03890395164489746 0.023302970454096794 0.025559959933161736
v 0.03075695037841797 0.026848969981074333 0.018523989245295525
v 0.02221398986876011 0.026962989941239357 0.029003970324993134
v 0.03858596086502075 0.023302970454096794 0.026326950639486313
v 0.0368809700012207 0.021897969767451286 0.008293986320495605
v 0.045983970165252686 0.018857000395655632 0.023575959727168083
v 0.03241097182035446 0.022109979763627052 0.0004999999655410647
v 0.04622495174407959 0.018799960613250732 0.023984959349036217
v 0.04618996009230614 0.01883196085691452 0.02393198013305664
v 0.03097200021147728 0.023843999952077866 -0.0016339420108124614
v 0.029918959364295006 0.023815980181097984 -0.0034859769511967897
v 0.03097200021147728 0.023843999952077866 -0.0016339420108124614
v 0.003706990974023938 0.026982959359884262 0.030429000034928322
v 0.0063249459490180016 0.026985999196767807 0.030836990103125572
v 0.008642970584332943 0.02899998053908348 0.03125094994902611
v 0.027175959199666977 0.028131959959864616 -0.007119953166693449
v 0.026945939287543297 0.028228990733623505 -0.007399975787848234
v 0.02799694985151291 0.02865695022046566 -0.005651949904859066
v 0.02186495065689087 0.02697497047483921 0.02933298982679844
v 0.021904999390244484 0.026965970173478127 0.029326969757676125
v 0.021672960370779037 0.02696800045669079 0.029505960643291473
v 0.01840895041823387 0.0244559608399868 -0.02055995911359787
v 0.018543949350714684 0.023000000044703484 -0.02066195011138916
v 0.015064950101077557 0.023000000044703484 -0.023320969194173813
v 0.028230959549546242 0.023111989721655846 -0.006604969035834074
v 0.024243950843811035 0.02068096026778221 -0.013996950350701809
v 0.02469599060714245 0.0244559608399868 -0.012427980080246925
v 0.03583097085356712 0.022026000544428825 0.028674960136413574
v 0.0368499718606472 0.022026000544428825 0.02854095958173275
v 0.01909898966550827 0.026978960260748863 0.03046596050262451
v 0.0368499718606472 0.022026000544428825 0.02854095958173275
v 0.0367959700524807 0.022764980792999268 0.028337949886918068
v 0.0199469905346632 0.026977000758051872 0.030305979773402214
v -0.01698100008070469 0.018526969477534294 0.026984980329871178
v -0.023799950256943703 0.0248369500041008 0.013740950264036655
v -0.023799950256943703 0.0248369500041008 0.013740950264036655
v -0.024707969278097153 0.02567696012556553 0.011976949870586395
v 0.0367959700524807 0.022764980792999268 0.028337949886918068
v 0.03769499063491821 0.022764980792999268 0.027965959161520004
v 0.02024495042860508 0.026975980028510094 0.03018397092819214
v 0.011209960095584393 0.023000000044703484 -0.02539896033704281
v 0.013267990201711655 0.018782969564199448 -0.024707969278097153
v 0.008478999137878418 0.018727950751781464 -0.02665298990905285
v 0.03769499063491821 0.022764980792999268 0.027965959161520004
v 0.03775094822049141 0.023302970454096794 0.027238959446549416
v 0.021074950695037842 0.02697199024260044 0.029822999611496925
v -0.024698970839381218 0.027999989688396454 0.01085096038877964
v -0.02426695078611374 0.02772199921309948 0.012219959869980812
v -0.023324960842728615 0.027750959619879723 0.012996969744563103
v -0.023324960842728615 0.027750959619879723 0.012996969744563103
v -0.020628979429602623 0.027779990807175636 0.015405950136482716
v -0.024698970839381218 0.027999989688396454 0.01085096038877964
v 0.007076978217810392 0.023000000044703484 -0.026845989748835564
v 0.008478999137878418 0.018727950751781464 -0.02665298990905285
v 0.0034369819331914186 0.018727950751781464 -0.027756979689002037
v -0.005546987056732178 0.01667100004851818 0.028718940913677216
v 0.0063249459490180016 0.026985999196767807 0.030836990103125572
v 0.003706990974023938 0.026982959359884262 0.030429000034928322
v -0.0102079501375556 0.0244559608399868 -0.025626949965953827
v -0.006225943099707365 0.0244559608399868 -0.026889970526099205
v -0.006854950916022062 0.018858959898352623 -0.0272559504956007
v 0.008642970584332943 0.02899998053908348 0.03125094994902611
v -0.010074970312416553 0.027947960421442986 0.024648960679769516
v -0.0023699989542365074 0.026961980387568474 0.028115980327129364
v -0.010074970312416553 0.027947960421442986 0.024648960679769516
v -0.010511989705264568 0.027351969853043556 0.02479696087539196
v -0.00929796602576971 0.027116000652313232 0.02538496069610119
v -0.008500993251800537 0.02707194909453392 0.025713980197906494
v -0.010074970312416553 0.027947960421442986 0.024648960679769516
v -0.00929796602576971 0.027116000652313232 0.02538496069610119
v -0.008500993251800537 0.02707194909453392 0.025713980197906494
v -0.007923959754407406 0.02703898958861828 0.02595197968184948
v -0.010074970312416553 0.027947960421442986 0.024648960679769516
v -0.007923959754407406 0.02703898958861828 0.02595197968184948
v -0.007225989829748869 0.026999950408935547 0.026238970458507538
v -0.010074970312416553 0.027947960421442986 0.024648960679769516
v -0.010074970312416553 0.027947960421442986 0.024648960679769516
v -0.007225989829748869 0.026999950408935547 0.026238970458507538
v -0.0023699989542365074 0.026961980387568474 0.028115980327129364
v -0.0023699989542365074 0.026961980387568474 0.028115980327129364
v -0.0004479999770410359 0.026968950405716896 0.028847990557551384
v 0.008642970584332943 0.02899998053908348 0.03125094994902611
v 0.0367959700524807 0.022764980792999268 0.028337949886918068
v 0.0368499718606472 0.022026000544428825 0.02854095958173275
v 0.03779995068907738 0.022026000544428825 0.028146980330348015
v 0.028230959549546242 0.023111989721655846 -0.006604969035834074
v 0.03241097182035446 0.022109979763627052 0.0004999999655410647
v 0.028647949919104576 0.022324969992041588 -0.006020963191986084
v -0.024707969278097153 0.02567696012556553 0.011976949870586395
v -0.02426695078611374 0.02772199921309948 0.012219959869980812
v -0.024698970839381218 0.027999989688396454 0.01085096038877964
v 0.02433698996901512 0.018848950043320656 -0.01405095960944891
v 0.024243950843811035 0.02068096026778221 -0.013996950350701809
v 0.04614394158124924 0.01876896061003208 0.02385300025343895
v 0.036291949450969696 0.022091979160904884 0.007302999030798674
v 0.0368809700012207 0.021897969767451286 0.008293986320495605
v 0.03241097182035446 0.022109979763627052 0.0004999999655410647
v 0.03097200021147728 0.023843999952077866 -0.0016339420108124614
v 0.027677949517965317 0.02736395038664341 -0.006555974017828703
v 0.03462398052215576 0.02417599968612194 0.004886983893811703
v 0.032446980476379395 0.024032950401306152 0.001012980006635189
v 0.029785990715026855 0.027696959674358368 -0.0027409789618104696
v 0.035992980003356934 0.024363990873098373 0.007355988025665283
v 0.03462398052215576 0.02417599968612194 0.004886983893811703
v 0.030825970694422722 0.02726799063384533 0.0024429550394415855
v 0.029937980696558952 0.027617989107966423 -0.0024149410892277956
v 0.029785990715026855 0.027696959674358368 -0.0027409789618104696
v 0.03794794902205467 0.017281940206885338 0.028194960206747055
v -0.0016099809436127543 0.027999989688396454 -0.023571960628032684
v 0.03861600160598755 0.017383990809321404 0.02785700000822544
v 0.04590100049972534 0.018492989242076874 0.02417795918881893
v 0.03893493860960007 0.017450980842113495 0.02775496058166027
v 0.04590100049972534 0.018492989242076874 0.02417795918881893
v 0.04376697167754173 0.018278950825333595 0.025597980245947838
v 0.03893493860960007 0.017450980842113495 0.02775496058166027
v 0.04376697167754173 0.018278950825333595 0.025597980245947838
v 0.04646496847271919 0.01874195970594883 0.024392960593104362
v 0.03779995068907738 0.022026000544428825 0.028146980330348015
v 0.03779995068907738 0.022026000544428825 0.028146980330348015
v 0.03794794902205467 0.017281940206885338 0.028194960206747055
v 0.03893493860960007 0.017450980842113495 0.02775496058166027
v 0.03893493860960007 0.017450980842113495 0.02775496058166027
v 0.03943793848156929 0.017620980739593506 0.027527980506420135
v 0.03943793848156929 0.01762896031141281 0.027526969090104103
v 0.03893493860960007 0.017450980842113495 0.02775496058166027
v 0.03943793848156929 0.01762896031141281 0.027526969090104103
v 0.039452970027923584 0.017641959711909294 0.027520950883626938
v 0.04229997843503952 0.01826298050582409 0.02624695934355259
v 0.04376697167754173 0.018278950825333595 0.025597980245947838
v 0.03779995068907738 0.022026000544428825 0.028146980330348015
v 0.041857000440359116 0.018224000930786133 0.026443950831890106
v 0.04229997843503952 0.01826298050582409 0.02624695934355259
v 0.03779995068907738 0.022026000544428825 0.028146980330348015
v 0.03779995068907738 0.022026000544428825 0.028146980330348015
v 0.03893493860960007 0.017450980842113495 0.02775496058166027
v 0.039452970027923584 0.017641959711909294 0.027520950883626938
v 0.03779995068907738 0.022026000544428825 0.028146980330348015
v 0.039452970027923584 0.017641959711909294 0.027520950883626938
v 0.03951799124479294 0.017675990238785744 0.027490969747304916
v 0.04157298058271408 0.018137989565730095 0.026570970192551613
v 0.041857000440359116 0.018224000930786133 0.026443950831890106
v 0.03779995068907738 0.022026000544428825 0.028146980330348015
v 0.0396459586918354 0.017705969512462616 0.027433989569544792
v 0.041329968720674515 0.01794397085905075 0.026683980599045753
v 0.04157298058271408 0.018137989565730095 0.026570970192551613
v 0.03779995068907738 0.022026000544428825 0.028146980330348015
v 0.03951799124479294 0.017675990238785744 0.027490969747304916
v 0.03955595940351486 0.017694950103759766 0.02747398056089878
v 0.03955595940351486 0.017694950103759766 0.02747398056089878
v 0.0396459586918354 0.017705969512462616 0.027433989569544792
v 0.03779995068907738 0.022026000544428825 0.028146980330348015
v -0.005358994007110596 0.02899998053908348 0.018379980698227882
v 0.020549949258565903 0.02899998053908348 0.0009939998853951693
v 0.019727999344468117 0.028913969174027443 -0.005953967105597258
v -0.026778990402817726 0.0244559608399868 -0.006578980945050716
v -0.026669969782233238 0.025586960837244987 -0.005835949908941984
v -0.025165969505906105 0.025840990245342255 -0.010262959636747837
v 0.018093999475240707 0.025840990245342255 -0.020278990268707275
v 0.017502959817647934 0.026984980329871178 -0.019615940749645233
v 0.020392950624227524 0.026984980329871178 -0.016590949147939682
v -0.015977969393134117 0.01849997043609619 -0.022571979090571404
v 0.0005999999702908099 0.016137950122356415 0.02924400009214878
v -0.0024989841040223837 0.016249949112534523 0.029142970219254494
v 0.016678979620337486 0.027737969532608986 -0.018692970275878906
v 0.017502959817647934 0.026984980329871178 -0.019615940749645233
v 0.014168970286846161 0.026984980329871178 -0.022144969552755356
v -0.026964960619807243 0.02779597043991089 0.000195999993593432
v -0.02706599049270153 0.027011990547180176 -0.0010029670083895326
v -0.027424989268183708 0.0259319506585598 -0.00034100000630132854
v 0.009414969943463802 0.027999989688396454 -0.02167098969221115
v 0.01273399032652378 0.027999989688396454 -0.01990199089050293
v 0.013500980101525784 0.027737969532608986 -0.021101949736475945
v 0.019727999344468117 0.028913969174027443 -0.005953967105597258
v 0.017437990754842758 0.0288159791380167 -0.007844983600080013
v -0.01704495958983898 0.028804000467061996 -0.0034049740061163902
v 0.017796989530324936 0.028813950717449188 -0.007884979248046875
v 0.019727999344468117 0.028913969174027443 -0.005953967105597258
v 0.00585698988288641 0.027999989688396454 -0.022889969870448112
v 0.00585698988288641 0.027999989688396454 -0.022889969870448112
v 0.002150951884686947 0.027999989688396454 -0.023528989404439926
v 0.017796989530324936 0.028813950717449188 -0.007884979248046875
v -0.012272950261831284 0.027999989688396454 -0.020190000534057617
v -0.008913992904126644 0.027999989688396454 -0.02188098058104515
v -0.009451985359191895 0.027737969532608986 -0.023200979456305504
v 0.02379094995558262 0.02870994061231613 -0.008477984927594662
v 0.019727999344468117 0.028913969174027443 -0.005953967105597258
v 0.02383594959974289 0.028711970895528793 -0.008441983722150326
v 0.02379094995558262 0.02870994061231613 -0.008477984927594662
v 0.02379094995558262 0.02870994061231613 -0.008477984927594662
v 0.00585698988288641 0.027999989688396454 -0.022889969870448112
v 0.018110990524291992 0.028806980699300766 -0.007927954196929932
v 0.02379094995558262 0.02870994061231613 -0.008477984927594662
v 0.02383594959974289 0.028711970895528793 -0.008441983722150326
v 0.02379596047103405 0.02870994061231613 -0.008477984927594662
v 0.02379596047103405 0.02870994061231613 -0.008477984927594662
v 0.009414969943463802 0.027999989688396454 -0.02167098969221115
v 0.00585698988288641 0.027999989688396454 -0.022889969870448112
v 0.02379094995558262 0.02870994061231613 -0.008477984927594662
v 0.02379596047103405 0.02870994061231613 -0.008477984927594662
v 0.00585698988288641 0.027999989688396454 -0.022889969870448112
v 0.013500980101525784 0.027737969532608986 -0.021101949736475945
v 0.014168970286846161 0.026984980329871178 -0.022144969552755356
v 0.010474969632923603 0.026984980329871178 -0.024111980572342873
v 0.00620996905490756 0.027737969532608986 -0.024269990622997284
v 0.013500980101525784 0.027737969532608986 -0.021101949736475945
v 0.01273399032652378 0.027999989688396454 -0.01990199089050293
v 0.02379596047103405 0.028708990663290024 -0.008482991717755795
v 0.02379596047103405 0.028708990663290024 -0.008482991717755795
v 0.023800959810614586 0.02870994061231613 -0.008478999137878418
v 0.023805970326066017 0.028708990663290024 -0.008478999137878418
v 0.014932990074157715 0.0244559608399868 -0.023205989971756935
v 0.015064950101077557 0.023000000044703484 -0.023320969194173813
v 0.011209960095584393 0.023000000044703484 -0.02539896033704281
v 0.0238069798797369 0.028708990663290024 -0.008477984927594662
v 0.02383594959974289 0.028711970895528793 -0.008441983722150326
v 0.025214970111846924 0.028513960540294647 -0.008444963954389095
v 0.02383594959974289 0.028711970895528793 -0.008441983722150326
v 0.02799694985151291 0.02865695022046566 -0.005651949904859066
v 0.025214970111846924 0.028513960540294647 -0.008444963954389095
v 0.006516993045806885 0.026984980329871178 -0.02546899951994419
v 0.0023929469753056765 0.026984980329871178 -0.02618098072707653
v 0.002280950080603361 0.027737969532608986 -0.02494800090789795
v 0.017502959817647934 0.026984980329871178 -0.019615940749645233
v 0.016678979620337486 0.027737969532608986 -0.018692970275878906
v 0.025586960837244987 0.028460970148444176 -0.00842898990958929
v 0.025586960837244987 0.028460970148444176 -0.00842898990958929
v 0.02799694985151291 0.02865695022046566 -0.005651949904859066
v 0.02594798058271408 0.028329959139227867 -0.008378981612622738
v 0.02799694985151291 0.02865695022046566 -0.005651949904859066
v 0.026124950498342514 0.028244970366358757 -0.008344948291778564
v 0.010474969632923603 0.026984980329871178 -0.024111980572342873
v 0.010829979553818703 0.025840990245342255 -0.02492797002196312
v 0.006736992858350277 0.025840990245342255 -0.026329990476369858
v -0.021004969254136086 0.0244559608399868 -0.01790595054626465
v -0.020810959860682487 0.023000000044703484 -0.01837599091231823
v -0.023441970348358154 0.023000000044703484 -0.014875940047204494
v -0.016970990225672722 0.018278000876307487 0.02688198909163475
v -0.01670295000076294 0.018041960895061493 0.026644999161362648
v -0.014172970317304134 0.017730949446558952 0.027114979922771454
v -0.014172970317304134 0.017730949446558952 0.027114979922771454
v -0.013893960043787956 0.017696969211101532 0.027166960760951042
v -0.013561960309743881 0.01767200045287609 0.027251949533820152
v -0.013561960309743881 0.01767200045287609 0.027251949533820152
v -0.011074960231781006 0.017382970079779625 0.027737969532608986
v -0.010674949735403061 0.01730399951338768 0.027767950668931007
v -0.005546987056732178 0.01667100004851818 0.028718940913677216
v -0.016970990225672722 0.018278000876307487 0.02688198909163475
v -0.013561960309743881 0.01767200045287609 0.027251949533820152
v -0.012257990427315235 0.017534969374537468 0.027526969090104103
v -0.011074960231781006 0.017382970079779625 0.027737969532608986
v -0.005546987056732178 0.01667100004851818 0.028718940913677216
v -0.016970990225672722 0.018278000876307487 0.02688198909163475
v -0.017663000151515007 0.023000000044703484 -0.02142000012099743
v -0.016029000282287598 0.022351980209350586 -0.02264999970793724
v -0.0162039902061224 0.018782969564199448 -0.022889969870448112
v -0.020810959860682487 0.023000000044703484 -0.01837599091231823
v -0.017897959798574448 0.0244559608399868 -0.021011939272284508
v -0.017663000151515007 0.023000000044703484 -0.02142000012099743
v -0.027303989976644516 0.026759980246424675 0.0010509489802643657
v -0.02708297036588192 0.027813969179987907 0.0024029610212892294
v -0.026778990402817726 0.028774969279766083 0.001337944995611906
v -0.016970990225672722 0.018278000876307487 0.02688198909163475
v -0.01698100008070469 0.018526969477534294 0.026984980329871178
v -0.024210980162024498 0.02067697048187256 0.013977999798953533
v 0.0027679800987243652 0.023000000044703484 -0.027624959126114845
v 0.0034369819331914186 0.018727950751781464 -0.027756979689002037
v -0.0017329449765384197 0.019043980166316032 -0.028099950402975082
v -0.001791000016964972 0.026984980329871178 -0.02622896060347557
v -0.0018519749864935875 0.025840990245342255 -0.027114979922771454
v -0.0061299800872802734 0.025840990245342255 -0.026477990671992302
v 0.021300969645380974 0.018792979419231415 -0.018248969689011574
v 0.017534969374537468 0.018727950751781464 -0.02178996056318283
v 0.018543949350714684 0.023000000044703484 -0.02066195011138916
v -0.02722894959151745 0.024595970287919044 -0.004415987990796566
v 0.02221398986876011 0.026962989941239357 0.029003970324993134
v 0.021904999390244484 0.026965970173478127 0.029326969757676125
v 0.03775094822049141 0.023302970454096794 0.027238959446549416
v 0.013301960192620754 0.02895498089492321 0.03046094998717308
v 0.012900940142571926 0.028967969119548798 0.03074299916625023
v 0.021672960370779037 0.02696800045669079 0.029505960643291473
v 0.030422979965806007 0.026999950408935547 0.01819097064435482
v 0.013301960192620754 0.02895498089492321 0.03046094998717308
v 0.02221398986876011 0.026962989941239357 0.029003970324993134
v 0.03890395164489746 0.023302970454096794 0.025559959933161736
v 0.03157097101211548 0.026784950867295265 0.013156949542462826
v 0.031401991844177246 0.026807960122823715 0.015053980052471161
v 0.03890395164489746 0.023302970454096794 0.025559959933161736
v 0.030825970694422722 0.02726799063384533 0.0024429550394415855
v 0.03181498870253563 0.026732979342341423 0.00888597872108221
v 0.023902950808405876 0.0244559608399868 -0.013800970278680325
v 0.02142398990690708 0.0244559608399868 -0.01739995926618576
v 0.027175959199666977 0.028131959959864616 -0.007119953166693449
v 0.02732097916305065 0.02806699089705944 -0.006942986976355314
v 0.02799694985151291 0.02865695022046566 -0.005651949904859066
v 0.023902950808405876 0.0244559608399868 -0.013800970278680325
v 0.02142398990690708 0.0244559608399868 -0.01739995926618576
v 0.021082989871501923 0.025840990245342255 -0.017151949927210808
v 0.026945939287543297 0.028228990733623505 -0.007399975787848234
v 0.026945939287543297 0.028228990733623505 -0.007399975787848234
v 0.021082989871501923 0.025840990245342255 -0.017151949927210808
v 0.026124950498342514 0.028244970366358757 -0.008344948291778564
v 0.020392950624227524 0.026984980329871178 -0.016590949147939682
v 0.026124950498342514 0.028244970366358757 -0.008344948291778564
v 0.026945939287543297 0.028228990733623505 -0.007399975787848234
v -0.02426695078611374 0.02772199921309948 0.012219959869980812
v -0.023581979796290398 0.026854990050196648 0.013614949770271778
v -0.023578999564051628 0.02685396932065487 0.01361398957669735
v -0.023193949833512306 0.026710979640483856 0.01408499013632536
v -0.018482979387044907 0.020667970180511475 0.02371996082365513
v -0.020628979429602623 0.027779990807175636 0.015405950136482716
v -0.018482979387044907 0.020667970180511475 0.02371996082365513
v -0.017125960439443588 0.019190959632396698 0.026256969198584557
v -0.010511989705264568 0.027351969853043556 0.02479696087539196
v -0.02426695078611374 0.02772199921309948 0.012219959869980812
v -0.023578999564051628 0.02685396932065487 0.01361398957669735
v -0.020628979429602623 0.027779990807175636 0.015405950136482716
v -0.023578999564051628 0.02685396932065487 0.01361398957669735
v -0.023193949833512306 0.026710979640483856 0.01408499013632536
v -0.020628979429602623 0.027779990807175636 0.015405950136482716
v -0.010511989705264568 0.027351969853043556 0.02479696087539196
v -0.020628979429602623 0.027779990807175636 0.015405950136482716
v -0.018482979387044907 0.020667970180511475 0.02371996082365513
v -0.01915496028959751 0.028913969174027443 -0.0006489999359473586
v -0.026778990402817726 0.028774969279766083 0.001337944995611906
v -0.008016943000257015 0.02899998053908348 0.02049398049712181
v 0.02112697996199131 0.022351980209350586 -0.018099959939718246
v 0.018543949350714684 0.023000000044703484 -0.02066195011138916
v 0.01840895041823387 0.0244559608399868 -0.02055995911359787
v 0.023902950808405876 0.0244559608399868 -0.013800970278680325
v 0.024243950843811035 0.02068096026778221 -0.013996950350701809
v 0.02132898010313511 0.022662989795207977 -0.017796989530324936
v -0.01670295000076294 0.018041960895061493 0.026644999161362648
v -0.016970990225672722 0.018278000876307487 0.02688198909163475
v -0.02433997020125389 0.018866950646042824 0.01405297964811325
v -0.024698970839381218 0.027999989688396454 0.01085096038877964
v -0.02708297036588192 0.027813969179987907 0.0024029610212892294
v -0.025967950001358986 0.02632194012403488 0.007796943187713623
v -0.025967950001358986 0.02632194012403488 0.007796943187713623
v -0.025682980194687843 0.025939999148249626 0.009176968596875668
v -0.025654969736933708 0.026184970512986183 0.009052990935742855
v -0.025314979255199432 0.026434950530529022 0.01005399040877819
v -0.025440990924835205 0.025616999715566635 0.01034598983824253
v -0.024698970839381218 0.027999989688396454 0.01085096038877964
v -0.025967950001358986 0.02632194012403488 0.007796943187713623
v -0.025654969736933708 0.026184970512986183 0.009052990935742855
v -0.024698970839381218 0.027999989688396454 0.01085096038877964
v 0.002280950080603361 0.027737969532608986 -0.02494800090789795
v -0.02705799974501133 0.026146940886974335 -0.0029189579654484987
v -0.026917990297079086 0.025757959112524986 -0.004386960994452238
v -0.027283959090709686 0.024664990603923798 -0.004008947871625423
v -0.025419950485229492 0.0244559608399868 -0.010695990175008774
v -0.025509949773550034 0.022729989141225815 -0.01092499028891325
v -0.026901960372924805 0.023000000044703484 -0.006859958171844482
v -0.005358994007110596 0.02899998053908348 0.018379980698227882
v 0.006445943843573332 0.029004989191889763 0.030353959649801254
v 0.023005960509181023 0.02899998053908348 0.00875699520111084
v -0.026189979165792465 0.028647949919104576 -0.0005750000127591193
v -0.02404797077178955 0.028756970539689064 -0.0024839630350470543
v -0.025255970656871796 0.02860998921096325 -0.002030967967584729
v 0.02379596047103405 0.02870994061231613 -0.008477984927594662
v 0.02383594959974289 0.028711970895528793 -0.008441983722150326
v 0.023800959810614586 0.02870994061231613 -0.008477984927594662
v 0.023800959810614586 0.02870994061231613 -0.008477984927594662
v 0.023800959810614586 0.02870994061231613 -0.008477984927594662
v 0.009414969943463802 0.027999989688396454 -0.02167098969221115
v 0.023800959810614586 0.02870994061231613 -0.008477984927594662
v 0.023800959810614586 0.02870994061231613 -0.008478999137878418
v 0.009414969943463802 0.027999989688396454 -0.02167098969221115
v 0.02379596047103405 0.028708990663290024 -0.008482991717755795
v 0.01273399032652378 0.027999989688396454 -0.01990199089050293
v 0.009414969943463802 0.027999989688396454 -0.02167098969221115
v 0.02379596047103405 0.02870994061231613 -0.008477984927594662
v 0.023800959810614586 0.02870994061231613 -0.008477984927594662
v 0.009414969943463802 0.027999989688396454 -0.02167098969221115
v 0.023800959810614586 0.02870994061231613 -0.008478999137878418
v 0.02379596047103405 0.028708990663290024 -0.008482991717755795
v 0.009414969943463802 0.027999989688396454 -0.02167098969221115
v -0.026555949822068214 0.023254990577697754 0.008001983165740967
v -0.026159999892115593 0.02379298023879528 0.009033977054059505
v -0.026141999289393425 0.02413100004196167 0.008871971629559994
v -0.026159999892115593 0.02379298023879528 0.009033977054059505
v -0.025440990924835205 0.025616999715566635 0.01034598983824253
v -0.02574794925749302 0.024966949597001076 0.009700953029096127
v -0.026141999289393425 0.02413100004196167 0.008871971629559994
v -0.026159999892115593 0.02379298023879528 0.009033977054059505
v -0.02574794925749302 0.024966949597001076 0.009700953029096127
v -0.02434295043349266 0.026984980329871178 -0.009927988052368164
v -0.022458970546722412 0.026984980329871178 -0.01366495992988348
v -0.023218980059027672 0.025840990245342255 -0.014125999994575977
v -0.005929945968091488 0.026984980329871178 -0.025611989200115204
v -0.0061299800872802734 0.025840990245342255 -0.026477990671992302
v -0.010253960266709328 0.025840990245342255 -0.025169959291815758
v -0.008913992904126644 0.027999989688396454 -0.02188098058104515
v -0.0053289528004825115 0.027999989688396454 -0.02301800064742565
v -0.005650997161865234 0.027737969532608986 -0.0244059506803751
v -0.020682990550994873 0.025840990245342255 -0.017630990594625473
v -0.021004969254136086 0.0244559608399868 -0.01790595054626465
v -0.023396959528326988 0.0244559608399868 -0.014598960056900978
v -0.022233959287405014 0.02256995067000389 -0.016542969271540642
v -0.020810959860682487 0.023000000044703484 -0.01837599091231823
v -0.02017693966627121 0.018858959898352623 -0.01956396922469139
v -0.027702979743480682 0.023000000044703484 0.0018339749658480287
v -0.028139939531683922 0.019043980166316032 -0.0008669999660924077
v -0.027637949213385582 0.018727950751781464 0.00428998377174139
v -0.02704297937452793 0.023000000044703484 0.006278990767896175
v -0.02739495038986206 0.022351980209350586 0.004250943195074797
v -0.027637949213385582 0.018727950751781464 0.00428998377174139
v 0.024860970675945282 0.01653796061873436 0.028914980590343475
v 0.031631939113140106 0.016649959608912468 0.028822949156165123
v 0.01508294977247715 0.026984980329871178 0.030855000019073486
v 0.01508294977247715 0.026984980329871178 0.030855000019073486
v 0.01414697989821434 0.026985999196767807 0.03086996078491211
v 0.023453950881958008 0.01651597023010254 0.02893495000898838
v 0.01414697989821434 0.026985999196767807 0.03086996078491211
v 0.01009397953748703 0.026986949145793915 0.0309369508177042
v 0.023453950881958008 0.01651597023010254 0.02893495000898838
v 0.01009397953748703 0.026986949145793915 0.0309369508177042
v 0.0005999999702908099 0.016137950122356415 0.02924400009214878
v 0.023453950881958008 0.01651597023010254 0.02893495000898838
v 0.008642970584332943 0.02899998053908348 0.03125094994902611
v 0.007383942138403654 0.026986949145793915 0.0309369508177042
v 0.01009397953748703 0.026986949145793915 0.0309369508177042
v 0.019727999344468117 0.028913969174027443 -0.005953967105597258
v 0.020549949258565903 0.02899998053908348 0.0009939998853951693
v 0.02799694985151291 0.02865695022046566 -0.005651949904859066
v 0.010997950099408627 0.0244559608399868 -0.025314979255199432
v 0.002473949920386076 0.025840990245342255 -0.027064969763159752
v -0.023441970348358154 0.023000000044703484 -0.014875940047204494
v -0.023377949371933937 0.018782969564199448 -0.0154909398406744
v -0.025756949558854103 0.018727950751781464 -0.010901980102062225
v 0.03794794902205467 0.017281940206885338 0.028194960206747055
v 0.03583097085356712 0.022026000544428825 0.028674960136413574
v 0.033744990825653076 0.019325969740748405 0.028746960684657097
v 0.0069549670442938805 0.0244559608399868 -0.02670096978545189
v 0.007076978217810392 0.023000000044703484 -0.026845989748835564
v 0.0027679800987243652 0.023000000044703484 -0.027624959126114845
v 0.0188019797205925 0.026978960260748863 0.030504999682307243
v 0.01508294977247715 0.026984980329871178 0.030855000019073486
v 0.031631939113140106 0.016649959608912468 0.028822949156165123
v -0.013655959628522396 0.026984980329871178 -0.022464990615844727
v -0.009918986819684505 0.026984980329871178 -0.024346940219402313
v -0.010253960266709328 0.025840990245342255 -0.025169959291815758
v -0.026901960372924805 0.023000000044703484 -0.006859958171844482
v -0.025509949773550034 0.022729989141225815 -0.01092499028891325
v -0.025756949558854103 0.018727950751781464 -0.010901980102062225
v 0.015064950101077557 0.023000000044703484 -0.023320969194173813
v 0.017534969374537468 0.018727950751781464 -0.02178996056318283
v 0.013267990201711655 0.018782969564199448 -0.024707969278097153
v -0.017046980559825897 0.026984980329871178 -0.02001296915113926
v -0.013655959628522396 0.026984980329871178 -0.022464990615844727
v 0.014646939933300018 0.025840990245342255 -0.022892950102686882
v 0.014932990074157715 0.0244559608399868 -0.023205989971756935
v 0.010997950099408627 0.0244559608399868 -0.025314979255199432
v -0.02706599049270153 0.027011990547180176 -0.0010029670083895326
v -0.026669969782233238 0.025586960837244987 -0.005835949908941984
v -0.02697199024260044 0.024461980909109116 -0.005857944022864103
v -0.02722894959151745 0.024595970287919044 -0.004415987990796566
v -0.0024989841040223837 0.016249949112534523 0.029142970219254494
v -0.005546987056732178 0.01667100004851818 0.028718940913677216
v -0.014139950275421143 0.017718970775604248 0.027095969766378403
v -0.005546987056732178 0.01667100004851818 0.028718940913677216
v -0.013893960043787956 0.017696969211101532 0.027166960760951042
v -0.014139950275421143 0.017718970775604248 0.027095969766378403
v -0.015138980001211166 0.017835969105362892 0.026732979342341423
v -0.01670295000076294 0.018041960895061493 0.026644999161362648
v -0.02608299069106579 0.01849997043609619 0.009190975688397884
v -0.02608299069106579 0.01849997043609619 0.009190975688397884
v -0.0024989841040223837 0.016249949112534523 0.029142970219254494
v -0.014139950275421143 0.017718970775604248 0.027095969766378403
v 0.03114395961165428 0.026841990649700165 0.01794498972594738
v 0.03079896979033947 0.026999950408935547 0.017605960369110107
v 0.030422979965806007 0.026999950408935547 0.01819097064435482
v 0.030422979965806007 0.026999950408935547 0.01819097064435482
v 0.03075695037841797 0.026848969981074333 0.018523989245295525
v 0.030773989856243134 0.026846999302506447 0.018495969474315643
v -0.019281979650259018 0.04269295185804367 0.01112896017730236
v -0.014786950312554836 0.0424879714846611 0.019283950328826904
v -0.013538000173866749 0.04312198981642723 0.018550990149378777
v -0.010946979746222496 0.032322999089956284 0.03301696851849556
v -0.009420990012586117 0.03218495100736618 0.03307998180389404
v -0.009135960601270199 0.032849960029125214 0.03305298089981079
v 0.04967296123504639 0.03242294862866402 0.03309094160795212
v 0.04959297180175781 0.03216296061873436 0.032896991819143295
v 0.049559950828552246 0.03249698132276535 0.0328979417681694
v 0.01819794997572899 0.04319994896650314 -0.010509960353374481
v 0.03368597850203514 0.043099988251924515 0.0163759496062994
v 0.034993939101696014 0.042466990649700165 0.01562798023223877
v 0.02735297940671444 0.028003990650177002 -0.0069089531898498535
v 0.027677949517965317 0.02736395038664341 -0.006555974017828703
v 0.026482990011572838 0.027529949322342873 -0.008042991161346436
v 0.026482990011572838 0.027529949322342873 -0.008042991161346436
v 0.026219960302114487 0.028175950050354004 -0.008316992782056332
v 0.026945939287543297 0.028228990733623505 -0.007399975787848234
v 0.026945939287543297 0.028228990733623505 -0.007399975787848234
v 0.027175959199666977 0.028131959959864616 -0.007119953166693449
v 0.026482990011572838 0.027529949322342873 -0.008042991161346436
v 0.020861979573965073 0.03811997175216675 -0.012398949824273586
v 0.021712949499487877 0.0381469689309597 -0.012538960203528404
v -0.02404797077178955 0.028756970539689064 -0.0024839630350470543
v -0.02404797077178955 0.028756970539689064 -0.0024839630350470543
v 0.020044980570673943 0.03811800107359886 -0.012272000312805176
v 0.020747950300574303 0.03811800107359886 -0.012380950152873993
v 0.020805949345231056 0.03811800107359886 -0.012389950454235077
v 0.020861979573965073 0.03811997175216675 -0.012398949824273586
v -0.02404797077178955 0.028756970539689064 -0.0024839630350470543
v 0.04564499109983444 0.03830498084425926 0.0279690008610487
v 0.04513198137283325 0.038425978273153305 0.027182990685105324
v 0.04457198828458786 0.03862994164228439 0.026465950533747673
v 0.04525595158338547 0.03740799054503441 0.03103094920516014
v 0.04703795164823532 0.037262968719005585 0.030002949759364128
v 0.04629193991422653 0.03768794983625412 0.029319999739527702
v 0.04617296904325485 0.03776596859097481 0.029180999845266342
v 0.04564499109983444 0.03830498084425926 0.0279690008610487
v 0.04525595158338547 0.03740799054503441 0.03103094920516014
v 0.030623970553278923 0.04414099082350731 0.01805895008146763
v 0.03199100121855736 0.04371296986937523 0.01785898022353649
v 0.03203696012496948 0.043700989335775375 0.017829950898885727
v 0.030623970553278923 0.04414099082350731 0.01805895008146763
v 0.021133949980139732 0.04400699958205223 0.026854990050196648
v 0.02544599026441574 0.04355394095182419 0.02488297037780285
v 0.026868989691138268 0.04333095997571945 0.024520989507436752
v 0.02713196910917759 0.04330496862530708 0.02439497970044613
v 0.02906000055372715 0.04281497001647949 0.024645980447530746
v 0.02919398993253708 0.04297798126935959 0.023888999596238136
v 0.030008969828486443 0.04269098863005638 0.02430897019803524
v 0.03058600053191185 0.04262197017669678 0.024077950045466423
v 0.03137296065688133 0.042474981397390366 0.02397196926176548
v 0.03258699178695679 0.042104948312044144 0.024371979758143425
v 0.03400098904967308 0.04182099923491478 0.024258969351649284
v 0.030623970553278923 0.04414099082350731 0.01805895008146763
v 0.030623970553278923 0.04414099082350731 0.01805895008146763
v 0.030623970553278923 0.04414099082350731 0.01805895008146763
v 0.030623970553278923 0.04414099082350731 0.01805895008146763
v 0.04200093820691109 0.039388950914144516 0.0268740002065897
v 0.043152980506420135 0.038807980716228485 0.02815896086394787
v 0.04564499109983444 0.03830498084425926 0.0279690008610487
v 0.03916298970580101 0.04052697867155075 0.024858949705958366
v 0.03960198163986206 0.040331948548555374 0.02524697035551071
v 0.04145300015807152 0.03963695839047432 0.026371950283646584
v 0.04200093820691109 0.039388950914144516 0.0268740002065897
v 0.04564499109983444 0.03830498084425926 0.0279690008610487
v 0.030623970553278923 0.04414099082350731 0.01805895008146763
v 0.03568797931075096 0.041502948850393295 0.024041950702667236
v 0.030623970553278923 0.04414099082350731 0.01805895008146763
v 0.03602099046111107 0.04143594950437546 0.024015959352254868
v 0.03761297091841698 0.04114598035812378 0.02377294935286045
v 0.03905098885297775 0.040551960468292236 0.024857990443706512
v 0.030623970553278923 0.04414099082350731 0.01805895008146763
v 0.04564499109983444 0.03830498084425926 0.0279690008610487
v 0.04564499109983444 0.03830498084425926 0.0279690008610487
v 0.030623970553278923 0.04414099082350731 0.01805895008146763
v 0.04939299076795578 0.031515948474407196 0.03241394832730293
v 0.04949396103620529 0.03080195002257824 0.03257298097014427
v 0.029785990715026855 0.027696959674358368 -0.0027409789618104696
v 0.029785990715026855 0.027696959674358368 -0.0027409789618104696
v 0.04949396103620529 0.03080195002257824 0.03257298097014427
v 0.03253297880291939 0.027909990400075912 0.0023419850040227175
v 0.03253297880291939 0.027909990400075912 0.0023419850040227175
v 0.029937980696558952 0.027617989107966423 -0.0024149410892277956
v 0.029785990715026855 0.027696959674358368 -0.0027409789618104696
v 0.026482990011572838 0.027529949322342873 -0.008042991161346436
v 0.025283990427851677 0.02832495979964733 -0.008364975452423096
v 0.026179959997534752 0.028204970061779022 -0.00832897424697876
v 0.025283990427851677 0.02832495979964733 -0.008364975452423096
v 0.025214970111846924 0.028513960540294647 -0.008444963954389095
v 0.025382990017533302 0.028490960597991943 -0.00843799114227295
v 0.026124950498342514 0.028244970366358757 -0.008344948291778564
v 0.025382990017533302 0.028490960597991943 -0.00843799114227295
v 0.025586960837244987 0.028460970148444176 -0.00842898990958929
v 0.025283990427851677 0.02832495979964733 -0.008364975452423096
v 0.02582097053527832 0.02837699092924595 -0.00839698314666748
v 0.02594798058271408 0.028329959139227867 -0.008378981612622738
v 0.025283990427851677 0.02832495979964733 -0.008364975452423096
v 0.02594798058271408 0.028329959139227867 -0.008378981612622738
v 0.026124950498342514 0.028244970366358757 -0.008344948291778564
v 0.025283990427851677 0.02832495979964733 -0.008364975452423096
v 0.025586960837244987 0.028460970148444176 -0.00842898990958929
v -0.010946979746222496 0.032322999089956284 0.03301696851849556
v -0.011822990141808987 0.030779000371694565 0.03287297114729881
v -0.009914994239807129 0.030745979398489 0.0329669713973999
v 0.025214970111846924 0.028513960540294647 -0.008444963954389095
v 0.025283990427851677 0.02832495979964733 -0.008364975452423096
v 0.02379094995558262 0.02870994061231613 -0.008477984927594662
v 0.02379094995558262 0.02870994061231613 -0.008477984927594662
v 0.022305959835648537 0.028572969138622284 -0.008362947963178158
v 0.02229594998061657 0.028729969635605812 -0.008430956862866879
v 0.02379094995558262 0.02870994061231613 -0.008477984927594662
v 0.02379094995558262 0.02870994061231613 -0.008477984927594662
v 0.02379596047103405 0.02870994061231613 -0.008478999137878418
v 0.02379596047103405 0.02870994061231613 -0.008477984927594662
v 0.02379596047103405 0.02870994061231613 -0.008477984927594662
v 0.025214970111846924 0.028513960540294647 -0.008444963954389095
v 0.02379596047103405 0.02870994061231613 -0.008477984927594662
v 0.023800959810614586 0.02870994061231613 -0.008477984927594662
v 0.025214970111846924 0.028513960540294647 -0.008444963954389095
v 0.023800959810614586 0.02870994061231613 -0.008477984927594662
v 0.0238069798797369 0.028708990663290024 -0.008477984927594662
v 0.025214970111846924 0.028513960540294647 -0.008444963954389095
v 0.02229594998061657 0.028729969635605812 -0.008430956862866879
v 0.022305959835648537 0.028572969138622284 -0.008362947963178158
v -0.01748698018491268 0.028804000467061996 -0.003346978919580579
v 0.022305959835648537 0.028572969138622284 -0.008362947963178158
v -0.02404797077178955 0.028756970539689064 -0.0024839630350470543
v -0.01748698018491268 0.028804000467061996 -0.003346978919580579
v -0.01748698018491268 0.028804000467061996 -0.003346978919580579
v -0.01744496077299118 0.028804000467061996 -0.003353952895849943
v -0.01704495958983898 0.028804000467061996 -0.0034049740061163902
v 0.017791980877518654 0.02881300076842308 -0.007888971827924252
v 0.018110990524291992 0.028806980699300766 -0.007927954196929932
v 0.02229594998061657 0.028729969635605812 -0.008430956862866879
v -0.01704495958983898 0.028804000467061996 -0.0034049740061163902
v 0.017437990754842758 0.0288159791380167 -0.007844983600080013
v 0.02229594998061657 0.028729969635605812 -0.008430956862866879
v 0.017437990754842758 0.0288159791380167 -0.007844983600080013
v 0.017791980877518654 0.02881300076842308 -0.007888971827924252
v 0.02229594998061657 0.028729969635605812 -0.008430956862866879
v -0.02346700057387352 0.027918990701436996 0.01354795042425394
v -0.02426695078611374 0.02772199921309948 0.012219959869980812
v -0.023324960842728615 0.027750959619879723 0.012996969744563103
v -0.02346700057387352 0.027918990701436996 0.01354795042425394
v -0.023324960842728615 0.027750959619879723 0.012996969744563103
v -0.022980980575084686 0.02797394059598446 0.014108000323176384
v -0.023324960842728615 0.027750959619879723 0.012996969744563103
v -0.020628979429602623 0.027779990807175636 0.015405950136482716
v -0.022980980575084686 0.02797394059598446 0.014108000323176384
v -0.010511989705264568 0.027351969853043556 0.02479696087539196
v -0.00929796602576971 0.027116000652313232 0.02538496069610119
v -0.01383494958281517 0.030132940039038658 0.028975959867239
v -0.00929796602576971 0.027116000652313232 0.02538496069610119
v -0.00789099931716919 0.027092989534139633 0.026796989142894745
v -0.01383494958281517 0.030132940039038658 0.028975959867239
v -0.022980980575084686 0.02797394059598446 0.014108000323176384
v -0.020628979429602623 0.027779990807175636 0.015405950136482716
v -0.017690949141979218 0.02924196980893612 0.022762000560760498
v -0.020628979429602623 0.027779990807175636 0.015405950136482716
v -0.010511989705264568 0.027351969853043556 0.02479696087539196
v -0.017690949141979218 0.02924196980893612 0.022762000560760498
v -0.01383494958281517 0.030132940039038658 0.028975959867239
v -0.01722395047545433 0.029356950893998146 0.023538939654827118
v -0.010511989705264568 0.027351969853043556 0.02479696087539196
v -0.01722395047545433 0.029356950893998146 0.023538939654827118
v -0.017690949141979218 0.02924196980893612 0.022762000560760498
v -0.010511989705264568 0.027351969853043556 0.02479696087539196
v -0.00789099931716919 0.027092989534139633 0.026796989142894745
v -0.007232964038848877 0.02765594981610775 0.02904796041548252
v -0.01383494958281517 0.030132940039038658 0.028975959867239
v -0.006823956035077572 0.027932999655604362 0.030240949243307114
v -0.0055189719423651695 0.02826499007642269 0.032528989017009735
v -0.011822990141808987 0.030779000371694565 0.03287297114729881
v -0.007232964038848877 0.02765594981610775 0.02904796041548252
v -0.006823956035077572 0.027932999655604362 0.030240949243307114
v -0.013221969828009605 0.030413979664444923 0.030469000339508057
v -0.01383494958281517 0.030132940039038658 0.028975959867239
v -0.007232964038848877 0.02765594981610775 0.02904796041548252
v -0.013749949634075165 0.03021096996963024 0.029305990785360336
v -0.013221969828009605 0.030413979664444923 0.030469000339508057
v -0.013749949634075165 0.03021096996963024 0.029305990785360336
v -0.007232964038848877 0.02765594981610775 0.02904796041548252
v -0.01996898092329502 0.04319994896650314 0.006495952140539885
v -0.018207959830760956 0.04319994896650314 0.010509960353374481
v -0.014467949979007244 0.04414099082350731 0.009940980933606625
v -0.024451969191432 0.04071199148893356 -0.0016019940376281738
v -0.02536397986114025 0.038533978164196014 -0.0016619559610262513
v -0.02520095929503441 0.038533978164196014 0.003316998016089201
v 0.004232943058013916 0.04297000169754028 0.03190898150205612
v -0.010273990221321583 0.04424196109175682 0.016352949663996696
v 0.002495944034308195 0.04296499118208885 0.0309829693287611
v -0.010273990221321583 0.04424196109175682 0.016352949663996696
v -0.011115959845483303 0.043770961463451385 0.017866959795355797
v 0.002495944034308195 0.04296499118208885 0.0309829693287611
v -0.011115959845483303 0.043770961463451385 0.017866959795355797
v -0.011163939721882343 0.04376494139432907 0.017863979563117027
v -0.011220989748835564 0.04374796152114868 0.017896950244903564
v -0.011220989748835564 0.04374796152114868 0.017896950244903564
v -0.01260398980230093 0.04348497837781906 0.018090959638357162
v 0.002495944034308195 0.04296499118208885 0.0309829693287611
v -0.01260398980230093 0.04348497837781906 0.018090959638357162
v 0.002826987998560071 0.04273097962141037 0.032533999532461166
v 0.002495944034308195 0.04296499118208885 0.0309829693287611
v 0.002495944034308195 0.04296499118208885 0.0309829693287611
v 0.003819942008703947 0.04287194833159447 0.03226596117019653
v 0.004232943058013916 0.04297000169754028 0.03190898150205612
v 0.0292659904807806 0.04439597949385643 0.018027959391474724
v 0.020289000123739243 0.04405694827437401 0.027342969551682472
v 0.021133949980139732 0.04400699958205223 0.026854990050196648
v 0.049254000186920166 0.029788969084620476 0.03298395127058029
v 0.04930698126554489 0.030014989897608757 0.032891981303691864
v 0.04960595816373825 0.03181295841932297 0.032895978540182114
v -0.024804940447211266 0.03791797161102295 0.00641894293949008
v -0.023203959688544273 0.04071199148893356 0.007874964736402035
v -0.02429497055709362 0.04071199148893356 0.003197968006134033
v 0.01999497041106224 0.029489990323781967 0.03295797109603882
v 0.03020000085234642 0.02906298078596592 0.03287297114729881
v 0.023754950612783432 0.02905499003827572 0.032876960933208466
v 0.026213999837636948 0.02906595915555954 0.032876960933208466
v 0.023754950612783432 0.02905499003827572 0.032876960933208466
v 0.025627970695495605 0.02904294990003109 0.032873980700969696
v 0.02805398963391781 0.02902895025908947 0.03286898136138916
v 0.02876894921064377 0.029023999348282814 0.0328669510781765
v 0.04004596918821335 0.02907096967101097 0.03286498039960861
v 0.040313951671123505 0.02913098968565464 0.03287595137953758
v 0.04061596840620041 0.02945994958281517 0.032933950424194336
v 0.04084198921918869 0.029702959582209587 0.03297698125243187
v 0.03932296857237816 0.02899998053908348 0.03285294026136398
v 0.039700981229543686 0.02899998053908348 0.03285294026136398
v 0.03379898890852928 0.02899998053908348 0.032857950776815414
v 0.020666949450969696 0.02906595915555954 0.03287595137953758
v 0.01999497041106224 0.029489990323781967 0.03295797109603882
v 0.014533990062773228 0.029364999383687973 0.0329279787838459
v 0.014377949759364128 0.029285959899425507 0.03291194885969162
v 0.013708939775824547 0.02917098067700863 0.03288894146680832
v 0.013302979990839958 0.029052970930933952 0.03286600112915039
v 0.020666949450969696 0.02906595915555954 0.03287595137953758
v 0.014533990062773228 0.029364999383687973 0.0329279787838459
v 0.014377949759364128 0.029285959899425507 0.03291194885969162
v 0.023754950612783432 0.02905499003827572 0.032876960933208466
v 0.023978939279913902 0.02902895025908947 0.03287297114729881
v 0.008311985991895199 0.02917999029159546 0.032884951680898666
v 0.007952988147735596 0.029213959351181984 0.03289097175002098
v 0.009301959536969662 0.02899998053908348 0.03285098075866699
v 0.007952988147735596 0.029213959351181984 0.03289097175002098
v 0.0017149440245702863 0.02907096967101097 0.03285700082778931
v 0.009301959536969662 0.02899998053908348 0.03285098075866699
v 0.020666949450969696 0.02906595915555954 0.03287595137953758
v 0.014377949759364128 0.029285959899425507 0.03291194885969162
v 0.013302979990839958 0.029052970930933952 0.03286600112915039
v 0.020666949450969696 0.02906595915555954 0.03287595137953758
v 0.013302979990839958 0.029052970930933952 0.03286600112915039
v 0.023978939279913902 0.02902895025908947 0.03287297114729881
v 0.013302979990839958 0.029052970930933952 0.03286600112915039
v 0.012667950242757797 0.02899998053908348 0.032854970544576645
v 0.009998977184295654 0.02899998053908348 0.032851990312337875
v 0.0017149440245702863 0.02907096967101097 0.03285700082778931
v 0.013302979990839958 0.029052970930933952 0.03286600112915039
v 0.009301959536969662 0.02899998053908348 0.03285098075866699
v 0.0017149440245702863 0.02907096967101097 0.03285700082778931
v 0.023978939279913902 0.02902895025908947 0.03287297114729881
v 0.013302979990839958 0.029052970930933952 0.03286600112915039
v 0.0017149440245702863 0.02907096967101097 0.03285700082778931
v -0.0012809629552066326 0.027543960139155388 0.032487981021404266
v 3.699999797390774e-05 0.027543960139155388 0.032491978257894516
v 0.00026599998818710446 0.027543960139155388 0.0324929915368557
v 0.00026599998818710446 0.027543960139155388 0.0324929915368557
v 0.005388975143432617 0.027543960139155388 0.032508961856365204
v 0.0017149440245702863 0.02907096967101097 0.03285700082778931
v 0.008274972438812256 0.045710980892181396 0.0013839600142091513
v -4.999999873689376e-06 0.046220000833272934 0.0
v 0.0147739602252841 0.04419194906949997 0.0275419894605875
v 0.008274972438812256 0.045710980892181396 0.0013839600142091513
v 0.0147739602252841 0.04419194906949997 0.0275419894605875
v 0.008821964263916016 0.04567693918943405 0.0014759890036657453
v 0.0147739602252841 0.04419194906949997 0.0275419894605875
v 0.015682989731431007 0.04419295862317085 0.027205999940633774
v 0.012120960280299187 0.045473989099264145 0.0020399680361151695
v 0.008821964263916016 0.04567693918943405 0.0014759890036657453
v 0.0147739602252841 0.04419194906949997 0.0275419894605875
v 0.012120960280299187 0.045473989099264145 0.0020399680361151695
v 0.017596960067749023 0.04419295862317085 0.02654099091887474
v 0.02687798999249935 0.04460597038269043 0.016662949696183205
v 0.012120960280299187 0.045473989099264145 0.0020399680361151695
v 0.017596960067749023 0.04419295862317085 0.02654099091887474
v -0.022777970880270004 0.042250990867614746 0.0029979939572513103
v -0.0229259692132473 0.042250990867614746 -0.001501976978033781
v -0.024451969191432 0.04071199148893356 -0.0016019940376281738
v 0.028729969635605812 0.043501969426870346 0.009847997687757015
v 0.026429949328303337 0.04424196109175682 0.011646980419754982
v 0.030623970553278923 0.04414099082350731 0.01805895008146763
v -0.013353999704122543 0.03863399848341942 0.027600999921560287
v -0.01302396971732378 0.03826497867703438 0.02856599912047386
v -0.015222960151731968 0.04222898930311203 0.019580960273742676
v -0.025256989523768425 0.02856599912047386 -0.002031981013715267
v 0.026482990011572838 0.027529949322342873 -0.008042991161346436
v 0.026345960795879364 0.026582950726151466 -0.0044439430348575115
v -0.013353999704122543 0.03863399848341942 0.027600999921560287
v -0.015933990478515625 0.04152296856045723 0.020052960142493248
v -0.013628950342535973 0.038624998182058334 0.027197949588298798
v -0.013487990014255047 0.038447968661785126 0.02763395942747593
v 0.04100298136472702 0.03171294182538986 0.03307294100522995
v 0.0198739692568779 0.029982980340719223 0.03302793949842453
v 0.01999497041106224 0.029489990323781967 0.03295797109603882
v 0.01999497041106224 0.029489990323781967 0.03295797109603882
v 0.04084198921918869 0.029702959582209587 0.03297698125243187
v 0.04100298136472702 0.03171294182538986 0.03307294100522995
v 0.02608299069106579 0.04464298114180565 0.015390990301966667
v 0.012226990424096584 0.04546498879790306 0.001981972949579358
v 0.012120960280299187 0.045473989099264145 0.0020399680361151695
v -0.02286195009946823 0.03605895861983299 0.012272000312805176
v -0.02302395924925804 0.03209400177001953 0.01329295989125967
v -0.013441969640552998 0.03470999002456665 0.02906595915555954
v -0.013441969640552998 0.03470999002456665 0.02906595915555954
v -0.02302395924925804 0.03209400177001953 0.01329295989125967
v -0.013277940452098846 0.03391395881772041 0.029603950679302216
v -0.013277940452098846 0.03391395881772041 0.029603950679302216
v -0.011983989737927914 0.034155961126089096 0.03176897019147873
v -0.013441969640552998 0.03470999002456665 0.02906595915555954
v 0.046658989042043686 0.034927960485219955 0.03257495164871216
v 0.049450989812612534 0.03329097852110863 0.03289895877242088
v 0.04861396178603172 0.03468995913863182 0.03219199180603027
v 0.04861396178603172 0.03468995913863182 0.03219199180603027
v 0.04840695112943649 0.03538893908262253 0.031780000776052475
v 0.046658989042043686 0.034927960485219955 0.03257495164871216
v 0.04840695112943649 0.03538893908262253 0.031780000776052475
v 0.046436961740255356 0.035371001809835434 0.03233999013900757
v 0.046658989042043686 0.034927960485219955 0.03257495164871216
v -0.010111980140209198 0.04530197009444237 0.005834995768964291
v -0.01349699031561613 0.04487299174070358 0.004161952994763851
v -0.013178999535739422 0.044404979795217514 0.009902000427246094
v 0.04159795865416527 0.02703499048948288 0.03250294178724289
v 0.04150097817182541 0.026999950408935547 0.03249698132276535
v 0.03181498870253563 0.026732979342341423 0.00888597872108221
v 0.030825970694422722 0.02726799063384533 0.0024429550394415855
v 0.029937980696558952 0.027617989107966423 -0.0024149410892277956
v 0.03253297880291939 0.027909990400075912 0.0023419850040227175
v 0.04159795865416527 0.02703499048948288 0.03250294178724289
v 0.03181498870253563 0.026732979342341423 0.00888597872108221
v 0.04210393875837326 0.027216970920562744 0.032534949481487274
v 0.03181498870253563 0.026732979342341423 0.00888597872108221
v 0.030825970694422722 0.02726799063384533 0.0024429550394415855
v 0.03253297880291939 0.027909990400075912 0.0023419850040227175
v 0.04210393875837326 0.027216970920562744 0.032534949481487274
v 0.03181498870253563 0.026732979342341423 0.00888597872108221
v 0.04261099919676781 0.02739899978041649 0.03256696090102196
v 0.04775397852063179 0.02924996055662632 0.0328899584710598
v 0.04261099919676781 0.02739899978041649 0.03256696090102196
v 0.03181498870253563 0.026732979342341423 0.00888597872108221
v 0.04775397852063179 0.02924996055662632 0.0328899584710598
v 0.03181498870253563 0.026732979342341423 0.00888597872108221
v 0.049203988164663315 0.02978295087814331 0.032891981303691864
v 0.03253297880291939 0.027909990400075912 0.0023419850040227175
v 0.049203988164663315 0.02978295087814331 0.032891981303691864
v 0.03181498870253563 0.026732979342341423 0.00888597872108221
v -4.999999873689376e-06 0.046220000833272934 0.0
v -0.004800974857062101 0.0457189604640007 0.004513978026807308
v 0.013810990378260612 0.04419099912047386 0.027290990576148033
v -0.012974970042705536 0.027074990794062614 0.015055949799716473
v -0.010217959992587566 0.026999950408935547 0.01599097065627575
v -0.013021940365433693 0.027076000347733498 0.0151169802993536
v -0.013481969945132732 0.027089949697256088 0.015261939726769924
v -0.013021940365433693 0.027076000347733498 0.0151169802993536
v -0.010217959992587566 0.026999950408935547 0.01599097065627575
v -0.013322940096259117 0.02708500064909458 0.015210979618132114
v -0.008992969058454037 0.026999950408935547 0.02402395009994507
v -0.022982949391007423 0.027344999834895134 0.011660990305244923
v -0.01431095041334629 0.027112960815429688 0.015114960260689259
v -0.022982949391007423 0.027344999834895134 0.011660990305244923
v -0.014768949709832668 0.027122970670461655 0.014446970075368881
v -0.01442794967442751 0.027114979922771454 0.014948960393667221
v -0.022982949391007423 0.027344999834895134 0.011660990305244923
v -0.01442794967442751 0.027114979922771454 0.014948960393667221
v -0.01431095041334629 0.027112960815429688 0.015114960260689259
v -0.013481969945132732 0.027089949697256088 0.015261939726769924
v -0.013322940096259117 0.02708500064909458 0.015210979618132114
v -0.01431095041334629 0.027112960815429688 0.015114960260689259
v -0.013640989549458027 0.02709393948316574 0.01520793978124857
v -0.013481969945132732 0.027089949697256088 0.015261939726769924
v -0.006781994830816984 0.045881979167461395 0.0020899770315736532
v -0.007925987243652344 0.045450981706380844 0.005827962886542082
v -0.005468964111059904 0.04566299170255661 0.004782973788678646
v -0.007925987243652344 0.045450981706380844 0.005827962886542082
v -0.005486965179443359 0.04565494880080223 0.004854977130889893
v -0.005468964111059904 0.04566299170255661 0.004782973788678646
v -0.026481980457901955 0.029759999364614487 0.004777966998517513
v -0.026784950867295265 0.02903996966779232 0.0035959479864686728
v -0.024698970839381218 0.027999989688396454 0.01085096038877964
v -0.00969398021697998 0.04439197853207588 0.01524799969047308
v -0.010273990221321583 0.04424196109175682 0.016352949663996696
v 0.011376970447599888 0.04403895139694214 0.0277019701898098
v -0.026420950889587402 0.030490990728139877 0.004615962039679289
v -0.026784950867295265 0.02903996966779232 0.0035959479864686728
v -0.026481980457901955 0.029759999364614487 0.004777966998517513
v -0.010273990221321583 0.04424196109175682 0.016352949663996696
v 0.004232943058013916 0.04297000169754028 0.03190898150205612
v 0.0040849437937140465 0.04327797144651413 0.02968394011259079
v 0.004232943058013916 0.04297000169754028 0.03190898150205612
v 0.004275977145880461 0.042973991483449936 0.03190296143293381
v 0.0040849437937140465 0.04327797144651413 0.02968394011259079
v 0.010948950424790382 0.04399697855114937 0.027797989547252655
v 0.011376970447599888 0.04403895139694214 0.0277019701898098
v 0.010380979627370834 0.043940961360931396 0.02792596071958542
v 0.0040849437937140465 0.04327797144651413 0.02968394011259079
v -0.021227950230240822 0.04069900140166283 0.012252979911863804
v -0.023203959688544273 0.04071199148893356 0.007874964736402035
v -0.023775989189743996 0.03791797161102295 0.009547947905957699
v -0.01260398980230093 0.04348497837781906 0.018090959638357162
v -0.013538000173866749 0.04312198981642723 0.018550990149378777
v 0.0028169748838990927 0.042723000049591064 0.032552000135183334
v -0.014786950312554836 0.0424879714846611 0.019283950328826904
v -0.015222960151731968 0.04222898930311203 0.019580960273742676
v 0.0027849669568240643 0.042704988270998 0.032573990523815155
v 0.0027689929120242596 0.04270993918180466 0.03254996985197067
v -0.015222960151731968 0.04222898930311203 0.019580960273742676
v -0.01302396971732378 0.03826497867703438 0.02856599912047386
v -0.00935596227645874 0.04041099175810814 0.027442989870905876
v -0.01302396971732378 0.03826497867703438 0.02856599912047386
v -0.009675978682935238 0.03918600082397461 0.029450949281454086
v -0.009743987582623959 0.03930794820189476 0.029172949492931366
v -0.009743987582623959 0.03930794820189476 0.029172949492931366
v -0.009385943412780762 0.04027998074889183 0.027661969885230064
v -0.01302396971732378 0.03826497867703438 0.02856599912047386
v -0.009385943412780762 0.04027998074889183 0.027661969885230064
v -0.00935596227645874 0.04041099175810814 0.027442989870905876
v -0.01302396971732378 0.03826497867703438 0.02856599912047386
v 0.0019179580267518759 0.04261999949812889 0.03206199035048485
v 0.0027849669568240643 0.042704988270998 0.032573990523815155
v -0.015222960151731968 0.04222898930311203 0.019580960273742676
v -0.002672970062121749 0.04190694913268089 0.02983999066054821
v 0.0002339999919058755 0.04226100072264671 0.031425949186086655
v 0.0019179580267518759 0.04261999949812889 0.03206199035048485
v -0.0038329949602484703 0.041746970266103745 0.02923898957669735
v -0.005580960772931576 0.041516948491334915 0.028315959498286247
v -0.008378981612622738 0.041198961436748505 0.026746980845928192
v -0.00826799776405096 0.041218988597393036 0.02679497003555298
v -0.009675978682935238 0.03918600082397461 0.029450949281454086
v -0.01302396971732378 0.03826497867703438 0.02856599912047386
v -0.012224970385432243 0.0377349816262722 0.029570989310741425
v -0.012224970385432243 0.0377349816262722 0.029570989310741425
v -0.01210795994848013 0.03753494843840599 0.029847970232367516
v -0.009646952152252197 0.03846095874905586 0.030232960358262062
v -0.01210795994848013 0.03753494843840599 0.029847970232367516
v -0.011558939702808857 0.036655958741903305 0.03108298033475876
v -0.009646952152252197 0.03846095874905586 0.030232960358262062
v -0.011558939702808857 0.036655958741903305 0.03108298033475876
v -0.01178395003080368 0.03639400005340576 0.031234970316290855
v -0.009204982779920101 0.03748499974608421 0.03151195868849754
v -0.011558939702808857 0.036655958741903305 0.03108298033475876
v -0.009204982779920101 0.03748499974608421 0.03151195868849754
v -0.009308992885053158 0.03764497861266136 0.03128498047590256
v -0.009675978682935238 0.03918600082397461 0.029450949281454086
v -0.012224970385432243 0.0377349816262722 0.029570989310741425
v -0.009646952152252197 0.03846095874905586 0.030232960358262062
v -0.009582996368408203 0.03845595940947533 0.03027397021651268
v -0.011558939702808857 0.036655958741903305 0.03108298033475876
v -0.009308992885053158 0.03764497861266136 0.03128498047590256
v -0.009324966929852962 0.03768998011946678 0.03122895024716854
v -0.009204982779920101 0.03748499974608421 0.03151195868849754
v -0.01178395003080368 0.03639400005340576 0.031234970316290855
v -0.008916974067687988 0.036926981061697006 0.03217297047376633
v -0.01178395003080368 0.03639400005340576 0.031234970316290855
v -0.011368979699909687 0.03527598828077316 0.032476961612701416
v -0.008916974067687988 0.036926981061697006 0.03217297047376633
v -0.008916974067687988 0.036926981061697006 0.03217297047376633
v -0.011368979699909687 0.03527598828077316 0.032476961612701416
v -0.00890797283500433 0.036907970905303955 0.032194968312978745
v -0.011368979699909687 0.03527598828077316 0.032476961612701416
v -0.008852957747876644 0.0368039608001709 0.03231893852353096
v -0.00890797283500433 0.036907970905303955 0.032194968312978745
v -0.011368979699909687 0.03527598828077316 0.032476961612701416
v -0.008852957747876644 0.0368039608001709 0.03231893852353096
v -0.008852957747876644 0.0368039608001709 0.03231893852353096
v -0.008868992328643799 0.0368349514901638 0.032281991094350815
v -0.008887945674359798 0.03686999902129173 0.032239969819784164
v -0.008887945674359798 0.03686999902129173 0.032239969819784164
v -0.013538000173866749 0.04312198981642723 0.018550990149378777
v -0.01260398980230093 0.04348497837781906 0.018090959638357162
v -0.014467949979007244 0.04414099082350731 0.009940980933606625
v -0.008770941756665707 0.03660595044493675 0.03254199028015137
v -0.011368979699909687 0.03527598828077316 0.032476961612701416
v -0.008750975131988525 0.03658293932676315 0.03255796059966087
v -0.008731961250305176 0.03660297021269798 0.03256499022245407
v -0.005721985828131437 0.03811895102262497 0.03266400098800659
v -0.008770941756665707 0.03660595044493675 0.03254199028015137
v -0.005721985828131437 0.03811895102262497 0.03266400098800659
v -0.003250956069678068 0.03936295956373215 0.03274594992399216
v 0.0031549930572509766 0.04271494969725609 0.03284095972776413
v -0.008770941756665707 0.03660595044493675 0.03254199028015137
v -0.005721985828131437 0.03811895102262497 0.03266400098800659
v 0.0031549930572509766 0.04271494969725609 0.03284095972776413
v -0.008770941756665707 0.03660595044493675 0.03254199028015137
v -0.008750975131988525 0.03658293932676315 0.03255796059966087
v -0.008731961250305176 0.03660297021269798 0.03256499022245407
v 0.0031549930572509766 0.04271494969725609 0.03284095972776413
v -0.008748947642743587 0.03661799058318138 0.03254299983382225
v -0.008770941756665707 0.03660595044493675 0.03254199028015137
v 0.004694997798651457 0.042041949927806854 0.03295499086380005
v 0.0028519630432128906 0.04243599995970726 0.032948970794677734
v 0.004808961879462004 0.03928399085998535 0.032990988343954086
v 0.0028519630432128906 0.04243599995970726 0.032948970794677734
v 0.0025909540709108114 0.03223298862576485 0.033081941306591034
v 0.004808961879462004 0.03928399085998535 0.032990988343954086
v 0.0025909540709108114 0.03223298862576485 0.033081941306591034
v 0.005236982833594084 0.03224395960569382 0.033082958310842514
v 0.0052289958111941814 0.0322759710252285 0.033081941306591034
v 0.0025909540709108114 0.03223298862576485 0.033081941306591034
v 0.0052289958111941814 0.0322759710252285 0.033081941306591034
v 0.005104959011077881 0.03276300057768822 0.033075980842113495
v -0.005478978157043457 0.03188896179199219 0.03307294100522995
v -0.009420990012586117 0.03218495100736618 0.03307998180389404
v -0.009455977939069271 0.03162698820233345 0.033036939799785614
v -0.009455977939069271 0.03162698820233345 0.033036939799785614
v -0.009914994239807129 0.030745979398489 0.0329669713973999
v -0.005439995788037777 0.03063100017607212 0.032975971698760986
v 0.0017149440245702863 0.02907096967101097 0.03285700082778931
v 0.007952988147735596 0.029213959351181984 0.03289097175002098
v 0.007751941215246916 0.02927500009536743 0.032899968326091766
v -0.008709967136383057 0.03014999069273472 0.03286999091506004
v -0.005494952201843262 0.028557950630784035 0.03260999172925949
v -0.00542896892875433 0.030099980533123016 0.03292495012283325
v -0.014467949979007244 0.04414099082350731 0.009940980933606625
v -0.01260398980230093 0.04348497837781906 0.018090959638357162
v -0.010273990221321583 0.04424196109175682 0.016352949663996696
v -0.024698970839381218 0.027999989688396454 0.01085096038877964
v -0.02426695078611374 0.02772199921309948 0.012219959869980812
v -0.024370960891246796 0.030476979911327362 0.011158999986946583
v -0.019280970096588135 0.04222898930311203 0.012552970089018345
v -0.021227950230240822 0.04069900140166283 0.012252979911863804
v -0.015933990478515625 0.04152296856045723 0.020052960142493248
v -0.00929796602576971 0.027116000652313232 0.02538496069610119
v -0.022982949391007423 0.027344999834895134 0.011660990305244923
v -0.008992969058454037 0.026999950408935547 0.02402395009994507
v -0.007225989829748869 0.026999950408935547 0.026238970458507538
v -0.00871896743774414 0.027043990790843964 0.025026969611644745
v -0.007225989829748869 0.026999950408935547 0.026238970458507538
v -0.007923959754407406 0.02703898958861828 0.02595197968184948
v -0.00871896743774414 0.027043990790843964 0.025026969611644745
v -0.008681952022016048 0.027047989889979362 0.02512997016310692
v -0.008984982036054134 0.027054959908127785 0.024855969473719597
v -0.008500993251800537 0.02707194909453392 0.025713980197906494
v -0.00929796602576971 0.027116000652313232 0.02538496069610119
v -0.008984982036054134 0.027054959908127785 0.024855969473719597
v -0.00929796602576971 0.027116000652313232 0.02538496069610119
v -0.008996962569653988 0.0270529892295599 0.024821989238262177
v -0.00929796602576971 0.027116000652313232 0.02538496069610119
v -0.008992969058454037 0.026999950408935547 0.02402395009994507
v -0.008992969058454037 0.026999950408935547 0.02402395009994507
v -0.0024669759441167116 0.02679895982146263 0.009728968143463135
v -0.0023699989542365074 0.026961980387568474 0.028115980327129364
v -0.01249598991125822 0.027062950655817986 0.013513980433344841
v -0.010217959992587566 0.026999950408935547 0.01599097065627575
v -0.012974970042705536 0.027074990794062614 0.015055949799716473
v -0.012652990408241749 0.02706599049270153 0.014630969613790512
v -0.010217959992587566 0.026999950408935547 0.01599097065627575
v -0.012652990408241749 0.02706599049270153 0.014630969613790512
v -0.012519000098109245 0.027062950655817986 0.014431949704885483
v -0.014853949658572674 0.027124999091029167 0.014320960268378258
v -0.014768949709832668 0.027122970670461655 0.014446970075368881
v -0.022982949391007423 0.027344999834895134 0.011660990305244923
v -0.014858960174024105 0.027125950902700424 0.014042969793081284
v -0.014853949658572674 0.027124999091029167 0.014320960268378258
v -0.022982949391007423 0.027344999834895134 0.011660990305244923
v -0.010217959992587566 0.026999950408935547 0.01599097065627575
v -0.012519000098109245 0.027062950655817986 0.014431949704885483
v -0.012477990239858627 0.027062950655817986 0.01374697033315897
v -0.010217959992587566 0.026999950408935547 0.01599097065627575
v -0.012477990239858627 0.027062950655817986 0.01374697033315897
v -0.01249598991125822 0.027062950655817986 0.013513980433344841
v -0.01478498987853527 0.027123980224132538 0.013353999704122543
v -0.014858960174024105 0.027125950902700424 0.014042969793081284
v -0.022982949391007423 0.027344999834895134 0.011660990305244923
v -0.01472495961934328 0.027122970670461655 0.013156949542462826
v -0.01478498987853527 0.027123980224132538 0.013353999704122543
v -0.022982949391007423 0.027344999834895134 0.011660990305244923
v -0.01249598991125822 0.027062950655817986 0.013513980433344841
v -0.012905949726700783 0.027074990794062614 0.012998989783227444
v -0.012994999997317791 0.027076950296759605 0.012835970148444176
v -0.0024669759441167116 0.02679895982146263 0.009728968143463135
v -0.01249598991125822 0.027062950655817986 0.013513980433344841
v -0.012994999997317791 0.027076950296759605 0.012835970148444176
v -0.01437097042798996 0.02711397036910057 0.012803969904780388
v -0.01472495961934328 0.027122970670461655 0.013156949542462826
v -0.022982949391007423 0.027344999834895134 0.011660990305244923
v -0.013666979968547821 0.02709496021270752 0.012709969654679298
v -0.01414996013045311 0.027107950299978256 0.012838950380682945
v -0.01437097042798996 0.02711397036910057 0.012803969904780388
v -0.0024669759441167116 0.02679895982146263 0.009728968143463135
v -0.012994999997317791 0.027076950296759605 0.012835970148444176
v -0.013478989712893963 0.027089949697256088 0.012705979868769646
v -0.013666979968547821 0.02709496021270752 0.012709969654679298
v -0.01437097042798996 0.02711397036910057 0.012803969904780388
v -0.022982949391007423 0.027344999834895134 0.011660990305244923
v -0.0024669759441167116 0.02679895982146263 0.009728968143463135
v -0.013478989712893963 0.027089949697256088 0.012705979868769646
v -0.013666979968547821 0.02709496021270752 0.012709969654679298
v 0.01819794997572899 0.04319994896650314 -0.010509960353374481
v 0.010344980284571648 0.04487299174070358 -0.00960397720336914
v 0.026429949328303337 0.04424196109175682 0.011646980419754982
v -0.022777970880270004 0.042250990867614746 0.0029979939572513103
v -0.020843980833888054 0.04319994896650314 0.0027439589612185955
v -0.020978979766368866 0.04319994896650314 -0.0013749590143561363
v -0.006605981849133968 0.045881979167461395 -0.0025909540709108114
v 0.018841980025172234 0.03814398869872093 -0.016528960317373276
v 0.020861979573965073 0.03811997175216675 -0.012398949824273586
v 0.020805949345231056 0.03811800107359886 -0.012389950454235077
v -0.0033219449687749147 0.038533978164196014 -0.025195950642228127
v -0.003202974097803235 0.04071199148893356 -0.02428996004164219
v 0.0015969870146363974 0.04071199148893356 -0.024446960538625717
v -0.018227990716695786 0.042250990867614746 -0.013982949778437614
v -0.019440939649939537 0.04071199148893356 -0.014913969673216343
v -0.02197795920073986 0.04071199148893356 -0.010835940018296242
v 0.011132000014185905 0.038170989602804184 -0.022582940757274628
v 0.006482957862317562 0.03814398869872093 -0.024213960394263268
v 0.006572960875928402 0.038533978164196014 -0.024547990411520004
v -0.02258794941008091 0.038170989602804184 -0.011136939749121666
v 0.020018989220261574 0.04209797829389572 -0.011560969986021519
v 0.018414970487356186 0.04071199148893356 -0.016152970492839813
v 0.01726496033370495 0.042250990867614746 -0.01514500007033348
v -0.008184969425201416 0.03852694854140282 -0.024097969755530357
v 0.006335972808301449 0.04071199148893356 -0.023663990199565887
v 0.005939960014075041 0.042250990867614746 -0.022186990827322006
v 0.010153939947485924 0.042250990867614746 -0.020600970834493637
v -0.0035509460140019655 0.045881979167461395 -0.00614196015521884
v 0.01819794997572899 0.04319994896650314 -0.010509960353374481
v 0.01988697052001953 0.042250990867614746 -0.011484979651868343
v 0.01726496033370495 0.042250990867614746 -0.01514500007033348
v 0.020018989220261574 0.04209797829389572 -0.011560969986021519
v 0.01988697052001953 0.042250990867614746 -0.011484979651868343
v 0.020007960498332977 0.04210095852613449 -0.011558939702808857
v -0.016722969710826874 0.038316961377859116 -0.01906394027173519
v -0.01271199993789196 0.038533978164196014 -0.022008949890732765
v -0.012538960203528404 0.03814398869872093 -0.021709969267249107
v -0.01271199993789196 0.038533978164196014 -0.022008949890732765
v -0.008184969425201416 0.03852694854140282 -0.024097969755530357
v -0.008098958991467953 0.038170989602804184 -0.023842990398406982
v 0.01083099003881216 0.04071199148893356 -0.02197295054793358
v -0.02197795920073986 0.04071199148893356 -0.010835940018296242
v -0.019440939649939537 0.04071199148893356 -0.014913969673216343
v -0.020166989415884018 0.038533978164196014 -0.015470979735255241
v -0.006500958930701017 0.04319994896650314 -0.01996397040784359
v -0.002748965984210372 0.04319994896650314 -0.020838970318436623
v -0.003002940909937024 0.042250990867614746 -0.022772960364818573
v -0.022797999903559685 0.038533978164196014 -0.01123994030058384
v -0.02258794941008091 0.038170989602804184 -0.011136939749121666
v -0.024326980113983154 0.038170989602804184 -0.006516993045806885
v 0.014908960089087486 0.04071199148893356 -0.019436949864029884
v 0.013977999798953533 0.042250990867614746 -0.018222980201244354
v 0.01726496033370495 0.042250990867614746 -0.01514500007033348
v -0.0033219449687749147 0.038533978164196014 -0.025195950642228127
v 0.0016569490544497967 0.038533978164196014 -0.02535896934568882
v 0.00164198805578053 0.038170989602804184 -0.025125980377197266
v -0.015149950049817562 0.042250990867614746 -0.017269959673285484
v -0.004828989040106535 0.045881979167461395 -0.005198955070227385
v -0.009608983062207699 0.04487299174070358 -0.010349979624152184
v -0.01167093962430954 0.04487299174070358 -0.007953940890729427
v -0.007879972457885742 0.04071199148893356 -0.023198960348963737
v -0.003202974097803235 0.04071199148893356 -0.02428996004164219
v -0.0033219449687749147 0.038533978164196014 -0.025195950642228127
v -0.007387994788587093 0.042250990867614746 -0.021750979125499725
v -0.003002940909937024 0.042250990867614746 -0.022772960364818573
v -0.003202974097803235 0.04071199148893356 -0.02428996004164219
v -0.02366900071501732 0.04071199148893356 -0.006340980064123869
v -0.024553000926971436 0.038533978164196014 -0.006577968131750822
v -0.02536397986114025 0.038533978164196014 -0.0016619559610262513
v 0.018210940062999725 0.03811800107359886 -0.016005989164114
v 0.020805949345231056 0.03811800107359886 -0.012389950454235077
v 0.020747950300574303 0.03811800107359886 -0.012380950152873993
v -0.010514969937503338 0.04319994896650314 -0.01820296049118042
v -0.006500958930701017 0.04319994896650314 -0.01996397040784359
v -0.007387994788587093 0.042250990867614746 -0.021750979125499725
v -0.015149950049817562 0.042250990867614746 -0.017269959673285484
v -0.011489979922771454 0.042250990867614746 -0.019891969859600067
v -0.012254949659109116 0.04071199148893356 -0.02121697925031185
v -0.019440939649939537 0.04071199148893356 -0.014913969673216343
v -0.016157979145646095 0.04071199148893356 -0.01841896027326584
v -0.016779949888586998 0.03864198178052902 -0.019128970801830292
v 0.005152999889105558 0.04487299174070358 -0.013143000192940235
v -0.0229259692132473 0.042250990867614746 -0.001501976978033781
v -0.02219199948012829 0.042250990867614746 -0.005944966804236174
v -0.02366900071501732 0.04071199148893356 -0.006340980064123869
v 0.021712949499487877 0.0381469689309597 -0.012538960203528404
v 0.018841980025172234 0.03814398869872093 -0.016528960317373276
v 0.01905900053679943 0.038316961377859116 -0.016717970371246338
v 0.019123969599604607 0.03864198178052902 -0.016775960102677345
v 0.015465970151126385 0.038533978164196014 -0.020161980763077736
v 0.014908960089087486 0.04071199148893356 -0.019436949864029884
v 0.002585947047919035 0.045881979167461395 -0.0066019888035953045
v 0.006572960875928402 0.038533978164196014 -0.024547990411520004
v -0.02451895922422409 0.03811800107359886 -0.0019529459532350302
v -0.025112979114055634 0.038170989602804184 -0.0017579790437594056
v -0.024326980113983154 0.038170989602804184 -0.006516993045806885
v -0.02451895922422409 0.03811800107359886 -0.0019529459532350302
v -0.02240896038711071 0.03811800107359886 -0.002635955112054944
v -0.02404797077178955 0.028756970539689064 -0.0024839630350470543
v -0.025255970656871796 0.02860998921096325 -0.002030967967584729
v -0.025256989523768425 0.02860998921096325 -0.002029954921454191
v -0.025112979114055634 0.038170989602804184 -0.0017579790437594056
v -0.025256989523768425 0.02860998921096325 -0.002029954921454191
v -0.02536397986114025 0.038533978164196014 -0.0016619559610262513
v -0.025112979114055634 0.038170989602804184 -0.0017579790437594056
v -0.02451895922422409 0.03811800107359886 -0.0019529459532350302
v -0.02404797077178955 0.028756970539689064 -0.0024839630350470543
v -0.025255970656871796 0.02860998921096325 -0.002030967967584729
v 0.021311990916728973 0.04047197103500366 -0.012306979857385159
v 0.013813969679176807 0.04405897110700607 -0.010102979838848114
v 0.01819794997572899 0.04319994896650314 -0.010509960353374481
v 0.015797970816493034 0.04319994896650314 -0.013858970254659653
v 0.01103299017995596 0.03811800107359886 -0.02238297089934349
v 0.020747950300574303 0.03811800107359886 -0.012380950152873993
v 0.020044980570673943 0.03811800107359886 -0.012272000312805176
v 0.01103299017995596 0.03811800107359886 -0.02238297089934349
v 0.020044980570673943 0.03811800107359886 -0.012272000312805176
v -0.0105929896235466 0.03811800107359886 -0.005817948840558529
v -0.02451895922422409 0.03811800107359886 -0.0019529459532350302
v -0.02411096915602684 0.03811800107359886 -0.006458996795117855
v -0.02240896038711071 0.03811800107359886 -0.002635955112054944
v -0.0105929896235466 0.03811800107359886 -0.005817948840558529
v -0.02240896038711071 0.03811800107359886 -0.002635955112054944
v -0.02411096915602684 0.03811800107359886 -0.006458996795117855
v -0.01771700009703636 0.03811800107359886 -0.004036962054669857
v -0.025112979114055634 0.038170989602804184 -0.0017579790437594056
v -0.02536397986114025 0.038533978164196014 -0.0016619559610262513
v -0.024553000926971436 0.038533978164196014 -0.006577968131750822
v 0.04830700159072876 -0.03932594880461693 0.03341798856854439
v 0.04464095085859299 -0.03793596848845482 0.02631700038909912
v 0.044670991599559784 -0.03791898116469383 0.026360979303717613
v -0.008791983127593994 -0.0452839694917202 0.007973968051373959
v -0.010046949610114098 -0.04528294876217842 0.00580096198245883
v -0.00857698917388916 -0.045412950217723846 0.006830989848822355
v -0.006915986072272062 -0.045548971742391586 0.007992981933057308
v -0.013277940452098846 0.03391395881772041 0.029603950679302216
v -0.013271979987621307 0.03415495157241821 0.02953897975385189
v -0.013277940452098846 0.03391395881772041 0.029603950679302216
v -0.011822990141808987 0.030779000371694565 0.03287297114729881
v 0.015253960154950619 0.029290970414876938 0.03464597091078758
v 0.014992949552834034 0.02959894947707653 0.03296196088194847
v 0.014533990062773228 0.029364999383687973 0.0329279787838459
v 0.017132990062236786 0.03137296065688133 0.03358995169401169
v 0.016891000792384148 0.03148198127746582 0.033064961433410645
v 0.01634800061583519 0.030837949365377426 0.03304897993803024
v 0.017295949161052704 0.034122999757528305 0.033060960471630096
v 0.017432980239391327 0.032859981060028076 0.033421989530324936
v 0.019745999947190285 0.043992988765239716 0.03644895181059837
v 0.019745999947190285 0.043992988765239716 0.03644895181059837
v 0.016222000122070312 0.043992988765239716 0.030240949243307114
v 0.016281960532069206 0.043841950595378876 0.03035997971892357
v 0.019745999947190285 0.043992988765239716 0.03644895181059837
v 0.016281960532069206 0.043841950595378876 0.03035997971892357
v 0.017431970685720444 0.04026097059249878 0.03272293880581856
v 0.01753395050764084 0.039295971393585205 0.032993968576192856
v 0.017295949161052704 0.034122999757528305 0.033060960471630096
v 0.019745999947190285 0.043992988765239716 0.03644895181059837
v 0.0175129696726799 0.03955893963575363 0.03293298929929733
v 0.01753395050764084 0.039295971393585205 0.032993968576192856
v 0.019745999947190285 0.043992988765239716 0.03644895181059837
v 0.019745999947190285 0.043992988765239716 0.03644895181059837
v 0.017431970685720444 0.04026097059249878 0.03272293880581856
v 0.017458969727158546 0.04003797844052315 0.03279298171401024
v -0.026555949822068214 0.023254990577697754 0.008001983165740967
v -0.026159999892115593 0.02379298023879528 0.009033977054059505
v -0.026141999289393425 0.02413100004196167 0.008871971629559994
v -0.012514940463006496 0.025499990209937096 0.013578950427472591
v -0.01249598991125822 0.027062950655817986 0.013513980433344841
v -0.012905949726700783 0.027074990794062614 0.012998989783227444
v -0.015944000333547592 0.017455989494919777 0.027628950774669647
v -0.015138980001211166 0.017835969105362892 0.026732979342341423
v -0.014139950275421143 0.017718970775604248 0.027095969766378403
v -0.013893960043787956 0.017696969211101532 0.027166960760951042
v -0.013561960309743881 0.01767200045287609 0.027251949533820152
v -0.015944000333547592 0.017455989494919777 0.027628950774669647
v 0.009484945796430111 0.02899998053908348 0.03329598158597946
v 0.009301959536969662 0.02899998053908348 0.03285098075866699
v 0.008311985991895199 0.02917999029159546 0.032884951680898666
v 0.0052289958111941814 0.0322759710252285 0.033081941306591034
v 0.005813955795019865 0.032859981060028076 0.034875981509685516
v 0.005236982833594084 0.03224395960569382 0.033082958310842514
v 0.005813955795019865 0.032859981060028076 0.034875981509685516
v 0.006128965876996517 0.03137296065688133 0.034740980714559555
v 0.005236982833594084 0.03224395960569382 0.033082958310842514
v 0.007599948905408382 0.02936697006225586 0.03291194885969162
v 0.00681799603626132 0.029825979843735695 0.03295397013425827
v 0.006932972930371761 0.030122989788651466 0.034394968301057816
v 0.005917965900152922 0.03076498955488205 0.033032000064849854
v 0.006128965876996517 0.03137296065688133 0.034740980714559555
v 0.006932972930371761 0.030122989788651466 0.034394968301057816
v 0.006932972930371761 0.030122989788651466 0.034394968301057816
v 0.0063959951512515545 0.030100999400019646 0.03297799080610275
v 0.006229996215552092 0.030331959947943687 0.03299998864531517
v 0.017132990062236786 0.03137296065688133 0.03358995169401169
v 0.017432980239391327 0.032859981060028076 0.033421989530324936
v 0.01711297035217285 0.03229194134473801 0.03308498114347458
v 0.017432980239391327 0.032859981060028076 0.033421989530324936
v 0.01724296063184738 0.03280394896864891 0.03307795152068138
v 0.01711297035217285 0.03229194134473801 0.03308498114347458
v 0.013947959989309311 0.02899998053908348 0.03538094833493233
v 0.015253960154950619 0.029290970414876938 0.03464597091078758
v 0.014377949759364128 0.029285959899425507 0.03291194885969162
v 0.004197955131530762 0.04214297980070114 0.036369968205690384
v 0.0025909540709108114 0.03223298862576485 0.033081941306591034
v 0.002551971934735775 0.03128498047590256 0.033059000968933105
v 0.0025429720990359783 0.031141990795731544 0.03304797038435936
v 0.004197955131530762 0.04214297980070114 0.036369968205690384
v -0.011163939721882343 0.04376494139432907 0.017863979563117027
v -0.011220989748835564 0.04374796152114868 0.017896950244903564
v 0.012509999796748161 0.043163001537323 0.06395000219345093
v -0.020011959597468376 -0.04207795113325119 0.011558939702808857
v -0.020011959597468376 -0.04207795113325119 0.011558939702808857
v -0.007278977893292904 -0.04200398176908493 0.03348195180296898
v -0.017125960439443588 0.019190959632396698 0.026256969198584557
v -0.016732990741729736 0.018866000697016716 0.026900939643383026
v -0.01671897992491722 0.018861940130591393 0.02690798044204712
v 0.053091999143362045 0.04034698009490967 0.04248898848891258
v 0.021311990916728973 0.04047197103500366 -0.012306979857385159
v 0.033900968730449677 0.04109299182891846 0.010617969557642937
v 0.053091999143362045 0.04034698009490967 0.04248898848891258
v 0.04457198828458786 0.03862994164228439 0.026465950533747673
v 0.04379497841000557 0.038743969053030014 0.025209959596395493
v 0.04755394905805588 -0.04025696963071823 0.0331529900431633
v 0.044600959867239 -0.03795896843075752 0.026275990530848503
v 0.04464095085859299 -0.03793596848845482 0.02631700038909912
v 0.04535096138715744 0.04437398165464401 0.04695795848965645
v 0.03203696012496948 0.043700989335775375 0.017829950898885727
v 0.03199100121855736 0.04371296986937523 0.01785898022353649
v -0.021227950230240822 0.04069900140166283 0.012252979911863804
v -0.013628950342535973 0.038624998182058334 0.027197949588298798
v -0.013353999704122543 0.03863399848341942 0.027600999921560287
v -0.004800974857062101 0.0457189604640007 0.004513978026807308
v -0.005468964111059904 0.04566299170255661 0.004782973788678646
v 0.026008959859609604 0.04561996087431908 0.06395000219345093
v -0.013041970320045948 0.02549695037305355 0.01508294977247715
v -0.013428979553282261 0.025499990209937096 0.015202989801764488
v -0.013322940096259117 0.02708500064909458 0.015210979618132114
v -0.011157980188727379 0.0331609807908535 0.03352499008178711
v 0.007372974883764982 0.03811800107359886 0.06395000219345093
v -0.011215980164706707 0.034780971705913544 0.032576970756053925
v -0.01126496959477663 0.03454899042844772 0.03260999172925949
v -0.011292990297079086 0.0344499908387661 0.03261195868253708
v -0.011157980188727379 0.0331609807908535 0.03352499008178711
v -0.014291999861598015 0.025499990209937096 0.01508294977247715
v -0.01431095041334629 0.027112960815429688 0.015114960260689259
v -0.013640989549458027 0.02709393948316574 0.01520793978124857
v 0.01507996954023838 0.01637697033584118 0.02904796041548252
v 0.023453950881958008 0.01651597023010254 0.02893495000898838
v 0.04985499009490013 0.01506893988698721 0.030019989237189293
v 0.029431989416480064 0.023497989401221275 0.01525598019361496
v 0.02949398010969162 0.02681398019194603 0.015277979895472527
v 0.030144980177283287 0.02681099995970726 0.015167949721217155
v 0.03269898146390915 -0.04528294876217842 0.033288948237895966
v 0.021508989855647087 -0.046025991439819336 0.033532969653606415
v 0.008928953669965267 -0.045928001403808594 0.009762941859662533
v 0.021508989855647087 -0.046025991439819336 0.033532969653606415
v 0.007995963096618652 -0.045989990234375 0.009781955741345882
v 0.008714972995221615 -0.04594498127698898 0.009831964038312435
v 0.021508989855647087 -0.046025991439819336 0.033532969653606415
v 0.008714972995221615 -0.04594498127698898 0.009831964038312435
v 0.00883495807647705 -0.04593700170516968 0.009833990596234798
v -0.013988969847559929 -0.037905991077423096 0.026859989389777184
v -0.014046959578990936 -0.03796695917844772 0.026699960231781006
v -0.009079991839826107 -0.040307991206645966 0.03357100114226341
v 0.049074940383434296 0.016841940581798553 0.028662970289587975
v 0.03951799124479294 0.017675990238785744 0.027490969747304916
v 0.03955595940351486 0.017694950103759766 0.02747398056089878
v 0.04986095055937767 0.01571594923734665 0.02974897064268589
v 0.039452970027923584 0.017641959711909294 0.027520950883626938
v 0.03951799124479294 0.017675990238785744 0.027490969747304916
v 0.03943793848156929 0.017620980739593506 0.027527980506420135
v 0.04985499009490013 0.01506893988698721 0.030019989237189293
v 0.03816096857190132 0.017022959887981415 0.028301000595092773
v 0.03816096857190132 0.017022959887981415 0.028301000595092773
v 0.03861600160598755 0.017383990809321404 0.02785700000822544
v 0.03893493860960007 0.017450980842113495 0.02775496058166027
v 0.04985499009490013 0.01506893988698721 0.030019989237189293
v 0.03943793848156929 0.017620980739593506 0.027527980506420135
v 0.03943793848156929 0.01762896031141281 0.027526969090104103
v 0.035992980003356934 0.024363990873098373 0.007355988025665283
v 0.03212498873472214 0.02644597925245762 0.0011869659647345543
v 0.04949396103620529 0.03080195002257824 0.03257298097014427
v -0.023799950256943703 0.0248369500041008 0.013740950264036655
v -0.024210980162024498 0.02067697048187256 0.013977999798953533
v -0.02346700057387352 0.027918990701436996 0.01354795042425394
v -0.02346700057387352 0.027918990701436996 0.01354795042425394
v -0.02302395924925804 0.03209400177001953 0.01329295989125967
v -0.02426695078611374 0.02772199921309948 0.012219959869980812
v -0.02426695078611374 0.02772199921309948 0.012219959869980812
v -0.018388979136943817 0.018731949850916862 0.02418196015059948
v -0.017125960439443588 0.019190959632396698 0.026256969198584557
v -0.018482979387044907 0.020667970180511475 0.02371996082365513
v -0.013277940452098846 0.03391395881772041 0.029603950679302216
v -0.013271979987621307 0.03415495157241821 0.02953897975385189
v -0.013441969640552998 0.03470999002456665 0.02906595915555954
v -0.013441969640552998 0.03470999002456665 0.02906595915555954
v -0.014261960051953793 0.03762698173522949 0.02652198076248169
v -0.013749949634075165 0.03021096996963024 0.029305990785360336
v -0.013749949634075165 0.03021096996963024 0.029305990785360336
v -0.013089950196444988 0.020659979432821274 0.032891981303691864
v -0.013277940452098846 0.03391395881772041 0.029603950679302216
v -0.02302395924925804 0.03209400177001953 0.01329295989125967
v -0.02346700057387352 0.027918990701436996 0.01354795042425394
v -0.022980980575084686 0.02797394059598446 0.014108000323176384
v -0.018482979387044907 0.020667970180511475 0.02371996082365513
v -0.013089950196444988 0.020659979432821274 0.032891981303691864
v -0.017690949141979218 0.02924196980893612 0.022762000560760498
v -0.017690949141979218 0.02924196980893612 0.022762000560760498
v -0.022980980575084686 0.02797394059598446 0.014108000323176384
v -0.023193949833512306 0.026710979640483856 0.01408499013632536
v -0.021122990176081657 0.03756098821759224 0.014716980047523975
v -0.021553989499807358 0.036445971578359604 0.014257960021495819
v -0.017690949141979218 0.02924196980893612 0.022762000560760498
v -0.01722395047545433 0.029356950893998146 0.023538939654827118
v -0.01383494958281517 0.030132940039038658 0.028975959867239
v -0.014440950006246567 0.03784697875380516 0.0257869902998209
v -0.012652990408241749 0.02706599049270153 0.014630969613790512
v -0.012566979974508286 0.025484969839453697 0.014457999728620052
v -0.013041970320045948 0.02549695037305355 0.01508294977247715
v -0.013041970320045948 0.02549695037305355 0.01508294977247715
v -0.013021940365433693 0.027076000347733498 0.0151169802993536
v -0.012974970042705536 0.027074990794062614 0.015055949799716473
v -0.013041970320045948 0.025499990209937096 0.012916980311274529
v -0.012994999997317791 0.027076950296759605 0.012835970148444176
v -0.013478989712893963 0.027089949697256088 0.012705979868769646
v -0.013666979968547821 0.025499990209937096 0.012749959714710712
v -0.013666979968547821 0.02709496021270752 0.012709969654679298
v -0.01414996013045311 0.027107950299978256 0.012838950380682945
v -0.014291999861598015 0.025499990209937096 0.012916980311274529
v -0.01437097042798996 0.02711397036910057 0.012803969904780388
v -0.01472495961934328 0.027122970670461655 0.013156949542462826
v -0.014750000089406967 0.025499990209937096 0.013374979607760906
v -0.01478498987853527 0.027123980224132538 0.013353999704122543
v -0.014858960174024105 0.027125950902700424 0.014042969793081284
v -0.01442794967442751 0.027114979922771454 0.014948960393667221
v -0.014291999861598015 0.025499990209937096 0.01508294977247715
v -0.014844950288534164 0.025499990209937096 0.014267980121076107
v -0.014844950288534164 0.025499990209937096 0.014267980121076107
v -0.014853949658572674 0.027124999091029167 0.014320960268378258
v -0.014768949709832668 0.027122970670461655 0.014446970075368881
v -0.012566979974508286 0.025484969839453697 0.014457999728620052
v -0.012519000098109245 0.027062950655817986 0.014431949704885483
v -0.012477990239858627 0.027062950655817986 0.01374697033315897
v 0.030808979645371437 0.023413950577378273 0.013297970406711102
v 0.03067898005247116 0.02678596042096615 0.013156949542462826
v 0.030442949384450912 0.026784000918269157 0.012912980280816555
v 0.029529979452490807 0.022762000560760498 0.012806950137019157
v 0.029517939314246178 0.026784000918269157 0.012819940224289894
v 0.029126999899744987 0.02678799070417881 0.013082980178296566
v 0.030992979183793068 0.02349996007978916 0.01433700043708086
v 0.030990950763225555 0.026799969375133514 0.014343970455229282
v 0.030874960124492645 0.026791980490088463 0.013691959902644157
v 0.13333700597286224 0.00019999999494757503 0.11409900337457657
v 0.11149200052022934 0.00019999999494757503 0.11409900337457657
v 0.11149699985980988 -0.00019999999494757503 0.11409900337457657
v 0.02915697917342186 -0.02431296929717064 0.10368700325489044
v 0.030007949098944664 -0.02690500020980835 0.10367800295352936
v 0.035332970321178436 -0.021154990419745445 0.10710500180721283
v 0.02915697917342186 -0.02431296929717064 0.10368700325489044
v 0.027452999725937843 -0.024548940360546112 0.1025099977850914
v 0.02783696912229061 -0.026886990293860435 0.10246600210666656
v 0.035124000161886215 0.04495298117399216 0.08094298094511032
v 0.028783969581127167 0.04407196864485741 0.08102697134017944
v 0.031919948756694794 0.04321599006652832 0.08607900142669678
v 0.019247939810156822 0.041269950568675995 0.08076094835996628
v 0.04316895827651024 -0.02667498029768467 0.10749000310897827
v 0.04142795875668526 0.04545997828245163 0.08093100041151047
v 0.035124000161886215 0.04495298117399216 0.08094298094511032
v 0.038980960845947266 0.04403996095061302 0.0860469862818718
v 0.1336980015039444 0.00019999999494757503 0.03599094972014427
v 0.1334030032157898 0.00019999999494757503 0.035905949771404266
v 0.1330849975347519 0.0011199710424989462 0.03591597080230713
v 0.04842095822095871 0.011087000370025635 0.11159499734640121
v 0.046088989824056625 0.011064940132200718 0.11130400002002716
v 0.047342948615550995 0.003721951972693205 0.11182799935340881
v 0.035647980868816376 0.04613000154495239 0.06892496347427368
v 0.027687959372997284 0.040838949382305145 0.09038496017456055
v 0.026124000549316406 0.03992294892668724 0.09048496931791306
v 0.027189970016479492 0.03943394869565964 0.09200698137283325
v 0.025667959824204445 0.03522998094558716 0.09477496147155762
v 0.023413000628352165 0.03712797164916992 0.09058499336242676
v 0.022458970546722412 0.03555595129728317 0.09047800302505493
v 0.019247939810156822 0.041269950568675995 0.08076094835996628
v 0.02103297971189022 0.042380981147289276 0.08084797114133835
v 0.017596960067749023 0.04259299859404564 0.07526201009750366
v 0.04142795875668526 0.04545997828245163 0.08093100041151047
v 0.08552700281143188 -0.03757296875119209 0.10067500174045563
v 0.08278297632932663 -0.0406949482858181 0.09502696245908737
v 0.13739900290966034 -0.03426295146346092 0.0904499813914299
v 0.07951997965574265 0.02842497080564499 0.10691999644041061
v 0.07952796667814255 0.032846979796886444 0.1048939973115921
v 0.07599496096372604 0.03155297040939331 0.10564800351858139
v 0.13333900272846222 -0.00019999999494757503 0.03590095043182373
v 0.09565997123718262 -0.003316998016089201 0.03288799151778221
v 0.09570895880460739 0.003217994933947921 0.0328899584710598
v 0.030043000355362892 0.03142499178647995 0.10244999825954437
v 0.025667959824204445 0.03522998094558716 0.09477496147155762
v 0.02451395057141781 0.03326797112822533 0.09466295689344406
v 0.08458899706602097 -0.04510295018553734 0.08069795370101929
v 0.07835596054792404 -0.04553699120879173 0.08129996061325073
v 0.07833600044250488 -0.04596494883298874 0.07515496015548706
v 0.08218497037887573 0.04307800158858299 0.08963900059461594
v 0.031286001205444336 0.029509959742426872 0.10355500131845474
v 0.030043000355362892 0.03142499178647995 0.10244999825954437
v 0.02888398990035057 0.029263969510793686 0.10252899676561356
v 0.027875950559973717 0.02683698944747448 0.10248599946498871
v 0.023763950914144516 0.03150295838713646 0.09443700313568115
v 0.02340400032699108 0.030290959402918816 0.09419094771146774
v 0.04350893944501877 0.027803950011730194 0.10712099820375443
v 0.027239970862865448 -0.00019999999494757503 0.10364899784326553
v 0.027240989729762077 0.00043799998820759356 0.10365500301122665
v 0.025698000565171242 0.00019999999494757503 0.10242699831724167
v 0.07599800080060959 -0.03745894879102707 0.10243599861860275
v 0.07599996775388718 -0.032801978290081024 0.10502400249242783
v 0.0443989597260952 -0.031535979360342026 0.10563699901103973
v 0.04717295989394188 0.018390949815511703 0.11018799990415573
v 0.04367195814847946 0.01817196048796177 0.10985899716615677
v 0.046088989824056625 0.011064940132200718 0.11130400002002716
v 0.02074396051466465 0.03831499069929123 0.08610694855451584
v 0.021795980632305145 0.03970599174499512 0.08610694855451584
v 0.019247939810156822 0.041269950568675995 0.08076094835996628
v 0.05302298069000244 0.003708957927301526 0.11245299875736237
v 0.11149200052022934 0.00019999999494757503 0.11409900337457657
v 0.11200600117444992 0.0014689560048282146 0.11406990140676498
v 0.041698988527059555 -0.04285097122192383 0.0901859924197197
v 0.03668797016143799 -0.041773971170186996 0.0918719694018364
v 0.035770948976278305 -0.042339980602264404 0.0901859924197197
v 0.07952897995710373 0.0355449914932251 0.10342399775981903
v 0.08081697672605515 0.03564196079969406 0.10323499888181686
v 0.080362968146801 0.03738898038864136 0.10218899697065353
v 0.07599996775388718 0.018543949350714684 0.1102370023727417
v 0.08037400245666504 0.01864497922360897 0.11019500344991684
v 0.08097898215055466 0.025693949311971664 0.10783399641513824
v 0.1377449929714203 0.03709297999739647 0.07548695057630539
v 0.1377449929714203 0.037094950675964355 0.07498496025800705
v 0.13751600682735443 0.03745995834469795 0.0749729797244072
v 0.0419609509408474 0.012860950082540512 0.11026900261640549
v 0.04082195833325386 0.016570979729294777 0.10952699929475784
v 0.03991096839308739 0.016269979998469353 0.10934200137853622
v -0.00645595695823431 -0.04213397949934006 0.03508298844099045
v -0.007489978801459074 -0.04129600152373314 0.035104990005493164
v -0.007278977893292904 -0.04200398176908493 0.03348195180296898
v 0.03846395015716553 0.04597795009613037 0.0748940110206604
v 0.026124000549316406 -0.03992294892668724 0.09048496931791306
v 0.02360397018492222 -0.04122895002365112 0.08610600233078003
v 0.024553950875997543 -0.041680991649627686 0.08610694855451584
v 0.133542001247406 0.0013679859694093466 0.03608797863125801
v 0.13752099871635437 0.003378987079486251 0.037701960653066635
v 0.1375180035829544 -0.00019999999494757503 0.037540968507528305
v -0.013341959565877914 -0.007431983016431332 0.034582968801259995
v 0.02579497918486595 -0.007430970203131437 0.1023498997092247
v 0.025698000565171242 0.00019999999494757503 0.10242699831724167
v 0.1372630000114441 -0.035628970712423325 0.0870809480547905
v 0.08218497037887573 -0.04307800158858299 0.08963900059461594
v 0.08553998917341232 -0.04402595013380051 0.08528298139572144
v 0.02845299057662487 -0.02872299961745739 0.1023939996957779
v 0.02783696912229061 -0.026886990293860435 0.10246600210666656
v 0.023763950914144516 -0.03150295838713646 0.09443700313568115
v 0.13774999976158142 -0.03629397973418236 0.06736797094345093
v 0.13752290606498718 -0.0366859994828701 0.0674469992518425
v 0.13771399855613708 -0.03563499078154564 0.06404595822095871
v 0.13726000487804413 0.0341789685189724 0.0906059667468071
v 0.08280199021100998 0.04066997021436691 0.09507697075605392
v 0.08487600088119507 0.03757296875119209 0.10095199942588806
v 0.09134995192289352 -0.04438095912337303 0.06846194714307785
v 0.09004896134138107 -0.04403895139694214 0.06395094841718674
v 0.13733699917793274 -0.03720396012067795 0.06972496956586838
v 0.04950999841094017 0.0035519590601325035 0.11213400214910507
v 0.0495329387485981 -0.0035589931067079306 0.11213900148868561
v 0.05089997872710228 -0.0035609600599855185 0.112295001745224
v 0.03691500052809715 -0.03409295901656151 0.1036669984459877
v 0.03521298989653587 -0.0330919586122036 0.10366600006818771
v 0.033880941569805145 -0.03489195927977562 0.10253000259399414
v 0.13750599324703217 -0.037432961165905 0.07347697019577026
v 0.13761599361896515 -0.03701198101043701 0.06961297243833542
v 0.13774999976158142 -0.036713000386953354 0.06971894949674606
v 0.05089794844388962 0.0036989450454711914 0.1123180016875267
v 0.05172394961118698 0.0036829710006713867 0.1123879998922348
v 0.05003898963332176 0.011130980215966702 0.11170399934053421
v -0.010120980441570282 -0.03811800107359886 0.0336419902741909
v -0.009079991839826107 -0.040307991206645966 0.03357100114226341
v -0.00892496109008789 -0.03922098129987717 0.035118989646434784
v 0.04632794111967087 -0.02629196085035801 0.10782399773597717
v 0.04623996838927269 0.03564399108290672 0.10345599800348282
v 0.03882896155118942 0.038001950830221176 0.1008640006184578
v 0.03748995065689087 0.03743695840239525 0.10140799731016159
v 0.03765498846769333 0.03688395023345947 0.10237500071525574
v 0.02783696912229061 -0.026886990293860435 0.10246600210666656
v 0.027101989835500717 -0.023369960486888885 0.10234799981117249
v 0.023561950773000717 -0.03000395931303501 0.09460198134183884
v 0.013876969926059246 -0.03834794834256172 0.07511097192764282
v 0.13245199620723724 0.0019659989047795534 0.11405099928379059
v 0.04169594869017601 0.04284995049238205 0.0901859924197197
v 0.04133998975157738 0.044268958270549774 0.08603698015213013
v 0.0357699915766716 0.042339980602264404 0.0901859924197197
v 0.07730895280838013 -0.025598999112844467 0.10798899829387665
v 0.05089997872710228 -0.0035609600599855185 0.112295001745224
v 0.051664941012859344 -0.0036879770923405886 0.11238899827003479
v 0.05172394961118698 0.0036829710006713867 0.1123879998922348
v 0.044131990522146225 -0.0037639730144292116 0.11116000264883041
v 0.019247939810156822 -0.041269950568675995 0.08076094835996628
v 0.015976959839463234 -0.0415719710290432 0.07516299933195114
v 0.017596960067749023 -0.04259299859404564 0.07526201009750366
v 0.04835294932126999 -0.0036939969286322594 0.11195000261068344
v 0.046462949365377426 -0.011114000342786312 0.11135599762201309
v 0.04785298928618431 -0.011117990128695965 0.11153099685907364
v 0.046462949365377426 -0.011114000342786312 0.11135599762201309
v 0.042012978345155716 -0.016752000898122787 0.10980600118637085
v 0.044063981622457504 -0.018623940646648407 0.10982400178909302
v 0.13725900650024414 -0.019932979717850685 0.10687900334596634
v 0.13725699484348297 -0.0170969907194376 0.10849999636411667
v 0.07987897843122482 -0.03285098075866699 0.10486199706792831
v 0.11149200052022934 0.00019999999494757503 0.11409900337457657
v 0.13333700597286224 0.00019999999494757503 0.11409900337457657
v 0.13245199620723724 0.0019659989047795534 0.11405099928379059
v 0.05235499143600464 -0.006404994986951351 0.03287196159362793
v 0.04755394905805588 -0.04025696963071823 0.0331529900431633
v 0.005838990211486816 -0.04529093950986862 0.0333169586956501
v 0.02783696912229061 -0.026886990293860435 0.10246600210666656
v 0.02895396016538143 -0.029390990734100342 0.10253000259399414
v 0.030361950397491455 -0.02776199020445347 0.10367599874734879
v 0.028895970433950424 0.04041897878050804 0.09193599224090576
v 0.02959894947707653 0.0407329685986042 0.0919029712677002
v 0.029180999845266342 0.04136794060468674 0.09032595157623291
v 0.04142795875668526 -0.04545997828245163 0.08093100041151047
v 0.03651499003171921 -0.044514000415802 0.08366197347640991
v 0.035124000161886215 -0.04495298117399216 0.08094298094511032
v 0.0017149440245702863 0.02907096967101097 0.03285700082778931
v 0.052407968789339066 0.0022529950365424156 0.03285098075866699
v 0.05235499143600464 -0.006404994986951351 0.03287196159362793
v 0.04023395851254463 0.03516095131635666 0.10367199778556824
v 0.04075998067855835 0.037383969873189926 0.10246799886226654
v 0.038279950618743896 0.03689794987440109 0.10251300036907196
v 0.04767495021224022 -0.04565196856856346 0.08096498250961304
v 0.13774999976158142 -0.017664959654211998 0.042380981147289276
v 0.13734999299049377 -0.01794796995818615 0.04197996109724045
v 0.13740700483322144 -0.013114980421960354 0.03981798142194748
v 0.05381900072097778 -0.0037109849508851767 0.1124970018863678
v 0.05041199177503586 -0.01110094040632248 0.11173199862241745
v 0.11201000213623047 -0.0014799829805269837 0.11406990140676498
v 0.04261595010757446 -0.02073596976697445 0.1091269999742508
v 0.04123597964644432 -0.020434970036149025 0.10893899947404861
v 0.040763970464468 -0.02345496043562889 0.10811000317335129
v 0.04666893929243088 0.003653943073004484 0.11170700192451477
v 0.1377200037240982 -0.022225970402359962 0.0450819693505764
v 0.1374340057373047 -0.022386960685253143 0.04486595839262009
v 0.13734999299049377 -0.01794796995818615 0.04197996109724045
v 0.04785298928618431 -0.011117990128695965 0.11153099685907364
v 0.047544948756694794 -0.01862799935042858 0.11018099635839462
v 0.04916995018720627 -0.018495969474315643 0.11024300009012222
v 0.039148978888988495 -0.03493499010801315 0.10366900265216827
v 0.03843497857451439 -0.03692895174026489 0.10251600295305252
v 0.04091399163007736 -0.03741097077727318 0.10244999825954437
v 0.13738200068473816 0.028814969584345818 0.050919950008392334
v 0.13734500110149384 0.03223495930433273 0.055677950382232666
v 0.1377449929714203 0.031694941222667694 0.05574797838926315
v 0.03938698023557663 0.00876599457114935 0.10963500291109085
v 0.03333896026015282 0.008446991443634033 0.10709399729967117
v 0.034826990216970444 0.00019999999494757503 0.10797400027513504
v 0.13737699389457703 -0.010260989889502525 0.11114200204610825
v 0.13245700299739838 -0.0019659989047795534 0.11405099928379059
v 0.08046895265579224 -0.018592000007629395 0.11015590280294418
v 0.04019099101424217 -0.037422001361846924 0.10232999920845032
v 0.037656959146261215 -0.03687797859311104 0.10237500071525574
v 0.03734796866774559 -0.037367988377809525 0.1014460027217865
v 0.1376650035381317 0.03329598158597946 0.09198898077011108
v 0.13750700652599335 0.0313989482820034 0.09549099206924438
v 0.1377439945936203 0.031079940497875214 0.09528195112943649
v 0.04082493856549263 -0.016586950048804283 0.10952500253915787
v 0.04190599173307419 -0.013309000059962273 0.11017999798059464
v 0.03971296176314354 -0.013864990323781967 0.10951700061559677
v 0.002177000045776367 -0.04456698149442673 0.03502500057220459
v 0.01414399966597557 -0.043567951768636703 0.06395000219345093
v 0.012645949609577656 -0.04319994896650314 0.06395000219345093
v 0.03230195865035057 -0.03073096089065075 0.10359399765729904
v 0.03031598962843418 -0.03145796060562134 0.10256090015172958
v 0.031992968171834946 -0.03342396020889282 0.1025099977850914
v 0.031286001205444336 0.029509959742426872 0.10355500131845474
v 0.04318498820066452 -0.0034249420277774334 0.11092700064182281
v 0.043470971286296844 0.003657995956018567 0.11098600178956985
v 0.04238896816968918 0.0030229680705815554 0.11071690171957016
v 0.08618897199630737 -0.044547971338033676 0.06395094841718674
v 0.09004896134138107 -0.04403895139694214 0.06395094841718674
v 0.09134995192289352 -0.04438095912337303 0.06846194714307785
v 0.023652970790863037 -0.04621100053191185 0.04329096898436546
v 0.014364000409841537 -0.04604798182845116 0.03501497954130173
v 0.021508989855647087 -0.046025991439819336 0.033532969653606415
v 0.13774999976158142 -0.013579959981143475 0.10952900350093842
v 0.13774999976158142 -0.010133979842066765 0.11069100350141525
v 0.13768400251865387 -0.01020198967307806 0.11093199998140335
v 0.07216297835111618 -0.045589979737997055 0.08127397298812866
v 0.0717960000038147 -0.046018000692129135 0.07513599842786789
v 0.07833600044250488 -0.04596494883298874 0.07515496015548706
v 0.07905297726392746 -0.04448895901441574 0.08616697043180466
v 0.08218497037887573 -0.04307800158858299 0.08963900059461594
v 0.07912694662809372 -0.042427949607372284 0.09193295240402222
v 0.04632794111967087 -0.02629196085035801 0.10782399773597717
v 0.03425794094800949 0.016978969797492027 0.10710199922323227
v 0.02868496999144554 0.021624980494379997 0.10369200259447098
v 0.02767300046980381 0.01078294962644577 0.10369499772787094
v 0.041867971420288086 0.023938000202178955 0.10817299783229828
v 0.04197198152542114 0.024157999083399773 0.10812690109014511
v 0.04109596833586693 0.024355940520763397 0.1079230010509491
v 0.13752290606498718 -0.0366859994828701 0.0674469992518425
v 0.13774999976158142 -0.03629397973418236 0.06736797094345093
v 0.13774999976158142 -0.036713000386953354 0.06971894949674606
v 0.04095900058746338 0.0011699789902195334 0.1103150025010109
v 0.04099595174193382 0.006650983821600676 0.11023200303316116
v 0.03932398185133934 0.006201982032507658 0.10966400057077408
v 0.05041199177503586 -0.01110094040632248 0.11173199862241745
v 0.051664941012859344 -0.0036879770923405886 0.11238899827003479
v 0.0495329387485981 -0.0035589931067079306 0.11213900148868561
v 0.07599496096372604 0.027499970048666 0.1073819026350975
v 0.045771948993206024 0.027619000524282455 0.10730600357055664
v 0.04632794111967087 0.02629196085035801 0.10782399773597717
v 0.13774999976158142 -0.012848969548940659 0.040205951780080795
v 0.13740700483322144 -0.013114980421960354 0.03981798142194748
v 0.1376660019159317 -0.007995963096618652 0.038510970771312714
v 0.028783969581127167 -0.04407196864485741 0.08102697134017944
v 0.03423595055937767 0.03243695944547653 0.10366600006818771
v 0.035218000411987305 0.033078961074352264 0.10366600006818771
v 0.0337599515914917 0.03478996828198433 0.10253799706697464
v 0.044131990522146225 -0.0037639730144292116 0.11116000264883041
v 0.04509996995329857 -0.011109939776360989 0.11112499982118607
v 0.046462949365377426 -0.011114000342786312 0.11135599762201309
v 0.13370099663734436 -0.00019999999494757503 0.03599094972014427
v 0.1336980015039444 0.00019999999494757503 0.03599094972014427
v 0.1375180035829544 -0.00019999999494757503 0.037540968507528305
v 0.02895396016538143 -0.029390990734100342 0.10253000259399414
v 0.03031598962843418 -0.03145796060562134 0.10256090015172958
v 0.03140097111463547 -0.029424959793686867 0.10367099940776825
v 0.04004395008087158 -0.017642969265580177 0.1091890037059784
v 0.03994195908308029 -0.016487950459122658 0.10928899794816971
v 0.03462295979261398 -0.019108949229121208 0.10710299760103226
v 0.024744980037212372 -0.03697197884321213 0.09224998205900192
v 0.023413000628352165 -0.03712797164916992 0.09058499336242676
v 0.024658970534801483 -0.03864495828747749 0.09057199209928513
v 0.07599996775388718 -0.03155297040939331 0.10564800351858139
v 0.07599996775388718 -0.027499970048666 0.1073819026350975
v 0.04592198133468628 -0.02761095017194748 0.10731299966573715
v 0.052407968789339066 0.0022529950365424156 0.03285098075866699
v 0.07118897885084152 0.004363954067230225 0.03285700082778931
v 0.07116597145795822 -0.004306972026824951 0.032857950776815414
v 0.07730895280838013 -0.025598999112844467 0.10798899829387665
v 0.07599996775388718 -0.01857900060713291 0.11022999882698059
v 0.04916995018720627 -0.018495969474315643 0.11024300009012222
v 0.045175958424806595 -0.0461459681391716 0.07492297142744064
v 0.03334200009703636 -0.00844794511795044 0.10709299892187119
v 0.034675948321819305 -0.00019999999494757503 0.10790199786424637
v 0.030901959165930748 -0.00019999999494757503 0.10595999658107758
v 0.0861879512667656 0.04454195126891136 0.06395094841718674
v 0.08480995148420334 0.045374978333711624 0.06878697127103806
v 0.09134995192289352 0.04438095912337303 0.06846194714307785
v 0.041439950466156006 -0.027129940688610077 0.10711690038442612
v 0.03691500052809715 -0.03409295901656151 0.1036669984459877
v 0.039148978888988495 -0.03493499010801315 0.10366900265216827
v 0.05003898963332176 0.011130980215966702 0.11170399934053421
v 0.047544948756694794 0.01862799935042858 0.11018099635839462
v 0.04717295989394188 0.018390949815511703 0.11018799990415573
v 0.1375889927148819 0.0370059609413147 0.06944698095321655
v 0.13750599324703217 0.0374409481883049 0.07348400354385376
v 0.1377449929714203 0.03706597909331322 0.07349895685911179
v 0.03659497946500778 0.03739994019269943 0.10116399824619293
v 0.03882896155118942 0.038001950830221176 0.1008640006184578
v 0.0316929817199707 0.04123497009277344 0.09179996699094772
v 0.1374099999666214 0.014806980267167091 0.040538959205150604
v 0.13750900328159332 0.01991897076368332 0.043269988149404526
v 0.1377449929714203 0.019499000161886215 0.043459948152303696
v 0.023277990520000458 -0.04098194092512131 0.08610600233078003
v 0.019247939810156822 -0.041269950568675995 0.08076094835996628
v 0.02103297971189022 -0.042380981147289276 0.08084797114133835
v 0.13336190581321716 0.001286983024328947 0.11397299915552139
v 0.13359899818897247 0.00019999999494757503 0.11404900252819061
v 0.13750599324703217 0.0034019940067082644 0.11232300102710724
v 0.07599996775388718 -0.027499970048666 0.1073819026350975
v 0.13771499693393707 0.03456699103116989 0.06106400117278099
v 0.1377449929714203 0.031694941222667694 0.05574797838926315
v 0.13734500110149384 0.03223495930433273 0.055677950382232666
v 0.04367195814847946 0.01817196048796177 0.10985899716615677
v 0.04202096909284592 0.016457969322800636 0.1098179966211319
v 0.04509996995329857 0.01111495029181242 0.11112599819898605
v 0.07118897885084152 0.004363954067230225 0.03285700082778931
v 0.0017149440245702863 0.02907096967101097 0.03285700082778931
v 0.023978939279913902 0.02902895025908947 0.03287297114729881
v 0.07118897885084152 0.004363954067230225 0.03285700082778931
v 0.023978939279913902 0.02902895025908947 0.03287297114729881
v 0.04775397852063179 0.02924996055662632 0.0328899584710598
v 0.049559950828552246 0.03249698132276535 0.0328979417681694
v 0.049450989812612534 0.03329097852110863 0.03289895877242088
v 0.07118897885084152 0.004363954067230225 0.03285700082778931
v 0.04959297180175781 0.03216296061873436 0.032896991819143295
v 0.049559950828552246 0.03249698132276535 0.0328979417681694
v 0.07118897885084152 0.004363954067230225 0.03285700082778931
v 0.07118897885084152 0.004363954067230225 0.03285700082778931
v 0.04775397852063179 0.02924996055662632 0.0328899584710598
v 0.049203988164663315 0.02978295087814331 0.032891981303691864
v 0.07118897885084152 0.004363954067230225 0.03285700082778931
v 0.049203988164663315 0.02978295087814331 0.032891981303691864
v 0.04930698126554489 0.030014989897608757 0.032891981303691864
v 0.04960595816373825 0.03181295841932297 0.032895978540182114
v 0.04959297180175781 0.03216296061873436 0.032896991819143295
v 0.07118897885084152 0.004363954067230225 0.03285700082778931
v 0.07715796679258347 0.03563797101378441 0.1034649983048439
v 0.0781809613108635 0.03743898123502731 0.10237500071525574
v 0.07599598169326782 0.03746097907423973 0.10243300348520279
v 0.13742700219154358 0.03737496957182884 0.07849597185850143
v 0.13748900592327118 0.03745096176862717 0.07637900114059448
v 0.08458501100540161 0.045542001724243164 0.07476896047592163
v 0.07779598236083984 -0.04248594865202904 0.09190601110458374
v 0.0795089602470398 -0.042361970990896225 0.09203194826841354
v 0.08007597178220749 -0.03772896155714989 0.10170499980449677
v 0.03641295060515404 -0.023042969405651093 0.10710790008306503
v 0.035332970321178436 -0.021154990419745445 0.10710500180721283
v 0.030007949098944664 -0.02690500020980835 0.10367800295352936
v 0.029180999845266342 0.04136794060468674 0.09032595157623291
v 0.015474970452487469 0.043198999017477036 0.06884098052978516
v 0.02163398079574108 0.044545941054821014 0.06888800114393234
v 0.01934598945081234 0.0446469709277153 0.06395000219345093
v 0.1374509036540985 -0.037356968969106674 0.07849395275115967
v 0.08458899706602097 -0.04510295018553734 0.08069795370101929
v 0.08458501100540161 -0.045542001724243164 0.07476896047592163
v 0.13733699917793274 -0.03720396012067795 0.06972496956586838
v 0.09004896134138107 -0.04403895139694214 0.06395094841718674
v 0.09086298197507858 -0.043105948716402054 0.06078999862074852
v 0.02895396016538143 -0.029390990734100342 0.10253000259399414
v 0.02845299057662487 -0.02872299961745739 0.1023939996957779
v 0.02451395057141781 -0.03326797112822533 0.09466295689344406
v 0.13774999976158142 -0.036521971225738525 0.08146697282791138
v 0.13749200105667114 -0.03685998171567917 0.08188395947217941
v 0.1374509036540985 -0.037356968969106674 0.07849395275115967
v 0.07599496096372604 0.03155297040939331 0.10564800351858139
v 0.07952796667814255 0.032846979796886444 0.1048939973115921
v 0.07715796679258347 0.03563797101378441 0.1034649983048439
v 0.07599496096372604 0.03155297040939331 0.10564800351858139
v 0.04439394921064377 0.03153698891401291 0.10563699901103973
v 0.045771948993206024 0.027619000524282455 0.10730600357055664
v 0.013876969926059246 0.03834794834256172 0.07511097192764282
v 0.13725200295448303 0.016978969797492027 0.10850200057029724
v 0.08480995148420334 -0.045374978333711624 0.06878697127103806
v 0.026616990566253662 -0.04604798182845116 0.035965971648693085
v 0.03269898146390915 -0.04528294876217842 0.033288948237895966
v 0.044709980487823486 0.041252970695495605 0.09431499242782593
v 0.055457938462495804 0.041465990245342255 0.09431499242782593
v 0.05341397970914841 0.043227970600128174 0.0901859924197197
v -0.013089950196444988 0.020659979432821274 0.032891981303691864
v -0.011822990141808987 0.030779000371694565 0.03287297114729881
v -0.008709967136383057 0.03014999069273472 0.03286999091506004
v 0.03000395931303501 0.026902969926595688 0.10367800295352936
v 0.028446970507502556 0.02872597984969616 0.1023939996957779
v 0.027875950559973717 0.02683698944747448 0.10248599946498871
v -0.011157980188727379 0.0331609807908535 0.03352499008178711
v -0.010845949873328209 0.03277796134352684 0.03295296058058739
v -0.010980959981679916 0.03255796059966087 0.0329740010201931
v 0.040763970464468 -0.02345496043562889 0.10811000317335129
v 0.040450990200042725 -0.021368980407714844 0.10855700075626373
v 0.03641295060515404 -0.023042969405651093 0.10710790008306503
v 0.03477298840880394 -0.03283398970961571 0.10366600006818771
v 0.03302197903394699 -0.031359970569610596 0.10366799682378769
v 0.031992968171834946 -0.03342396020889282 0.1025099977850914
v -0.013341959565877914 -0.007431983016431332 0.034582968801259995
v -0.01347993966192007 -0.013232939876616001 0.03348296135663986
v 0.0264129601418972 -0.01487897988408804 0.1025099977850914
v 0.13362200558185577 -0.00019999999494757503 0.1140419989824295
v 0.1375190019607544 -0.00020099998801015317 0.112466000020504
v 0.1375119984149933 0.00020099998801015317 0.11247099936008453
v 0.04109596833586693 0.024355940520763397 0.1079230010509491
v 0.04197198152542114 0.024157999083399773 0.10812690109014511
v 0.04257398098707199 0.025015950202941895 0.10795500129461288
v 0.13726000487804413 0.0341789685189724 0.0906059667468071
v 0.13754400610923767 0.03497897833585739 0.08834797143936157
v 0.08218497037887573 0.04307800158858299 0.08963900059461594
v 0.0459669791162014 0.01874195970594883 0.10998500138521194
v 0.047544948756694794 0.01862799935042858 0.11018099635839462
v 0.04454696178436279 0.025410950183868408 0.10800100117921829
v 0.05172394961118698 0.0036829710006713867 0.1123879998922348
v 0.05302298069000244 0.003708957927301526 0.11245299875736237
v 0.05084699019789696 0.011146959848701954 0.11174099892377853
v 0.13774900138378143 -0.032197948545217514 0.09345494955778122
v 0.13774900138378143 -0.03024500049650669 0.09650695323944092
v 0.1375039964914322 -0.03056894987821579 0.09673798084259033
v 0.0316929817199707 0.04123497009277344 0.09179996699094772
v 0.0357699915766716 0.042339980602264404 0.0901859924197197
v 0.034097958356142044 0.043564971536397934 0.08606696128845215
v 0.027628950774669647 -0.03698693960905075 0.09526801109313965
v 0.025667959824204445 -0.03522998094558716 0.09477496147155762
v 0.024744980037212372 -0.03697197884321213 0.09224998205900192
v 0.035770948976278305 -0.042339980602264404 0.0901859924197197
v 0.033217959105968475 -0.04344999045133591 0.08607196062803268
v 0.03651499003171921 -0.044514000415802 0.08366197347640991
v 0.04464095085859299 0.0036749830469489098 0.1112539991736412
v 0.043470971286296844 0.003657995956018567 0.11098600178956985
v 0.04318498820066452 -0.0034249420277774334 0.11092700064182281
v 0.03932499140501022 -0.006200969219207764 0.10966499894857407
v 0.040954940021038055 -0.006885944865643978 0.11021199822425842
v 0.040021948516368866 0.0 0.11001899838447571
v 0.1372459977865219 0.03671598061919212 0.06699799746274948
v 0.09121494740247726 0.04382896050810814 0.06395094841718674
v 0.09134995192289352 0.04438095912337303 0.06846194714307785
v 0.03782600164413452 -0.024706000462174416 0.10711099952459335
v 0.028446970507502556 0.02872597984969616 0.1023939996957779
v 0.03000395931303501 0.026902969926595688 0.10367800295352936
v 0.030442949384450912 0.028085939586162567 0.10361400246620178
v 0.0276869498193264 -0.01078294962644577 0.10369499772787094
v 0.028120990842580795 -0.01663094013929367 0.10369399935007095
v 0.03425997123122215 -0.01698100008070469 0.1071000024676323
v 0.03938698023557663 0.00876599457114935 0.10963500291109085
v 0.04323196038603783 -0.019800959154963493 0.10944300144910812
v 0.042288001626729965 -0.018592000007629395 0.10953190177679062
v 0.04123597964644432 -0.020434970036149025 0.10893899947404861
v 0.041698988527059555 -0.04285097122192383 0.0901859924197197
v 0.03991096839308739 0.016269979998469353 0.10934200137853622
v 0.03462100028991699 0.019105970859527588 0.10710400342941284
v 0.03425794094800949 0.016978969797492027 0.10710199922323227
v 0.13774900138378143 -0.032197948545217514 0.09345494955778122
v 0.13748799264431 -0.03254394978284836 0.09365296363830566
v 0.1376899927854538 -0.034060001373291016 0.0903579518198967
v 0.024658970534801483 -0.03864495828747749 0.09057199209928513
v 0.02217697910964489 -0.04014693945646286 0.08610694855451584
v 0.023277990520000458 -0.04098194092512131 0.08610600233078003
v 0.026757949963212013 -0.04238998144865036 0.08610694855451584
v 0.028783969581127167 -0.04407196864485741 0.08102697134017944
v 0.0326799713075161 -0.04336094111204147 0.08607500046491623
v 0.03425794094800949 0.016978969797492027 0.10710199922323227
v 0.13370099663734436 -0.00019999999494757503 0.03599094972014427
v 0.13333900272846222 -0.00019999999494757503 0.03590095043182373
v 0.1334030032157898 0.00019999999494757503 0.035905949771404266
v 0.1377449929714203 0.03670196980237961 0.08044499158859253
v 0.13759000599384308 0.03702700138092041 0.08049196004867554
v 0.13771000504493713 0.036105990409851074 0.08436298370361328
v 0.04509996995329857 0.01111495029181242 0.11112599819898605
v 0.055457938462495804 0.041465990245342255 0.09431499242782593
v 0.0767509862780571 0.04249494895339012 0.09198098629713058
v 0.07599496096372604 0.04421894997358322 0.08734797686338425
v 0.0326799713075161 -0.04336094111204147 0.08607500046491623
v 0.033217959105968475 -0.04344999045133591 0.08607196062803268
v 0.035770948976278305 -0.042339980602264404 0.0901859924197197
v 0.1375190019607544 -0.00020099998801015317 0.112466000020504
v 0.13747699558734894 -0.0022229549940675497 0.1124270036816597
v 0.13774999976158142 -0.002199946902692318 0.11203499883413315
v 0.0804789587855339 -0.025914959609508514 0.10781300067901611
v 0.13747400045394897 -0.021640950813889503 0.10564099997282028
v 0.13725900650024414 -0.019932979717850685 0.10687900334596634
v 0.07974796742200851 -0.035651981830596924 0.10332299768924713
v 0.04288094863295555 0.03563898056745529 0.1034500002861023
v 0.041949979960918427 0.03744196146726608 0.10244099795818329
v 0.04075998067855835 0.037383969873189926 0.10246799886226654
v 0.04917097091674805 0.018490970134735107 0.11024300009012222
v 0.047544948756694794 0.01862799935042858 0.11018099635839462
v 0.05003898963332176 0.011130980215966702 0.11170399934053421
v 0.0408019982278347 0.045390959829092026 0.04958397150039673
v 0.031676940619945526 0.046220000833272934 0.05487494915723801
v 0.07833600044250488 0.04596494883298874 0.07515496015548706
v 0.02626298926770687 -0.04619299992918968 0.041471000760793686
v 0.026616990566253662 -0.04604798182845116 0.035965971648693085
v 0.07834898680448532 -0.04576997831463814 0.06896697729825974
v 0.03425997123122215 -0.01698100008070469 0.1071000024676323
v 0.03462295979261398 -0.019108949229121208 0.10710299760103226
v 0.03994195908308029 -0.016487950459122658 0.10928899794816971
v 0.03846395015716553 0.04597795009613037 0.0748940110206604
v 0.026479950174689293 0.042331989854574203 0.08610694855451584
v 0.031919948756694794 0.04321599006652832 0.08607900142669678
v 0.028783969581127167 0.04407196864485741 0.08102697134017944
v 0.13741500675678253 0.03589098900556564 0.06396698206663132
v 0.09086298197507858 0.04274898022413254 0.05954694002866745
v 0.09086298197507858 0.043102968484163284 0.06078999862074852
v 0.046088989824056625 0.011064940132200718 0.11130400002002716
v 0.04509996995329857 0.01111495029181242 0.11112599819898605
v 0.04666893929243088 0.003653943073004484 0.11170700192451477
v 0.07599496096372604 0.04421894997358322 0.08734797686338425
v 0.08218497037887573 0.04307800158858299 0.08963900059461594
v 0.08288096636533737 0.044266991317272186 0.0857739970088005
v 0.047544948756694794 0.01862799935042858 0.11018099635839462
v 0.04917097091674805 0.018490970134735107 0.11024300009012222
v 0.04632794111967087 0.02629196085035801 0.10782399773597717
v 0.03691500052809715 -0.03409295901656151 0.1036669984459877
v 0.03600800037384033 -0.03623199090361595 0.10245499759912491
v 0.03843497857451439 -0.03692895174026489 0.10251600295305252
v 0.08288096636533737 0.044266991317272186 0.0857739970088005
v 0.08458899706602097 0.04510295018553734 0.08069795370101929
v 0.07835596054792404 0.04553699120879173 0.08129996061325073
v -0.00645595695823431 -0.04213397949934006 0.03508298844099045
v -0.0062839980237185955 -0.04252098873257637 0.033668991178274155
v -0.004941998980939388 -0.04299097880721092 0.03363697975873947
v 0.024658970534801483 0.03864495828747749 0.09057295322418213
v 0.026124000549316406 0.03992294892668724 0.09048496931791306
v 0.02452296018600464 0.04170798882842064 0.08610694855451584
v 0.0264129601418972 -0.01487897988408804 0.1025099977850914
v -0.01347993966192007 -0.013232939876616001 0.03348296135663986
v -0.011823950335383415 -0.0233649592846632 0.03485900163650513
v 0.1373748928308487 0.03634696826338768 0.08450596779584885
v 0.1372489035129547 0.037199970334768295 0.0805169865489006
v 0.08458899706602097 0.04510295018553734 0.08069795370101929
v 0.04950999841094017 0.0035519590601325035 0.11213400214910507
v 0.047342948615550995 0.003721951972693205 0.11182799935340881
v 0.04835294932126999 -0.0036939969286322594 0.11195000261068344
v 0.053419940173625946 -0.043227970600128174 0.0901859924197197
v 0.005778967868536711 0.04287498816847801 0.035671938210725784
v 0.026008959859609604 0.04561996087431908 0.06395000219345093
v 0.031676940619945526 0.046220000833272934 0.05487494915723801
v 0.03623998165130615 0.033855970948934555 0.10359899699687958
v 0.0359419509768486 0.0359879694879055 0.10255999863147736
v 0.0337599515914917 0.03478996828198433 0.10253799706697464
v 0.07951997965574265 0.02842497080564499 0.10691999644041061
v 0.13743199408054352 0.015556990168988705 0.10917200148105621
v 0.13725200295448303 0.016978969797492027 0.10850200057029724
v 0.03952198848128319 -0.02608400024473667 0.10711400210857391
v 0.020870979875326157 -0.038556989282369614 0.08610694855451584
v 0.05381900072097778 -0.0037109849508851767 0.1124970018863678
v 0.11149699985980988 -0.00019999999494757503 0.11409900337457657
v 0.11149200052022934 0.00019999999494757503 0.11409900337457657
v 0.1376899927854538 -0.034060001373291016 0.0903579518198967
v 0.13760699331760406 -0.035463981330394745 0.0870249792933464
v 0.13774999976158142 -0.03514397144317627 0.086916983127594
v 0.1374288946390152 0.034814950078725815 0.06096398085355759
v 0.09086298197507858 0.04143296927213669 0.05598098039627075
v 0.09086298197507858 0.04274898022413254 0.05954694002866745
v 0.08553998917341232 -0.04402595013380051 0.08528298139572144
v 0.08458899706602097 -0.04510295018553734 0.08069795370101929
v 0.1374509036540985 -0.037356968969106674 0.07849395275115967
v 0.13725699484348297 -0.0170969907194376 0.10849999636411667
v 0.13744689524173737 -0.013726940378546715 0.10991200059652328
v 0.07986997812986374 -0.028430990874767303 0.10689599812030792
v 0.03734796866774559 -0.037367988377809525 0.1014460027217865
v 0.030020950362086296 -0.04087299108505249 0.0918799564242363
v 0.0316929817199707 -0.04123497009277344 0.09179996699094772
v 0.030020950362086296 -0.04087299108505249 0.0918799564242363
v 0.029180999845266342 -0.04136794060468674 0.09032595157623291
v 0.03031097911298275 -0.04159998148679733 0.09027498215436935
v 0.028783969581127167 -0.04407196864485741 0.08102697134017944
v 0.02219896949827671 -0.04297798126935959 0.07995498180389404
v 0.02506195940077305 -0.0444369912147522 0.07492697238922119
v 0.13356000185012817 -0.001376986037939787 0.036101989448070526
v 0.13370099663734436 -0.00019999999494757503 0.03599094972014427
v 0.13749699294567108 -0.002795994048938155 0.03762400150299072
v 0.07834898680448532 -0.04576997831463814 0.06896697729825974
v 0.08480995148420334 -0.045374978333711624 0.06878697127103806
v 0.08458501100540161 -0.045542001724243164 0.07476896047592163
v 0.052794989198446274 -0.0037009709049016237 0.11246199905872345
v 0.05302298069000244 0.003708957927301526 0.11245299875736237
v 0.05172394961118698 0.0036829710006713867 0.1123879998922348
v 0.13725599646568298 0.022384999319911003 0.10519400238990784
v 0.080362968146801 0.03738898038864136 0.10218899697065353
v 0.08081697672605515 0.03564196079969406 0.10323499888181686
v 0.035124000161886215 -0.04495298117399216 0.08094298094511032
v 0.028783969581127167 -0.04407196864485741 0.08102697134017944
v 0.03174494951963425 -0.04542696103453636 0.07489197701215744
v 0.037625961005687714 0.03436195105314255 0.10366799682378769
v 0.13334199786186218 -0.00019999999494757503 0.11409900337457657
v 0.13362200558185577 -0.00019999999494757503 0.1140419989824295
v 0.13359899818897247 0.00019999999494757503 0.11404900252819061
v 0.07118897885084152 0.004363954067230225 0.03285700082778931
v 0.09570895880460739 0.003217994933947921 0.0328899584710598
v 0.09565997123718262 -0.003316998016089201 0.03288799151778221
v 0.042766980826854706 0.04621696099638939 0.06892894953489304
v 0.035647980868816376 0.04613000154495239 0.06892496347427368
v 0.03846395015716553 0.04597795009613037 0.0748940110206604
v 0.015976959839463234 -0.0415719710290432 0.07516299933195114
v 0.019247939810156822 -0.041269950568675995 0.08076094835996628
v 0.017862970009446144 -0.039698950946331024 0.08072494715452194
v 0.037625961005687714 0.03436195105314255 0.10366799682378769
v 0.038279950618743896 0.03689794987440109 0.10251300036907196
v 0.0359419509768486 0.0359879694879055 0.10255999863147736
v 0.02506195940077305 -0.0444369912147522 0.07492697238922119
v 0.02163398079574108 -0.044545941054821014 0.06888800114393234
v 0.028584949672222137 -0.04558097943663597 0.0689150020480156
v 0.028446970507502556 0.02872597984969616 0.1023939996957779
v 0.02451395057141781 0.03326797112822533 0.09466295689344406
v 0.023763950914144516 0.03150295838713646 0.09443700313568115
v 0.07905297726392746 -0.04448895901441574 0.08616697043180466
v 0.07835596054792404 -0.04553699120879173 0.08129996061325073
v 0.08458899706602097 -0.04510295018553734 0.08069795370101929
v 0.13743199408054352 0.015556990168988705 0.10917200148105621
v 0.13770900666713715 0.015452980063855648 0.10894300043582916
v 0.13771000504493713 0.0190119706094265 0.10708899796009064
v 0.04767495021224022 0.04565196856856346 0.08096498250961304
v 0.07216297835111618 0.045589979737997055 0.08127397298812866
v 0.0717960000038147 0.046018000692129135 0.07513599842786789
v 0.03379594907164574 0.041495971381664276 0.09180498123168945
v 0.0316929817199707 0.04123497009277344 0.09179996699094772
v 0.03882896155118942 0.038001950830221176 0.1008640006184578
v 0.04632794111967087 0.02629196085035801 0.10782399773597717
v 0.045771948993206024 0.027619000524282455 0.10730600357055664
v 0.04431997984647751 0.027165940031409264 0.10740900039672852
v 0.00924897100776434 0.041355960071086884 0.06395000219345093
v 0.010803990066051483 0.042472001165151596 0.06395000219345093
v 0.0028519630432128906 0.04243599995970726 0.032948970794677734
v 0.09086298197507858 -0.043105948716402054 0.06078999862074852
v 0.09086298197507858 -0.04275995120406151 0.05957895144820213
v 0.13743700087070465 -0.03588699921965599 0.0639689490199089
v -0.02346700057387352 0.027918990701436996 0.01354795042425394
v -0.011822990141808987 0.030779000371694565 0.03287297114729881
v -0.013277940452098846 0.03391395881772041 0.029603950679302216
v -0.013277940452098846 0.03391395881772041 0.029603950679302216
v -0.02302395924925804 0.03209400177001953 0.01329295989125967
v -0.02346700057387352 0.027918990701436996 0.01354795042425394
v 0.0031549930572509766 0.04271494969725609 0.03284095972776413
v 0.0027849669568240643 0.042704988270998 0.032573990523815155
v 0.0019179580267518759 0.04261999949812889 0.03206199035048485
v -0.004397987853735685 0.040636949241161346 0.030844980850815773
v -0.004397987853735685 0.040636949241161346 0.030844980850815773
v -0.005080997012555599 0.040979981422424316 0.02968895062804222
v -0.005110979080200195 0.040989991277456284 0.02964800037443638
v 0.0031549930572509766 0.04271494969725609 0.03284095972776413
v -0.004397987853735685 0.040636949241161346 0.030844980850815773
v -0.004397987853735685 0.040636949241161346 0.030844980850815773
v 0.0031549930572509766 0.04271494969725609 0.03284095972776413
v 0.0002339999919058755 0.04226100072264671 0.031425949186086655
v -0.005200982093811035 0.041012998670339584 0.029535939916968346
v -0.005153954029083252 0.04099899157881737 0.029597990214824677
v -0.005276978015899658 0.04102693870663643 0.029452970251441002
v -0.005237996112555265 0.041022948920726776 0.029488980770111084
v -0.006360948085784912 0.04127097129821777 0.028168970718979836
v -0.006771980784833431 0.04126197099685669 0.027868980541825294
v -0.008982956409454346 0.04062293842434883 0.02734093926846981
v -0.007342994213104248 0.03982799872756004 0.03006695955991745
v -0.009743987582623959 0.03930794820189476 0.029172949492931366
v -0.009675978682935238 0.03918600082397461 0.029450949281454086
v -0.007342994213104248 0.03982799872756004 0.03006695955991745
v -0.007342994213104248 0.03982799872756004 0.03006695955991745
v -0.007342994213104248 0.03982799872756004 0.03006695955991745
v -0.004397987853735685 0.040636949241161346 0.030844980850815773
v -0.005080997012555599 0.040979981422424316 0.02968895062804222
v -0.007342994213104248 0.03982799872756004 0.03006695955991745
v -0.007342994213104248 0.03982799872756004 0.03006695955991745
v -0.007342994213104248 0.03982799872756004 0.03006695955991745
v -0.007342994213104248 0.03982799872756004 0.03006695955991745
v -0.007342994213104248 0.03982799872756004 0.03006695955991745
v -0.007342994213104248 0.03982799872756004 0.03006695955991745
v -0.011215980164706707 0.034780971705913544 0.032576970756053925
v -0.01126496959477663 0.03454899042844772 0.03260999172925949
v -0.00900799036026001 0.0337439700961113 0.03300695866346359
v -0.01126496959477663 0.03454899042844772 0.03260999172925949
v -0.010980959981679916 0.03255796059966087 0.0329740010201931
v -0.00900799036026001 0.0337439700961113 0.03300695866346359
v -0.010980959981679916 0.03255796059966087 0.0329740010201931
v -0.010946979746222496 0.032322999089956284 0.03301696851849556
v -0.00900799036026001 0.0337439700961113 0.03300695866346359
v -0.00900799036026001 0.0337439700961113 0.03300695866346359
v -0.0087089529260993 0.03396296128630638 0.03300594910979271
v -0.008624969981610775 0.03452998027205467 0.03292195871472359
v -0.008624969981610775 0.03452998027205467 0.03292195871472359
v -0.008621989749372005 0.03455895185470581 0.03291695937514305
v -0.00861894991248846 0.03460896015167236 0.03290896862745285
v -0.008616982959210873 0.034630950540304184 0.03290598839521408
v -0.008615969680249691 0.034649960696697235 0.032902948558330536
v -0.008615969680249691 0.034649960696697235 0.032902948558330536
v -0.008615969680249691 0.034650981426239014 0.032902948558330536
v -0.008613944053649902 0.03466897830367088 0.032899968326091766
v -0.008615969680249691 0.034650981426239014 0.032902948558330536
v -0.008612990379333496 0.03465896099805832 0.03290098160505295
v -0.008613944053649902 0.03466897830367088 0.032899968326091766
v -0.00900799036026001 0.0337439700961113 0.03300695866346359
v -0.00900799036026001 0.0337439700961113 0.03300695866346359
v -0.008750975131988525 0.03658293932676315 0.03255796059966087
v -0.011368979699909687 0.03527598828077316 0.032476961612701416
v -0.00860899593681097 0.034710999578237534 0.032892998307943344
v -0.011368979699909687 0.03527598828077316 0.032476961612701416
v -0.005721985828131437 0.03811895102262497 0.03266400098800659
v -0.008731961250305176 0.03660297021269798 0.03256499022245407
v -0.0067739482037723064 0.03538094833493233 0.03299599140882492
v -0.008731961250305176 0.03660297021269798 0.03256499022245407
v -0.008750975131988525 0.03658293932676315 0.03255796059966087
v -0.007882951758801937 0.03538094833493233 0.0328669510781765
v -0.0067739482037723064 0.03538094833493233 0.03299599140882492
v -0.008731961250305176 0.03660297021269798 0.03256499022245407
v -0.007882951758801937 0.03538094833493233 0.0328669510781765
v -0.0067739482037723064 0.03538094833493233 0.03299599140882492
v -0.0054259891621768475 0.0363689586520195 0.032989971339702606
v -0.005721985828131437 0.03811895102262497 0.03266400098800659
v -0.007882951758801937 0.03538094833493233 0.0328669510781765
v -0.008750975131988525 0.03658293932676315 0.03255796059966087
v -0.00807094480842352 0.035294950008392334 0.0328589603304863
v -0.011215980164706707 0.034780971705913544 0.032576970756053925
v -0.00900799036026001 0.0337439700961113 0.03300695866346359
v -0.00861894991248846 0.03460896015167236 0.03290896862745285
v -0.011215980164706707 0.034780971705913544 0.032576970756053925
v -0.00807094480842352 0.035294950008392334 0.0328589603304863
v -0.008750975131988525 0.03658293932676315 0.03255796059966087
v -0.008078992366790771 0.035290949046611786 0.0328589603304863
v -0.008750975131988525 0.03658293932676315 0.03255796059966087
v -0.008615969680249691 0.034649960696697235 0.032902948558330536
v -0.005721985828131437 0.03811895102262497 0.03266400098800659
v -0.0054259891621768475 0.0363689586520195 0.032989971339702606
v -0.0030719630885869265 0.03809398040175438 0.03297799080610275
v -0.0087089529260993 0.03396296128630638 0.03300594910979271
v -0.0067739482037723064 0.03538094833493233 0.03299599140882492
v -0.008619964122772217 0.03453296050429344 0.03292195871472359
v -0.0067739482037723064 0.03538094833493233 0.03299599140882492
v -0.007882951758801937 0.03538094833493233 0.0328669510781765
v -0.00807094480842352 0.035294950008392334 0.0328589603304863
v -0.008615969680249691 0.034650981426239014 0.032902948558330536
v -0.008615969680249691 0.034649960696697235 0.032902948558330536
v -0.008616982959210873 0.034630950540304184 0.03290598839521408
v -0.0087089529260993 0.03396296128630638 0.03300594910979271
v 0.030864950269460678 0.026804979890584946 0.014734979718923569
v 0.030992979183793068 0.02349996007978916 0.01433700043708086
v 0.03045796975493431 0.02349996007978916 0.01508294977247715
v 0.01636998914182186 0.030122989788651466 0.03401898965239525
v 0.016074949875473976 0.03032696060836315 0.033035989850759506
v 0.016017969697713852 0.030272960662841797 0.03303498029708862
v 0.01581496000289917 0.03008699044585228 0.03301994875073433
v 0.015763990581035614 0.03004097007215023 0.03301494941115379
v 0.01636998914182186 0.030122989788651466 0.03401898965239525
v -0.008500993251800537 0.02707194909453392 0.025713980197906494
v -0.007923959754407406 0.02703898958861828 0.02595197968184948
v 0.029094990342855453 0.026809990406036377 0.014921960420906544
v 0.029431989416480064 0.023497989401221275 0.01525598019361496
v 0.02876799926161766 0.02333693951368332 0.014592939987778664
v 0.01753395050764084 0.039295971393585205 0.032993968576192856
v 0.019545970484614372 0.03886597976088524 0.03299998864531517
v 0.019502989947795868 0.03916800022125244 0.032930970191955566
v 0.019545970484614372 0.03886597976088524 0.03299998864531517
v 0.041087981313467026 0.03425896167755127 0.033064961433410645
v 0.04102199897170067 0.03494495153427124 0.03290795907378197
v 0.041087981313467026 0.03425896167755127 0.033064961433410645
v 0.04323798045516014 0.03379898890852928 0.03307098150253296
v 0.04314899072051048 0.03452794998884201 0.03290598839521408
v 0.04323798045516014 0.03379898890852928 0.03307098150253296
v 0.04373496025800705 0.03369294852018356 0.03307294100522995
v 0.043729960918426514 0.03441398963332176 0.0329049788415432
v 0.04734098166227341 0.03370498865842819 0.03290098160505295
v 0.043729960918426514 0.03441398963332176 0.0329049788415432
v 0.04373496025800705 0.03369294852018356 0.03307294100522995
v 0.047949958592653275 0.03279196843504906 0.03308599814772606
v 0.04766695946455002 0.03364098072052002 0.03290098160505295
v 0.04734098166227341 0.03370498865842819 0.03290098160505295
v 0.047949958592653275 0.03279196843504906 0.03308599814772606
v 0.047949958592653275 0.03279196843504906 0.03308599814772606
v 0.04827398061752319 0.03272198885679245 0.033086951822042465
v 0.04816596955060959 0.03298097103834152 0.033030979335308075
v 0.049450989812612534 0.03329097852110863 0.03289895877242088
v 0.04766695946455002 0.03364098072052002 0.03290098160505295
v 0.04769694060087204 0.03355395048856735 0.032919999212026596
v 0.04816596955060959 0.03298097103834152 0.033030979335308075
v 0.04827398061752319 0.03272198885679245 0.033086951822042465
v 0.049450989812612534 0.03329097852110863 0.03289895877242088
v 0.04827398061752319 0.03272198885679245 0.033086951822042465
v 0.04967296123504639 0.03242294862866402 0.03309094160795212
v 0.049450989812612534 0.03329097852110863 0.03289895877242088
v 0.04315197095274925 0.02972698025405407 0.03297894820570946
v 0.04084198921918869 0.029702959582209587 0.03297698125243187
v 0.043055951595306396 0.028856990858912468 0.03282498940825462
v 0.04084198921918869 0.029702959582209587 0.03297698125243187
v 0.043055951595306396 0.028856990858912468 0.03282498940825462
v 0.04230396822094917 0.02735798992216587 0.032559990882873535
v 0.04159795865416527 0.02703499048948288 0.03250294178724289
v 0.04210393875837326 0.027216970920562744 0.032534949481487274
v 0.04125398024916649 0.027028970420360565 0.03250199183821678
v 0.04210393875837326 0.027216970920562744 0.032534949481487274
v 0.04125398024916649 0.027028970420360565 0.03250199183821678
v 0.04210393875837326 0.027216970920562744 0.032534949481487274
v 0.03680294007062912 0.027543960139155388 0.03259795159101486
v 0.023978939279913902 0.02902895025908947 0.03287297114729881
v 0.025627970695495605 0.02904294990003109 0.032873980700969696
v 0.023754950612783432 0.02905499003827572 0.032876960933208466
v 0.023978939279913902 0.02902895025908947 0.03287297114729881
v 0.043241970241069794 0.029727989807724953 0.03297894820570946
v 0.04315197095274925 0.02972698025405407 0.03297894820570946
v 0.043055951595306396 0.028856990858912468 0.03282498940825462
v 0.04261099919676781 0.02739899978041649 0.03256696090102196
v 0.04230396822094917 0.02735798992216587 0.032559990882873535
v 0.04210393875837326 0.027216970920562744 0.032534949481487274
v 0.04261099919676781 0.02739899978041649 0.03256696090102196
v 0.043241970241069794 0.029727989807724953 0.03297894820570946
v 0.049254000186920166 0.029788969084620476 0.03298395127058029
v 0.043241970241069794 0.029727989807724953 0.03297894820570946
v 0.04775397852063179 0.02924996055662632 0.0328899584710598
v 0.043241970241069794 0.029727989807724953 0.03297894820570946
v 0.04284399002790451 0.027715979143977165 0.032622989267110825
v 0.04775397852063179 0.02924996055662632 0.0328899584710598
v 0.005653976928442717 0.031051989644765854 0.03305298089981079
v 0.005531966220587492 0.03122996911406517 0.03305798023939133
v 0.006128965876996517 0.03137296065688133 0.034740980714559555
v -0.00542896892875433 0.030099980533123016 0.03292495012283325
v -0.005081951152533293 0.030049970373511314 0.032920949161052704
v -0.005084990989416838 0.030621999874711037 0.03297698125243187
v -0.005081951152533293 0.030049970373511314 0.032920949161052704
v -0.002825974952429533 0.029724949970841408 0.032899968326091766
v -0.002804993884637952 0.030563950538635254 0.0329819917678833
v 0.0025019641034305096 0.03042799048125744 0.03299200162291527
v -0.002804993884637952 0.030563950538635254 0.0329819917678833
v 0.0017149440245702863 0.02907096967101097 0.03285700082778931
v -0.002804993884637952 0.030563950538635254 0.0329819917678833
v -0.002825974952429533 0.029724949970841408 0.032899968326091766
v 0.0017149440245702863 0.02907096967101097 0.03285700082778931
v 0.006229996215552092 0.030331959947943687 0.03299998864531517
v 0.0025019641034305096 0.03042799048125744 0.03299200162291527
v 0.0024559490848332644 0.029736990109086037 0.03292495012283325
v 0.0024559490848332644 0.029736990109086037 0.03292495012283325
v 0.0017149440245702863 0.02907096967101097 0.03285700082778931
v 0.00681799603626132 0.029825979843735695 0.03295397013425827
v 0.0017149440245702863 0.02907096967101097 0.03285700082778931
v 0.007599948905408382 0.02936697006225586 0.03291194885969162
v 0.00681799603626132 0.029825979843735695 0.03295397013425827
v 0.0063959951512515545 0.030100999400019646 0.03297799080610275
v 0.006229996215552092 0.030331959947943687 0.03299998864531517
v 0.0024559490848332644 0.029736990109086037 0.03292495012283325
v 0.015763990581035614 0.03004097007215023 0.03301494941115379
v 0.015260989777743816 0.029751000925898552 0.03298496827483177
v 0.0198739692568779 0.029982980340719223 0.03302793949842453
v 0.029517939314246178 0.026784000918269157 0.012819940224289894
v 0.029529979452490807 0.022762000560760498 0.012806950137019157
v 0.030432989820837975 0.02323799952864647 0.012910960242152214
v 0.040810998529195786 0.0392799898982048 0.028337949886918068
v 0.043152980506420135 0.038807980716228485 0.02815896086394787
v 0.04200093820691109 0.039388950914144516 0.0268740002065897
v 0.04069000110030174 0.03936498984694481 0.02810698002576828
v 0.040810998529195786 0.0392799898982048 0.028337949886918068
v 0.03827797994017601 0.04084198921918869 0.024390989914536476
v 0.03646998852491379 0.041274961084127426 0.024257000535726547
v 0.03666495904326439 0.04100995883345604 0.025132950395345688
v 0.03648494929075241 0.041274961084127426 0.0242459699511528
v 0.021133949980139732 0.04400699958205223 0.026854990050196648
v 0.017625980079174042 0.04395699128508568 0.030105939134955406
v 0.02906000055372715 0.04281497001647949 0.024645980447530746
v 0.017625980079174042 0.04395699128508568 0.030105939134955406
v 0.038607001304626465 0.039724938571453094 0.028505979105830193
v 0.038607001304626465 0.039724938571453094 0.028505979105830193
v 0.036834001541137695 0.040906958281993866 0.025390980765223503
v 0.03664195165038109 0.04104899987578392 0.02499794028699398
v 0.028401970863342285 0.026802949607372284 0.014229949563741684
v 0.028669949620962143 0.02680598944425583 0.014496980234980583
v 0.02876799926161766 0.02333693951368332 0.014592939987778664
v -0.023193949833512306 0.026710979640483856 0.01408499013632536
v -0.022980980575084686 0.02797394059598446 0.014108000323176384
v -0.023578999564051628 0.02685396932065487 0.01361398957669735
v -0.022980980575084686 0.02797394059598446 0.014108000323176384
v -0.02346700057387352 0.027918990701436996 0.01354795042425394
v -0.023578999564051628 0.02685396932065487 0.01361398957669735
v -0.02346700057387352 0.027918990701436996 0.01354795042425394
v -0.02302395924925804 0.03209400177001953 0.01329295989125967
v -0.024210980162024498 0.02067697048187256 0.013977999798953533
v -0.023193949833512306 0.026710979640483856 0.01408499013632536
v -0.023799950256943703 0.0248369500041008 0.013740950264036655
v -0.023578999564051628 0.02685396932065487 0.01361398957669735
v -0.023799950256943703 0.0248369500041008 0.013740950264036655
v -0.023193949833512306 0.026710979640483856 0.01408499013632536
v -0.009204982779920101 0.03748499974608421 0.03151195868849754
v -0.008916974067687988 0.036926981061697006 0.03217297047376633
v -0.008916974067687988 0.036926981061697006 0.03217297047376633
v -0.00890797283500433 0.036907970905303955 0.032194968312978745
v -0.008887945674359798 0.03686999902129173 0.032239969819784164
v -0.008868992328643799 0.0368349514901638 0.032281991094350815
v -0.0036369559820741415 0.03984098881483078 0.03211098164319992
v -0.006246984004974365 0.038736991584300995 0.03182994946837425
v -0.008748947642743587 0.03661799058318138 0.03254299983382225
v -0.008748947642743587 0.03661799058318138 0.03254299983382225
v -0.008770941756665707 0.03660595044493675 0.03254199028015137
v 0.0031549930572509766 0.04271494969725609 0.03284095972776413
v 0.0031549930572509766 0.04271494969725609 0.03284095972776413
v -0.0036369559820741415 0.03984098881483078 0.03211098164319992
v -0.008748947642743587 0.03661799058318138 0.03254299983382225
v 0.004197955131530762 0.04214297980070114 0.036369968205690384
v 0.0025429720990359783 0.031141990795731544 0.03304797038435936
v 0.003923952113837004 0.029754990711808205 0.036490969359874725
v 0.0025429720990359783 0.031141990795731544 0.03304797038435936
v 0.0025019641034305096 0.03042799048125744 0.03299200162291527
v 0.003923952113837004 0.029754990711808205 0.036490969359874725
v -0.02346700057387352 0.027918990701436996 0.01354795042425394
v -0.022980980575084686 0.02797394059598446 0.014108000323176384
v -0.017690949141979218 0.02924196980893612 0.022762000560760498
v -0.01722395047545433 0.029356950893998146 0.023538939654827118
v -0.01383494958281517 0.030132940039038658 0.028975959867239
v -0.013749949634075165 0.03021096996963024 0.029305990785360336
v -0.02346700057387352 0.027918990701436996 0.01354795042425394
v -0.017690949141979218 0.02924196980893612 0.022762000560760498
v -0.01722395047545433 0.029356950893998146 0.023538939654827118
v -0.02346700057387352 0.027918990701436996 0.01354795042425394
v -0.02426695078611374 0.02772199921309948 0.012219959869980812
v -0.02346700057387352 0.027918990701436996 0.01354795042425394
v -0.01722395047545433 0.029356950893998146 0.023538939654827118
v -0.013221969828009605 0.030413979664444923 0.030469000339508057
v -0.01722395047545433 0.029356950893998146 0.023538939654827118
v -0.013749949634075165 0.03021096996963024 0.029305990785360336
v -0.013221969828009605 0.030413979664444923 0.030469000339508057
v -0.011822990141808987 0.030779000371694565 0.03287297114729881
v -0.02346700057387352 0.027918990701436996 0.01354795042425394
v -0.005250989925116301 0.02815794013440609 0.03251396864652634
v -0.002347945934161544 0.026999950408935547 0.032355960458517075
v -0.005250989925116301 0.02815794013440609 0.03251396864652634
v -0.0028729429468512535 0.02700895071029663 0.03182994946837425
v -0.005250989925116301 0.02815794013440609 0.03251396864652634
v -0.007232964038848877 0.02765594981610775 0.02904796041548252
v -0.0028729429468512535 0.02700895071029663 0.03182994946837425
v 0.04745196923613548 0.03659098967909813 0.030660979449748993
v 0.04703795164823532 0.037262968719005585 0.030002949759364128
v 0.04525595158338547 0.03740799054503441 0.03103094920516014
v 0.04525595158338547 0.03740799054503441 0.03103094920516014
v 0.04591196030378342 0.035365991294384 0.032489001750946045
v 0.046436961740255356 0.035371001809835434 0.03233999013900757
v 0.046436961740255356 0.035371001809835434 0.03233999013900757
v 0.04840695112943649 0.03538893908262253 0.031780000776052475
v 0.04745196923613548 0.03659098967909813 0.030660979449748993
v 0.019809959456324577 0.032302968204021454 0.03308498114347458
v 0.0198739692568779 0.029982980340719223 0.03302793949842453
v 0.019809959456324577 0.032302968204021454 0.03308498114347458
v 0.019809959456324577 0.032302968204021454 0.03308498114347458
v 0.019545970484614372 0.03886597976088524 0.03299998864531517
v 0.01936900056898594 0.039927948266267776 0.03270798176527023
v 0.018069980666041374 0.043640971183776855 0.03027098998427391
v 0.0194929800927639 0.0437929593026638 0.03325200080871582
v 0.019406970590353012 0.03971796855330467 0.0327720008790493
v 0.01936900056898594 0.039927948266267776 0.03270798176527023
v 0.0194929800927639 0.0437929593026638 0.03325200080871582
v 0.0194929800927639 0.0437929593026638 0.03325200080871582
v 0.019809959456324577 0.032302968204021454 0.03308498114347458
v 0.019545970484614372 0.03886597976088524 0.03299998864531517
v 0.019502989947795868 0.03916800022125244 0.032930970191955566
v 0.019406970590353012 0.03971796855330467 0.0327720008790493
v 0.0194929800927639 0.0437929593026638 0.03325200080871582
v 0.03199100121855736 0.04371296986937523 0.01785898022353649
v 0.030623970553278923 0.04414099082350731 0.01805895008146763
v 0.04564499109983444 0.03830498084425926 0.0279690008610487
v 0.04564499109983444 0.03830498084425926 0.0279690008610487
v 0.032875001430511475 0.043501969426870346 0.017026960849761963
v 0.03203696012496948 0.043700989335775375 0.017829950898885727
v -0.011115959845483303 0.043770961463451385 0.017866959795355797
v -0.011163939721882343 0.04376494139432907 0.017863979563117027
v 0.01934598945081234 0.0446469709277153 0.06395000219345093
v 0.01907896064221859 0.04412299022078514 0.027120940387248993
v 0.016222000122070312 0.043992988765239716 0.030240949243307114
v 0.017625980079174042 0.04395699128508568 0.030105939134955406
v -0.007925987243652344 0.045450981706380844 0.005827962886542082
v -0.010111980140209198 0.04530197009444237 0.005834995768964291
v 0.02344994992017746 0.04525094851851463 0.06395000219345093
v -0.005478978157043457 0.03188896179199219 0.03307294100522995
v -0.005103944800794125 0.03186094015836716 0.03307199105620384
v -0.005119978915899992 0.03220200166106224 0.033080991357564926
v -0.005103944800794125 0.03186094015836716 0.03307199105620384
v -0.0027919409330934286 0.03168696165084839 0.03306800127029419
v -0.0028029680252075195 0.032211948186159134 0.033080991357564926
v -0.0027919409330934286 0.03168696165084839 0.03306800127029419
v 0.002551971934735775 0.03128498047590256 0.033059000968933105
v 0.0025909540709108114 0.03223298862576485 0.033081941306591034
v 0.005236982833594084 0.03224395960569382 0.033082958310842514
v 0.0025909540709108114 0.03223298862576485 0.033081941306591034
v 0.002551971934735775 0.03128498047590256 0.033059000968933105
v 0.002551971934735775 0.03128498047590256 0.033059000968933105
v 0.005653976928442717 0.031051989644765854 0.03305298089981079
v 0.005531966220587492 0.03122996911406517 0.03305798023939133
v 0.0054169888608157635 0.031490981578826904 0.033063940703868866
v 0.005236982833594084 0.03224395960569382 0.033082958310842514
v 0.002551971934735775 0.03128498047590256 0.033059000968933105
v 0.019809959456324577 0.032302968204021454 0.03308498114347458
v 0.01711297035217285 0.03229194134473801 0.03308498114347458
v 0.016964970156550407 0.03174697980284691 0.03307098150253296
v 0.016891000792384148 0.03148198127746582 0.033064961433410645
v 0.01634800061583519 0.030837949365377426 0.03304897993803024
v 0.0198739692568779 0.029982980340719223 0.03302793949842453
v 0.01634800061583519 0.030837949365377426 0.03304897993803024
v 0.016074949875473976 0.03032696060836315 0.033035989850759506
v 0.0198739692568779 0.029982980340719223 0.03302793949842453
v 0.019809959456324577 0.032302968204021454 0.03308498114347458
v 0.016964970156550407 0.03174697980284691 0.03307098150253296
v 0.016891000792384148 0.03148198127746582 0.033064961433410645
v 0.016017969697713852 0.030272960662841797 0.03303498029708862
v 0.0198739692568779 0.029982980340719223 0.03302793949842453
v 0.016074949875473976 0.03032696060836315 0.033035989850759506
v 0.019809959456324577 0.032302968204021454 0.03308498114347458
v 0.0198739692568779 0.029982980340719223 0.03302793949842453
v 0.04100298136472702 0.03171294182538986 0.03307294100522995
v 0.04103595018386841 0.03238796815276146 0.03308897837996483
v 0.04100298136472702 0.03171294182538986 0.03307294100522995
v 0.04322599992156029 0.0318949818611145 0.03307700157165527
v 0.04323798045516014 0.03239696845412254 0.03308999165892601
v 0.04322599992156029 0.0318949818611145 0.03307700157165527
v 0.04351495951414108 0.031918998807668686 0.03307795152068138
v 0.04351495951414108 0.031918998807668686 0.03307795152068138
v 0.04830700159072876 0.032310958951711655 0.03308796137571335
v 0.04822694882750511 0.03241698816418648 0.03309094160795212
v 0.04847300052642822 0.03241794928908348 0.03309094160795212
v -0.01126496959477663 0.03454899042844772 0.03260999172925949
v -0.011368979699909687 0.03527598828077316 0.032476961612701416
v -0.011822990141808987 0.030779000371694565 0.03287297114729881
v -0.005081951152533293 0.030049970373511314 0.032920949161052704
v -0.00542896892875433 0.030099980533123016 0.03292495012283325
v -0.005093990825116634 0.029850950464606285 0.032880958169698715
v -0.00542896892875433 0.030099980533123016 0.03292495012283325
v -0.005494952201843262 0.028557950630784035 0.03260999172925949
v -0.005093990825116634 0.029850950464606285 0.032880958169698715
v -0.002825974952429533 0.029724949970841408 0.032899968326091766
v -0.005081951152533293 0.030049970373511314 0.032920949161052704
v -0.005093990825116634 0.029850950464606285 0.032880958169698715
v -0.00521695613861084 0.028419969603419304 0.03258800134062767
v -0.002825974952429533 0.029724949970841408 0.032899968326091766
v -0.00521695613861084 0.028419969603419304 0.03258800134062767
v -0.002347945934161544 0.026999950408935547 0.032355960458517075
v -0.002384959952905774 0.02750498056411743 0.03245794028043747
v -0.0023880000226199627 0.027543960139155388 0.032465990632772446
v -0.00521695613861084 0.028419969603419304 0.03258800134062767
v -0.0021129839587956667 0.027543960139155388 0.03247100114822388
v -0.0012809629552066326 0.027543960139155388 0.032487981021404266
v 0.00016299998969770968 0.029061969369649887 0.03282498940825462
v -0.0012809629552066326 0.027543960139155388 0.032487981021404266
v 0.0017149440245702863 0.02907096967101097 0.03285700082778931
v -0.00521695613861084 0.028419969603419304 0.03258800134062767
v -0.0023880000226199627 0.027543960139155388 0.032465990632772446
v -0.002825974952429533 0.029724949970841408 0.032899968326091766
v -0.0012809629552066326 0.027543960139155388 0.032487981021404266
v -0.0007270000060088933 0.0290179792791605 0.03279798850417137
v -0.002825974952429533 0.029724949970841408 0.032899968326091766
v -0.002825974952429533 0.029724949970841408 0.032899968326091766
v -0.002825974952429533 0.029724949970841408 0.032899968326091766
v -0.002347945934161544 0.026999950408935547 0.032355960458517075
v -0.002347945934161544 0.026999950408935547 0.032355960458517075
v -0.01383494958281517 0.030132940039038658 0.028975959867239
v -0.013749949634075165 0.03021096996963024 0.029305990785360336
v -0.014261960051953793 0.03762698173522949 0.02652198076248169
v -0.005103944800794125 0.03186094015836716 0.03307199105620384
v -0.0027919409330934286 0.03168696165084839 0.03306800127029419
v -0.005103944800794125 0.03186094015836716 0.03307199105620384
v -0.0027929539792239666 0.03158795088529587 0.033060960471630096
v -0.005103944800794125 0.03186094015836716 0.03307199105620384
v -0.005084990989416838 0.030621999874711037 0.03297698125243187
v -0.0027929539792239666 0.03158795088529587 0.033060960471630096
v 0.002551971934735775 0.03128498047590256 0.033059000968933105
v -0.0027919409330934286 0.03168696165084839 0.03306800127029419
v 0.0025429720990359783 0.031141990795731544 0.03304797038435936
v -0.002804993884637952 0.030563950538635254 0.0329819917678833
v 0.0025019641034305096 0.03042799048125744 0.03299200162291527
v 0.0025429720990359783 0.031141990795731544 0.03304797038435936
v 0.005653976928442717 0.031051989644765854 0.03305298089981079
v 0.002551971934735775 0.03128498047590256 0.033059000968933105
v 0.0025429720990359783 0.031141990795731544 0.03304797038435936
v 0.0025429720990359783 0.031141990795731544 0.03304797038435936
v 0.0025019641034305096 0.03042799048125744 0.03299200162291527
v 0.005653976928442717 0.031051989644765854 0.03305298089981079
v 0.0025019641034305096 0.03042799048125744 0.03299200162291527
v 0.006229996215552092 0.030331959947943687 0.03299998864531517
v 0.005917965900152922 0.03076498955488205 0.033032000064849854
v 0.005678950808942318 0.031013960018754005 0.03305000066757202
v 0.0025019641034305096 0.03042799048125744 0.03299200162291527
v 0.005917965900152922 0.03076498955488205 0.033032000064849854
v 0.04629193991422653 0.03768794983625412 0.029319999739527702
v 0.04617296904325485 0.03776596859097481 0.029180999845266342
v 0.053281959146261215 0.039769940078258514 0.04237895831465721
v 0.048947978764772415 0.03289394825696945 0.03185497969388962
v 0.049450989812612534 0.03329097852110863 0.03289895877242088
v 0.049559950828552246 0.03249698132276535 0.0328979417681694
v 0.049559950828552246 0.03249698132276535 0.0328979417681694
v 0.04959297180175781 0.03216296061873436 0.032896991819143295
v 0.048947978764772415 0.03289394825696945 0.03185497969388962
v 0.013810990378260612 0.04419099912047386 0.027290990576148033
v -0.004800974857062101 0.0457189604640007 0.004513978026807308
v -0.004800974857062101 0.0457189604640007 0.004513978026807308
v -0.005468964111059904 0.04566299170255661 0.004782973788678646
v -0.005486965179443359 0.04565494880080223 0.004854977130889893
v -0.005486965179443359 0.04565494880080223 0.004854977130889893
v -0.007925987243652344 0.045450981706380844 0.005827962886542082
v -0.00995695497840643 0.044684939086437225 0.01245998963713646
v -0.004800974857062101 0.0457189604640007 0.004513978026807308
v -0.005486965179443359 0.04565494880080223 0.004854977130889893
v -0.00995695497840643 0.044684939086437225 0.01245998963713646
v -0.004800974857062101 0.0457189604640007 0.004513978026807308
v -0.00995695497840643 0.044684939086437225 0.01245998963713646
v 0.016222000122070312 0.043992988765239716 0.030240949243307114
v 0.013810990378260612 0.04419099912047386 0.027290990576148033
v 0.01195198018103838 0.04410593956708908 0.02734093926846981
v 0.01999497041106224 0.029489990323781967 0.03295797109603882
v 0.023978939279913902 0.02902895025908947 0.03287297114729881
v 0.0017149440245702863 0.02907096967101097 0.03285700082778931
v 0.031049959361553192 0.027543960139155388 0.03259199112653732
v 0.03680294007062912 0.027543960139155388 0.03259795159101486
v 0.031049959361553192 0.027543960139155388 0.03259199112653732
v 0.041249990463256836 0.02701300010085106 0.03249894827604294
v -0.014768949709832668 0.027122970670461655 0.014446970075368881
v -0.012974970042705536 0.027074990794062614 0.015055949799716473
v -0.013640989549458027 0.02709393948316574 0.01520793978124857
v -0.012974970042705536 0.027074990794062614 0.015055949799716473
v -0.013021940365433693 0.027076000347733498 0.0151169802993536
v -0.013322940096259117 0.02708500064909458 0.015210979618132114
v -0.013322940096259117 0.02708500064909458 0.015210979618132114
v -0.013481969945132732 0.027089949697256088 0.015261939726769924
v -0.013640989549458027 0.02709393948316574 0.01520793978124857
v -0.012974970042705536 0.027074990794062614 0.015055949799716473
v -0.013322940096259117 0.02708500064909458 0.015210979618132114
v -0.013640989549458027 0.02709393948316574 0.01520793978124857
v -0.01431095041334629 0.027112960815429688 0.015114960260689259
v -0.01442794967442751 0.027114979922771454 0.014948960393667221
v -0.013640989549458027 0.02709393948316574 0.01520793978124857
v -0.008709967136383057 0.03014999069273472 0.03286999091506004
v -0.011822990141808987 0.030779000371694565 0.03287297114729881
v -0.0055189719423651695 0.02826499007642269 0.032528989017009735
v -0.0055189719423651695 0.02826499007642269 0.032528989017009735
v -0.005250989925116301 0.02815794013440609 0.03251396864652634
v -0.00521695613861084 0.028419969603419304 0.03258800134062767
v 0.028711970895528793 0.02679597958922386 0.013706980273127556
v 0.028401970863342285 0.026802949607372284 0.014229949563741684
v 0.02833198942244053 0.02285999059677124 0.014155980199575424
v 0.003819942008703947 0.04287194833159447 0.03226596117019653
v 0.002495944034308195 0.04296499118208885 0.0309829693287611
v 0.002826987998560071 0.04273097962141037 0.032533999532461166
v -0.010273990221321583 0.04424196109175682 0.016352949663996696
v -0.01260398980230093 0.04348497837781906 0.018090959638357162
v -0.011163939721882343 0.04376494139432907 0.017863979563117027
v -0.01260398980230093 0.04348497837781906 0.018090959638357162
v -0.011220989748835564 0.04374796152114868 0.017896950244903564
v -0.011163939721882343 0.04376494139432907 0.017863979563117027
v 0.041249990463256836 0.02701300010085106 0.03249894827604294
v 0.031049959361553192 0.027543960139155388 0.03259199112653732
v 0.01422899030148983 0.026999950408935547 0.0324089489877224
v 0.01422899030148983 0.026999950408935547 0.0324089489877224
v 0.01422899030148983 0.026999950408935547 0.0324089489877224
v 0.005388975143432617 0.027543960139155388 0.032508961856365204
v 0.013869999907910824 0.026999950408935547 0.03240799158811569
v -0.001611948013305664 0.026999950408935547 0.032357990741729736
v 3.699999797390774e-05 0.027543960139155388 0.032491978257894516
v -0.0012809629552066326 0.027543960139155388 0.032487981021404266
v -0.001611948013305664 0.026999950408935547 0.032357990741729736
v -0.001611948013305664 0.026999950408935547 0.032357990741729736
v 0.013869999907910824 0.026999950408935547 0.03240799158811569
v 0.005388975143432617 0.027543960139155388 0.032508961856365204
v -0.001611948013305664 0.026999950408935547 0.032357990741729736
v 0.01422899030148983 0.026999950408935547 0.0324089489877224
v 0.04150097817182541 0.026999950408935547 0.03249698132276535
v 0.041249990463256836 0.02701300010085106 0.03249894827604294
v 0.012226990424096584 0.04546498879790306 0.001981972949579358
v 0.012120960280299187 0.045473989099264145 0.0020399680361151695
v 0.008821964263916016 0.04567693918943405 0.0014759890036657453
v 0.036172978579998016 0.045810990035533905 0.052257001399993896
v 0.005813955795019865 0.032859981060028076 0.034875981509685516
v 0.004808961879462004 0.03928399085998535 0.032990988343954086
v 0.005778967868536711 0.04287498816847801 0.035671938210725784
v 0.004808961879462004 0.03928399085998535 0.032990988343954086
v 0.004694997798651457 0.042041949927806854 0.03295499086380005
v 0.005778967868536711 0.04287498816847801 0.035671938210725784
v 0.00450897216796875 0.04284697026014328 0.03257197141647339
v 0.004232943058013916 0.04297000169754028 0.03190898150205612
v 0.005778967868536711 0.04287498816847801 0.035671938210725784
v 0.004514991771429777 0.04283194988965988 0.032583948224782944
v 0.00450897216796875 0.04284697026014328 0.03257197141647339
v 0.005778967868536711 0.04287498816847801 0.035671938210725784
v 0.005778967868536711 0.04287498816847801 0.035671938210725784
v 0.004694997798651457 0.042041949927806854 0.03295499086380005
v 0.004690945148468018 0.04207497090101242 0.03294700011610985
v 0.005778967868536711 0.04287498816847801 0.035671938210725784
v 0.004690945148468018 0.04207497090101242 0.03294700011610985
v 0.004680991172790527 0.042135950177907944 0.03292899951338768
v 0.00462794303894043 0.04246199131011963 0.032828979194164276
v 0.004514991771429777 0.04283194988965988 0.032583948224782944
v 0.005778967868536711 0.04287498816847801 0.035671938210725784
v -0.012974970042705536 0.027074990794062614 0.015055949799716473
v -0.014768949709832668 0.027122970670461655 0.014446970075368881
v -0.012652990408241749 0.02706599049270153 0.014630969613790512
v -0.014768949709832668 0.027122970670461655 0.014446970075368881
v -0.014853949658572674 0.027124999091029167 0.014320960268378258
v -0.014858960174024105 0.027125950902700424 0.014042969793081284
v -0.014858960174024105 0.027125950902700424 0.014042969793081284
v -0.01478498987853527 0.027123980224132538 0.013353999704122543
v -0.01414996013045311 0.027107950299978256 0.012838950380682945
v -0.01478498987853527 0.027123980224132538 0.013353999704122543
v -0.01472495961934328 0.027122970670461655 0.013156949542462826
v -0.01414996013045311 0.027107950299978256 0.012838950380682945
v -0.01472495961934328 0.027122970670461655 0.013156949542462826
v -0.01437097042798996 0.02711397036910057 0.012803969904780388
v -0.01414996013045311 0.027107950299978256 0.012838950380682945
v -0.01414996013045311 0.027107950299978256 0.012838950380682945
v -0.013666979968547821 0.02709496021270752 0.012709969654679298
v -0.012905949726700783 0.027074990794062614 0.012998989783227444
v -0.013666979968547821 0.02709496021270752 0.012709969654679298
v -0.013478989712893963 0.027089949697256088 0.012705979868769646
v -0.012905949726700783 0.027074990794062614 0.012998989783227444
v -0.014768949709832668 0.027122970670461655 0.014446970075368881
v -0.014858960174024105 0.027125950902700424 0.014042969793081284
v -0.012652990408241749 0.02706599049270153 0.014630969613790512
v -0.012652990408241749 0.02706599049270153 0.014630969613790512
v -0.014858960174024105 0.027125950902700424 0.014042969793081284
v -0.012477990239858627 0.027062950655817986 0.01374697033315897
v -0.012519000098109245 0.027062950655817986 0.014431949704885483
v -0.012652990408241749 0.02706599049270153 0.014630969613790512
v -0.012477990239858627 0.027062950655817986 0.01374697033315897
v -0.01249598991125822 0.027062950655817986 0.013513980433344841
v -0.012477990239858627 0.027062950655817986 0.01374697033315897
v -0.012905949726700783 0.027074990794062614 0.012998989783227444
v -0.012905949726700783 0.027074990794062614 0.012998989783227444
v -0.012477990239858627 0.027062950655817986 0.01374697033315897
v -0.01414996013045311 0.027107950299978256 0.012838950380682945
v -0.013478989712893963 0.027089949697256088 0.012705979868769646
v -0.012994999997317791 0.027076950296759605 0.012835970148444176
v -0.012905949726700783 0.027074990794062614 0.012998989783227444
v -0.013487990014255047 0.038447968661785126 0.02763395942747593
v -0.015933990478515625 0.04152296856045723 0.020052960142493248
v -0.021227950230240822 0.04069900140166283 0.012252979911863804
v -0.013628950342535973 0.038624998182058334 0.027197949588298798
v 0.04564499109983444 0.03830498084425926 0.0279690008610487
v 0.04617296904325485 0.03776596859097481 0.029180999845266342
v 0.04629193991422653 0.03768794983625412 0.029319999739527702
v 0.004275977145880461 0.042973991483449936 0.03190296143293381
v 0.004275977145880461 0.042973991483449936 0.03190296143293381
v 0.04525595158338547 0.03740799054503441 0.03103094920516014
v 0.042177971452474594 0.03813695162534714 0.030927950516343117
v 0.042585961520671844 0.03692895174026489 0.031787991523742676
v 0.042585961520671844 0.03692895174026489 0.031787991523742676
v 0.04279195889830589 0.03631298989057541 0.03222595900297165
v 0.04525595158338547 0.03740799054503441 0.03103094920516014
v 0.00450897216796875 0.04284697026014328 0.03257197141647339
v 0.016222000122070312 0.043992988765239716 0.030240949243307114
v 0.004275977145880461 0.042973991483449936 0.03190296143293381
v 0.01636998914182186 0.030122989788651466 0.03401898965239525
v 0.015763990581035614 0.03004097007215023 0.03301494941115379
v 0.015260989777743816 0.029751000925898552 0.03298496827483177
v 0.015260989777743816 0.029751000925898552 0.03298496827483177
v 0.014992949552834034 0.02959894947707653 0.03296196088194847
v 0.015253960154950619 0.029290970414876938 0.03464597091078758
v -0.013487990014255047 0.038447968661785126 0.02763395942747593
v 0.008658944629132748 0.04066598042845726 0.06395000219345093
v -0.013353999704122543 0.03863399848341942 0.027600999921560287
v 0.00462794303894043 0.04246199131011963 0.032828979194164276
v 0.017431970685720444 0.04026097059249878 0.03272293880581856
v 0.016281960532069206 0.043841950595378876 0.03035997971892357
v 0.04057794064283371 0.03698598966002464 0.03203998878598213
v 0.017625980079174042 0.04395699128508568 0.030105939134955406
v 0.018069980666041374 0.043640971183776855 0.03027098998427391
v 0.018069980666041374 0.043640971183776855 0.03027098998427391
v 0.01936900056898594 0.039927948266267776 0.03270798176527023
v 0.04057794064283371 0.03698598966002464 0.03203998878598213
v 0.042883988469839096 0.03601597994565964 0.03242294862866402
v 0.042934950441122055 0.03587799891829491 0.03251396864652634
v 0.04591196030378342 0.035365991294384 0.032489001750946045
v 0.04960595816373825 0.03181295841932297 0.032895978540182114
v 0.04949396103620529 0.03080195002257824 0.03257298097014427
v 0.04939299076795578 0.031515948474407196 0.03241394832730293
v 0.016222000122070312 0.043992988765239716 0.030240949243307114
v 0.00450897216796875 0.04284697026014328 0.03257197141647339
v 0.004514991771429777 0.04283194988965988 0.032583948224782944
v 0.0198739692568779 0.029982980340719223 0.03302793949842453
v 0.015260989777743816 0.029751000925898552 0.03298496827483177
v 0.01999497041106224 0.029489990323781967 0.03295797109603882
v 0.015260989777743816 0.029751000925898552 0.03298496827483177
v 0.014992949552834034 0.02959894947707653 0.03296196088194847
v 0.01999497041106224 0.029489990323781967 0.03295797109603882
v 0.04379497841000557 0.038743969053030014 0.025209959596395493
v 0.033900968730449677 0.04109299182891846 0.010617969557642937
v 0.03577297180891037 0.04183495044708252 0.01520793978124857
v 0.04457198828458786 0.03862994164228439 0.026465950533747673
v 0.04513198137283325 0.038425978273153305 0.027182990685105324
v 0.04457198828458786 0.03862994164228439 0.026465950533747673
v 0.04379497841000557 0.038743969053030014 0.025209959596395493
v -0.001611948013305664 0.026999950408935547 0.032357990741729736
v -0.0023539660032838583 0.026988979429006577 0.031162969768047333
v -0.0004479999770410359 0.026968950405716896 0.028847990557551384
v -0.0004479999770410359 0.026968950405716896 0.028847990557551384
v -0.0004479999770410359 0.026968950405716896 0.028847990557551384
v 0.003706990974023938 0.026982959359884262 0.030429000034928322
v -0.001611948013305664 0.026999950408935547 0.032357990741729736
v 0.003706990974023938 0.026982959359884262 0.030429000034928322
v 0.0063249459490180016 0.026985999196767807 0.030836990103125572
v -0.001611948013305664 0.026999950408935547 0.032357990741729736
v 0.013869999907910824 0.026999950408935547 0.03240799158811569
v -0.001611948013305664 0.026999950408935547 0.032357990741729736
v 0.00688397791236639 0.026986949145793915 0.030918000265955925
v 0.01009397953748703 0.026986949145793915 0.0309369508177042
v 0.01414697989821434 0.026985999196767807 0.03086996078491211
v 0.013869999907910824 0.026999950408935547 0.03240799158811569
v 0.007383942138403654 0.026986949145793915 0.0309369508177042
v 0.01009397953748703 0.026986949145793915 0.0309369508177042
v 0.013869999907910824 0.026999950408935547 0.03240799158811569
v -0.001611948013305664 0.026999950408935547 0.032357990741729736
v 0.0063249459490180016 0.026985999196767807 0.030836990103125572
v 0.00688397791236639 0.026986949145793915 0.030918000265955925
v 0.016206970438361168 0.02688395045697689 0.01939897984266281
v -0.0004479999770410359 0.026968950405716896 0.028847990557551384
v -0.0024669759441167116 0.02679895982146263 0.009728968143463135
v -0.0004479999770410359 0.026968950405716896 0.028847990557551384
v -0.0023699989542365074 0.026961980387568474 0.028115980327129364
v -0.0024669759441167116 0.02679895982146263 0.009728968143463135
v -0.0024669759441167116 0.02679895982146263 0.009728968143463135
v 0.028401970863342285 0.026802949607372284 0.014229949563741684
v 0.016206970438361168 0.02688395045697689 0.01939897984266281
v 0.028401970863342285 0.026802949607372284 0.014229949563741684
v 0.028669949620962143 0.02680598944425583 0.014496980234980583
v 0.016206970438361168 0.02688395045697689 0.01939897984266281
v 0.028669949620962143 0.02680598944425583 0.014496980234980583
v 0.029094990342855453 0.026809990406036377 0.014921960420906544
v 0.03075695037841797 0.026848969981074333 0.018523989245295525
v 0.016206970438361168 0.02688395045697689 0.01939897984266281
v 0.028669949620962143 0.02680598944425583 0.014496980234980583
v 0.03075695037841797 0.026848969981074333 0.018523989245295525
v 0.01508294977247715 0.026984980329871178 0.030855000019073486
v 0.01414697989821434 0.026985999196767807 0.03086996078491211
v 0.016206970438361168 0.02688395045697689 0.01939897984266281
v 0.01909898966550827 0.026978960260748863 0.03046596050262451
v 0.0188019797205925 0.026978960260748863 0.030504999682307243
v 0.016206970438361168 0.02688395045697689 0.01939897984266281
v 0.0188019797205925 0.026978960260748863 0.030504999682307243
v 0.01508294977247715 0.026984980329871178 0.030855000019073486
v 0.016206970438361168 0.02688395045697689 0.01939897984266281
v 0.02024495042860508 0.026975980028510094 0.03018397092819214
v 0.0199469905346632 0.026977000758051872 0.030305979773402214
v 0.01909898966550827 0.026978960260748863 0.03046596050262451
v 0.021672960370779037 0.02696800045669079 0.029505960643291473
v 0.021074950695037842 0.02697199024260044 0.029822999611496925
v 0.02186495065689087 0.02697497047483921 0.02933298982679844
v 0.021074950695037842 0.02697199024260044 0.029822999611496925
v 0.02024495042860508 0.026975980028510094 0.03018397092819214
v 0.02221398986876011 0.026962989941239357 0.029003970324993134
v 0.02221398986876011 0.026962989941239357 0.029003970324993134
v 0.02186495065689087 0.02697497047483921 0.02933298982679844
v 0.021074950695037842 0.02697199024260044 0.029822999611496925
v 0.030773989856243134 0.026846999302506447 0.018495969474315643
v 0.03075695037841797 0.026848969981074333 0.018523989245295525
v 0.02949398010969162 0.02681398019194603 0.015277979895472527
v 0.03075695037841797 0.026848969981074333 0.018523989245295525
v 0.02221398986876011 0.026962989941239357 0.029003970324993134
v 0.016206970438361168 0.02688395045697689 0.01939897984266281
v 0.031401991844177246 0.026807960122823715 0.015053980052471161
v 0.03114395961165428 0.026841990649700165 0.01794498972594738
v 0.030524959787726402 0.02681099995970726 0.015209970064461231
v 0.03114395961165428 0.026841990649700165 0.01794498972594738
v 0.030773989856243134 0.026846999302506447 0.018495969474315643
v 0.02949398010969162 0.02681398019194603 0.015277979895472527
v 0.030524959787726402 0.02681099995970726 0.015209970064461231
v 0.03114395961165428 0.026841990649700165 0.01794498972594738
v 0.030144980177283287 0.02681099995970726 0.015167949721217155
v 0.030864950269460678 0.026804979890584946 0.014734979718923569
v 0.030990950763225555 0.026799969375133514 0.014343970455229282
v 0.031401991844177246 0.026807960122823715 0.015053980052471161
v 0.02949398010969162 0.02681398019194603 0.015277979895472527
v 0.030144980177283287 0.02681099995970726 0.015167949721217155
v 0.03114395961165428 0.026841990649700165 0.01794498972594738
v 0.030524959787726402 0.02681099995970726 0.015209970064461231
v 0.030864950269460678 0.026804979890584946 0.014734979718923569
v 0.031401991844177246 0.026807960122823715 0.015053980052471161
v 0.02024495042860508 0.026975980028510094 0.03018397092819214
v 0.01909898966550827 0.026978960260748863 0.03046596050262451
v 0.016206970438361168 0.02688395045697689 0.01939897984266281
v 0.03075695037841797 0.026848969981074333 0.018523989245295525
v 0.029094990342855453 0.026809990406036377 0.014921960420906544
v 0.02949398010969162 0.02681398019194603 0.015277979895472527
v 0.04150097817182541 0.026999950408935547 0.03249698132276535
v 0.031401991844177246 0.026807960122823715 0.015053980052471161
v 0.03157097101211548 0.026784950867295265 0.013156949542462826
v 0.028711970895528793 0.02679597958922386 0.013706980273127556
v 0.028760960325598717 0.02679096907377243 0.013268940150737762
v 0.029126999899744987 0.02678799070417881 0.013082980178296566
v 0.029126999899744987 0.02678799070417881 0.013082980178296566
v 0.029517939314246178 0.026784000918269157 0.012819940224289894
v 0.030075959861278534 0.026784000918269157 0.012882939539849758
v 0.030075959861278534 0.026784000918269157 0.012882939539849758
v 0.030442949384450912 0.026784000918269157 0.012912980280816555
v 0.03067898005247116 0.02678596042096615 0.013156949542462826
v 0.03067898005247116 0.02678596042096615 0.013156949542462826
v 0.030847959220409393 0.02678799070417881 0.013326999731361866
v 0.030874960124492645 0.026791980490088463 0.013691959902644157
v 0.030874960124492645 0.026791980490088463 0.013691959902644157
v 0.030990950763225555 0.026799969375133514 0.014343970455229282
v 0.030144980177283287 0.02681099995970726 0.015167949721217155
v 0.030990950763225555 0.026799969375133514 0.014343970455229282
v 0.030864950269460678 0.026804979890584946 0.014734979718923569
v 0.030144980177283287 0.02681099995970726 0.015167949721217155
v 0.030864950269460678 0.026804979890584946 0.014734979718923569
v 0.030524959787726402 0.02681099995970726 0.015209970064461231
v 0.030144980177283287 0.02681099995970726 0.015167949721217155
v 0.030144980177283287 0.02681099995970726 0.015167949721217155
v 0.02949398010969162 0.02681398019194603 0.015277979895472527
v 0.029094990342855453 0.026809990406036377 0.014921960420906544
v 0.029094990342855453 0.026809990406036377 0.014921960420906544
v 0.028669949620962143 0.02680598944425583 0.014496980234980583
v 0.028711970895528793 0.02679597958922386 0.013706980273127556
v 0.028669949620962143 0.02680598944425583 0.014496980234980583
v 0.028401970863342285 0.026802949607372284 0.014229949563741684
v 0.028711970895528793 0.02679597958922386 0.013706980273127556
v 0.028711970895528793 0.02679597958922386 0.013706980273127556
v 0.029126999899744987 0.02678799070417881 0.013082980178296566
v 0.030874960124492645 0.026791980490088463 0.013691959902644157
v 0.029094990342855453 0.026809990406036377 0.014921960420906544
v 0.028711970895528793 0.02679597958922386 0.013706980273127556
v 0.030874960124492645 0.026791980490088463 0.013691959902644157
v 0.029126999899744987 0.02678799070417881 0.013082980178296566
v 0.030075959861278534 0.026784000918269157 0.012882939539849758
v 0.030874960124492645 0.026791980490088463 0.013691959902644157
v 0.030075959861278534 0.026784000918269157 0.012882939539849758
v 0.03067898005247116 0.02678596042096615 0.013156949542462826
v 0.030874960124492645 0.026791980490088463 0.013691959902644157
v 0.019545970484614372 0.03886597976088524 0.03299998864531517
v 0.01753395050764084 0.039295971393585205 0.032993968576192856
v 0.017295949161052704 0.034122999757528305 0.033060960471630096
v 0.01724296063184738 0.03280394896864891 0.03307795152068138
v 0.01711297035217285 0.03229194134473801 0.03308498114347458
v 0.019809959456324577 0.032302968204021454 0.03308498114347458
v 0.019545970484614372 0.03886597976088524 0.03299998864531517
v 0.017295949161052704 0.034122999757528305 0.033060960471630096
v 0.019809959456324577 0.032302968204021454 0.03308498114347458
v 0.019809959456324577 0.032302968204021454 0.03308498114347458
v 0.04103595018386841 0.03238796815276146 0.03308897837996483
v 0.041087981313467026 0.03425896167755127 0.033064961433410645
v 0.04103595018386841 0.03238796815276146 0.03308897837996483
v 0.04323798045516014 0.03239696845412254 0.03308999165892601
v 0.04323798045516014 0.03379898890852928 0.03307098150253296
v 0.04323798045516014 0.03239696845412254 0.03308999165892601
v 0.04358195886015892 0.032397981733083725 0.03308999165892601
v 0.04373496025800705 0.03369294852018356 0.03307294100522995
v 0.04358195886015892 0.032397981733083725 0.03308999165892601
v 0.04822694882750511 0.03241698816418648 0.03309094160795212
v 0.047949958592653275 0.03279196843504906 0.03308599814772606
v 0.04822694882750511 0.03241698816418648 0.03309094160795212
v 0.04847300052642822 0.03241794928908348 0.03309094160795212
v 0.04827398061752319 0.03272198885679245 0.033086951822042465
v 0.0025909540709108114 0.03223298862576485 0.033081941306591034
v 0.0028519630432128906 0.04243599995970726 0.032948970794677734
v -0.0030319690704345703 0.03752100095152855 0.033011969178915024
v -0.0028029680252075195 0.032211948186159134 0.033080991357564926
v -0.0030319690704345703 0.03752100095152855 0.033011969178915024
v -0.005350946914404631 0.035583969205617905 0.033036939799785614
v -0.005497992038726807 0.03220098838210106 0.033080991357564926
v -0.005119978915899992 0.03220200166106224 0.033080991357564926
v -0.005350946914404631 0.035583969205617905 0.033036939799785614
v -0.0060349698178470135 0.03501296043395996 0.03304398059844971
v -0.005736947059631348 0.03477197140455246 0.03304696083068848
v -0.005721985828131437 0.03475898131728172 0.03304696083068848
v -0.005350946914404631 0.035583969205617905 0.033036939799785614
v -0.009420990012586117 0.03218495100736618 0.03307998180389404
v -0.005497992038726807 0.03220098838210106 0.033080991357564926
v -0.005690990947186947 0.03450195863842964 0.03305095061659813
v -0.0060349698178470135 0.03501296043395996 0.03304398059844971
v 0.012120960280299187 0.045473989099264145 0.0020399680361151695
v 0.0051939478144049644 0.045881979167461395 -0.004823981784284115
v -4.999999873689376e-06 0.046220000833272934 0.0
v 0.008274972438812256 0.045710980892181396 0.0013839600142091513
v 0.016222000122070312 0.043992988765239716 0.030240949243307114
v 0.017596960067749023 0.04419295862317085 0.02654099091887474
v 0.015682989731431007 0.04419295862317085 0.027205999940633774
v 0.016222000122070312 0.043992988765239716 0.030240949243307114
v -0.007342994213104248 0.03982799872756004 0.03006695955991745
v -0.009675978682935238 0.03918600082397461 0.029450949281454086
v -0.009582996368408203 0.03845595940947533 0.03027397021651268
v -0.009675978682935238 0.03918600082397461 0.029450949281454086
v -0.007342994213104248 0.03982799872756004 0.03006695955991745
v -0.009204982779920101 0.03748499974608421 0.03151195868849754
v -0.007342994213104248 0.03982799872756004 0.03006695955991745
v -0.009324966929852962 0.03768998011946678 0.03122895024716854
v -0.006246984004974365 0.038736991584300995 0.03182994946837425
v -0.006246984004974365 0.038736991584300995 0.03182994946837425
v -0.0036369559820741415 0.03984098881483078 0.03211098164319992
v -0.004397987853735685 0.040636949241161346 0.030844980850815773
v -0.01302396971732378 0.03826497867703438 0.02856599912047386
v -0.01178395003080368 0.03639400005340576 0.031234970316290855
v -0.01210795994848013 0.03753494843840599 0.029847970232367516
v -0.01178395003080368 0.03639400005340576 0.031234970316290855
v -0.011558939702808857 0.036655958741903305 0.03108298033475876
v -0.01210795994848013 0.03753494843840599 0.029847970232367516
v -0.0087089529260993 0.03396296128630638 0.03300594910979271
v -0.00900799036026001 0.0337439700961113 0.03300695866346359
v -0.008913992904126644 0.03298395127058029 0.03305298089981079
v -0.00900799036026001 0.0337439700961113 0.03300695866346359
v -0.009420990012586117 0.03218495100736618 0.03307998180389404
v -0.0067739482037723064 0.03538094833493233 0.03299599140882492
v -0.0087089529260993 0.03396296128630638 0.03300594910979271
v -0.0060349698178470135 0.03501296043395996 0.03304398059844971
v -0.0087089529260993 0.03396296128630638 0.03300594910979271
v -0.0060349698178470135 0.03501296043395996 0.03304398059844971
v -0.0060349698178470135 0.03501296043395996 0.03304398059844971
v -0.006553946994245052 0.03538094833493233 0.03300397843122482
v -0.0067739482037723064 0.03538094833493233 0.03299599140882492
v -0.0060349698178470135 0.03501296043395996 0.03304398059844971
v -0.0054259891621768475 0.0363689586520195 0.032989971339702606
v -0.0067739482037723064 0.03538094833493233 0.03299599140882492
v -0.006553946994245052 0.03538094833493233 0.03300397843122482
v -0.0060349698178470135 0.03501296043395996 0.03304398059844971
v -0.005350946914404631 0.035583969205617905 0.033036939799785614
v -0.006506978999823332 0.035379938781261444 0.03300594910979271
v -0.005350946914404631 0.035583969205617905 0.033036939799785614
v -0.0054259891621768475 0.0363689586520195 0.032989971339702606
v -0.006506978999823332 0.035379938781261444 0.03300594910979271
v -0.0054259891621768475 0.0363689586520195 0.032989971339702606
v -0.005350946914404631 0.035583969205617905 0.033036939799785614
v -0.0030319690704345703 0.03752100095152855 0.033011969178915024
v 0.008821964263916016 0.04567693918943405 0.0014759890036657453
v 0.008274972438812256 0.045710980892181396 0.0013839600142091513
v 0.031676940619945526 0.046220000833272934 0.05487494915723801
v 0.043152980506420135 0.038807980716228485 0.02815896086394787
v 0.040810998529195786 0.0392799898982048 0.028337949886918068
v 0.0409279391169548 0.03918099030852318 0.028562959283590317
v 0.042177971452474594 0.03813695162534714 0.030927950516343117
v 0.04406898841261864 0.038226958364248276 0.02932094968855381
v 0.042177971452474594 0.03813695162534714 0.030927950516343117
v 0.04525595158338547 0.03740799054503441 0.03103094920516014
v 0.045048948377370834 0.03757994994521141 0.030640950426459312
v 0.042177971452474594 0.03813695162534714 0.030927950516343117
v 0.04406797140836716 0.038226958364248276 0.029319999739527702
v 0.044066961854696274 0.03822797164320946 0.029318980872631073
v 0.043728940188884735 0.038462989032268524 0.02882695011794567
v 0.04564499109983444 0.03830498084425926 0.0279690008610487
v 0.043152980506420135 0.038807980716228485 0.02815896086394787
v 0.04344099014997482 0.03864597901701927 0.028459960594773293
v 0.043728940188884735 0.038462989032268524 0.02882695011794567
v 0.044066961854696274 0.03822797164320946 0.029318980872631073
v 0.04406797140836716 0.038226958364248276 0.029319999739527702
v 0.04564499109983444 0.03830498084425926 0.0279690008610487
v 0.045048948377370834 0.03757994994521141 0.030640950426459312
v 0.04525595158338547 0.03740799054503441 0.03103094920516014
v 0.04564499109983444 0.03830498084425926 0.0279690008610487
v 0.043728940188884735 0.038462989032268524 0.02882695011794567
v 0.04406797140836716 0.038226958364248276 0.029319999739527702
v 0.04564499109983444 0.03830498084425926 0.0279690008610487
v 0.04564499109983444 0.03830498084425926 0.0279690008610487
v 0.012667950242757797 0.02899998053908348 0.032854970544576645
v 0.009998977184295654 0.02899998053908348 0.032851990312337875
v 0.009484945796430111 0.02899998053908348 0.03329598158597946
v 0.04949396103620529 0.03080195002257824 0.03257298097014427
v 0.04930698126554489 0.030014989897608757 0.032891981303691864
v 0.049203988164663315 0.02978295087814331 0.032891981303691864
v -0.011292990297079086 0.03421496972441673 0.0326419398188591
v -0.011196970008313656 0.03264098986983299 0.03336399048566818
v -0.011157980188727379 0.0331609807908535 0.03352499008178711
v 0.004690945148468018 0.04207497090101242 0.03294700011610985
v 0.0175129696726799 0.03955893963575363 0.03293298929929733
v 0.017458969727158546 0.04003797844052315 0.03279298171401024
v 0.04084699973464012 0.0361979603767395 0.03254299983382225
v 0.019406970590353012 0.03971796855330467 0.0327720008790493
v 0.019502989947795868 0.03916800022125244 0.032930970191955566
v 0.019502989947795868 0.03916800022125244 0.032930970191955566
v 0.04102199897170067 0.03494495153427124 0.03290795907378197
v 0.04100197181105614 0.03509395942091942 0.03286498039960861
v 0.04293894022703171 0.035853978246450424 0.03252093866467476
v 0.04314899072051048 0.03452794998884201 0.03290598839521408
v 0.04386394843459129 0.03505498170852661 0.03270493820309639
v 0.043729960918426514 0.03441398963332176 0.0329049788415432
v 0.04371798038482666 0.03467398136854172 0.03282796964049339
v 0.04478495940566063 0.035377971827983856 0.03255295008420944
v 0.04591196030378342 0.035365991294384 0.032489001750946045
v 0.044295959174633026 0.0353199802339077 0.032599978148937225
v 0.04434996098279953 0.03535699099302292 0.032584961503744125
v 0.046658989042043686 0.034927960485219955 0.03257495164871216
v 0.04591196030378342 0.035365991294384 0.032489001750946045
v 0.046658989042043686 0.034927960485219955 0.03257495164871216
v 0.04671895131468773 0.03481096029281616 0.03260694816708565
v 0.04700398072600365 0.03422600030899048 0.032764971256256104
v 0.04766695946455002 0.03364098072052002 0.03290098160505295
v 0.04734098166227341 0.03370498865842819 0.03290098160505295
v 0.049450989812612534 0.03329097852110863 0.03289895877242088
v 0.046658989042043686 0.034927960485219955 0.03257495164871216
v 0.04671895131468773 0.03481096029281616 0.03260694816708565
v 0.049450989812612534 0.03329097852110863 0.03289895877242088
v -0.005486965179443359 0.04565494880080223 0.004854977130889893
v 0.02344994992017746 0.04525094851851463 0.06395000219345093
v 0.026008959859609604 0.04561996087431908 0.06395000219345093
v 0.004680991172790527 0.042135950177907944 0.03292899951338768
v 0.017458969727158546 0.04003797844052315 0.03279298171401024
v 0.017431970685720444 0.04026097059249878 0.03272293880581856
v 0.019406970590353012 0.03971796855330467 0.0327720008790493
v 0.04084699973464012 0.0361979603767395 0.03254299983382225
v 0.04084097966551781 0.03623795136809349 0.03253095969557762
v 0.04315197095274925 0.02972698025405407 0.03297894820570946
v 0.04100298136472702 0.03171294182538986 0.03307294100522995
v 0.040880970656871796 0.02974599041044712 0.032983001321554184
v 0.04315197095274925 0.02972698025405407 0.03297894820570946
v 0.043477948755025864 0.031672000885009766 0.03306800127029419
v 0.04315197095274925 0.02972698025405407 0.03297894820570946
v 0.043477948755025864 0.031672000885009766 0.03306800127029419
v 0.043241970241069794 0.029727989807724953 0.03297894820570946
v 0.043241970241069794 0.029727989807724953 0.03297894820570946
v 0.049254000186920166 0.029788969084620476 0.03298395127058029
v 0.04830700159072876 0.032310958951711655 0.03308796137571335
v 0.049254000186920166 0.029788969084620476 0.03298395127058029
v 0.04967296123504639 0.03242294862866402 0.03309094160795212
v 0.048534978181123734 0.032329969108104706 0.03308897837996483
v -0.02212500013411045 -0.03807497024536133 0.012773989699780941
v -0.023925960063934326 -0.03807497024536133 0.008957982063293457
v -0.023928990587592125 -0.03829598054289818 0.008958995342254639
v -0.02219598926603794 -0.04248695820569992 0.004335999023169279
v -0.0211789608001709 -0.04248695820569992 0.00792997982352972
v -0.022441979497671127 -0.04137396067380905 0.008401989005506039
v 0.0071639409288764 -0.046182990074157715 0.007704973220825195
v 0.008714972995221615 -0.04594498127698898 0.009831964038312435
v 0.007995963096618652 -0.045989990234375 0.009781955741345882
v -0.008147954009473324 -0.045487988740205765 0.006739974021911621
v -0.006915986072272062 -0.045548971742391586 0.007992981933057308
v -0.008791983127593994 -0.0452839694917202 0.007973968051373959
v -0.005475996993482113 -0.04564398154616356 0.009031951427459717
v -0.013715979643166065 -0.044520970433950424 0.007918952964246273
v -0.008791983127593994 -0.0452839694917202 0.007973968051373959
v 0.016224980354309082 -0.04319994896650314 -0.013361990451812744
v 0.017456939443945885 -0.04248695820569992 -0.0143769895657897
v 0.01958495005965233 -0.04248695820569992 -0.011307950131595135
v 0.00545996380969882 -0.039942968636751175 -0.02436196058988571
v 0.0055879950523376465 -0.03829598054289818 -0.02493298053741455
v 0.009614944458007812 -0.03829598054289818 -0.02367299050092697
v -0.017728980630636215 -0.037898000329732895 -0.018224000930786133
v -0.014428970403969288 -0.037840958684682846 -0.02080993913114071
v -0.014558969996869564 -0.03829598054289818 -0.020996980369091034
v -0.014558969996869564 -0.03829598054289818 -0.020996980369091034
v -0.0027459850534796715 -0.039942968636751175 -0.02481495961546898
v -0.02240096963942051 -0.04248695820569992 -0.0031059980392456055
v 0.0012459750287234783 -0.04248695820569992 -0.022580979391932487
v 0.0013199440436437726 -0.04137396067380905 -0.02392696961760521
v 0.005239963065832853 -0.04137396067380905 -0.02338295988738537
v -0.020116979256272316 -0.039942968636751175 -0.014786000363528728
v -0.0211789608001709 -0.04248695820569992 0.00792997982352972
v -0.01958495005965233 -0.04248695820569992 0.011307950131595135
v -0.020013980567455292 -0.04207795113325119 0.011554949916899204
v -0.020013980567455292 -0.04207795113325119 0.011554949916899204
v -0.020752960816025734 -0.04137396067380905 0.011981960386037827
v -0.022441979497671127 -0.04137396067380905 0.008401989005506039
v 0.0090179443359375 -0.04137396067380905 -0.02220194973051548
v 0.005239963065832853 -0.04137396067380905 -0.02338295988738537
v 0.00545996380969882 -0.039942968636751175 -0.02436196058988571
v -0.0210109893232584 -0.04319994896650314 0.0005789999850094318
v -0.02212500013411045 -0.03807497024536133 0.012773989699780941
v -0.02212798036634922 -0.03829598054289818 0.012775950133800507
v -0.01255899015814066 -0.03629899024963379 0.030059989541769028
v -0.01255899015814066 -0.03629899024963379 0.030059989541769028
v -0.012326950207352638 -0.03570299968123436 0.030087940394878387
v -0.012326950207352638 -0.03560196980834007 0.030016949400305748
v -0.012326950207352638 -0.03560196980834007 0.030016949400305748
v -0.011888979934155941 -0.0348929688334465 0.030361950397491455
v -0.02212500013411045 -0.03807497024536133 0.012773989699780941
v -0.006519972812384367 -0.04137396067380905 -0.023058950901031494
v -0.0205879807472229 -0.03829598054289818 -0.015131950378417969
v -0.01781696081161499 -0.03829598054289818 -0.018314950168132782
v -0.017408959567546844 -0.039942968636751175 -0.017894979566335678
v -0.023736000061035156 -0.04137396067380905 -0.003290951019152999
v 0.014852999709546566 -0.04248695820569992 -0.017053959891200066
v 0.015737950801849365 -0.04137396067380905 -0.018070990219712257
v 0.018497999757528305 -0.04137396067380905 -0.015233989804983139
v 0.006582974921911955 -0.04380499944090843 0.026911970227956772
v 0.006486951839178801 -0.043612949550151825 0.0274579506367445
v -0.01820296049118042 -0.04319994896650314 0.010509960353374481
v -0.013715979643166065 -0.044520970433950424 0.007918952964246273
v -0.01820296049118042 -0.04319994896650314 0.010509960353374481
v -0.01973997987806797 -0.04319994896650314 0.007173954974859953
v -0.023380989208817482 -0.039942968636751175 0.008753955364227295
v -0.022870950400829315 -0.04137396067380905 -0.007152974139899015
v -0.02158397063612938 -0.04248695820569992 -0.006750940810889006
v -0.02240096963942051 -0.04248695820569992 -0.0031059980392456055
v -0.0091589679941535 -0.04546694830060005 -0.005287944804877043
v -0.013202959671616554 -0.044520970433950424 -0.008747993968427181
v -0.011370000429451466 -0.044520970433950424 -0.011024950072169304
v 0.01338099967688322 -0.03829598054289818 -0.02176797017455101
v 0.009614944458007812 -0.03829598054289818 -0.02367299050092697
v 0.00953298807144165 -0.03784697875380516 -0.023471949622035027
v -0.015650980174541473 -0.044520970433950424 0.0024289479479193687
v -0.010363990440964699 -0.04546694830060005 0.0016109939897432923
v -0.010214979760348797 -0.04546694830060005 0.002736984984949231
v -0.009655952453613281 -0.04546694830060005 -0.004087984096258879
v 0.03832298144698143 -0.04132293909788132 0.025753969326615334
v 0.036921970546245575 -0.04181598871946335 0.026875970885157585
v 0.013715979643166065 -0.044520970433950424 -0.007918952964246273
v -0.010654980316758156 -0.039942968636751175 -0.022577999159693718
v -0.01022696029394865 -0.04137396067380905 -0.02167098969221115
v -0.013653989881277084 -0.04137396067380905 -0.01969200000166893
v 0.019271960482001305 -0.039942968636751175 -0.01587199978530407
v 0.019722990691661835 -0.03829598054289818 -0.016243990510702133
v 0.02212798036634922 -0.03829598054289818 -0.012775950133800507
v -0.023827970027923584 -0.039942968636751175 -0.007452963851392269
v -0.024385979399085045 -0.03829598054289818 -0.007626949809491634
v -0.022797999903559685 -0.03829598054289818 -0.011536950245499611
v -0.022797999903559685 -0.03829598054289818 -0.011536950245499611
v -0.024385979399085045 -0.03829598054289818 -0.007626949809491634
v -0.02426600083708763 -0.037898000329732895 -0.007589994929730892
v -0.014046959578990936 -0.03796695917844772 0.026699960231781006
v -0.014640980400145054 -0.03825198858976364 0.025761960074305534
v 0.006486951839178801 -0.043612949550151825 0.0274579506367445
v 0.006486951839178801 -0.043612949550151825 0.0274579506367445
v -0.013060979545116425 -0.03718798980116844 0.028880950063467026
v -0.01297598984092474 -0.037491969764232635 0.028310950845479965
v -0.01297598984092474 -0.037491969764232635 0.028310950845479965
v -0.013988969847559929 -0.037905991077423096 0.026859989389777184
v -0.014046959578990936 -0.03796695917844772 0.026699960231781006
v -0.014857940375804901 -0.04319994896650314 -0.01483594998717308
v -0.016936950385570526 -0.04319994896650314 -0.012447950430214405
v -0.01822197064757347 -0.04248695820569992 -0.013392980210483074
v 0.0012459750287234783 -0.04248695820569992 -0.022580979391932487
v -0.0024879570119082928 -0.04248695820569992 -0.022477980703115463
v -0.002635955112054944 -0.04137396067380905 -0.02381795085966587
v -0.01255899015814066 -0.03629899024963379 0.030059989541769028
v -0.013060979545116425 -0.03718798980116844 0.028880950063467026
v 0.006486951839178801 -0.043612949550151825 0.0274579506367445
v -0.01090299990028143 -0.03807497024536133 -0.023103950545191765
v -0.006893991958349943 -0.03784697875380516 -0.02437799982726574
v -0.0069529409520328045 -0.03829598054289818 -0.02458696998655796
v 0.016780970618128777 -0.03829598054289818 -0.019267970696091652
v 0.02212798036634922 -0.03829598054289818 -0.012775950133800507
v 0.019722990691661835 -0.03829598054289818 -0.016243990510702133
v 0.019682999700307846 -0.037976980209350586 -0.016209950670599937
v 0.038627978414297104 -0.041216958314180374 0.02622896060347557
v 0.044110000133514404 -0.03825097903609276 0.025278979912400246
v 0.044600959867239 -0.03795896843075752 0.026275990530848503
v 0.044600959867239 -0.03795896843075752 0.026275990530848503
v 0.04464095085859299 -0.03793596848845482 0.02631700038909912
v 0.044670991599559784 -0.03791898116469383 0.026360979303717613
v 0.04471796005964279 -0.0378909707069397 0.026436980813741684
v 0.04550796002149582 -0.03743397817015648 0.027529949322342873
v 0.038627978414297104 -0.041216958314180374 0.02622896060347557
v 0.044600959867239 -0.03795896843075752 0.026275990530848503
v 0.044670991599559784 -0.03791898116469383 0.026360979303717613
v 0.04471796005964279 -0.0378909707069397 0.026436980813741684
v 0.020013980567455292 -0.04207795113325119 -0.011554949916899204
v 0.020752960816025734 -0.04137396067380905 -0.011981960386037827
v 0.04364496096968651 -0.03829598054289818 0.02449296973645687
v 0.013073979876935482 -0.039942968636751175 -0.02126896008849144
v 0.009394942782819271 -0.039942968636751175 -0.023130949586629868
v 0.009614944458007812 -0.03829598054289818 -0.02367299050092697
v 0.020414939150214195 -0.04350696876645088 0.02830195054411888
v 0.020455950871109962 -0.04282598942518234 0.028600990772247314
v 0.007666944991797209 -0.04264599084854126 0.028595980256795883
v -0.006519972812384367 -0.04137396067380905 -0.023058950901031494
v -0.005287944804877043 -0.04546694830060005 -0.0091589679941535
v -0.009150980971753597 -0.044520970433950424 -0.012926990166306496
v -0.006619988940656185 -0.044520970433950424 -0.014387959614396095
v -0.01822197064757347 -0.04248695820569992 -0.013392980210483074
v 0.005287944804877043 -0.04546694830060005 -0.0091589679941535
v 0.002736984984949231 -0.04546694830060005 -0.010214979760348797
v 0.004800974857062101 -0.044520970433950424 -0.015092959627509117
v 0.019682999700307846 -0.037976980209350586 -0.016209950670599937
v 0.016745980829000473 -0.037976980209350586 -0.019228989258408546
v 0.01652996987104416 -0.03771799057722092 -0.018979959189891815
v 0.020455950871109962 -0.04282598942518234 0.028600990772247314
v 0.020414939150214195 -0.04350696876645088 0.02830195054411888
v 0.0318179689347744 -0.04247099161148071 0.02816998027265072
v -0.002311944030225277 -0.04319994896650314 -0.020891960710287094
v -0.0024879570119082928 -0.04248695820569992 -0.022477980703115463
v 0.0012459750287234783 -0.04248695820569992 -0.022580979391932487
v -0.015650980174541473 -0.044520970433950424 0.0024289479479193687
v -0.01583098992705345 -0.044520970433950424 -0.0004879999905824661
v -0.010533980093896389 -0.04546694830060005 -0.0003209999995306134
v -0.0027969470247626305 -0.037898000329732895 -0.025270989164710045
v 0.0014009469887241721 -0.037898000329732895 -0.025385970249772072
v 0.0014079799875617027 -0.03829598054289818 -0.025511980056762695
v -0.006059944164007902 -0.04546694830060005 -0.008565962314605713
v -0.005287944804877043 -0.04546694830060005 -0.0091589679941535
v 0.005258976947516203 -0.04619299992918968 0.00910794734954834
v 0.005287944804877043 -0.04546694830060005 -0.0091589679941535
v 0.0074929590336978436 -0.044520970433950424 -0.013953980058431625
v 0.009929001331329346 -0.044520970433950424 -0.012338990345597267
v 0.011842959560453892 -0.04248695820569992 -0.01926594041287899
v 0.014852999709546566 -0.04248695820569992 -0.017053959891200066
v 0.01380394957959652 -0.04319994896650314 -0.015850959345698357
v 0.00797194242477417 -0.04546694830060005 -0.006834982894361019
v 0.0090179443359375 -0.04137396067380905 -0.02220194973051548
v 0.009394942782819271 -0.039942968636751175 -0.023130949586629868
v 0.013073979876935482 -0.039942968636751175 -0.02126896008849144
v -0.02472895011305809 -0.039942968636751175 -0.0034289949107915163
v -0.024956999346613884 -0.039942968636751175 0.0006880000000819564
v -0.025541959330439568 -0.03829598054289818 0.0007040000054985285
v -0.02162097953259945 -0.039942968636751175 0.012482999823987484
v -0.02212798036634922 -0.03829598054289818 0.012775950133800507
v -0.023928990587592125 -0.03829598054289818 0.008958995342254639
v -0.014225950464606285 -0.039942968636751175 -0.02051698975265026
v -0.013653989881277084 -0.04137396067380905 -0.01969200000166893
v -0.016708970069885254 -0.04137396067380905 -0.01717597059905529
v -0.024385979399085045 -0.03829598054289818 -0.007626949809491634
v -0.025308959186077118 -0.03829598054289818 -0.0035099980887025595
v -0.025256989523768425 -0.037976980209350586 -0.0035019509959965944
v -0.01486693974584341 -0.03836797922849655 0.025288989767432213
v -0.014640980400145054 -0.03825198858976364 0.025761960074305534
v -0.01486693974584341 -0.03836797922849655 0.025288989767432213
v -0.020752960816025734 -0.04137396067380905 0.011981960386037827
v -0.01486693974584341 -0.03836797922849655 0.025288989767432213
v -0.01486693974584341 -0.03836797922849655 0.025288989767432213
v -0.02162097953259945 -0.039942968636751175 0.012482999823987484
v -0.021391980350017548 -0.0403209887444973 0.012350969947874546
v -0.01486693974584341 -0.03836797922849655 0.025288989767432213
v -0.020752960816025734 -0.04137396067380905 0.011981960386037827
v -0.020013980567455292 -0.04207795113325119 0.011554949916899204
v -0.020013980567455292 -0.04207795113325119 0.011554949916899204
v -0.01958495005965233 -0.04248695820569992 0.011307950131595135
v -0.01486693974584341 -0.03836797922849655 0.025288989767432213
v 0.03401695936918259 -0.0424189493060112 0.027298979461193085
v 0.010333949699997902 -0.045745961368083954 0.001504956977441907
v 0.010741939768195152 -0.04558897018432617 0.0003659999929368496
v 0.010741939768195152 -0.04558897018432617 0.0003659999929368496
v 0.013715979643166065 -0.044520970433950424 -0.007918952964246273
v 0.036921970546245575 -0.04181598871946335 0.026875970885157585
v -0.025076979771256447 -0.03829598054289818 0.004897952079772949
v -0.023928990587592125 -0.03829598054289818 0.008958995342254639
v -0.023925960063934326 -0.03807497024536133 0.008957982063293457
v 0.01820296049118042 -0.04319994896650314 -0.010509960353374481
v 0.01958495005965233 -0.04248695820569992 -0.011307950131595135
v 0.038762979209423065 -0.04093198850750923 0.024520989507436752
v 0.02212798036634922 -0.03829598054289818 -0.012775950133800507
v 0.021913999691605568 -0.037829991430044174 -0.01265196967869997
v 0.047301940619945526 -0.0356859490275383 0.029961999505758286
v 0.00797194242477417 -0.04546694830060005 -0.006834982894361019
v 0.00657695485278964 -0.04546694830060005 -0.008169949054718018
v 0.009929001331329346 -0.044520970433950424 -0.012338990345597267
v 0.005258976947516203 -0.04619299992918968 0.00910794734954834
v 0.019545970484614372 -0.04413396120071411 0.026791980490088463
v 0.00407594395801425 -0.046025991439819336 0.011048969812691212
v 0.019545970484614372 -0.04413396120071411 0.026791980490088463
v 0.009028971195220947 -0.0440019890666008 0.026892000809311867
v 0.00407594395801425 -0.046025991439819336 0.011048969812691212
v -5.0999999075429514e-05 -0.045784950256347656 0.01154899038374424
v -0.0021759860683232546 -0.045869939029216766 0.010205980390310287
v 0.0014419549843296409 -0.04596995934844017 0.010865979827940464
v -0.0021759860683232546 -0.045869939029216766 0.010205980390310287
v 0.003089963924139738 -0.046182990074157715 0.010056969709694386
v 0.0014419549843296409 -0.04596995934844017 0.010865979827940464
v 0.03130095824599266 -0.0429309606552124 0.026960959658026695
v 0.0071639409288764 -0.046182990074157715 0.007704973220825195
v 0.008548974059522152 -0.04603796824812889 0.006626963149756193
v 0.03130095824599266 -0.0429309606552124 0.026960959658026695
v 0.022069990634918213 -0.043990958482027054 0.026690950617194176
v 0.008928953669965267 -0.045928001403808594 0.009762941859662533
v 0.022069990634918213 -0.043990958482027054 0.026690950617194176
v 0.00883495807647705 -0.04593700170516968 0.009833990596234798
v 0.008928953669965267 -0.045928001403808594 0.009762941859662533
v 0.021457970142364502 -0.04398994892835617 0.027311980724334717
v 0.008714972995221615 -0.04594498127698898 0.009831964038312435
v 0.00883495807647705 -0.04593700170516968 0.009833990596234798
v -0.02058595046401024 -0.03807497024536133 -0.015129979699850082
v -0.017728980630636215 -0.037898000329732895 -0.018224000930786133
v -0.01781696081161499 -0.03829598054289818 -0.018314950168132782
v -0.011888979934155941 -0.0348929688334465 0.030361950397491455
v 0.04684298858046532 -0.035606980323791504 0.029724949970841408
v 0.0013809800148010254 -0.03769296035170555 -0.025023989379405975
v -0.013653989881277084 -0.04137396067380905 -0.01969200000166893
v 0.015737950801849365 -0.04137396067380905 -0.018070990219712257
v 0.012548980303108692 -0.04137396067380905 -0.020414939150214195
v 0.013073979876935482 -0.039942968636751175 -0.02126896008849144
v 0.011842959560453892 -0.04248695820569992 -0.01926594041287899
v 0.012548980303108692 -0.04137396067380905 -0.020414939150214195
v 0.015737950801849365 -0.04137396067380905 -0.018070990219712257
v -0.021380959078669548 -0.04137396067380905 -0.010819969698786736
v -0.02017796039581299 -0.04248695820569992 -0.010210989974439144
v -0.02158397063612938 -0.04248695820569992 -0.006750940810889006
v -0.02260695956647396 -0.04248695820569992 0.0006229999708011746
v 0.010277980007231236 -0.045540980994701385 -0.0019729731138795614
v 0.03705697879195213 -0.041453950107097626 0.027994990348815918
v 0.03606896847486496 -0.0416569709777832 0.02816998027265072
v 0.03614199161529541 -0.041975971311330795 0.02734195999801159
v 0.0055879950523376465 -0.03829598054289818 -0.02493298053741455
v 0.0014079799875617027 -0.03829598054289818 -0.025511980056762695
v 0.0014009469887241721 -0.037898000329732895 -0.025385970249772072
v 0.005258976947516203 -0.04619299992918968 0.00910794734954834
v -0.005287944804877043 -0.04546694830060005 -0.0091589679941535
v -0.004388988018035889 -0.04546694830060005 -0.009530960582196712
v 0.018497999757528305 -0.04137396067380905 -0.015233989804983139
v 0.020752960816025734 -0.04137396067380905 -0.011981960386037827
v 0.020013980567455292 -0.04207795113325119 -0.011554949916899204
v 0.020013980567455292 -0.04207795113325119 -0.011554949916899204
v 0.01958495005965233 -0.04248695820569992 -0.011307950131595135
v 0.017456939443945885 -0.04248695820569992 -0.0143769895657897
v -5.0999999075429514e-05 -0.045784950256347656 0.01154899038374424
v 0.0014419549843296409 -0.04596995934844017 0.010865979827940464
v 0.009028971195220947 -0.0440019890666008 0.026892000809311867
v 0.0014419549843296409 -0.04596995934844017 0.010865979827940464
v 0.0014519690303131938 -0.04597197845578194 0.010862939991056919
v 0.009028971195220947 -0.0440019890666008 0.026892000809311867
v 0.0014519690303131938 -0.04597197845578194 0.010862939991056919
v 0.003089963924139738 -0.046182990074157715 0.010056969709694386
v 0.009028971195220947 -0.0440019890666008 0.026892000809311867
v 0.009028971195220947 -0.0440019890666008 0.026892000809311867
v 0.00765299703925848 -0.043811969459056854 0.027516959235072136
v -5.0999999075429514e-05 -0.045784950256347656 0.01154899038374424
v 0.021391980350017548 -0.0403209887444973 -0.012350969947874546
v 0.020752960816025734 -0.04137396067380905 -0.011981960386037827
v 0.018497999757528305 -0.04137396067380905 -0.015233989804983139
v 0.018497999757528305 -0.04137396067380905 -0.015233989804983139
v 0.019271960482001305 -0.039942968636751175 -0.01587199978530407
v 0.021391980350017548 -0.0403209887444973 -0.012350969947874546
v -0.014640980400145054 -0.03825198858976364 0.025761960074305534
v -0.014046959578990936 -0.03796695917844772 0.026699960231781006
v -0.013988969847559929 -0.037905991077423096 0.026859989389777184
v -0.013988969847559929 -0.037905991077423096 0.026859989389777184
v -0.01297598984092474 -0.037491969764232635 0.028310950845479965
v -0.013060979545116425 -0.03718798980116844 0.028880950063467026
v -0.012326950207352638 -0.03570299968123436 0.030087940394878387
v -0.012225979939103127 -0.03527693822979927 0.0309829693287611
v -0.012237959541380405 -0.035038940608501434 0.030668970197439194
v 0.02053499035537243 -0.044041991233825684 0.027417950332164764
v 0.005258976947516203 -0.04619299992918968 0.00910794734954834
v 0.007995963096618652 -0.045989990234375 0.009781955741345882
v 0.007995963096618652 -0.045989990234375 0.009781955741345882
v 0.008714972995221615 -0.04594498127698898 0.009831964038312435
v 0.02053499035537243 -0.044041991233825684 0.027417950332164764
v 0.044110000133514404 -0.03825097903609276 0.025278979912400246
v 0.04550796002149582 -0.03743397817015648 0.027529949322342873
v 0.04471796005964279 -0.0378909707069397 0.026436980813741684
v 0.044110000133514404 -0.03825097903609276 0.025278979912400246
v 0.04471796005964279 -0.0378909707069397 0.026436980813741684
v 0.044670991599559784 -0.03791898116469383 0.026360979303717613
v 0.04464095085859299 -0.03793596848845482 0.02631700038909912
v 0.044600959867239 -0.03795896843075752 0.026275990530848503
v 0.044110000133514404 -0.03825097903609276 0.025278979912400246
v 0.04471796005964279 -0.0378909707069397 0.026436980813741684
v 0.04863994941115379 -0.03802895173430443 0.03352098912000656
v 0.0485069714486599 -0.03871399164199829 0.03346896171569824
v 0.01166194025427103 -0.04562395066022873 0.005823968909680843
v 0.010333949699997902 -0.045745961368083954 0.001504956977441907
v 0.03130095824599266 -0.0429309606552124 0.026960959658026695
v -0.011888979934155941 -0.0348929688334465 0.030361950397491455
v -0.012326950207352638 -0.03560196980834007 0.030016949400305748
v -0.012326950207352638 -0.03570299968123436 0.030087940394878387
v 0.0014519690303131938 -0.04597197845578194 0.010862939991056919
v 0.006221950054168701 -0.045319970697164536 0.033447980880737305
v 0.005838990211486816 -0.04529093950986862 0.0333169586956501
v -0.003137945896014571 -0.04556595906615257 0.011079959571361542
v -0.0021759860683232546 -0.045869939029216766 0.010205980390310287
v 0.006582974921911955 -0.04380499944090843 0.026911970227956772
v 0.035992980003356934 0.024363990873098373 0.007355988025665283
v 0.05088198184967041 0.02213299088180065 0.032644979655742645
v 0.051031939685344696 0.020681969821453094 0.032395001500844955
v 0.036291949450969696 0.022091979160904884 0.007302999030798674
v 0.028230959549546242 0.023111989721655846 -0.006604969035834074
v 0.051031939685344696 0.020681969821453094 0.032395001500844955
v -0.025682980194687843 0.025939999148249626 0.009176968596875668
v -0.025654969736933708 0.026184970512986183 0.009052990935742855
v -0.02615397982299328 0.03047800064086914 0.005957961082458496
v 0.03212498873472214 0.02644597925245762 0.0011869659647345543
v 0.029982980340719223 0.027599990367889404 -0.0021649589762091637
v 0.03253297880291939 0.027909990400075912 0.0023419850040227175
v 0.021712949499487877 0.0381469689309597 -0.012538960203528404
v 0.026179959997534752 0.028204970061779022 -0.00832897424697876
v 0.026124950498342514 0.028244970366358757 -0.008344948291778564
v 0.026124950498342514 0.028244970366358757 -0.008344948291778564
v 0.021712949499487877 0.0381469689309597 -0.012538960203528404
v 0.026124950498342514 0.028244970366358757 -0.008344948291778564
v 0.02594798058271408 0.028329959139227867 -0.008378981612622738
v 0.021712949499487877 0.0381469689309597 -0.012538960203528404
v 0.025382990017533302 0.028490960597991943 -0.00843799114227295
v 0.025214970111846924 0.028513960540294647 -0.008444963954389095
v 0.021712949499487877 0.0381469689309597 -0.012538960203528404
v 0.025586960837244987 0.028460970148444176 -0.00842898990958929
v 0.025382990017533302 0.028490960597991943 -0.00843799114227295
v 0.021712949499487877 0.0381469689309597 -0.012538960203528404
v 0.021712949499487877 0.0381469689309597 -0.012538960203528404
v 0.02594798058271408 0.028329959139227867 -0.008378981612622738
v 0.02582097053527832 0.02837699092924595 -0.00839698314666748
v 0.013869999907910824 0.026999950408935547 0.03240799158811569
v 0.01414697989821434 0.026985999196767807 0.03086996078491211
v 0.01422899030148983 0.026999950408935547 0.0324089489877224
v 0.01414697989821434 0.026985999196767807 0.03086996078491211
v 0.01508294977247715 0.026984980329871178 0.030855000019073486
v 0.01422899030148983 0.026999950408935547 0.0324089489877224
v 0.01508294977247715 0.026984980329871178 0.030855000019073486
v 0.0188019797205925 0.026978960260748863 0.030504999682307243
v 0.01422899030148983 0.026999950408935547 0.0324089489877224
v 0.01422899030148983 0.026999950408935547 0.0324089489877224
v 0.0188019797205925 0.026978960260748863 0.030504999682307243
v 0.01909898966550827 0.026978960260748863 0.03046596050262451
v 0.03114395961165428 0.026841990649700165 0.01794498972594738
v 0.031401991844177246 0.026807960122823715 0.015053980052471161
v 0.04150097817182541 0.026999950408935547 0.03249698132276535
v 0.03075695037841797 0.026848969981074333 0.018523989245295525
v 0.030773989856243134 0.026846999302506447 0.018495969474315643
v 0.04150097817182541 0.026999950408935547 0.03249698132276535
v 0.030773989856243134 0.026846999302506447 0.018495969474315643
v 0.03114395961165428 0.026841990649700165 0.01794498972594738
v 0.04150097817182541 0.026999950408935547 0.03249698132276535
v 0.04150097817182541 0.026999950408935547 0.03249698132276535
v 0.01422899030148983 0.026999950408935547 0.0324089489877224
v 0.0199469905346632 0.026977000758051872 0.030305979773402214
v 0.01422899030148983 0.026999950408935547 0.0324089489877224
v 0.01909898966550827 0.026978960260748863 0.03046596050262451
v 0.0199469905346632 0.026977000758051872 0.030305979773402214
v 0.02221398986876011 0.026962989941239357 0.029003970324993134
v 0.03075695037841797 0.026848969981074333 0.018523989245295525
v 0.04150097817182541 0.026999950408935547 0.03249698132276535
v 0.021904999390244484 0.026965970173478127 0.029326969757676125
v 0.02221398986876011 0.026962989941239357 0.029003970324993134
v 0.04150097817182541 0.026999950408935547 0.03249698132276535
v 0.04150097817182541 0.026999950408935547 0.03249698132276535
v 0.0199469905346632 0.026977000758051872 0.030305979773402214
v 0.02024495042860508 0.026975980028510094 0.03018397092819214
v 0.04150097817182541 0.026999950408935547 0.03249698132276535
v 0.02024495042860508 0.026975980028510094 0.03018397092819214
v 0.021074950695037842 0.02697199024260044 0.029822999611496925
v 0.021672960370779037 0.02696800045669079 0.029505960643291473
v 0.021904999390244484 0.026965970173478127 0.029326969757676125
v 0.04150097817182541 0.026999950408935547 0.03249698132276535
v 0.041857000440359116 0.018224000930786133 0.026443950831890106
v 0.047791000455617905 0.017978960648179054 0.026799969375133514
v 0.04802196845412254 0.017544979229569435 0.027442989870905876
v -0.017416950315237045 0.018516000360250473 0.025757959112524986
v -0.016724999994039536 0.018858959898352623 0.026897959411144257
v -0.016732990741729736 0.018866000697016716 0.026900939643383026
v -0.016732990741729736 0.018866000697016716 0.026900939643383026
v -0.017125960439443588 0.019190959632396698 0.026256969198584557
v -0.017416950315237045 0.018516000360250473 0.025757959112524986
v 0.04229997843503952 0.01826298050582409 0.02624695934355259
v 0.04714297875761986 0.018168980255723 0.026128940284252167
v 0.047791000455617905 0.017978960648179054 0.026799969375133514
v -0.026141999289393425 0.02413100004196167 0.008871971629559994
v -0.026159999892115593 0.02379298023879528 0.009033977054059505
v -0.02615397982299328 0.03047800064086914 0.005957961082458496
v 0.026345960795879364 0.026582950726151466 -0.0044439430348575115
v 0.03181498870253563 0.026732979342341423 0.00888597872108221
v 0.028760960325598717 0.02679096907377243 0.013268940150737762
v 0.03181498870253563 0.026732979342341423 0.00888597872108221
v 0.03157097101211548 0.026784950867295265 0.013156949542462826
v 0.030442949384450912 0.026784000918269157 0.012912980280816555
v 0.03157097101211548 0.026784950867295265 0.013156949542462826
v 0.031401991844177246 0.026807960122823715 0.015053980052471161
v 0.030990950763225555 0.026799969375133514 0.014343970455229282
v 0.030990950763225555 0.026799969375133514 0.014343970455229282
v 0.030874960124492645 0.026791980490088463 0.013691959902644157
v 0.03157097101211548 0.026784950867295265 0.013156949542462826
v 0.030874960124492645 0.026791980490088463 0.013691959902644157
v 0.030847959220409393 0.02678799070417881 0.013326999731361866
v 0.03157097101211548 0.026784950867295265 0.013156949542462826
v 0.030847959220409393 0.02678799070417881 0.013326999731361866
v 0.03067898005247116 0.02678596042096615 0.013156949542462826
v 0.03157097101211548 0.026784950867295265 0.013156949542462826
v 0.03067898005247116 0.02678596042096615 0.013156949542462826
v 0.030442949384450912 0.026784000918269157 0.012912980280816555
v 0.03157097101211548 0.026784950867295265 0.013156949542462826
v 0.030442949384450912 0.026784000918269157 0.012912980280816555
v 0.030075959861278534 0.026784000918269157 0.012882939539849758
v 0.03181498870253563 0.026732979342341423 0.00888597872108221
v 0.030075959861278534 0.026784000918269157 0.012882939539849758
v 0.029517939314246178 0.026784000918269157 0.012819940224289894
v 0.03181498870253563 0.026732979342341423 0.00888597872108221
v 0.029517939314246178 0.026784000918269157 0.012819940224289894
v 0.029126999899744987 0.02678799070417881 0.013082980178296566
v 0.028760960325598717 0.02679096907377243 0.013268940150737762
v 0.028760960325598717 0.02679096907377243 0.013268940150737762
v 0.028711970895528793 0.02679597958922386 0.013706980273127556
v 0.028401970863342285 0.026802949607372284 0.014229949563741684
v 0.028401970863342285 0.026802949607372284 0.014229949563741684
v -0.0024669759441167116 0.02679895982146263 0.009728968143463135
v 0.028760960325598717 0.02679096907377243 0.013268940150737762
v -0.0024669759441167116 0.02679895982146263 0.009728968143463135
v 0.026345960795879364 0.026582950726151466 -0.0044439430348575115
v 0.028760960325598717 0.02679096907377243 0.013268940150737762
v 0.016206970438361168 0.02688395045697689 0.01939897984266281
v 0.01414697989821434 0.026985999196767807 0.03086996078491211
v 0.01009397953748703 0.026986949145793915 0.0309369508177042
v 0.01009397953748703 0.026986949145793915 0.0309369508177042
v 0.007383942138403654 0.026986949145793915 0.0309369508177042
v 0.016206970438361168 0.02688395045697689 0.01939897984266281
v 0.007383942138403654 0.026986949145793915 0.0309369508177042
v 0.00688397791236639 0.026986949145793915 0.030918000265955925
v 0.0063249459490180016 0.026985999196767807 0.030836990103125572
v 0.016206970438361168 0.02688395045697689 0.01939897984266281
v 0.007383942138403654 0.026986949145793915 0.0309369508177042
v 0.0063249459490180016 0.026985999196767807 0.030836990103125572
v 0.0063249459490180016 0.026985999196767807 0.030836990103125572
v 0.003706990974023938 0.026982959359884262 0.030429000034928322
v 0.016206970438361168 0.02688395045697689 0.01939897984266281
v -0.011074960231781006 0.017382970079779625 0.027737969532608986
v -0.010674949735403061 0.01730399951338768 0.027767950668931007
v -0.014890960417687893 0.015400939621031284 0.02983796037733555
v -0.025255970656871796 0.02860998921096325 -0.002030967967584729
v -0.02404797077178955 0.028756970539689064 -0.0024839630350470543
v -0.025256989523768425 0.02856599912047386 -0.002031981013715267
v -0.025654969736933708 0.026184970512986183 0.009052990935742855
v -0.025314979255199432 0.026434950530529022 0.01005399040877819
v -0.024891970679163933 0.03047800064086914 0.00999599602073431
v 0.03097200021147728 0.023843999952077866 -0.0016339420108124614
v 0.032446980476379395 0.024032950401306152 0.001012980006635189
v 0.051031939685344696 0.020681969821453094 0.032395001500844955
v 0.0396459586918354 0.017705969512462616 0.027433989569544792
v 0.04802196845412254 0.017544979229569435 0.027442989870905876
v 0.04879897087812424 0.017277950420975685 0.02820896916091442
v 0.002090990077704191 0.01616399921476841 0.02922498993575573
v 0.03943793848156929 0.01762896031141281 0.027526969090104103
v 0.039452970027923584 0.017641959711909294 0.027520950883626938
v 0.04986095055937767 0.01571594923734665 0.02974897064268589
v 0.021712949499487877 0.0381469689309597 -0.012538960203528404
v 0.025214970111846924 0.028513960540294647 -0.008444963954389095
v 0.023805970326066017 0.028708990663290024 -0.008478999137878418
v 0.023800959810614586 0.02870994061231613 -0.008478999137878418
v 0.02379596047103405 0.02870994061231613 -0.008478999137878418
v 0.021712949499487877 0.0381469689309597 -0.012538960203528404
v 0.02379596047103405 0.02870994061231613 -0.008478999137878418
v 0.02379596047103405 0.02870994061231613 -0.008478999137878418
v 0.021712949499487877 0.0381469689309597 -0.012538960203528404
v 0.021712949499487877 0.0381469689309597 -0.012538960203528404
v 0.023805970326066017 0.028708990663290024 -0.008478999137878418
v 0.023800959810614586 0.02870994061231613 -0.008478999137878418
v 0.02379094995558262 0.02870994061231613 -0.008477984927594662
v 0.02229594998061657 0.028729969635605812 -0.008430956862866879
v 0.021712949499487877 0.0381469689309597 -0.012538960203528404
v -0.012257990427315235 0.017534969374537468 0.027526969090104103
v -0.011074960231781006 0.017382970079779625 0.027737969532608986
v -0.015378950163722038 0.016538970172405243 0.02888995036482811
v 0.021712949499487877 0.0381469689309597 -0.012538960203528404
v 0.02229594998061657 0.028729969635605812 -0.008430956862866879
v 0.018110990524291992 0.028806980699300766 -0.007927954196929932
v 0.021712949499487877 0.0381469689309597 -0.012538960203528404
v 0.018110990524291992 0.028806980699300766 -0.007927954196929932
v 0.017791980877518654 0.02881300076842308 -0.007888971827924252
v -0.0174859706312418 0.028804000467061996 -0.003347991965711117
v -0.02404797077178955 0.028756970539689064 -0.0024839630350470543
v 0.021712949499487877 0.0381469689309597 -0.012538960203528404
v -0.01704495958983898 0.028804000467061996 -0.0034049740061163902
v -0.01744496077299118 0.028804000467061996 -0.003353952895849943
v 0.021712949499487877 0.0381469689309597 -0.012538960203528404
v -0.01744496077299118 0.028804000467061996 -0.003353952895849943
v -0.0174859706312418 0.028804000467061996 -0.003347991965711117
v 0.021712949499487877 0.0381469689309597 -0.012538960203528404
v 0.021712949499487877 0.0381469689309597 -0.012538960203528404
v 0.017791980877518654 0.02881300076842308 -0.007888971827924252
v 0.017437990754842758 0.0288159791380167 -0.007844983600080013
v -0.007923959754407406 0.02703898958861828 0.02595197968184948
v -0.007225989829748869 0.026999950408935547 0.026238970458507538
v 0.051031939685344696 0.020681969821453094 0.032395001500844955
v 0.028647949919104576 0.022324969992041588 -0.006020963191986084
v 0.03241097182035446 0.022109979763627052 0.0004999999655410647
v 0.0368809700012207 0.021897969767451286 0.008293986320495605
v 0.03812098130583763 0.02185099944472313 0.010465970262885094
v 0.051031939685344696 0.020681969821453094 0.032395001500844955
v 0.026179959997534752 0.028204970061779022 -0.00832897424697876
v 0.021712949499487877 0.0381469689309597 -0.012538960203528404
v 0.022003939375281334 0.038533978164196014 -0.012706990353763103
v 0.027677949517965317 0.02736395038664341 -0.006555974017828703
v 0.029937980696558952 0.027617989107966423 -0.0024149410892277956
v 0.026345960795879364 0.026582950726151466 -0.0044439430348575115
v 0.029937980696558952 0.027617989107966423 -0.0024149410892277956
v 0.030825970694422722 0.02726799063384533 0.0024429550394415855
v 0.026345960795879364 0.026582950726151466 -0.0044439430348575115
v -0.007923959754407406 0.02703898958861828 0.02595197968184948
v -0.0028729429468512535 0.02700895071029663 0.03182994946837425
v -0.00789099931716919 0.027092989534139633 0.026796989142894745
v 0.026945939287543297 0.028228990733623505 -0.007399975787848234
v 0.026219960302114487 0.028175950050354004 -0.008316992782056332
v 0.022003939375281334 0.038533978164196014 -0.012706990353763103
v 0.02735297940671444 0.028003990650177002 -0.0069089531898498535
v 0.027677949517965317 0.02736395038664341 -0.006555974017828703
v 0.02735297940671444 0.028003990650177002 -0.0069089531898498535
v 0.027175959199666977 0.028131959959864616 -0.007119953166693449
v 0.026945939287543297 0.028228990733623505 -0.007399975787848234
v 0.022003939375281334 0.038533978164196014 -0.012706990353763103
v 0.02732097916305065 0.02806699089705944 -0.006942986976355314
v 0.02735297940671444 0.028003990650177002 -0.0069089531898498535
v 0.027175959199666977 0.028131959959864616 -0.007119953166693449
v 0.02732097916305065 0.02806699089705944 -0.006942986976355314
v -0.022982949391007423 0.027344999834895134 0.011660990305244923
v -0.00929796602576971 0.027116000652313232 0.02538496069610119
v -0.020628979429602623 0.027779990807175636 0.015405950136482716
v -0.00929796602576971 0.027116000652313232 0.02538496069610119
v -0.010511989705264568 0.027351969853043556 0.02479696087539196
v -0.020628979429602623 0.027779990807175636 0.015405950136482716
v -0.023324960842728615 0.027750959619879723 0.012996969744563103
v -0.02426695078611374 0.02772199921309948 0.012219959869980812
v -0.022982949391007423 0.027344999834895134 0.011660990305244923
v -0.007225989829748869 0.026999950408935547 0.026238970458507538
v -0.0023699989542365074 0.026961980387568474 0.028115980327129364
v -0.004962979815900326 0.02699296921491623 0.02827996015548706
v -0.0023699989542365074 0.026961980387568474 0.028115980327129364
v 0.025214970111846924 0.028513960540294647 -0.008444963954389095
v 0.025382990017533302 0.028490960597991943 -0.00843799114227295
v 0.013500980101525784 0.027737969532608986 -0.021101949736475945
v 0.04626594856381416 0.01883297972381115 0.02406495064496994
v 0.03462398052215576 0.02417599968612194 0.004886983893811703
v 0.035992980003356934 0.024363990873098373 0.007355988025665283
v 0.04629999026656151 0.01882999949157238 0.02412497065961361
v 0.04646496847271919 0.01874195970594883 0.024392960593104362
v 0.04629999026656151 0.01882999949157238 0.02412497065961361
v 0.04629999026656151 0.01882999949157238 0.02412497065961361
v 0.04626594856381416 0.01883297972381115 0.02406495064496994
v 0.04629999026656151 0.01882999949157238 0.02412497065961361
v 0.04646496847271919 0.01874195970594883 0.024392960593104362
v 0.04628597944974899 0.018823979422450066 0.024096960201859474
v 0.017437990754842758 0.0288159791380167 -0.007844983600080013
v 0.017791980877518654 0.02881300076842308 -0.007888971827924252
v 0.002150951884686947 0.027999989688396454 -0.023528989404439926
v 0.024243950843811035 0.02068096026778221 -0.013996950350701809
v 0.028647949919104576 0.022324969992041588 -0.006020963191986084
v 0.03241097182035446 0.022109979763627052 0.0004999999655410647
v 0.024243950843811035 0.02068096026778221 -0.013996950350701809
v 0.045983970165252686 0.018857000395655632 0.023575959727168083
v 0.04622495174407959 0.018799960613250732 0.023984959349036217
v 0.04622495174407959 0.018799960613250732 0.023984959349036217
v 0.04646496847271919 0.01874195970594883 0.024392960593104362
v 0.04622495174407959 0.018799960613250732 0.023984959349036217
v 0.04622495174407959 0.018799960613250732 0.023984959349036217
v 0.024243950843811035 0.02068096026778221 -0.013996950350701809
v 0.04622495174407959 0.018799960613250732 0.023984959349036217
v 0.04646496847271919 0.01874195970594883 0.024392960593104362
v 0.0461459681391716 0.018769970163702965 0.02385598048567772
v 0.023805970326066017 0.028708990663290024 -0.008477984927594662
v 0.023805970326066017 0.028708990663290024 -0.008478999137878418
v 0.023800959810614586 0.02870994061231613 -0.008478999137878418
v 0.023800959810614586 0.02870994061231613 -0.008477984927594662
v 0.0238069798797369 0.028708990663290024 -0.008477984927594662
v 0.023805970326066017 0.028708990663290024 -0.008477984927594662
v 0.023800959810614586 0.02870994061231613 -0.008478999137878418
v 0.023800959810614586 0.02870994061231613 -0.008477984927594662
v 0.023800959810614586 0.02870994061231613 -0.008477984927594662
v 0.0238069798797369 0.028708990663290024 -0.008477984927594662
v 0.023805970326066017 0.028708990663290024 -0.008477984927594662
v -0.016732990741729736 0.018866000697016716 0.026900939643383026
v -0.017125960439443588 0.019190959632396698 0.026256969198584557
v -0.01671897992491722 0.018861940130591393 0.02690798044204712
v 0.04376697167754173 0.018278950825333595 0.025597980245947838
v 0.04229997843503952 0.01826298050582409 0.02624695934355259
v 0.041329968720674515 0.01794397085905075 0.026683980599045753
v 0.04229997843503952 0.01826298050582409 0.02624695934355259
v 0.041857000440359116 0.018224000930786133 0.026443950831890106
v 0.041329968720674515 0.01794397085905075 0.026683980599045753
v 0.041857000440359116 0.018224000930786133 0.026443950831890106
v 0.04157298058271408 0.018137989565730095 0.026570970192551613
v 0.041329968720674515 0.01794397085905075 0.026683980599045753
v 0.0396459586918354 0.017705969512462616 0.027433989569544792
v 0.03955595940351486 0.017694950103759766 0.02747398056089878
v 0.03951799124479294 0.017675990238785744 0.027490969747304916
v 0.041329968720674515 0.01794397085905075 0.026683980599045753
v 0.0396459586918354 0.017705969512462616 0.027433989569544792
v 0.03943793848156929 0.017620980739593506 0.027527980506420135
v 0.0396459586918354 0.017705969512462616 0.027433989569544792
v 0.03951799124479294 0.017675990238785744 0.027490969747304916
v 0.03943793848156929 0.017620980739593506 0.027527980506420135
v 0.03951799124479294 0.017675990238785744 0.027490969747304916
v 0.039452970027923584 0.017641959711909294 0.027520950883626938
v 0.03943793848156929 0.017620980739593506 0.027527980506420135
v 0.039452970027923584 0.017641959711909294 0.027520950883626938
v 0.03943793848156929 0.01762896031141281 0.027526969090104103
v 0.03943793848156929 0.017620980739593506 0.027527980506420135
v 0.03943793848156929 0.017620980739593506 0.027527980506420135
v 0.03893493860960007 0.017450980842113495 0.02775496058166027
v 0.041329968720674515 0.01794397085905075 0.026683980599045753
v 0.021074950695037842 0.02697199024260044 0.029822999611496925
v 0.021672960370779037 0.02696800045669079 0.029505960643291473
v 0.012900940142571926 0.028967969119548798 0.03074299916625023
v 0.027414970099925995 0.016584990546107292 0.028761979192495346
v 0.024860970675945282 0.01653796061873436 0.028914980590343475
v 0.013082980178296566 0.01849997043609619 -0.024363990873098373
v 0.024860970675945282 0.01653796061873436 0.028914980590343475
v 0.023453950881958008 0.01651597023010254 0.02893495000898838
v 0.013082980178296566 0.01849997043609619 -0.024363990873098373
v 0.023453950881958008 0.01651597023010254 0.02893495000898838
v 0.0005999999702908099 0.016137950122356415 0.02924400009214878
v 0.013082980178296566 0.01849997043609619 -0.024363990873098373
v 0.0005999999702908099 0.016137950122356415 0.02924400009214878
v -0.006769955158233643 0.01852094940841198 -0.026916980743408203
v 0.013082980178296566 0.01849997043609619 -0.024363990873098373
v 0.036291949450969696 0.022091979160904884 0.007302999030798674
v 0.03097200021147728 0.023843999952077866 -0.0016339420108124614
v 0.032446980476379395 0.024032950401306152 0.001012980006635189
v 0.032446980476379395 0.024032950401306152 0.001012980006635189
v 0.03462398052215576 0.02417599968612194 0.004886983893811703
v 0.036291949450969696 0.022091979160904884 0.007302999030798674
v 0.03812098130583763 0.02185099944472313 0.010465970262885094
v 0.04626594856381416 0.01883297972381115 0.02406495064496994
v 0.046159978955984116 0.018841980025172234 0.02388094924390316
v 0.03812098130583763 0.02185099944472313 0.010465970262885094
v 0.046159978955984116 0.018841980025172234 0.02388094924390316
v 0.0368809700012207 0.021897969767451286 0.008293986320495605
v 0.03812098130583763 0.02185099944472313 0.010465970262885094
v 0.04618996009230614 0.01883196085691452 0.02393198013305664
v 0.046159978955984116 0.018841980025172234 0.02388094924390316
v 0.04626594856381416 0.01883297972381115 0.02406495064496994
v 0.04628597944974899 0.018823979422450066 0.024096960201859474
v 0.04646496847271919 0.01874195970594883 0.024392960593104362
v 0.04625194892287254 0.018810980021953583 0.02403998002409935
v 0.04618996009230614 0.01883196085691452 0.02393198013305664
v 0.04626594856381416 0.01883297972381115 0.02406495064496994
v 0.04625194892287254 0.018810980021953583 0.02403998002409935
v 0.020392950624227524 0.026984980329871178 -0.016590949147939682
v 0.017502959817647934 0.026984980329871178 -0.019615940749645233
v 0.02594798058271408 0.028329959139227867 -0.008378981612622738
v 0.020392950624227524 0.026984980329871178 -0.016590949147939682
v -0.025314979255199432 0.026434950530529022 0.01005399040877819
v -0.025654969736933708 0.026184970512986183 0.009052990935742855
v -0.025682980194687843 0.025939999148249626 0.009176968596875668
v 0.029582969844341278 0.027728969231247902 0.009793995879590511
v 0.03157097101211548 0.026784950867295265 0.013156949542462826
v 0.03181498870253563 0.026732979342341423 0.00888597872108221
v 0.03181498870253563 0.026732979342341423 0.00888597872108221
v 0.030825970694422722 0.02726799063384533 0.0024429550394415855
v 0.029582969844341278 0.027728969231247902 0.009793995879590511
v 0.04625194892287254 0.018810980021953583 0.02403998002409935
v 0.04622495174407959 0.018799960613250732 0.023984959349036217
v 0.04626594856381416 0.01883297972381115 0.02406495064496994
v 0.04622495174407959 0.018799960613250732 0.023984959349036217
v 0.024243950843811035 0.02068096026778221 -0.013996950350701809
v 0.045983970165252686 0.018857000395655632 0.023575959727168083
v 0.045983970165252686 0.018857000395655632 0.023575959727168083
v 0.046159978955984116 0.018841980025172234 0.02388094924390316
v 0.04622495174407959 0.018799960613250732 0.023984959349036217
v 0.046159978955984116 0.018841980025172234 0.02388094924390316
v 0.04626594856381416 0.01883297972381115 0.02406495064496994
v 0.04622495174407959 0.018799960613250732 0.023984959349036217
v 0.04629999026656151 0.01882999949157238 0.02412497065961361
v 0.04628597944974899 0.018823979422450066 0.024096960201859474
v 0.04628597944974899 0.018823979422450066 0.024096960201859474
v 0.04625194892287254 0.018810980021953583 0.02403998002409935
v 0.04626594856381416 0.01883297972381115 0.02406495064496994
v 0.051031939685344696 0.020681969821453094 0.032395001500844955
v 0.04629999026656151 0.01882999949157238 0.02412497065961361
v 0.04626594856381416 0.01883297972381115 0.02406495064496994
v 0.051031939685344696 0.020681969821453094 0.032395001500844955
v 0.04626594856381416 0.01883297972381115 0.02406495064496994
v 0.046159978955984116 0.018841980025172234 0.02388094924390316
v 0.045983970165252686 0.018857000395655632 0.023575959727168083
v 0.024243950843811035 0.02068096026778221 -0.013996950350701809
v 0.051031939685344696 0.020681969821453094 0.032395001500844955
v -0.02574794925749302 0.024966949597001076 0.009700953029096127
v -0.025967950001358986 0.02632194012403488 0.007796943187713623
v -0.026141999289393425 0.02413100004196167 0.008871971629559994
v -0.025967950001358986 0.02632194012403488 0.007796943187713623
v -0.02708297036588192 0.027813969179987907 0.0024029610212892294
v -0.026555949822068214 0.023254990577697754 0.008001983165740967
v -0.026141999289393425 0.02413100004196167 0.008871971629559994
v -0.025967950001358986 0.02632194012403488 0.007796943187713623
v -0.026555949822068214 0.023254990577697754 0.008001983165740967
v 0.01414697989821434 0.026985999196767807 0.03086996078491211
v 0.01508294977247715 0.026984980329871178 0.030855000019073486
v 0.011854940094053745 0.02899998053908348 0.03125094994902611
v -0.01698100008070469 0.018526969477534294 0.026984980329871178
v -0.016732990741729736 0.018866000697016716 0.026900939643383026
v -0.017125960439443588 0.019190959632396698 0.026256969198584557
v -0.018482979387044907 0.020667970180511475 0.02371996082365513
v -0.023193949833512306 0.026710979640483856 0.01408499013632536
v -0.023799950256943703 0.0248369500041008 0.013740950264036655
v -0.023193949833512306 0.026710979640483856 0.01408499013632536
v -0.023578999564051628 0.02685396932065487 0.01361398957669735
v -0.023581979796290398 0.026854990050196648 0.013614949770271778
v -0.01698100008070469 0.018526969477534294 0.026984980329871178
v -0.017125960439443588 0.019190959632396698 0.026256969198584557
v -0.018482979387044907 0.020667970180511475 0.02371996082365513
v -0.023799950256943703 0.0248369500041008 0.013740950264036655
v -0.01698100008070469 0.018526969477534294 0.026984980329871178
v -0.018482979387044907 0.020667970180511475 0.02371996082365513
v -0.023193949833512306 0.026710979640483856 0.01408499013632536
v -0.023581979796290398 0.026854990050196648 0.013614949770271778
v -0.023799950256943703 0.0248369500041008 0.013740950264036655
v -0.023581979796290398 0.026854990050196648 0.013614949770271778
v -0.02426695078611374 0.02772199921309948 0.012219959869980812
v -0.024707969278097153 0.02567696012556553 0.011976949870586395
v 0.0063249459490180016 0.026985999196767807 0.030836990103125572
v -0.005546987056732178 0.01667100004851818 0.028718940913677216
v -0.0024989841040223837 0.016249949112534523 0.029142970219254494
v -0.01698100008070469 0.018526969477534294 0.026984980329871178
v 0.003706990974023938 0.026982959359884262 0.030429000034928322
v -0.0004479999770410359 0.026968950405716896 0.028847990557551384
v -0.01698100008070469 0.018526969477534294 0.026984980329871178
v -0.0004479999770410359 0.026968950405716896 0.028847990557551384
v -0.01671897992491722 0.018861940130591393 0.02690798044204712
v -0.0004479999770410359 0.026968950405716896 0.028847990557551384
v -0.0023699989542365074 0.026961980387568474 0.028115980327129364
v -0.01671897992491722 0.018861940130591393 0.02690798044204712
v -0.010511989705264568 0.027351969853043556 0.02479696087539196
v -0.016732990741729736 0.018866000697016716 0.026900939643383026
v -0.01671897992491722 0.018861940130591393 0.02690798044204712
v -0.01671897992491722 0.018861940130591393 0.02690798044204712
v -0.0023699989542365074 0.026961980387568474 0.028115980327129364
v -0.007225989829748869 0.026999950408935547 0.026238970458507538
v -0.00929796602576971 0.027116000652313232 0.02538496069610119
v -0.010511989705264568 0.027351969853043556 0.02479696087539196
v -0.01671897992491722 0.018861940130591393 0.02690798044204712
v -0.007923959754407406 0.02703898958861828 0.02595197968184948
v -0.008500993251800537 0.02707194909453392 0.025713980197906494
v -0.01671897992491722 0.018861940130591393 0.02690798044204712
v -0.008500993251800537 0.02707194909453392 0.025713980197906494
v -0.00929796602576971 0.027116000652313232 0.02538496069610119
v -0.01671897992491722 0.018861940130591393 0.02690798044204712
v -0.025256989523768425 0.02860998921096325 -0.002029954921454191
v -0.025255970656871796 0.02860998921096325 -0.002030967967584729
v -0.01906495913863182 0.027737969532608986 -0.016251979395747185
v -0.025255970656871796 0.02860998921096325 -0.002030967967584729
v -0.02404797077178955 0.028756970539689064 -0.0024839630350470543
v -0.01906495913863182 0.027737969532608986 -0.016251979395747185
v 0.03890395164489746 0.023302970454096794 0.025559959933161736
v 0.03114395961165428 0.026841990649700165 0.01794498972594738
v 0.030773989856243134 0.026846999302506447 0.018495969474315643
v 0.030773989856243134 0.026846999302506447 0.018495969474315643
v 0.03075695037841797 0.026848969981074333 0.018523989245295525
v 0.03890395164489746 0.023302970454096794 0.025559959933161736
v 0.00688397791236639 0.026986949145793915 0.030918000265955925
v -0.0024989841040223837 0.016249949112534523 0.029142970219254494
v 0.0005999999702908099 0.016137950122356415 0.02924400009214878
v -0.01748698018491268 0.028804000467061996 -0.003346978919580579
v -0.02404797077178955 0.028756970539689064 -0.0024839630350470543
v -0.0174859706312418 0.028804000467061996 -0.003347991965711117
v 0.02379596047103405 0.02870994061231613 -0.008478999137878418
v 0.023800959810614586 0.02870994061231613 -0.008478999137878418
v 0.023805970326066017 0.028708990663290024 -0.008477984927594662
v 0.023805970326066017 0.028708990663290024 -0.008477984927594662
v 0.025214970111846924 0.028513960540294647 -0.008444963954389095
v 0.0238069798797369 0.028708990663290024 -0.008477984927594662
v 0.023805970326066017 0.028708990663290024 -0.008477984927594662
v 0.0238069798797369 0.028708990663290024 -0.008477984927594662
v 0.023800959810614586 0.02870994061231613 -0.008477984927594662
v 0.02379596047103405 0.02870994061231613 -0.008478999137878418
v 0.02379596047103405 0.02870994061231613 -0.008478999137878418
v 0.023805970326066017 0.028708990663290024 -0.008477984927594662
v 0.02379596047103405 0.02870994061231613 -0.008477984927594662
v 0.02379596047103405 0.02870994061231613 -0.008478999137878418
v 0.023805970326066017 0.028708990663290024 -0.008477984927594662
v 0.023805970326066017 0.028708990663290024 -0.008477984927594662
v 0.023800959810614586 0.02870994061231613 -0.008477984927594662
v 0.02379596047103405 0.02870994061231613 -0.008477984927594662
v -0.010674949735403061 0.01730399951338768 0.027767950668931007
v -0.011074960231781006 0.017382970079779625 0.027737969532608986
v -0.012257990427315235 0.017534969374537468 0.027526969090104103
v -0.012257990427315235 0.017534969374537468 0.027526969090104103
v -0.013561960309743881 0.01767200045287609 0.027251949533820152
v -0.013893960043787956 0.017696969211101532 0.027166960760951042
v -0.013893960043787956 0.017696969211101532 0.027166960760951042
v -0.014172970317304134 0.017730949446558952 0.027114979922771454
v -0.013893960043787956 0.017696969211101532 0.027166960760951042
v -0.010674949735403061 0.01730399951338768 0.027767950668931007
v -0.012257990427315235 0.017534969374537468 0.027526969090104103
v -0.013893960043787956 0.017696969211101532 0.027166960760951042
v -0.005546987056732178 0.01667100004851818 0.028718940913677216
v 0.03079896979033947 0.026999950408935547 0.017605960369110107
v 0.03114395961165428 0.026841990649700165 0.01794498972594738
v 0.031401991844177246 0.026807960122823715 0.015053980052471161
v 0.031401991844177246 0.026807960122823715 0.015053980052471161
v 0.03157097101211548 0.026784950867295265 0.013156949542462826
v 0.029582969844341278 0.027728969231247902 0.009793995879590511
v 0.02799694985151291 0.02865695022046566 -0.005651949904859066
v 0.027677949517965317 0.02736395038664341 -0.006555974017828703
v 0.02735297940671444 0.028003990650177002 -0.0069089531898498535
v 0.025382990017533302 0.028490960597991943 -0.00843799114227295
v 0.025586960837244987 0.028460970148444176 -0.00842898990958929
v 0.016678979620337486 0.027737969532608986 -0.018692970275878906
v -0.0174859706312418 0.028804000467061996 -0.003347991965711117
v -0.01748698018491268 0.028804000467061996 -0.003346978919580579
v -0.01704495958983898 0.028804000467061996 -0.0034049740061163902
v -0.01704495958983898 0.028804000467061996 -0.0034049740061163902
v -0.0016099809436127543 0.027999989688396454 -0.023571960628032684
v -0.0053289528004825115 0.027999989688396454 -0.02301800064742565
v 0.035992980003356934 0.024363990873098373 0.007355988025665283
v 0.029785990715026855 0.027696959674358368 -0.0027409789618104696
v 0.029937980696558952 0.027617989107966423 -0.0024149410892277956
v 0.029937980696558952 0.027617989107966423 -0.0024149410892277956
v 0.030825970694422722 0.02726799063384533 0.0024429550394415855
v 0.035992980003356934 0.024363990873098373 0.007355988025665283
v 0.030825970694422722 0.02726799063384533 0.0024429550394415855
v 0.03890395164489746 0.023302970454096794 0.025559959933161736
v 0.035992980003356934 0.024363990873098373 0.007355988025665283
v 0.03890395164489746 0.023302970454096794 0.025559959933161736
v 0.04646496847271919 0.01874195970594883 0.024392960593104362
v 0.04629999026656151 0.01882999949157238 0.02412497065961361
v 0.0368809700012207 0.021897969767451286 0.008293986320495605
v 0.046159978955984116 0.018841980025172234 0.02388094924390316
v 0.045983970165252686 0.018857000395655632 0.023575959727168083
v 0.04622495174407959 0.018799960613250732 0.023984959349036217
v 0.045983970165252686 0.018857000395655632 0.023575959727168083
v 0.046159978955984116 0.018841980025172234 0.02388094924390316
v 0.04618996009230614 0.01883196085691452 0.02393198013305664
v 0.04625194892287254 0.018810980021953583 0.02403998002409935
v 0.04622495174407959 0.018799960613250732 0.023984959349036217
v 0.04625194892287254 0.018810980021953583 0.02403998002409935
v 0.04646496847271919 0.01874195970594883 0.024392960593104362
v 0.04622495174407959 0.018799960613250732 0.023984959349036217
v 0.04622495174407959 0.018799960613250732 0.023984959349036217
v 0.046159978955984116 0.018841980025172234 0.02388094924390316
v 0.04618996009230614 0.01883196085691452 0.02393198013305664
v 0.028230959549546242 0.023111989721655846 -0.006604969035834074
v 0.029918959364295006 0.023815980181097984 -0.0034859769511967897
v 0.03097200021147728 0.023843999952077866 -0.0016339420108124614
f 1 2 3
f 4 5 6
f 7 8 9
f 10 11 12
f 13 14 15
f 16 17 18
f 19 20 21
f 22 23 24
f 25 26 27
f 28 29 30
f 31 32 33
f 34 35 36
f 37 38 39
f 40 41 42
f 43 44 45
f 46 47 48
f 49 50 51
f 52 53 54
f 55 56 57
f 58 59 60
f 61 62 63
f 64 65 66
f 67 68 69
f 70 71 72
f 73 74 75
f 76 77 78
f 79 80 81
f 82 83 84
f 85 86 87
f 88 89 90
f 91 92 93
f 94 95 96
f 97 98 99
f 100 101 102
f 103 104 105
f 106 107 108
f 109 110 111
f 112 113 114
f 115 116 117
f 118 119 120
f 121 122 123
f 124 125 126
f 127 128 129
f 130 131 132
f 133 134 135
f 136 137 138
f 139 140 141
f 142 143 144
f 145 146 147
f 148 149 150
f 151 152 153
f 154 155 156
f 157 158 159
f 160 161 162
f 163 164 165
f 65 166 66
f 167 168 169
f 170 171 172
f 173 174 175
f 176 177 178
f 179 180 181
f 182 183 184
f 185 186 187
f 188 189 190
f 94 191 95
f 192 193 194
f 195 196 197
f 198 44 43
f 199 200 201
f 202 203 204
f 205 206 207
f 208 209 210
f 211 212 213
f 214 215 216
f 217 218 219
f 220 221 222
f 223 224 225
f 226 227 228
f 229 230 231
f 232 233 234
f 235 236 237
f 238 239 240
f 241 242 243
f 244 245 246
f 247 248 249
f 250 251 252
f 253 254 255
f 256 257 258
f 259 260 261
f 262 263 264
f 265 266 267
f 268 269 270
f 271 272 273
f 274 275 276
f 277 278 279
f 280 281 282
f 283 284 285
f 286 287 288
f 289 290 291
f 292 293 294
f 295 296 297
f 298 299 300
f 301 302 303
f 304 305 306
f 307 308 309
f 310 311 312
f 313 314 315
f 316 317 318
f 319 320 321
f 322 323 324
f 325 326 327
f 328 329 330
f 331 332 333
f 334 335 336
f 337 338 339
f 340 341 342
f 343 344 345
f 346 347 348
f 349 350 351
f 352 353 354
f 355 356 357
f 358 359 360
f 361 362 363
f 364 365 366
f 367 368 369
f 370 371 372
f 373 374 375
f 376 377 378
f 379 380 381
f 382 383 384
f 385 386 387
f 388 389 390
f 391 392 393
f 394 395 396
f 397 398 399
f 400 401 402
f 403 404 405
f 406 407 408
f 409 410 411
f 412 413 414
f 415 416 417
f 418 419 420
f 421 422 423
f 424 425 426
f 427 428 429
f 430 431 432
f 433 434 435
f 436 437 438
f 439 440 441
f 442 443 444
f 445 446 447
f 448 449 450
f 451 452 453
f 454 455 456
f 457 458 459
f 460 461 462
f 463 464 465
f 466 467 468
f 469 470 471
f 472 473 474
f 475 476 477
f 478 479 480
f 481 482 483
f 484 485 486
f 487 488 489
f 490 491 492
f 493 494 495
f 496 497 498
f 499 500 501
f 502 503 504
f 505 506 507
f 508 509 510
f 511 512 513
f 514 515 516
f 517 518 519
f 520 521 522
f 523 524 525
f 526 527 528
f 529 530 531
f 401 400 532
f 533 534 535
f 536 537 538
f 539 540 541
f 542 543 544
f 545 546 547
f 548 549 550
f 551 552 553
f 554 555 556
f 557 558 559
f 560 561 562
f 563 564 565
f 566 567 568
f 569 570 571
f 572 573 574
f 575 576 577
f 578 579 580
f 581 582 583
f 579 584 580
f 585 586 587
f 588 589 590
f 591 592 593
f 594 595 596
f 597 598 599
f 600 601 602
f 603 604 605
f 606 607 608
f 609 610 611
f 405 612 403
f 613 614 615
f 616 617 618
f 619 620 621
f 622 623 624
f 625 626 627
f 628 629 630
f 631 632 633
f 634 635 636
f 637 638 639
f 640 641 642
f 643 644 645
f 646 647 648
f 649 650 651
f 652 653 654
f 655 656 657
f 658 285 659
f 285 284 660
f 285 661 283
f 285 658 661
f 662 663 664
f 665 666 667
f 668 669 670
f 671 672 673
f 674 675 676
f 677 678 679
f 680 681 682
f 683 684 685
f 686 687 688
f 689 690 691
f 692 693 694
f 695 696 697
f 698 699 700
f 701 702 703
f 704 705 706
f 707 708 709
f 710 711 712
f 713 714 715
f 716 717 718
f 719 720 721
f 722 723 724
f 725 722 724
f 720 726 721
f 727 728 729
f 730 731 732
f 733 734 735
f 736 737 738
f 739 740 741
f 742 743 744
f 745 746 747
f 748 749 750
f 751 752 753
f 754 755 756
f 757 758 759
f 760 761 762
f 763 764 765
f 766 767 768
f 769 770 771
f 772 773 774
f 775 776 777
f 778 779 780
f 781 782 783
f 784 785 786
f 787 788 789
f 790 791 792
f 793 794 795
f 748 796 749
f 797 798 799
f 800 801 802
f 803 804 805
f 806 807 808
f 809 810 811
f 812 813 814
f 815 816 817
f 818 819 820
f 821 822 823
f 824 825 826
f 827 828 829
f 830 831 832
f 833 834 835
f 836 837 838
f 839 840 841
f 842 843 844
f 845 846 847
f 848 849 850
f 851 852 853
f 854 855 856
f 857 858 859
f 860 861 862
f 863 864 865
f 866 867 868
f 869 870 871
f 872 873 874
f 875 876 877
f 878 879 880
f 881 882 883
f 884 885 886
f 887 888 889
f 890 891 892
f 893 894 895
f 896 897 898
f 899 900 901
f 902 903 904
f 905 906 907
f 908 909 910
f 911 912 913
f 914 915 916
f 917 918 919
f 920 921 922
f 923 924 925
f 926 927 928
f 929 930 931
f 932 933 934
f 935 936 937
f 938 939 940
f 941 942 943
f 944 945 946
f 947 948 949
f 950 951 952
f 953 954 955
f 956 957 958
f 959 960 961
f 962 963 964
f 965 966 967
f 968 969 970
f 971 972 973
f 974 975 976
f 977 978 979
f 980 981 982
f 983 984 985
f 986 987 988
f 989 990 991
f 992 993 994
f 995 996 997
f 998 999 1000
f 1001 1002 1003
f 1004 1005 1006
f 1007 1008 1009
f 1010 1011 1012
f 1013 1014 1015
f 1016 1017 1018
f 1019 1020 1021
f 1022 1023 1020
f 1024 1025 1023
f 962 1026 963
f 1027 1028 1029
f 1030 1031 1032
f 1033 1030 1032
f 1034 1035 1036
f 1037 1035 1034
f 1038 1039 1040
f 1041 1042 1043
f 1044 1045 1046
f 1047 1048 1049
f 1050 1051 1052
f 1053 1054 1055
f 1056 1057 1058
f 1059 1060 1061
f 1062 1063 1064
f 1065 1066 1067
f 1068 1069 1070
f 1071 1072 1073
f 1074 1075 1076
f 1077 1078 1079
f 1080 1081 1082
f 1083 1084 1085
f 1086 1087 1088
f 1089 1090 1091
f 1092 1093 1094
f 1095 1096 1097
f 1098 1099 1100
f 1101 1102 1103
f 1104 1105 1106
f 1107 1108 1109
f 1110 1111 1112
f 1113 1114 1115
f 1116 1117 1118
f 1119 1120 1121
f 1122 1123 1124
f 1125 1126 1127
f 1128 1129 1130
f 1131 1132 1133
f 1134 1135 1136
f 1137 1138 1139
f 1140 1141 1142
f 1143 1144 1145
f 1146 1147 1148
f 1149 1150 1151
f 1152 1153 1154
f 1155 1156 1157
f 1156 1158 1157
f 1159 1160 1161
f 1159 1162 1160
f 1163 1164 1165
f 1166 1167 1168
f 1169 1170 1171
f 1172 1173 1174
f 1175 1176 1177
f 1178 1179 1180
f 1181 1182 1183
f 1184 1185 1186
f 1187 1188 1189
f 1190 1191 1192
f 1193 1194 1195
f 1196 1197 1198
f 1199 1200 1201
f 1202 1203 1204
f 1205 1206 1207
f 1208 1209 1210
f 1211 1212 1213
f 1214 1215 1216
f 1217 1218 1219
f 1220 1221 1222
f 1223 1224 1225
f 1226 1227 1228
f 1229 1155 1230
f 1231 1232 1233
f 1234 1235 1236
f 1237 1238 1239
f 1240 1241 1242
f 1243 1244 1245
f 1246 1247 1248
f 1249 1250 1251
f 1252 1253 1254
f 1229 1156 1155
f 1255 1256 1257
f 1258 1259 1260
f 1261 1262 1263
f 1264 1265 1266
f 1267 1268 1269
f 1270 1271 1272
f 1273 1274 1275
f 1276 1277 1278
f 1279 1280 1281
f 1282 1283 1284
f 1285 1286 1287
f 1288 1289 1290
f 1291 1292 1293
f 1294 1295 1296
f 1297 1298 1299
f 1300 1301 1302
f 1303 1304 1305
f 1306 1307 1308
f 1309 1310 1311
f 1312 1313 1314
f 1315 1316 1317
f 1318 1319 1320
f 1321 1322 1323
f 1324 1325 1326
f 1327 1328 1329
f 1330 1331 1332
f 1333 1334 1335
f 1336 1337 1338
f 1339 1340 1341
f 1342 1343 1344
f 1325 1324 1345
f 1346 1347 1348
f 1349 1350 1351
f 1352 1353 1354
f 1355 1356 1357
f 1358 1209 1208
f 1359 1360 1361
f 1362 1363 1364
f 1365 1366 1367
f 1368 1369 1370
f 1371 1372 1373
f 1374 1375 1376
f 1377 1378 1379
f 1380 1381 1382
f 1383 1384 1385
f 1386 1387 1388
f 1389 1390 1391
f 1392 1393 1394
f 1395 1396 1397
f 1398 1399 1400
f 1401 1402 1403
f 1404 1405 1406
f 1407 1408 1409
f 1410 1411 1412
f 1413 1414 1415
f 981 1416 982
f 1417 1418 1419
f 1420 1421 1422
f 1423 1424 1425
f 1426 1427 1428
f 1429 1430 1431
f 1432 1433 1434
f 1435 1436 1437
f 1438 1439 1440
f 1441 1442 1443
f 1444 1445 1446
f 1447 1448 1449
f 1450 1451 1452
f 1453 1454 1455
f 1456 1457 1458
f 1459 1460 1461
f 1462 1463 1464
f 1465 1466 1467
f 1468 1469 1470
f 1471 1472 1473
f 1474 1475 1476
f 1477 1478 1479
f 1480 1481 1482
f 1483 1484 1485
f 1486 1487 1488
f 1489 1490 1491
f 1492 1493 1494
f 1495 1496 1497
f 1498 1499 1500
f 1501 1502 1503
f 1504 1505 1506
f 1507 1508 1509
f 1510 1511 1512
f 1513 1514 1515
f 1516 1517 1518
f 1519 1520 1521
f 1522 1523 1524
f 1525 1526 1527
f 1528 1529 1530
f 1531 1532 1533
f 1534 1535 1536
f 1537 1538 1539
f 1540 1541 1542
f 1541 1543 1542
f 1544 1545 1546
f 1547 1548 1549
f 1550 1551 1552
f 1553 1554 1555
f 1556 1557 1558
f 1559 1560 1561
f 1562 1563 1564
f 1565 1566 1567
f 1568 1569 1570
f 1571 1572 1573
f 1574 1575 1576
f 1577 1578 1579
f 1580 1581 1582
f 1583 1584 1585
f 1586 1587 1588
f 1589 1590 1591
f 1592 1593 1594
f 1595 1596 1597
f 1598 1599 1600
f 1601 1602 1603
f 1604 1605 1606
f 1607 1608 1609
f 1610 1611 1612
f 1613 1614 1615
f 1616 1617 1618
f 1619 1620 1621
f 1622 1623 1624
f 1625 1626 1627
f 1628 1629 1630
f 1631 1632 1633
f 1634 1635 1636
f 1637 1638 1639
f 1640 1641 1642
f 1643 1644 1645
f 1646 1647 1648
f 1649 1650 1651
f 1652 1653 1654
f 1655 1656 1657
f 1658 1659 1660
f 1661 1662 1663
f 1664 1665 1666
f 1667 1668 1669
f 1670 1671 1672
f 1673 1674 1675
f 1676 1677 1678
f 1679 1628 1630
f 1680 1681 1682
f 1683 1684 1685
f 1686 1687 1688
f 1689 1690 1691
f 1692 1693 1694
f 1695 1696 1697
f 1698 1699 1700
f 1701 1702 1703
f 1704 1705 1706
f 1707 1708 1709
f 1710 1711 1712
f 1713 1714 1715
f 1716 1717 1718
f 1719 1720 1721
f 1722 1723 1724
f 1725 1726 1727
f 1728 1729 1730
f 1731 1732 1733
f 1734 1735 1736
f 1737 1738 1739
f 1740 1737 1739
f 1741 1742 1743
f 1744 1745 1746
f 1747 1748 1749
f 1750 1641 1751
f 1752 1753 1754
f 1755 1756 1757
f 1758 1759 1760
f 1761 1762 1763
f 1764 1765 1766
f 1767 1768 1769
f 1770 1771 1772
f 1773 1774 1775
f 1776 1777 1778
f 1779 1631 1633
f 1780 1781 1782
f 1783 1784 1785
f 1786 1787 1788
f 1789 1790 1791
f 1792 1793 1794
f 1795 1796 1797
f 1798 1799 1800
f 1801 1802 1803
f 1804 1805 1806
f 1807 1808 1809
f 1810 1811 1812
f 1813 1814 1815
f 1816 1817 1818
f 1819 1820 1821
f 1822 1823 1824
f 1825 1826 1827
f 1828 1829 1830
f 1831 1832 1833
f 1834 1835 1836
f 1837 1838 1839
f 1840 1841 1842
f 1843 1844 1845
f 1846 1847 1848
f 1849 1850 1851
f 1852 1853 1854
f 1855 1856 1857
f 1858 1859 1860
f 1861 1862 1863
f 1864 1865 1866
f 1867 1868 1869
f 1870 1871 1872
f 1873 1874 1875
f 1876 1877 1878
f 1879 1880 1881
f 1882 1883 1884
f 1885 1886 1887
f 1888 1889 1890
f 1891 1892 1893
f 1894 1895 1896
f 1897 1898 1899
f 1900 1901 1902
f 1903 1904 1905
f 1906 1907 1908
f 1909 1910 1911
f 1912 1913 1914
f 1915 1916 1917
f 1918 1919 1920
f 1921 1922 1923
f 1924 1925 1926
f 1927 1928 1929
f 1930 1931 1932
f 1933 1934 1935
f 1936 1937 1938
f 1939 1940 1941
f 1942 1943 1944
f 1945 1946 1947
f 1948 1949 1950
f 1951 1952 1953
f 1954 1955 1956
f 1957 1958 1959
f 1960 1961 1962
f 1963 1964 1965
f 1966 1967 1968
f 1969 1970 1971
f 1972 1973 1974
f 1975 1976 1977
f 1978 1979 1980
f 1981 1982 1983
f 1984 1985 1986
f 1986 1987 1984
f 1988 1989 1990
f 1991 1992 1993
f 1991 1993 1994
f 1995 1996 1997
f 1998 1999 2000
f 2001 2002 2003
f 2004 2005 2006
f 2007 2008 2009
f 2010 2011 2012
f 2013 2014 2015
f 2016 2017 2018
f 2019 2020 2021
f 2022 2023 2024
f 2025 2026 2027
f 2028 2029 2030
f 2031 2032 2033
f 2034 2035 2036
f 2037 2038 2039
f 2040 2041 2042
f 2043 2044 2045
f 1642 1641 1750
f 2046 2047 2048
f 2049 2050 2051
f 2052 2053 2054
f 2055 2056 2057
f 1003 1002 964
f 1023 2058 1024
f 964 963 1003
f 1003 963 2059
f 1751 1641 1640
f 2060 2061 2062
f 963 1026 2063
f 2064 2065 2066
f 1020 1023 1021
f 1021 1023 1025
f 2067 2068 2069
f 2070 2071 2072
f 2073 2074 2075
f 2076 2077 2078
f 2079 2080 2081
f 2082 2083 2084
f 2085 2086 2087
f 2088 2089 2090
f 2091 2092 2093
f 2094 2095 2096
f 2097 2098 2099
f 2100 2101 2102
f 2103 2104 2105
f 2106 2107 2108
f 2109 2110 2111
f 2112 2113 2114
f 2115 2116 2117
f 2118 2119 2120
f 2121 2122 2123
f 2095 2094 2124
f 2125 2126 2127
f 2128 2129 2130
f 2131 2132 2133
f 2134 2135 2136
f 2137 2138 2139
f 2140 2141 2142
f 2143 2144 2145
f 2146 2147 2148
f 2149 2150 2151
f 2152 2153 2154
f 2125 2127 2155
f 2156 2157 2158
f 2159 2160 2161
f 2162 2163 2164
f 2165 2166 2167
f 2168 2169 2170
f 2171 2172 2173
f 2174 2175 2176
f 2177 2178 2179
f 2180 2181 2182
f 2183 2184 2185
f 2186 2187 2188
f 2189 2190 2191
f 2192 2193 2194
f 2195 2196 2197
f 2198 2199 2200
f 2201 2202 2203
f 2204 2205 2206
f 2207 2208 2209
f 2210 2211 2212
f 2213 2214 2215
f 2209 2208 2216
f 2217 2218 2219
f 2220 2221 2222
f 2223 2224 2225
f 2226 2227 2228
f 2229 2230 2231
f 2232 2226 2228
f 2233 2234 2235
f 2236 2237 2238
f 2239 2240 2241
f 2242 2243 2244
f 2245 2246 2247
f 2248 2226 2232
f 2249 2250 2251
f 2252 2253 2254
f 2255 2256 2257
f 2258 2259 2260
f 2261 2262 2263
f 2264 2265 2266
f 2267 2268 2269
f 2270 2271 2272
f 2273 2274 2275
f 2276 2277 2278
f 2279 2280 2281
f 2282 2283 2284
f 2285 2286 2287
f 2288 2289 2290
f 2291 2292 2293
f 2294 2295 2296
f 2297 2298 2299
f 2300 2301 2302
f 2303 2304 2305
f 2306 2307 2308
f 2309 2310 2311
f 2312 2313 2314
f 2315 2316 2317
f 2318 2319 2320
f 2321 2322 2323
f 2324 2325 2326
f 2327 2328 2329
f 2330 2331 2332
f 2333 2334 2335
f 2336 2337 2338
f 2339 2340 2341
f 2342 2343 2344
f 2345 2346 2347
f 2348 2349 2350
f 2351 2352 2353
f 2354 2355 2356
f 2357 2358 2359
f 2360 2361 2362
f 2363 2364 2365
f 2366 2367 2368
f 2369 2370 2371
f 2372 2373 2374
f 2375 2376 2377
f 2378 2379 2380
f 2381 2382 2383
f 2384 2385 2386
f 2387 2388 2389
f 2390 2391 2392
f 2393 2394 2395
f 2396 2397 2398
f 2399 2400 2401
f 2402 2403 2404
f 2405 2406 2407
f 2408 2409 2410
f 2411 2412 2413
f 2414 2415 2416
f 2417 2418 2419
f 2420 2421 2422
f 2423 2424 2425
f 2426 2427 2428
f 2429 2430 2431
f 2432 2433 2434
f 2435 2436 2437
f 2438 2439 2440
f 2441 2442 2443
f 2444 2445 2446
f 2447 2448 2449
f 2450 2451 2452
f 2453 2454 2455
f 2456 2457 2458
f 2459 2460 2461
f 2462 2463 2464
f 2465 2466 2467
f 2468 2469 2470
f 2471 2472 2473
f 2474 2475 2476
f 2477 2478 2479
f 2480 2481 2482
f 2483 2484 2485
f 2486 2487 2488
f 2489 2490 2491
f 2492 2493 2494
f 2495 2496 2497
f 2498 2499 2500
f 2501 2502 2503
f 2504 2505 2506
f 2507 2508 2509
f 2510 2511 2512
f 2513 2514 2515
f 2516 2517 2518
f 2519 2520 2521
f 2522 2523 2524
f 2525 2526 2527
f 2528 2529 2530
f 2531 2532 2533
f 2534 2535 2536
f 2537 2538 2539
f 2540 2541 2542
f 2543 2544 2545
f 2546 2547 2548
f 2549 2550 2551
f 2552 2553 2554
f 2555 2556 2557
f 2558 2559 2560
f 2561 2562 2563
f 2564 2565 2566
f 2567 2568 2569
f 2570 2571 2572
f 2573 2574 2575
f 2576 2577 2578
f 2579 2580 2581
f 2582 2583 2584
f 2585 2586 2587
f 2588 2589 2590
f 2591 2592 2593
f 2594 2595 2596
f 2597 2598 2599
f 2600 2601 2602
f 2603 2604 2605
f 2606 2607 2608
f 2609 2610 2611
f 2612 2613 2614
f 2615 2616 2617
f 2618 2619 2620
f 2621 2622 2623
f 2624 2625 2626
f 2627 2628 2629
f 2630 2631 2632
f 2633 2634 2635
f 2636 2637 2638
f 2639 2640 2641
f 2642 2643 2644
f 2645 2646 2647
f 2648 2649 2650
f 2651 2652 2653
f 2654 2655 2656
f 2657 2658 2659
f 2660 2661 2662
f 2663 2664 2665
f 2666 2667 2668
f 2669 2670 2671
f 2672 2673 2674
f 2675 2676 2677
f 2678 2679 2680
f 2681 2682 2683
f 2684 2685 2686
f 2687 2688 2689
f 2690 2691 2692
f 2693 2694 2695
f 2696 2697 2698
f 2699 2700 2701
f 2702 2703 2704
f 2705 2706 2707
f 2708 2709 2710
f 2711 2712 2713
f 2714 2715 2716
f 2717 2718 2719
f 2720 2721 2722
f 2723 2724 2725
f 2726 2727 2728
f 2729 2730 2731
f 2732 2733 2734
f 2735 2736 2737
f 2738 2739 2740
f 2741 2742 2743
f 2744 2745 2746
f 2747 2748 2749
f 2750 2751 2752
f 2269 2268 2753
f 2754 2755 2756
f 2757 2758 2759
f 2760 2761 2762
f 2763 2764 2765
f 2766 2767 2768
f 2769 2770 2771
f 2772 2773 2774
f 2775 2776 2777
f 2778 2779 2780
f 2781 2782 2783
f 2784 2785 2786
f 2787 2788 2789
f 2790 2791 2792
f 2793 2794 2795
f 2796 2797 2798
f 2799 2800 2801
f 2802 2803 2804
f 2805 2806 2807
f 2808 2809 2810
f 2811 2812 2813
f 2814 2815 2816
f 2817 2818 2819
f 2820 2821 2822
f 2823 2824 2825
f 2826 2827 2828
f 2829 2830 2831
f 2832 2833 2834
f 2835 2836 2837
f 2838 2839 2840
f 2841 2842 2843
f 2844 2845 2846
f 2847 2848 2849
f 2850 2851 2852
f 2853 2854 2855
f 2856 2857 2858
f 2859 2860 2861
f 2862 2863 2864
f 2865 2866 2867
f 2868 2869 2870
f 2871 2872 2873
f 2874 2875 2876
f 2877 2878 2879
f 2880 2881 2882
f 2883 2884 2885
f 2886 2887 2888
f 2889 2890 2891
f 2892 2893 2894
f 2895 2896 2897
f 2898 2899 2900
f 2345 2347 2901
f 2902 2903 2904
f 2905 2906 2907
f 2908 2909 2910
f 2911 2912 2913
f 2914 2915 2916
f 2917 2918 2919
f 2920 2921 2922
f 2923 2924 2925
f 2926 2927 2928
f 2929 2930 2931
f 2932 2933 2934
f 2935 2936 2937
f 2938 2939 2940
f 2941 2942 2943
f 2944 2945 2946
f 2947 2948 2949
f 2950 2951 2952
f 2953 2954 2955
f 2956 2957 2958
f 2959 2960 2961
f 2962 2963 2964
f 2965 2966 2967
f 2968 2969 2970
f 2971 2972 2973
f 2974 2975 2976
f 2977 2978 2979
f 2980 2981 2982
f 2983 2984 2985
f 2986 2987 2988
f 2989 2990 2991
f 2992 2993 2994
f 2995 2996 2997
f 2998 2999 3000
f 3001 3002 3003
f 3004 3005 3006
f 3007 3008 3009
f 3010 3011 3012
f 3013 3014 3015
f 3016 3017 3018
f 3019 3020 3021
f 3022 3023 3024
f 3025 3026 3027
f 3028 3029 3030
f 3031 3032 3033
f 3034 3035 3036
f 3037 3038 3039
f 3040 3041 3042
f 3043 3044 3045
f 3046 3047 3048
f 3049 3050 3051
f 3052 3053 3054
f 3055 3056 3057
f 3058 3059 3060
f 3061 3062 3063
f 3064 3065 3066
f 3067 3068 3069
f 3070 3071 3072
f 3073 3074 3075
f 3076 3077 3078
f 3079 3080 3081
f 3082 3083 3084
f 3085 3086 3087
f 3088 3089 3090
f 3091 3092 3093
f 3094 3095 3096
f 3097 3098 3099
f 3100 3101 3102
f 3103 3104 3105
f 3106 3107 3108
f 3109 3110 3111
f 3112 3113 3114
f 3115 3116 3117
f 3118 3119 3120
f 3121 3122 3123
f 3124 3125 3126
f 3127 3128 3129
f 3130 3131 3132
f 3133 3134 3135
f 3136 3137 3138
f 3139 3140 3141
f 3142 3143 3144
f 3145 3146 3147
f 3148 3149 3150
f 3151 3152 3153
f 3154 3155 3156
f 3157 3158 3159
f 3160 3161 3162
f 3163 3164 3165
f 3166 3167 3168
f 3169 3170 3171
f 3172 3173 3174
f 3175 3176 3177
f 3178 3179 3180
f 3181 3182 3183
f 3184 3185 3186
f 3187 3188 3189
f 3190 3191 3192
f 3193 3194 3195
f 3196 3197 3198
f 3199 3200 3201
f 3202 3203 3204
f 3205 3206 3207
f 3208 3209 3210
f 3211 3212 3213
f 3214 3215 3216
f 3217 3218 3219
f 3220 3221 3222
f 3223 3224 3225
f 3226 3227 3228
f 3229 3230 3231
f 3232 3233 3234
f 3235 3236 3237
f 3238 3239 3240
f 3241 3242 3243
f 3244 3245 3246
f 3247 3248 3249
f 3250 3251 3252
f 3253 3254 3255
f 3256 3257 3258
f 3259 3260 3261
f 3262 3263 3264
f 3265 3266 3267
f 3268 3269 3270
f 3271 3272 3273
f 3274 3275 3276
f 3277 3278 3279
f 3280 3281 3282
f 3283 3284 3285
f 3286 3287 3288
f 3289 3290 3291
f 3292 3293 3294
f 3295 3296 3297
f 3298 3299 3300
f 3301 3302 3303
f 3304 3305 3306
f 3307 3308 3309
f 3310 3311 3312
f 3313 3314 3315
f 3316 3317 3318
f 3319 3320 3321
f 3322 3323 3324
f 3325 3326 3327
f 3328 3329 3330
f 3331 3332 3333
f 3334 3335 3336
f 3337 3338 3339
f 3340 3341 3342
f 3343 3344 3345
f 3346 3347 3348
f 3349 3350 3351
f 3352 3353 3354
f 3355 3356 3357
f 3358 3359 3360
f 3361 3362 3363
f 3364 3365 3366
f 3367 3368 3369
f 3370 3371 3372
f 3373 3374 3375
f 3376 3377 3378
f 3379 3380 3381
f 3382 3383 3384
f 3385 3386 3387
f 3388 3389 3390
f 3391 3392 3393
f 3394 3395 3396
f 3397 3398 3399
f 3400 3401 3402
f 3403 3404 3405
f 3406 3407 3408
f 3409 3410 3411
f 3412 3413 3414
f 3415 3416 3417
f 3418 3419 3420
f 3421 3422 3423
f 3424 3425 3426
f 3427 3428 3429
f 3430 3431 3432
f 3433 3434 3435
f 3436 3437 3438
f 3439 3440 3441
f 3442 3443 3444
f 3445 3446 3447
f 3448 3449 3450
f 3451 3452 3453
f 3454 3455 3456
f 3457 3458 3459
f 3460 3461 3462
f 3463 3464 3465
f 3466 3467 3468
f 3469 3470 3471
f 3472 3473 3474
f 3475 3476 3477
f 3478 3479 3480
f 3481 3482 3483
f 3484 3485 3486
f 3487 3488 3489
f 3490 3491 3492
f 3493 3494 3495
f 3496 3497 3498
f 3499 3500 3501
f 3502 3503 3504
f 3505 3506 3507
f 3508 3509 3510
f 3511 3512 3513
f 3514 3515 3516
f 3517 3518 3519
f 3520 3521 3522
f 3523 3524 3525
f 3526 3527 3528
f 3529 3530 3531
f 3532 3533 3534
f 3535 3536 3537
f 3538 3539 3540
f 3541 3542 3543
f 3544 3545 3546
f 3547 3548 3549
f 3550 3551 3552
f 3553 3554 3555
f 3556 3557 3558
f 3559 3560 3561
f 3562 3563 3564
f 3565 3566 3567
f 3568 3569 3570
f 3571 3572 3573
f 3574 3575 3576
f 3577 3578 3579
f 3580 3581 3582
f 3583 3584 3585
f 3586 3587 3588
f 3589 3590 3591
f 3592 3593 3594
f 3595 3596 3597
f 3598 3599 3600
f 3601 3602 3603
f 3604 3605 3606
f 3607 3608 3609
f 3610 3611 3612
f 3613 3614 3615
f 3616 3617 3618
f 3619 3620 3621
f 3622 3623 3624
f 3625 3626 3627
f 3628 3629 3630
f 3631 3632 3633
f 3634 3635 3636
f 3637 3638 3639
f 3640 3641 3642
f 3643 3644 3645
f 3646 3647 3648
f 3649 3650 3651
f 3652 3653 3654
f 3655 3656 3657
f 3658 3659 3660
f 3661 3662 3663
f 3664 3665 3666
f 3667 3668 3669
f 3670 3671 3672
f 3673 3674 3675
f 3676 3677 3678
f 3679 3680 3681
f 3682 3683 3684
f 3685 3686 3687
f 3688 3689 3690
f 3691 3692 3693
f 3694 3695 3696
f 3697 3698 3699
f 3700 3701 3702
f 3703 3704 3705
f 3706 3707 3708
f 3709 3710 3711
f 3712 3713 3714
f 3715 3716 3717
f 3718 3719 3720
f 3721 3722 3723
f 3724 3725 3726
f 3727 3728 3729
f 3730 3731 3732
f 3733 3734 3735
f 3736 3682 3684
f 3737 3738 3739
f 3740 3741 3742
f 3743 3744 3745
f 3746 3747 3748
f 3749 3750 3751
f 3752 3753 3754
f 3755 3756 3757
f 3758 3759 3760
f 3761 3762 3763
f 2313 3764 2314
f 3765 3766 3767
f 3768 3769 3770
f 3771 3772 3773
f 3774 3775 3776
f 3777 3778 3779
f 3780 3781 3782
f 3783 3784 3785
f 3786 3787 3788
f 3789 3790 3791
f 3792 3793 3794
f 3795 3796 3797
f 3798 3799 3800
f 3801 3182 3181
f 3802 3803 3804
f 3805 3806 3807
f 3808 3809 3810
f 3811 3812 3813
f 3814 3815 3816
f 3817 3818 3819
f 3820 3821 3822
f 3823 3824 3825
f 3826 3827 3828
f 3829 3830 3831
f 3832 3833 3834
f 3835 3836 3837
f 3838 3839 3840
f 3841 3842 3843
f 3844 3845 3846
f 3847 3848 3849
f 3850 3851 3852
f 3853 3854 3855
f 3856 3857 3858
f 3859 3860 3861
f 3862 3863 3864
f 3865 3866 3867
f 3868 3869 3870
f 3871 3872 3873
f 3874 3875 3876
f 3877 3878 3879
f 3880 3881 3882
f 3883 3884 3885
f 3886 3887 3888
f 3889 3890 3891
f 3892 3893 3894
f 3895 3334 3336
f 3896 3897 3898
f 3899 3900 3901
f 3902 3903 3904
f 3905 3906 3907
f 3908 3909 3910
f 3911 3912 3913
f 3914 3915 3916
f 3917 3918 3919
f 3920 3921 3922
f 3923 3924 3925
f 3926 3927 3928
f 3929 3930 3931
f 3932 3933 3934
f 3935 3936 3937
f 3938 3939 3940
f 3941 3942 3943
f 3944 3945 3946
f 3947 3948 3949
f 3950 3951 3952
f 3953 3954 3955
f 3956 3957 3958
f 3959 3960 3961
f 3962 3963 3964
f 3965 3966 3967
f 3968 3969 3970
f 3971 3972 3973
f 3974 3975 3976
f 3977 3978 3979
f 3980 3981 3982
f 3983 3984 3985
f 3986 3987 3988
f 3989 3990 3991
f 3992 3993 3994
f 3995 3996 3997
f 3998 3999 4000
f 4001 4002 4003
f 4004 4005 4006
f 4007 4008 4009
f 4010 4011 4012
f 4013 4014 4015
f 4016 4017 4018
f 4019 4020 4021
f 4022 4023 4024
f 4025 4026 4027
f 4028 4029 4030
f 4031 4032 4033
f 4034 4035 4036
f 4037 4038 4039
f 4040 4041 4042
f 4043 4044 4045
f 4046 4047 4048
f 4049 4050 4051
f 4052 4053 4054
f 4055 4056 4057
f 4058 4059 4060
f 4061 4062 4063
f 4064 4065 4066
f 4067 4068 4069
f 4070 4071 4072
f 4073 4074 4075
f 4076 4077 4078
f 4079 4080 4081
f 4082 4083 4084
f 4085 4086 4087
f 4088 4089 4090
f 4091 4092 4093
f 4094 4095 4096
f 4097 4098 4099
f 4100 4101 4102
f 4103 4104 4105
f 4106 4107 4108
f 4109 4110 4111
f 4112 4113 4114
f 4115 4116 4117
f 4118 4119 4120
f 4121 4122 4123
f 4124 4125 4126
f 4127 4128 4129
f 4130 4131 4132
f 4133 4134 4135
f 4136 4137 4138
f 4139 4140 4141
f 4142 4143 4144
f 4145 4146 4147
f 4148 4149 4150
f 4151 4152 4153
f 4154 4155 4156
f 4157 4158 4159
f 4160 4161 4162
f 4163 4164 4165
f 4166 4167 4168
f 4169 4170 4171
f 4172 4173 4174
f 4175 4176 4177
f 4178 4179 4180
f 4181 4182 4183
f 4184 4185 4186
f 4187 4188 4189
f 4190 4191 4192
f 4193 4194 4195
f 4196 4197 4198
f 4199 4200 4201
f 4202 4203 4204
f 4205 4206 4207
f 4208 4209 4210
f 4211 4212 4213
f 4214 4215 4216
f 4217 4218 4219
f 4220 4221 4222
f 4223 4224 4225
f 4226 4227 4228
f 4229 4230 4231
f 4232 4233 4234
f 4235 4236 4237
f 4238 4239 4240
f 4241 4242 4243
f 4244 4245 4246
f 4247 4248 4249
f 4250 4251 4252
f 4253 4254 4255
f 4256 4257 4258
f 4259 4260 4261
f 4262 4263 4264
f 4265 4266 4267
f 4268 4269 4270
f 4271 4272 4273
f 4274 4275 4276
f 4277 4278 4279
f 4280 4281 4282
f 4283 4284 4285
f 4286 4287 4288
f 4289 4290 4291
f 4292 4293 4294
f 4295 4296 4297
f 4298 4299 4300
f 4301 4302 4303
f 4304 4305 4306
f 4307 4308 4309
f 4310 4311 4312
f 4313 4314 4315
f 4316 4317 4318
f 4319 4320 4321
f 4322 4323 4324
f 4325 4326 4327
f 4328 4329 4330
f 4331 4332 4333
f 4334 4335 4336
f 4337 4338 4339
f 4340 4341 4342
f 4343 4344 4345
f 4346 4347 4348
f 4349 4350 4351
f 4352 4353 4354
f 4355 4356 4357
f 4358 4359 4360
f 4361 4362 4363
f 4364 4365 4366
f 4367 4368 4369
f 4370 4371 4372
f 4373 4374 4375
f 4376 4377 4378
f 4379 4380 4381
f 4382 4383 4384
f 4385 4386 4387
f 4388 4389 4390
f 4391 4392 4393
f 4394 4395 4396
f 4397 4398 4399
f 4400 4401 4402
f 4403 4404 4405
f 4406 4407 4408
f 4409 4410 4411
f 4412 4413 4414
f 4415 4416 4417
f 4418 4419 4420
f 4421 4422 4423
f 4424 4425 4426
f 4427 4428 4429
f 4430 4431 4432
f 4433 4434 4435
f 4436 4437 4438
f 4439 4440 4441
f 4442 4443 4444
f 4445 4446 4447
f 4448 4449 4450
f 4451 4452 4453
f 4454 4455 4456
f 4457 4458 4459
f 4460 4461 4462
f 4463 4464 4465
f 4466 4467 4468
f 4469 4470 4471
f 4472 4473 4474
f 4475 4476 4477
f 4478 4479 4480
f 4481 4482 4483
f 4484 4485 4486
f 4487 4488 4489
f 4490 4491 4492
f 4493 4494 4495
f 4496 4497 4498
f 4499 4500 4501
f 4502 4503 4504
f 4505 4506 4507
f 4508 4509 4510
f 4511 4512 4513
f 4514 4515 4516
f 4517 4518 4519
f 4520 4521 4522
f 4523 4524 4525
f 4526 4527 4528
f 4529 4530 4531
f 4532 4533 4534
f 4535 4536 4537
f 4538 4539 4540
f 4541 4542 4543
f 4544 4545 4546
f 4547 4548 4549
f 4550 4551 4552
f 4553 4554 4555
f 4556 4557 4558
f 4559 4560 4561
f 4562 4563 4564
f 4565 4566 4567
f 4568 4569 4570
f 4571 4572 4573
f 4574 4575 4576
f 4577 4578 4579
f 4580 4581 4582
f 4583 4584 4585
f 4586 4587 4588
f 4589 4590 4591
f 4592 4593 4594
f 4595 4596 4597
f 4598 4599 4600
f 4601 4602 4603
f 4604 4605 4606
f 4607 4608 4609
f 4610 4611 4612
f 4613 4614 4615
f 4616 4617 4618
f 4619 4620 4621
f 4622 4623 4624
f 4625 4626 4627
f 4628 4629 4630
f 4631 4632 4633
f 4634 4635 4636
f 4637 4638 4639
f 4640 4641 4642
f 4643 4644 4645
f 4646 4647 4648
f 4649 4650 4651
f 3641 4652 3642
f 4653 4654 4655
f 4656 4657 4658
f 4659 4660 4661
f 4662 4663 4664
f 4665 4666 4667
f 4668 4669 4670
f 4671 4672 4673
f 4674 4675 4676
f 4677 4678 4679
f 4680 4681 4682
f 4683 4684 4685
f 4686 4687 4688
f 4689 4690 4691
f 4692 4693 4694
f 2301 4695 2302
f 4696 4697 4698
f 4699 4700 4701
f 4702 4703 4704
f 4705 4706 4707
f 4708 4709 4710
f 4711 4712 4713
f 4714 4715 4716
f 4717 4718 4719
f 4720 4721 4722
f 4723 4724 4725
f 4726 4727 4728
f 4729 4730 4731
f 4732 4733 4734
f 4735 4736 4737
f 4738 4739 4740
f 4741 4742 4743
f 4744 4745 4746
f 4747 4748 4749
f 4750 4751 4752
f 4753 4754 4755
f 4756 4757 4758
f 4759 4760 4761
f 4762 4763 4764
f 4765 4766 4767
f 4768 4769 4770
f 4771 4772 4773
f 4774 4775 4776
f 4777 4778 4779
f 4780 4781 4782
f 4783 4784 4785
f 4786 4787 4788
f 4789 4790 4791
f 4792 4793 4794
f 4795 4796 4797
f 4798 4799 4800
f 4801 4802 4803
f 4804 4805 4806
f 4807 4808 4809
f 4810 4811 4812
f 4813 4814 4815
f 4816 4817 4818
f 4819 4820 4821
f 4822 3577 3579
f 4823 4824 4825
f 4826 4827 4828
f 4829 4830 4831
f 4832 4833 4834
f 4835 4836 4837
f 4838 4839 4840
f 4841 4842 4843
f 4844 4845 4846
f 4847 4848 4849
f 4850 4851 4852
f 4853 4854 4855
f 4856 4857 4858
f 4859 4860 4861
f 4862 4863 4864
f 4865 4866 4867
f 4868 4869 4870
f 4871 4872 4873
f 4874 4875 4876
f 4877 4878 4879
f 4880 4881 4882
f 4883 4884 4885
f 4886 4887 4888
f 4889 4890 4891
f 4892 4893 4894
f 4895 4896 4897
f 4898 4899 4900
f 4901 4902 4903
f 4904 4905 4906
f 4907 4908 4909
f 4910 4911 4912
f 4913 4914 4915
f 4916 4917 4918
f 4919 4920 4921
f 4922 4923 4924
f 4925 4926 4927
f 4928 4929 4930
f 4931 4932 4933
f 4934 4935 4936
f 4937 4938 4939
f 4940 4941 4942
f 4929 4943 4930
f 4944 4945 4946
f 4947 4948 4949
f 4950 4951 4952
f 4953 4954 4955
f 4956 4957 4958
f 4959 4960 4961
f 4962 4963 4964
f 4965 4966 4967
f 4968 4969 4970
f 4971 4972 4973
f 4974 4975 4976
f 4977 4978 4979
f 4980 4981 4982
f 4983 4984 4985
f 4986 4987 4988
f 4989 4990 4991
f 4992 4993 4994
f 4995 4996 4997
f 4998 4999 5000
f 5001 5002 5003
f 5004 5005 5006
f 2417 2419 5007
f 3353 5008 3354
f 5009 5010 5011
f 5012 5013 5014
f 5015 5016 5017
f 5018 5019 5020
f 5021 5022 5023
f 5024 5025 5026
f 5027 5028 5029
f 5030 5031 5032
f 5033 5034 5035
f 5036 5037 5038
f 5039 5040 5041
f 5042 5043 5044
f 5045 5046 5047
f 5048 5049 5050
f 5051 5052 5053
f 5054 5055 5056
f 5057 5058 5059
f 5060 5061 5062
f 5063 5064 5065
f 5066 5067 5068
f 5069 5070 5071
f 5072 5073 5074
f 5075 5076 5077
f 5078 5079 5080
f 5081 5082 5083
f 5084 5085 5086
f 5087 5088 5089
f 5090 5091 5092
f 5093 5094 5095
f 5096 5097 5098
f 5099 5100 5101
f 5102 5103 5104
f 5105 5106 5107
f 5108 5109 5110
f 5111 5112 5113
f 5114 5115 5116
f 5117 5118 5119
f 5120 5121 5122
f 5123 5124 5125
f 5126 5127 5128
f 5129 5130 5131
f 5132 5133 5134
f 5135 5136 5137
f 5138 5139 5140
f 5141 5142 5143
f 5144 5145 5146
f 5147 5148 5149
f 5150 5151 5152
f 5153 5154 5155
f 5156 5157 5158
f 5159 5160 5161
f 5162 5163 5164
f 5165 5166 5167
f 5168 5169 5170
f 5171 5172 5173
f 5174 5175 5176
f 5177 5178 5179
f 5180 5181 5182
f 5180 5182 5183
f 5184 5185 5186
f 5187 5188 5189
f 5190 5191 5192
f 5193 5194 5195
f 5196 5197 5198
f 5199 5200 5201
f 5202 5203 5204
f 5205 5206 5207
f 5208 5209 5210
f 5211 5212 5213
f 5214 5215 5216
f 5217 5218 5219
f 5220 5221 5222
f 5223 5224 5225
f 5226 5227 5228
f 5229 5230 5231
f 5217 5232 5218
f 5233 5234 5235
f 5236 5237 5238
f 5234 5239 5235
f 5240 5241 5242
f 5243 5244 5245
f 5246 5247 5248
f 5249 5250 5251
f 5252 5253 5254
f 5255 5256 5257
f 5246 5258 5247
f 5259 5260 5261
f 5262 5263 5264
f 5265 5266 5267
f 5268 5269 5270
f 5271 5272 5273
f 5274 5275 5276
f 5277 5278 5279
f 5280 5281 5282
f 5283 5284 5285
f 5286 5287 5288
f 5289 5290 5291
f 5292 5293 5294
f 5287 5286 5295
f 5296 5297 5298
f 5299 5300 5301
f 5302 5303 5304
f 5305 5306 5307
f 5308 5309 5310
f 5311 5312 5313
f 5314 5315 5316
f 5317 5318 5319
f 5320 5321 5322
f 5323 5324 5325
f 5326 5327 5328
f 5329 5330 5331
f 5332 5333 5334
f 5335 5336 5337
f 5338 5339 5340
f 5341 5342 5343
f 5344 5345 5346
f 5347 5348 5349
f 5350 5351 5352
f 5353 5354 5355
f 5356 5357 5358
f 5359 5360 5361
f 5362 5363 5364
f 5365 5366 5367
f 5363 5368 5364
f 5369 5370 5371
f 5372 5373 5374
f 5375 5376 5377
f 5378 5379 5380
f 5381 5382 5383
f 5384 5385 5386
f 5387 5388 5389
f 5390 5391 5392
f 5393 5394 5395
f 5396 5397 5398
f 5399 5400 5401
f 5402 5403 5404
f 5405 5406 5407
f 5408 5409 5410
f 5411 5039 5041
f 5412 5413 5414
f 5415 5416 5417
f 5418 5419 5420
f 5421 5422 5423
f 5424 5425 5426
f 5427 5428 5429
f 5430 5431 5432
f 5433 5434 5435
f 5436 5437 5438
f 5439 5440 5441
f 5442 5443 5444
f 5445 5446 5447
f 5448 5449 5450
f 5451 5452 5453
f 5454 5455 5456
f 5457 5458 5459
f 5460 5461 5462
f 5463 5464 5465
f 5466 5467 5468
f 5469 5470 5471
f 5472 5473 5474
f 5475 3664 3666
f 5476 5477 5478
f 5475 5479 3664
f 5475 5480 5479
f 5481 5482 5483
f 5484 5485 5486
f 5487 5488 5489
f 5490 5491 5492
f 5493 5494 5495
f 5496 5497 5498
f 5499 5500 5501
f 5502 5503 5504
f 5505 5506 5507
f 5508 5509 5510
f 5511 5512 5513
f 5514 5515 5516
f 5517 5518 5519
f 5520 5521 5522
f 5523 5524 5525
f 5526 5527 5528
f 5529 5530 5531
f 5532 5533 5534
f 5535 5536 5537
f 5538 5539 5540
f 5541 5542 5543
f 5544 5545 5546
f 5547 5548 5549
f 5550 5551 5552
f 5553 5554 5555
f 5556 5557 5558
f 5559 5560 5561
f 5562 5563 5564
f 5565 5566 5567
f 5568 5569 5570
f 5571 5572 5573
f 5574 5575 5576
f 5577 5578 5579
f 5580 5581 5582
f 5583 5584 5585
f 5586 5587 5588
f 5589 5590 5591
f 5592 5593 5594
f 5595 5596 5597
f 5598 5599 5600
f 5601 5602 5603
f 5604 5605 5606
f 5607 5608 5609
f 5610 5611 5612
f 5613 5614 5615
f 5616 5617 5618
f 5619 5620 5621
f 5622 5623 5624
f 5601 5625 5602
f 5626 5627 5628
f 5629 5630 5631
f 5632 5633 5634
f 5635 5636 5637
f 5638 5639 5640
f 5641 5642 5643
f 5644 5645 5646
f 5647 5648 5649
f 5650 5651 5652
f 5653 5654 5655
f 5656 5657 5658
f 5659 5660 5661
f 5662 5663 5664
f 5665 5666 5667
f 5668 5545 5544
f 4650 5669 4651
f 5670 5671 5672
f 5673 5674 5675
f 5676 5677 5678
f 5679 5680 5681
f 5680 5682 5681
f 5683 5684 5685
f 5686 5671 5670
f 5687 5688 5689
f 5690 5691 5692
f 5693 5694 5695
f 5696 5697 5698
f 5699 5700 5701
f 5702 5703 5704
f 5705 5706 5707
f 5708 5709 5710
f 5711 5712 5713
f 5714 5715 5716
f 5717 5718 5719
f 5720 5721 5722
f 5501 5723 5499
f 5724 5725 5726
f 5727 5728 5729
f 5730 5731 5732
f 5724 5733 5725
f 5734 5735 5736
f 5737 5738 5739
f 5740 5741 5742
f 4009 4008 5743
f 5744 5745 5746
f 5747 5748 5749
f 5750 5751 5752
f 5753 5754 5755
f 5756 5757 5758
f 5759 5760 5761
f 5762 5763 5764
f 5765 5766 5767
f 5768 5769 5770
f 5771 5479 5480
f 5772 5773 5774
f 5775 5776 5777
f 5778 5779 5780
f 5781 5782 5783
f 5784 5785 5786
f 5787 5788 5789
f 5790 5791 5792
f 5793 5794 5795
f 5796 5797 5798
f 5799 5800 5801
f 5802 5803 5804
f 5805 5806 5807
f 5808 5809 5810
f 5811 5812 5813
f 5814 5815 5816
f 5817 5818 5819
f 5820 5821 5822
f 5820 5823 5821
f 5824 5825 5826
f 5827 5828 5829
f 5830 5831 5832
f 5831 5833 5832
f 5833 5834 5832
f 4192 5835 4190
f 3778 3777 5836
f 5837 5838 5839
f 5840 5841 5842
f 5843 5844 5845
f 5846 4153 4152
f 5847 5848 5849
f 5850 5851 5852
f 5853 5854 5855
f 5856 5857 5858
f 5859 5773 5772
f 5860 5861 5862
f 5863 5864 5865
f 5866 5867 5868
f 5869 5870 5871
f 5872 5873 5874
f 5875 5876 5877
f 5878 5879 5880
f 5881 5882 5883
f 5884 5885 5886
f 5887 5888 5889
f 5890 5891 5892
f 5893 5894 5895
f 5896 5897 5898
f 5899 5900 5901
f 5902 5903 5904
f 5902 5904 5905
f 5906 5907 5908
f 5909 5910 5911
f 5912 5913 5914
f 5915 5916 5917
f 5918 5919 5920
f 5921 5922 5923
f 5924 5925 5926
f 5927 5928 5929
f 5930 5931 5932
f 5933 5934 5935
f 5936 5937 5938
f 5939 5940 5941
f 5942 5943 5944
f 5945 5946 5947
f 5948 5949 5950
f 5951 5952 5953
f 5954 5955 5956
f 5957 5958 5959
f 5960 5961 5962
f 5963 5964 5965
f 5966 5967 5968
f 5963 5965 5969
f 5970 5971 5972
f 5973 5974 5975
f 5971 5976 5972
f 5977 5975 5978
f 5979 5980 5981
f 5982 5983 5984
f 5985 5986 5987
f 5988 5989 5990
f 5991 5992 5993
f 5994 5995 5996
f 5997 5998 5999
f 6000 6001 6002
f 6003 6004 6005
f 6006 6007 6008
f 6009 6010 6011
f 6012 6013 6014
f 6015 6016 6017
f 6018 6019 6020
f 6021 6022 6023
f 6024 6025 6026
f 6021 6023 6027
f 6028 6029 6030
f 6031 6032 6033
f 6028 6034 6029
f 6035 6036 6037
f 6038 6039 6040
f 6041 6042 6043
f 6044 6045 6046
f 6047 6048 6049
f 6050 6051 6052
f 6053 6054 6055
f 6056 6057 6058
f 6059 6060 6061
f 6062 4797 4796
f 6063 6064 6065
f 6066 6067 6068
f 6069 6070 6071
f 3568 6072 3569
f 6073 6074 6075
f 6076 6077 6078
f 6079 6080 6081
f 6082 6083 6084
f 6085 6086 6087
f 6088 6089 6090
f 6091 6092 6093
f 6094 6095 6096
f 6097 6098 6099
f 6100 6101 6102
f 6103 6104 6105
f 6106 6107 6108
f 6104 6109 6105
f 6110 6111 6112
f 6113 6114 6115
f 6116 6117 6118
f 6119 6120 6121
f 5880 5879 6122
f 6123 6124 6125
f 6126 6127 6128
f 6104 6129 6109
f 6104 6103 6129
f 6130 6131 6132
f 6133 6134 6135
f 6136 6137 6138
f 6139 6055 6140
f 6141 6142 6143
f 6144 6145 6146
f 6147 6148 6149
f 6150 6151 6152
f 6153 6154 6155
f 6156 6157 6158
f 6159 6160 6161
f 6162 6163 6164
f 6165 6166 6167
f 6168 6169 6170
f 6171 6172 6173
f 6174 6175 6176
f 6177 6178 6179
f 6180 6181 6182
f 6183 6184 6185
f 6186 6034 6028
f 6187 6188 6189
f 6190 6191 6192
f 6193 6194 6195
f 6196 6197 6198
f 6199 6200 6201
f 6202 6203 6204
f 6205 6206 6207
f 6208 6209 6210
f 6211 6212 6213
f 6214 6215 6216
f 6217 6218 6219
f 6220 6221 6222
f 6223 6224 6225
f 6226 6227 6228
f 6229 6230 6231
f 6232 6233 6234
f 6235 6236 6237
f 6238 6239 6240
f 6241 6242 6243
f 6244 6245 6246
f 6247 6248 6249
f 6250 6251 6252
f 6253 6254 6255
f 6256 6257 6258
f 6259 6260 6261
f 6262 6263 6264
f 6265 6266 6267
f 6268 6269 6270
f 6271 6272 6273
f 6274 6275 6276
f 6277 6278 6279
f 6280 6281 6282
f 6283 6284 6285
f 6286 6287 6288
f 6289 6290 6291
f 6292 6293 6294
f 6295 6296 6297
f 6298 6299 6300
f 6301 6302 6303
f 6304 6305 6306
f 6307 6308 6309
f 6310 6311 6312
f 6313 6314 6315
f 6316 6317 6318
f 6319 6320 6321
f 6322 6323 6324
f 6325 6326 6327
f 6328 6329 6330
f 6328 6331 6329
f 6332 6333 6334
f 6335 6336 6337
f 6338 6339 6340
f 6341 6342 6343
f 6344 6345 6346
f 6347 6348 6349
f 6350 6351 6352
f 6353 6354 6355
f 6354 6356 6355
f 6357 6358 6359
f 6360 6361 6362
f 6363 6364 6365
f 6366 6367 6368
f 6366 6369 6367
f 6370 6371 6372
f 6373 6374 6375
f 6376 6377 6378
f 6379 6380 6381
f 6382 6383 6384
f 5405 5407 6385
f 6386 6387 6388
f 6389 6390 6391
f 6392 6393 6394
f 6395 6396 6397
f 6398 6399 6400
f 5429 5428 6401
f 5818 6402 6403
f 6404 6405 6406
f 6407 6408 6409
f 5819 5818 6403
f 6410 6411 6412
f 6413 6414 6415
f 6416 5070 5069
f 6417 6418 6419
f 6420 6421 6422
f 6423 6424 6425
f 6426 6427 6428
f 6429 6430 6431
f 6432 6433 6434
f 6435 6436 6437
f 6438 6439 6440
f 6441 6442 6443
f 6444 6445 6446
f 6447 6448 6449
f 6450 6451 6452
f 6453 6454 6455
f 6456 6457 6458
f 6459 6460 6461
f 6462 6463 6464
f 6465 6466 6467
f 6468 6469 6470
f 6471 6472 6473
f 6474 6475 6476
f 6477 6478 6479
f 6480 6481 6482
f 6483 6484 6485
f 6486 6487 6488
f 6489 6490 6491
f 6492 6493 6494
f 6495 6496 6497
f 6498 6499 6500
f 6501 6502 6503
f 6504 6505 6506
f 6507 6490 6489
f 6508 6509 6510
f 6511 6512 6513
f 6514 6515 6516
f 6517 6518 6519
f 6520 6521 6522
f 6523 6446 6445
f 6524 6525 6526
f 6527 6528 6529
f 6530 6531 6532
f 6533 6534 6535
f 6536 6537 6538
f 6539 6540 6541
f 6542 6543 6544
f 6545 6546 6547
f 6548 6549 6550
f 6551 6552 6553
f 6554 6555 6556
f 6557 6558 6559
f 6560 6561 6562
f 6563 6564 6565
f 6566 6567 6568
f 6569 6570 6571
f 6572 6573 6574
f 6575 6576 6577
f 6578 6579 6580
f 6581 6582 6583
f 6584 6585 6586
f 6587 6588 6589
f 6590 6591 6592
f 6593 6594 6595
f 6596 6597 6598
f 6599 6600 6601
f 6602 6603 6604
f 6605 6606 6607
f 6608 6609 6610
f 6611 6612 6613
f 6614 6615 6616
f 6617 6618 6619
f 6620 6621 6622
f 6623 6624 6625
f 6626 6627 6628
f 6629 6630 6631
f 6632 6633 6634
f 6635 6636 6637
f 6638 6639 6640
f 6641 6642 6643
f 6644 6645 6646
f 6647 6648 6649
f 6650 6651 6652
f 6653 6654 6655
f 6656 6657 6658
f 6659 6660 6661
f 6662 6663 6664
f 6665 6666 6667
f 6668 6669 6670
f 6671 6672 6673
f 6674 6675 6676
f 6677 6678 6679
f 6680 6681 6682
f 6683 6684 6685
f 6686 6687 6688
f 6689 6690 6691
f 6692 6693 6694
f 6695 6696 6697
f 6698 6699 6700
f 6701 6702 6703
f 6704 6705 6706
f 6707 6708 6709
f 6710 6711 6712
f 6713 5003 5002
f 3859 6714 3860
f 6698 6715 6699
f 6716 6717 6718
f 6719 6720 6721
f 6722 6723 6724
f 6725 6726 6727
f 6728 6729 6730
f 6731 6732 6733
f 6734 6735 6736
f 6737 6738 6739
f 6740 6741 6742
f 6743 6744 6745
f 6746 6747 6748
f 6749 6750 6751
f 6752 6753 6754
f 6755 6756 6757
f 6758 6759 6760
f 6761 6762 6763
f 6764 6765 6766
f 6767 6768 6769
f 6770 6771 6772
f 6773 6774 6775
f 6776 6777 6778
f 6779 6780 6781
f 6782 6783 6784
f 6785 6786 6787
f 6788 6789 6790
f 6791 6792 6793
f 6794 6795 6796
f 6797 6798 6799
f 6800 6801 6802
f 6803 6804 6805
f 6806 6807 6808
f 6809 6810 6811
f 6812 6813 6814
f 6815 6816 6817
f 6818 6819 6820
f 6821 6822 6823
f 6824 6825 6826
f 6827 6828 6829
f 6830 6831 6832
f 6833 6834 6835
f 6836 6837 6838
f 6839 6840 6841
f 6842 6843 6844
f 6845 6846 6847
f 6848 6849 6850
f 6851 6852 6853
f 6854 6855 6856
f 6857 6858 6859
f 6860 6861 6862
f 6863 6864 6865
f 6866 6867 6868
f 5182 6869 5183
f 6870 6871 6872
f 6873 6874 6875
f 6876 6877 6878
f 6879 6880 6881
f 6857 6882 6858
f 6883 5864 6884
f 6373 6885 6374
f 6886 6887 6888
f 6889 6890 6891
f 6892 6893 6894
f 6895 6896 6897
f 6898 6899 6900
f 6901 6902 6903
f 6904 6905 6906
f 6907 6908 6909
f 6910 6911 6912
f 6913 6914 6915
f 6916 6917 6918
f 6078 6919 6076
f 6920 6921 6922
f 6923 6924 6925
f 6926 6927 6928
f 6929 6930 6931
f 6932 6933 6934
f 6935 6936 6937
f 6938 6939 6940
f 6941 6018 6020
f 6942 6943 6944
f 6945 6946 6947
f 6948 6949 6950
f 6951 6952 6953
f 6954 6955 6956
f 6957 6958 6959
f 6960 6961 6962
f 6963 6964 6965
f 6966 6967 6968
f 6969 6970 6971
f 6972 6973 6974
f 6975 6976 6977
f 6978 6979 6980
f 6981 6982 6983
f 6984 6985 6986
f 6987 6988 6989
f 6990 3599 3598
f 6991 6992 6993
f 6994 6995 6996
f 6997 6998 6999
f 7000 7001 7002
f 7003 7004 7005
f 7006 7007 7008
f 7009 7010 7011
f 7012 7013 7014
f 7015 7016 7017
f 7018 7019 7020
f 7019 7021 7020
f 7022 7023 7024
f 7025 7026 7027
f 7028 7029 7030
f 7031 7032 7033
f 7034 7035 7036
f 7037 7038 7039
f 7040 5480 5475
f 7041 7042 7043
f 7044 7045 7046
f 7047 7048 7049
f 7050 7051 7052
f 7053 7054 7055
f 7056 7057 7058
f 7059 7060 7061
f 7062 7063 7064
f 5295 7065 5287
f 7066 7067 7068
f 7069 7070 7071
f 7072 7073 7074
f 7075 7076 7077
f 7078 7079 7080
f 7081 4981 7082
f 7083 7084 7085
f 7081 4982 4981
f 7086 7087 7088
f 5023 5022 7089
f 7090 7091 7092
f 7093 7091 7090
f 7094 7095 7096
f 7097 7098 7099
f 7100 7101 7102
f 7103 7104 7105
f 7106 7107 7108
f 7109 7110 7111
f 7110 7112 7111
f 7113 7114 7115
f 7116 7117 7118
f 7119 7120 7121
f 7122 7123 7124
f 7125 7126 7127
f 7128 7129 7130
f 7131 7132 7133
f 7134 7135 7136
f 7137 7138 7139
f 7140 7141 7142
f 7143 7144 7145
f 7146 7147 7148
f 7149 7150 7151
f 7152 7153 7154
f 7153 7155 7154
f 7156 7157 7158
f 7159 7160 7161
f 7162 7163 7164
f 7165 7166 7167
f 7165 7168 7166
f 7169 7170 7171
f 7172 7173 7174
f 7175 7176 7177
f 7178 7179 7180
f 7181 7182 7183
f 7184 7185 7186
f 7187 7188 7189
f 7190 7191 7192
f 7193 7194 7195
f 7196 7197 7198
f 7199 7193 7195
f 7200 7201 7202
f 7203 7204 7205
f 7206 7207 7208
f 7209 7210 7211
f 7212 7213 7214
f 7215 7216 7217
f 7218 7219 7220
f 7221 7222 7223
f 7224 7225 7226
f 7227 7228 7229
f 7230 7231 7232
f 7233 7234 7235
f 7236 7237 7238
f 7239 7240 7241
f 7242 7243 7244
f 7245 7246 7247
f 7248 7249 7250
f 7251 7252 7253
f 7254 7255 7256
f 7257 7258 7259
f 7260 7261 7262
f 7263 7264 7265
f 7266 7267 7268
f 7269 7270 7271
f 7272 7273 7274
f 7275 7276 7277
f 7278 6192 7279
f 7278 7280 6192
f 7280 7281 6192
f 7281 7282 6192
f 7282 7283 6192
f 7283 6190 6192
f 7284 7285 7286
f 7285 7287 7286
f 7288 7289 7290
f 7291 7292 7293
f 7294 7295 7296
f 7297 7298 7299
f 7300 7301 7302
f 7303 7304 7305
f 7306 7307 7308
f 7309 7310 7311
f 7312 7313 7314
f 7315 7316 7317
f 7318 7319 7320
f 7321 7322 7323
f 7324 7325 7326
f 7327 7328 7329
f 7330 7331 7332
f 7333 7334 7335
f 7336 7337 7338
f 7339 7340 7341
f 7342 7343 7344
f 7345 7346 7347
f 7348 7349 7350
f 7351 7352 7353
f 7354 7355 7356
f 7357 7358 7359
f 7360 7361 7362
f 7363 7364 7365
f 7366 7367 7368
f 7369 7370 7371
f 7372 7373 7374
f 7375 7376 7377
f 7378 7379 7380
f 7381 7382 7383
f 7384 7385 7386
f 7387 7388 7389
f 7390 7391 7392
f 7393 7394 7395
f 7396 7397 7398
f 7399 7400 7401
f 7402 7403 7404
f 7405 7406 7407
f 7408 7409 7410
f 7411 7412 7413
f 7414 7415 7416
f 7417 7418 7419
f 7420 5840 5842
f 7421 7422 7423
f 7424 7425 7426
f 7427 7428 7429
f 7430 7431 7432
f 7433 7434 7435
f 7436 7437 7438
f 7439 7440 7441
f 7442 7443 7444
f 7445 7446 7447
f 7448 7449 7450
f 7451 7452 7453
f 7454 7455 7456
f 7457 7458 7459
f 7460 7461 7462
f 7463 7464 7465
f 7466 7467 7468
f 7469 7470 7471
f 7472 7473 7474
f 7475 7476 7477
f 7478 7479 7480
f 7481 7482 7483
f 7484 7485 7486
f 7487 7488 7489
f 7490 7491 7492
f 7493 7494 7495
f 7496 7497 7498
f 7499 7500 7501
f 7502 7503 7504
f 7505 7506 7507
f 7508 7509 7510
f 7511 7512 7513
f 7514 7515 7516
f 7517 7518 7519
f 7520 7521 7522
f 7523 7524 7525
f 7526 7527 7528
f 7529 7530 7531
f 7532 7533 7534
f 7535 7536 7537
f 7538 7539 7540
f 7541 7542 7543
f 7544 7545 7546
f 7547 7548 7549
f 7550 5831 5830
f 7551 7552 7553
f 7554 7555 7556
f 7557 7558 7559
f 7560 7561 7562
f 7563 7564 7565
f 7566 7567 7568
f 7569 7570 7571
f 7572 7573 7574
f 7575 7576 7577
f 7578 7579 7580
f 7581 7582 7583
f 7584 7585 7586
f 7587 7588 7589
f 7590 7591 7592
f 7593 7594 7595
f 7594 7596 7595
f 7597 7598 7599
f 7600 7601 7602
f 7603 7604 7605
f 7606 7607 7608
f 7609 7610 7611
f 7612 7613 7614
f 7613 7615 7614
f 7616 7617 7618
f 7619 7620 7621
f 7622 7623 7624
f 7625 7626 7627
f 7628 7629 7630
f 7631 7632 7633
f 7634 7635 7636
f 7637 7638 7639
f 7640 7641 7642
f 7643 7644 7645
f 7195 7194 7646
f 7647 7648 7649
f 7650 7640 7642
f 7651 7652 7653
f 7651 7654 7652
f 7655 7656 7657
f 7658 7659 7660
f 7661 7662 7663
f 7664 7665 7666
f 7667 7668 7669
f 7670 7671 7672
f 7673 7674 7675
f 7676 7677 7678
f 7679 7680 7681
f 7682 6181 6180
f 7232 7231 7683
f 7684 7685 7686
f 7687 7688 7689
f 7690 7691 7692
f 7693 7694 7695
f 7696 7697 7698
f 7699 7700 7701
f 3430 3432 7702
f 7703 7704 7705
f 7706 7707 7708
f 7709 7710 7711
f 7712 7640 7650
f 7713 7714 7715
f 7716 7717 7718
f 7719 7720 7721
f 7279 6192 7722
f 7723 7724 7725
f 7726 7727 7728
f 7729 7730 7731
f 7732 7733 7734
f 7733 7735 7734
f 7295 7294 7736
f 7294 7737 7736
f 7738 7739 7740
f 7741 6218 6217
f 7294 7296 7742
f 7743 7744 7745
f 7746 7747 7748
f 7749 7750 7751
f 7752 7753 7754
f 7755 7756 7757
f 7758 7759 7760
f 7761 7762 7763
f 7764 7765 7766
f 7767 7768 7769
f 7768 7770 7769
f 7771 7772 7773
f 7774 7775 7776
f 7777 7778 7779
f 7780 7781 7782
f 7783 7784 7785
f 7786 7787 7788
f 7789 7790 7791
f 7792 7793 7794
f 7795 7796 7797
f 7798 7799 7800
f 7801 7802 7803
f 7804 7805 7806
f 7807 7808 7809
f 7810 7811 7812
f 7813 7814 7815
f 7816 7817 7818
f 7819 7820 7821
f 7822 7823 7824
f 7825 7826 7827
f 7828 7829 7830
f 7831 7832 7833
f 7834 7835 7836
f 7837 7838 7839
f 7840 7841 7842
f 7843 7844 7845
f 7846 7847 7848
f 7849 7850 7851
f 7852 7853 7854
f 7855 7856 7857
f 7858 7859 7860
f 7861 7862 7863
f 7864 7865 7866
f 7867 7868 7869
f 7870 7871 7872
f 7873 7874 7875
f 6001 7876 6002
f 7877 7878 7879
f 7880 7881 7882
f 7883 7884 7885
f 7886 7887 7888
f 7889 7890 7891
f 7892 7893 7894
f 7895 7896 7897
f 7898 7899 7900
f 7901 7902 7903
f 7904 7905 7906
f 7907 7908 7909
f 7910 7911 7912
f 7913 7914 7915
f 7916 7917 7918
f 7919 7920 7921
f 7922 7210 7209
f 7923 7924 7925
f 7926 7927 7928
f 7929 7930 7931
f 7932 7933 7934
f 7935 7936 7937
f 7938 7939 7940
f 7941 7942 7943
f 7944 7945 7946
f 7947 7948 7949
f 7950 7951 7952
f 7953 7954 7955
f 7956 7957 7958
f 7959 7960 7961
f 7962 7963 7964
f 7962 7965 7963
f 7966 7967 7968
f 7969 7970 7971
f 7972 7973 7974
f 7975 7976 7977
f 7978 7979 7980
f 7981 7982 7983
f 7984 7985 7986
f 7987 7988 7989
f 7990 7991 7992
f 7993 7994 7995
f 7996 7997 7998
f 7283 7282 7281
f 7999 8000 8001
f 8002 8003 8004
f 8005 8006 8007
f 8008 8009 8010
f 8009 8011 8010
f 8012 8013 8014
f 8015 8016 8017
f 8018 8019 8020
f 8021 8022 8023
f 8024 8025 8026
f 8027 8028 8029
f 8030 8031 8032
f 8033 8034 8035
f 8036 8037 8038
f 8039 8040 8041
f 8042 8043 8044
f 8045 8046 8047
f 8048 8049 8050
f 8051 8052 8053
f 8054 1433 8055
f 8056 8057 8058
f 8059 8060 8061
f 8062 8063 8064
f 8065 8066 8067
f 8068 8069 8070
f 8071 8072 8073
f 8074 8075 8076
f 8077 8078 8079
f 8080 8081 8082
f 8083 8084 8085
f 8086 8087 8088
f 8089 8090 8091
f 8092 8093 8094
f 8095 8096 8097
f 8098 8099 8100
f 8101 8102 8103
f 8104 8102 8101
f 8105 8106 8107
f 8108 8109 8110
f 8111 8112 8113
f 8114 8115 8116
f 8117 8118 8119
f 8120 8121 8122
f 8123 8124 8125
f 1348 1347 8126
f 8127 8128 8129
f 8130 8131 8132
f 1406 8133 8134
f 1074 8135 1075
f 8136 8137 8138
f 8139 8140 8141
f 8142 8143 8144
f 8145 8146 8147
f 8148 8149 8150
f 8151 8152 8153
f 1399 1406 8134
f 8154 8155 8156
f 8157 8158 8159
f 8160 8161 8162
f 8163 8164 8165
f 8166 8167 8168
f 8169 8170 8171
f 8172 8172 8173
f 8174 8175 8176
f 8177 8178 8179
f 8180 8181 8182
f 8183 8184 8185
f 8186 8187 8188
f 1250 8189 8190
f 8191 8192 8193
f 8194 8195 8196
f 8197 8198 8199
f 8200 8201 8202
f 8203 8204 8205
f 8206 8207 8208
f 8209 8210 8211
f 8212 8213 8214
f 1253 8215 1254
f 8216 8217 8218
f 8219 8220 8221
f 8222 8223 8224
f 8225 8226 8227
f 8228 8229 8230
f 8231 8232 8233
f 8234 8235 8236
f 8237 8238 8239
f 8240 8241 8242
f 8243 8244 8245
f 8246 8247 8248
f 8249 8250 8251
f 8252 8253 8254
f 8255 8256 8257
f 8258 8259 8260
f 8261 8262 8263
f 8264 8265 8266
f 8267 8268 8269
f 8270 8271 8272
f 8273 8274 8275
f 8276 8274 8277
f 8278 8279 8273
f 8280 8281 8282
f 8283 8284 8285
f 8286 8287 8288
f 8289 8290 8291
f 8144 8143 8292
f 8293 8294 8295
f 8296 8297 8298
f 8299 8300 8301
f 8302 8303 8304
f 8305 8306 8307
f 8308 8309 8310
f 8311 8312 8313
f 8314 8315 8316
f 8317 8318 8319
f 8320 8319 8318
f 8321 8322 8323
f 8324 8325 8326
f 8327 8328 8329
f 8330 8331 8332
f 8333 8334 8335
f 8336 8337 8338
f 8339 8340 8341
f 8342 8343 8344
f 8345 8346 8347
f 8348 8349 8350
f 8351 8352 8353
f 8354 8355 8356
f 8357 8358 8359
f 8360 8361 8362
f 8363 8364 8365
f 8366 8367 8368
f 8369 8370 8371
f 8372 8373 8374
f 8375 8376 8377
f 8378 8379 8380
f 8381 8382 8383
f 8384 8385 8386
f 8387 8388 8389
f 8390 8391 8392
f 8393 8394 8395
f 1422 1421 8396
f 8397 8398 8399
f 8400 8401 8402
f 8403 8404 8405
f 8406 8407 8408
f 8409 8410 8411
f 8412 8413 8414
f 8415 8416 8417
f 8418 8419 8420
f 8421 8422 8423
f 8424 8425 8426
f 8427 8428 8429
f 8430 8431 8432
f 8433 8434 8435
f 8436 8437 8438
f 8439 8440 8441
f 8442 8443 8444
f 8445 8446 8447
f 8448 8449 8450
f 8451 8452 8453
f 8454 8455 8456
f 8457 8458 8459
f 8460 8461 8462
f 8463 8464 8465
f 8466 8467 8468
f 8469 8470 8471
f 8472 8284 8286
f 8473 8474 8475
f 8476 8477 8478
f 8479 8480 8481
f 8482 8483 8484
f 8485 8486 8487
f 8488 8489 8490
f 8491 8492 8493
f 8494 8495 8496
f 8497 8498 8499
f 8500 8501 8502
f 8503 8504 8505
f 8506 8507 8508
f 8509 8510 8511
f 8512 8513 8514
f 8515 8516 8517
f 8518 8519 8520
f 8521 8117 8119
f 8522 8523 8524
f 8525 8526 8527
f 8528 8529 8530
f 8531 8532 8533
f 8534 8535 8536
f 8537 8538 8539
f 8540 8541 8542
f 8543 8544 8545
f 8546 8547 8548
f 8549 8550 8551
f 8552 8553 8554
f 8555 8556 8553
f 8557 8558 8559
f 8560 8561 8562
f 8563 8564 8565
f 1384 8566 8567
f 8568 8569 8570
f 8571 8572 8573
f 8574 8575 8576
f 8577 8578 8579
f 8580 8581 8582
f 8583 8584 8585
f 8586 8587 8588
f 8589 8590 8591
f 8592 8593 8594
f 8595 8596 8597
f 8598 8599 8600
f 8601 8602 8603
f 8604 8605 8606
f 8607 8608 8609
f 8610 8611 8612
f 8613 8614 8615
f 8616 8617 8618
f 8619 8620 8621
f 8622 8623 8624
f 8625 8626 8627
f 8628 8629 8630
f 8631 8632 8633
f 8634 8635 8636
f 8637 8638 8639
f 8640 8641 8642
f 8643 8644 8645
f 8646 8647 8648
f 8649 8650 8651
f 8652 8653 8654
f 8655 8656 8657
f 8658 8659 8660
f 8661 8662 8663
f 8664 8665 8666
f 8667 8668 8669
f 8670 8671 8672
f 8673 8674 8675
f 8676 8677 8678
f 8679 8680 8681
f 8682 8683 8684
f 8685 8686 8687
f 8688 8689 8690
f 8691 8692 8693
f 8694 8695 8696
f 8697 8698 8699
f 8700 8701 8702
f 8703 8704 8705
f 8706 8707 8708
f 8709 8710 8711
f 8712 8713 8714
f 8715 8716 8717
f 8718 8719 8720
f 8721 8722 8723
f 8724 8725 8726
f 8727 8728 8729
f 8730 8731 8732
f 8733 8734 8735
f 8736 8737 8738
f 8739 8740 8741
f 8677 8742 8678
f 8743 8744 8745
f 8746 8747 8748
f 8749 8750 8751
f 8752 8753 8754
f 8755 8756 8757
f 8758 8759 8760
f 8761 8762 8763
f 8764 8765 8766
f 8767 8768 8769
f 8770 8771 8772
f 8773 8774 8775
f 8776 8777 8778
f 8779 8780 8781
f 8782 8783 8784
f 8785 8786 8787
f 8788 8789 8790
f 8791 8792 8793
f 8794 8712 8714
f 8795 8796 8797
f 8798 8799 8800
f 8801 8802 8803
f 8804 8805 8806
f 8807 8808 8809
f 8810 8811 8812
f 8668 8813 8669
f 8814 8815 8816
f 8817 8818 8819
f 8820 8821 8822
f 8823 8824 8825
f 8826 8827 8828
f 8829 8830 8831
f 8832 8833 8834
f 8835 8836 8837
f 8838 8839 8840
f 8841 8842 8843
f 8844 8845 8846
f 8847 8848 8849
f 8850 8851 8852
f 8853 8854 8855
f 8856 8857 8858
f 8859 8860 8861
f 8862 8863 8864
f 8865 8866 8867
f 8868 8869 8870
f 8842 8871 8843
f 8872 8873 8874
f 8875 8876 8877
f 8878 8879 8880
f 8881 8882 8883
f 8884 8885 8886
f 8887 8888 8889
f 8890 8891 8892
f 8893 8894 8895
f 8896 8897 8898
f 8899 8900 8901
f 8902 8903 8904
f 8862 8864 8905
f 8815 8906 8816
f 8907 8908 8909
f 8910 8911 8912
f 8911 8913 8912
f 8914 8915 8916
f 8917 8918 8919
f 8920 8921 8922
f 8923 8924 8925
f 8926 8927 8928
f 8929 8930 8931
f 8932 8933 8934
f 8935 8936 8937
f 8938 8939 8940
f 8941 8942 8943
f 8944 8945 8946
f 8947 8948 8949
f 8950 8951 8952
f 8652 8953 8653
f 8954 8955 8956
f 8811 8810 8957
f 8958 8881 8883
f 8959 8960 8961
f 8962 8963 8964
f 8965 8709 8711
f 8966 8967 8968
f 8750 8749 8969
f 8970 8971 8972
f 8973 8974 8975
f 8747 8976 8748
f 8977 8978 8979
f 8980 8981 8982
f 8983 8984 8985
f 8986 8987 8988
f 8989 8990 8991
f 8992 8993 8994
f 8995 8996 8997
f 8998 8999 9000
f 9000 8999 9001
f 8875 8877 9002
f 9003 9004 9005
f 9006 9007 9008
f 9009 9010 9011
f 9010 9012 9011
f 9013 9014 9015
f 9016 9017 9018
f 9019 9020 9021
f 9022 9023 9024
f 9025 9026 9027
f 9028 9029 9030
f 9031 9032 9033
f 9034 9035 9036
f 9037 9038 9039
f 9040 9041 9042
f 9043 9044 9045
f 9046 9047 9048
f 9049 9050 9051
f 9052 9053 9054
f 9055 9056 9057
f 9058 9059 9060
f 9061 9062 9063
f 9064 9065 9066
f 9067 9068 9069
f 9070 9071 9072
f 9073 9074 9075
f 9076 9077 9078
f 9079 9080 9081
f 9082 9083 9084
f 9085 9086 9087
f 9088 9089 9090
f 9091 9092 9093
f 9094 9095 9096
f 9097 9098 9099
f 9100 9101 9102
f 9103 9104 9105
f 9106 9107 9108
f 9109 9110 9111
f 9112 9113 9114
f 9115 9116 9117
f 9118 9119 9120
f 9121 9122 9123
f 9124 9125 9126
f 9127 8798 8800
f 8658 8660 9128
f 9129 9130 9128
f 9131 9132 9133
f 9134 9135 9136
f 9137 9138 9139
f 9140 9141 9142
f 9143 9144 9145
f 9146 9147 9148
f 9149 9150 9151
f 9152 9153 9154
f 9155 9156 9157
f 9158 9159 9160
f 9161 9162 9163
f 9164 9165 9166
f 9167 9168 9169
f 9170 9171 9172
f 9173 9174 9175
f 9176 9177 9178
f 9179 9180 9181
f 9182 9183 9184
f 9185 9186 9187
f 9188 9189 9190
f 9191 9192 9193
f 9194 9195 9196
f 9197 9198 9199
f 9200 9201 9202
f 9203 9204 9205
f 9206 9207 9208
f 9207 9209 9208
f 9210 9211 9212
f 8787 9213 9214
f 9215 9216 9217
f 9218 9219 9220
f 9221 9222 9223
f 9224 9225 9226
f 9227 9228 9229
f 9230 9231 9232
f 9233 9234 9235
f 9236 9237 9238
f 9239 9240 9241
f 9242 9243 9244
f 9245 9246 9247
f 9248 9249 9250
f 9251 9252 9253
f 9254 9255 9256
f 9257 9258 9259
f 9260 9261 9262
f 9263 9264 9265
f 9266 9267 9268
f 9269 9270 9271
f 9272 9273 9274
f 9275 9276 9277
f 9278 9279 9280
f 9281 9282 9283
f 9284 9285 9286
f 9287 9288 9289
f 9290 9291 9292
f 9293 9294 9295
f 9296 9297 9298
f 9299 9300 9301
f 9302 9303 9304
f 9305 9306 9307
f 9308 9309 9310
f 9311 9312 9313
f 9314 9315 9316
f 9317 9318 9319
f 9320 9321 9322
f 9323 9324 9325
f 9326 9327 9328
f 9329 9330 9331
f 9332 9333 9334
f 9335 9336 9337
f 9338 9339 9340
f 9341 9342 9343
f 9344 9345 9346
f 9347 9348 9349
f 9350 9351 9352
f 9353 9354 9355
f 9356 9357 9358
f 9359 9360 9361
f 9362 9363 9364
f 9365 9366 9367
f 9368 9369 9370
f 9371 9372 9373
f 9374 9375 9376
f 9377 9378 9379
f 9380 9381 9382
f 9383 9384 9385
f 9386 9387 9388
f 9389 9390 9391
f 9392 9393 9394
f 9395 9396 9397
f 9398 9399 9400
f 9401 9402 9403
f 9404 9405 9406
f 9407 9408 9409
f 9410 9411 9412
f 9413 9414 9415
f 9416 9417 9418
f 9419 9420 9421
f 9422 9423 9424
f 9425 9426 9427
f 9428 9429 9430
f 9431 9432 9433
f 9434 9435 9436
f 9437 9438 9439
f 9440 9441 9442
f 9443 9444 9445
f 9446 9447 9448
f 9449 9450 9451
f 9452 9453 9454
f 9455 9456 9457
f 9458 9459 9460
f 9461 9462 9463
f 9464 9465 9466
f 9467 9468 9469
f 9470 9471 9472
f 9473 9474 9475
f 9476 9477 9478
f 9479 9480 9481
f 9482 9483 9484
f 9485 9486 9487
f 9488 9489 9490
f 9491 9492 9493
f 9494 9495 9496
f 9497 9498 9499
f 9500 9501 9502
f 9503 9504 9505
f 9506 9507 9508
f 9509 9510 9511
f 9512 9513 9514
f 9515 9516 9517
f 9518 9281 9283
f 9519 9520 9521
f 9522 9523 9524
f 9525 9526 9527
f 9528 9529 9530
f 9531 9532 9533
f 9534 9535 9536
f 9537 9538 9539
f 9540 9541 9542
f 9543 9544 9545
f 9546 9547 9548
f 9549 9550 9551
f 9552 9553 9554
f 9555 9556 9557
f 9558 9559 9560
f 9561 9562 9563
f 9564 9565 9566
f 9567 9568 9569
f 9570 9571 9572
f 9573 9574 9575
f 9576 9577 9578
f 9579 9580 9581
f 9582 9583 9584
f 9585 9586 9587
f 9588 9589 9590
f 9591 8759 9592
f 9593 9594 9595
f 9596 9597 9598
f 9599 9600 9601
f 9602 9603 9604
f 9605 9606 9607
f 9608 9609 9610
f 9611 9612 9613
f 9614 9615 9616
f 9617 9618 9619
f 9620 9621 9622
f 9623 9624 9625
f 9626 9627 9628
f 9629 9630 9631
f 9632 9633 9634
f 9635 9636 9637
f 9638 9639 9640
f 9641 9642 9643
f 9644 9645 9646
f 9647 9648 9649
f 9650 9651 9652
f 9653 9654 9655
f 9656 9657 9658
f 9659 9660 9661
f 9660 9662 9661
f 9663 9664 9665
f 9666 9667 9668
f 9669 9670 9671
f 9672 9673 9674
f 9675 9676 9677
f 9678 9679 9680
f 9681 9682 9683
f 9684 9685 9686
f 9687 9688 9689
f 9690 9691 9692
f 9693 9694 9695
f 9696 9697 9698
f 9699 9700 9701
f 9702 9703 9704
f 9705 9706 9707
f 9708 9709 9710
f 9711 9712 9713
f 9714 9715 9716
f 9717 9718 9719
f 9720 9721 9722
f 9723 9724 9725
f 9726 9727 9728
f 9729 9730 9731
f 9732 9733 9734
f 4314 4313 9735
f 9736 9737 9738
f 9739 9740 9741
f 9742 9743 9744
f 9745 9746 9747
f 9748 9749 9750
f 9751 9752 9753
f 9754 9755 9756
f 9757 9758 9759
f 9760 9761 9762
f 9763 9764 9765
f 9766 9767 9768
f 9769 9770 9771
f 9772 9773 9774
f 9775 9776 9777
f 9778 9779 9780
f 9781 9782 9783
f 9784 9785 9786
f 9787 9788 9789
f 9790 9791 9792
f 9793 9794 9795
f 9796 9797 9798
f 9799 9800 9801
f 9802 9803 9804
f 9805 9806 9807
f 9808 9809 9810
f 9128 9130 8658
f 9811 9812 9813
f 9814 9815 9816
f 9817 9818 9819
f 9820 9821 9822
f 9823 9824 9825
f 9826 9827 9828
f 9829 9830 9831
f 9832 9833 9834
f 9835 9836 9837
f 9838 9839 9840
f 9841 9842 9843
f 9844 9845 9846
f 9847 9848 9849
f 9850 9851 9852
f 9853 9854 9855
f 9856 9857 9858
f 9859 9860 9861
f 9862 9863 9864
f 9865 9866 9867
f 9868 9869 9870
f 9871 9872 9873
f 9874 9875 9876
f 9877 9878 9879
f 9880 9881 9882
f 9883 9884 9885
f 9886 9887 9888
f 9889 9890 9891
f 9892 9893 9894
f 9895 9896 9897
f 9898 9899 9900
f 9901 9902 9903
f 9904 9905 9906
f 9907 9908 9909
f 9910 9911 9912
f 9913 9914 9915
f 9916 9917 9918
f 9919 9920 9921
f 9922 9923 9924
f 9925 9926 9927
f 9928 9929 9930
f 9931 9932 9933
f 9934 9935 9936
f 9937 9938 9939
f 9940 9941 9942
f 9943 9944 9945
f 9946 9947 9948
f 9949 9950 9951
f 9952 9953 9954
f 9955 9956 9957
f 9958 9959 9960
f 9961 9962 9963
f 9964 9965 9966
f 8283 9967 8287
f 9968 9969 9970
f 9971 9972 9973
f 9974 9975 9976
f 9977 9978 9979
f 9980 9981 9982
f 9983 9984 9985
f 9986 9987 9988
f 9989 9990 9991
f 9992 9993 9994
f 9995 9996 9997
f 9998 9999 10000
f 10001 10002 10003
f 10004 10005 10006
f 10007 10008 10009
f 10010 9976 10011
f 10012 10013 10014
f 10015 10016 10016
f 10017 10018 10019
f 10020 10021 10022
f 10023 10024 10025
f 10026 10027 10028
f 10029 10030 10031
f 10032 10033 10034
f 10035 10036 10037
f 10038 10039 10040
f 10041 10042 10043
f 10044 10045 10046
f 10047 10048 10049
f 10050 10051 10052
f 10053 10054 10055
f 10056 10057 10058
f 10059 10060 10061
f 10062 10063 10064
f 10065 10066 10067
f 10068 10069 10070
f 10071 10072 10073
f 10074 10075 10076
f 10077 731 10078
f 10079 10080 10081
f 10082 10083 10084
f 10085 10086 10087
f 10088 10089 10090
f 10091 10092 10093
f 10094 10095 10096
f 10097 10098 10099
f 1178 10100 10101
f 10102 10103 10104
f 10105 10106 10107
f 10108 10109 10110
f 10111 10112 10113
f 10114 10115 10116
f 10117 10118 10119
f 10120 10121 10122
f 10123 10124 10125
f 10126 10127 10128
f 10129 10130 10131
f 10132 10133 10134
f 10135 717 10136
f 10137 10138 10139
f 10140 10141 10142
f 10143 10144 10145
f 10146 10147 10148
f 10149 10150 10151
f 10152 10153 10154
f 10155 10156 10157
f 10158 10159 10160
f 10161 10162 10163
f 10164 10165 10166
f 10167 10168 10169
f 10170 10171 10172
f 10173 10174 10175
f 10176 10177 10178
f 10179 10180 10181
f 10004 10182 10183
f 360 10184 358
f 10185 661 10186
f 10187 10188 10189
f 10190 10191 10192
f 10193 10194 10195
f 10196 10197 10198
f 10199 10200 10201
f 10202 10203 10204
f 10205 10206 10207
f 293 10208 294
f 10209 10210 10211
f 10212 10213 10214
f 10215 10216 10217
f 10218 10219 10220
f 10221 10222 10223
f 10224 10225 10226
f 10227 10228 10229
f 10230 10231 10232
f 10233 10234 10235
f 10236 10237 10238
f 10239 10240 10241
f 10242 10243 10244
f 10245 10246 10247
f 10248 10249 10250
f 10251 10252 10253
f 10254 10255 10256
f 10257 10258 10259
f 10260 10261 10262
f 10263 10264 10265
f 10266 10267 10268
f 10269 10270 10271
f 10272 661 658
f 10273 10274 10275
f 10276 10277 10278
f 10279 10280 10281
f 382 10282 383
f 385 10283 386
f 10284 10285 10286
f 10287 10288 10289
f 10290 10291 10292
f 10293 10294 10295
f 10296 10297 10298
f 10299 10300 10301
f 10302 10303 10304
f 10305 10306 10307
f 10308 10309 10310
f 10311 10312 10313
f 10314 10315 10316
f 10317 10318 10319
f 10320 10321 10322
f 10323 10324 10325
f 10326 10327 10328
f 10329 10330 10331
f 10332 10333 10334
f 10335 10336 10337
f 10338 10339 10340
f 10341 10342 10343
f 10344 10345 10346
f 10347 10348 10349
f 10350 10351 450
f 449 10352 10350
f 10353 10354 10355
f 10350 450 449
f 10356 10357 10358
f 450 10351 10359
f 10360 10361 10362
f 10363 10364 10365
f 10366 10367 10368
f 10369 10370 10371
f 10372 10373 10374
f 10375 10376 10377
f 457 10378 458
f 10379 10380 10381
f 10382 10383 10384
f 10385 10386 10387
f 10388 10389 10390
f 10391 10392 10393
f 10394 10395 10396
f 10397 10398 10399
f 10400 10401 10402
f 10403 10100 10404
f 10405 10406 10407
f 10408 10409 10410
f 10411 10412 10413
f 10414 10415 10416
f 10411 10413 10417
f 10418 10419 10420
f 10421 10422 10423
f 10424 10425 10426
f 10427 10428 10429
f 10430 10431 10432
f 10433 10434 10435
f 10436 10437 10438
f 10439 10440 10441
f 10442 10443 10444
f 10445 10446 10447
f 10448 533 535
f 10449 10450 10451
f 10452 10453 10454
f 10455 10456 10457
f 10458 10459 10460
f 10461 10462 10463
f 10464 10465 10466
f 10467 10468 10469
f 10470 10471 10472
f 10473 10474 10475
f 10474 10476 10475
f 1178 10477 10478
f 10479 10480 10481
f 10482 10483 10484
f 10485 10486 10487
f 10488 10489 10490
f 10491 10492 10493
f 10494 10495 10496
f 10497 10498 10499
f 10500 10501 10502
f 10503 10504 10505
f 10506 10507 10508
f 10509 10510 10511
f 10512 10513 10514
f 10515 10516 10517
f 10518 10519 10520
f 662 10521 663
f 10522 10523 10524
f 10525 10526 10527
f 10528 10529 10530
f 10531 10532 10533
f 10534 10535 10536
f 10537 10538 10539
f 10540 10541 10542
f 10543 10544 10545
f 10546 10547 10548
f 10549 10550 10551
f 10552 10553 10554
f 10555 10556 10557
f 10558 10559 10560
f 10561 10562 10563
f 10564 10565 10566
f 10567 10568 10569
f 10570 10571 10572
f 10573 10574 10575
f 10576 10577 10578
f 10579 10580 10581
f 10582 10583 10584
f 10585 10586 10587
f 10588 10589 10590
f 10591 10592 10593
f 10594 10595 10596
f 10597 10598 10599
f 10600 790 792
f 845 10601 846
f 10602 10603 10604
f 10605 10606 10607
f 10608 10609 10610
f 10611 10612 10613
f 10614 10615 10616
f 10617 10618 10619
f 10620 10621 10622
f 905 10623 906
f 908 10624 909
f 10625 10626 10627
f 10628 60 59
f 10629 10630 10631
f 10632 10633 10634
f 10635 10636 10637
f 10638 10639 10640
f 10641 10642 10643
f 10644 10645 10646
f 10647 10648 10649
f 10650 10651 10652
f 10653 10654 10655
f 10656 10657 10658
f 10659 10660 10661
f 10662 10663 10664
f 10665 10666 10667
f 10668 10669 10670
f 10671 10672 10673
f 10674 10675 10676
f 10677 10678 10679
f 10680 10681 10682
f 10683 10684 10685
f 10686 10687 10688
f 10689 10690 10691
f 10692 10693 10694
f 10694 10695 10696
f 10696 10697 10698
f 10698 10699 10700
f 10701 10702 10703
f 10698 10700 10704
f 10700 10701 10705
f 10706 10694 10696
f 10707 10696 10698
f 10708 10709 10710
f 10711 10712 10713
f 10713 10714 10715
f 10701 10703 10716
f 10703 10717 10718
f 10717 10719 8157
f 10720 10721 10711
f 10717 8157 10722
f 10720 10711 10723
f 10711 10713 10724
f 10725 8157 10720
f 10726 10727 10728
f 10729 10730 10731
f 10732 10733 10734
f 10735 10736 10737
f 10738 10739 10740
f 10737 10736 10741
f 10742 10743 10744
f 10745 10746 10747
f 10748 10749 10750
f 10751 10745 10747
f 10752 10753 10754
f 10755 10756 10757
f 1176 1175 10758
f 10759 10760 10761
f 10762 10763 10764
f 451 10765 10766
f 10767 10768 10769
f 10770 10771 10772
f 10773 10774 10775
f 10776 10777 10778
f 10779 10780 10781
f 10782 10783 10784
f 10785 10786 10787
f 10788 10789 10790
f 10791 10792 10793
f 10794 10795 10796
f 10797 10798 10799
f 10800 10801 10802
f 10803 10804 10805
f 10806 10807 10808
f 10809 10810 10811
f 10812 10813 10814
f 10815 10816 10817
f 10818 10819 10820
f 10821 10822 10823
f 10824 10825 10826
f 10827 10828 10829
f 10830 10831 10832
f 10833 10834 10835
f 10836 10837 10838
f 10839 10840 10841
f 10842 10843 10844
f 10845 10846 10847
f 10848 10849 10850
f 10851 10852 10853
f 10854 10855 10856
f 10857 10858 10859
f 1249 8189 1250
f 10860 10861 10862
f 10863 10864 10865
f 1272 10866 10867
f 10866 10868 10869
f 10870 10871 10869
f 10869 10872 10867
f 10872 10873 10867
f 10867 8106 8105
f 10866 10869 10867
f 10874 10875 10876
f 10876 10877 10878
f 1272 10867 8105
f 10879 10874 10876
f 10878 10879 10876
f 1272 8105 10880
f 1270 1272 10880
f 10881 10882 10883
f 10884 10885 10886
f 10887 10888 10889
f 10890 8327 10891
f 8327 8329 10891
f 10892 10893 10894
f 10895 10896 10897
f 10898 10899 10900
f 10901 10902 10903
f 10904 10905 10906
f 10907 10908 10909
f 10910 10911 10912
f 10913 10914 10915
f 10915 10916 10913
f 10917 10918 10919
f 10920 10921 10922
f 10923 10924 10925
f 10926 10927 10928
f 10929 10930 10931
f 8566 1383 10932
f 10933 10934 10935
f 10936 10937 10938
f 10939 10940 10941
f 10942 10943 10944
f 10945 10946 10947
f 10948 10949 10950
f 10950 10951 10948
f 10952 10953 10954
f 10955 10956 10957
f 10958 10959 10960
f 10961 10962 10963
f 10964 10965 10966
f 10967 10968 10969
f 10970 10971 10972
f 10973 10974 10975
f 10976 10977 10978
f 10979 10980 10981
f 10982 10983 10984
f 10985 10986 10987
f 10988 10989 10990
f 10991 10992 10993
f 10994 10995 10996
f 10997 10998 10999
f 11000 11001 11002
f 11003 11004 11005
f 1383 8566 1384
f 11006 11007 11008
f 11009 11010 11011
f 1496 1495 11012
f 11013 11014 11015
f 11016 11017 11018
f 11019 11020 11021
f 11022 11023 11024
f 11025 11026 11010
f 11027 11028 11029
f 11030 11031 11032
f 11033 11034 11035
f 11036 11037 11038
f 1398 1406 1399
f 1406 1398 1404
f 11039 11040 11041
f 11042 11043 11044
f 11045 11046 11047
f 11048 11049 11050
f 11051 11052 1412
f 11052 1410 1412
f 1412 11053 11051
f 1410 11054 1411
f 11055 11056 11057
f 11058 11059 11060
f 1420 11061 1421
f 11062 11063 11064
f 11065 11066 11067
f 11068 11069 11070
f 11071 11072 11073
f 11074 11075 11076
f 11077 11078 11079
f 11080 11081 11082
f 1434 11083 11080
f 1433 11084 1434
f 11085 11086 1433
f 1432 11075 11085
f 11080 11082 1432
f 1434 11080 1432
f 1432 11085 1433
f 11087 11088 11089
f 11090 11091 11092
f 11093 11094 11095
f 11096 11097 11098
f 11099 11100 11101
f 11102 11103 11104
f 1439 11105 1440
f 11106 11107 11108
f 11109 11110 11111
f 11112 11113 11114
f 11115 11116 11117
f 1444 8174 1445
f 11118 1444 11119
f 11120 11121 11122
f 11123 11124 11125
f 11122 11126 11120
f 1446 8176 1444
f 8176 11119 1444
f 11127 11128 11129
f 11130 11131 11132
f 11133 11134 11135
f 11136 11137 11138
f 11139 11140 11141
f 11142 11143 11144
f 11145 11146 11147
f 11148 11149 11150
f 11151 11152 11153
f 11154 11155 11156
f 11157 11158 11159
f 11160 11161 11162
f 11163 11164 11165
f 11166 11167 11168
f 11169 11170 11171
f 11172 11173 11174
f 11175 11176 11177
f 11178 11179 11180
f 11181 11182 11183
f 1489 11184 11185
f 11186 11187 11188
f 11185 11189 1490
f 11190 11191 11192
f 1491 11193 11194
f 1489 11185 1490
f 11195 11196 11197
f 11198 11199 11200
f 1497 1496 11201
f 11202 11203 11204
f 11205 11206 11207
f 11208 11209 11210
f 11211 11212 11213
f 11214 11215 11216
f 11217 11218 11219
f 11220 11221 11222
f 11223 11224 11225
f 11226 11227 11228
f 11229 11230 11231
f 11232 11233 11234
f 11235 11236 11237
f 11238 11239 11240
f 11241 11242 11243
f 11244 11245 11246
f 11247 11248 11249
f 11250 11251 11252
f 1565 11253 1566
f 11254 11255 11256
f 11257 11258 11259
f 11260 11261 11262
f 11263 11264 11265
f 1894 11266 1895
f 11267 11268 11269
f 1903 11270 1904
f 11271 11272 11273
f 1915 11274 1916
f 11275 11276 11277
f 11278 11279 11280
f 11281 11282 11283
f 11284 11285 11286
f 1939 11287 1940
f 11288 11289 11290
f 11291 11292 11293
f 11294 11295 11296
f 11297 11298 11299
f 11300 11301 11302
f 1960 11303 1961
f 11304 11305 11306
f 11307 11308 11309
f 11310 11311 11312
f 11313 11314 11315
f 11316 11317 11318
f 11319 11320 11321
f 11322 11323 11324
f 11325 11326 11327
f 2019 11328 2020
f 11329 11330 11331
f 11332 11333 11334
f 11335 11336 11337
f 2031 11338 2032
f 2034 11339 2035
f 11340 11341 11342
f 11343 11344 11345
f 11346 11347 11348
f 11349 11350 11351
f 11352 11353 11354
f 2049 11355 2049
f 11356 11357 11358
f 11359 11360 11361
f 11362 11363 11364
f 11365 11366 11367
f 1989 1988 11368
f 11369 11370 11371
f 11372 11373 11374
f 11375 11376 11377
f 11378 11379 11380
f 11380 11381 11378
f 11382 11383 11384
f 11385 11384 11384
f 11386 11387 11388
f 11389 11390 11391
f 11392 11393 11394
f 11395 11396 11397
f 11398 11399 11400
f 11401 11402 11403
f 11404 11405 11406
f 11407 11408 11409
f 11410 11411 11412
f 11413 11414 11415
f 11416 11417 11418
f 11419 11420 11421
f 11422 11423 11424
f 11425 11426 11427
f 11428 11429 11430
f 11431 11432 11433
f 11434 11435 11436
f 11437 11438 11439
f 11440 11441 11442
f 11443 11444 11445
f 11446 11447 11448
f 11449 3384 11450
f 11451 11452 11453
f 11454 11455 11456
f 11457 11458 11459
f 11460 11461 11462
f 11463 11464 11465
f 11466 11467 11468
f 11469 11470 11471
f 11472 11473 11474
f 11475 11476 11477
f 11478 11479 11480
f 11481 11482 11483
f 11484 11485 11486
f 11487 11488 11489
f 11490 11491 11492
f 11493 11494 11495
f 11496 11497 11498
f 11499 11500 11501
f 11502 11503 11504
f 11505 11506 11507
f 11508 11509 11510
f 11511 11512 11513
f 11514 11515 11516
f 11517 11518 11519
f 11520 11521 11522
f 11523 11524 11525
f 11526 11527 11528
f 11529 11530 10209
f 4533 11531 4534
f 11532 11533 11534
f 11535 10209 10209
f 11536 11537 11538
f 11539 11540 11541
f 11542 11543 11544
f 11545 11546 11547
f 11548 11549 11550
f 11551 11552 11553
f 11554 11555 11556
f 11557 11558 11559
f 11560 11561 11562
f 11563 11564 11565
f 11566 11567 11568
f 11569 11570 11571
f 11572 11573 11574
f 11575 11576 11577
f 11578 11579 11580
f 11581 11582 11583
f 11584 11585 11586
f 11587 11588 11589
f 11590 11591 11592
f 11593 11594 11595
f 11596 11597 11598
f 11599 11600 11601
f 11602 11603 11604
f 11605 11606 11607
f 11608 11609 11610
f 5211 11611 5212
f 11612 5483 5482
f 11613 11614 11615
f 11616 11617 11618
f 11619 11620 11621
f 5252 11622 5253
f 11623 11624 11625
f 11626 11627 11628
f 11629 11630 11631
f 5326 11632 5327
f 11633 11634 11635
f 11636 11637 11638
f 11639 11640 11641
f 11642 11643 11644
f 11645 11646 11647
f 5384 11648 5385
f 11649 11650 11651
f 11652 11653 11654
f 5399 11655 5400
f 11656 11657 11658
f 11659 11660 11661
f 11662 11663 11664
f 11665 11666 11667
f 11668 11669 11670
f 11671 11672 11673
f 11674 11675 11676
f 11677 11678 11679
f 11680 11681 11682
f 11683 11684 11685
f 11686 11687 11688
f 5490 11689 5491
f 11690 11691 11692
f 11693 11694 11695
f 11696 11697 11698
f 11699 11700 11701
f 11702 11703 11704
f 11705 11706 11707
f 11708 11709 11710
f 11711 11712 11713
f 11714 11715 11716
f 11717 11718 11719
f 11720 11721 11722
f 11723 11724 11725
f 11726 11727 11728
f 5501 11729 5723
f 6695 6697 11730
f 11731 11732 11733
f 11734 11735 11736
f 5768 11737 5769
f 5771 11738 5479
f 11739 11740 11741
f 6153 6155 11742
f 11743 11744 11745
f 11746 6413 6415
f 11747 11748 11749
f 11750 11751 11752
f 11753 11754 11755
f 11756 11757 11758
f 11759 11760 11761
f 11762 11763 11764
f 11765 11766 11767
f 11768 11769 11770
f 11771 11772 11773
f 11774 11775 11776
f 11777 11778 11779
f 6062 11780 4797
f 11781 11782 11783
f 11784 11785 11786
f 11787 11788 11789
f 6376 6378 11790
f 11791 11792 11793
f 11794 11795 11796
f 11797 11798 11799
f 11800 11801 11802
f 11803 11804 11805
f 11806 11807 11808
f 6139 6053 6055
f 11809 11810 11811
f 11812 11813 11814
f 11815 11816 11817
f 11818 11819 11820
f 11821 11822 11823
f 6183 11824 6184
f 11825 11826 11827
f 11828 11829 11830
f 11831 11832 11833
f 11834 11835 11836
f 11837 11838 11839
f 11840 11841 11842
f 6464 6463 11843
f 11844 11845 11846
f 11847 11848 11849
f 11850 11851 11852
f 11853 11854 11855
f 11856 11857 11858
f 11859 11860 11861
f 11862 11863 11864
f 6325 11865 6326
f 11866 11867 11868
f 11869 11870 11871
f 11872 11873 11874
f 11875 11876 11877
f 11878 11879 11880
f 11881 11882 11883
f 11884 11885 11886
f 11887 11888 11889
f 11890 11891 11892
f 6432 11893 6433
f 11894 11895 11896
f 11897 11898 11899
f 11900 11901 11902
f 11903 11904 11905
f 11906 11907 11908
f 11909 11910 11911
f 11912 11913 11914
f 11915 11916 11917
f 11918 11919 11920
f 11921 6429 6431
f 11922 11923 11924
f 11925 11926 11927
f 11928 11929 11930
f 11931 11932 11933
f 11934 11935 11936
f 11937 11938 11939
f 11940 11941 11942
f 11943 11944 11945
f 11946 11947 11948
f 11949 11950 11951
f 11952 11953 11954
f 11955 11956 11957
f 11958 11959 11960
f 6659 11961 6660
f 11962 11963 11964
f 11965 11966 11967
f 11968 11969 11970
f 11971 11972 11973
f 11974 11975 11976
f 11977 11978 11979
f 11980 11981 11982
f 6704 11983 6705
f 6710 11984 6711
f 11985 11986 11987
f 11988 11989 11990
f 11991 11992 11993
f 11994 11995 11996
f 11997 11998 11999
f 12000 12001 12002
f 12003 12004 12005
f 12006 12007 12008
f 12009 12010 12011
f 12012 12013 12014
f 12015 12016 12017
f 12018 12019 12020
f 12021 12022 12023
f 12024 12025 12026
f 12027 12028 12029
f 12030 12031 12032
f 12033 12034 12035
f 12036 12037 12038
f 12039 12040 12041
f 12042 12043 12044
f 6981 12045 6982
f 12046 12047 12048
f 12049 12050 12051
f 7047 12052 7048
f 12053 12054 12055
f 5295 12056 7065
f 12057 12058 12059
f 12060 12061 12062
f 12063 12064 12065
f 12066 12067 12068
f 7106 12069 7107
f 12070 12071 12072
f 12073 12074 12075
f 7140 12076 7141
f 12077 12078 12079
f 12080 12081 12082
f 12083 12084 12085
f 7215 12086 7216
f 12087 12088 12089
f 12090 12091 12092
f 12093 12094 12095
f 12096 12097 12098
f 12099 12100 12101
f 12102 12103 12104
f 7306 12105 7307
f 12106 12107 12108
f 12109 12110 12111
f 12112 12113 12114
f 12115 12116 12117
f 12118 12119 12120
f 12121 12122 12123
f 12124 12125 12126
f 12127 12128 12129
f 12130 12131 12132
f 12133 12134 12135
f 12136 12137 12138
f 12139 12140 12141
f 7442 12142 7443
f 12143 12144 12145
f 12146 12147 12148
f 12149 12150 12151
f 12152 5662 5664
f 7538 12153 7539
f 12154 12155 12156
f 12157 12158 12159
f 12160 12161 12162
f 12163 12164 12165
f 12166 12167 12168
f 12169 12170 12171
f 12172 12173 12174
f 12175 12176 12177
f 12178 12179 12180
f 12181 12182 12183
f 12184 12185 12186
f 12187 12188 12189
f 12190 12191 12192
f 7877 12193 7878
f 12194 12195 12196
f 12197 12198 12199
f 12200 12201 12202
f 12203 12204 12205
f 12206 12207 12208
f 12209 12210 12211
f 12212 12213 12214
f 12215 12216 12217
f 12218 12219 12220
f 12221 12222 12223
f 12224 12225 12226
f 12227 12228 12229
f 12230 12231 12232
f 12233 12234 12235
f 12236 12237 12238
f 12239 12240 12241
f 12242 12243 12244
f 11081 11080 12245
f 11080 11083 12246
f 12247 1434 12248
f 12249 11082 11081
f 12247 12250 11083
f 12251 12252 12253
f 12254 12255 12248
f 12254 12248 1434
f 11083 1434 12247
f 1434 11084 12256
f 12257 1434 12256
f 12258 12256 11084
f 12257 12254 1434
f 11084 1433 12259
f 1433 11086 8055
f 12259 1433 8057
f 11086 11085 12260
f 11085 11075 12260
f 11075 11074 12260
f 11072 11071 12261
f 12262 12263 12264
f 12265 12260 11074
f 8056 12258 11084
f 12259 8056 11084
f 12260 8055 11086
f 8057 1433 8054
f 12266 12267 12268
f 12247 12248 12255
f 12255 12254 12256
f 12254 12257 12256
f 12256 12258 12269
f 12258 8056 12270
f 12271 12247 12255
f 8055 12260 12272
f 8057 8054 12273
f 8054 8055 12274
f 8056 12259 8057
f 12255 12256 12271
f 12275 12276 12277
f 12278 12279 12280
f 12281 12282 12283
f 12284 12285 12286
f 12287 8069 12288
f 12288 8068 12289
f 12289 12290 12291
f 12292 12293 12294
f 12295 12296 12297
f 12287 12288 12298
f 12288 12289 12299
f 12300 12301 12302
f 12303 8059 8061
f 12304 12305 12306
f 12307 12308 12309
f 12310 12311 12312
f 12313 12314 12315
f 12316 12317 12318
f 12319 12320 12321
f 12322 12289 12291
f 12323 12324 12325
f 8070 12326 8061
f 8059 12327 12297
f 8059 12297 8060
f 12328 12329 12330
f 12331 12332 12333
f 12334 12335 8069
f 12335 12336 8070
f 8070 8061 12296
f 8061 8060 12296
f 8060 12297 12296
f 12337 12338 12339
f 12296 12295 12290
f 12290 12289 8068
f 8068 12288 8069
f 8069 12287 12340
f 12335 8070 8069
f 8070 12296 12290
f 12290 8068 8070
f 12341 12342 12343
f 12344 12345 12346
f 12347 12348 12349
f 12350 11193 11189
f 11193 1491 1490
f 11189 11193 1490
f 11189 11185 12351
f 12352 12353 12354
f 12355 12356 12357
f 12358 12359 12360
f 12361 12362 12363
f 12364 12365 12366
f 12367 12368 12369
f 8098 12370 8099
f 12371 12372 8102
f 12372 8103 8102
f 8103 12373 8101
f 12374 12375 12376
f 12377 12378 12379
f 12380 12381 12382
f 12383 12384 12385
f 12386 12387 12388
f 12389 10876 12390
f 10876 10875 12391
f 8110 12390 12391
f 12391 12390 10876
f 12392 12393 12394
f 12395 12391 10875
f 12396 12397 10875
f 10875 10874 12396
f 10879 10878 12396
f 1271 1270 8107
f 12396 10878 12398
f 1270 10880 8107
f 10874 10879 12396
f 12399 8107 10871
f 10871 8107 10872
f 12400 12401 12402
f 10872 10869 10871
f 8106 10867 8107
f 10867 10873 8107
f 10873 10872 8107
f 10880 8105 8107
f 12403 12404 12405
f 8110 12391 12406
f 12407 12408 12409
f 12410 12390 8109
f 12390 8110 8109
f 12411 12412 12413
f 12414 12415 12416
f 12417 12418 12419
f 12420 12421 12422
f 12423 12424 12425
f 12426 12427 12428
f 12429 12430 12431
f 12432 12433 12434
f 12435 12436 12437
f 12438 12439 12440
f 12441 12442 12443
f 12444 12445 12446
f 12447 12448 12449
f 12450 12451 12452
f 10714 10713 12453
f 10713 10712 12453
f 10714 12453 12454
f 10712 10711 10721
f 10721 10720 12455
f 10720 8157 8159
f 12455 10720 8159
f 10719 10717 12456
f 10717 10703 12457
f 10719 12456 12458
f 10712 10721 12453
f 10702 10701 10700
f 10699 10698 10697
f 10702 10700 10699
f 10702 10699 10697
f 10697 10696 10695
f 10695 10694 10697
f 10694 10693 10697
f 12459 12460 12461
f 12462 12463 10697
f 12464 12465 10702
f 12465 12457 10703
f 12463 10702 10697
f 12457 12466 10717
f 12466 12456 10717
f 10702 12465 10703
f 12458 8158 10719
f 12455 12453 10721
f 8157 10719 8158
f 12467 12468 12469
f 12470 12471 12472
f 12473 12474 12475
f 12476 12477 8172
f 12478 12479 12480
f 12481 12482 12483
f 8175 12484 12485
f 12486 12487 12488
f 12489 11119 8176
f 12485 11125 11124
f 12490 12491 12492
f 8175 12485 11124
f 12493 12494 12493
f 1446 1445 8174
f 8176 1446 8174
f 12493 12493 12495
f 12496 12497 12498
f 8175 11124 8176
f 12499 12500 12501
f 12502 12503 12504
f 12505 12506 12507
f 12508 12509 12510
f 12511 12512 12513
f 12514 12515 8172
f 12516 12517 12518
f 12519 12520 12521
f 12522 8172 12523
f 10825 10824 12524
f 12525 12526 12527
f 12528 12529 12530
f 12531 12532 12533
f 12534 12535 12536
f 12537 12538 12539
f 12540 12541 12542
f 12540 12543 12544
f 12545 12546 12547
f 12548 12549 12550
f 12551 12552 12553
f 12554 12555 12556
f 12557 12558 12559
f 12560 12561 12562
f 12563 12564 12565
f 12566 12567 12568
f 12569 12570 12571
f 12572 12573 12574
f 12575 12576 12577
f 12578 12579 12580
f 12581 12582 12583
f 12584 12585 12586
f 12587 12588 12589
f 12590 12591 12592
f 12593 12594 12595
f 12596 12597 12598
f 12599 12600 12601
f 12602 12603 12604
f 12605 12606 12607
f 12608 12609 12610
f 12611 12612 12613
f 12614 12615 12616
f 8629 8628 12617
f 12618 12619 12620
f 12621 12622 12623
f 12624 12625 12626
f 12627 12628 12623
f 12629 12630 12631
f 12632 12633 12634
f 12635 12636 8278
f 8273 12637 8274
f 12637 12638 8274
f 12639 12640 12641
f 12642 12643 12644
f 8276 12635 8275
f 12645 12639 12646
f 12635 8276 12647
f 12635 8273 8275
f 12645 12646 8277
f 8277 8274 12645
f 12641 12648 12639
f 12649 8276 8277
f 12639 12648 12646
f 8276 8275 8274
f 8277 12646 12648
f 12650 12638 12637
f 12637 8273 12651
f 8273 12635 8278
f 12652 12653 12654
f 8141 8140 12655
f 12656 12657 12658
f 12659 12660 12661
f 12662 12663 12658
f 8292 8143 12664
f 12665 12666 12667
f 12668 12669 12670
f 12671 12672 12673
f 12674 12675 12676
f 12677 12678 12679
f 12680 12681 12682
f 12683 12684 12685
f 12686 12687 12688
f 12689 12690 8320
f 12691 12692 12693
f 12694 12695 12696
f 12697 12698 12699
f 8320 12700 8319
f 8319 12700 12701
f 12702 12703 12704
f 12689 8320 8318
f 8327 10890 12705
f 12706 12707 12708
f 12709 12710 12711
f 12712 12713 12714
f 12715 12716 12717
f 12718 12719 12720
f 12721 12722 12723
f 12724 12725 12726
f 12727 12728 12729
f 12730 12731 12732
f 12733 12734 12735
f 12736 12737 12738
f 12739 12740 12741
f 12742 12743 12744
f 12745 12746 12747
f 1277 1276 12748
f 12749 12750 12751
f 10916 10915 12752
f 12753 12754 12755
f 10918 10917 12756
f 12757 12758 12759
f 12760 12761 12762
f 3929 3931 12763
f 12764 12765 12766
f 12767 12768 12769
f 12770 12771 12772
f 12773 12774 12775
f 12776 12777 12778
f 12779 12780 12781
f 12782 12783 12784
f 12785 12786 12787
f 12788 12789 12790
f 12791 12792 12793
f 12794 12795 12796
f 12797 12798 12799
f 12800 12801 12802
f 12803 12804 12805
f 12806 12807 12808
f 12809 12810 12811
f 12812 12813 12814
f 12815 12816 12817
f 12818 12819 12820
f 12821 12822 12823
f 12824 12825 12826
f 8384 12827 8385
f 12828 12829 12830
f 12831 12832 12833
f 8134 8133 11051
f 11053 1412 12834
f 1412 1411 12835
f 8134 11051 11053
f 11054 12835 1411
f 12836 12837 12838
f 12839 12840 12841
f 12842 12843 12844
f 12845 12846 12847
f 12848 12849 12850
f 12851 12852 12853
f 12854 12855 12856
f 12857 12858 12859
f 12860 12861 12862
f 12863 12864 12865
f 12866 12867 12868
f 12869 12870 12871
f 12872 12873 12874
f 12875 12876 12877
f 12878 12879 12880
f 12881 12882 12881
f 12881 12883 12884
f 12885 12886 12887
f 8286 8288 12888
f 12889 12890 12891
f 12892 12893 12894
f 12895 12896 12897
f 12898 12899 12900
f 12901 12902 12903
f 12904 12905 12906
f 12907 12908 12909
f 12910 12911 12912
f 12913 12914 12915
f 12916 12917 12918
f 12919 12920 12921
f 12922 12923 12924
f 12925 12926 12927
f 12928 12929 12930
f 12931 12932 12933
f 12934 12935 12936
f 12937 12938 12939
f 12940 12941 12942
f 12943 12944 12945
f 12946 12947 12948
f 12949 12950 12951
f 12952 12953 12954
f 12955 12956 12957
f 12958 12959 12960
f 12961 12962 12963
f 12964 12965 12966
f 12967 12968 12969
f 12970 12971 12972
f 12973 12974 12975
f 12976 12977 12978
f 12979 12980 12981
f 12982 12983 12984
f 12985 12986 12987
f 12988 12989 12990
f 12991 12992 12993
f 12994 12995 12996
f 12997 12998 12999
f 13000 13001 13002
f 13003 13004 13005
f 13006 13007 13008
f 13009 13010 13011
f 13012 13013 13014
f 13015 13016 13017
f 13018 13019 13020
f 13021 13022 13023
f 13024 13025 13026
f 13027 13028 13029
f 13030 13031 13032
f 13033 13034 13035
f 13036 13037 13038
f 13039 13040 13041
f 13042 13043 13044
f 13045 13046 13047
f 13048 13049 13050
f 13051 13052 8514
f 13052 8512 8514
f 13053 13054 13055
f 13053 13055 13056
f 13057 13056 8513
f 13058 13059 13060
f 8514 8513 13055
f 8513 13056 13055
f 13055 13061 8514
f 8519 13062 8520
f 13063 13064 13065
f 13066 8566 10932
f 13067 13068 13069
f 13070 13071 13072
f 13073 1440 11105
f 11105 1439 13074
f 11108 11107 13075
f 13076 13077 13078
f 13079 13080 13081
f 13082 13083 13084
f 13085 13086 13087
f 13088 13089 13090
f 13091 8551 8550
f 8551 13092 8549
f 13093 13094 13095
f 13096 8550 13097
f 8549 13092 13098
f 8550 8549 13097
f 8553 8556 8554
f 13099 13100 13101
f 13102 13103 13104
f 8555 8554 8556
f 13105 13106 13107
f 13108 13109 13110
f 13111 13112 13113
f 13114 13115 13116
f 13117 13118 13119
f 8573 13120 13121
f 13122 13123 13124
f 8574 13125 8575
f 13121 13126 8573
f 13126 13127 8573
f 13127 13128 8573
f 13128 8571 8573
f 13129 13130 13131
f 13132 13133 13134
f 13135 8571 13128
f 13136 13137 13138
f 13139 13140 13141
f 13126 13121 13142
f 13143 13144 13145
f 13146 13147 13148
f 13149 13150 13151
f 13152 13153 13154
f 13155 13156 13157
f 13158 13159 13160
f 13161 13162 13163
f 8604 13164 13165
f 8604 13165 8605
f 13166 13167 13161
f 13163 13168 13161
f 13168 13169 13161
f 13169 13166 13161
f 13170 13171 13172
f 13173 13174 13175
f 13174 13176 13175
f 13177 13172 13172
f 13178 13179 13180
f 13181 13182 13183
f 13184 13185 13186
f 13187 13188 13189
f 12610 12609 13190
f 13191 13192 13193
f 12613 12612 13194
f 12612 13195 13194
f 12615 12614 13196
f 13196 13197 12615
f 13198 13199 13200
f 13201 13202 13203
f 13204 13205 13206
f 13207 13208 13209
f 13210 13211 13212
f 9128 8660 9129
f 13213 13214 13215
f 13216 13217 13218
f 13219 13220 13221
f 13222 13223 13224
f 13225 13226 13227
f 9152 13228 9153
f 9155 13229 9156
f 9158 13230 9159
f 13231 13232 13233
f 9164 13234 9165
f 13235 13236 13237
f 13238 13239 13240
f 13241 13242 13243
f 9173 13244 9174
f 13245 13246 13247
f 13248 13249 13250
f 13251 13252 13253
f 9197 13254 9198
f 13255 13256 13257
f 9203 13258 9204
f 8787 8786 9213
f 13259 13260 13261
f 13262 13263 13264
f 13265 13266 13267
f 9275 13268 9276
f 13269 13270 13271
f 13272 13273 13274
f 13275 13276 13277
f 13278 13279 13280
f 9299 13281 9300
f 13282 13283 13284
f 13285 13286 13287
f 13288 13289 13290
f 13291 13292 13293
f 13294 13295 13296
f 13297 13298 13299
f 13300 13301 13302
f 13303 13304 13305
f 13306 13307 13308
f 13309 13310 13311
f 13312 13313 13314
f 13315 13316 13317
f 9353 13318 9354
f 13319 13320 13321
f 13322 13323 13324
f 13325 13326 13327
f 13328 13329 13330
f 13331 13332 13333
f 13334 13335 13336
f 13337 13338 13339
f 13340 13341 13342
f 9452 13343 9453
f 13344 13345 13346
f 9458 13347 9459
f 13348 13349 13350
f 13351 13352 13353
f 13354 13355 13356
f 13357 13358 13359
f 13360 13361 13362
f 13363 13364 13365
f 13366 13367 13368
f 13369 13370 13371
f 13372 13373 13374
f 9512 13375 9513
f 13376 13377 13378
f 13379 13380 13381
f 13382 13383 13384
f 13385 13386 13387
f 13388 13389 13390
f 13391 13392 13393
f 13394 13393 13395
f 13396 13397 13398
f 13399 13400 13401
f 13402 13403 13404
f 13405 13406 13407
f 13408 13409 13410
f 13411 13412 13413
f 13414 13415 13416
f 13417 13418 13419
f 13420 13421 13422
f 13423 13424 13425
f 13426 13427 13428
f 13429 13430 13431
f 13432 13433 13434
f 13435 13436 13437
f 13438 13439 13440
f 13441 13442 13443
f 13444 13445 13446
f 13447 13448 13449
f 13450 13451 13452
f 9663 13453 9664
f 13454 13455 13456
f 13457 13458 13459
f 13460 13461 13462
f 9675 13463 9676
f 13464 13409 13408
f 13465 13466 13467
f 13468 13469 13470
f 13471 13472 13473
f 13474 13475 13476
f 13477 13478 13479
f 13480 13481 13482
f 13483 13484 13485
f 13486 13487 13488
f 13489 13490 13491
f 13492 13493 13494
f 13495 13496 13497
f 13498 13499 13500
f 13501 13502 13503
f 13504 13505 13506
f 13507 13508 13509
f 13510 13511 13512
f 13513 13514 13515
f 13516 13517 13518
f 13519 13520 13521
f 13522 13523 13524
f 13525 13526 13527
f 13528 13529 13530
f 13531 13532 13533
f 13534 13535 13536
f 13537 13538 13539
f 13540 13541 13542
f 13543 13544 13545
f 13546 13547 13548
f 13549 13550 13551
f 10100 13552 13553
f 13554 13555 13556
f 13557 13558 13559
f 13560 13561 13562
f 13563 13564 13565
f 13566 13567 13568
f 13569 13570 13571
f 13572 13573 13574
f 13575 13576 13577
f 13578 13579 13580
f 13581 13582 13583
f 13584 13585 13586
f 13587 13588 13589
f 13590 13591 13592
f 13593 13594 13595
f 13596 13597 13598
f 13599 13600 13601
f 13602 13603 13604
f 13605 13606 13607
f 13608 13609 13610
f 13611 13612 13613
f 13614 13615 13616
f 13617 13618 13619
f 13620 13621 731
f 13622 731 731
f 13623 13624 13625
f 13626 13627 13628
f 13629 13630 13631
f 13632 13633 13634
f 13635 13636 13637
f 13638 13639 13640
f 13641 13642 13643
f 13644 13645 13646
f 13647 13648 13649
f 13650 13651 13652
f 13653 13654 13655
f 13656 13657 13658
f 13659 13660 13661
f 13662 13663 13664
f 13665 13666 13667
f 13668 13669 13670
f 13671 13672 13673
f 13674 13675 13676
f 13677 13678 13679
f 13680 13681 13682
f 13683 13684 13685
f 13686 13687 13688
f 13689 13690 13691
f 9907 13692 9908
f 13693 13694 13695
f 13696 13697 13698
f 13699 13700 13701
f 13702 13703 13704
f 13705 13706 13707
f 13708 13709 13710
f 13711 13712 13713
f 13714 13715 13716
f 13717 13718 13719
f 13720 13721 13722
f 13723 13724 13725
f 13726 13727 13728
f 13729 13730 13731
f 13732 13733 8081
f 13734 13735 13736
f 13737 13738 13739
f 13740 13741 13742
f 13743 13744 13745
f 13746 13747 13748
f 13749 13750 13751
f 13752 13753 13754
f 13755 13756 13757
f 13758 13759 13760
f 13761 13757 13757
f 13762 13763 13764
f 13765 13766 13767
f 13768 13769 13770
f 13771 13772 13773
f 13774 13775 13776
f 13777 8288 8287
f 8287 8286 8283
f 8286 8284 8283
f 13778 13779 13780
f 13781 13782 13783
f 13784 13785 13786
f 13786 13787 13788
f 13789 13790 13791
f 13792 13793 13794
f 13795 13796 13797
f 13798 13799 13800
f 13801 13802 13803
f 13803 13804 13805
f 13806 13807 13808
f 13809 13810 13811
f 10537 13812 13813
f 13814 13815 13816
f 13817 13818 13819
f 13820 13821 10016
f 13613 13612 13822
f 13823 13824 13825
f 13826 13827 13828
f 13829 13830 13831
f 13832 13833 13834
f 13835 13836 13837
f 13838 13839 13840
f 13841 13842 13843
f 13844 13845 13846
f 13847 13848 13849
f 13850 13851 13852
f 13853 13854 13855
f 13856 13857 13858
f 13859 13860 13861
f 13862 13863 13864
f 13865 13866 13867
f 13868 13869 13870
f 13782 13781 13871
f 13872 13873 13874
f 13875 13876 13877
f 13878 13879 13880
f 13881 13882 13883
f 13884 13885 13886
f 10100 10100 10100
f 13887 13888 13889
f 10100 10100 13890
f 13891 13892 13893
f 13894 13895 13896
f 13897 13898 13899
f 13900 13901 13902
f 13903 13904 13905
f 13906 13907 13908
f 13909 13910 13911
f 13912 10055 13913
f 13914 13915 13916
f 13917 13918 13919
f 13920 13921 13922
f 13923 13924 13925
f 13926 13927 13928
f 13929 13930 13931
f 13932 13933 13934
f 13935 13936 13937
f 13938 13939 13940
f 13941 13942 13943
f 13944 13945 13946
f 13947 13948 13949
f 13950 13951 13952
f 13953 13954 13955
f 13956 13957 13958
f 13959 13960 13961
f 1178 10100 10100
f 13962 13963 13964
f 13965 13966 13967
f 13968 13969 13970
f 13971 13972 13973
f 13974 13975 13976
f 13977 13978 13979
f 13980 13981 13982
f 13983 13984 13985
f 13986 13987 13988
f 13989 13990 13991
f 13992 13993 13994
f 13995 13996 13997
f 13998 13999 14000
f 14001 14002 14003
f 14004 14005 14006
f 14007 14008 14009
f 14010 14011 14012
f 14013 14014 14015
f 14016 14017 14018
f 14019 14020 14021
f 14022 14023 14024
f 14025 14026 14027
f 14028 14029 14030
f 14031 14032 14033
f 14030 14030 14034
f 14035 14036 14037
f 14038 14039 14040
f 14041 14042 14043
f 14044 14045 14046
f 14047 14048 14049
f 14050 14051 14052
f 14053 14054 14055
f 14056 14057 14058
f 14059 14060 14061
f 14062 14063 14064
f 14065 14066 14067
f 14068 14069 14070
f 14071 14072 14073
f 14074 14075 14076
f 14077 14078 14079
f 14080 14081 14082
f 10185 283 661
